country_name,country_code,wb_region,feature_year,target_year,actual_gdp_next_year,pred_ols,pred_ridge,pred_elastic_net,pred_random_forest,pred_xgboost,spec,split
Afghanistan,AFG,"Middle East, North Africa, Afghanistan & Pakistan",2018,2019,496.6025,524.5826,530.7157865328851,533.2791687983442,516.4590322099776,557.12317,Model 2,test
Afghanistan,AFG,"Middle East, North Africa, Afghanistan & Pakistan",2019,2020,510.7871,530.8835,537.3359158816937,539.4786321442539,525.1832196605452,553.26544,Model 2,test
Afghanistan,AFG,"Middle East, North Africa, Afghanistan & Pakistan",2020,2021,356.4962,544.2491,549.7691397498072,552.6403667553935,530.6866481886888,551.4026,Model 2,test
Afghanistan,AFG,"Middle East, North Africa, Afghanistan & Pakistan",2021,2022,357.2612,381.2038,385.99347870732703,387.9738160080623,419.31573813826384,402.83826,Model 2,test
Afghanistan,AFG,"Middle East, North Africa, Afghanistan & Pakistan",2022,2023,413.7579,387.9684,394.8231587734588,393.4556901703923,439.77311729155656,427.29865,Model 2,test
Angola,AGO,Sub-Saharan Africa ,2018,2019,2493.6788,2970.5844,2960.5055044665673,2982.673391522366,2855.817674362348,3000.7874,Model 2,test
Angola,AGO,Sub-Saharan Africa ,2019,2020,1759.3562,2595.2083,2592.598935360062,2611.306386902312,2649.5302968674223,2903.2542,Model 2,test
Angola,AGO,Sub-Saharan Africa ,2020,2021,2303.9081,1844.2808,1848.8380609410565,1857.4058096702472,1903.326804470653,2072.9644,Model 2,test
Angola,AGO,Sub-Saharan Africa ,2021,2022,3682.1132,2404.3545,2403.488965166356,2416.447562102546,2508.918489022583,1994.3491,Model 2,test
Angola,AGO,Sub-Saharan Africa ,2022,2023,2916.1366,3818.3341,3805.3250081259735,3832.0191319789337,3433.7241660732752,2981.4668,Model 2,test
Albania,ALB,Europe & Central Asia,2018,2019,6069.439,6253.3474,6346.067209488627,6284.459110052545,6494.174636911811,6424.149,Model 2,test
Albania,ALB,Europe & Central Asia,2019,2020,6027.9135,6430.5425,6528.858827360465,6466.655418879898,7110.532714897398,7084.4185,Model 2,test
Albania,ALB,Europe & Central Asia,2020,2021,7242.4551,6356.0106,6447.072713291476,6399.242814575569,6701.159031100399,6629.3247,Model 2,test
Albania,ALB,Europe & Central Asia,2021,2022,7756.9619,7582.3795,7678.864339066234,7639.129749989031,7847.067462234161,7970.917,Model 2,test
Albania,ALB,Europe & Central Asia,2022,2023,9730.8692,8155.0952,8272.287061356012,8205.137018870364,8615.095420423408,9201.738,Model 2,test
United Arab Emirates,ARE,"Middle East, North Africa, Afghanistan & Pakistan",2018,2019,45938.6074,48153.2645,48230.326488838706,48245.21136412747,49058.82393516491,47628.42,Model 2,test
United Arab Emirates,ARE,"Middle East, North Africa, Afghanistan & Pakistan",2019,2020,37991.7493,46898.4958,47007.63120250831,47063.87365991063,49346.49681712698,46934.03,Model 2,test
United Arab Emirates,ARE,"Middle East, North Africa, Afghanistan & Pakistan",2020,2021,44118.5047,38838.7373,38988.8207562512,39032.9331267743,40294.119033336334,42857.344,Model 2,test
United Arab Emirates,ARE,"Middle East, North Africa, Afghanistan & Pakistan",2021,2022,50759.7589,44689.0119,44656.19351342962,44877.721521597145,45005.26030215227,46136.86,Model 2,test
United Arab Emirates,ARE,"Middle East, North Africa, Afghanistan & Pakistan",2022,2023,49850.6872,51538.891,51490.91874075239,51633.77488594082,48917.87685216912,48281.574,Model 2,test
Argentina,ARG,Latin America & Caribbean ,2018,2019,9955.9748,12248.6896,12300.111598733616,12257.67772149448,12134.600254565736,11444.105,Model 2,test
Argentina,ARG,Latin America & Caribbean ,2019,2020,8535.5994,10455.4152,10513.809318752808,10425.056401096286,10216.36142349829,9636.453,Model 2,test
Argentina,ARG,Latin America & Caribbean ,2020,2021,10738.0179,8926.7798,8995.524556141076,8949.40863494694,8752.92983034499,9658.792,Model 2,test
Argentina,ARG,Latin America & Caribbean ,2021,2022,13962.1894,11146.2805,11182.226137295158,11150.03661553744,10608.299905957005,10717.657,Model 2,test
Argentina,ARG,Latin America & Caribbean ,2022,2023,14261.8466,14583.6607,14607.23827140404,14472.556394801844,12892.319281302403,12945.765,Model 2,test
Armenia,ARM,Europe & Central Asia,2018,2019,4597.2289,4431.0293,4499.793363122708,4468.942938692782,4424.559307616487,4752.6304,Model 2,test
Armenia,ARM,Europe & Central Asia,2019,2020,4268.6809,4855.0097,4927.421159334289,4892.7918360420845,4902.640148594341,5065.6084,Model 2,test
Armenia,ARM,Europe & Central Asia,2020,2021,4685.18,4471.0213,4535.683841808081,4521.209470074847,4546.130956906657,4697.323,Model 2,test
Armenia,ARM,Europe & Central Asia,2021,2022,6571.9745,4891.3327,4951.332363620834,4939.314173540461,5076.80492413934,5442.7637,Model 2,test
Armenia,ARM,Europe & Central Asia,2022,2023,8159.0872,6869.3412,6944.557920877466,6914.311008840329,6986.693025657238,6929.276,Model 2,test
Australia,AUS,East Asia & Pacific,2018,2019,55194.7585,58490.4384,58386.69268851608,58537.32126327776,56289.86021036237,57625.008,Model 2,test
Australia,AUS,East Asia & Pacific,2019,2020,51983.4524,56240.7708,56205.600542908265,56348.734489918665,54240.01850760152,54543.64,Model 2,test
Australia,AUS,East Asia & Pacific,2020,2021,60758.9044,53037.8618,53069.73969672391,53179.83530516536,52859.95026503756,51759.855,Model 2,test
Australia,AUS,East Asia & Pacific,2021,2022,65169.5191,61841.4108,61801.85028550559,61949.71335634113,59559.23043027901,60612.4,Model 2,test
Australia,AUS,East Asia & Pacific,2022,2023,65058.3773,66311.4527,66188.24809026191,66324.94002501297,66198.54091506574,66722.3,Model 2,test
Austria,AUT,Europe & Central Asia,2018,2019,49885.9947,52245.5231,52164.605761449704,52209.69909025419,51192.909527087555,52079.32,Model 2,test
Austria,AUT,Europe & Central Asia,2019,2020,48716.4099,50949.7184,50895.54984410621,50929.50986067019,50420.349240217955,51310.207,Model 2,test
Austria,AUT,Europe & Central Asia,2020,2021,53648.6438,49687.3581,49611.81945298753,49682.32940706875,50660.116882170085,51287.21,Model 2,test
Austria,AUT,Europe & Central Asia,2021,2022,52336.7725,54582.4908,54499.1322493083,54591.28814791775,51646.26973012304,52941.035,Model 2,test
Austria,AUT,Europe & Central Asia,2022,2023,56579.5042,53352.8715,53279.77461052079,53299.41391105679,51484.76457226303,54759.0,Model 2,test
Azerbaijan,AZE,Europe & Central Asia,2018,2019,4805.7537,4939.2322,4995.941882245663,5004.0334924046,5141.549894518878,5742.3535,Model 2,test
Azerbaijan,AZE,Europe & Central Asia,2019,2020,4229.9106,5009.1112,5068.4583921899675,5075.254824783038,5158.485388306807,6016.4653,Model 2,test
Azerbaijan,AZE,Europe & Central Asia,2020,2021,5408.0454,4382.0573,4429.667877678256,4449.680329227341,4489.863475875072,4943.0146,Model 2,test
Azerbaijan,AZE,Europe & Central Asia,2021,2022,7770.5942,5592.4849,5643.467771888888,5666.016779639377,5493.026127230527,6390.5225,Model 2,test
Azerbaijan,AZE,Europe & Central Asia,2022,2023,7133.0284,8060.2904,8131.104406394403,8132.074424687936,7608.886354070248,8705.818,Model 2,test
Burundi,BDI,Sub-Saharan Africa ,2018,2019,234.3106,266.0984,270.2266156722503,270.5047691709359,279.2599359637784,300.50314,Model 2,test
Burundi,BDI,Sub-Saharan Africa ,2019,2020,255.8325,254.2596,258.4846973928664,258.50744874304985,280.2413418829093,269.79294,Model 2,test
Burundi,BDI,Sub-Saharan Africa ,2020,2021,264.9804,278.0158,282.4270239477097,281.935722833538,295.6366439974062,293.12726,Model 2,test
Burundi,BDI,Sub-Saharan Africa ,2021,2022,302.9925,287.4884,291.8127405406816,291.4687786422065,313.8123161785136,295.68842,Model 2,test
Burundi,BDI,Sub-Saharan Africa ,2022,2023,250.6273,329.4772,334.1319101852509,332.854837220838,379.79725940990295,388.74274,Model 2,test
Belgium,BEL,Europe & Central Asia,2018,2019,46716.6227,48479.5789,48441.79145023533,48501.90703336969,49504.634518287814,49337.766,Model 2,test
Belgium,BEL,Europe & Central Asia,2019,2020,45906.2876,47728.7848,47730.53711976394,47776.59068622853,50022.7327239027,49824.6,Model 2,test
Belgium,BEL,Europe & Central Asia,2020,2021,51658.2383,46739.0274,46698.93601837244,46826.752403659426,48399.69112766946,47891.363,Model 2,test
Belgium,BEL,Europe & Central Asia,2021,2022,50605.7497,52640.8693,52605.352433642205,52683.97387518508,51889.43244431752,49209.62,Model 2,test
Belgium,BEL,Europe & Central Asia,2022,2023,55291.4755,51664.2032,51630.08296305367,51630.019911162155,49249.977113781104,49560.59,Model 2,test
Benin,BEN,Sub-Saharan Africa ,2018,2019,1130.8214,1205.2174,1205.9684843201603,1218.2270879651371,1177.3835823148277,1293.0989,Model 2,test
Benin,BEN,Sub-Saharan Africa ,2019,2020,1200.1943,1183.7144,1185.1530311677711,1197.0913300584943,1175.2276413750108,1297.4519,Model 2,test
Benin,BEN,Sub-Saharan Africa ,2020,2021,1318.6516,1256.1138,1257.5067277128696,1269.5726270556286,1218.98857907247,1301.335,Model 2,test
Benin,BEN,Sub-Saharan Africa ,2021,2022,1266.4271,1373.5023,1374.5470859326422,1390.1354793834682,1462.6047896796622,1450.704,Model 2,test
Benin,BEN,Sub-Saharan Africa ,2022,2023,1394.1778,1322.0131,1325.22854327056,1338.9726059596017,1274.994321300587,1324.8898,Model 2,test
Burkina Faso,BFA,Sub-Saharan Africa ,2018,2019,764.8531,821.1255,823.4737925939901,830.2833856619889,779.4824399759384,817.4967,Model 2,test
Burkina Faso,BFA,Sub-Saharan Africa ,2019,2020,825.237,807.2676,810.115248198348,817.5178921453344,744.3692823068886,775.8619,Model 2,test
Burkina Faso,BFA,Sub-Saharan Africa ,2020,2021,895.5353,870.7566,873.8149445914881,881.0711871506041,838.481154897453,855.7403,Model 2,test
Burkina Faso,BFA,Sub-Saharan Africa ,2021,2022,827.3308,941.9099,944.8350773846722,953.4430934224356,960.307319524812,854.3594,Model 2,test
Burkina Faso,BFA,Sub-Saharan Africa ,2022,2023,873.4826,873.7785,878.4220555005364,883.7542683713884,871.4061220651679,880.78973,Model 2,test
Bangladesh,BGD,South Asia,2018,2019,2129.799,2092.5185,2108.6192985543116,2112.7410870487165,2143.510177975624,2307.0938,Model 2,test
Bangladesh,BGD,South Asia,2019,2020,2248.8508,2264.9425,2283.664931605778,2288.072400860717,2273.9947955037396,2465.8662,Model 2,test
Bangladesh,BGD,South Asia,2020,2021,2482.8492,2378.9253,2396.985818706975,2406.3028744375597,2442.190818659431,2771.0232,Model 2,test
Bangladesh,BGD,South Asia,2021,2022,2716.4859,2618.042,2635.7837165577844,2648.7317652745724,2666.4946686219428,2920.7163,Model 2,test
Bangladesh,BGD,South Asia,2022,2023,2551.0177,2882.6821,2909.895041448843,2913.0799353999287,3000.680848271815,3284.9946,Model 2,test
Bulgaria,BGR,Europe & Central Asia,2018,2019,10353.7205,10228.2254,10268.185553355945,10271.48083094368,10504.638087256668,10462.326,Model 2,test
Bulgaria,BGR,Europe & Central Asia,2019,2020,10760.212,10740.1162,10783.2523873914,10788.767582966722,10648.297476235755,10822.194,Model 2,test
Bulgaria,BGR,Europe & Central Asia,2020,2021,12966.1458,11095.28,11121.686440266703,11157.384099450865,11104.811271529608,11264.876,Model 2,test
Bulgaria,BGR,Europe & Central Asia,2021,2022,13999.195,13245.2771,13234.82141238213,13321.696419821606,12501.712192707966,11641.064,Model 2,test
Bulgaria,BGR,Europe & Central Asia,2022,2023,15853.2086,14421.6056,14444.237375497334,14455.347182087142,13569.170014880585,12712.175,Model 2,test
Bahrain,BHR,"Middle East, North Africa, Afghanistan & Pakistan",2018,2019,27259.7439,27101.9385,27274.826899462343,27178.898658489565,26395.89195636837,29087.443,Model 2,test
Bahrain,BHR,"Middle East, North Africa, Afghanistan & Pakistan",2019,2020,24342.8445,28037.9247,28215.591863797985,28125.89991822799,27511.08363733324,31077.645,Model 2,test
Bahrain,BHR,"Middle East, North Africa, Afghanistan & Pakistan",2020,2021,27147.8084,24952.3256,25097.060026396553,25078.391533629947,25908.315238571355,26654.822,Model 2,test
Bahrain,BHR,"Middle East, North Africa, Afghanistan & Pakistan",2021,2022,30470.5219,27742.6072,27855.46078658453,27859.91476832575,27725.029826029346,29024.625,Model 2,test
Bahrain,BHR,"Middle East, North Africa, Afghanistan & Pakistan",2022,2023,29290.1284,31339.3069,31518.302381191756,31396.11677628559,30625.969981994745,33044.742,Model 2,test
"Bahamas, The",BHS,Latin America & Caribbean ,2018,2019,33640.337,33142.008,33035.16184510852,33050.92754289091,34392.687584369596,35533.168,Model 2,test
"Bahamas, The",BHS,Latin America & Caribbean ,2019,2020,26178.7538,33851.875,33684.13188987239,33831.19415749585,29402.768273581893,31151.56,Model 2,test
"Bahamas, The",BHS,Latin America & Caribbean ,2020,2021,30367.8606,26535.0241,26528.820099619512,26575.561691967938,25799.31708531003,26263.76,Model 2,test
"Bahamas, The",BHS,Latin America & Caribbean ,2021,2022,34957.1613,30553.192,30425.2557906593,30565.78730797956,25455.267648060508,27998.477,Model 2,test
"Bahamas, The",BHS,Latin America & Caribbean ,2022,2023,38231.7745,35444.1106,35371.143722554945,35374.0270123526,37412.650097526006,38929.984,Model 2,test
Bosnia and Herzegovina,BIH,Europe & Central Asia,2018,2019,6122.3754,6377.656,6470.344036234311,6421.657826433164,6668.813253179288,6400.1284,Model 2,test
Bosnia and Herzegovina,BIH,Europe & Central Asia,2019,2020,6130.3119,6445.1053,6532.672101122739,6490.79871864364,6858.699483675994,6493.6294,Model 2,test
Bosnia and Herzegovina,BIH,Europe & Central Asia,2020,2021,7295.3438,6423.8899,6506.388761988754,6478.8520812906145,6571.076407885002,6613.86,Model 2,test
Bosnia and Herzegovina,BIH,Europe & Central Asia,2021,2022,7655.5942,7595.5807,7670.242046939136,7653.524860012965,7464.152952819774,7951.6396,Model 2,test
Bosnia and Herzegovina,BIH,Europe & Central Asia,2022,2023,8663.0233,8028.5887,8120.856695126198,8063.399126726443,7972.523119879272,7588.745,Model 2,test
Belarus,BLR,Europe & Central Asia,2018,2019,6837.7734,6619.5272,6682.88446850248,6687.295150716186,6424.838009209106,6987.254,Model 2,test
Belarus,BLR,Europe & Central Asia,2019,2020,6542.8558,7104.2324,7171.486521738934,7178.535819198078,6925.4007292461465,8156.2153,Model 2,test
Belarus,BLR,Europe & Central Asia,2020,2021,7489.7189,6763.6625,6818.779706193112,6842.982615574654,6531.80473931933,7742.812,Model 2,test
Belarus,BLR,Europe & Central Asia,2021,2022,7994.6481,7728.0194,7781.338373520596,7807.856216181813,7422.07415064007,8776.651,Model 2,test
Belarus,BLR,Europe & Central Asia,2022,2023,7896.7539,8289.8033,8360.674576630163,8360.688467025697,7621.402718610388,8611.625,Model 2,test
Belize,BLZ,Latin America & Caribbean ,2018,2019,6171.6145,6297.1263,6337.760345644416,6302.621711532172,6264.6778335646095,6650.8994,Model 2,test
Belize,BLZ,Latin America & Caribbean ,2019,2020,5238.5408,6457.595,6504.930718876063,6469.8648744970915,6254.816457823061,6876.388,Model 2,test
Belize,BLZ,Latin America & Caribbean ,2020,2021,6142.9893,5475.572,5525.291319640743,5499.762505123546,5666.51969427126,6157.333,Model 2,test
Belize,BLZ,Latin America & Caribbean ,2021,2022,7068.2173,6388.6338,6438.107104756142,6416.047775767465,6280.735202434406,6823.24,Model 2,test
Belize,BLZ,Latin America & Caribbean ,2022,2023,7424.7582,7363.5932,7417.048449223908,7380.244005222763,7301.894134193566,7688.2666,Model 2,test
Bolivia,BOL,Latin America & Caribbean ,2018,2019,4203.1549,4368.8852,4372.073029464035,4399.513782505412,4327.8728008850285,4233.205,Model 2,test
Bolivia,BOL,Latin America & Caribbean ,2019,2020,3580.9676,4362.633,4368.928288138762,4396.953660813812,4345.142081766521,4245.5645,Model 2,test
Bolivia,BOL,Latin America & Caribbean ,2020,2021,4010.7605,3669.5813,3671.817828468956,3717.682126410673,3240.233880621812,3350.2964,Model 2,test
Bolivia,BOL,Latin America & Caribbean ,2021,2022,4219.4611,4080.8712,4075.856018649694,4139.008232537324,3645.461235569452,3619.9165,Model 2,test
Bolivia,BOL,Latin America & Caribbean ,2022,2023,4274.7082,4349.4517,4372.85332532056,4409.711220023524,4379.80816574039,4415.257,Model 2,test
Brazil,BRA,Latin America & Caribbean ,2018,2019,9029.833,9617.0311,9661.263102400217,9726.928218705843,9914.98080387958,10616.964,Model 2,test
Brazil,BRA,Latin America & Caribbean ,2019,2020,7074.1941,9338.5534,9391.168321144176,9453.90299939495,9809.000490422455,10490.391,Model 2,test
Brazil,BRA,Latin America & Caribbean ,2020,2021,7972.537,7309.1644,7369.04874997453,7425.7137603349665,7219.575279944526,8236.24,Model 2,test
Brazil,BRA,Latin America & Caribbean ,2021,2022,9281.3328,8202.2053,8244.314860099086,8317.728312094549,7938.010703168472,8990.492,Model 2,test
Brazil,BRA,Latin America & Caribbean ,2022,2023,10377.5898,9571.013,9619.485325287138,9690.23514625076,9719.164637683636,10064.505,Model 2,test
Barbados,BRB,Latin America & Caribbean ,2018,2019,21912.1501,22076.0118,22101.310114557775,21976.285603196375,21941.02369479312,22513.654,Model 2,test
Barbados,BRB,Latin America & Caribbean ,2019,2020,19194.492,22614.7991,22637.798916804037,22515.361123845258,21956.874478264548,23051.814,Model 2,test
Brunei Darussalam,BRN,East Asia & Pacific,2018,2019,30426.5731,31462.1847,31467.63334371485,31480.54620679782,31915.69745024907,34186.55,Model 2,test
Brunei Darussalam,BRN,East Asia & Pacific,2019,2020,26834.3592,30894.8701,30902.682802536387,30927.0774002522,31035.56385781827,31393.998,Model 2,test
Brunei Darussalam,BRN,East Asia & Pacific,2020,2021,31006.9636,27318.9688,27366.93499728482,27358.482642929503,28161.65309075438,28969.621,Model 2,test
Brunei Darussalam,BRN,East Asia & Pacific,2021,2022,36632.9281,31457.8261,31460.30298753716,31490.3592753585,32989.95116271807,33262.746,Model 2,test
Brunei Darussalam,BRN,East Asia & Pacific,2022,2023,32890.5492,36883.6261,36759.781037870416,36896.47928699399,33451.11314851699,35174.03,Model 2,test
Bhutan,BTN,South Asia,2018,2019,3576.8799,3581.3993,3624.5246070832463,3606.367365029508,3541.9620112048915,3812.4197,Model 2,test
Bhutan,BTN,South Asia,2019,2020,3191.6691,3757.7319,3809.085559832799,3791.912910862384,3958.2903185323703,4209.144,Model 2,test
Bhutan,BTN,South Asia,2020,2021,3570.6126,3362.1452,3414.709145524403,3394.321200556588,3400.4899154257173,3906.4146,Model 2,test
Bhutan,BTN,South Asia,2021,2022,3711.3277,3749.9831,3810.66833367441,3789.272226872145,3944.630090914922,5070.6157,Model 2,test
Bhutan,BTN,South Asia,2022,2023,3831.3254,3893.8812,3959.210766274253,3937.882994585698,3977.3292738383175,5229.704,Model 2,test
Botswana,BWA,Sub-Saharan Africa ,2018,2019,7172.0896,7611.0222,7586.345886144082,7624.148043906669,7863.784327088227,7257.824,Model 2,test
Botswana,BWA,Sub-Saharan Africa ,2019,2020,6323.2975,7381.9282,7370.150766179552,7400.378740800623,7344.499168399495,7173.562,Model 2,test
Botswana,BWA,Sub-Saharan Africa ,2020,2021,7807.8879,6524.2911,6529.085288458986,6550.5796781692325,6382.938127486378,6089.5283,Model 2,test
Botswana,BWA,Sub-Saharan Africa ,2021,2022,8328.7091,7944.6921,7903.124896446076,7969.748441100729,7841.481322705427,7995.76,Model 2,test
Botswana,BWA,Sub-Saharan Africa ,2022,2023,7826.3538,8585.7142,8586.599496853727,8595.581901179135,8413.471159963263,8647.522,Model 2,test
Central African Republic,CAF,Sub-Saharan Africa ,2018,2019,449.2285,477.4562,477.7936615479044,483.57499226771927,476.8384904866342,551.1492,Model 2,test
Central African Republic,CAF,Sub-Saharan Africa ,2019,2020,462.8791,447.0752,438.2307972817791,455.11032781866015,475.6678469188342,526.6088,Model 2,test
Central African Republic,CAF,Sub-Saharan Africa ,2022,2023,495.9789,449.8089,435.4898849981131,459.4460303016794,510.9629488744989,494.41788,Model 2,test
Canada,CAN,North America,2018,2019,46352.8693,47396.443,47391.88672553224,47578.91262336108,46639.98792918217,48686.246,Model 2,test
Canada,CAN,North America,2019,2020,43537.8393,47276.784,47268.198277080315,47431.421060179586,46352.4684996825,48248.113,Model 2,test
Canada,CAN,North America,2020,2021,52886.6616,44362.0898,44374.90176019631,44550.56718804123,43657.14042905104,42630.453,Model 2,test
Canada,CAN,North America,2021,2022,56256.8007,53723.1728,53633.813940470936,53873.93099057509,49875.69862281563,50828.19,Model 2,test
Canada,CAN,North America,2022,2023,54220.3285,57096.8629,56931.35744405729,57190.278136669425,50741.76950212858,52880.535,Model 2,test
Switzerland,CHE,Europe & Central Asia,2018,2019,84121.931,86549.6885,86236.35560019671,86306.4992761379,83120.86037875008,83709.42,Model 2,test
Switzerland,CHE,Europe & Central Asia,2019,2020,85897.7843,85448.7366,85182.17991808179,85251.907411827,82655.69099667283,83192.125,Model 2,test
Switzerland,CHE,Europe & Central Asia,2020,2021,93664.7737,86971.6592,86627.78291845701,86829.41686720322,82631.77797645984,82695.445,Model 2,test
Switzerland,CHE,Europe & Central Asia,2021,2022,94394.5107,94878.3098,94512.2289240712,94656.1259805869,81406.26889611993,83300.73,Model 2,test
Switzerland,CHE,Europe & Central Asia,2022,2023,100623.5496,95606.556,95213.49145974178,95344.59208963808,79813.7931970966,82030.55,Model 2,test
Chile,CHL,Latin America & Caribbean ,2018,2019,14495.7167,16255.1597,16388.588072686907,16366.874836308045,16128.726250249352,18396.59,Model 2,test
Chile,CHL,Latin America & Caribbean ,2019,2020,13114.8155,15057.993,15189.296969119643,15169.1850510538,15337.248618826552,17382.295,Model 2,test
Chile,CHL,Latin America & Caribbean ,2020,2021,16206.8325,13606.9754,13735.541425108211,13724.892016961794,14520.269887940629,16599.959,Model 2,test
Chile,CHL,Latin America & Caribbean ,2021,2022,15405.6166,16729.709,16849.1237545609,16860.36205571281,18892.355273556437,18946.0,Model 2,test
Chile,CHL,Latin America & Caribbean ,2022,2023,17067.0365,15951.0467,16077.388817689423,16056.51959479978,15378.541598686865,16590.857,Model 2,test
China,CHN,East Asia & Pacific,2018,2019,10342.901,10443.5297,10475.641404629872,10578.635556541234,10332.971131331578,11989.101,Model 2,test
China,CHN,East Asia & Pacific,2019,2020,10627.4638,10716.8546,10747.18692881457,10847.93825580871,10440.492941247718,11835.6,Model 2,test
China,CHN,East Asia & Pacific,2020,2021,12887.4357,10992.1495,11033.385529332283,11141.48690602278,10682.52818505805,12005.92,Model 2,test
China,CHN,East Asia & Pacific,2021,2022,12970.6056,13274.4516,13307.631781596314,13454.23845280616,13411.870501100722,14770.125,Model 2,test
China,CHN,East Asia & Pacific,2022,2023,12951.1782,13357.089,13396.810018461896,13541.712482874256,13574.118349370314,14779.509,Model 2,test
Cote d'Ivoire,CIV,Sub-Saharan Africa ,2018,2019,2141.7684,2194.0012,2188.7011728019047,2222.757803666615,2147.2595800018807,2106.591,Model 2,test
Cote d'Ivoire,CIV,Sub-Saharan Africa ,2019,2020,2179.7293,2208.476,2203.455857539747,2236.326428281284,2165.3782575417654,2106.6453,Model 2,test
Cote d'Ivoire,CIV,Sub-Saharan Africa ,2020,2021,2455.9813,2247.1795,2241.1333126606096,2274.347710133377,2231.7405808907256,2170.7117,Model 2,test
Cote d'Ivoire,CIV,Sub-Saharan Africa ,2021,2022,2333.3713,2528.8169,2519.224028101806,2556.4747185588267,2506.747483988577,2416.638,Model 2,test
Cote d'Ivoire,CIV,Sub-Saharan Africa ,2022,2023,2591.9659,2411.6522,2407.646748843097,2438.809912501651,2400.433489711212,2311.4653,Model 2,test
Cameroon,CMR,Sub-Saharan Africa ,2018,2019,1555.2266,1675.9187,1676.7285867321473,1696.383950381979,1752.675086755935,1690.572,Model 2,test
Cameroon,CMR,Sub-Saharan Africa ,2019,2020,1555.6037,1619.2215,1623.216687179729,1641.1840821906633,1768.1261455088195,1738.7882,Model 2,test
Cameroon,CMR,Sub-Saharan Africa ,2020,2021,1672.3266,1619.0047,1623.3008652271271,1641.4937786140058,1765.7175556662862,1730.6133,Model 2,test
Cameroon,CMR,Sub-Saharan Africa ,2021,2022,1604.8773,1735.3632,1738.1621530636892,1759.6044278665531,1793.0705607356374,1810.6255,Model 2,test
Cameroon,CMR,Sub-Saharan Africa ,2022,2023,1720.4751,1673.2334,1678.839379871646,1695.2681931793504,1775.236810956429,1718.4668,Model 2,test
"Congo, Rep.",COG,Sub-Saharan Africa ,2018,2019,2488.4247,2820.0801,2815.4265844808124,2825.732190152036,2931.4826270244876,3036.1016,Model 2,test
"Congo, Rep.",COG,Sub-Saharan Africa ,2019,2020,1993.5867,2597.4342,2593.3818112742824,2606.534531044176,2623.315851356303,3014.6587,Model 2,test
"Congo, Rep.",COG,Sub-Saharan Africa ,2020,2021,2516.1626,2092.2629,2098.7017597740546,2104.8225013425695,2174.7850150656086,2207.4106,Model 2,test
"Congo, Rep.",COG,Sub-Saharan Africa ,2021,2022,2620.838,2623.7828,2628.917454368127,2641.2173943713046,2687.7378815246293,2860.0103,Model 2,test
"Congo, Rep.",COG,Sub-Saharan Africa ,2022,2023,2477.9785,2730.608,2741.6655071296,2753.6297781173325,2823.3125056538943,2789.2444,Model 2,test
Colombia,COL,Latin America & Caribbean ,2018,2019,6472.5454,7130.8552,7189.133100557057,7195.94162844154,7334.078813250959,7726.908,Model 2,test
Colombia,COL,Latin America & Caribbean ,2019,2020,5339.6871,6779.1597,6841.033785604418,6843.853547729493,6897.644953746172,6895.478,Model 2,test
Colombia,COL,Latin America & Caribbean ,2020,2021,6222.6216,5574.416,5632.208859375041,5644.510212832797,5874.810292905597,6400.263,Model 2,test
Colombia,COL,Latin America & Caribbean ,2021,2022,6680.4451,6442.3421,6487.796598731615,6523.918652678286,6293.644389087391,6869.447,Model 2,test
Colombia,COL,Latin America & Caribbean ,2022,2023,7000.8366,6987.3973,7054.671878100126,7053.94854068726,7099.016848808786,6990.0596,Model 2,test
Comoros,COM,Sub-Saharan Africa ,2019,2020,1519.3467,1606.3002,1615.1733330045818,1609.3635653533831,1528.573129181568,1636.5323,Model 2,test
Comoros,COM,Sub-Saharan Africa ,2020,2021,1554.9729,1612.7143,1623.6386395829454,1619.2024555756375,1521.476035428548,1760.8497,Model 2,test
Comoros,COM,Sub-Saharan Africa ,2021,2022,1465.4796,1644.04,1656.2687548133176,1654.1816128982225,1719.4316371003467,1947.7228,Model 2,test
Comoros,COM,Sub-Saharan Africa ,2022,2023,1560.2738,1560.8979,1574.779847506367,1565.6908705482122,1600.6790790398609,1774.909,Model 2,test
Cabo Verde,CPV,Sub-Saharan Africa ,2018,2019,4380.7812,4546.2683,4607.428986605621,4563.723647581828,4511.169968213464,4902.004,Model 2,test
Cabo Verde,CPV,Sub-Saharan Africa ,2019,2020,3539.2266,4639.8508,4706.292292833302,4659.308952510921,4582.97601351707,5183.0513,Model 2,test
Cabo Verde,CPV,Sub-Saharan Africa ,2020,2021,3971.4441,3739.9287,3801.0154143883474,3768.556677400112,3870.509226128074,4879.741,Model 2,test
Cabo Verde,CPV,Sub-Saharan Africa ,2021,2022,4323.3136,4195.2374,4261.749545751532,4223.502138163147,4154.003353449657,5085.144,Model 2,test
Cabo Verde,CPV,Sub-Saharan Africa ,2022,2023,4794.9012,4581.5132,4657.888370140823,4604.41719739854,4632.243603503782,4908.0005,Model 2,test
Costa Rica,CRI,Latin America & Caribbean ,2018,2019,12884.686,13166.3853,13283.320724652112,13210.704316182111,13341.618743315255,14673.111,Model 2,test
Costa Rica,CRI,Latin America & Caribbean ,2019,2020,12394.0494,13451.1123,13591.054446009271,13518.883059843783,14243.76589048241,16143.286,Model 2,test
Costa Rica,CRI,Latin America & Caribbean ,2020,2021,12838.1185,12925.2761,13063.43777242598,12998.621034454847,13311.04309981084,14771.167,Model 2,test
Costa Rica,CRI,Latin America & Caribbean ,2021,2022,13625.9008,13320.6457,13438.327720161493,13401.868410643823,13696.257459403849,14597.672,Model 2,test
Costa Rica,CRI,Latin America & Caribbean ,2022,2023,16942.0268,14194.219,14320.263882816578,14246.18777092674,14462.161708604846,16965.424,Model 2,test
Cyprus,CYP,Europe & Central Asia,2018,2019,29227.1738,30113.6827,30262.04780949539,30075.04170167695,31049.611467585975,31978.344,Model 2,test
Cyprus,CYP,Europe & Central Asia,2019,2020,28130.3418,30193.5023,30343.809868494583,30175.743981589443,30599.593941394156,31558.438,Model 2,test
Cyprus,CYP,Europe & Central Asia,2020,2021,32937.8398,29023.9745,29199.346748865224,29053.8361713914,29363.989972781437,29874.854,Model 2,test
Cyprus,CYP,Europe & Central Asia,2021,2022,33231.043,33862.8774,33986.718442018406,33845.32353456711,36523.1245772753,35972.98,Model 2,test
Cyprus,CYP,Europe & Central Asia,2022,2023,36623.6914,34209.6044,34309.17525292525,34128.780740763745,37062.167463179554,36417.05,Model 2,test
Czechia,CZE,Europe & Central Asia,2018,2019,24062.719,24384.9031,24425.917889773664,24456.506476113173,24667.770025572365,24878.006,Model 2,test
Czechia,CZE,Europe & Central Asia,2019,2020,23472.8915,24761.4572,24804.004765914004,24827.489070428317,25308.413404386654,25353.781,Model 2,test
Czechia,CZE,Europe & Central Asia,2020,2021,27696.462,24102.9791,24128.471009373112,24176.99464235887,24279.608659199377,24749.65,Model 2,test
Czechia,CZE,Europe & Central Asia,2021,2022,28282.2237,28284.1197,28246.148763080713,28353.83628991485,27641.629338592385,28682.84,Model 2,test
Czechia,CZE,Europe & Central Asia,2022,2023,31761.5944,29069.8135,29069.954052837304,29053.258656954225,29395.16044012354,27578.389,Model 2,test
Germany,DEU,Europe & Central Asia,2018,2019,47656.1997,49672.6941,49495.06820424853,49847.03372768038,46042.0106376535,48652.875,Model 2,test
Germany,DEU,Europe & Central Asia,2019,2020,47394.8735,48447.9996,48315.46076290055,48636.769226729535,46088.306030684806,47666.316,Model 2,test
Germany,DEU,Europe & Central Asia,2020,2021,52349.246,48120.8132,47999.34615503127,48348.271756979186,46186.66137302319,48442.816,Model 2,test
Germany,DEU,Europe & Central Asia,2021,2022,50506.518,53047.5765,52855.99599099618,53250.0774564817,50750.07757673669,53082.594,Model 2,test
Germany,DEU,Europe & Central Asia,2022,2023,54776.7668,51237.9084,51052.98720026654,51396.34032181115,46206.86389791258,49015.48,Model 2,test
Djibouti,DJI,"Middle East, North Africa, Afghanistan & Pakistan",2018,2019,2837.169,2819.2605,2840.1996345086177,2847.5632898031627,2833.854463780945,2824.9534,Model 2,test
Djibouti,DJI,"Middle East, North Africa, Afghanistan & Pakistan",2019,2020,2844.8881,2944.0822,2965.889932749745,2971.2847846320165,2912.06975891949,3070.0452,Model 2,test
Djibouti,DJI,"Middle East, North Africa, Afghanistan & Pakistan",2020,2021,3025.9113,2948.3002,2970.8379178032287,2977.9457683774995,2931.7451875301786,3117.4338,Model 2,test
Djibouti,DJI,"Middle East, North Africa, Afghanistan & Pakistan",2021,2022,3133.2578,3128.0032,3149.6653378203873,3160.2765329433096,3134.486803902388,3420.359,Model 2,test
Djibouti,DJI,"Middle East, North Africa, Afghanistan & Pakistan",2022,2023,3381.2978,3252.6494,3280.142636083021,3282.636781733239,3368.1385934608984,3736.7524,Model 2,test
Denmark,DNK,Europe & Central Asia,2018,2019,59404.2663,62157.4719,62032.472105771725,62177.6011614924,61330.95691175406,64906.36,Model 2,test
Denmark,DNK,Europe & Central Asia,2019,2020,60985.4886,60308.425,60243.40640265409,60343.19794094145,60940.76064907283,60553.234,Model 2,test
Denmark,DNK,Europe & Central Asia,2020,2021,69340.7335,61924.2312,61839.50954820362,61933.63062727785,59881.85377701705,62972.066,Model 2,test
Denmark,DNK,Europe & Central Asia,2021,2022,67781.0941,70206.165,70028.21166508329,70180.08331441996,66911.49883180062,71237.914,Model 2,test
Denmark,DNK,Europe & Central Asia,2022,2023,68043.5467,68758.2812,68559.63462589266,68621.57846606421,66228.31507783735,70499.88,Model 2,test
Dominican Republic,DOM,Latin America & Caribbean ,2018,2019,8183.0162,8164.7408,8214.843735812976,8236.19347706705,7702.972931061668,8574.052,Model 2,test
Dominican Republic,DOM,Latin America & Caribbean ,2019,2020,7135.2227,8446.9519,8500.048298865413,8533.674560044477,7544.481957367851,8644.687,Model 2,test
Dominican Republic,DOM,Latin America & Caribbean ,2020,2021,8527.0755,7374.4773,7428.827451098219,7456.226524858669,7169.054935119042,8260.318,Model 2,test
Dominican Republic,DOM,Latin America & Caribbean ,2021,2022,10104.2449,8769.1596,8815.826078327627,8856.500440907972,8674.153092198523,10152.113,Model 2,test
Dominican Republic,DOM,Latin America & Caribbean ,2022,2023,10630.4317,10435.593,10490.611210339568,10512.925056546324,10282.151452787608,11054.593,Model 2,test
Algeria,DZA,"Middle East, North Africa, Afghanistan & Pakistan",2018,2019,4468.4534,4827.6351,4869.700613399756,4864.520317723746,4666.483033704812,4784.218,Model 2,test
Algeria,DZA,"Middle East, North Africa, Afghanistan & Pakistan",2019,2020,3743.542,4706.0473,4754.852949608994,4752.939486071819,4669.594229922125,4884.006,Model 2,test
Algeria,DZA,"Middle East, North Africa, Afghanistan & Pakistan",2020,2021,4160.5593,3923.9144,3967.54314307272,3975.8652061411217,3955.554120007575,4013.181,Model 2,test
Algeria,DZA,"Middle East, North Africa, Afghanistan & Pakistan",2021,2022,4960.3033,4371.2266,4429.740169780284,4427.867762187585,4477.352157825073,4674.3984,Model 2,test
Algeria,DZA,"Middle East, North Africa, Afghanistan & Pakistan",2022,2023,5370.4772,5207.4046,5274.2281510132525,5268.898131762524,5420.991007785557,5353.253,Model 2,test
Ecuador,ECU,Latin America & Caribbean ,2018,2019,6205.0577,6630.6003,6688.37767059556,6676.555764883657,6797.990037033919,6689.4355,Model 2,test
Ecuador,ECU,Latin America & Caribbean ,2019,2020,5463.6452,6527.1131,6587.19642509092,6574.80470544465,6790.76108170072,6713.3887,Model 2,test
Ecuador,ECU,Latin America & Caribbean ,2020,2021,6061.3235,5667.4827,5708.804568003862,5736.144974425659,5595.721930450967,5669.037,Model 2,test
Ecuador,ECU,Latin America & Caribbean ,2021,2022,6515.5853,6291.0533,6332.386972083871,6359.336311798438,6123.432686512026,6667.6465,Model 2,test
Ecuador,ECU,Latin America & Caribbean ,2022,2023,6737.8475,6824.7032,6890.826003167788,6884.901850281301,6932.077489085581,8071.062,Model 2,test
"Egypt, Arab Rep.",EGY,"Middle East, North Africa, Afghanistan & Pakistan",2018,2019,2962.9889,2622.3447,2644.4341606035027,2649.8794989177923,2694.567388077694,2865.7834,Model 2,test
"Egypt, Arab Rep.",EGY,"Middle East, North Africa, Afghanistan & Pakistan",2019,2020,3511.1138,3107.756,3134.9740749837574,3148.9671129017106,2916.116169283467,3196.9087,Model 2,test
"Egypt, Arab Rep.",EGY,"Middle East, North Africa, Afghanistan & Pakistan",2020,2021,3827.3542,3642.3793,3672.8357159725633,3704.891027100867,3757.004852305513,4067.9597,Model 2,test
"Egypt, Arab Rep.",EGY,"Middle East, North Africa, Afghanistan & Pakistan",2021,2022,4233.3078,3956.369,3982.6050407612465,4023.088200901718,3899.9305160123713,4250.616,Model 2,test
"Egypt, Arab Rep.",EGY,"Middle East, North Africa, Afghanistan & Pakistan",2022,2023,3456.7897,4400.7332,4432.894329647193,4460.312783427956,4472.704006859906,4247.63,Model 2,test
Spain,ESP,Europe & Central Asia,2018,2019,29786.5246,31562.5339,31719.716244875523,31705.966038634106,31083.589061462135,32053.361,Model 2,test
Spain,ESP,Europe & Central Asia,2019,2020,27233.9426,30725.9612,30922.1706445693,30908.127242746585,30427.233456794376,32182.836,Model 2,test
Spain,ESP,Europe & Central Asia,2020,2021,30799.4776,27998.8195,28173.502914501092,28213.68693979196,28102.04170562225,29349.65,Model 2,test
Spain,ESP,Europe & Central Asia,2021,2022,30319.4987,31696.4324,31884.18253127174,31886.864008027744,30512.179024782457,32784.895,Model 2,test
Spain,ESP,Europe & Central Asia,2022,2023,33493.2225,31247.2921,31426.42514891251,31398.07355179756,30273.443648355587,32044.406,Model 2,test
Estonia,EST,Europe & Central Asia,2018,2019,24021.2501,24293.0208,24391.1230705635,24324.111239025533,24516.6017608206,25205.082,Model 2,test
Estonia,EST,Europe & Central Asia,2019,2020,23933.9939,24713.0908,24821.649814021643,24752.5388317557,25398.2702949115,26815.348,Model 2,test
Estonia,EST,Europe & Central Asia,2020,2021,27951.1659,24609.8226,24721.052829764565,24661.78301170233,25505.709276073805,24178.055,Model 2,test
Estonia,EST,Europe & Central Asia,2021,2022,28340.3827,28570.3926,28609.36192472003,28590.33105849901,28160.26695016258,29768.146,Model 2,test
Estonia,EST,Europe & Central Asia,2022,2023,30264.0065,29136.3853,29182.593482435925,29039.19462339842,28534.394742719916,28246.557,Model 2,test
Ethiopia,ETH,Sub-Saharan Africa ,2018,2019,793.4732,791.2706,797.8388740955386,800.5086554061604,829.0141660225428,856.0227,Model 2,test
Ethiopia,ETH,Sub-Saharan Africa ,2019,2020,829.791,849.1814,856.0086076793103,858.2735893618441,853.3278699408747,849.0618,Model 2,test
Ethiopia,ETH,Sub-Saharan Africa ,2020,2021,893.0098,888.8709,895.7633644823359,897.1067613394957,918.6603356839596,840.6867,Model 2,test
Ethiopia,ETH,Sub-Saharan Africa ,2021,2022,982.1032,955.294,961.218372521132,962.418639105134,972.868669251155,919.70966,Model 2,test
Ethiopia,ETH,Sub-Saharan Africa ,2022,2023,1055.8109,1054.6415,1061.7578308211928,1059.9386579211596,1004.1429732243926,977.9019,Model 2,test
Finland,FIN,Europe & Central Asia,2018,2019,48358.1808,50716.6437,50697.16739754851,50679.59566601236,49526.51090377906,49428.8,Model 2,test
Finland,FIN,Europe & Central Asia,2019,2020,48828.6847,49437.8102,49447.18329190128,49414.89336275091,48875.06174508548,49279.035,Model 2,test
Finland,FIN,Europe & Central Asia,2020,2021,53099.1351,49864.2435,49895.30387952132,49878.74585761635,48986.917799691466,49113.367,Model 2,test
Finland,FIN,Europe & Central Asia,2021,2022,50440.5602,54159.6146,54147.49818744318,54131.1751561407,53202.518162577966,53791.816,Model 2,test
Finland,FIN,Europe & Central Asia,2022,2023,52834.2917,51468.2861,51432.84572668922,51399.11370826457,49029.093535486754,49496.21,Model 2,test
Fiji,FJI,East Asia & Pacific,2018,2019,5842.0734,6277.7587,6280.6629808436,6299.880702864958,6202.829509567281,6149.2056,Model 2,test
Fiji,FJI,East Asia & Pacific,2019,2020,4620.6457,6021.1205,6032.459991484538,6054.227637615785,6037.995734408429,6162.4907,Model 2,test
Fiji,FJI,East Asia & Pacific,2020,2021,4536.7331,4770.2176,4795.124392805119,4813.3076263822495,5257.355325907754,5366.2466,Model 2,test
Fiji,FJI,East Asia & Pacific,2021,2022,5414.1209,4663.144,4679.730477867839,4706.009670294294,4974.085131209507,5236.4614,Model 2,test
Fiji,FJI,East Asia & Pacific,2022,2023,5926.2059,5583.5908,5607.631097015603,5622.316060269886,5596.340652045799,6141.6685,Model 2,test
France,FRA,Europe & Central Asia,2018,2019,40408.2849,42432.3589,42418.649665801975,42541.317614752355,42211.37407006139,43146.832,Model 2,test
France,FRA,Europe & Central Asia,2019,2020,39169.8606,41410.7979,41421.8452322626,41541.93879344013,41527.415031740224,42766.785,Model 2,test
France,FRA,Europe & Central Asia,2020,2021,43725.1,40078.028,40083.15036038003,40237.3072202375,40134.763738463174,41662.145,Model 2,test
France,FRA,Europe & Central Asia,2021,2022,40988.6396,44669.954,44642.47688347189,44818.90989187957,44365.66354842545,44037.62,Model 2,test
France,FRA,Europe & Central Asia,2022,2023,44700.1384,41947.4638,41925.75121818305,42057.41289279664,42444.35484957774,42433.445,Model 2,test
Gabon,GAB,Sub-Saharan Africa ,2018,2019,7441.1786,7829.4945,7820.271068430911,7853.711291587126,8007.9960527901485,7969.161,Model 2,test
Gabon,GAB,Sub-Saharan Africa ,2019,2020,6605.8035,7638.2271,7639.297268872522,7674.550354394641,7747.676727598849,7628.3345,Model 2,test
Gabon,GAB,Sub-Saharan Africa ,2020,2021,8181.4091,6780.9807,6794.012472093125,6827.451320121309,6781.974572715216,7219.614,Model 2,test
Gabon,GAB,Sub-Saharan Africa ,2021,2022,8409.2074,8362.8858,8364.071900160066,8414.561059931742,8003.79862563855,8431.847,Model 2,test
Gabon,GAB,Sub-Saharan Africa ,2022,2023,7802.8243,8608.71,8614.144353536465,8656.137696232381,8476.35140560196,9234.036,Model 2,test
United Kingdom,GBR,Europe & Central Asia,2018,2019,43158.7411,44491.9543,44435.20873168578,44687.057360783874,45337.90690928074,45760.58,Model 2,test
United Kingdom,GBR,Europe & Central Asia,2019,2020,40812.6795,43934.925,43902.01611091037,44154.672957844545,44224.39802834576,44366.72,Model 2,test
United Kingdom,GBR,Europe & Central Asia,2020,2021,47691.3769,41447.526,41416.38611297126,41708.54412608791,42818.494657276126,44132.176,Model 2,test
United Kingdom,GBR,Europe & Central Asia,2021,2022,47057.0432,48345.1702,48261.331449384474,48599.798196534684,46445.421004559415,48909.67,Model 2,test
United Kingdom,GBR,Europe & Central Asia,2022,2023,49944.4702,47833.1382,47752.36346783332,48008.18135127866,45680.77743414007,47930.34,Model 2,test
Georgia,GEO,Europe & Central Asia,2018,2019,4741.2833,5045.4102,5099.560592076117,5081.601914908165,4991.789049027247,5579.577,Model 2,test
Georgia,GEO,Europe & Central Asia,2019,2020,4300.857,4978.891,5038.293799668951,5018.78886763099,4974.348244663933,5873.822,Model 2,test
Georgia,GEO,Europe & Central Asia,2020,2021,5083.607,4513.1131,4571.199215850881,4555.9000819833345,4536.420326714192,4823.2124,Model 2,test
Georgia,GEO,Europe & Central Asia,2021,2022,6729.8466,5295.3959,5347.320022149301,5341.449670412698,5329.646765492573,5216.7427,Model 2,test
Georgia,GEO,Europe & Central Asia,2022,2023,8283.6696,7021.2114,7090.786132521872,7066.41408734203,6965.775308422914,7252.455,Model 2,test
Ghana,GHA,Sub-Saharan Africa ,2018,2019,2186.6582,2285.2633,2290.6239730834163,2311.3574997891055,2324.8647287379595,2252.132,Model 2,test
Ghana,GHA,Sub-Saharan Africa ,2019,2020,2195.4548,2288.7219,2286.559480630057,2304.120735936184,2288.558038105796,2237.523,Model 2,test
Ghana,GHA,Sub-Saharan Africa ,2020,2021,2445.1866,2277.2551,2290.525438523512,2312.401969456171,2326.2146153285435,2297.9722,Model 2,test
Ghana,GHA,Sub-Saharan Africa ,2021,2022,2229.8912,2527.863,2542.5203752972984,2568.9514621605736,2565.7755258525963,2428.5107,Model 2,test
Ghana,GHA,Sub-Saharan Africa ,2022,2023,2383.9041,2326.8487,2343.188376595133,2352.8905783321347,2349.0528692371045,2400.03,Model 2,test
Guinea,GIN,Sub-Saharan Africa ,2018,2019,1031.3415,980.1036,982.5123284152376,990.3995622583344,1000.3203257124808,970.19324,Model 2,test
Guinea,GIN,Sub-Saharan Africa ,2019,2020,1053.661,1081.4764,1083.8544198007,1092.8099528669463,1126.563290645062,996.2117,Model 2,test
Guinea,GIN,Sub-Saharan Africa ,2020,2021,1244.9655,1104.0891,1106.727344618639,1115.8378795071,1148.093886099802,1094.7074,Model 2,test
Guinea,GIN,Sub-Saharan Africa ,2021,2022,1416.5961,1300.7643,1302.1906686149434,1313.4704459135255,1336.4945449457891,1269.9645,Model 2,test
Guinea,GIN,Sub-Saharan Africa ,2022,2023,1555.4938,1478.9443,1481.0028531010362,1493.755873577075,1618.3974446098032,1571.875,Model 2,test
"Gambia, The",GMB,Sub-Saharan Africa ,2018,2019,738.1868,744.5326,754.0262332576226,752.3834394469629,753.7586245195387,800.4782,Model 2,test
"Gambia, The",GMB,Sub-Saharan Africa ,2019,2020,720.3351,788.9749,799.2927481531528,797.3857171785967,830.6941120697621,1032.9012,Model 2,test
"Gambia, The",GMB,Sub-Saharan Africa ,2020,2021,781.8909,769.0545,780.0856674899769,778.5229734036079,786.9784721157295,996.11383,Model 2,test
"Gambia, The",GMB,Sub-Saharan Africa ,2021,2022,836.2449,831.5888,843.1524631472051,842.3601801645135,826.5232401007919,941.5155,Model 2,test
"Gambia, The",GMB,Sub-Saharan Africa ,2022,2023,883.0241,890.2366,903.8123215882048,901.6235303829666,932.3336468510196,1162.3531,Model 2,test
Guinea-Bissau,GNB,Sub-Saharan Africa ,2018,2019,811.2164,858.665,864.5887135404229,866.0183151178627,838.3902481252293,861.22565,Model 2,test
Guinea-Bissau,GNB,Sub-Saharan Africa ,2019,2020,846.9159,862.0758,868.7131073872683,869.843737144382,863.5966992260554,875.49365,Model 2,test
Guinea-Bissau,GNB,Sub-Saharan Africa ,2020,2021,926.7809,897.1394,903.3083299583038,905.525666548086,842.0630162343363,957.69293,Model 2,test
Guinea-Bissau,GNB,Sub-Saharan Africa ,2021,2022,883.1991,980.5741,987.2132657273302,989.5777182069484,984.6913166617308,1072.82,Model 2,test
Guinea-Bissau,GNB,Sub-Saharan Africa ,2022,2023,988.0879,940.668,949.7711155757504,948.3238913316584,977.5787888647586,998.914,Model 2,test
Equatorial Guinea,GNQ,Sub-Saharan Africa ,2018,2019,6804.1492,8251.747,8149.734256283614,8237.137288075663,8458.398145681935,6988.527,Model 2,test
Equatorial Guinea,GNQ,Sub-Saharan Africa ,2019,2020,5764.055,6926.1604,6878.320497628182,6951.063047959262,7448.932774902561,6245.7915,Model 2,test
Equatorial Guinea,GNQ,Sub-Saharan Africa ,2020,2021,6945.6307,5878.7329,5852.204154865694,5908.819663361352,6243.143955432582,5310.616,Model 2,test
Equatorial Guinea,GNQ,Sub-Saharan Africa ,2021,2022,7589.2996,7051.0655,7014.587482950389,7094.696683828144,7198.84303421066,5989.324,Model 2,test
Equatorial Guinea,GNQ,Sub-Saharan Africa ,2022,2023,6677.7934,7711.2627,7676.46586355157,7752.595640492349,7947.646250109401,7250.7124,Model 2,test
Greece,GRC,Europe & Central Asia,2018,2019,19335.3602,20675.5655,20809.654922194768,20716.40019189116,20998.369551154938,21062.969,Model 2,test
Greece,GRC,Europe & Central Asia,2019,2020,17886.7332,20100.4992,20241.399367667826,20161.32853089209,20512.458849799,20969.53,Model 2,test
Greece,GRC,Europe & Central Asia,2020,2021,20654.7002,18585.6058,18730.442930700905,18669.070744843124,19305.913594547183,19808.615,Model 2,test
Greece,GRC,Europe & Central Asia,2021,2022,20886.5243,21356.2882,21462.91376730448,21427.804982317994,21309.06263894194,23103.36,Model 2,test
Greece,GRC,Europe & Central Asia,2022,2023,23343.7104,21656.1862,21783.453958846756,21697.84459364429,21718.18899888577,23551.08,Model 2,test
Guatemala,GTM,Latin America & Caribbean ,2018,2019,4511.9984,4563.2296,4578.584182444099,4588.554686981472,4366.994552926077,4227.952,Model 2,test
Guatemala,GTM,Latin America & Caribbean ,2019,2020,4477.6179,4725.4057,4742.656529688009,4753.867009703383,4754.353711846786,4578.832,Model 2,test
Guatemala,GTM,Latin America & Caribbean ,2020,2021,4912.6224,4666.2354,4678.593227466978,4700.438813202806,4706.430972620865,4556.3115,Model 2,test
Guatemala,GTM,Latin America & Caribbean ,2021,2022,5358.7016,5081.6431,5081.819710239775,5121.246984034225,5265.949028494716,5066.778,Model 2,test
Guatemala,GTM,Latin America & Caribbean ,2022,2023,5758.3276,5580.798,5598.666273374418,5618.167319789178,5501.021922126086,5563.2812,Model 2,test
Guyana,GUY,Latin America & Caribbean ,2018,2019,6405.8244,6279.778,6291.374951266692,6289.271017389058,6217.413867704175,6534.157,Model 2,test
Guyana,GUY,Latin America & Caribbean ,2019,2020,6775.7094,6639.2566,6656.596403154968,6655.82208103628,6622.9342967366465,6720.8066,Model 2,test
Guyana,GUY,Latin America & Caribbean ,2020,2021,9860.8701,6978.11,6994.202013752315,7009.885574233683,7124.671189371365,7139.1514,Model 2,test
Guyana,GUY,Latin America & Caribbean ,2021,2022,17913.4928,9993.5266,9957.775753312098,10035.065839440773,9854.276859726311,9390.854,Model 2,test
Guyana,GUY,Latin America & Caribbean ,2022,2023,20473.7002,18207.0793,18149.080093848897,18213.467240953247,16521.796527085575,17713.082,Model 2,test
"Hong Kong SAR, China",HKG,East Asia & Pacific,2018,2019,48359.0012,49965.3569,50096.739550271326,49923.72016164852,48870.60137859947,49766.145,Model 2,test
"Hong Kong SAR, China",HKG,East Asia & Pacific,2019,2020,46109.23,49812.0963,49969.59555942322,49776.93435159541,48400.60026133504,49380.086,Model 2,test
"Hong Kong SAR, China",HKG,East Asia & Pacific,2020,2021,49770.5642,47532.9914,47746.330636976534,47550.18036046984,48695.98589452088,47857.85,Model 2,test
"Hong Kong SAR, China",HKG,East Asia & Pacific,2021,2022,48825.8442,51255.4381,51449.41000250137,51240.42850001019,50594.486415125066,51713.03,Model 2,test
"Hong Kong SAR, China",HKG,East Asia & Pacific,2022,2023,50562.3633,50038.6506,50159.095354701894,50074.28342873545,50643.59509033033,51687.293,Model 2,test
Honduras,HND,Latin America & Caribbean ,2018,2019,2502.3274,2618.5717,2642.610387049203,2635.1783329718655,2730.165406932531,2810.4253,Model 2,test
Honduras,HND,Latin America & Caribbean ,2019,2020,2307.6149,2656.6236,2682.496914312838,2675.2960771827943,2723.3885767582815,2829.7217,Model 2,test
Honduras,HND,Latin America & Caribbean ,2020,2021,2735.1475,2441.4624,2467.8837616343785,2464.569328190785,2480.6834371237655,2637.29,Model 2,test
Honduras,HND,Latin America & Caribbean ,2021,2022,3003.29,2871.6812,2896.4191328151915,2900.6770401860867,2896.4857924098046,3102.3528,Model 2,test
Honduras,HND,Latin America & Caribbean ,2022,2023,3227.4576,3173.9837,3211.1605008321817,3201.830015093662,2997.9921637485527,3254.0232,Model 2,test
Croatia,HRV,Europe & Central Asia,2018,2019,15563.5987,16018.9062,16099.816036564276,16065.869514578775,15649.946135124675,15491.747,Model 2,test
Croatia,HRV,Europe & Central Asia,2019,2020,14807.5609,16119.8928,16213.755703654604,16181.99910839277,15854.950531430495,15541.274,Model 2,test
Croatia,HRV,Europe & Central Asia,2020,2021,17788.7866,15323.2174,15408.627177642213,15388.750523865132,15085.12138910008,15028.826,Model 2,test
Croatia,HRV,Europe & Central Asia,2021,2022,18465.5414,18298.6813,18355.027419825183,18363.028531055403,19083.15288804855,18978.895,Model 2,test
Croatia,HRV,Europe & Central Asia,2022,2023,22184.2279,19075.9721,19145.48083321674,19095.72443906748,18711.38773809033,18486.6,Model 2,test
Haiti,HTI,Latin America & Caribbean ,2018,2019,1352.172,1576.0898,1585.1311307113576,1589.1470512683677,1568.554041720242,1506.4491,Model 2,test
Haiti,HTI,Latin America & Caribbean ,2019,2020,1290.3254,1428.8352,1439.303754587242,1440.1661424642496,1484.116603830192,1511.0045,Model 2,test
Haiti,HTI,Latin America & Caribbean ,2020,2021,1841.3319,1362.9645,1373.6334957827871,1374.0181772117407,1264.9625002482048,1260.875,Model 2,test
Haiti,HTI,Latin America & Caribbean ,2021,2022,1760.6264,1922.598,1930.376851721185,1939.6818087767103,1796.9976115035706,1665.3092,Model 2,test
Haiti,HTI,Latin America & Caribbean ,2022,2023,1705.7581,1852.452,1863.302112569572,1862.2692012506957,1733.657728653876,1659.3722,Model 2,test
Hungary,HUN,Europe & Central Asia,2018,2019,17012.8599,17081.7122,17107.354627911638,17154.029287291854,18821.28080375414,17842.885,Model 2,test
Hungary,HUN,Europe & Central Asia,2019,2020,16386.9309,17490.1548,17529.16054931216,17575.777462809016,19112.84316654671,18096.355,Model 2,test
Hungary,HUN,Europe & Central Asia,2020,2021,19030.6281,16802.2294,16844.74594604555,16908.716414923325,18572.61195209951,17749.861,Model 2,test
Hungary,HUN,Europe & Central Asia,2021,2022,18428.0288,19388.2988,19393.5051854663,19508.70311371028,19509.446552752102,18102.035,Model 2,test
Hungary,HUN,Europe & Central Asia,2022,2023,22230.6278,18915.8372,18955.415178845433,18983.27721613729,19354.17727171408,18871.578,Model 2,test
Indonesia,IDN,East Asia & Pacific,2018,2019,4106.9486,4023.2034,4028.2341286854257,4067.888871523703,3898.9475801348735,3970.267,Model 2,test
Indonesia,IDN,East Asia & Pacific,2019,2020,3853.7029,4270.0093,4279.418808992857,4323.618019611938,4062.326513253623,4110.741,Model 2,test
Indonesia,IDN,East Asia & Pacific,2020,2021,4287.1731,3988.8546,3998.505687731225,4048.669781878174,3820.092496475699,4116.0728,Model 2,test
Indonesia,IDN,East Asia & Pacific,2021,2022,4730.8348,4405.1985,4411.419170461075,4479.0272948530055,4494.3080656862085,4607.418,Model 2,test
Indonesia,IDN,East Asia & Pacific,2022,2023,4876.3077,4893.9645,4916.584503188187,4970.874667000865,5240.6004871590285,5619.65,Model 2,test
India,IND,South Asia,2018,2019,2041.4286,2078.7172,2086.985558019173,2105.536521285887,2144.0406064910826,2257.0117,Model 2,test
India,IND,South Asia,2019,2020,1907.0425,2153.7879,2165.6175648835138,2185.817353459008,2287.717440080342,2387.1704,Model 2,test
India,IND,South Asia,2020,2021,2239.6138,2006.4457,2022.5075389810047,2042.3467474376437,2076.422866395462,2282.1296,Model 2,test
India,IND,South Asia,2021,2022,2347.4483,2328.7963,2339.0632847768316,2373.982905705936,2553.584331095151,2623.876,Model 2,test
India,IND,South Asia,2022,2023,2530.1203,2463.5312,2486.7590420010733,2510.931380778292,2544.5494221002796,2614.786,Model 2,test
Ireland,IRL,Europe & Central Asia,2018,2019,81827.6689,81978.7957,81565.8864983873,81645.83200610534,85212.42228118221,81686.74,Model 2,test
Ireland,IRL,Europe & Central Asia,2019,2020,86514.0706,83112.171,82716.56223445234,82750.6658193292,85973.38244620897,83148.82,Model 2,test
Ireland,IRL,Europe & Central Asia,2020,2021,103783.4463,87600.527,87199.68746849414,87328.96564465552,85859.4697466383,84700.766,Model 2,test
Ireland,IRL,Europe & Central Asia,2021,2022,105190.686,104737.4044,104074.27026092802,104276.59094035694,96615.38064314103,93296.664,Model 2,test
Ireland,IRL,Europe & Central Asia,2022,2023,106818.9171,106316.9833,105641.65174188351,105720.03738788737,94786.94845348944,96768.41,Model 2,test
"Iran, Islamic Rep.",IRN,"Middle East, North Africa, Afghanistan & Pakistan",2018,2019,3997.4935,5042.1729,5103.2017051139,5090.560020220486,5315.378275732849,5212.342,Model 2,test
"Iran, Islamic Rep.",IRN,"Middle East, North Africa, Afghanistan & Pakistan",2019,2020,3202.5,4252.0165,4309.3446886757765,4274.35353247211,4153.738029758241,4138.4766,Model 2,test
"Iran, Islamic Rep.",IRN,"Middle East, North Africa, Afghanistan & Pakistan",2020,2021,4605.1488,3385.3811,3431.7228476165915,3420.366605683927,3361.638296184407,3454.4219,Model 2,test
"Iran, Islamic Rep.",IRN,"Middle East, North Africa, Afghanistan & Pakistan",2021,2022,4721.2044,4845.8685,4892.722155734815,4873.319272511859,5174.935660173026,4890.1064,Model 2,test
"Iran, Islamic Rep.",IRN,"Middle East, North Africa, Afghanistan & Pakistan",2022,2023,5049.2993,5000.6201,5066.064353688069,5028.33127706546,5586.91096682074,5718.1387,Model 2,test
Iraq,IRQ,"Middle East, North Africa, Afghanistan & Pakistan",2018,2019,5671.8569,5882.7602,5881.468522916412,5911.781498119999,5874.1865863910425,5633.5474,Model 2,test
Iraq,IRQ,"Middle East, North Africa, Afghanistan & Pakistan",2019,2020,4295.1895,5895.1948,5905.539174585994,5939.283970056472,5955.835746542649,5489.031,Model 2,test
Iraq,IRQ,"Middle East, North Africa, Afghanistan & Pakistan",2020,2021,4868.4943,4458.8966,4479.424053915163,4509.91752769043,4474.563921704659,4307.9624,Model 2,test
Iraq,IRQ,"Middle East, North Africa, Afghanistan & Pakistan",2021,2022,6520.7315,5050.4718,5082.017975122569,5109.565397786282,5232.731681587995,5696.9214,Model 2,test
Iraq,IRQ,"Middle East, North Africa, Afghanistan & Pakistan",2022,2023,5965.3184,6729.7501,6777.541260248774,6818.782965654983,6679.464627550672,7354.773,Model 2,test
Iceland,ISL,Europe & Central Asia,2018,2019,69296.3144,77127.7728,77102.26554089345,76652.95293576384,80758.89513361051,81219.66,Model 2,test
Iceland,ISL,Europe & Central Asia,2019,2020,60127.9394,70820.8863,70889.66807092991,70419.84146801582,70703.8031437994,72166.78,Model 2,test
Iceland,ISL,Europe & Central Asia,2020,2021,70425.4064,61579.9981,61731.06172486385,61287.75475332839,63133.34484747571,61543.246,Model 2,test
Iceland,ISL,Europe & Central Asia,2021,2022,76350.455,71973.2567,72046.49166666462,71541.1426853214,71057.06351528651,71015.695,Model 2,test
Iceland,ISL,Europe & Central Asia,2022,2023,82138.7893,77829.9852,77705.73956011866,77230.92348209483,80419.15550623748,83044.53,Model 2,test
Israel,ISR,"Middle East, North Africa, Afghanistan & Pakistan",2018,2019,44250.6314,43519.9257,43551.44335267244,43501.607794318435,43240.10591901835,46148.39,Model 2,test
Israel,ISR,"Middle East, North Africa, Afghanistan & Pakistan",2019,2020,44575.5719,45392.4121,45428.84056314405,45395.213479182064,44696.26621633461,47449.34,Model 2,test
Israel,ISR,"Middle East, North Africa, Afghanistan & Pakistan",2020,2021,52270.904,45648.5083,45705.20126584069,45704.51438964172,44690.75002596913,47033.01,Model 2,test
Israel,ISR,"Middle East, North Africa, Afghanistan & Pakistan",2021,2022,54949.6216,53386.8683,53361.960889780894,53381.304093397055,54434.66857934639,56236.305,Model 2,test
Israel,ISR,"Middle East, North Africa, Afghanistan & Pakistan",2022,2023,52003.7201,56124.9106,56084.56272831149,56078.44312549249,52337.99983342421,53992.773,Model 2,test
Italy,ITA,Europe & Central Asia,2018,2019,33812.7887,35987.9877,36022.07419593374,36046.89616640506,37011.70513633101,37769.965,Model 2,test
Italy,ITA,Europe & Central Asia,2019,2020,32091.4867,34943.4858,34951.606533143684,34957.40282857054,36056.53625798291,35414.73,Model 2,test
Italy,ITA,Europe & Central Asia,2020,2021,36852.5425,33059.7142,33054.35182528883,33118.4126758283,32918.846764709815,33277.816,Model 2,test
Italy,ITA,Europe & Central Asia,2021,2022,35653.9042,37899.0919,37886.34755089738,37950.756209966785,38601.16761020437,38852.465,Model 2,test
Italy,ITA,Europe & Central Asia,2022,2023,39277.0839,36668.4896,36720.933979356305,36748.751826479,37257.95418641381,39669.54,Model 2,test
Jamaica,JAM,Latin America & Caribbean ,2018,2019,6030.689,6213.5688,6254.082470609557,6256.38812382283,6227.230681396701,6568.608,Model 2,test
Jamaica,JAM,Latin America & Caribbean ,2019,2020,5299.0453,6263.8653,6306.221318558236,6310.320897663953,6199.426427845708,6256.713,Model 2,test
Jamaica,JAM,Latin America & Caribbean ,2020,2021,5625.6781,5509.9239,5559.64061283933,5560.186587320495,5441.958036171989,5832.393,Model 2,test
Jamaica,JAM,Latin America & Caribbean ,2021,2022,6626.475,5801.7974,5841.786937476679,5862.890074603969,5815.754609835654,6585.8574,Model 2,test
Jamaica,JAM,Latin America & Caribbean ,2022,2023,7542.4008,6858.6467,6913.972888520007,6917.971452491457,6675.466856442833,7484.043,Model 2,test
Jordan,JOR,"Middle East, North Africa, Afghanistan & Pakistan",2018,2019,4170.1144,4384.1574,4450.049945374137,4425.158172499568,4375.768400018645,4595.2495,Model 2,test
Jordan,JOR,"Middle East, North Africa, Afghanistan & Pakistan",2019,2020,4022.0401,4404.6286,4476.051222279056,4454.7150782059425,4528.309166514298,4987.849,Model 2,test
Jordan,JOR,"Middle East, North Africa, Afghanistan & Pakistan",2020,2021,4183.5,4228.3314,4300.08107797219,4287.460176797869,4167.898038934033,4514.069,Model 2,test
Jordan,JOR,"Middle East, North Africa, Afghanistan & Pakistan",2021,2022,4332.2516,4373.2022,4445.363986826021,4441.473746399835,4433.283190543665,5235.1978,Model 2,test
Jordan,JOR,"Middle East, North Africa, Afghanistan & Pakistan",2022,2023,4466.0831,4557.724,4647.3160587302955,4626.242378556146,4559.94947303508,5550.5093,Model 2,test
Japan,JPN,East Asia & Pacific,2018,2019,40415.9568,40798.3494,40871.66488167621,41011.803354929434,40632.20550683895,41733.645,Model 2,test
Japan,JPN,East Asia & Pacific,2019,2020,40028.7342,41440.5143,41543.70268448912,41695.77853125255,40636.944736205936,42413.094,Model 2,test
Japan,JPN,East Asia & Pacific,2020,2021,40094.56,41089.7181,41189.17101729684,41324.71842198241,40304.59167395851,41958.76,Model 2,test
Japan,JPN,East Asia & Pacific,2021,2022,34065.6439,41211.3979,41253.51515117469,41380.25022792848,40537.88513692331,42809.223,Model 2,test
Japan,JPN,East Asia & Pacific,2022,2023,33836.1756,35083.0166,35166.63152935573,35253.14508135989,37400.655207703414,36912.69,Model 2,test
Kazakhstan,KAZ,Europe & Central Asia,2018,2019,9457.1261,9763.6924,9805.56630534768,9851.145058373422,9540.380617371278,10015.883,Model 2,test
Kazakhstan,KAZ,Europe & Central Asia,2019,2020,8781.508,9746.209,9796.315413780085,9842.06453784514,9718.19708922377,10699.642,Model 2,test
Kazakhstan,KAZ,Europe & Central Asia,2020,2021,9983.601,9000.0858,9036.086291004249,9102.869508709678,9045.443030241391,9578.154,Model 2,test
Kazakhstan,KAZ,Europe & Central Asia,2021,2022,11255.3396,10173.6743,10199.413984426094,10293.40599164564,9966.436302951948,10645.149,Model 2,test
Kazakhstan,KAZ,Europe & Central Asia,2022,2023,12879.4275,11561.1361,11615.35528387211,11662.69592520994,11132.15265327979,11747.369,Model 2,test
Kenya,KEN,Sub-Saharan Africa ,2018,2019,1960.4081,1918.3865,1915.6257854948783,1935.601375172749,1914.3985881018275,1853.9769,Model 2,test
Kenya,KEN,Sub-Saharan Africa ,2019,2020,1927.6646,2044.8724,2042.0687944351148,2063.6989629476825,2028.9590561674245,1861.393,Model 2,test
Kenya,KEN,Sub-Saharan Africa ,2020,2021,2061.3562,2003.5635,1999.2002551179953,2023.7650904918205,2024.408129536176,1817.3264,Model 2,test
Kenya,KEN,Sub-Saharan Africa ,2021,2022,2109.5629,2137.2616,2131.167193040205,2158.959950198079,2123.5311818615546,2006.4813,Model 2,test
Kenya,KEN,Sub-Saharan Africa ,2022,2023,1942.588,2198.8226,2198.008744053572,2220.091008401183,2122.832250384846,2094.4507,Model 2,test
Kyrgyz Republic,KGZ,Europe & Central Asia,2018,2019,1421.9993,1368.5909,1396.015132142465,1391.0794602350663,1356.4883840839718,1520.4966,Model 2,test
Kyrgyz Republic,KGZ,Europe & Central Asia,2019,2020,1229.5177,1513.6398,1543.2285549848154,1538.2553271392342,1566.3707607924173,1874.2566,Model 2,test
Kyrgyz Republic,KGZ,Europe & Central Asia,2020,2021,1349.9973,1312.0764,1341.5184360544065,1335.0897272809202,1400.0693733887504,1458.8632,Model 2,test
Kyrgyz Republic,KGZ,Europe & Central Asia,2021,2022,1739.7202,1439.0814,1471.0333628162086,1463.1136930893922,1548.456791270855,1603.6282,Model 2,test
Kyrgyz Republic,KGZ,Europe & Central Asia,2022,2023,2138.2221,1845.0378,1883.7010644544523,1875.2068462212972,1921.5530975204492,2448.6526,Model 2,test
Cambodia,KHM,East Asia & Pacific,2018,2019,2225.8771,2142.9387,2171.429986179768,2177.076440919421,2181.0558606500126,2480.077,Model 2,test
Cambodia,KHM,East Asia & Pacific,2019,2020,2081.7391,2345.6711,2369.8939567076595,2375.2154662161306,2374.0627333560265,2582.7852,Model 2,test
Cambodia,KHM,East Asia & Pacific,2020,2021,2167.4032,2194.4098,2219.8452640102555,2224.4698928811727,2170.545109803178,2389.6382,Model 2,test
Cambodia,KHM,East Asia & Pacific,2021,2022,2325.0305,2276.3877,2301.8774487543515,2309.8459722845837,2224.2232126324952,2563.242,Model 2,test
Cambodia,KHM,East Asia & Pacific,2022,2023,2429.7485,2445.3982,2475.925702512644,2480.8275578696753,2470.7586719299006,2783.8816,Model 2,test
"Korea, Rep.",KOR,East Asia & Pacific,2018,2019,33826.9443,36222.8842,36342.03389958616,36450.59216080339,38255.878077582005,41000.2,Model 2,test
"Korea, Rep.",KOR,East Asia & Pacific,2019,2020,33645.772,34716.4099,34869.06802703339,34949.97585769521,37239.71061688746,38097.723,Model 2,test
"Korea, Rep.",KOR,East Asia & Pacific,2020,2021,37518.4635,34549.6006,34712.92172765243,34783.03115942951,37330.58677803382,38358.242,Model 2,test
"Korea, Rep.",KOR,East Asia & Pacific,2021,2022,34822.4048,38474.2687,38622.044314911895,38698.80695340363,38402.31695786907,40484.715,Model 2,test
"Korea, Rep.",KOR,East Asia & Pacific,2022,2023,35674.096,35707.5228,35830.895194912475,35909.521766726415,38043.01841364076,39271.1,Model 2,test
Kuwait,KWT,"Middle East, North Africa, Afghanistan & Pakistan",2018,2019,31707.8737,32797.4394,32921.18114963612,32936.39500182832,33453.98792375344,36176.543,Model 2,test
Kuwait,KWT,"Middle East, North Africa, Afghanistan & Pakistan",2019,2020,25236.0756,32591.9375,32779.222643830646,32714.613588665296,32875.28453543934,36888.023,Model 2,test
Kuwait,KWT,"Middle East, North Africa, Afghanistan & Pakistan",2020,2021,34018.6343,25841.8639,25963.623592353262,25981.8049536923,25769.413680988037,27557.434,Model 2,test
Kuwait,KWT,"Middle East, North Africa, Afghanistan & Pakistan",2021,2022,39981.7691,34661.8686,34723.05190594529,34783.1124836682,38772.69742680009,37476.93,Model 2,test
Kuwait,KWT,"Middle East, North Africa, Afghanistan & Pakistan",2022,2023,34075.849,40816.7238,40896.21744093387,40902.68916599299,43039.774547227775,42782.69,Model 2,test
Lao PDR,LAO,East Asia & Pacific,2018,2019,2589.3208,2672.4292,2684.1895576239467,2691.839882756553,2791.2727358310526,2754.6438,Model 2,test
Lao PDR,LAO,East Asia & Pacific,2019,2020,2583.7773,2714.3645,2731.5913337486136,2739.514389525601,2813.3100805517106,2731.5015,Model 2,test
Lao PDR,LAO,East Asia & Pacific,2020,2021,2526.0511,2708.455,2729.9397583926957,2736.4707002439914,2828.1207274560848,2878.1812,Model 2,test
Lao PDR,LAO,East Asia & Pacific,2021,2022,2046.4044,2639.5717,2663.415158353868,2673.4516496925803,2784.816940360285,2832.4893,Model 2,test
Lao PDR,LAO,East Asia & Pacific,2022,2023,2066.9498,2160.7403,2185.8626133164826,2180.8319658561027,2109.6667701363485,2441.8806,Model 2,test
Lebanon,LBN,"Middle East, North Africa, Afghanistan & Pakistan",2018,2019,8905.8801,9592.8092,9701.443539730242,9656.144431158462,10018.384301923255,11406.449,Model 2,test
Lebanon,LBN,"Middle East, North Africa, Afghanistan & Pakistan",2019,2020,5561.1917,9307.0457,9417.457390000029,9378.58591695642,9818.43782923435,11135.219,Model 2,test
Lebanon,LBN,"Middle East, North Africa, Afghanistan & Pakistan",2020,2021,4045.3739,5957.7969,6026.62910317952,5894.012924310982,5696.541724689161,6581.155,Model 2,test
Lebanon,LBN,"Middle East, North Africa, Afghanistan & Pakistan",2021,2022,3654.3585,4408.8712,4449.419260692991,4292.67295982619,4082.36145447181,4921.6685,Model 2,test
Lebanon,LBN,"Middle East, North Africa, Afghanistan & Pakistan",2022,2023,3477.7249,4052.4982,4107.849383038937,3925.828271441781,4134.848681352236,5204.8657,Model 2,test
Liberia,LBR,Sub-Saharan Africa ,2018,2019,658.1642,738.955,743.7456315865093,742.9479684813929,718.6931035695151,700.8723,Model 2,test
Liberia,LBR,Sub-Saharan Africa ,2019,2020,616.7879,703.829,709.1290588504878,707.6086403562907,687.5055943333183,721.4524,Model 2,test
Liberia,LBR,Sub-Saharan Africa ,2020,2021,667.9661,658.1492,664.222257612645,664.1645472374626,648.7643735457644,690.3907,Model 2,test
Liberia,LBR,Sub-Saharan Africa ,2021,2022,744.6172,709.2907,715.8708280730409,717.7949739926652,735.4687023213868,758.1208,Model 2,test
Liberia,LBR,Sub-Saharan Africa ,2022,2023,799.1945,789.9379,797.5273846549632,799.5832394319061,827.8448038533361,925.005,Model 2,test
Libya,LBY,"Middle East, North Africa, Afghanistan & Pakistan",2018,2019,9963.1949,11624.0585,11608.941695842392,11593.835114729702,11692.45688813863,10435.551,Model 2,test
Libya,LBY,"Middle East, North Africa, Afghanistan & Pakistan",2019,2020,6650.3381,10260.3137,10305.74524333865,10339.32421074236,10282.44722969056,9989.859,Model 2,test
Libya,LBY,"Middle East, North Africa, Afghanistan & Pakistan",2020,2021,4935.8279,6888.7653,6945.634979191407,6956.781166282835,6770.915177354265,7372.097,Model 2,test
Libya,LBY,"Middle East, North Africa, Afghanistan & Pakistan",2021,2022,5986.6369,5133.1581,5191.4248430625075,5194.771019156001,5335.489430468804,5530.4097,Model 2,test
Libya,LBY,"Middle East, North Africa, Afghanistan & Pakistan",2022,2023,6026.5152,6240.9342,6318.069676548603,6307.5586966636765,6583.002617477827,6964.236,Model 2,test
St. Lucia,LCA,Latin America & Caribbean ,2018,2019,11794.0597,12068.0005,12102.55245169498,12031.282670919332,11661.657755934284,12240.019,Model 2,test
St. Lucia,LCA,Latin America & Caribbean ,2019,2020,8411.0747,12202.884,12229.457027548951,12172.739603623497,13001.830302318547,13188.815,Model 2,test
St. Lucia,LCA,Latin America & Caribbean ,2020,2021,10459.1321,8746.6294,8805.819000773872,8749.82004345957,8747.261030118136,8875.722,Model 2,test
St. Lucia,LCA,Latin America & Caribbean ,2021,2022,13103.8243,10758.6237,10768.358091877688,10747.207924477072,10760.180591279674,10689.922,Model 2,test
St. Lucia,LCA,Latin America & Caribbean ,2022,2023,13554.7685,13550.2114,13582.701505983992,13505.008913747204,14160.444373843871,14253.412,Model 2,test
Sri Lanka,LKA,South Asia,2018,2019,4081.9477,4636.8079,4665.853105608771,4647.2545358467305,4551.20355256613,5367.5566,Model 2,test
Sri Lanka,LKA,South Asia,2019,2020,3847.6014,4347.6546,4381.35037440879,4360.994693881501,4323.3083392933795,4825.941,Model 2,test
Sri Lanka,LKA,South Asia,2020,2021,3996.9624,4103.4774,4141.483845772982,4118.374212764463,4166.179584765422,4796.3647,Model 2,test
Sri Lanka,LKA,South Asia,2021,2022,3342.6365,4245.8251,4286.555436531415,4268.141841031826,4094.1895253675034,4335.486,Model 2,test
Sri Lanka,LKA,South Asia,2022,2023,3798.8902,3608.295,3649.1557705959785,3592.491066881061,3669.954480936487,3800.8354,Model 2,test
Lesotho,LSO,Sub-Saharan Africa ,2018,2019,1082.0571,1207.6196,1209.4909850546874,1223.4444699060004,1218.1529521065386,1520.7874,Model 2,test
Lesotho,LSO,Sub-Saharan Africa ,2019,2020,918.5826,1119.1838,1122.7752214712089,1134.481638390323,1218.6957607261568,1451.3025,Model 2,test
Lesotho,LSO,Sub-Saharan Africa ,2020,2021,1066.5865,952.1303,956.9711784267752,966.4506160930964,1014.2014299725228,1287.0592,Model 2,test
Lesotho,LSO,Sub-Saharan Africa ,2021,2022,1030.1258,1100.0596,1103.1947051936515,1115.963242355396,1151.6774261943804,1495.5372,Model 2,test
Lesotho,LSO,Sub-Saharan Africa ,2022,2023,916.283,1069.9849,1076.5489384861644,1085.1384156502666,1125.1610661878556,1414.4467,Model 2,test
Lithuania,LTU,Europe & Central Asia,2018,2019,19608.7944,19753.6159,19780.23559458005,19798.87689673326,19982.29184022152,20398.135,Model 2,test
Lithuania,LTU,Europe & Central Asia,2019,2020,20428.6478,20138.3474,20181.307948690264,20190.103993198307,20350.567067043816,21265.775,Model 2,test
Lithuania,LTU,Europe & Central Asia,2020,2021,23870.4595,20885.4343,20905.76999154512,20954.14444955283,20530.63257007353,20045.611,Model 2,test
Lithuania,LTU,Europe & Central Asia,2021,2022,25085.7841,24278.9055,24250.78388577767,24341.768540462992,24048.694712763103,22163.535,Model 2,test
Lithuania,LTU,Europe & Central Asia,2022,2023,27786.0058,25693.8102,25678.8314298496,25646.447280389664,24533.60870602325,24275.395,Model 2,test
Luxembourg,LUX,Europe & Central Asia,2018,2019,112696.6491,118076.6517,117425.96777948404,117172.97350728982,111390.815086196,110474.21,Model 2,test
Luxembourg,LUX,Europe & Central Asia,2019,2020,116860.0282,113977.398,113428.72770940364,113118.60471980834,109922.5687185693,106198.45,Model 2,test
Luxembourg,LUX,Europe & Central Asia,2020,2021,134965.8154,117896.5974,117272.20481744304,117066.99049285067,106765.1584576912,97574.63,Model 2,test
Luxembourg,LUX,Europe & Central Asia,2021,2022,123719.6589,136033.3204,135163.48557381777,134899.75347834724,107748.54026343006,105535.94,Model 2,test
Luxembourg,LUX,Europe & Central Asia,2022,2023,133230.6192,125130.8733,124439.15451640362,124005.0951460823,103534.53122197972,102180.125,Model 2,test
Latvia,LVA,Europe & Central Asia,2018,2019,17294.9752,17694.2149,17739.359676089764,17754.570096268322,18259.319877142698,18355.809,Model 2,test
Latvia,LVA,Europe & Central Asia,2019,2020,17564.2322,17755.7379,17817.507746590243,17822.33866506521,18644.92586195922,19139.9,Model 2,test
Latvia,LVA,Europe & Central Asia,2020,2021,20261.8888,17994.2312,18064.195958596167,18084.994584143675,17679.130918561677,18498.1,Model 2,test
Latvia,LVA,Europe & Central Asia,2021,2022,20221.1037,20598.1679,20607.61109646922,20689.47045138355,19189.884490750075,19800.984,Model 2,test
Latvia,LVA,Europe & Central Asia,2022,2023,22710.2638,20702.4253,20726.24477194141,20710.37152451174,19216.26263165583,19113.889,Model 2,test
"Macao SAR, China",MAC,East Asia & Pacific,2018,2019,81882.6965,85483.5938,85173.65541488948,84679.34666388363,81175.67323631511,82876.8,Model 2,test
"Macao SAR, China",MAC,East Asia & Pacific,2019,2020,36883.6653,83762.4885,83535.14597268803,83038.55586813607,80869.92792659572,79438.67,Model 2,test
"Macao SAR, China",MAC,East Asia & Pacific,2020,2021,44884.8962,38243.4575,38458.090954385094,38111.5819919392,40524.073348342754,43197.266,Model 2,test
"Macao SAR, China",MAC,East Asia & Pacific,2021,2022,36806.8913,46315.414,46475.38288613932,46128.647720055385,46425.26354991789,48833.05,Model 2,test
"Macao SAR, China",MAC,East Asia & Pacific,2022,2023,67216.3631,38049.8767,38236.334513777954,37942.6141793108,40319.78271367449,42450.81,Model 2,test
Morocco,MAR,"Middle East, North Africa, Afghanistan & Pakistan",2018,2019,3508.0977,3680.8224,3726.4865862063657,3730.603110907208,3809.266237499082,4213.662,Model 2,test
Morocco,MAR,"Middle East, North Africa, Afghanistan & Pakistan",2019,2020,3268.0303,3672.3609,3731.709909490213,3739.830661910896,3823.117541406417,4586.6855,Model 2,test
Morocco,MAR,"Middle East, North Africa, Afghanistan & Pakistan",2020,2021,3785.9363,3415.8783,3470.1503866325297,3480.6724365518216,3309.2009819528557,3894.6711,Model 2,test
Morocco,MAR,"Middle East, North Africa, Afghanistan & Pakistan",2021,2022,3463.1377,3946.7259,4007.117053623207,4021.0344666420992,4001.913110720456,4488.925,Model 2,test
Morocco,MAR,"Middle East, North Africa, Afghanistan & Pakistan",2022,2023,3813.7261,3635.5724,3701.049684143289,3700.765225232163,3826.6701306588775,4617.421,Model 2,test
Moldova,MDA,Europe & Central Asia,2018,2019,4405.3342,4328.6647,4367.985208065182,4373.395237249661,4312.8577936049705,4594.2065,Model 2,test
Moldova,MDA,Europe & Central Asia,2019,2020,4375.7789,4584.0726,4623.294915805372,4628.513493793397,4543.469611622289,4799.7876,Model 2,test
Moldova,MDA,Europe & Central Asia,2020,2021,5274.6058,4548.7661,4587.466830351932,4595.352773031533,4424.260388163071,4783.8022,Model 2,test
Moldova,MDA,Europe & Central Asia,2021,2022,5744.2962,5453.833,5485.337570757173,5503.948685050673,5240.37245113067,5874.6006,Model 2,test
Moldova,MDA,Europe & Central Asia,2022,2023,6799.5859,6006.7282,6046.626727497938,6017.546240311931,5843.503824759073,5592.9224,Model 2,test
Madagascar,MDG,Sub-Saharan Africa ,2018,2019,499.8188,538.13,543.5000508547499,544.2565010208814,526.8298822815894,526.3149,Model 2,test
Madagascar,MDG,Sub-Saharan Africa ,2019,2020,450.7716,536.8234,542.4135164340605,543.5944029960242,518.8170563384984,521.9425,Model 2,test
Madagascar,MDG,Sub-Saharan Africa ,2020,2021,483.4695,483.6095,488.96757177027257,490.5137092838464,490.492010787141,492.52344,Model 2,test
Madagascar,MDG,Sub-Saharan Africa ,2021,2022,503.5145,517.7263,523.1895829757465,525.0218835453256,512.8168323292954,515.70105,Model 2,test
Madagascar,MDG,Sub-Saharan Africa ,2022,2023,508.7184,539.3741,545.4668232925337,546.9736610424566,526.0948970648585,531.7577,Model 2,test
Maldives,MDV,South Asia,2018,2019,11740.2724,11994.1713,12113.352693777098,11994.86985794263,12896.123873127077,14513.427,Model 2,test
Maldives,MDV,South Asia,2019,2020,7393.8887,12311.7715,12447.529611283508,12327.741873015546,13482.601080487631,15479.829,Model 2,test
Maldives,MDV,South Asia,2020,2021,10176.1439,7789.8108,7906.610251869639,7828.675040477608,8579.954072099896,9502.664,Model 2,test
Maldives,MDV,South Asia,2021,2022,11786.0191,10642.1999,10764.7789386164,10679.759466963797,10890.896896230544,12976.023,Model 2,test
Maldives,MDV,South Asia,2022,2023,12587.6126,12378.8965,12540.506769909864,12404.622041682029,13776.51234948864,16939.104,Model 2,test
Mexico,MEX,Latin America & Caribbean ,2018,2019,10369.5554,10424.6191,10418.57903615067,10495.318411439772,9808.674102925332,9832.309,Model 2,test
Mexico,MEX,Latin America & Caribbean ,2019,2020,8841.2708,10684.3478,10702.62458231462,10790.45953907156,10026.476356730334,10147.593,Model 2,test
Mexico,MEX,Latin America & Caribbean ,2020,2021,10314.0507,9036.6088,9032.316666054032,9147.717221182314,9344.005297789252,9032.302,Model 2,test
Mexico,MEX,Latin America & Caribbean ,2021,2022,11405.794,10491.6878,10469.57928726379,10616.889577160357,10073.30476693314,9748.919,Model 2,test
Mexico,MEX,Latin America & Caribbean ,2022,2023,13860.9598,11704.7996,11723.23765137088,11827.753952022076,10920.489422742789,11427.321,Model 2,test
North Macedonia,MKD,Europe & Central Asia,2018,2019,6718.8583,7036.53,7137.994022910529,7090.845707687841,7274.892697392316,7489.412,Model 2,test
North Macedonia,MKD,Europe & Central Asia,2019,2020,6659.5965,7036.1959,7137.627777869483,7095.1153767303285,7442.54433580016,7995.5312,Model 2,test
North Macedonia,MKD,Europe & Central Asia,2020,2021,7620.803,6937.4783,7021.59753479407,6998.413291501187,7126.733399885868,8511.621,Model 2,test
North Macedonia,MKD,Europe & Central Asia,2021,2022,7606.2375,7900.9949,7976.363053229219,7962.796257160604,8012.453659885118,9900.78,Model 2,test
North Macedonia,MKD,Europe & Central Asia,2022,2023,8674.3585,7929.1651,8012.814650168118,7969.455885815452,7799.173699483724,9271.804,Model 2,test
Mali,MLI,Sub-Saharan Africa ,2018,2019,971.9493,1041.4179,1042.797787902386,1055.372082325869,1038.6841989722127,1100.8229,Model 2,test
Mali,MLI,Sub-Saharan Africa ,2019,2020,953.2429,1015.7729,1018.5819828371906,1030.8951129404488,1054.6164457502737,1049.1862,Model 2,test
Mali,MLI,Sub-Saharan Africa ,2020,2021,1027.2735,995.2041,998.4237050323416,1010.6713491537446,1006.428945458634,1041.6256,Model 2,test
Mali,MLI,Sub-Saharan Africa ,2021,2022,976.9141,1071.5387,1075.2909813766366,1087.9410686515848,1091.129588546899,1097.7465,Model 2,test
Mali,MLI,Sub-Saharan Africa ,2022,2023,1043.9534,1023.4766,1028.3351940618516,1037.9872268772376,1037.042334042111,1113.9489,Model 2,test
Malta,MLT,"Middle East, North Africa, Afghanistan & Pakistan",2018,2019,32421.918,34577.7065,34715.90702391428,34423.62550472317,37726.2924027494,41157.723,Model 2,test
Malta,MLT,"Middle East, North Africa, Afghanistan & Pakistan",2019,2020,31823.4364,33604.7806,33785.98893304957,33487.16813899384,34289.18519283855,40029.734,Model 2,test
Malta,MLT,"Middle East, North Africa, Afghanistan & Pakistan",2020,2021,38096.8361,32929.9613,33104.206866684166,32840.74170174328,33089.588252653964,39293.43,Model 2,test
Malta,MLT,"Middle East, North Africa, Afghanistan & Pakistan",2021,2022,35638.8869,39318.6018,39462.15486904221,39167.41016549726,40375.8672512586,45038.496,Model 2,test
Malta,MLT,"Middle East, North Africa, Afghanistan & Pakistan",2022,2023,40905.806,36851.3881,37035.03131195474,36712.45128625519,39128.570186487384,44472.836,Model 2,test
Myanmar,MMR,East Asia & Pacific,2018,2019,1425.9895,1373.6979,1382.919684040785,1390.0484999739465,1390.3770935317234,1379.7067,Model 2,test
Myanmar,MMR,East Asia & Pacific,2019,2020,1490.2168,1505.6002,1516.3804123725224,1524.3702475037476,1573.9897767780142,1723.0042,Model 2,test
Montenegro,MNE,Europe & Central Asia,2018,2019,8749.0238,9114.8342,9223.166722333111,9132.734343398964,9290.499307258637,9866.245,Model 2,test
Montenegro,MNE,Europe & Central Asia,2019,2020,7538.5364,9155.3196,9255.921947513454,9184.945695986336,9581.104587195394,9981.117,Model 2,test
Montenegro,MNE,Europe & Central Asia,2020,2021,9317.1552,7884.9562,7985.196648691668,7927.512613543817,7804.683378581301,8001.8853,Model 2,test
Montenegro,MNE,Europe & Central Asia,2021,2022,10024.5436,9654.9844,9742.082304289152,9703.415032178327,9958.21821664344,12038.056,Model 2,test
Montenegro,MNE,Europe & Central Asia,2022,2023,12259.8775,10452.1076,10569.15464028713,10479.336466638848,10436.66172966625,11085.07,Model 2,test
Mongolia,MNG,East Asia & Pacific,2018,2019,4347.5461,4313.0344,4336.714182170667,4329.080305516219,4170.562560349287,4240.4863,Model 2,test
Mongolia,MNG,East Asia & Pacific,2019,2020,4001.2519,4559.1593,4587.368080099455,4578.336729544759,4531.173164232982,4571.449,Model 2,test
Mongolia,MNG,East Asia & Pacific,2020,2021,4517.6158,4190.1901,4228.696014188322,4224.548676247465,4117.466900940427,4167.7583,Model 2,test
Mongolia,MNG,East Asia & Pacific,2021,2022,4993.5149,4708.1656,4763.024337938195,4759.716714480997,5119.254428340187,5516.4194,Model 2,test
Mongolia,MNG,East Asia & Pacific,2022,2023,5838.6311,5209.8219,5263.580369021969,5252.140787762221,5277.900795221715,5926.9805,Model 2,test
Mozambique,MOZ,Sub-Saharan Africa ,2018,2019,519.0926,551.2203,555.500490743531,558.8910542577034,531.6518082062441,554.40393,Model 2,test
Mozambique,MOZ,Sub-Saharan Africa ,2019,2020,462.4339,553.2076,557.961778810068,561.2281829668267,532.513035011829,550.47284,Model 2,test
Mozambique,MOZ,Sub-Saharan Africa ,2020,2021,509.9078,493.7712,498.78166947028006,501.39285915940854,492.010196888636,499.89874,Model 2,test
Mozambique,MOZ,Sub-Saharan Africa ,2021,2022,578.2517,542.1388,546.6355942567974,550.2109350133682,538.089585506407,560.38434,Model 2,test
Mozambique,MOZ,Sub-Saharan Africa ,2022,2023,622.0003,617.948,624.3128913724465,626.0908080231026,628.9232069571534,633.28534,Model 2,test
Mauritania,MRT,Sub-Saharan Africa ,2018,2019,1767.0727,1828.0149,1840.3429864636585,1837.8911914614011,1854.306862019276,1923.11,Model 2,test
Mauritania,MRT,Sub-Saharan Africa ,2019,2020,1795.7646,1873.678,1886.9972872066328,1884.8372761505657,1901.6407615641656,1934.5026,Model 2,test
Mauritania,MRT,Sub-Saharan Africa ,2020,2021,1947.7892,1897.3511,1910.5677968930936,1911.0198582391345,1890.2990124347496,1900.7404,Model 2,test
Mauritania,MRT,Sub-Saharan Africa ,2021,2022,1960.3524,2052.7554,2067.292661299191,2068.793816290648,2060.885534437601,2064.7893,Model 2,test
Mauritania,MRT,Sub-Saharan Africa ,2022,2023,2135.7819,2073.6215,2093.245002533997,2089.102364612979,2132.59664599484,2308.3174,Model 2,test
Mauritius,MUS,Sub-Saharan Africa ,2018,2019,11568.2533,12271.0681,12291.439996022473,12258.470732778833,12896.882733045752,13599.923,Model 2,test
Mauritius,MUS,Sub-Saharan Africa ,2019,2020,9135.8477,11992.4211,12020.432498838229,11999.574645868628,12784.660816788712,13843.579,Model 2,test
Mauritius,MUS,Sub-Saharan Africa ,2020,2021,9177.712,9500.2477,9555.18070101892,9526.585378494325,9778.491693363709,11651.005,Model 2,test
Mauritius,MUS,Sub-Saharan Africa ,2021,2022,10246.5017,9526.3542,9581.20611248091,9558.330704640914,9856.702801930203,11483.628,Model 2,test
Mauritius,MUS,Sub-Saharan Africa ,2022,2023,11269.9684,10620.7189,10671.522669878786,10640.49906204992,10366.320856675487,11108.628,Model 2,test
Malawi,MWI,Sub-Saharan Africa ,2018,2019,580.8891,574.9291,581.2043232513022,580.3209383754049,600.2803577111974,614.5433,Model 2,test
Malawi,MWI,Sub-Saharan Africa ,2019,2020,602.5075,625.4019,632.3533426169697,631.7514627160433,674.2256880823462,650.89185,Model 2,test
Malawi,MWI,Sub-Saharan Africa ,2020,2021,617.447,648.0432,655.5420226262811,655.0465370553422,691.2003626594627,719.0579,Model 2,test
Malawi,MWI,Sub-Saharan Africa ,2021,2022,604.2697,662.9855,670.3293479743038,670.2441261619033,700.8140400283353,743.1419,Model 2,test
Malawi,MWI,Sub-Saharan Africa ,2022,2023,633.2148,652.8841,660.9213237695749,658.1576769602304,693.3362016500947,646.9898,Model 2,test
Malaysia,MYS,East Asia & Pacific,2018,2019,10920.1918,11244.7304,11305.87399920877,11362.667261043587,11061.636980573612,12579.432,Model 2,test
Malaysia,MYS,East Asia & Pacific,2019,2020,9957.5263,11259.3922,11328.2636655697,11385.73254834673,11095.629461438097,12393.965,Model 2,test
Malaysia,MYS,East Asia & Pacific,2020,2021,10903.1037,10269.3451,10354.714695346189,10407.753217335234,10406.17769103754,11274.033,Model 2,test
Malaysia,MYS,East Asia & Pacific,2021,2022,11754.5678,11158.4617,11229.22659713665,11316.694505181564,10863.717369567674,11763.244,Model 2,test
Malaysia,MYS,East Asia & Pacific,2022,2023,11386.0396,12061.5383,12148.02676494121,12222.221219346786,12456.081055293804,12798.518,Model 2,test
Namibia,NAM,Sub-Saharan Africa ,2018,2019,4731.921,5437.9862,5413.391836911414,5457.691514391928,5493.166046588584,5536.3096,Model 2,test
Namibia,NAM,Sub-Saharan Africa ,2019,2020,3878.5898,4860.0132,4854.187908545607,4888.483119829728,4962.937773067279,5221.1025,Model 2,test
Namibia,NAM,Sub-Saharan Africa ,2020,2021,4412.8356,3993.3258,4004.671101842876,4030.0705611745498,3889.918933089627,3840.9543,Model 2,test
Namibia,NAM,Sub-Saharan Africa ,2021,2022,4349.7991,4495.545,4489.36799695446,4537.968071961712,4774.086508118353,4331.506,Model 2,test
Namibia,NAM,Sub-Saharan Africa ,2022,2023,4187.605,4469.8859,4480.655428948317,4509.056699841839,4541.890046178994,4776.9414,Model 2,test
Niger,NER,Sub-Saharan Africa ,2018,2019,561.6913,613.6589,616.9943405893908,621.7753485245745,605.285951632751,645.0372,Model 2,test
Niger,NER,Sub-Saharan Africa ,2019,2020,579.5125,595.4955,599.241979242593,604.416785085832,551.1573724418004,630.1453,Model 2,test
Niger,NER,Sub-Saharan Africa ,2020,2021,608.7224,614.5984,618.1067055986412,622.9457826372741,609.1455524771277,653.22595,Model 2,test
Niger,NER,Sub-Saharan Africa ,2021,2022,609.7451,644.4964,647.677554918474,653.0862025679523,605.1822305216807,669.4988,Model 2,test
Niger,NER,Sub-Saharan Africa ,2022,2023,638.3361,646.8958,650.6684030760263,655.4449029677359,595.9789807229661,669.59937,Model 2,test
Nigeria,NGA,Sub-Saharan Africa ,2018,2019,3189.8129,2086.3297,2060.198995345123,2113.483227800982,2047.6045216526577,2007.7189,Model 2,test
Nigeria,NGA,Sub-Saharan Africa ,2019,2020,2797.1846,3210.0645,3158.5970377553645,3245.8001168442247,2938.070849775747,2947.6016,Model 2,test
Nigeria,NGA,Sub-Saharan Africa ,2020,2021,2787.4878,2821.6609,2781.1010414221096,2855.272152299877,2735.9402538503728,2713.347,Model 2,test
Nigeria,NGA,Sub-Saharan Africa ,2021,2022,2899.1605,2815.0921,2777.027052160408,2848.1032236398696,2692.542119253966,2730.6523,Model 2,test
Nigeria,NGA,Sub-Saharan Africa ,2022,2023,2138.7638,2929.4603,2891.7091054834686,2963.7816358444315,2818.8030083014746,2777.5186,Model 2,test
Nicaragua,NIC,Latin America & Caribbean ,2018,2019,1958.6205,2182.7287,2210.7562761773393,2194.993581330401,2277.4306952172196,2528.5796,Model 2,test
Nicaragua,NIC,Latin America & Caribbean ,2019,2020,1938.447,2099.143,2128.535717803834,2113.7355773459335,2240.8422430798187,2433.863,Model 2,test
Nicaragua,NIC,Latin America & Caribbean ,2020,2021,2138.3859,2058.4818,2083.5406857663365,2078.1104298002097,2128.9719907442277,2316.9375,Model 2,test
Nicaragua,NIC,Latin America & Caribbean ,2021,2022,2322.8905,2262.4999,2289.7126314631696,2285.792748347984,2254.0606400748497,2553.782,Model 2,test
Nicaragua,NIC,Latin America & Caribbean ,2022,2023,2609.4449,2478.1804,2518.729919866925,2501.085996657705,2622.487149536183,2913.9363,Model 2,test
Netherlands,NLD,Europe & Central Asia,2018,2019,53554.9007,54908.2458,54815.09815182147,54974.36957075523,52931.32297740943,54723.55,Model 2,test
Netherlands,NLD,Europe & Central Asia,2019,2020,53467.9277,54544.8643,54481.56704759259,54613.53736062884,52543.72289100114,53437.38,Model 2,test
Netherlands,NLD,Europe & Central Asia,2020,2021,60141.9881,54358.4582,54241.08979731043,54432.62682077616,52645.7326966919,54982.023,Model 2,test
Netherlands,NLD,Europe & Central Asia,2021,2022,59123.3186,61023.6992,60825.32296132477,61055.47693526209,58215.88179958718,57862.848,Model 2,test
Netherlands,NLD,Europe & Central Asia,2022,2023,63515.6031,60163.402,59979.46738656056,60086.86824295627,56495.59797419776,54480.79,Model 2,test
Norway,NOR,Europe & Central Asia,2018,2019,76430.5889,83936.5652,83651.60621247854,83715.01356875706,81691.3471497836,82912.93,Model 2,test
Norway,NOR,Europe & Central Asia,2019,2020,68340.0181,77592.8253,77426.62465762766,77459.16082945012,80699.84856355388,79602.02,Model 2,test
Norway,NOR,Europe & Central Asia,2020,2021,93072.8925,69594.3223,69505.13710314805,69477.5459747742,70616.80471435029,71408.84,Model 2,test
Norway,NOR,Europe & Central Asia,2021,2022,109269.5206,94224.2524,93878.24913349788,93944.80017698788,80058.8198248482,81504.19,Model 2,test
Norway,NOR,Europe & Central Asia,2022,2023,87497.218,110199.3056,109526.8147552632,109723.71579156462,94255.58648410284,95509.86,Model 2,test
Nepal,NPL,South Asia,2018,2019,1203.1429,1259.2996,1274.2738297807773,1273.570405176992,1311.633118072688,1405.7031,Model 2,test
Nepal,NPL,South Asia,2019,2020,1154.2152,1284.2483,1300.6022443785023,1299.617189035769,1322.5570701642469,1420.519,Model 2,test
Nepal,NPL,South Asia,2020,2021,1252.7508,1231.0374,1248.0874354763778,1247.399931557265,1287.056568274066,1406.7177,Model 2,test
Nepal,NPL,South Asia,2021,2022,1385.9107,1330.2321,1347.4606135031722,1349.1171928933431,1354.380742647794,1378.2035,Model 2,test
Nepal,NPL,South Asia,2022,2023,1382.3306,1475.2568,1496.197611958108,1494.898750216451,1523.0146065470017,1691.0236,Model 2,test
New Zealand,NZL,East Asia & Pacific,2018,2019,42855.8319,44300.4118,44332.028395107176,44287.33754088315,45315.2161109581,47355.312,Model 2,test
New Zealand,NZL,East Asia & Pacific,2019,2020,41997.783,43925.7873,43982.002561245194,43921.05496358149,44189.33923036759,47355.312,Model 2,test
New Zealand,NZL,East Asia & Pacific,2020,2021,49950.4252,43071.985,43153.72855350361,43081.402266239485,44030.29445414881,46759.258,Model 2,test
New Zealand,NZL,East Asia & Pacific,2021,2022,49099.709,51086.2032,51094.76662331842,51030.33652846563,50140.35555166515,51648.316,Model 2,test
New Zealand,NZL,East Asia & Pacific,2022,2023,49075.9563,50230.2685,50235.04061134027,50152.32661990014,49150.137006586,51560.37,Model 2,test
Oman,OMN,"Middle East, North Africa, Afghanistan & Pakistan",2018,2019,19180.1864,20576.8412,20692.957135864566,20653.876536727297,21970.55777442538,23451.412,Model 2,test
Oman,OMN,"Middle East, North Africa, Afghanistan & Pakistan",2019,2020,16784.8631,19823.7769,19961.88936487576,19925.632277391254,20886.775938108225,22491.572,Model 2,test
Oman,OMN,"Middle East, North Africa, Afghanistan & Pakistan",2020,2021,19403.46,17269.0773,17390.71913629469,17403.167031525565,18701.970096376655,19951.947,Model 2,test
Oman,OMN,"Middle East, North Africa, Afghanistan & Pakistan",2021,2022,23223.5829,19834.6668,19906.010856934143,19969.10675396319,20528.447854040547,20559.354,Model 2,test
Oman,OMN,"Middle East, North Africa, Afghanistan & Pakistan",2022,2023,21027.7385,23785.0031,23877.71723272004,23908.72127782887,23502.86384185288,24284.586,Model 2,test
Pakistan,PAK,"Middle East, North Africa, Afghanistan & Pakistan",2018,2019,1390.4169,1656.5545,1660.0278235058438,1674.0230066278298,1701.9013565222583,1640.6617,Model 2,test
Pakistan,PAK,"Middle East, North Africa, Afghanistan & Pakistan",2019,2020,1278.3974,1473.184,1478.608835741852,1488.132831654763,1483.1990750502198,1447.1348,Model 2,test
Pakistan,PAK,"Middle East, North Africa, Afghanistan & Pakistan",2020,2021,1455.3192,1352.0135,1357.3082279223097,1367.645472281361,1345.0840343636994,1297.5162,Model 2,test
Panama,PAN,Latin America & Caribbean ,2018,2019,16477.9066,16784.8303,16823.511695468736,16780.426716227084,17842.140310385625,19016.852,Model 2,test
Panama,PAN,Latin America & Caribbean ,2019,2020,13290.5608,17116.1034,17164.42760464086,17121.619993281834,17791.44805484045,17540.627,Model 2,test
Panama,PAN,Latin America & Caribbean ,2020,2021,15509.8069,13770.7837,13822.724351427749,13808.546469067118,13929.268804958809,13438.672,Model 2,test
Panama,PAN,Latin America & Caribbean ,2021,2022,17378.607,16064.1605,16105.670681959124,16082.23434641283,15558.411918083428,16368.477,Model 2,test
Panama,PAN,Latin America & Caribbean ,2022,2023,18797.1934,18070.5891,18139.2196918662,18069.065604316256,19318.612900157743,19887.7,Model 2,test
Peru,PER,Latin America & Caribbean ,2018,2019,7037.008,7304.2283,7344.691266683015,7353.017787007753,7234.777019456506,7590.6924,Model 2,test
Peru,PER,Latin America & Caribbean ,2019,2020,6133.3255,7362.1466,7410.211350763052,7417.631228606032,7108.7047752901535,7481.9375,Model 2,test
Peru,PER,Latin America & Caribbean ,2020,2021,6826.2026,6383.8512,6426.494482594853,6449.194411298884,6280.443173972804,6771.82,Model 2,test
Peru,PER,Latin America & Caribbean ,2021,2022,7350.6303,7046.8129,7075.409923036096,7123.517952093199,6917.001065371991,7045.468,Model 2,test
Peru,PER,Latin America & Caribbean ,2022,2023,7887.5419,7681.1741,7750.986150078794,7750.418610292093,7816.182159033027,7744.658,Model 2,test
Philippines,PHL,East Asia & Pacific,2018,2019,3400.7895,3314.1085,3327.0019258612606,3351.030724163485,3085.874767154912,3261.996,Model 2,test
Philippines,PHL,East Asia & Pacific,2019,2020,3227.5791,3550.0568,3560.795188307838,3590.1972224828805,3299.6553526157286,3303.3884,Model 2,test
Philippines,PHL,East Asia & Pacific,2020,2021,3484.3859,3367.4466,3387.2055000569517,3414.6903926737377,3129.601683998408,3321.9014,Model 2,test
Philippines,PHL,East Asia & Pacific,2021,2022,3548.0693,3589.8867,3603.9927163522193,3651.131584498384,3645.0591151169338,3825.6077,Model 2,test
Philippines,PHL,East Asia & Pacific,2022,2023,3804.0827,3675.0392,3704.145513641312,3740.256838687664,3721.741422199669,3924.2217,Model 2,test
Papua New Guinea,PNG,East Asia & Pacific,2018,2019,2575.7727,2692.7187,2685.4899724049696,2698.4041010060205,2690.7991077095435,2576.5388,Model 2,test
Papua New Guinea,PNG,East Asia & Pacific,2019,2020,2429.6113,2702.6863,2696.5360860268247,2709.4146326083296,2708.374886380765,2556.0334,Model 2,test
Papua New Guinea,PNG,East Asia & Pacific,2020,2021,2607.5786,2549.9697,2545.5069801304357,2557.5894573724586,2573.7610453515927,2413.5422,Model 2,test
Papua New Guinea,PNG,East Asia & Pacific,2021,2022,3102.2897,2727.1319,2719.2605203974763,2735.982019411492,2646.016506105713,2544.299,Model 2,test
Papua New Guinea,PNG,East Asia & Pacific,2022,2023,2966.0683,3241.5836,3230.473454873029,3248.947661296549,3261.7852842234342,2950.7136,Model 2,test
Poland,POL,Europe & Central Asia,2018,2019,15874.5221,16139.306,16189.046136956433,16254.888209665,16066.810925294409,16045.27,Model 2,test
Poland,POL,Europe & Central Asia,2019,2020,16150.9305,16361.8931,16422.289035938215,16485.702329737327,17269.848755037794,16713.393,Model 2,test
Poland,POL,Europe & Central Asia,2020,2021,18635.5105,16573.6881,16613.684821154246,16708.30375212449,18629.77295195949,17674.254,Model 2,test
Poland,POL,Europe & Central Asia,2021,2022,18891.2121,19024.983,19030.25785289612,19169.320676420695,20253.59423976235,18363.04,Model 2,test
Poland,POL,Europe & Central Asia,2022,2023,22145.2661,19410.7704,19446.58780308992,19506.929970878395,20020.936323312697,18141.074,Model 2,test
Portugal,PRT,Europe & Central Asia,2018,2019,23343.3629,24385.2481,24472.490072405148,24418.685208303505,24042.500551020185,25113.115,Model 2,test
Portugal,PRT,Europe & Central Asia,2019,2020,22299.4044,24197.4793,24296.995260366926,24237.749251763853,24323.461453081476,24965.184,Model 2,test
Portugal,PRT,Europe & Central Asia,2020,2021,24711.451,23095.6438,23205.88078561117,23159.657630143607,22881.795686805253,23636.877,Model 2,test
Portugal,PRT,Europe & Central Asia,2021,2022,24620.5198,25536.2118,25649.98438921344,25607.297261718373,26395.31303164352,27874.43,Model 2,test
Portugal,PRT,Europe & Central Asia,2022,2023,27634.6183,25491.4297,25614.064630860696,25530.085424774083,26079.15602396327,27421.924,Model 2,test
Paraguay,PRY,Latin America & Caribbean ,2018,2019,5821.182,6530.3631,6576.784390657877,6574.623866289692,6398.213682360534,6708.9214,Model 2,test
Paraguay,PRY,Latin America & Caribbean ,2019,2020,5365.4722,6075.291,6127.302306074918,6125.998730716457,6092.06537441909,6822.368,Model 2,test
Paraguay,PRY,Latin America & Caribbean ,2020,2021,5976.9318,5585.5557,5638.459807211617,5644.685972957035,5544.150632439473,6132.2637,Model 2,test
Paraguay,PRY,Latin America & Caribbean ,2021,2022,6205.626,6139.1479,6164.048642586956,6206.382447230998,6246.6337904628235,6283.9453,Model 2,test
Paraguay,PRY,Latin America & Caribbean ,2022,2023,6299.9903,6447.4464,6496.542535439485,6500.849736063836,6198.333655945356,6158.39,Model 2,test
West Bank and Gaza,PSE,"Middle East, North Africa, Afghanistan & Pakistan",2018,2019,3656.8583,3767.7909,3830.978511803736,3806.215297501666,3725.331291698196,4044.3364,Model 2,test
West Bank and Gaza,PSE,"Middle East, North Africa, Afghanistan & Pakistan",2019,2020,3233.5686,3866.3867,3935.524858149001,3908.735445062904,3883.601545434579,4529.1484,Model 2,test
West Bank and Gaza,PSE,"Middle East, North Africa, Afghanistan & Pakistan",2020,2021,3678.6357,3412.4851,3478.626204453238,3459.5839209309033,3571.781839962616,3803.2502,Model 2,test
West Bank and Gaza,PSE,"Middle East, North Africa, Afghanistan & Pakistan",2022,2023,3455.0285,4008.8516,4094.490563399289,4066.0530084675793,4147.725791454802,5098.4976,Model 2,test
Qatar,QAT,"Middle East, North Africa, Afghanistan & Pakistan",2018,2019,66841.3623,72195.3378,72108.99056523111,72076.24226742132,73969.87018420089,80900.85,Model 2,test
Qatar,QAT,"Middle East, North Africa, Afghanistan & Pakistan",2019,2020,51683.5681,68020.5447,67997.13238258657,67947.17107403415,70719.55265380823,70628.95,Model 2,test
Qatar,QAT,"Middle East, North Africa, Afghanistan & Pakistan",2020,2021,71751.9363,52461.7258,52441.90204734565,52542.36122804848,53836.73001747411,53450.99,Model 2,test
Qatar,QAT,"Middle East, North Africa, Afghanistan & Pakistan",2021,2022,88701.469,72650.021,72431.06928478662,72510.02520815878,73695.95665475704,78620.18,Model 2,test
Qatar,QAT,"Middle East, North Africa, Afghanistan & Pakistan",2022,2023,81816.9798,89746.0195,89322.66916880265,89362.78182992894,75937.12905644847,77496.05,Model 2,test
Romania,ROU,Europe & Central Asia,2018,2019,12909.6104,12820.6689,12849.030163849313,12891.392398828602,12333.768269245658,12311.842,Model 2,test
Romania,ROU,Europe & Central Asia,2019,2020,13009.1771,13317.8517,13352.658413980582,13399.44281147072,13605.521259145751,13603.672,Model 2,test
Romania,ROU,Europe & Central Asia,2020,2021,14907.9804,13354.0445,13382.814667929371,13458.526605186444,13751.192723642082,12888.434,Model 2,test
Romania,ROU,Europe & Central Asia,2021,2022,15503.5518,15203.5741,15206.704497852686,15323.973124981432,13523.583155400042,14438.904,Model 2,test
Romania,ROU,Europe & Central Asia,2022,2023,18244.4187,15923.8088,15958.964740742991,16007.76176109563,14796.816758093635,14244.811,Model 2,test
Russian Federation,RUS,Europe & Central Asia,2018,2019,11447.7012,11447.5571,11459.84672473886,11596.29833246318,10765.631500262867,12173.6045,Model 2,test
Russian Federation,RUS,Europe & Central Asia,2019,2020,10108.3271,11696.7492,11714.437565695092,11846.013056255126,11117.061549906352,12432.106,Model 2,test
Russian Federation,RUS,Europe & Central Asia,2020,2021,12425.0293,10296.3761,10311.928642736557,10447.963894271015,9897.493646541394,10520.236,Model 2,test
Russian Federation,RUS,Europe & Central Asia,2021,2022,15619.6143,12567.3457,12546.890192678307,12739.792671128238,11134.263465578442,12440.824,Model 2,test
Russian Federation,RUS,Europe & Central Asia,2022,2023,14159.3877,15863.2688,15845.104266397671,16028.5980386067,12249.170823026094,14083.621,Model 2,test
Rwanda,RWA,Sub-Saharan Africa ,2018,2019,810.0514,826.5568,836.7913170705068,836.5084785129345,801.6719166761643,884.0119,Model 2,test
Rwanda,RWA,Sub-Saharan Africa ,2019,2020,778.7015,867.9273,878.7966676317204,877.7025032989878,864.7466483167077,898.3909,Model 2,test
Rwanda,RWA,Sub-Saharan Africa ,2020,2021,829.5448,836.3889,847.5950629690552,845.0058294222252,819.7538240365052,808.91547,Model 2,test
Rwanda,RWA,Sub-Saharan Africa ,2021,2022,975.4693,887.1845,899.2249848176968,898.6622672898617,889.0354626160822,871.2246,Model 2,test
Rwanda,RWA,Sub-Saharan Africa ,2022,2023,1027.0345,1046.2122,1059.2763662592213,1054.4687756346516,1008.6238781377627,1003.98865,Model 2,test
Saudi Arabia,SAU,"Middle East, North Africa, Afghanistan & Pakistan",2018,2019,29566.7934,29929.3596,29965.12002610545,30122.251886018566,31050.228565542973,32822.22,Model 2,test
Saudi Arabia,SAU,"Middle East, North Africa, Afghanistan & Pakistan",2019,2020,24338.8307,30057.8318,30094.248785165768,30299.06127011355,30148.299937488784,31379.48,Model 2,test
Saudi Arabia,SAU,"Middle East, North Africa, Afghanistan & Pakistan",2020,2021,31920.7654,24796.6705,24864.681515761225,25011.865088635157,25497.75398033515,24573.752,Model 2,test
Saudi Arabia,SAU,"Middle East, North Africa, Afghanistan & Pakistan",2021,2022,38510.2276,32311.0038,32306.829655105405,32562.35206306359,31625.47298569885,33326.156,Model 2,test
Saudi Arabia,SAU,"Middle East, North Africa, Afghanistan & Pakistan",2022,2023,36156.8483,38867.9338,38796.33781075221,39135.550952550264,40427.91123779751,38834.574,Model 2,test
Senegal,SEN,Sub-Saharan Africa ,2018,2019,1431.1813,1536.8388,1550.86042528628,1555.4014752619628,1585.3750015827825,1748.7437,Model 2,test
Senegal,SEN,Sub-Saharan Africa ,2019,2020,1461.0872,1513.366,1529.8053792450523,1534.0511958274412,1573.25224420219,1752.4174,Model 2,test
Senegal,SEN,Sub-Saharan Africa ,2020,2021,1598.1068,1540.4901,1559.3468347131911,1564.7468557679915,1583.8715047424348,1773.3212,Model 2,test
Senegal,SEN,Sub-Saharan Africa ,2021,2022,1574.0281,1678.7831,1697.2671531288397,1705.515694617656,1765.2869857386902,1896.1218,Model 2,test
Senegal,SEN,Sub-Saharan Africa ,2022,2023,1698.0339,1660.3215,1680.3233205716251,1683.9555600942404,1965.1534287280683,1926.3304,Model 2,test
Singapore,SGP,East Asia & Pacific,2018,2019,65952.0379,68230.4486,68081.73633665114,68042.18676638922,70244.18138298698,70273.266,Model 2,test
Singapore,SGP,East Asia & Pacific,2019,2020,61410.0793,67338.2085,67225.99909249037,67163.86727840935,70364.58180113866,70093.35,Model 2,test
Singapore,SGP,East Asia & Pacific,2020,2021,80056.1288,62713.3695,62690.79229653861,62633.41516935243,61698.38221434145,62730.27,Model 2,test
Singapore,SGP,East Asia & Pacific,2021,2022,90299.0695,81255.548,81046.8053548814,81072.3444364648,80834.96914529426,79836.56,Model 2,test
Singapore,SGP,East Asia & Pacific,2022,2023,85412.2303,91524.4253,91122.9506230212,91152.04511372162,79171.38214763359,81474.11,Model 2,test
Solomon Islands,SLB,East Asia & Pacific,2018,2019,2223.6589,2429.1816,2444.432422221563,2427.964385363804,2445.582396422904,2773.0918,Model 2,test
Solomon Islands,SLB,East Asia & Pacific,2019,2020,2063.3278,2370.9272,2387.6207872682253,2372.107598869262,2430.21542389581,2749.1416,Model 2,test
Solomon Islands,SLB,East Asia & Pacific,2020,2021,2043.4441,2198.6346,2214.638153021817,2201.194089239318,2156.820424428204,2495.1365,Model 2,test
Solomon Islands,SLB,East Asia & Pacific,2021,2022,1877.781,2173.014,2189.1556579365697,2178.624449970731,2193.2340360739845,2652.08,Model 2,test
Solomon Islands,SLB,East Asia & Pacific,2022,2023,1882.6439,2009.4251,2029.5005208296616,2012.8904279573517,2085.6826676051787,2247.1333,Model 2,test
Sierra Leone,SLE,Sub-Saharan Africa ,2018,2019,843.7125,893.6907,895.5381090916106,899.7499846086969,843.4384992008776,847.6848,Model 2,test
Sierra Leone,SLE,Sub-Saharan Africa ,2019,2020,845.2776,892.0172,894.6040358270017,898.5621699977617,853.206203244743,842.17285,Model 2,test
Sierra Leone,SLE,Sub-Saharan Africa ,2020,2021,885.3964,893.2232,896.1716598390027,900.3994528207674,845.8925417702802,849.174,Model 2,test
Sierra Leone,SLE,Sub-Saharan Africa ,2021,2022,860.3711,935.4484,938.953281486744,943.3578389004268,966.5679110880724,887.5874,Model 2,test
Sierra Leone,SLE,Sub-Saharan Africa ,2022,2023,758.3291,914.8625,919.344803633518,919.4363347818592,872.3244472820392,862.7304,Model 2,test
El Salvador,SLV,Latin America & Caribbean ,2018,2019,4320.1167,4389.3494,4411.135996898841,4412.863926903026,4305.31907110722,4280.4385,Model 2,test
El Salvador,SLV,Latin America & Caribbean ,2019,2020,3997.1928,4525.8311,4554.019257170415,4557.133381112598,4407.107329914502,4409.7656,Model 2,test
El Salvador,SLV,Latin America & Caribbean ,2020,2021,4642.6074,4173.0338,4199.291163325604,4209.669695754456,4001.650587150835,3898.216,Model 2,test
El Salvador,SLV,Latin America & Caribbean ,2021,2022,5074.6021,4832.5801,4855.555212101232,4869.264518272691,5186.537307894307,5265.963,Model 2,test
El Salvador,SLV,Latin America & Caribbean ,2022,2023,5365.4449,5303.056,5335.7632559805015,5336.294337308545,5236.152200472845,5514.599,Model 2,test
Serbia,SRB,Europe & Central Asia,2018,2019,7755.633,7886.5195,7963.189316754865,7948.667163070197,7931.71437843073,8736.592,Model 2,test
Serbia,SRB,Europe & Central Asia,2019,2020,8098.7096,8080.6451,8161.511781964083,8150.598604832389,7883.214698907275,8674.88,Model 2,test
Serbia,SRB,Europe & Central Asia,2020,2021,9680.528,8398.6124,8466.843043616189,8474.29053555304,7886.726430201163,8655.312,Model 2,test
Serbia,SRB,Europe & Central Asia,2021,2022,10024.8191,9965.6026,10016.470209152563,10048.909916433258,10113.842282634288,10807.322,Model 2,test
Serbia,SRB,Europe & Central Asia,2022,2023,12281.7079,10394.5195,10469.984461222832,10456.760953330284,10401.639049228948,11228.088,Model 2,test
Sao Tome and Principe,STP,Sub-Saharan Africa ,2018,2019,1935.2932,1941.6699,1962.273270017077,1945.641782882077,1979.6268919904996,2153.82,Model 2,test
Sao Tome and Principe,STP,Sub-Saharan Africa ,2019,2020,2167.22,2055.4549,2079.304375195971,2061.878625664061,2136.0175973341047,2337.9294,Model 2,test
Sao Tome and Principe,STP,Sub-Saharan Africa ,2020,2021,2362.5883,2294.2425,2321.068787183725,2302.65698270606,2325.012569668258,2497.7231,Model 2,test
Sao Tome and Principe,STP,Sub-Saharan Africa ,2021,2022,2389.7373,2494.4892,2523.251135865328,2505.545376306126,2677.484682594399,2708.343,Model 2,test
Sao Tome and Principe,STP,Sub-Saharan Africa ,2022,2023,2990.6606,2534.8068,2567.3452837697373,2540.7266331193737,2632.168380395955,2952.4365,Model 2,test
Slovak Republic,SVK,Europe & Central Asia,2018,2019,19406.059,20136.0,20187.400974428037,20199.991013896743,20410.45910286828,20646.021,Model 2,test
Slovak Republic,SVK,Europe & Central Asia,2019,2020,19735.4858,19976.8888,20044.4687806491,20049.662322567103,21075.117063073547,21981.098,Model 2,test
Slovak Republic,SVK,Europe & Central Asia,2020,2021,22123.3342,20232.1331,20308.180589569227,20344.75757930868,20437.019863341433,22161.273,Model 2,test
Slovak Republic,SVK,Europe & Central Asia,2021,2022,21317.7944,22519.5726,22522.60616459313,22629.477489650293,21554.876572790756,20754.025,Model 2,test
Slovak Republic,SVK,Europe & Central Asia,2022,2023,24614.8735,21897.8856,21951.95045966792,21942.15206057302,20480.805634535565,21419.508,Model 2,test
Slovenia,SVN,Europe & Central Asia,2018,2019,25814.1687,26823.312,26941.707424388555,26797.9732585717,27136.070194199416,29959.678,Model 2,test
Slovenia,SVN,Europe & Central Asia,2019,2020,25392.0651,26736.781,26873.675736261517,26732.524591407215,27438.964775664383,30521.922,Model 2,test
Slovenia,SVN,Europe & Central Asia,2020,2021,29192.8402,26207.8004,26338.477156844187,26245.173156753208,26394.091606484613,29137.668,Model 2,test
Slovenia,SVN,Europe & Central Asia,2021,2022,28360.3041,30068.0443,30190.798674525104,30087.30123575184,31294.816017381818,34811.32,Model 2,test
Slovenia,SVN,Europe & Central Asia,2022,2023,32660.4754,29324.2863,29459.836225355135,29289.442530708377,30396.11666709484,32615.84,Model 2,test
Sweden,SWE,Europe & Central Asia,2018,2019,51648.9893,55160.0247,55114.22873964202,55131.83499930883,53569.30576177618,52480.125,Model 2,test
Sweden,SWE,Europe & Central Asia,2019,2020,52568.5727,52787.6137,52847.388420685216,52834.54386834735,53044.943145828904,49231.918,Model 2,test
Sweden,SWE,Europe & Central Asia,2020,2021,60647.5416,53588.7207,53609.52300707247,53660.58360650647,53690.33192863112,52469.066,Model 2,test
Sweden,SWE,Europe & Central Asia,2021,2022,54836.8907,61805.2105,61787.20374385831,61804.15561255944,58507.1288233556,58816.445,Model 2,test
Sweden,SWE,Europe & Central Asia,2022,2023,54950.2835,56069.1372,56089.67957047685,56012.10882979493,51403.748804905255,51114.797,Model 2,test
Eswatini,SWZ,Sub-Saharan Africa ,2018,2019,3913.1458,4059.067,4038.3555416789072,4075.057909117423,3990.9537331435736,4021.882,Model 2,test
Eswatini,SWZ,Sub-Saharan Africa ,2019,2020,3466.5694,4004.1698,3993.1624226935137,4025.9525695380134,3932.017146522497,3906.6865,Model 2,test
Syrian Arab Republic,SYR,"Middle East, North Africa, Afghanistan & Pakistan",2018,2019,1109.5393,1167.401,1181.9392244160144,1183.3530631798972,1215.9672488653673,1233.5394,Model 2,test
Chad,TCD,Sub-Saharan Africa ,2018,2019,893.3364,981.0966,973.9323465986744,991.2250751753731,946.7224957960312,999.31177,Model 2,test
Chad,TCD,Sub-Saharan Africa ,2019,2020,866.9478,924.6455,919.2185255682444,935.880643201592,958.5980272145232,946.7436,Model 2,test
Chad,TCD,Sub-Saharan Africa ,2020,2021,946.3585,899.0851,894.1065312175447,909.0451651385272,890.3833855479536,912.7048,Model 2,test
Chad,TCD,Sub-Saharan Africa ,2021,2022,966.0365,978.3818,972.5728393716024,990.4439845083224,980.3439534706216,990.29193,Model 2,test
Chad,TCD,Sub-Saharan Africa ,2022,2023,949.3335,1003.2172,998.414589928084,1013.796174516946,945.3152464235192,1013.17773,Model 2,test
Togo,TGO,Sub-Saharan Africa ,2018,2019,826.2552,898.6485,902.5054688241012,908.369627579318,841.6884537002529,861.3197,Model 2,test
Togo,TGO,Sub-Saharan Africa ,2019,2020,863.4687,872.7075,877.8340656245394,883.3511194569528,875.3814273788929,951.2597,Model 2,test
Togo,TGO,Sub-Saharan Africa ,2020,2021,962.0752,909.947,916.2529021195824,922.3487365592516,891.2820127644854,1011.7675,Model 2,test
Togo,TGO,Sub-Saharan Africa ,2021,2022,951.2324,1012.8088,1019.0921754688392,1025.618707849301,983.77169307704,1085.6694,Model 2,test
Togo,TGO,Sub-Saharan Africa ,2022,2023,1055.0173,1003.7762,1011.8318474689456,1016.5654468079669,993.9004629524086,1105.5056,Model 2,test
Thailand,THA,East Asia & Pacific,2018,2019,7605.6966,7437.1181,7482.552779917683,7498.003969123327,7560.574668133469,7796.354,Model 2,test
Thailand,THA,East Asia & Pacific,2019,2020,6985.6439,7939.0142,7995.9727935503315,8019.7718551704,8064.421751395,9089.115,Model 2,test
Thailand,THA,East Asia & Pacific,2020,2021,7057.2075,7283.1873,7357.615377913785,7382.598654302301,7599.880305151702,7947.053,Model 2,test
Thailand,THA,East Asia & Pacific,2021,2022,6909.3528,7353.0704,7438.651609649365,7461.1956814646355,7729.235867378911,8379.165,Model 2,test
Thailand,THA,East Asia & Pacific,2022,2023,7195.1013,7149.9236,7221.595528593251,7269.688168983892,7125.605272142938,7658.3223,Model 2,test
Timor-Leste,TLS,East Asia & Pacific,2018,2019,1562.3646,1298.8782,1311.6937840092464,1307.5202380192914,1295.7322423284286,1381.6824,Model 2,test
Timor-Leste,TLS,East Asia & Pacific,2019,2020,1630.8694,1657.2831,1670.1928323822856,1666.8117183379777,1745.7720361575969,1892.1569,Model 2,test
Timor-Leste,TLS,East Asia & Pacific,2020,2021,2684.9268,1728.6589,1743.317272113821,1739.8748713625887,1779.5155627122062,1994.9293,Model 2,test
Timor-Leste,TLS,East Asia & Pacific,2021,2022,2343.2495,2816.7329,2825.7085171779336,2827.174978470401,2869.3073105788285,3034.4749,Model 2,test
Tonga,TON,East Asia & Pacific,2018,2019,4788.8334,4938.9603,4977.81509031551,4927.64339469696,4928.437258389844,5536.848,Model 2,test
Tonga,TON,East Asia & Pacific,2019,2020,4792.3585,5050.2876,5092.645196840238,5046.220984633865,4936.928417221183,5540.6035,Model 2,test
Tonga,TON,East Asia & Pacific,2020,2021,4922.8017,5049.5954,5095.532654447902,5050.859008312754,4974.859802667025,5564.682,Model 2,test
Tonga,TON,East Asia & Pacific,2021,2022,5298.0194,5185.9763,5231.706613590859,5182.184018323677,5190.276641050984,5621.1665,Model 2,test
Tonga,TON,East Asia & Pacific,2022,2023,5651.5937,5583.9838,5634.830478601683,5574.251191087067,5425.759575679077,6439.649,Model 2,test
Trinidad and Tobago,TTO,Latin America & Caribbean ,2018,2019,17212.6129,17968.5599,17936.490508728453,17987.647912780958,17501.145798061945,17915.4,Model 2,test
Trinidad and Tobago,TTO,Latin America & Caribbean ,2019,2020,15283.6271,17606.5506,17588.7125481371,17635.799894637887,17271.666282969225,17037.9,Model 2,test
Trinidad and Tobago,TTO,Latin America & Caribbean ,2020,2021,17712.5674,15647.937,15654.743724259706,15695.209907493105,14437.608009685242,15289.682,Model 2,test
Trinidad and Tobago,TTO,Latin America & Caribbean ,2021,2022,20750.5202,17996.3234,17971.666976385794,18064.47396840807,17597.865628683103,17212.207,Model 2,test
Trinidad and Tobago,TTO,Latin America & Caribbean ,2022,2023,18308.4536,21177.5022,21150.56074924236,21193.893180003135,19789.273433082548,20873.34,Model 2,test
Tunisia,TUN,"Middle East, North Africa, Afghanistan & Pakistan",2018,2019,3528.8721,3838.1565,3893.9659920033832,3874.777395123712,3764.212748269523,4136.1094,Model 2,test
Tunisia,TUN,"Middle East, North Africa, Afghanistan & Pakistan",2019,2020,3548.6536,3734.2626,3792.831217439112,3773.1774703218225,3777.2095057636975,4171.806,Model 2,test
Tunisia,TUN,"Middle East, North Africa, Afghanistan & Pakistan",2020,2021,3906.9393,3746.4536,3804.2579171559473,3788.6644642016504,3748.2091807822,4129.039,Model 2,test
Tunisia,TUN,"Middle East, North Africa, Afghanistan & Pakistan",2021,2022,3707.2928,4096.3002,4146.03308009995,4141.881047678957,4052.552856808119,4254.4326,Model 2,test
Turkiye,TUR,Europe & Central Asia,2018,2019,9395.2338,10100.9902,10162.968334572312,10160.973412885369,9903.345740914414,9207.462,Model 2,test
Turkiye,TUR,Europe & Central Asia,2019,2020,8798.1179,9801.6455,9875.663874833372,9871.117031690845,9835.199657603436,9097.007,Model 2,test
Turkiye,TUR,Europe & Central Asia,2020,2021,9981.764,9146.2126,9216.210700739895,9231.954548251915,9661.46419490176,9302.563,Model 2,test
Turkiye,TUR,Europe & Central Asia,2021,2022,10897.8398,10344.2197,10404.494146269531,10424.486460829978,10017.312028450173,10668.982,Model 2,test
Turkiye,TUR,Europe & Central Asia,2022,2023,13375.0947,11483.3054,11540.379953643203,11407.153217125391,10598.767864340149,10160.714,Model 2,test
Tanzania,TZA,Sub-Saharan Africa ,2018,2019,1063.3225,1087.3313,1093.8860794202903,1099.5949336081576,1033.4810748951295,1027.1808,Model 2,test
Tanzania,TZA,Sub-Saharan Africa ,2019,2020,1117.4153,1130.4473,1137.6274798448098,1143.1697786215434,1042.6877876048873,1102.5912,Model 2,test
Tanzania,TZA,Sub-Saharan Africa ,2020,2021,1159.8566,1188.3206,1196.8164111303938,1202.0657202865018,1188.500692743829,1236.5004,Model 2,test
Tanzania,TZA,Sub-Saharan Africa ,2021,2022,1207.5206,1229.7795,1238.0114805477692,1244.8268099704708,1251.740124592064,1272.8479,Model 2,test
Tanzania,TZA,Sub-Saharan Africa ,2022,2023,1224.0022,1280.8329,1290.683756237744,1297.012444611155,1292.2979743964506,1340.5883,Model 2,test
Uganda,UGA,Sub-Saharan Africa ,2018,2019,822.1712,847.6907,854.5968370262758,856.9585175893417,805.9389912296917,830.3708,Model 2,test
Uganda,UGA,Sub-Saharan Africa ,2019,2020,845.7665,880.0436,887.7418936888025,889.8427281799802,870.9397624136494,884.85034,Model 2,test
Uganda,UGA,Sub-Saharan Africa ,2020,2021,882.7917,905.9321,912.9997573029484,914.9044864817166,870.6316234099687,860.5159,Model 2,test
Uganda,UGA,Sub-Saharan Africa ,2021,2022,963.0673,944.0984,951.5205540617932,954.106983236283,1006.048067175636,937.4813,Model 2,test
Uganda,UGA,Sub-Saharan Africa ,2022,2023,1002.3091,1032.9843,1041.1739464797963,1041.7190793931322,1020.9622820286486,1039.8267,Model 2,test
Ukraine,UKR,Europe & Central Asia,2018,2019,3619.8616,3228.1978,3268.1888228693524,3266.3003886267325,3021.2516004126046,3440.672,Model 2,test
Ukraine,UKR,Europe & Central Asia,2019,2020,3709.7693,3802.648,3850.142798971475,3853.329629376723,3935.841534793647,4064.9348,Model 2,test
Ukraine,UKR,Europe & Central Asia,2020,2021,4775.9458,3879.4982,3929.1416542519296,3941.050018633666,3966.1215327851887,4163.841,Model 2,test
Ukraine,UKR,Europe & Central Asia,2021,2022,4199.6709,4955.9905,5001.128405231885,5025.320789094667,5332.811728860446,5355.7603,Model 2,test
Uruguay,URY,Latin America & Caribbean ,2018,2019,18315.7317,19862.9874,19928.743527252867,19885.708055021765,19759.725549467297,19900.678,Model 2,test
Uruguay,URY,Latin America & Caribbean ,2019,2020,15757.5356,18903.9829,18984.726020693528,18941.180368660247,18838.158194430835,19747.71,Model 2,test
Uruguay,URY,Latin America & Caribbean ,2020,2021,17881.8187,16341.9504,16458.027182843634,16384.882828537666,15962.260737560448,15569.758,Model 2,test
Uruguay,URY,Latin America & Caribbean ,2021,2022,20818.6146,18348.828,18407.406183736573,18414.945984888695,18546.145116710195,18494.43,Model 2,test
Uruguay,URY,Latin America & Caribbean ,2022,2023,23019.4222,21359.0281,21422.1317853075,21415.50133423282,20646.18359069781,22830.191,Model 2,test
United States,USA,North America,2018,2019,64746.4507,62683.5678,62128.98292580896,63005.85049429713,59859.76202363199,63274.324,Model 2,test
United States,USA,North America,2019,2020,63515.9492,64896.3808,64320.20934500685,65240.09967871323,63271.524835585755,70583.305,Model 2,test
United States,USA,North America,2020,2021,70205.0509,63367.8353,62739.580336540675,63763.28222756621,57298.29424725752,58835.35,Model 2,test
United States,USA,North America,2021,2022,76657.2489,69856.5807,69033.6015589295,70211.8918258937,54533.98848886491,58308.996,Model 2,test
United States,USA,North America,2022,2023,81032.2621,76415.3144,75531.74058200743,76704.72043533239,70765.43144925089,72016.01,Model 2,test
Uzbekistan,UZB,Europe & Central Asia,2018,2019,2041.3848,1930.8559,1958.3830745197736,1952.2137616082348,1993.92300311385,2067.5696,Model 2,test
Uzbekistan,UZB,Europe & Central Asia,2019,2020,1978.2805,2160.7159,2195.1428089810993,2192.5402779556334,2182.440849571518,2339.591,Model 2,test
Uzbekistan,UZB,Europe & Central Asia,2020,2021,2258.5196,2090.3952,2123.432050062059,2123.210202488248,2137.1719752532063,2299.2688,Model 2,test
Uzbekistan,UZB,Europe & Central Asia,2021,2022,2578.6669,2378.0271,2415.5199518239824,2417.853723871226,2388.1442857445672,2571.623,Model 2,test
Uzbekistan,UZB,Europe & Central Asia,2022,2023,2878.9688,2707.8999,2751.499943938829,2755.1601975662293,2682.7088783915724,3136.4685,Model 2,test
St. Vincent and the Grenadines,VCT,Latin America & Caribbean ,2018,2019,8740.5943,8765.6926,8800.089151837015,8741.209713540262,8556.728293488413,9173.043,Model 2,test
St. Vincent and the Grenadines,VCT,Latin America & Caribbean ,2019,2020,8351.2032,9073.6721,9112.279243914692,9057.248221289265,8939.38709080146,9062.354,Model 2,test
St. Vincent and the Grenadines,VCT,Latin America & Caribbean ,2020,2021,8641.279,8634.8125,8670.625650832108,8635.214908314145,8508.794283884312,8823.01,Model 2,test
St. Vincent and the Grenadines,VCT,Latin America & Caribbean ,2021,2022,9693.5587,8912.9696,8950.149941022653,8918.479688555637,8749.83609498269,9876.723,Model 2,test
St. Vincent and the Grenadines,VCT,Latin America & Caribbean ,2022,2023,10582.3657,10027.9006,10087.34521543079,10025.480797315327,9494.601438808357,9851.033,Model 2,test
Viet Nam,VNM,East Asia & Pacific,2018,2019,3440.9003,3385.5935,3428.783216425682,3440.714213679443,3371.863570430244,3640.5051,Model 2,test
Viet Nam,VNM,East Asia & Pacific,2019,2020,3534.0395,3612.3652,3656.032489624394,3669.533919842944,3686.394896464108,3891.0142,Model 2,test
Viet Nam,VNM,East Asia & Pacific,2020,2021,3704.1936,3718.3535,3767.9698418155817,3776.702916719862,3891.312007046294,4393.927,Model 2,test
Viet Nam,VNM,East Asia & Pacific,2021,2022,4147.6978,3877.0986,3925.0486942942007,3943.0565961867655,3946.7202870151873,4345.4907,Model 2,test
Viet Nam,VNM,East Asia & Pacific,2022,2023,4323.3503,4333.8683,4386.9673164978385,4407.344829083559,4416.441763007569,4468.756,Model 2,test
South Africa,ZAF,Sub-Saharan Africa ,2018,2019,6533.7112,7037.1033,7024.325763002312,7116.6678121881005,6685.870939922882,7074.5273,Model 2,test
South Africa,ZAF,Sub-Saharan Africa ,2019,2020,5580.6038,6649.9973,6653.455024821513,6739.120171584306,6612.199969759638,7046.039,Model 2,test
South Africa,ZAF,Sub-Saharan Africa ,2020,2021,6828.7562,5677.5496,5686.867223936857,5764.681586543308,5823.832324957367,5734.7627,Model 2,test
South Africa,ZAF,Sub-Saharan Africa ,2021,2022,6534.2487,6866.0226,6847.96681117748,6971.030406769996,6492.277889274523,7168.0503,Model 2,test
South Africa,ZAF,Sub-Saharan Africa ,2022,2023,6034.2721,6631.3562,6642.733725604461,6730.12328832024,6596.9660766334355,6838.334,Model 2,test
Zambia,ZMB,Sub-Saharan Africa ,2018,2019,1258.9862,1538.1964,1537.8740081809003,1548.5271981565077,1471.759600660974,1431.0126,Model 2,test
Zambia,ZMB,Sub-Saharan Africa ,2019,2020,951.6443,1329.3886,1332.1172577049854,1338.759403234859,1358.962546780781,1220.3623,Model 2,test
Zambia,ZMB,Sub-Saharan Africa ,2020,2021,1127.1608,1012.5363,1017.6513522764058,1019.498865719609,1006.1429036127104,987.24896,Model 2,test
Zambia,ZMB,Sub-Saharan Africa ,2021,2022,1447.1231,1194.663,1197.110264492338,1200.1036018589875,1251.1866669899923,1113.0897,Model 2,test
Zambia,ZMB,Sub-Saharan Africa ,2022,2023,1330.7278,1533.8241,1538.605103336472,1542.264505932361,1519.244865119066,1652.8604,Model 2,test
Zimbabwe,ZWE,Sub-Saharan Africa ,2018,2019,2184.3292,2357.5767,2348.805400051286,2371.4136452075127,2457.063802567079,2175.28,Model 2,test
Zimbabwe,ZWE,Sub-Saharan Africa ,2019,2020,2059.6745,2369.0099,2346.942816673183,2283.85516346844,2318.059955835043,2076.7954,Model 2,test
Zimbabwe,ZWE,Sub-Saharan Africa ,2020,2021,2613.6054,2237.2497,2220.043992108338,2158.749727507999,2207.35149871782,2029.1982,Model 2,test
Zimbabwe,ZWE,Sub-Saharan Africa ,2021,2022,2536.4005,2759.8976,2738.3727240508106,2715.7074119450963,2719.4097467994384,2467.5059,Model 2,test
Zimbabwe,ZWE,Sub-Saharan Africa ,2022,2023,2195.2249,2696.865,2683.8721274898076,2650.8017748201605,2653.8771321212344,2428.726,Model 2,test
