country_name,country_code,wb_region,feature_year,target_year,actual_gdp_next_year,pred_ols,pred_ridge,pred_elastic_net,pred_random_forest,pred_xgboost,spec,split
Afghanistan,AFG,"Middle East, North Africa, Afghanistan & Pakistan",2005,2006,274.2186,274.6472,273.44111452336534,273.60303082671624,275.94828670717305,272.14062,Model 1,train
Afghanistan,AFG,"Middle East, North Africa, Afghanistan & Pakistan",2006,2007,376.2232,296.0343,294.7447676921866,294.91788740571803,327.1506026164452,290.04868,Model 1,train
Afghanistan,AFG,"Middle East, North Africa, Afghanistan & Pakistan",2007,2008,381.7332,403.9095,402.0496702854661,402.2799317183677,383.16126936963497,385.49854,Model 1,train
Afghanistan,AFG,"Middle East, North Africa, Afghanistan & Pakistan",2008,2009,452.0537,410.44,408.7386758091689,408.9632655956234,415.7023131848172,419.0885,Model 1,train
Afghanistan,AFG,"Middle East, North Africa, Afghanistan & Pakistan",2009,2010,560.6215,484.9737,482.9892547020086,483.2474391542595,498.6751780210943,491.83112,Model 1,train
Afghanistan,AFG,"Middle East, North Africa, Afghanistan & Pakistan",2010,2011,606.6947,599.4302,596.936355433212,597.2473516189975,598.2823034897723,602.25275,Model 1,train
Afghanistan,AFG,"Middle East, North Africa, Afghanistan & Pakistan",2011,2012,651.4171,648.4687,645.9005499326054,646.2279294966637,633.2840341208793,647.72327,Model 1,train
Afghanistan,AFG,"Middle East, North Africa, Afghanistan & Pakistan",2012,2013,637.0871,696.0314,693.3896991515189,693.7333886197545,661.1032993784527,687.1425,Model 1,train
Afghanistan,AFG,"Middle East, North Africa, Afghanistan & Pakistan",2013,2014,625.0549,681.7456,679.3616626745213,679.6915430484562,635.7531844281967,654.08276,Model 1,train
Afghanistan,AFG,"Middle East, North Africa, Afghanistan & Pakistan",2014,2015,565.5697,669.2099,666.891138859289,667.2175091947632,625.6389580528172,646.39374,Model 1,train
Afghanistan,AFG,"Middle East, North Africa, Afghanistan & Pakistan",2015,2016,522.0822,606.7513,604.7240228951961,605.0236265660636,569.6462642548079,600.7507,Model 1,train
Afghanistan,AFG,"Middle East, North Africa, Afghanistan & Pakistan",2016,2017,525.4698,561.5095,559.8292474280769,560.1020123075937,532.4457337098366,551.513,Model 1,train
Afghanistan,AFG,"Middle East, North Africa, Afghanistan & Pakistan",2017,2018,491.3372,564.7216,562.9132130004033,563.1949417291638,533.7691348319194,569.09485,Model 1,train
Angola,AGO,Sub-Saharan Africa ,1996,1997,521.7029,549.6715,542.6117958877971,543.1073806416465,542.2663403526554,552.26434,Model 1,train
Angola,AGO,Sub-Saharan Africa ,1997,1998,429.1881,540.4543,533.6027620250826,534.0881668511093,496.8886450485083,521.8703,Model 1,train
Angola,AGO,Sub-Saharan Africa ,1998,1999,392.7255,445.0326,439.1367693562034,439.55903863759255,409.62347655043504,445.1499,Model 1,train
Angola,AGO,Sub-Saharan Africa ,1999,2000,563.7338,408.2993,403.0272380319952,403.41232124704766,461.9155723839614,420.07205,Model 1,train
Angola,AGO,Sub-Saharan Africa ,2000,2001,533.5862,582.7077,575.102116037653,575.6383469694138,571.7626493552988,581.44794,Model 1,train
Angola,AGO,Sub-Saharan Africa ,2001,2002,999.0659,552.8534,545.8586652164657,546.3607372417437,656.9223379832488,557.4761,Model 1,train
Angola,AGO,Sub-Saharan Africa ,2002,2003,1133.6633,1023.9397,1010.5183217303628,1011.4163044404908,1107.268084593938,1060.3698,Model 1,train
Angola,AGO,Sub-Saharan Africa ,2003,2004,1451.4712,1165.4524,1151.7339904584442,1152.6664426894722,1316.1851124774353,1146.215,Model 1,train
Angola,AGO,Sub-Saharan Africa ,2004,2005,2145.8862,1487.8124,1470.5640234974887,1471.7121316634134,1806.523785744235,1502.7356,Model 1,train
Angola,AGO,Sub-Saharan Africa ,2005,2006,2930.4443,2187.2616,2161.950498086004,2163.564851438297,2437.031118510356,2319.6526,Model 1,train
Angola,AGO,Sub-Saharan Africa ,2006,2007,3515.0568,2973.7685,2939.4410655236384,2941.556788462513,3361.528181418797,3379.5627,Model 1,train
Angola,AGO,Sub-Saharan Africa ,2007,2008,4578.1553,3564.2264,3524.866540579031,3527.2638002184035,4286.821832350848,3913.3726,Model 1,train
Angola,AGO,Sub-Saharan Africa ,2008,2009,3645.1485,4628.9789,4579.099144184119,4582.052993316789,4024.528927120985,4525.906,Model 1,train
Angola,AGO,Sub-Saharan Africa ,2009,2010,4101.6372,3711.2031,3674.7193071515535,3676.9990890695294,4378.290940450554,4094.188,Model 1,train
Angola,AGO,Sub-Saharan Africa ,2010,2011,5184.1527,4175.9405,4136.7781713453605,4139.2163418906,4764.263773415523,4248.5576,Model 1,train
Angola,AGO,Sub-Saharan Africa ,2011,2012,5702.4531,5263.3226,5214.7948190530915,5217.731165846306,5257.987476346674,5073.6973,Model 1,train
Angola,AGO,Sub-Saharan Africa ,2012,2013,5688.5792,5789.4627,5738.150138500553,5741.244691510284,5380.54112385767,5320.816,Model 1,train
Angola,AGO,Sub-Saharan Africa ,2013,2014,5649.6876,5786.4249,5737.960946962498,5740.9317299224895,5325.794502459691,5462.456,Model 1,train
Angola,AGO,Sub-Saharan Africa ,2014,2015,3641.7289,5757.0161,5711.274034106298,5714.126999241708,4759.5202970140845,5275.9614,Model 1,train
Angola,AGO,Sub-Saharan Africa ,2015,2016,2051.8146,3750.2041,3724.4566794006423,3726.2722631411607,2924.8147730371375,3783.7363,Model 1,train
Angola,AGO,Sub-Saharan Africa ,2016,2017,2790.7189,2140.8536,2128.823095489569,2129.843471977153,2501.855971384253,2143.9004,Model 1,train
Angola,AGO,Sub-Saharan Africa ,2017,2018,2860.0936,2896.8766,2880.052568308357,2881.3889492463773,2821.2424818285817,2770.7815,Model 1,train
Albania,ALB,Europe & Central Asia,1995,1996,1020.9762,1000.1102,1007.1283499057096,1006.7962802229044,1006.6821383820126,1052.3488,Model 1,train
Albania,ALB,Europe & Central Asia,1996,1997,728.5455,1118.0981,1125.8210982209744,1125.4436475266552,986.9113173685516,1112.6036,Model 1,train
Albania,ALB,Europe & Central Asia,1997,1998,831.1753,801.9764,807.5511189891309,807.3035124515103,836.9434609708098,846.50616,Model 1,train
Albania,ALB,Europe & Central Asia,1998,1999,1056.3448,914.6566,921.4422566436984,921.1254457232208,978.616360159408,977.82965,Model 1,train
Albania,ALB,Europe & Central Asia,1999,2000,1160.4205,1157.3411,1165.6628070679053,1165.248937198083,1092.1164213530897,1157.853,Model 1,train
Albania,ALB,Europe & Central Asia,2000,2001,1326.4165,1269.7284,1278.9038787218883,1278.4353445592978,1324.5395481660278,1374.7773,Model 1,train
Albania,ALB,Europe & Central Asia,2001,2002,1479.8388,1448.3113,1458.7425696749583,1458.190327412353,1469.206750202832,1479.3942,Model 1,train
Albania,ALB,Europe & Central Asia,2002,2003,1908.699,1613.0628,1624.6452519289014,1624.0149206758988,1756.8124797289577,1707.9368,Model 1,train
Albania,ALB,Europe & Central Asia,2003,2004,2446.9095,2071.0038,2085.4125674960765,2084.5771367472043,2300.0187689865215,2201.3025,Model 1,train
Albania,ALB,Europe & Central Asia,2004,2005,2741.7214,2644.0307,2662.110831388747,2660.997848207133,2775.995922841367,2745.1006,Model 1,train
Albania,ALB,Europe & Central Asia,2005,2006,3057.7726,2959.1372,2979.8235828631236,2978.520939199861,3029.8394049859903,3049.93,Model 1,train
Albania,ALB,Europe & Central Asia,2006,2007,3743.0553,3297.4552,3321.2455975208145,3319.7190962892314,3599.813808484787,3400.5352,Model 1,train
Albania,ALB,Europe & Central Asia,2007,2008,4498.5049,4026.6153,4056.338207462531,4054.358935655837,4172.381177233218,4111.855,Model 1,train
Albania,ALB,Europe & Central Asia,2008,2009,4213.6501,4827.6741,4863.793158865311,4861.307246763595,4454.653535455965,4678.114,Model 1,train
Albania,ALB,Europe & Central Asia,2009,2010,4149.1447,4530.9847,4566.209053383122,4563.830871240372,4401.237198611742,4725.3916,Model 1,train
Albania,ALB,Europe & Central Asia,2010,2011,4465.7091,4462.0372,4496.572865936782,4494.2431359690445,4406.580566026279,4637.3853,Model 1,train
Albania,ALB,Europe & Central Asia,2011,2012,4280.9332,4793.9533,4830.147691020933,4827.658103644137,4431.09401949577,4690.7114,Model 1,train
Albania,ALB,Europe & Central Asia,2012,2013,4542.929,4597.2445,4631.6643918499,4629.303246716005,4513.84484683738,4526.566,Model 1,train
Albania,ALB,Europe & Central Asia,2013,2014,4793.5975,4871.7174,4907.532088727259,4905.029795381862,4662.664680841529,4740.296,Model 1,train
Albania,ALB,Europe & Central Asia,2014,2015,4199.5391,5135.4163,5172.954347214904,5170.293844459112,4803.570577048083,5191.694,Model 1,train
Albania,ALB,Europe & Central Asia,2015,2016,4457.6341,4514.9678,4550.034419207983,4547.635703298459,4457.5094974948715,4487.821,Model 1,train
Albania,ALB,Europe & Central Asia,2016,2017,5006.3601,4790.0301,4827.8133545366345,4825.203389772558,4841.321639251274,4948.2876,Model 1,train
Albania,ALB,Europe & Central Asia,2017,2018,5897.6545,5370.364,5412.789280433659,5409.792442972535,5529.682350481769,5631.571,Model 1,train
United Arab Emirates,ARE,"Middle East, North Africa, Afghanistan & Pakistan",2008,2009,37803.0664,51479.0526,51733.734505350374,51706.43742327038,43830.46210839498,48114.54,Model 1,train
United Arab Emirates,ARE,"Middle East, North Africa, Afghanistan & Pakistan",2009,2010,44795.2949,39108.3736,39318.472968943555,39298.140204424555,41144.38731570557,39730.53,Model 1,train
United Arab Emirates,ARE,"Middle East, North Africa, Afghanistan & Pakistan",2010,2011,51921.9045,46202.3554,46443.21148560531,46418.95424320552,47384.83921444281,47517.176,Model 1,train
United Arab Emirates,ARE,"Middle East, North Africa, Afghanistan & Pakistan",2011,2012,53141.6124,53389.3867,53653.276121401286,53625.448855926414,52713.301325196335,52329.344,Model 1,train
United Arab Emirates,ARE,"Middle East, North Africa, Afghanistan & Pakistan",2012,2013,53247.2409,54616.0144,54881.68273614828,54853.54384915679,53041.6463548452,53201.59,Model 1,train
United Arab Emirates,ARE,"Middle East, North Africa, Afghanistan & Pakistan",2013,2014,52725.2358,54723.73,54988.27235595549,54960.37847790203,52279.11058379973,53108.215,Model 1,train
United Arab Emirates,ARE,"Middle East, North Africa, Afghanistan & Pakistan",2014,2015,44910.335,54199.4079,54460.44822721331,54433.18061192581,50124.844301681456,52775.945,Model 1,train
United Arab Emirates,ARE,"Middle East, North Africa, Afghanistan & Pakistan",2015,2016,42721.0999,46323.9863,46558.36772801272,46535.42180882776,46063.96638269939,47575.35,Model 1,train
United Arab Emirates,ARE,"Middle East, North Africa, Afghanistan & Pakistan",2016,2017,43733.6192,44120.3492,44347.83540507824,44326.18662587157,44568.46204524905,45600.176,Model 1,train
United Arab Emirates,ARE,"Middle East, North Africa, Afghanistan & Pakistan",2017,2018,47135.3592,45163.2366,45398.51822146611,45376.27745076353,46236.93165233437,45669.027,Model 1,train
Armenia,ARM,Europe & Central Asia,1994,1995,443.9249,430.37,432.24116667764986,432.1951645389664,445.8508428174272,424.7022,Model 1,train
Armenia,ARM,Europe & Central Asia,1995,1996,487.0686,487.9362,490.0892074429192,490.0287121381705,461.9950360969649,457.03574,Model 1,train
Armenia,ARM,Europe & Central Asia,1996,1997,505.0359,534.8385,537.264252343937,537.1893588635353,529.8872461252854,540.8695,Model 1,train
Armenia,ARM,Europe & Central Asia,1997,1998,590.2399,554.6886,557.3270630837424,557.2405127603342,578.6260576312964,561.6992,Model 1,train
Armenia,ARM,Europe & Central Asia,1998,1999,582.6699,646.8493,649.9556518022462,649.8429167951599,607.176327514602,618.47076,Model 1,train
Armenia,ARM,Europe & Central Asia,1999,2000,593.4506,639.3584,642.627808296184,642.5058817486821,609.802879903674,637.8984,Model 1,train
Armenia,ARM,Europe & Central Asia,2000,2001,659.589,655.1943,659.7167906986488,659.5303706955635,613.6280918525794,622.6041,Model 1,train
Armenia,ARM,Europe & Central Asia,2001,2002,742.6511,726.8077,731.7525191538043,731.542053559481,701.4349143606441,684.7365,Model 1,train
Armenia,ARM,Europe & Central Asia,2002,2003,882.0302,816.0532,821.3717931822108,821.1383080975149,847.6182194248413,826.902,Model 1,train
Armenia,ARM,Europe & Central Asia,2003,2004,1130.0879,965.8,971.8371724332663,971.5581794334636,1049.896755554557,982.32495,Model 1,train
Armenia,ARM,Europe & Central Asia,2004,2005,1557.4846,1231.748,1239.1401066106453,1238.771000682225,1388.5286109948495,1225.4547,Model 1,train
Armenia,ARM,Europe & Central Asia,2005,2006,2041.6527,1686.6652,1695.9965970447672,1695.480777551298,1842.301320835565,1745.0443,Model 1,train
Armenia,ARM,Europe & Central Asia,2006,2007,2962.7023,2197.4131,2208.2640488693323,2207.603292389774,2476.2275888896556,2225.1765,Model 1,train
Armenia,ARM,Europe & Central Asia,2007,2008,3777.6686,3164.8554,3178.744191124907,3177.7710744058613,3529.9192108818943,3300.6646,Model 1,train
Armenia,ARM,Europe & Central Asia,2008,2009,2820.5927,4017.3463,4034.011119880781,4032.73215640401,3584.4549450324334,4027.0864,Model 1,train
Armenia,ARM,Europe & Central Asia,2009,2010,3041.3445,3017.6282,3031.572868734429,3030.6179514155674,3126.4142227364277,3039.61,Model 1,train
Armenia,ARM,Europe & Central Asia,2010,2011,3349.5531,3249.5995,3264.479444984926,3263.432982674006,3406.7859891927196,3327.5864,Model 1,train
Armenia,ARM,Europe & Central Asia,2011,2012,3511.564,3577.4703,3594.907901762846,3593.6658639212665,3655.40473379684,3536.9517,Model 1,train
Armenia,ARM,Europe & Central Asia,2012,2013,3680.1669,3749.6409,3768.419856711975,3767.0745195471454,3744.869280729264,3771.7966,Model 1,train
Armenia,ARM,Europe & Central Asia,2013,2014,3852.118,3930.709,3951.4595563204207,3949.975665820076,3899.414945958137,4198.416,Model 1,train
Armenia,ARM,Europe & Central Asia,2014,2015,3512.3935,4113.047,4135.184839665071,4133.590973815827,3902.011246440575,4213.449,Model 1,train
Armenia,ARM,Europe & Central Asia,2015,2016,3524.4248,3757.4228,3778.2067033485846,3776.752641095715,3651.824609259871,3872.4973,Model 1,train
Armenia,ARM,Europe & Central Asia,2016,2017,3869.0537,3770.0313,3790.8784561310567,3789.41706336556,3723.481243103719,3872.4973,Model 1,train
Armenia,ARM,Europe & Central Asia,2017,2018,4196.0056,4134.2994,4157.560206904256,4155.898498198093,4030.411034554851,4078.5957,Model 1,train
Australia,AUS,East Asia & Pacific,1991,1992,18650.3675,19576.2265,19619.69384738453,19615.92776310251,19116.3140766261,19199.078,Model 1,train
Australia,AUS,East Asia & Pacific,1992,1993,17724.54,19342.0192,19386.422194657815,19382.66968861432,18882.961429721898,19191.188,Model 1,train
Australia,AUS,East Asia & Pacific,1993,1994,18155.6282,18423.2611,18473.12655752164,18469.260126953708,19021.945487025507,16256.174,Model 1,train
Australia,AUS,East Asia & Pacific,1994,1995,20479.1748,18861.7402,18911.83677693494,18907.904445272827,19732.022828183683,16383.172,Model 1,train
Australia,AUS,East Asia & Pacific,1995,1996,22055.8385,21220.2071,21271.50107812854,21267.12706156673,21133.834207036765,17923.861,Model 1,train
Australia,AUS,East Asia & Pacific,1996,1997,23683.4949,22832.5409,22888.570774686184,22883.689909836085,22851.134971809308,21725.9,Model 1,train
Australia,AUS,East Asia & Pacific,1997,1998,21516.0403,24505.3013,24569.068579591672,24563.50307220766,23435.67851489466,24643.076,Model 1,train
Australia,AUS,East Asia & Pacific,1998,1999,20749.6444,22314.4156,22377.89415595967,22372.7660227972,21580.686744541686,22062.562,Model 1,train
Australia,AUS,East Asia & Pacific,1999,2000,21908.9968,21550.9867,21617.64786052968,21612.511766704723,21810.534452822,21269.365,Model 1,train
Australia,AUS,East Asia & Pacific,2000,2001,19733.651,22746.0692,22818.832954099693,22813.196358671412,21487.210334769785,22909.188,Model 1,train
Australia,AUS,East Asia & Pacific,2001,2002,20335.096,20551.2486,20625.68160839136,20620.36165681827,20951.241615633975,20961.672,Model 1,train
Australia,AUS,East Asia & Pacific,2005,2006,36658.8243,35657.3114,35782.13436966197,35771.42388726757,36309.805798105226,36642.656,Model 1,train
Australia,AUS,East Asia & Pacific,2006,2007,41128.2477,37821.1913,37954.51932824741,37942.95027309758,40472.89489608277,39758.39,Model 1,train
Australia,AUS,East Asia & Pacific,2007,2008,49811.2067,42356.9047,42504.76530038544,42491.50683116077,46277.534978971766,44057.49,Model 1,train
Australia,AUS,East Asia & Pacific,2008,2009,42954.8495,51109.0095,51274.13883713395,51258.024144136165,45559.974450848305,49793.395,Model 1,train
Australia,AUS,East Asia & Pacific,2009,2010,52313.8939,44222.7858,44379.36583965561,44365.41062582825,47579.32640403053,46288.29,Model 1,train
Australia,AUS,East Asia & Pacific,2010,2011,62799.3895,53658.9897,53836.66587696509,53819.472153689974,56336.34342639133,53677.387,Model 1,train
Australia,AUS,East Asia & Pacific,2011,2012,68301.4403,64202.7888,64404.39779530222,64383.39267895301,63903.70143761974,59932.582,Model 1,train
Australia,AUS,East Asia & Pacific,2012,2013,68476.6788,69731.2205,69946.52724405531,69923.48053118799,67412.16983352076,69221.2,Model 1,train
Australia,AUS,East Asia & Pacific,2013,2014,62817.2062,69921.9584,70140.89813796339,70117.73449760918,66332.79148956327,68076.766,Model 1,train
Australia,AUS,East Asia & Pacific,2014,2015,56970.3613,64278.8812,64494.343996370575,64472.922411014384,61639.482997872874,58941.72,Model 1,train
Australia,AUS,East Asia & Pacific,2015,2016,50084.4441,58425.9191,58633.71718838192,58614.239775172784,53017.33267723114,54641.47,Model 1,train
Australia,AUS,East Asia & Pacific,2016,2017,54117.5477,51504.9233,51699.30122671876,51682.24801290919,50308.25947746229,49770.32,Model 1,train
Australia,AUS,East Asia & Pacific,2017,2018,57410.1737,55569.4431,55773.083547857,55754.69320818266,54106.015676520125,54641.47,Model 1,train
Austria,AUT,Europe & Central Asia,1991,1992,24782.7119,22997.1764,23040.14010934853,23033.900403102984,23568.882839796297,22633.543,Model 1,train
Austria,AUT,Europe & Central Asia,1992,1993,23987.2037,25488.2624,25534.778278328995,25527.69940901732,25367.24706487661,24738.82,Model 1,train
Austria,AUT,Europe & Central Asia,1993,1994,25546.2461,24701.4311,24751.762650267257,24744.722956847716,25413.337985115744,24439.902,Model 1,train
Austria,AUT,Europe & Central Asia,1994,1995,30207.0674,26295.2464,26352.38321529857,26344.557607151037,27873.50512369894,25559.775,Model 1,train
Austria,AUT,Europe & Central Asia,1995,1996,29645.9451,31004.6421,31068.991370641917,31059.44056451388,30020.93837980432,31184.91,Model 1,train
Austria,AUT,Europe & Central Asia,1996,1997,26571.7524,30455.3809,30523.655796071776,30514.06587671175,28322.362815101456,29927.637,Model 1,train
Austria,AUT,Europe & Central Asia,1997,1998,27212.4643,27388.5765,27463.09243569645,27454.063576180262,26487.014972182795,27175.408,Model 1,train
Austria,AUT,Europe & Central Asia,1998,1999,27078.7082,28059.2312,28141.21297530784,28131.607053759293,26993.80414282977,28405.1,Model 1,train
Austria,AUT,Europe & Central Asia,1999,2000,24487.2975,27938.0005,28023.6913419015,28013.931854429346,26454.970339911484,27313.87,Model 1,train
Austria,AUT,Europe & Central Asia,2000,2001,24430.496,25332.0005,25418.01494378118,25408.97405753687,25494.697009532418,25700.934,Model 1,train
Austria,AUT,Europe & Central Asia,2001,2002,26334.8622,25301.955,25395.60696725017,25386.18534970598,25803.680260859575,26658.305,Model 1,train
Austria,AUT,Europe & Central Asia,2002,2003,32110.116,27238.8354,27338.1476222676,27327.905835524056,29886.172383019617,27968.693,Model 1,train
Austria,AUT,Europe & Central Asia,2003,2004,36614.2507,33073.4024,33182.325063790515,33169.90357126514,34502.09796610102,32546.953,Model 1,train
Austria,AUT,Europe & Central Asia,2004,2005,38157.3702,37661.1295,37791.15989089067,37776.25976421966,39051.58413124563,39665.227,Model 1,train
Austria,AUT,Europe & Central Asia,2005,2006,40382.2078,39229.1447,39365.73102088931,39350.02572990734,40385.282854665675,40195.99,Model 1,train
Austria,AUT,Europe & Central Asia,2006,2007,46622.9623,41523.3794,41679.55163617827,41662.11773562496,44635.048445847926,43198.668,Model 1,train
Austria,AUT,Europe & Central Asia,2007,2008,51581.3982,47833.9749,48012.59706737115,47991.95167060114,49718.65912084826,47163.85,Model 1,train
Austria,AUT,Europe & Central Asia,2008,2009,47857.4447,52843.588,53041.31573556137,53018.0026468965,49296.02079337801,51976.562,Model 1,train
Austria,AUT,Europe & Central Asia,2009,2010,46611.1393,49091.8212,49277.81841297415,49256.39754438711,47962.35511755691,48665.914,Model 1,train
Austria,AUT,Europe & Central Asia,2010,2011,51116.8954,47868.1177,48059.4873875586,48038.203968264854,50096.19040226405,47091.72,Model 1,train
Austria,AUT,Europe & Central Asia,2011,2012,48250.4059,52447.1648,52663.383912416546,52639.28357572578,49132.18789820418,51790.664,Model 1,train
Austria,AUT,Europe & Central Asia,2012,2013,50305.3546,49558.8062,49765.789019963784,49743.16698571893,48973.79040171189,48631.258,Model 1,train
Austria,AUT,Europe & Central Asia,2013,2014,51314.9723,51649.936,51868.91048491697,51844.99112060704,50027.03472697396,49310.72,Model 1,train
Austria,AUT,Europe & Central Asia,2014,2015,43915.228,52709.8067,52943.84338022246,52918.82025956319,47368.23792782299,51516.63,Model 1,train
Austria,AUT,Europe & Central Asia,2015,2016,45061.4994,45219.4704,45421.472248406506,45400.65401691359,45978.77172754663,45156.47,Model 1,train
Austria,AUT,Europe & Central Asia,2016,2017,47163.7426,46425.4721,46644.65923726804,46622.60334849413,47566.31805849975,47038.395,Model 1,train
Austria,AUT,Europe & Central Asia,2017,2018,51194.075,48545.6212,48770.94226102713,48747.90973980565,49804.329884436025,48597.875,Model 1,train
Azerbaijan,AZE,Europe & Central Asia,1994,1995,314.558,172.5702,172.44341344166054,172.4997663085664,218.2537827522949,183.62653,Model 1,train
Azerbaijan,AZE,Europe & Central Asia,1995,1996,409.1855,342.0907,341.8446673500594,341.9342848687842,362.9719303703281,331.83185,Model 1,train
Azerbaijan,AZE,Europe & Central Asia,1996,1997,505.5162,443.3844,443.095779054874,443.1999075422161,474.3603358913231,387.25397,Model 1,train
Azerbaijan,AZE,Europe & Central Asia,1997,1998,561.9068,545.7749,545.3394720831468,545.4615574618405,559.1815765543685,562.23114,Model 1,train
Azerbaijan,AZE,Europe & Central Asia,1998,1999,573.8935,606.5085,606.2453569499967,606.3641319762907,596.4483012312187,624.37573,Model 1,train
Azerbaijan,AZE,Europe & Central Asia,1999,2000,655.0972,620.6551,620.7740830855845,620.8747434312062,615.8997498758233,649.06604,Model 1,train
Azerbaijan,AZE,Europe & Central Asia,2000,2001,703.671,707.6537,707.9446722806731,708.0431790083867,701.0144791905026,690.9394,Model 1,train
Azerbaijan,AZE,Europe & Central Asia,2001,2002,763.1089,760.2327,760.7971735092871,760.8853833668629,748.9114514816476,750.87537,Model 1,train
Azerbaijan,AZE,Europe & Central Asia,2002,2003,883.6926,824.5248,825.4319628663327,825.5066250569841,834.2088141154829,827.9815,Model 1,train
Azerbaijan,AZE,Europe & Central Asia,2005,2006,2472.9573,1683.9249,1684.8647383216494,1684.9547577759324,1861.633171534085,1625.0934,Model 1,train
Azerbaijan,AZE,Europe & Central Asia,2006,2007,3851.3302,2619.054,2620.0106833758673,2620.0698787181836,2980.204996002705,2610.712,Model 1,train
Azerbaijan,AZE,Europe & Central Asia,2007,2008,5574.4681,4043.5279,4042.582213794234,4042.6371154157714,4576.064811151508,4156.0293,Model 1,train
Azerbaijan,AZE,Europe & Central Asia,2008,2009,4950.3995,5818.0576,5815.8992422523515,5815.83106793314,5754.417739621983,5772.9434,Model 1,train
Azerbaijan,AZE,Europe & Central Asia,2009,2010,5843.5338,5185.7118,5186.456616044085,5186.325005851094,5708.134431192036,5077.1094,Model 1,train
Azerbaijan,AZE,Europe & Central Asia,2010,2011,7189.8187,6106.8447,6107.837923882504,6107.589464718957,6473.362138350495,5886.3774,Model 1,train
Azerbaijan,AZE,Europe & Central Asia,2011,2012,7495.8653,7486.3894,7486.333434581902,7485.9600920306175,7413.182158485661,6946.5254,Model 1,train
Azerbaijan,AZE,Europe & Central Asia,2012,2013,7875.3454,7808.0116,7810.046723052788,7809.527997986518,8184.682588568843,7778.7676,Model 1,train
Azerbaijan,AZE,Europe & Central Asia,2013,2014,7890.8403,8202.9038,8206.52987033096,8205.879981041373,7937.930805774848,7950.9043,Model 1,train
Azerbaijan,AZE,Europe & Central Asia,2014,2015,5500.5036,8227.466,8233.442304563374,8232.677049699278,7347.193353342341,7872.7505,Model 1,train
Azerbaijan,AZE,Europe & Central Asia,2015,2016,3880.6852,5783.6001,5792.669315834305,5792.079217352349,5044.756333081016,5856.08,Model 1,train
Azerbaijan,AZE,Europe & Central Asia,2016,2017,4147.1981,4111.8628,4121.137818291563,4120.709515856866,4333.719818927474,4119.764,Model 1,train
Azerbaijan,AZE,Europe & Central Asia,2017,2018,4739.7943,4389.5421,4399.303381045431,4398.830535948722,4592.505297893769,4418.5806,Model 1,train
Burundi,BDI,Sub-Saharan Africa ,1991,1992,184.869,215.4008,212.9522175197853,213.1293575521611,201.04830193703864,215.61382,Model 1,train
Burundi,BDI,Sub-Saharan Africa ,1992,1993,165.3441,194.8709,192.65487464540672,192.81753442802324,180.5529428264847,191.34598,Model 1,train
Burundi,BDI,Sub-Saharan Africa ,1993,1994,161.8926,171.6387,168.88674106170006,169.07228617037697,167.4077142300138,175.29697,Model 1,train
Burundi,BDI,Sub-Saharan Africa ,1994,1995,164.9153,171.1432,169.24330159670782,169.3854462468626,166.2970481438802,172.88399,Model 1,train
Burundi,BDI,Sub-Saharan Africa ,1995,1996,143.1567,174.2869,172.34238910240904,172.4884003462178,156.0483029242678,175.36185,Model 1,train
Burundi,BDI,Sub-Saharan Africa ,1996,1997,160.2783,151.8125,150.1745135225476,150.3008285564584,157.47975658295735,152.98892,Model 1,train
Burundi,BDI,Sub-Saharan Africa ,1997,1998,144.4569,169.9539,168.19494607143469,168.33072577481522,160.86448760644166,171.05782,Model 1,train
Burundi,BDI,Sub-Saharan Africa ,1998,1999,127.5142,153.8584,152.38670801623107,152.5051963394665,141.58054962543528,149.19943,Model 1,train
Burundi,BDI,Sub-Saharan Africa ,1999,2000,134.5379,136.4714,135.27598312313293,135.3773273627015,133.17546080015836,128.43825,Model 1,train
Burundi,BDI,Sub-Saharan Africa ,2000,2001,132.1596,143.8217,142.54495075528635,142.65221055999294,136.61429964189912,138.6212,Model 1,train
Burundi,BDI,Sub-Saharan Africa ,2001,2002,120.9523,141.6329,140.4604335219114,140.5622840377076,131.17425209399727,141.80205,Model 1,train
Burundi,BDI,Sub-Saharan Africa ,2002,2003,111.4067,130.3011,129.36062160791542,129.44864461765877,122.76356513658428,134.436,Model 1,train
Burundi,BDI,Sub-Saharan Africa ,2003,2004,125.195,120.5291,119.75742458268958,119.83508402745858,119.11599164876564,125.22498,Model 1,train
Burundi,BDI,Sub-Saharan Africa ,2004,2005,147.2346,135.5167,134.72967772774612,134.8118673057726,138.64788205715965,140.04405,Model 1,train
Burundi,BDI,Sub-Saharan Africa ,2005,2006,161.8928,159.1581,158.27587876063558,158.36843186830365,159.1424494777217,163.33414,Model 1,train
Burundi,BDI,Sub-Saharan Africa ,2006,2007,166.1627,175.0399,174.14329209720074,174.24036512089776,176.1686560450991,180.44655,Model 1,train
Burundi,BDI,Sub-Saharan Africa ,2007,2008,189.5021,179.9311,179.09970446562596,179.19506071772628,186.9145614470728,188.45624,Model 1,train
Burundi,BDI,Sub-Saharan Africa ,2008,2009,198.4315,205.0117,204.11527201352055,204.21963314724948,203.92803451933756,216.52016,Model 1,train
Burundi,BDI,Sub-Saharan Africa ,2009,2010,216.7277,214.8916,214.0450752387565,214.1498314579923,220.19785707721945,226.46086,Model 1,train
Burundi,BDI,Sub-Saharan Africa ,2010,2011,230.0698,234.6437,233.7787318703867,233.88922901615788,240.1412114485753,242.08624,Model 1,train
Burundi,BDI,Sub-Saharan Africa ,2011,2012,231.0988,249.2036,248.37114741254703,248.48355007771613,244.81278618410732,253.20749,Model 1,train
Burundi,BDI,Sub-Saharan Africa ,2012,2013,234.8448,250.7064,249.97439604528824,250.0828181922979,244.47355923653856,246.81778,Model 1,train
Burundi,BDI,Sub-Saharan Africa ,2013,2014,250.5445,255.0926,254.44704491404724,254.55276659720437,251.8334473235543,250.74524,Model 1,train
Burundi,BDI,Sub-Saharan Africa ,2014,2015,254.4026,272.1575,271.5373017166157,271.6458356372309,251.3545940823767,264.23993,Model 1,train
Burundi,BDI,Sub-Saharan Africa ,2015,2016,232.9378,276.4826,275.9023254297669,276.01024847231497,246.3547951062952,262.5553,Model 1,train
Burundi,BDI,Sub-Saharan Africa ,2016,2017,246.0607,254.0284,253.64281940218584,253.7368592050192,246.78380908174697,249.88441,Model 1,train
Burundi,BDI,Sub-Saharan Africa ,2017,2018,245.6617,268.391,268.05387177416674,268.1488519102229,250.28875885125024,257.9076,Model 1,train
Belgium,BEL,Europe & Central Asia,1991,1992,23372.6192,21724.8161,21768.752812439987,21763.367212122124,22784.609627096954,21162.676,Model 1,train
Belgium,BEL,Europe & Central Asia,1992,1993,22283.936,24088.635,24135.83425945014,24129.715034359848,23658.42476528474,23084.264,Model 1,train
Belgium,BEL,Europe & Central Asia,1993,1994,24208.5548,22988.6296,23035.201219644285,23029.39322912415,23496.807537151948,22118.54,Model 1,train
Belgium,BEL,Europe & Central Asia,1994,1995,28413.8264,24952.6057,25005.688383761262,24999.06538715909,27068.35212899375,25286.846,Model 1,train
Belgium,BEL,Europe & Central Asia,1995,1996,27489.5552,29201.481,29259.088156660942,29251.142087850036,27953.18822994598,29139.225,Model 1,train
Belgium,BEL,Europe & Central Asia,1996,1997,24820.9381,28294.5842,28358.51580615181,28350.484017843213,26215.464354993623,27925.223,Model 1,train
Belgium,BEL,Europe & Central Asia,1997,1998,25338.4433,25612.7876,25677.935466434697,25670.53459334595,25864.899677736303,25183.457,Model 1,train
Belgium,BEL,Europe & Central Asia,1998,1999,25252.8019,26142.1645,26209.56241903666,26201.91624710495,25353.073314069738,25241.068,Model 1,train
Belgium,BEL,Europe & Central Asia,1999,2000,23098.8865,26064.8182,26134.68728526681,26126.93789644382,25083.358351662955,25153.957,Model 1,train
Belgium,BEL,Europe & Central Asia,2000,2001,23015.0713,23891.1952,23960.212455739755,23953.053827148877,23118.76736544845,23549.328,Model 1,train
Belgium,BEL,Europe & Central Asia,2001,2002,25006.1914,23820.7334,23893.671462214585,23886.33385720684,23784.28726493354,23514.387,Model 1,train
Belgium,BEL,Europe & Central Asia,2002,2003,30655.2093,25843.7658,25921.158188331676,25913.09942342248,27214.03756285409,25164.54,Model 1,train
Belgium,BEL,Europe & Central Asia,2003,2004,35429.4078,31553.6963,31638.984731500943,31629.039352508193,33383.50431554973,30837.207,Model 1,train
Belgium,BEL,Europe & Central Asia,2004,2005,36809.7013,36425.7897,36534.34078846584,36521.85098657509,36277.2166595267,35589.5,Model 1,train
Belgium,BEL,Europe & Central Asia,2005,2006,38705.1068,37824.3236,37937.12935262903,37924.041048349136,39361.002073584306,37670.246,Model 1,train
Belgium,BEL,Europe & Central Asia,2006,2007,44319.1654,39769.332,39895.31372395066,39881.004167376406,42346.120614786865,38678.89,Model 1,train
Belgium,BEL,Europe & Central Asia,2007,2008,48303.398,45455.3265,45601.6382877877,45584.617287222645,46523.422941923454,43786.02,Model 1,train
Belgium,BEL,Europe & Central Asia,2008,2009,44923.34,49441.2308,49589.64740107353,49571.33823826219,46276.289083809075,46606.152,Model 1,train
Belgium,BEL,Europe & Central Asia,2009,2010,44197.3937,46089.2099,46243.53549191772,46225.97950257721,46263.96108045782,45644.688,Model 1,train
Belgium,BEL,Europe & Central Asia,2010,2011,47760.8299,45375.3766,45532.56322694031,45515.11471848648,46535.009948495135,43673.21,Model 1,train
Belgium,BEL,Europe & Central Asia,2011,2012,44874.1709,49002.8081,49179.198691401216,49159.7146005672,46365.58557553479,46804.586,Model 1,train
Belgium,BEL,Europe & Central Asia,2012,2013,46964.5947,46077.1196,46240.85400669046,46222.94381557161,46692.440707777,45348.6,Model 1,train
Belgium,BEL,Europe & Central Asia,2013,2014,47995.7787,48201.9363,48376.12227246047,48357.05075373005,47617.23448079116,46804.586,Model 1,train
Belgium,BEL,Europe & Central Asia,2014,2015,40893.8045,49322.0697,49521.95797547157,49501.225800541135,45259.51488839289,46536.645,Model 1,train
Belgium,BEL,Europe & Central Asia,2015,2016,41854.5498,42131.5173,42304.13777008412,42286.98812627148,44031.40818993027,41063.277,Model 1,train
Belgium,BEL,Europe & Central Asia,2016,2017,44035.3239,43147.357,43335.45526807818,43317.22494093883,44649.047248238945,41412.977,Model 1,train
Belgium,BEL,Europe & Central Asia,2017,2018,47487.21,45353.8252,45549.32362852805,45530.079244801906,46705.26224396585,43403.16,Model 1,train
Benin,BEN,Sub-Saharan Africa ,1996,1997,344.5505,394.435,392.4601936598831,392.6379739072115,372.2564449956979,370.3199,Model 1,train
Benin,BEN,Sub-Saharan Africa ,1997,1998,361.602,368.7194,366.9841586283766,367.1481003384991,357.5145871123598,360.332,Model 1,train
Benin,BEN,Sub-Saharan Africa ,1998,1999,525.1306,386.7224,384.9017279181167,385.0731806526904,415.21205345692624,376.86002,Model 1,train
Benin,BEN,Sub-Saharan Africa ,1999,2000,487.4241,557.5449,554.6393621649373,554.8834601218759,516.9539865828027,555.1099,Model 1,train
Benin,BEN,Sub-Saharan Africa ,2000,2001,492.4015,518.6036,516.0318147027917,516.2572981829542,505.42885827054926,521.0003,Model 1,train
Benin,BEN,Sub-Saharan Africa ,2001,2002,546.4638,523.8407,521.2352161741909,521.4645055025298,544.7100745174939,528.64044,Model 1,train
Benin,BEN,Sub-Saharan Africa ,2002,2003,676.0029,580.3628,577.4358189369099,577.6880961731945,607.6976697635504,581.3176,Model 1,train
Benin,BEN,Sub-Saharan Africa ,2003,2004,758.6958,715.1935,711.4358965167444,711.7426241851041,705.7967405230092,694.326,Model 1,train
Benin,BEN,Sub-Saharan Africa ,2004,2005,779.4378,801.237,796.9882956549613,797.3278258841063,791.0840036717264,766.6868,Model 1,train
Benin,BEN,Sub-Saharan Africa ,2005,2006,809.1471,823.4299,819.21321851463,819.5550116159313,802.2150395184286,799.79297,Model 1,train
Benin,BEN,Sub-Saharan Africa ,2006,2007,912.3382,854.5914,850.2625201489328,850.6145166226241,838.0606808075305,828.39813,Model 1,train
Benin,BEN,Sub-Saharan Africa ,2007,2008,1060.6025,961.8237,956.9179514732284,957.3079890639416,975.7312020189866,927.9349,Model 1,train
Benin,BEN,Sub-Saharan Africa ,2008,2009,1024.1028,1114.2162,1108.112376797516,1108.5738102423356,1023.485834706893,1054.0627,Model 1,train
Benin,BEN,Sub-Saharan Africa ,2009,2010,973.2443,1077.0103,1071.2438728920522,1071.6897560298894,1017.5326240757986,1039.7677,Model 1,train
Benin,BEN,Sub-Saharan Africa ,2010,2011,1059.4136,1024.868,1019.5128691959796,1019.9382754756722,1012.135647532114,998.22974,Model 1,train
Benin,BEN,Sub-Saharan Africa ,2011,2012,1071.5258,1113.8163,1107.8615919442148,1108.3254710595852,1064.1811590033942,1057.589,Model 1,train
Benin,BEN,Sub-Saharan Africa ,2012,2013,1168.927,1126.4998,1120.4879421938238,1120.9587443303872,1126.6950465877535,1132.1915,Model 1,train
Benin,BEN,Sub-Saharan Africa ,2013,2014,1204.3992,1227.5556,1221.042797659352,1221.5475684284072,1177.9346071104542,1213.496,Model 1,train
Benin,BEN,Sub-Saharan Africa ,2014,2015,1002.4189,1264.4172,1257.725340129056,1258.2446763178489,1161.3294761723416,1224.8203,Model 1,train
Benin,BEN,Sub-Saharan Africa ,2015,2016,1010.5339,1056.5911,1051.346140051578,1051.7833545607202,1054.011038749561,999.08356,Model 1,train
Benin,BEN,Sub-Saharan Africa ,2016,2017,1054.9741,1065.3333,1060.1067596400028,1060.546746239383,1076.73171072164,1035.0756,Model 1,train
Benin,BEN,Sub-Saharan Africa ,2017,2018,1151.741,1111.813,1106.4265556283212,1106.8809976801472,1113.5859772639485,1051.3932,Model 1,train
Burkina Faso,BFA,Sub-Saharan Africa ,1996,1997,223.854,257.4504,255.1224788248352,255.3155414871523,241.89977259258183,253.43047,Model 1,train
Burkina Faso,BFA,Sub-Saharan Africa ,1997,1998,249.5317,237.7345,235.5857319155145,235.76636998109623,244.85035415731247,239.14005,Model 1,train
Burkina Faso,BFA,Sub-Saharan Africa ,1998,1999,292.837,264.7914,262.45152999588345,262.64804440350366,269.34882465864763,263.72122,Model 1,train
Burkina Faso,BFA,Sub-Saharan Africa ,1999,2000,248.9085,309.9375,307.17204264529533,307.39974474996166,290.69554129989115,307.34155,Model 1,train
Burkina Faso,BFA,Sub-Saharan Africa ,2000,2001,259.4852,264.534,262.2925617916378,262.4855699627416,266.47499125455073,256.926,Model 1,train
Burkina Faso,BFA,Sub-Saharan Africa ,2001,2002,285.6541,275.7809,273.48615790740394,273.6849907128731,280.4144395397154,273.49213,Model 1,train
Burkina Faso,BFA,Sub-Saharan Africa ,2002,2003,362.3739,303.171,300.64373398844776,300.8607958672837,322.2217841397525,300.70984,Model 1,train
Burkina Faso,BFA,Sub-Saharan Africa ,2003,2004,403.8128,383.1801,379.96029075756366,380.2287000522205,385.7149500612021,363.51016,Model 1,train
Burkina Faso,BFA,Sub-Saharan Africa ,2004,2005,441.1641,426.6947,423.2044641963664,423.4955081787838,421.0836300371912,429.36417,Model 1,train
Burkina Faso,BFA,Sub-Saharan Africa ,2005,2006,455.5137,466.0546,462.370387942375,462.6793289535324,474.9685939651061,468.1802,Model 1,train
Burkina Faso,BFA,Sub-Saharan Africa ,2006,2007,514.6845,481.475,477.7924691569861,478.10534249431834,490.5500303727828,483.88562,Model 1,train
Burkina Faso,BFA,Sub-Saharan Africa ,2007,2008,619.4375,543.4141,539.3505353715977,539.6943713698894,549.0234197164376,542.1409,Model 1,train
Burkina Faso,BFA,Sub-Saharan Africa ,2008,2009,601.5695,652.8074,648.0745932366767,648.4706637585978,637.3587464301871,633.3324,Model 1,train
Burkina Faso,BFA,Sub-Saharan Africa ,2009,2010,624.9573,635.2441,630.8984726330643,631.2740663509592,644.8810445632719,629.2419,Model 1,train
Burkina Faso,BFA,Sub-Saharan Africa ,2010,2011,725.0248,660.2811,655.9466023992702,656.3271873830304,682.5471666553929,638.4294,Model 1,train
Burkina Faso,BFA,Sub-Saharan Africa ,2011,2012,731.4701,764.8616,759.9740372419541,760.3997292435566,740.0029796544966,727.6345,Model 1,train
Burkina Faso,BFA,Sub-Saharan Africa ,2012,2013,759.7621,772.3413,767.6037392223388,768.0250896124084,739.10345865657,750.13525,Model 1,train
Burkina Faso,BFA,Sub-Saharan Africa ,2013,2014,764.8617,802.4222,797.6637774553368,798.0926819269048,734.2202258534712,714.62933,Model 1,train
Burkina Faso,BFA,Sub-Saharan Africa ,2014,2015,630.1248,808.5015,803.9019841716215,804.3259820366167,667.6069051592558,769.0103,Model 1,train
Burkina Faso,BFA,Sub-Saharan Africa ,2015,2016,663.7424,669.4293,666.0022613155384,666.3476919243586,649.9110179488334,629.2164,Model 1,train
Burkina Faso,BFA,Sub-Saharan Africa ,2016,2017,709.0915,705.0369,701.5322440814923,701.8893112008986,678.5447124206921,669.7865,Model 1,train
Burkina Faso,BFA,Sub-Saharan Africa ,2017,2018,777.4656,752.8943,749.2525965484359,749.6262234409686,763.3907865164597,734.04047,Model 1,train
Bangladesh,BGD,South Asia,1997,1998,385.6169,406.7882,404.2685282756393,404.599046454377,391.042750213567,385.01648,Model 1,train
Bangladesh,BGD,South Asia,1998,1999,388.0957,414.1908,411.81723180190215,412.1440388359244,396.7149272745405,412.72946,Model 1,train
Bangladesh,BGD,South Asia,1999,2000,396.6707,417.6146,415.437751641151,415.75667288164846,400.3792652999647,410.58438,Model 1,train
Bangladesh,BGD,South Asia,2000,2001,394.6564,427.4758,425.4563357455248,425.7719568768185,413.879623734962,432.675,Model 1,train
Bangladesh,BGD,South Asia,2001,2002,393.8864,426.1549,424.36358389240024,424.6677144631148,420.0523537072691,448.74866,Model 1,train
Bangladesh,BGD,South Asia,2002,2003,426.7488,426.1134,424.5336682597168,424.8276172924793,436.73292076524814,452.65012,Model 1,train
Bangladesh,BGD,South Asia,2003,2004,455.614,461.6785,460.118673449533,460.42656078171376,466.50319894162806,501.79138,Model 1,train
Bangladesh,BGD,South Asia,2004,2005,480.0859,492.983,491.4669415664661,491.7856559669899,493.4159460252803,520.3332,Model 1,train
Bangladesh,BGD,South Asia,2005,2006,490.388,519.6494,518.2110063388806,518.5368474677698,532.3467642377768,545.33417,Model 1,train
Bangladesh,BGD,South Asia,2006,2007,537.9555,531.2569,529.9553569245705,530.2793223552411,548.0786690709873,558.6645,Model 1,train
Bangladesh,BGD,South Asia,2007,2008,613.062,582.2535,580.8962920663494,581.2433773737562,603.1470372794047,595.59174,Model 1,train
Bangladesh,BGD,South Asia,2008,2009,679.2115,662.7068,661.2825238441329,661.6639255466941,674.6499090372413,655.10504,Model 1,train
Bangladesh,BGD,South Asia,2009,2010,757.3853,733.5166,732.0524313910937,732.4624578300413,764.5899134482066,755.1392,Model 1,train
Bangladesh,BGD,South Asia,2010,2011,837.3369,817.0612,815.5485764712989,815.9915934802949,810.4966290969298,854.326,Model 1,train
Bangladesh,BGD,South Asia,2011,2012,859.6805,902.5173,900.9940185007266,901.468108870478,892.8608373230603,916.63666,Model 1,train
Bangladesh,BGD,South Asia,2012,2013,958.263,927.1918,925.886246728242,926.3585037923312,934.853306042974,1008.0253,Model 1,train
Bangladesh,BGD,South Asia,2013,2014,1094.462,1032.452,1031.1588695466155,1031.6669293749912,1036.9516217645432,1091.6746,Model 1,train
Bangladesh,BGD,South Asia,2014,2015,1224.3865,1177.4826,1176.1711984711633,1176.7286290319505,1211.646845381394,1231.863,Model 1,train
Bangladesh,BGD,South Asia,2015,2016,1649.2838,1315.9026,1314.661202191999,1315.2599464330144,1508.7200516686107,1388.213,Model 1,train
Bangladesh,BGD,South Asia,2016,2017,1811.0822,1764.011,1762.1359667562244,1762.901980935462,1795.1774424395287,1855.3618,Model 1,train
Bangladesh,BGD,South Asia,2017,2018,1965.2437,1935.8238,1934.1590231722,1934.9640155305344,2004.8960786378832,1994.9017,Model 1,train
Bulgaria,BGR,Europe & Central Asia,1993,1994,1149.8946,1382.1218,1386.772673858905,1386.672569963068,1313.0892291573782,1408.6743,Model 1,train
Bulgaria,BGR,Europe & Central Asia,1994,1995,2259.2592,1245.3655,1249.6535283986802,1249.5702071032374,1547.7542300477205,1333.0251,Model 1,train
Bulgaria,BGR,Europe & Central Asia,1995,1996,1470.1926,2412.2451,2417.725737986964,2417.5580921228284,1993.20326708624,2436.6663,Model 1,train
Bulgaria,BGR,Europe & Central Asia,1996,1997,1361.4094,1583.0658,1587.5822155177495,1587.487085976136,1511.7265981027233,1617.7084,Model 1,train
Bulgaria,BGR,Europe & Central Asia,1997,1998,1820.4487,1466.3074,1470.133368328728,1470.0736003264642,1570.961805807276,1479.9827,Model 1,train
Bulgaria,BGR,Europe & Central Asia,1998,1999,1660.9089,1952.4505,1957.6104539358691,1957.4728869923815,1867.3339888742423,1905.2249,Model 1,train
Bulgaria,BGR,Europe & Central Asia,1999,2000,1621.2621,1786.245,1791.6677341829534,1791.5195183878036,1688.3611150845627,1780.6123,Model 1,train
Bulgaria,BGR,Europe & Central Asia,2000,2001,1770.907,1745.5542,1751.2315851440317,1751.0700407885934,1685.855697942046,1699.3152,Model 1,train
Bulgaria,BGR,Europe & Central Asia,2001,2002,2092.9829,1903.7666,1909.8781661425724,1909.6865376263208,1964.6232428270391,1949.029,Model 1,train
Bulgaria,BGR,Europe & Central Asia,2002,2003,2719.4944,2242.9119,2249.7312773482117,2249.485295384507,2393.0761854323505,2315.5007,Model 1,train
Bulgaria,BGR,Europe & Central Asia,2003,2004,3389.6874,2900.1278,2908.1681909595486,2907.8171952829666,3094.812403053204,2955.4973,Model 1,train
Bulgaria,BGR,Europe & Central Asia,2004,2005,3899.826,3602.9353,3612.927686579203,3612.414199436288,3742.654369116077,3755.5623,Model 1,train
Bulgaria,BGR,Europe & Central Asia,2005,2006,4523.1466,4133.2786,4143.857153331183,4143.256867456509,4358.69256478107,4156.1406,Model 1,train
Bulgaria,BGR,Europe & Central Asia,2006,2007,5888.5708,4779.9962,4791.321603738163,4790.604775722023,5351.217079255814,4806.48,Model 1,train
Bulgaria,BGR,Europe & Central Asia,2007,2008,7271.3034,6190.1891,6202.54477737528,6201.579725947994,6647.577473825093,6387.4214,Model 1,train
Bulgaria,BGR,Europe & Central Asia,2008,2009,6988.2732,7616.3714,7630.660684879204,7629.365066603213,7402.568468303669,7594.9644,Model 1,train
Bulgaria,BGR,Europe & Central Asia,2009,2010,6853.9481,7333.9749,7350.507100758998,7349.136730807185,7184.7239614836,7450.5156,Model 1,train
Bulgaria,BGR,Europe & Central Asia,2010,2011,7849.5806,7197.7031,7214.703453262101,7213.326183083123,7446.388006037668,7424.909,Model 1,train
Bulgaria,BGR,Europe & Central Asia,2011,2012,7431.9579,8233.4936,8254.906062767352,8253.117429920629,7794.9264205829695,8326.447,Model 1,train
Bulgaria,BGR,Europe & Central Asia,2012,2013,7795.9809,7807.1515,7828.99833056963,7827.256831797488,7656.686069247239,8218.72,Model 1,train
Bulgaria,BGR,Europe & Central Asia,2013,2014,8069.6001,8192.6876,8218.270278935206,8216.249800711088,8168.531666155265,8379.188,Model 1,train
Bulgaria,BGR,Europe & Central Asia,2014,2015,7268.6545,8466.2339,8490.0534759839,8488.06491805403,8328.901153622523,8705.403,Model 1,train
Bulgaria,BGR,Europe & Central Asia,2015,2016,7822.4992,7645.2351,7668.917010406284,7667.072424209017,7581.704546576642,7972.6123,Model 1,train
Bulgaria,BGR,Europe & Central Asia,2016,2017,8696.6893,8219.5091,8245.263350060697,8243.197274686841,8359.956507909306,8673.953,Model 1,train
Bulgaria,BGR,Europe & Central Asia,2017,2018,9849.384,9118.4619,9145.67408813026,9143.350360965018,9984.109288236168,9807.79,Model 1,train
Bahrain,BHR,"Middle East, North Africa, Afghanistan & Pakistan",1995,1996,12091.7802,12404.3106,12463.354768363051,12455.50199304548,12281.55324577768,12623.453,Model 1,train
Bahrain,BHR,"Middle East, North Africa, Afghanistan & Pakistan",1996,1997,12254.6663,12606.2275,12667.631059081275,12659.591683747652,12344.67107829723,12629.016,Model 1,train
Bahrain,BHR,"Middle East, North Africa, Afghanistan & Pakistan",1997,1998,11625.0344,12780.1487,12843.982006307468,12835.7664722334,12626.590921626586,12645.828,Model 1,train
Bahrain,BHR,"Middle East, North Africa, Afghanistan & Pakistan",1998,1999,12123.3535,12144.0085,12207.477983943078,12199.61566270582,12307.442256337996,12244.677,Model 1,train
Bahrain,BHR,"Middle East, North Africa, Afghanistan & Pakistan",1999,2000,14214.4837,12661.363,12728.573086896671,12720.30519656572,13350.216221934446,12892.552,Model 1,train
Bahrain,BHR,"Middle East, North Africa, Afghanistan & Pakistan",2000,2001,13573.234,14805.9084,14882.967840381558,14873.199087420437,14604.470376380472,14910.534,Model 1,train
Bahrain,BHR,"Middle East, North Africa, Afghanistan & Pakistan",2001,2002,13501.4709,14159.8282,14236.497953518545,14227.11274415394,14116.509471053778,14643.266,Model 1,train
Bahrain,BHR,"Middle East, North Africa, Afghanistan & Pakistan",2002,2003,14486.0269,14094.0277,14171.714908246777,14162.411263515987,14338.53869580927,14787.969,Model 1,train
Bahrain,BHR,"Middle East, North Africa, Afghanistan & Pakistan",2003,2004,15963.9493,15108.3639,15191.373498634004,15181.427617225554,15969.177956884672,15622.932,Model 1,train
Bahrain,BHR,"Middle East, North Africa, Afghanistan & Pakistan",2004,2005,17966.1658,16626.789,16717.381159078923,16706.450876298637,17858.639082775113,16881.82,Model 1,train
Bahrain,BHR,"Middle East, North Africa, Afghanistan & Pakistan",2005,2006,19267.2826,18679.8843,18780.62426501686,18768.336945806255,18902.6483475884,19571.453,Model 1,train
Bahrain,BHR,"Middle East, North Africa, Afghanistan & Pakistan",2006,2007,20908.4043,20020.221,20129.218778387807,20116.022449987544,19972.227040022874,20724.516,Model 1,train
Bahrain,BHR,"Middle East, North Africa, Afghanistan & Pakistan",2007,2008,23299.4993,21709.649,21829.3606896532,21814.97905811606,22533.429505842338,22465.312,Model 1,train
Bahrain,BHR,"Middle East, North Africa, Afghanistan & Pakistan",2008,2009,19465.3141,24166.038,24301.6082159214,24285.37918148187,21786.307091786857,23613.287,Model 1,train
Bahrain,BHR,"Middle East, North Africa, Afghanistan & Pakistan",2009,2010,21819.3291,20289.3942,20415.05299854135,20401.281243079065,21689.577538187965,19161.25,Model 1,train
Bahrain,BHR,"Middle East, North Africa, Afghanistan & Pakistan",2010,2011,25032.7868,22720.2273,22864.572537716453,22848.81162730969,23657.18325409807,22415.64,Model 1,train
Bahrain,BHR,"Middle East, North Africa, Afghanistan & Pakistan",2011,2012,26438.6733,26028.8567,26199.269148157393,26180.53581928112,26058.083866744208,25096.834,Model 1,train
Bahrain,BHR,"Middle East, North Africa, Afghanistan & Pakistan",2012,2013,26989.7601,27491.5624,27677.822595730555,27657.59597741653,27033.110183106488,26658.33,Model 1,train
Bahrain,BHR,"Middle East, North Africa, Afghanistan & Pakistan",2013,2014,26451.7966,28076.8014,28272.031976062295,28251.15868230585,26973.325294189966,26953.31,Model 1,train
Bahrain,BHR,"Middle East, North Africa, Afghanistan & Pakistan",2014,2015,23734.0551,27540.9126,27735.65832942216,27715.198986765736,25349.061847973957,26601.975,Model 1,train
Bahrain,BHR,"Middle East, North Africa, Afghanistan & Pakistan",2015,2016,23800.0014,24772.157,24952.360278166747,24934.049625206935,24761.763113832752,24921.105,Model 1,train
Bahrain,BHR,"Middle East, North Africa, Afghanistan & Pakistan",2016,2017,24784.7694,24842.2112,25022.74566717587,25004.48350131108,24638.52873865447,24857.752,Model 1,train
Bahrain,BHR,"Middle East, North Africa, Afghanistan & Pakistan",2017,2018,26324.4067,25846.358,26030.726039167504,26011.950451943547,25412.08039088389,25488.623,Model 1,train
"Bahamas, The",BHS,Latin America & Caribbean ,1995,1996,11783.7972,11822.6035,11873.571653261968,11865.671965821315,11980.622386974315,12155.704,Model 1,train
"Bahamas, The",BHS,Latin America & Caribbean ,1996,1997,20367.5733,12239.9664,12292.145843678669,12283.977513835103,15279.153670843943,12637.871,Model 1,train
"Bahamas, The",BHS,Latin America & Caribbean ,1997,1998,21667.4488,20925.9451,20998.47580863178,20984.349549571823,21219.726242470548,19921.318,Model 1,train
"Bahamas, The",BHS,Latin America & Caribbean ,1998,1999,24041.0933,22245.858,22324.06601812314,22308.893684899776,23159.93589482457,21124.586,Model 1,train
"Bahamas, The",BHS,Latin America & Caribbean ,1999,2000,24940.0775,24648.1479,24735.48548905666,24718.431752967903,24726.10109167192,23448.527,Model 1,train
"Bahamas, The",BHS,Latin America & Caribbean ,2000,2001,25371.9238,25570.8354,25665.361211211395,25647.407991381377,25228.495864644778,24071.096,Model 1,train
"Bahamas, The",BHS,Latin America & Caribbean ,2001,2002,26781.6196,26021.9286,26122.055293593803,26103.568019683134,25562.022203887016,24595.18,Model 1,train
"Bahamas, The",BHS,Latin America & Caribbean ,2002,2003,26429.1248,27454.0146,27561.734664297423,27542.01254079853,26866.00566263012,26510.953,Model 1,train
"Bahamas, The",BHS,Latin America & Caribbean ,2003,2004,26650.2934,27112.0688,27222.1194371004,27202.51563248851,26368.206739760037,26936.992,Model 1,train
"Bahamas, The",BHS,Latin America & Caribbean ,2004,2005,28602.4182,27335.1947,27445.76047313892,27426.029039659592,27664.692544960173,26936.992,Model 1,train
"Bahamas, The",BHS,Latin America & Caribbean ,2005,2006,29184.7865,29307.0823,29425.447213080733,29404.143248977252,28489.96292528417,29148.814,Model 1,train
"Bahamas, The",BHS,Latin America & Caribbean ,2006,2007,30051.849,29893.9314,30014.084235373222,29992.36744115336,29246.705334065657,29347.607,Model 1,train
"Bahamas, The",BHS,Latin America & Caribbean ,2007,2008,29392.3824,30763.3846,30885.18134363372,30862.89069993988,29213.72307100684,30774.455,Model 1,train
"Bahamas, The",BHS,Latin America & Caribbean ,2008,2009,27512.9131,30100.0367,30219.366376428603,30197.65202241592,28370.417752790396,29347.607,Model 1,train
"Bahamas, The",BHS,Latin America & Caribbean ,2009,2010,27473.1004,28213.6618,28328.18508137606,28307.90273785321,27676.21948650917,28018.242,Model 1,train
"Bahamas, The",BHS,Latin America & Caribbean ,2010,2011,27090.8377,28172.6766,28286.51137264291,28266.326734279963,27632.0635363811,27985.154,Model 1,train
"Bahamas, The",BHS,Latin America & Caribbean ,2011,2012,28552.0243,27796.4209,27911.25795888104,27891.27866757131,28182.628831904975,26931.777,Model 1,train
"Bahamas, The",BHS,Latin America & Caribbean ,2012,2013,27642.742,29273.3129,29394.15396212375,29373.0038216058,28787.45169752186,28822.41,Model 1,train
"Bahamas, The",BHS,Latin America & Caribbean ,2013,2014,29137.2176,28374.8959,28497.477697657458,28476.80135523453,29085.29191629368,28694.658,Model 1,train
"Bahamas, The",BHS,Latin America & Caribbean ,2014,2015,30719.4054,29883.4248,30011.708558584403,29989.85516052489,30851.661938129095,30021.598,Model 1,train
"Bahamas, The",BHS,Latin America & Caribbean ,2015,2016,30616.5363,31454.3591,31581.59339518363,31558.87286872426,30609.19712818275,30758.111,Model 1,train
"Bahamas, The",BHS,Latin America & Caribbean ,2016,2017,31875.4882,31368.9509,31500.81135420875,31477.921798906424,30991.3551821068,31481.215,Model 1,train
"Bahamas, The",BHS,Latin America & Caribbean ,2017,2018,32642.3353,32630.6272,32765.19148667713,32741.416193078065,32444.574780494837,31481.215,Model 1,train
Bosnia and Herzegovina,BIH,Europe & Central Asia,2006,2007,3931.4895,3402.1512,3422.8869534757546,3421.607905289085,3623.79964681843,3534.5305,Model 1,train
Bosnia and Herzegovina,BIH,Europe & Central Asia,2007,2008,4841.6931,4207.2875,4231.936767835123,4230.3162408407225,4298.33996061135,4134.2793,Model 1,train
Bosnia and Herzegovina,BIH,Europe & Central Asia,2008,2009,4539.9186,5161.1112,5190.24042325356,5188.200937351975,4829.531170265874,5248.025,Model 1,train
Bosnia and Herzegovina,BIH,Europe & Central Asia,2009,2010,4506.4783,4850.7023,4880.020569228254,4878.022416682335,4649.79120166391,4798.497,Model 1,train
Bosnia and Herzegovina,BIH,Europe & Central Asia,2010,2011,4982.6938,4817.322,4847.023874331332,4845.003259939608,4743.651290412345,4816.4233,Model 1,train
Bosnia and Herzegovina,BIH,Europe & Central Asia,2011,2012,4693.789,5317.3328,5349.892918900989,5347.614084363318,4928.62422573057,5487.743,Model 1,train
Bosnia and Herzegovina,BIH,Europe & Central Asia,2012,2013,5034.5663,5016.2339,5047.8088744445395,5045.632158647943,4992.655920306758,5016.151,Model 1,train
Bosnia and Herzegovina,BIH,Europe & Central Asia,2013,2014,5206.0657,5374.0315,5407.713499304639,5405.344751666702,5115.434616093745,5341.906,Model 1,train
Bosnia and Herzegovina,BIH,Europe & Central Asia,2014,2015,4662.2587,5552.848,5587.295826398028,5584.84214288476,5162.556785395336,5526.2656,Model 1,train
Bosnia and Herzegovina,BIH,Europe & Central Asia,2015,2016,4928.5666,4984.0054,5015.82968787218,5013.624790390291,4958.398530389497,5016.151,Model 1,train
Bosnia and Herzegovina,BIH,Europe & Central Asia,2016,2017,5345.0198,5263.4515,5296.869196557489,5294.516182910902,5119.230879885767,5341.733,Model 1,train
Bosnia and Herzegovina,BIH,Europe & Central Asia,2017,2018,6047.8471,5702.4488,5739.035556056952,5736.415141983825,5841.042056381936,5699.6987,Model 1,train
Belarus,BLR,Europe & Central Asia,1994,1995,1370.6999,1563.6736,1565.465680334013,1565.5442296165693,1464.4759750129156,1533.6786,Model 1,train
Belarus,BLR,Europe & Central Asia,1995,1996,1427.269,1468.835,1470.3630952108986,1470.453183345253,1472.9348669739795,1440.1587,Model 1,train
Belarus,BLR,Europe & Central Asia,1996,1997,1396.442,1528.3838,1529.936267180145,1530.0256567676172,1458.374465716019,1522.4402,Model 1,train
Belarus,BLR,Europe & Central Asia,1997,1998,1511.3253,1495.8668,1497.3936649281068,1497.483188811668,1479.7432990906875,1509.7002,Model 1,train
Belarus,BLR,Europe & Central Asia,1998,1999,1210.6117,1616.1043,1617.501991796947,1617.5991416386876,1431.5719954501028,1584.1973,Model 1,train
Belarus,BLR,Europe & Central Asia,1999,2000,1276.288,1298.878,1300.021545232099,1300.12496921019,1285.2238416426942,1285.4419,Model 1,train
Belarus,BLR,Europe & Central Asia,2000,2001,1244.3732,1371.2239,1373.2658758727307,1373.3240659857236,1326.7954829093237,1374.797,Model 1,train
Belarus,BLR,Europe & Central Asia,2001,2002,1479.3807,1336.3218,1338.0048007915711,1338.0800037131714,1379.2620696885326,1306.3778,Model 1,train
Belarus,BLR,Europe & Central Asia,2002,2003,1819.5265,1581.3375,1582.4221712258272,1582.5318211419783,1605.6513159478568,1546.2314,Model 1,train
Belarus,BLR,Europe & Central Asia,2006,2007,4735.4811,4046.947,4047.470501286821,4047.495427872283,4369.995361643297,4055.6687,Model 1,train
Belarus,BLR,Europe & Central Asia,2007,2008,6376.1757,4968.6018,4970.364471914407,4970.237763594924,5655.804738023749,4936.212,Model 1,train
Belarus,BLR,Europe & Central Asia,2008,2009,5352.4881,6653.3994,6653.789506761828,6653.535198588571,5599.042418573871,6310.393,Model 1,train
Belarus,BLR,Europe & Central Asia,2009,2010,6034.6789,5604.6643,5606.375200951944,5606.179138384284,6093.801103043813,5447.6187,Model 1,train
Belarus,BLR,Europe & Central Asia,2010,2011,6527.6593,6303.4361,6304.17212824905,6303.941536447909,6302.570635980077,6090.016,Model 1,train
Belarus,BLR,Europe & Central Asia,2011,2012,6953.2159,6809.883,6810.544731573104,6810.250919026378,6770.1863791161195,6615.973,Model 1,train
Belarus,BLR,Europe & Central Asia,2012,2013,7998.0802,7269.4411,7276.442454389823,7275.755508603122,7713.536466131703,7178.7153,Model 1,train
Belarus,BLR,Europe & Central Asia,2013,2014,8341.3181,8348.0983,8357.171303980273,8356.218599482465,8411.05719670139,8196.325,Model 1,train
Belarus,BLR,Europe & Central Asia,2014,2015,5967.056,8709.4512,8721.305390430274,8720.152645521763,8005.202764231398,8510.111,Model 1,train
Belarus,BLR,Europe & Central Asia,2015,2016,5039.7756,6283.3922,6298.073602118191,6297.119183571201,6223.597778564906,6548.424,Model 1,train
Belarus,BLR,Europe & Central Asia,2016,2017,5785.5449,5328.0089,5342.615650299231,5341.7782390598795,5597.06508208847,5481.1533,Model 1,train
Belarus,BLR,Europe & Central Asia,2017,2018,6360.0375,6103.6339,6120.30322496619,6119.267540506529,6196.742148077502,6332.2827,Model 1,train
Belize,BLZ,Latin America & Caribbean ,1995,1996,4043.2652,4240.5482,4262.383459186162,4259.6086352325,4130.706293941386,4076.5852,Model 1,train
Belize,BLZ,Latin America & Caribbean ,1996,1997,4014.4038,4273.7138,4295.142386835241,4292.386032584087,4138.0585225723735,4178.8823,Model 1,train
Belize,BLZ,Latin America & Caribbean ,1997,1998,4125.9254,4241.7402,4262.3480592213045,4259.664541264762,4175.292391361276,4172.1445,Model 1,train
Belize,BLZ,Latin America & Caribbean ,1998,1999,4289.5278,4353.9374,4373.875305179716,4371.18930843284,4306.983400840124,4603.702,Model 1,train
Belize,BLZ,Latin America & Caribbean ,1999,2000,4726.5068,4523.4878,4543.935981988996,4541.15883046596,4517.244026356487,4685.253,Model 1,train
Belize,BLZ,Latin America & Caribbean ,2000,2001,4718.7772,4973.3312,4994.612767976877,4991.594092419307,5015.661726086092,5472.4253,Model 1,train
Belize,BLZ,Latin America & Caribbean ,2002,2003,4959.7401,5116.8821,5140.306420274244,5137.138653746667,5380.460161700667,5334.967,Model 1,train
Belize,BLZ,Latin America & Caribbean ,2004,2005,5270.4148,5428.5607,5454.802976768078,5451.3717153619655,5504.93011899054,5542.871,Model 1,train
Belize,BLZ,Latin America & Caribbean ,2005,2006,5524.7817,5551.1479,5578.269702486681,5574.750681091037,5652.503840107347,5529.9297,Model 1,train
Belize,BLZ,Latin America & Caribbean ,2006,2007,5762.2102,5815.9997,5844.558694389047,5840.855517015033,6094.783583503558,5923.9175,Model 1,train
Belize,BLZ,Latin America & Caribbean ,2007,2008,5711.8146,6062.1573,6091.782541667696,6087.923640903111,5826.044445508794,6236.2563,Model 1,train
Belize,BLZ,Latin America & Caribbean ,2008,2009,5399.671,6010.1446,6039.436494928127,6035.6367507735085,5792.178243808952,6310.9287,Model 1,train
Belize,BLZ,Latin America & Caribbean ,2009,2010,5461.4074,5689.966,5718.556081876212,5714.959024639246,5617.112430562729,5770.967,Model 1,train
Belize,BLZ,Latin America & Caribbean ,2010,2011,5596.0522,5754.4211,5783.321647307453,5779.692595204468,5766.852941410159,6063.202,Model 1,train
Belize,BLZ,Latin America & Caribbean ,2011,2012,5732.6652,5894.5709,5924.183195742413,5920.464978354187,5937.494566878714,6120.823,Model 1,train
Belize,BLZ,Latin America & Caribbean ,2012,2013,5957.3495,6037.6113,6068.1988687987405,6064.376454590836,6069.335730780185,6548.33,Model 1,train
Belize,BLZ,Latin America & Caribbean ,2013,2014,6128.1205,6271.2507,6303.074162785902,6299.092095819455,6229.625652645426,6577.7476,Model 1,train
Belize,BLZ,Latin America & Caribbean ,2014,2015,6154.6226,6449.5877,6482.559899955646,6478.448517409941,6259.842227644087,6669.9424,Model 1,train
Belize,BLZ,Latin America & Caribbean ,2015,2016,6140.8671,6480.0021,6513.840044646141,6509.683049392822,6256.931070811583,6606.3267,Model 1,train
Belize,BLZ,Latin America & Caribbean ,2016,2017,6071.8545,6468.6631,6503.137459715208,6498.967711486289,6264.335628212234,6486.2207,Model 1,train
Belize,BLZ,Latin America & Caribbean ,2017,2018,6011.9904,6400.6284,6435.623371083066,6431.472695525721,6306.617158461167,6522.5767,Model 1,train
Bolivia,BOL,Latin America & Caribbean ,1995,1996,922.1133,903.8252,900.4059043499569,900.7045774494502,895.0796720072783,857.8566,Model 1,train
Bolivia,BOL,Latin America & Caribbean ,1996,1997,970.3518,976.9313,973.4236047545096,973.7313753553116,947.2237786007282,933.96136,Model 1,train
Bolivia,BOL,Latin America & Caribbean ,1997,1998,1022.1451,1028.0791,1024.6011105195266,1024.9109072390845,977.8931276107106,995.8507,Model 1,train
Bolivia,BOL,Latin America & Caribbean ,1998,1999,979.3445,1083.0388,1079.6163187019092,1079.9268262162689,1038.2486472969488,1044.0353,Model 1,train
Bolivia,BOL,Latin America & Caribbean ,1999,2000,975.7771,1039.655,1036.7187227289207,1037.0046451000944,985.8725242961902,1010.5727,Model 1,train
Bolivia,BOL,Latin America & Caribbean ,2000,2001,930.1682,1036.9324,1034.2701908258382,1034.543681245702,975.5520502387916,1010.30676,Model 1,train
Bolivia,BOL,Latin America & Caribbean ,2001,2002,888.2213,990.5709,988.4049993661262,988.6527752417888,902.9528236432316,818.8399,Model 1,train
Bolivia,BOL,Latin America & Caribbean ,2002,2003,893.0138,947.9951,946.3127238244842,946.5352468229796,930.8027161629504,955.3413,Model 1,train
Bolivia,BOL,Latin America & Caribbean ,2003,2004,953.1919,953.8784,952.4080748265028,952.6215516695686,945.6689680294728,953.7473,Model 1,train
Bolivia,BOL,Latin America & Caribbean ,2004,2005,1020.1233,1017.6706,1016.2272516820664,1016.4440274086518,990.8494087747188,1027.1837,Model 1,train
Bolivia,BOL,Latin America & Caribbean ,2005,2006,1202.7115,1088.5462,1087.131056951191,1087.3511962795458,1121.3123638684413,1101.1757,Model 1,train
Bolivia,BOL,Latin America & Caribbean ,2006,2007,1354.5491,1280.0971,1278.3742783665798,1278.618719668198,1305.1170886642856,1308.2367,Model 1,train
Bolivia,BOL,Latin America & Caribbean ,2007,2008,1692.6725,1439.5876,1437.7500468671471,1438.0062531627514,1535.3259465924154,1389.9352,Model 1,train
Bolivia,BOL,Latin America & Caribbean ,2008,2009,1731.1817,1792.2499,1789.7317873085603,1790.028496354247,1673.1165468072618,1704.0093,Model 1,train
Bolivia,BOL,Latin America & Caribbean ,2009,2010,1929.7837,1833.7239,1831.488641653989,1831.7737041903808,1783.1296849472874,1733.8304,Model 1,train
Bolivia,BOL,Latin America & Caribbean ,2010,2011,2315.5212,2041.2084,2038.8090937623351,2039.1044728851564,2050.956521702683,1994.4271,Model 1,train
Bolivia,BOL,Latin America & Caribbean ,2011,2012,2575.5986,2441.6678,2438.507785145624,2438.8386561440097,2451.2207133354336,2346.216,Model 1,train
Bolivia,BOL,Latin America & Caribbean ,2012,2013,2870.0238,2711.9234,2708.463076378563,2708.805422905343,2636.9279811377637,2617.0286,Model 1,train
Bolivia,BOL,Latin America & Caribbean ,2013,2014,3041.435,3016.5515,3012.517735599138,3012.8824733701863,3054.174520806976,2944.7512,Model 1,train
Bolivia,BOL,Latin America & Caribbean ,2014,2015,2996.0129,3194.3316,3190.123405280396,3190.4940406794603,3202.8424995388073,3154.3586,Model 1,train
Bolivia,BOL,Latin America & Caribbean ,2015,2016,3035.8735,3149.3247,3145.692598222532,3146.040361126098,3136.826319819031,3117.4666,Model 1,train
Bolivia,BOL,Latin America & Caribbean ,2016,2017,4048.4012,3191.7368,3188.334000332176,3188.6728390206313,3404.567128782736,3153.5435,Model 1,train
Bolivia,BOL,Latin America & Caribbean ,2017,2018,4206.8553,4232.5557,4226.454569676397,4226.879133426929,4117.303910421812,3927.921,Model 1,train
Brazil,BRA,Latin America & Caribbean ,1991,1992,2127.2908,2371.5436,2360.16932998793,2361.5736445765824,2395.2062896831076,2359.5818,Model 1,train
Brazil,BRA,Latin America & Caribbean ,1992,1993,2348.9064,2238.6699,2228.605423253283,2229.9125465336783,2317.0459934218698,2241.5662,Model 1,train
Brazil,BRA,Latin America & Caribbean ,1993,1994,3298.7149,2468.9232,2457.9784405446067,2459.3932490529983,2854.1376401156717,2559.9282,Model 1,train
Brazil,BRA,Latin America & Caribbean ,1994,1995,4756.7501,3446.4521,3430.200772148465,3432.122429833335,3845.848170858541,3536.83,Model 1,train
Brazil,BRA,Latin America & Caribbean ,1995,1996,5179.1305,4937.3638,4912.50815689204,4915.181808707222,5221.414498911801,5199.1704,Model 1,train
Brazil,BRA,Latin America & Caribbean ,1996,1997,5299.3979,5371.5958,5345.213818412733,5348.054170058291,5241.304824699709,5557.453,Model 1,train
Brazil,BRA,Latin America & Caribbean ,1997,1998,5105.8925,5498.9297,5473.099746526041,5475.943050095609,5272.538372970587,5652.7603,Model 1,train
Brazil,BRA,Latin America & Caribbean ,1998,1999,3493.5719,5306.4939,5283.011886986662,5285.7073760471,4639.850277531583,5405.2305,Model 1,train
Brazil,BRA,Latin America & Caribbean ,1999,2000,3766.5479,3662.38,3649.195602473436,3651.0345768220327,3630.8075504020826,3745.147,Model 1,train
Brazil,BRA,Latin America & Caribbean ,2000,2001,3176.2898,3945.9502,3932.207256056468,3934.1425026135503,3583.236128003054,3888.362,Model 1,train
Brazil,BRA,Latin America & Caribbean ,2001,2002,2855.9402,3342.3977,3332.497892832249,3334.104600195579,3154.4395339134267,3364.9749,Model 1,train
Brazil,BRA,Latin America & Caribbean ,2002,2003,3090.6069,3014.8575,3007.237586616581,3008.652757367098,3004.775286733111,3103.4712,Model 1,train
Brazil,BRA,Latin America & Caribbean ,2003,2004,3663.8226,3261.1118,3253.496323014862,3254.974486206813,3278.9784446336325,3349.6638,Model 1,train
Brazil,BRA,Latin America & Caribbean ,2004,2005,4827.7817,3856.8819,3848.035589203855,3849.718622432419,4282.032420623157,4044.3171,Model 1,train
Brazil,BRA,Latin America & Caribbean ,2005,2006,5934.1456,5059.1846,5046.928995223041,5049.045723218623,5502.471902708365,5431.097,Model 1,train
Brazil,BRA,Latin America & Caribbean ,2006,2007,7409.69,6199.1918,6184.0294801433165,6186.517910557072,6928.751315683141,6522.2534,Model 1,train
Brazil,BRA,Latin America & Caribbean ,2007,2008,8908.3334,7713.4593,7694.068507819658,7697.0399672050335,8313.468377136556,7884.0884,Model 1,train
Brazil,BRA,Latin America & Caribbean ,2008,2009,8678.6585,9246.9775,9223.327896431598,9226.761007759456,9179.580535288413,9528.183,Model 1,train
Brazil,BRA,Latin America & Caribbean ,2009,2010,11403.284,9020.8793,9000.198353546548,9003.453724191453,10192.119767930151,9350.835,Model 1,train
Brazil,BRA,Latin America & Caribbean ,2010,2011,13396.6263,11795.7792,11766.113368992286,11770.215548286626,12517.17281772555,11693.338,Model 1,train
Brazil,BRA,Latin America & Caribbean ,2011,2012,12521.7238,13820.815,13784.91945961034,13789.588407797142,13510.948845730829,13788.319,Model 1,train
Brazil,BRA,Latin America & Caribbean ,2012,2013,12458.8903,12945.0508,12915.208737248791,12919.477990833828,11966.80025696252,12700.36,Model 1,train
Brazil,BRA,Latin America & Caribbean ,2013,2014,12274.9942,12889.8614,12862.516906671124,12866.66157786851,11494.602233640684,12801.753,Model 1,train
Brazil,BRA,Latin America & Caribbean ,2014,2015,8936.1956,12709.945,12684.998581015729,12689.008773264348,10935.509050253717,12767.553,Model 1,train
Brazil,BRA,Latin America & Caribbean ,2015,2016,8836.2855,9319.6533,9307.730663658436,9310.624407462506,9337.554539431309,10123.997,Model 1,train
Brazil,BRA,Latin America & Caribbean ,2016,2017,10080.5079,9216.9078,9205.031944125069,9207.915017194502,9660.800617983914,10123.997,Model 1,train
Brazil,BRA,Latin America & Caribbean ,2017,2018,9300.6607,10493.923,10480.27864298702,10483.446092447935,10060.182395823243,11393.359,Model 1,train
Barbados,BRB,Latin America & Caribbean ,1995,1996,9011.7788,8902.4953,8961.70553141331,8954.775058407673,9162.021727251968,9341.289,Model 1,train
Barbados,BRB,Latin America & Caribbean ,1996,1997,9521.5713,9474.5789,9537.834211334031,9530.390266397162,9851.566214568396,9610.976,Model 1,train
Barbados,BRB,Latin America & Caribbean ,1997,1998,10734.3637,9997.3647,10062.700911480551,10054.869512386014,10264.384282310784,10422.512,Model 1,train
Barbados,BRB,Latin America & Caribbean ,1998,1999,11244.3088,11256.13,11331.22941857316,11322.20374268984,11073.965104053286,11311.619,Model 1,train
Barbados,BRB,Latin America & Caribbean ,1999,2000,11674.6736,11783.1299,11861.857432459565,11852.352142195206,11634.729485043756,12521.514,Model 1,train
Barbados,BRB,Latin America & Caribbean ,2000,2001,11639.5161,12224.5125,12305.427413743138,12295.56103820414,12060.60964045599,12644.056,Model 1,train
Barbados,BRB,Latin America & Caribbean ,2001,2002,11760.4525,12192.2008,12274.001529095607,12264.108148163888,12196.938279587468,12984.479,Model 1,train
Barbados,BRB,Latin America & Caribbean ,2002,2003,12075.9587,12319.5282,12402.830817397717,12392.796070359347,12248.09580324793,13034.354,Model 1,train
Barbados,BRB,Latin America & Caribbean ,2003,2004,12886.3665,12644.4201,12729.675713827894,12719.365699163129,12631.15949290328,13034.354,Model 1,train
Barbados,BRB,Latin America & Caribbean ,2004,2005,14214.4202,13484.2356,13576.297923932983,13565.167934882176,14265.307584339316,14601.277,Model 1,train
Barbados,BRB,Latin America & Caribbean ,2005,2006,15619.6006,14836.9804,14933.92442954666,14921.77962597504,15058.097665674826,14825.544,Model 1,train
Barbados,BRB,Latin America & Caribbean ,2006,2007,17235.4396,16275.5832,16380.377648975013,16367.00101689746,16716.64359530696,15845.88,Model 1,train
Barbados,BRB,Latin America & Caribbean ,2007,2008,17565.693,17932.2364,18047.41186845397,18032.531412331195,17789.295512315122,19226.855,Model 1,train
Barbados,BRB,Latin America & Caribbean ,2008,2009,16294.9099,18270.2134,18387.34640682878,18372.1739679988,17509.247987128412,19107.09,Model 1,train
Barbados,BRB,Latin America & Caribbean ,2009,2010,20610.5151,16981.0114,17093.63547115146,17079.463498086534,18730.20472022861,17932.238,Model 1,train
Barbados,BRB,Latin America & Caribbean ,2010,2011,20508.1499,21376.3893,21510.50035862691,21492.602718655133,20605.198326677328,21552.08,Model 1,train
Barbados,BRB,Latin America & Caribbean ,2011,2012,20804.115,21278.0399,21413.23301112604,21395.34468383277,20457.767681935733,21552.08,Model 1,train
Barbados,BRB,Latin America & Caribbean ,2012,2013,20410.2065,21585.9264,21724.54687370384,21706.298993548637,21514.626340402137,21882.021,Model 1,train
Barbados,BRB,Latin America & Caribbean ,2013,2014,20192.7084,21189.5187,21327.314327548494,21309.35411692773,20346.836687183888,21328.535,Model 1,train
Barbados,BRB,Latin America & Caribbean ,2014,2015,20424.2088,20973.868,21112.135238699688,21094.284867777,20413.232065058255,21258.434,Model 1,train
Barbados,BRB,Latin America & Caribbean ,2015,2016,20295.5672,21215.9513,21357.244743797994,21339.0947381237,20381.17849262326,21258.434,Model 1,train
Barbados,BRB,Latin America & Caribbean ,2016,2017,20284.5762,21090.793,21233.04132612522,21214.920793238743,20710.014240343025,21383.158,Model 1,train
Barbados,BRB,Latin America & Caribbean ,2017,2018,21381.2426,21083.082,21226.23888723689,21208.079530539704,21055.642443284774,21475.469,Model 1,train
Brunei Darussalam,BRN,East Asia & Pacific,1995,1996,25692.2357,27107.7204,27215.803147609193,27195.911220351307,25592.648013903658,25777.986,Model 1,train
Brunei Darussalam,BRN,East Asia & Pacific,1996,1997,25522.3975,26367.8739,26477.736155562332,26458.272895858783,24744.094787488833,25646.504,Model 1,train
Brunei Darussalam,BRN,East Asia & Pacific,1997,1998,17769.2463,26211.921,26325.04167881156,26305.56571270451,22474.408377510437,24632.15,Model 1,train
Brunei Darussalam,BRN,East Asia & Pacific,1998,1999,19752.2013,18396.3696,18489.044034154744,18475.34083670767,18683.78936177531,18511.6,Model 1,train
Brunei Darussalam,BRN,East Asia & Pacific,1999,2000,20130.2572,20415.2476,20517.1733480016,20501.85840540421,19834.411044688324,19697.396,Model 1,train
Brunei Darussalam,BRN,East Asia & Pacific,2000,2001,18287.8272,20807.8651,20913.542416126675,20897.847245621226,19771.41948987692,20160.432,Model 1,train
Brunei Darussalam,BRN,East Asia & Pacific,2001,2002,18621.2923,18948.9312,19050.031761341404,19035.692887594865,19194.069675335573,19425.465,Model 1,train
Brunei Darussalam,BRN,East Asia & Pacific,2002,2003,20677.9001,19294.003,19397.94768003461,19383.301388950815,20244.228951353063,19678.133,Model 1,train
Brunei Darussalam,BRN,East Asia & Pacific,2003,2004,24423.0947,21385.7208,21498.95244645497,21482.654277204576,22951.4221863562,21446.734,Model 1,train
Brunei Darussalam,BRN,East Asia & Pacific,2004,2005,29386.2704,25177.9711,25305.65308680618,25286.415064113546,27511.180922784068,26139.047,Model 1,train
Brunei Darussalam,BRN,East Asia & Pacific,2005,2006,34674.7995,30184.7612,30329.950847189102,30306.831908570548,32128.78749713741,31505.602,Model 1,train
Brunei Darussalam,BRN,East Asia & Pacific,2006,2007,36217.3291,35501.3254,35663.72194896252,35636.47964345689,36882.11791436038,36986.3,Model 1,train
Brunei Darussalam,BRN,East Asia & Pacific,2007,2008,42156.5686,37050.1004,37217.21754741911,37188.8244057336,38740.43842599792,39076.535,Model 1,train
Brunei Darussalam,BRN,East Asia & Pacific,2008,2009,30946.4674,42992.57,43175.70382399179,43142.79591794005,36610.85727412703,41959.44,Model 1,train
Brunei Darussalam,BRN,East Asia & Pacific,2009,2010,34937.5555,31760.1438,31910.24137232458,31886.130138189885,33434.59340952833,32530.941,Model 1,train
Brunei Darussalam,BRN,East Asia & Pacific,2010,2011,46382.8274,35766.4012,35927.80003011708,35900.71326864839,40333.92690692045,36706.805,Model 1,train
Brunei Darussalam,BRN,East Asia & Pacific,2011,2012,46968.5971,47208.1046,47399.281529609434,47363.51635217978,45548.16714165029,45372.695,Model 1,train
Brunei Darussalam,BRN,East Asia & Pacific,2012,2013,44003.0644,47791.725,47983.617160802154,47947.51558088867,44858.304961406415,47024.223,Model 1,train
Brunei Darussalam,BRN,East Asia & Pacific,2013,2014,41026.5084,44834.4144,45018.600663396006,44984.850202853886,41353.20695121,43575.61,Model 1,train
Brunei Darussalam,BRN,East Asia & Pacific,2014,2015,30625.1288,41861.685,42037.80853705898,42006.40884788322,35839.03566136585,41819.062,Model 1,train
Brunei Darussalam,BRN,East Asia & Pacific,2015,2016,26663.2973,31437.4414,31584.154975352223,31560.71479471832,29675.28726306839,32549.994,Model 1,train
Brunei Darussalam,BRN,East Asia & Pacific,2016,2017,28024.3825,27449.5977,27583.75842623644,27563.36364465588,28655.910676569936,28456.588,Model 1,train
Brunei Darussalam,BRN,East Asia & Pacific,2017,2018,30988.119,28823.4492,28962.338981392917,28940.92936407861,29450.913118151173,30570.396,Model 1,train
Bhutan,BTN,South Asia,1999,2000,771.9249,736.8444,737.9349930206599,737.7961440723028,751.2792318454916,746.34656,Model 1,train
Bhutan,BTN,South Asia,2000,2001,812.2382,827.4012,828.3366478643359,828.1887169915433,832.126968746767,827.1374,Model 1,train
Bhutan,BTN,South Asia,2001,2002,895.7995,872.8153,874.5886266727613,874.3892390506913,893.8763032335881,872.1041,Model 1,train
Bhutan,BTN,South Asia,2002,2003,1022.3824,962.1902,964.4028742879505,964.162877014508,993.8931986151426,980.0558,Model 1,train
Bhutan,BTN,South Asia,2003,2004,1130.3593,1096.9529,1099.724145015471,1099.4262383979783,1138.6615752819644,1129.1895,Model 1,train
Bhutan,BTN,South Asia,2004,2005,1299.9494,1212.123,1215.4813426449482,1215.1276765807131,1272.29237993767,1227.6263,Model 1,train
Bhutan,BTN,South Asia,2005,2006,1405.6072,1391.9299,1396.0035915252845,1395.5702549450064,1387.3576473849057,1389.0275,Model 1,train
Bhutan,BTN,South Asia,2006,2007,1850.4157,1504.9058,1509.7398141307008,1509.2397601594546,1629.0701241138215,1572.3315,Model 1,train
Bhutan,BTN,South Asia,2007,2008,1919.5977,1973.0872,1979.4164398969697,1978.712700805716,1878.8259274894715,1947.5017,Model 1,train
Bhutan,BTN,South Asia,2008,2009,1918.396,2048.1752,2055.4102460001245,2054.640074127516,2047.8671529741123,2093.8884,Model 1,train
Bhutan,BTN,South Asia,2009,2010,2435.5798,2048.9944,2056.7981371389365,2056.000341869318,2160.444069291194,2101.273,Model 1,train
Bhutan,BTN,South Asia,2010,2011,2787.9797,2592.469,2602.4045020993694,2601.336636461934,2696.5817242790936,2641.6575,Model 1,train
Bhutan,BTN,South Asia,2011,2012,2751.2129,2963.0119,2974.734502462871,2973.4604194555845,2869.8989118647614,3010.4497,Model 1,train
Bhutan,BTN,South Asia,2012,2013,2679.9522,2928.0987,2940.6630756408535,2939.359389204807,2850.372918964057,2901.5686,Model 1,train
Bhutan,BTN,South Asia,2013,2014,2849.5,2856.5404,2869.662140039801,2868.3550825188163,2913.6294470482067,2940.6062,Model 1,train
Bhutan,BTN,South Asia,2014,2015,2954.0408,3035.9216,3050.242306933948,3048.819271003808,3023.885671172893,3187.4016,Model 1,train
Bhutan,BTN,South Asia,2015,2016,3152.3091,3147.1699,3162.4253893384853,3160.9212172762445,3099.286297769934,3340.107,Model 1,train
Bhutan,BTN,South Asia,2016,2017,3435.288,3356.505,3373.1269491639737,3371.4870483879513,3371.203744401221,3495.5083,Model 1,train
Bhutan,BTN,South Asia,2017,2018,3400.2042,3653.9311,3672.222072245318,3670.4002116827583,3633.8526814844254,3845.8623,Model 1,train
Botswana,BWA,Sub-Saharan Africa ,1991,1992,3004.6126,3038.6953,3026.449861424447,3026.5971245766546,3362.107405218875,3077.8843,Model 1,train
Botswana,BWA,Sub-Saharan Africa ,1995,1996,3156.2687,3225.1503,3202.144834234191,3202.8372815994207,3244.6018669239143,3538.7332,Model 1,train
Botswana,BWA,Sub-Saharan Africa ,1996,1997,3194.1811,3221.738,3197.7190634802137,3198.4727080391617,3233.9343780424833,3570.9326,Model 1,train
Botswana,BWA,Sub-Saharan Africa ,1997,1998,2981.1964,3254.0375,3228.100231041882,3228.952606371781,3197.3083443307323,3475.123,Model 1,train
Botswana,BWA,Sub-Saharan Africa ,1998,1999,3339.996,3036.6206,3011.3718276106392,3012.247774431244,3286.9402611192168,3330.6628,Model 1,train
Botswana,BWA,Sub-Saharan Africa ,1999,2000,3450.8118,3390.1645,3360.202371685379,3361.2440687127437,3443.850191050294,3644.0725,Model 1,train
Botswana,BWA,Sub-Saharan Africa ,2000,2001,3206.0712,3498.1642,3466.414218802165,3467.5293038909117,3420.322762514937,3691.6685,Model 1,train
Botswana,BWA,Sub-Saharan Africa ,2001,2002,3117.2509,3254.4486,3225.0826589205662,3226.1400930743976,3353.022577768233,3459.6309,Model 1,train
Botswana,BWA,Sub-Saharan Africa ,2002,2003,4230.1233,3167.2756,3139.107710418964,3140.129724864969,3642.4903827333105,3447.5073,Model 1,train
Botswana,BWA,Sub-Saharan Africa ,2003,2004,4956.6929,4276.01,4237.221262298372,4238.527027155192,4517.1299514070015,4383.5635,Model 1,train
Botswana,BWA,Sub-Saharan Africa ,2004,2005,5391.0708,5002.8377,4958.541819917695,4959.948404456817,5681.604766457865,5270.369,Model 1,train
Botswana,BWA,Sub-Saharan Africa ,2005,2006,5291.5838,5442.5009,5396.46167563673,5397.847609013252,5455.129552045947,5765.664,Model 1,train
Botswana,BWA,Sub-Saharan Africa ,2006,2007,5529.1257,5353.4133,5310.784275965407,5312.028738887221,5649.10536634059,5665.3135,Model 1,train
Botswana,BWA,Sub-Saharan Africa ,2007,2008,5503.074,5610.67,5571.630480277725,5572.6295120172,5270.796281181381,6171.3306,Model 1,train
Botswana,BWA,Sub-Saharan Africa ,2008,2009,5082.9339,5597.2151,5561.67709748168,5562.510111337945,5141.139047635473,5334.5293,Model 1,train
Botswana,BWA,Sub-Saharan Africa ,2009,2010,6215.7322,5186.1859,5156.002297294923,5156.680323500637,5671.135512973302,5165.307,Model 1,train
Botswana,BWA,Sub-Saharan Africa ,2010,2011,7287.383,6328.5821,6293.1808824960435,6293.828705820351,6532.1586040880375,5839.3833,Model 1,train
Botswana,BWA,Sub-Saharan Africa ,2011,2012,6595.5385,7405.6897,7365.126240543772,7365.744462924365,7000.571776766505,7080.2373,Model 1,train
Botswana,BWA,Sub-Saharan Africa ,2012,2013,6666.9122,6727.1347,6694.250906569462,6694.679702609234,6779.754679413042,6362.028,Model 1,train
Botswana,BWA,Sub-Saharan Africa ,2013,2014,7122.3642,6812.0833,6782.388321231188,6782.638070685848,6857.847427634667,6788.9883,Model 1,train
Botswana,BWA,Sub-Saharan Africa ,2014,2015,6141.2039,7284.2649,7256.317287700615,7256.351552668369,6692.434598671873,6814.409,Model 1,train
Botswana,BWA,Sub-Saharan Africa ,2015,2016,6749.0599,6315.9144,6297.539594266479,6297.359780877694,6526.869450329853,6066.586,Model 1,train
Botswana,BWA,Sub-Saharan Africa ,2016,2017,7104.964,6946.1531,6930.0048564855515,6929.543705273946,7237.550060004231,7295.381,Model 1,train
Botswana,BWA,Sub-Saharan Africa ,2017,2018,7407.9594,7324.1857,7311.914123874627,7311.154557124807,7146.621894595265,7315.4873,Model 1,train
Central African Republic,CAF,Sub-Saharan Africa ,1996,1997,265.5213,308.9482,306.098272404285,306.2921363302223,284.9133139090129,292.7356,Model 1,train
Central African Republic,CAF,Sub-Saharan Africa ,1997,1998,266.5705,279.9567,277.3291896677078,277.5105451857556,267.9566563021036,262.4021,Model 1,train
Central African Republic,CAF,Sub-Saharan Africa ,1998,1999,267.996,280.8943,278.2094308367791,278.39456656196666,267.7971428940763,262.4021,Model 1,train
Central African Republic,CAF,Sub-Saharan Africa ,1999,2000,239.1541,282.2297,279.48559478260495,279.67464587684054,252.5180801199184,261.88098,Model 1,train
Central African Republic,CAF,Sub-Saharan Africa ,2000,2001,237.9517,252.2491,249.781212948028,249.95433233927875,236.9603158223142,246.34264,Model 1,train
Central African Republic,CAF,Sub-Saharan Africa ,2001,2002,248.6393,251.0742,248.63386143750904,248.8060298379069,237.52464858332357,243.20451,Model 1,train
Central African Republic,CAF,Sub-Saharan Africa ,2002,2003,278.404,262.1731,259.6182209506771,259.7978529400534,264.56279836084894,248.35725,Model 1,train
Central African Republic,CAF,Sub-Saharan Africa ,2003,2004,303.4613,293.1988,290.3728913187983,290.56979779601306,290.3117367897186,273.1573,Model 1,train
Central African Republic,CAF,Sub-Saharan Africa ,2004,2005,311.95,319.315,316.26949731701853,316.4804301173346,302.58394613657674,308.41913,Model 1,train
Central African Republic,CAF,Sub-Saharan Africa ,2005,2006,333.9425,328.4582,325.41510117074426,325.6273586967712,307.72769713344127,314.53122,Model 1,train
Central African Republic,CAF,Sub-Saharan Africa ,2006,2007,380.887,351.5225,348.3329447884409,348.55514187346785,353.80017940362836,339.8457,Model 1,train
Central African Republic,CAF,Sub-Saharan Africa ,2007,2008,437.2483,400.4689,396.91599693481703,397.1608539065802,413.3452320387374,367.88333,Model 1,train
Central African Republic,CAF,Sub-Saharan Africa ,2008,2009,456.4717,459.0217,455.0069249786288,455.2797196501586,471.7391145417778,466.0973,Model 1,train
Central African Republic,CAF,Sub-Saharan Africa ,2009,2010,476.8738,439.403,425.19871233124974,425.98691104592103,443.1084518461912,452.72568,Model 1,train
Central African Republic,CAF,Sub-Saharan Africa ,2010,2011,534.0573,496.0973,490.6943500458472,491.0393654001172,510.22349299580105,485.93585,Model 1,train
Central African Republic,CAF,Sub-Saharan Africa ,2011,2012,544.3958,558.6714,553.697366560942,554.023615068634,537.7945782687636,558.4693,Model 1,train
Central African Republic,CAF,Sub-Saharan Africa ,2012,2013,364.367,570.9612,566.3278340512337,566.6375575363179,479.2613264499121,548.40967,Model 1,train
Central African Republic,CAF,Sub-Saharan Africa ,2013,2014,409.8505,383.5734,380.2190639838813,380.45418825615974,379.6260271040477,365.3276,Model 1,train
Central African Republic,CAF,Sub-Saharan Africa ,2014,2015,366.3229,420.8479,414.4767135546011,414.86846286395286,375.8307497296845,400.28738,Model 1,train
Central African Republic,CAF,Sub-Saharan Africa ,2015,2016,387.1762,387.8989,385.1472323795306,385.3516035741449,381.7640478481499,361.58002,Model 1,train
Central African Republic,CAF,Sub-Saharan Africa ,2016,2017,432.324,408.5704,405.36839015688855,405.5979970717533,412.8689631224832,389.20905,Model 1,train
Central African Republic,CAF,Sub-Saharan Africa ,2017,2018,455.244,448.8129,443.4599459567856,443.8030369814185,432.59133840795505,427.70737,Model 1,train
Canada,CAN,North America,1991,1992,20950.3305,22578.0701,22613.640293474775,22610.86494779517,21675.96562713162,22234.117,Model 1,train
Canada,CAN,North America,1992,1993,20186.7989,21682.7461,21721.633700656257,21718.832248042287,21251.221288152992,21593.865,Model 1,train
Canada,CAN,North America,1993,1994,19997.6237,20901.2936,20937.80669725868,20935.253292834783,20592.57064359118,20366.139,Model 1,train
Canada,CAN,North America,1994,1995,20679.6348,20717.4823,20756.04890389137,20753.435085740333,20744.26879931944,20366.139,Model 1,train
Canada,CAN,North America,1995,1996,21296.9724,21414.451,21454.43400035634,21451.68130133913,21526.640257769483,21008.242,Model 1,train
Canada,CAN,North America,1996,1997,21901.5629,22053.0924,22096.600769676777,22093.606543207276,21941.06477906355,21592.588,Model 1,train
Canada,CAN,North America,1997,1998,21024.5851,22676.3745,22722.79165237309,22719.588357897952,21958.68513423325,23114.775,Model 1,train
Canada,CAN,North America,1998,1999,22315.2467,21797.572,21846.51259962219,21843.309105433505,22201.538080668175,22217.69,Model 1,train
Canada,CAN,North America,1999,2000,24271.0021,23119.2339,23172.11817454765,23168.559319182434,23121.131214807945,22856.092,Model 1,train
Canada,CAN,North America,2000,2001,23822.0962,25121.8054,25181.25126064431,25177.10633798569,25534.20354518922,25870.588,Model 1,train
Canada,CAN,North America,2001,2002,24256.0192,24680.0899,24742.77255016539,24738.546762545677,25902.16918111488,25409.213,Model 1,train
Canada,CAN,North America,2002,2003,28301.8646,25128.0144,25193.03987582701,25188.659527524214,27171.401304591694,25920.201,Model 1,train
Canada,CAN,North America,2003,2004,32145.5413,29239.3062,29311.16588839292,29305.871950016073,31208.80060793251,30080.75,Model 1,train
Canada,CAN,North America,2004,2005,36383.66,33145.4588,33226.10575610122,33219.78281413021,34027.92405595951,32549.344,Model 1,train
Canada,CAN,North America,2005,2006,40504.0371,37430.5555,37516.903801769426,37509.6124594741,40460.85829434485,38935.22,Model 1,train
Canada,CAN,North America,2006,2007,44660.0839,41620.8321,41721.48518423289,41712.75876076848,44528.30259579579,42784.12,Model 1,train
Canada,CAN,North America,2007,2008,46710.2527,45798.8076,45901.89555419254,45892.32101463262,46328.84415850048,46725.516,Model 1,train
Canada,CAN,North America,2008,2009,40874.8832,47877.4064,47987.01435721603,47976.76016964613,45576.592585663464,48063.586,Model 1,train
Canada,CAN,North America,2009,2010,47560.6666,42045.3828,42159.72035123311,42150.34259485885,45236.45089950281,42557.94,Model 1,train
Canada,CAN,North America,2010,2011,52223.8588,48800.2717,48929.09961833415,48917.78050084469,47833.92701914722,47917.312,Model 1,train
Canada,CAN,North America,2011,2012,52670.3447,53502.2815,53640.78143215896,53628.099289608406,53877.769024196146,50825.574,Model 1,train
Canada,CAN,North America,2012,2013,52638.1187,53973.1261,54118.03291909918,54104.98363916461,52559.37859268303,50492.414,Model 1,train
Canada,CAN,North America,2013,2014,50960.8431,53950.5408,54097.69394390625,54084.590211194554,51448.831402833785,50492.414,Model 1,train
Canada,CAN,North America,2014,2015,43594.1941,52270.3707,52416.3530923089,52403.69069162702,46521.82699975859,47855.523,Model 1,train
Canada,CAN,North America,2015,2016,42314.0616,44861.9738,44999.1978152789,44988.39625917664,44553.91793747443,44234.69,Model 1,train
Canada,CAN,North America,2016,2017,45129.6281,43582.5947,43720.72456640264,43710.150516739144,44363.70515671929,42615.574,Model 1,train
Canada,CAN,North America,2017,2018,46539.1762,46405.8522,46543.430031618416,46532.44538246914,46088.00378803808,45874.754,Model 1,train
Switzerland,CHE,Europe & Central Asia,1991,1992,40713.6882,40458.3733,40556.73094051738,40541.84636765095,41267.28747929318,40797.688,Model 1,train
Switzerland,CHE,Europe & Central Asia,1992,1993,39237.1187,41658.5207,41765.575429163975,41749.87848548373,41892.81253400421,41066.49,Model 1,train
Switzerland,CHE,Europe & Central Asia,1993,1994,43091.7771,40204.9167,40317.79112471968,40302.31610526254,42181.88528922106,38190.117,Model 1,train
Switzerland,CHE,Europe & Central Asia,1994,1995,50113.8321,44097.6509,44222.42657195747,44205.05031593138,47485.84462060394,44056.312,Model 1,train
Switzerland,CHE,Europe & Central Asia,1995,1996,48092.6433,51132.7156,51267.06059297454,51246.76675037269,48629.23371099936,49515.426,Model 1,train
Switzerland,CHE,Europe & Central Asia,1996,1997,41584.4418,49168.9618,49317.18382222034,49296.87993707051,45945.98735303897,47646.047,Model 1,train
Switzerland,CHE,Europe & Central Asia,1997,1998,42680.5867,42661.1231,42804.7842452368,42786.968020453096,42864.57812291575,42243.188,Model 1,train
Switzerland,CHE,Europe & Central Asia,1998,1999,41695.6913,43788.1874,43941.00598506891,43922.34325786715,43877.40408404583,45222.19,Model 1,train
Switzerland,CHE,Europe & Central Asia,1999,2000,38865.0219,42824.6406,42982.92349280892,42964.321571328874,42655.48705282402,42806.69,Model 1,train
Switzerland,CHE,Europe & Central Asia,2000,2001,39638.7911,39984.3701,40139.059598980726,40121.61488252903,41126.09749533971,38967.24,Model 1,train
Switzerland,CHE,Europe & Central Asia,2001,2002,42458.7385,40813.2225,40983.479550682045,40964.97330345443,42244.05555818573,42582.547,Model 1,train
Switzerland,CHE,Europe & Central Asia,2002,2003,49335.7456,43676.3526,43859.48571592599,43839.38395574902,45309.49074811432,43509.254,Model 1,train
Switzerland,CHE,Europe & Central Asia,2003,2004,54659.4571,50612.4438,50817.35042790305,50793.76607136309,50479.11862068033,49983.273,Model 1,train
Switzerland,CHE,Europe & Central Asia,2004,2005,56242.8934,56030.6894,56269.06889014219,56241.85213703561,55286.99156660616,55523.016,Model 1,train
Switzerland,CHE,Europe & Central Asia,2005,2006,59011.0325,57640.3592,57888.36532629963,57860.103414628,57249.89502497253,55523.016,Model 1,train
Switzerland,CHE,Europe & Central Asia,2006,2007,64989.1553,60454.409,60719.92067680228,60689.76050342997,61407.59048350673,60218.13,Model 1,train
Switzerland,CHE,Europe & Central Asia,2007,2008,74175.1928,66486.7214,66779.205775199,66745.4688947668,69629.93856216103,70596.97,Model 1,train
Switzerland,CHE,Europe & Central Asia,2008,2009,71568.3124,75723.5325,76052.52947507356,76013.48071941975,72990.10715339213,70886.055,Model 1,train
Switzerland,CHE,Europe & Central Asia,2009,2010,76531.3729,73123.5733,73446.79837976563,73409.13831050202,74130.99312874905,70761.64,Model 1,train
Switzerland,CHE,Europe & Central Asia,2010,2011,90476.759,78124.1456,78470.92829170845,78430.20726494686,86114.18342237506,82116.73,Model 1,train
Switzerland,CHE,Europe & Central Asia,2011,2012,85836.2077,92141.9799,92553.48656617531,92503.98280512536,85958.60623508375,90272.94,Model 1,train
Switzerland,CHE,Europe & Central Asia,2012,2013,87304.3306,87509.5834,87906.64847054427,87859.83194588049,87391.26140036403,81591.13,Model 1,train
Switzerland,CHE,Europe & Central Asia,2013,2014,88724.9909,88995.3754,89401.5441442867,89353.77097825588,87229.10782751032,89239.87,Model 1,train
Switzerland,CHE,Europe & Central Asia,2014,2015,83806.4476,90500.0041,90934.08283022555,90884.36783809794,82992.4581315621,89162.02,Model 1,train
Switzerland,CHE,Europe & Central Asia,2015,2016,82153.0745,85519.0679,85918.14492468405,85872.30993532077,83769.84644003547,80508.33,Model 1,train
Switzerland,CHE,Europe & Central Asia,2016,2017,82254.3769,84008.9638,84443.0430857073,84396.0508576807,85336.66435479163,80165.7,Model 1,train
Switzerland,CHE,Europe & Central Asia,2017,2018,85217.3692,84098.6519,84529.04891327703,84482.29572038946,83738.98195776313,80165.7,Model 1,train
Chile,CHL,Latin America & Caribbean ,1992,1993,3540.9138,3575.8251,3587.4737247095827,3587.091678374726,3676.637577258332,3603.377,Model 1,train
Chile,CHL,Latin America & Caribbean ,1993,1994,4012.1016,3776.0546,3788.756384311659,3788.318515801155,3871.5948546455743,4068.5417,Model 1,train
Chile,CHL,Latin America & Caribbean ,1994,1995,5081.4683,4270.5277,4284.8217062688545,4284.286695600527,4431.327685741439,4239.56,Model 1,train
Chile,CHL,Latin America & Caribbean ,1995,1996,5333.5044,5386.7365,5403.843003810412,5403.105078665152,5448.907935457787,5384.748,Model 1,train
Chile,CHL,Latin America & Caribbean ,1996,1997,5741.9584,5651.7075,5670.111230554501,5669.295617846385,5637.502539558807,5746.1826,Model 1,train
Chile,CHL,Latin America & Caribbean ,1997,1998,5419.8242,6079.2022,6099.307672109167,6098.380341678263,5914.07488425125,6243.5757,Model 1,train
Chile,CHL,Latin America & Caribbean ,1998,1999,4933.5558,5751.812,5773.224453095166,5772.2607125849245,5314.237538314593,5648.6484,Model 1,train
Chile,CHL,Latin America & Caribbean ,1999,2000,5052.9925,5251.0627,5272.796684909737,5271.8554575875505,5080.744546786897,5496.9097,Model 1,train
Chile,CHL,Latin America & Caribbean ,2000,2001,4563.5953,5380.5541,5403.973047605452,5402.942890868438,4967.233688189932,5403.375,Model 1,train
Chile,CHL,Latin America & Caribbean ,2001,2002,4430.8474,4874.8836,4898.326357505566,4897.328846489501,4678.423633394521,4773.849,Model 1,train
Chile,CHL,Latin America & Caribbean ,2002,2003,4773.4018,4738.8684,4762.655377387766,4761.651867578469,4700.938971001016,4797.911,Model 1,train
Chile,CHL,Latin America & Caribbean ,2003,2004,6120.5915,5097.8968,5122.966803703658,5121.884246900337,5533.457384348835,5334.183,Model 1,train
Chile,CHL,Latin America & Caribbean ,2004,2005,7480.3233,6509.5007,6540.604941194988,6539.1247955371155,6883.220134050396,6547.3687,Model 1,train
Chile,CHL,Latin America & Caribbean ,2005,2006,9318.6566,7926.3375,7962.57740892382,7960.719390368507,8540.806027842245,8821.907,Model 1,train
Chile,CHL,Latin America & Caribbean ,2006,2007,10346.4138,9831.4502,9873.3429924371,9871.005551860011,10256.642553653972,11187.823,Model 1,train
Chile,CHL,Latin America & Caribbean ,2007,2008,10683.2189,10895.3287,10940.693902543104,10938.062977694177,10981.595927690376,10941.871,Model 1,train
Chile,CHL,Latin America & Caribbean ,2008,2009,10098.8017,11245.1647,11292.037881489285,11289.297423837925,10982.570234311444,12080.851,Model 1,train
Chile,CHL,Latin America & Caribbean ,2009,2010,12632.8705,10645.6988,10691.88990898324,10689.267495298298,11425.389377353236,11360.138,Model 1,train
Chile,CHL,Latin America & Caribbean ,2010,2011,14487.3928,13262.3357,13316.854635359105,13313.481031522131,13918.683112459665,13801.581,Model 1,train
Chile,CHL,Latin America & Caribbean ,2011,2012,15241.907,15171.5223,15231.86039911802,15227.927700360857,15094.3199135801,16118.35,Model 1,train
Chile,CHL,Latin America & Caribbean ,2012,2013,15683.5486,15944.2058,16005.968349087894,16001.861460403708,15608.509282391806,16445.695,Model 1,train
Chile,CHL,Latin America & Caribbean ,2013,2014,14529.6767,16409.5209,16475.845661124775,16471.446069831556,15087.504727484242,14060.203,Model 1,train
Chile,CHL,Latin America & Caribbean ,2014,2015,13433.9203,15231.9142,15296.828963757112,15292.694179976545,14351.003968519351,13583.124,Model 1,train
Chile,CHL,Latin America & Caribbean ,2015,2016,13649.852,14115.7691,14180.33921510446,14176.394595234404,14131.091920523566,14206.052,Model 1,train
Chile,CHL,Latin America & Caribbean ,2016,2017,14879.9086,14347.7198,14415.582311809489,14411.451980484688,14689.394609525249,14249.1045,Model 1,train
Chile,CHL,Latin America & Caribbean ,2017,2018,15659.4809,15624.5744,15699.384196429646,15694.737211991163,15517.141443156845,15911.131,Model 1,train
China,CHN,East Asia & Pacific,1993,1994,475.6779,414.7735,413.7737187882913,414.1237098704907,416.5392702229612,391.35684,Model 1,train
China,CHN,East Asia & Pacific,1994,1995,612.6803,518.6592,517.3364855454822,517.7674452877038,589.2624848193684,564.9793,Model 1,train
China,CHN,East Asia & Pacific,1995,1996,713.3374,665.4226,663.6897149828811,664.2294713156202,679.4466112128664,684.0323,Model 1,train
China,CHN,East Asia & Pacific,1996,1997,786.7435,773.1824,771.2148728366025,771.8295078805535,794.7907825935273,795.08777,Model 1,train
China,CHN,East Asia & Pacific,1997,1998,835.0953,851.8582,849.7817541348056,850.4473252200247,855.510366844272,885.9662,Model 1,train
China,CHN,East Asia & Pacific,1998,1999,881.1466,903.915,901.8453845340914,902.5405860189974,895.1902715734286,926.4339,Model 1,train
China,CHN,East Asia & Pacific,1999,2000,969.1995,953.513,951.4661067283604,952.1884899806864,1005.5414794861948,1017.2892,Model 1,train
China,CHN,East Asia & Pacific,2000,2001,1065.406,1047.5928,1045.4154843616086,1046.1969763245706,1090.8165085398648,1089.8048,Model 1,train
China,CHN,East Asia & Pacific,2001,2002,1163.5596,1150.4168,1148.1461366725453,1148.9888027524355,1142.6249826518988,1172.8529,Model 1,train
China,CHN,East Asia & Pacific,2002,2003,1306.9725,1255.2154,1252.859252369745,1253.7629458871834,1324.3185449582115,1345.9238,Model 1,train
China,CHN,East Asia & Pacific,2003,2004,1530.9273,1407.7545,1405.17885364117,1406.1745196023455,1539.024641607905,1510.9166,Model 1,train
China,CHN,East Asia & Pacific,2004,2005,1777.645,1644.9878,1641.9379416660504,1643.0801429673163,1773.66527843626,1786.8511,Model 1,train
China,CHN,East Asia & Pacific,2005,2006,2129.257,1905.8809,1902.3479255290024,1903.6457679574175,2058.45528965778,2003.0514,Model 1,train
China,CHN,East Asia & Pacific,2006,2007,2734.7271,2276.1626,2271.772918805768,2273.2945951095244,2551.8614279469484,2458.1016,Model 1,train
China,CHN,East Asia & Pacific,2007,2008,3523.443,2911.1304,2905.109954580095,2907.0105425684756,3248.720397810102,3214.408,Model 1,train
China,CHN,East Asia & Pacific,2008,2009,3898.2446,3731.6279,3722.5060042169657,3724.928351096958,3970.4374683752694,4038.3396,Model 1,train
China,CHN,East Asia & Pacific,2009,2010,4629.2455,4124.8459,4115.437119152414,4118.0430459184945,4439.657501477543,4226.3315,Model 1,train
China,CHN,East Asia & Pacific,2010,2011,5703.7603,4885.2251,4873.89400356792,4876.913973150422,5481.697010029753,5292.768,Model 1,train
China,CHN,East Asia & Pacific,2011,2012,6405.0574,5996.5928,5981.569256741599,5985.220231433142,6079.2502187692,6326.9463,Model 1,train
China,CHN,East Asia & Pacific,2012,2013,7147.0352,6722.9025,6706.193362382498,6710.211439224816,6972.283375837016,6768.9854,Model 1,train
China,CHN,East Asia & Pacific,2013,2014,7781.066,7489.3558,7470.666553045435,7475.074992315828,7518.460431376269,7613.994,Model 1,train
China,CHN,East Asia & Pacific,2014,2015,8175.3329,8144.6554,8124.624487838157,8129.344040961452,8422.586257146755,8388.464,Model 1,train
China,CHN,East Asia & Pacific,2015,2016,8254.8686,8554.026,8533.776071318613,8538.657688905041,8366.187772223057,9136.366,Model 1,train
China,CHN,East Asia & Pacific,2016,2017,8979.6765,8640.4819,8621.236418108729,8626.102098118374,8841.692695437903,8967.124,Model 1,train
China,CHN,East Asia & Pacific,2017,2018,10085.6638,9383.3091,9361.223888408156,9366.50113855198,9766.244407266093,9678.682,Model 1,train
Cote d'Ivoire,CIV,Sub-Saharan Africa ,1995,1996,1170.2362,770.9628,763.3666952563598,763.9231166384931,911.5542055754344,818.84735,Model 1,train
Cote d'Ivoire,CIV,Sub-Saharan Africa ,1996,1997,1124.6567,1206.6062,1193.6983007133392,1194.5752055668524,1150.8281301618042,1272.9893,Model 1,train
Cote d'Ivoire,CIV,Sub-Saharan Africa ,1997,1998,1177.3713,1160.2069,1147.7332470790848,1148.5883933815835,1163.6749585829102,1172.3246,Model 1,train
Cote d'Ivoire,CIV,Sub-Saharan Africa ,1998,1999,1096.1352,1212.5497,1199.140150362324,1200.0525643359415,1139.5784239728262,1233.237,Model 1,train
Cote d'Ivoire,CIV,Sub-Saharan Africa ,1999,2000,936.6365,1130.631,1118.2466689610071,1119.1024947696874,1036.957071699645,1163.6597,Model 1,train
Cote d'Ivoire,CIV,Sub-Saharan Africa ,2000,2001,924.7273,969.4772,959.1403430798586,959.8764720138377,954.6708843662924,877.0388,Model 1,train
Cote d'Ivoire,CIV,Sub-Saharan Africa ,2001,2002,967.8159,957.442,947.2422746147624,947.9725312253178,950.6236977337384,929.009,Model 1,train
Cote d'Ivoire,CIV,Sub-Saharan Africa ,2002,2003,1111.1714,1001.3596,990.6657135988966,991.4292031410866,1043.586795954197,994.59125,Model 1,train
Cote d'Ivoire,CIV,Sub-Saharan Africa ,2003,2004,1199.8252,1146.0992,1133.4971665030998,1134.3778902433305,1135.143667778732,1158.0573,Model 1,train
Cote d'Ivoire,CIV,Sub-Saharan Africa ,2004,2005,1197.7462,1237.0373,1223.6621390416856,1224.5952905159486,1201.526149137831,1262.261,Model 1,train
Cote d'Ivoire,CIV,Sub-Saharan Africa ,2005,2006,1230.4306,1236.375,1223.3836370673496,1224.300062297979,1226.9991543549925,1292.162,Model 1,train
Cote d'Ivoire,CIV,Sub-Saharan Africa ,2006,2007,1367.5382,1270.7657,1257.7095048304602,1258.6359940662717,1314.5721933567588,1322.9819,Model 1,train
Cote d'Ivoire,CIV,Sub-Saharan Africa ,2007,2008,1583.9707,1411.2038,1396.9692737963278,1397.9740088944463,1520.1836865638109,1473.954,Model 1,train
Cote d'Ivoire,CIV,Sub-Saharan Africa ,2008,2009,1540.4539,1632.4544,1616.3662997561626,1617.4905700554905,1490.177963477896,1658.3896,Model 1,train
Cote d'Ivoire,CIV,Sub-Saharan Africa ,2009,2010,1553.5489,1590.6461,1575.6009856699477,1576.6716026093045,1516.340288387171,1639.0759,Model 1,train
Cote d'Ivoire,CIV,Sub-Saharan Africa ,2010,2011,1596.6283,1605.9366,1591.2637258179743,1592.3202787183404,1410.2938161549578,1432.9996,Model 1,train
Cote d'Ivoire,CIV,Sub-Saharan Africa ,2011,2012,1546.946,1652.261,1637.8183957596625,1638.8711289269663,1377.7526091351908,1552.4691,Model 1,train
Cote d'Ivoire,CIV,Sub-Saharan Africa ,2012,2013,1786.1586,1604.1696,1590.8324005243776,1591.8272235943043,1669.737203041214,1590.5903,Model 1,train
Cote d'Ivoire,CIV,Sub-Saharan Africa ,2013,2014,1991.3654,1848.9052,1833.677882918914,1834.7960445177712,1783.6421565132878,1717.3994,Model 1,train
Cote d'Ivoire,CIV,Sub-Saharan Africa ,2014,2015,1814.7186,2060.2304,2043.8434151352433,2045.0436159701903,1885.312489696185,1976.8645,Model 1,train
Cote d'Ivoire,CIV,Sub-Saharan Africa ,2015,2016,1862.596,1883.3063,1869.179449318912,1870.2542621128512,1763.7489071458936,1750.7227,Model 1,train
Cote d'Ivoire,CIV,Sub-Saharan Africa ,2016,2017,1964.2993,1934.381,1920.417594097683,1921.494300743716,2026.379768371242,1981.519,Model 1,train
Cote d'Ivoire,CIV,Sub-Saharan Africa ,2017,2018,2130.8662,2040.1755,2025.8959584121849,2027.0041548836944,2043.6786718519336,2036.5682,Model 1,train
Cameroon,CMR,Sub-Saharan Africa ,1997,1998,798.7456,817.4319,810.1546119577482,810.6940369075173,795.0516509188773,818.6892,Model 1,train
Cameroon,CMR,Sub-Saharan Africa ,1998,1999,796.2626,833.1051,825.5993663098733,826.1544368169128,778.9014331760162,853.17224,Model 1,train
Cameroon,CMR,Sub-Saharan Africa ,1999,2000,708.5657,830.7818,823.3416314629161,823.8953146292849,788.3300950662211,828.88965,Model 1,train
Cameroon,CMR,Sub-Saharan Africa ,2000,2001,715.4703,741.3355,734.8929304188831,735.3868614874842,757.8120308516789,746.14404,Model 1,train
Cameroon,CMR,Sub-Saharan Africa ,2001,2002,789.6238,748.853,742.4399816257304,742.9353386976675,788.2844432029503,747.178,Model 1,train
Cameroon,CMR,Sub-Saharan Africa ,2002,2003,988.2413,825.4106,818.3666150781016,818.906017851307,908.2441155276192,828.0597,Model 1,train
Cameroon,CMR,Sub-Saharan Africa ,2003,2004,1133.3933,1029.0663,1020.1166427249796,1020.7791912808636,1030.2453898108374,1045.9103,Model 1,train
Cameroon,CMR,Sub-Saharan Africa ,2004,2005,1142.6247,1177.7789,1167.499970129057,1168.248402969906,1193.7102341478133,1187.5182,Model 1,train
Cameroon,CMR,Sub-Saharan Africa ,2005,2006,1191.4546,1188.0648,1177.9006835693183,1178.6475070685638,1199.8174736651802,1259.0696,Model 1,train
Cameroon,CMR,Sub-Saharan Africa ,2006,2007,1325.6725,1238.9161,1228.5242541382115,1229.2909607564106,1253.5240489034677,1238.1483,Model 1,train
Cameroon,CMR,Sub-Saharan Africa ,2007,2008,1492.1427,1376.7722,1365.3246618411977,1366.1617430761517,1380.0330905662097,1306.1554,Model 1,train
Cameroon,CMR,Sub-Saharan Africa ,2008,2009,1461.39,1547.3591,1534.5739543869165,1535.4980578022814,1453.792520519679,1504.7534,Model 1,train
Cameroon,CMR,Sub-Saharan Africa ,2009,2010,1398.587,1517.4142,1505.2496758261714,1506.1439439711685,1473.3838048749865,1497.416,Model 1,train
Cameroon,CMR,Sub-Saharan Africa ,2010,2011,1513.9606,1455.1447,1443.997659345336,1444.838595356283,1529.561004645965,1465.2898,Model 1,train
Cameroon,CMR,Sub-Saharan Africa ,2011,2012,1449.0987,1574.5336,1562.7696002972243,1563.6570521056708,1508.2399491290926,1356.0513,Model 1,train
Cameroon,CMR,Sub-Saharan Africa ,2012,2013,1575.9288,1510.8954,1500.359688526663,1501.1828034889977,1530.6414188372337,1512.9187,Model 1,train
Cameroon,CMR,Sub-Saharan Africa ,2013,2014,1649.4434,1642.4721,1631.3659217317766,1632.2346244328387,1606.7395805441963,1578.0632,Model 1,train
Cameroon,CMR,Sub-Saharan Africa ,2014,2015,1415.0001,1719.0736,1707.7249761988892,1708.6179158070065,1387.5865135124866,1602.1637,Model 1,train
Cameroon,CMR,Sub-Saharan Africa ,2015,2016,1441.7202,1481.3175,1472.3942510886811,1473.1452533986055,1526.0508153078467,1488.6145,Model 1,train
Cameroon,CMR,Sub-Saharan Africa ,2016,2017,1496.0895,1510.8676,1502.284313455044,1503.025435239046,1520.1778850415203,1465.1298,Model 1,train
Cameroon,CMR,Sub-Saharan Africa ,2017,2018,1610.6964,1568.584,1560.0814081556773,1560.8287859119598,1554.956528392053,1530.405,Model 1,train
"Congo, Dem. Rep.",COD,Sub-Saharan Africa ,1996,1997,132.3235,136.5152,135.1344024430166,135.2723958964516,128.56754412856563,129.29256,Model 1,train
"Congo, Dem. Rep.",COD,Sub-Saharan Africa ,1997,1998,131.4613,142.0346,140.69070340217507,140.82925305905945,132.44970128581403,140.54036,Model 1,train
"Congo, Dem. Rep.",COD,Sub-Saharan Africa ,1998,1999,96.3192,140.8479,139.43594283769707,139.57787376863132,120.5768757464714,138.75552,Model 1,train
"Congo, Dem. Rep.",COD,Sub-Saharan Africa ,1999,2000,377.9254,103.9598,102.99352891239658,103.09774592143732,161.4772313994896,128.67787,Model 1,train
"Congo, Dem. Rep.",COD,Sub-Saharan Africa ,2000,2001,142.6781,398.3364,394.24905433584047,394.6189145227162,264.8382455131654,336.70886,Model 1,train
"Congo, Dem. Rep.",COD,Sub-Saharan Africa ,2001,2002,162.3805,153.5329,152.21844407803275,152.36197530332862,152.4926805273076,142.61638,Model 1,train
"Congo, Dem. Rep.",COD,Sub-Saharan Africa ,2002,2003,161.4916,174.3327,172.81749376584915,172.98007682142,170.2484687499665,175.1115,Model 1,train
"Congo, Dem. Rep.",COD,Sub-Saharan Africa ,2003,2004,180.6648,173.6354,172.18940984323748,172.34870037868424,174.90363210465202,171.3719,Model 1,train
"Congo, Dem. Rep.",COD,Sub-Saharan Africa ,2004,2005,214.5397,194.0694,192.48810825561745,192.6629077244084,201.43303348740483,181.89493,Model 1,train
"Congo, Dem. Rep.",COD,Sub-Saharan Africa ,2005,2006,255.4452,229.8962,228.02456062829216,228.22859249720676,246.3522248701312,236.68048,Model 1,train
"Congo, Dem. Rep.",COD,Sub-Saharan Africa ,2006,2007,294.1016,273.0676,270.85075993054636,271.089210235023,286.90562205505535,278.3907,Model 1,train
"Congo, Dem. Rep.",COD,Sub-Saharan Africa ,2007,2008,352.9004,313.8158,311.28332805035984,311.55343017725033,319.98131100794893,291.43863,Model 1,train
"Congo, Dem. Rep.",COD,Sub-Saharan Africa ,2008,2009,280.179,375.5282,372.48606309863186,372.8046680435642,320.3033293650574,349.3267,Model 1,train
"Congo, Dem. Rep.",COD,Sub-Saharan Africa ,2009,2010,352.4004,299.8444,297.595122558785,297.84764059304223,321.9839043351855,288.68073,Model 1,train
"Congo, Dem. Rep.",COD,Sub-Saharan Africa ,2010,2011,372.5143,375.9053,373.0906424798323,373.40014426056274,355.68818389321194,375.5127,Model 1,train
"Congo, Dem. Rep.",COD,Sub-Saharan Africa ,2011,2012,409.9314,397.3711,394.47880441296854,394.80097482999895,379.09912842899894,373.60718,Model 1,train
"Congo, Dem. Rep.",COD,Sub-Saharan Africa ,2012,2013,460.3703,436.8702,433.73576777179727,434.08521426780294,430.89221348249094,424.09613,Model 1,train
"Congo, Dem. Rep.",COD,Sub-Saharan Africa ,2013,2014,489.176,489.9604,486.4819728805951,486.86838740374674,477.80072761446814,505.54254,Model 1,train
"Congo, Dem. Rep.",COD,Sub-Saharan Africa ,2014,2015,495.8266,520.4999,516.8876784623099,517.2927506747333,521.2331519109038,548.6775,Model 1,train
"Congo, Dem. Rep.",COD,Sub-Saharan Africa ,2015,2016,459.765,527.9448,524.3981115747563,524.80404538149,515.3578516639011,538.25684,Model 1,train
"Congo, Dem. Rep.",COD,Sub-Saharan Africa ,2016,2017,431.0526,490.7845,487.6638406409009,488.0373257876171,470.8927805727077,492.51593,Model 1,train
"Congo, Rep.",COG,Sub-Saharan Africa ,1996,1997,804.3041,942.6691,937.3672240677088,937.6663373342624,862.128891984815,919.8439,Model 1,train
"Congo, Rep.",COG,Sub-Saharan Africa ,1999,2000,1024.3016,815.058,810.1376921706337,810.4306710977778,873.2969871623347,798.5015,Model 1,train
"Congo, Rep.",COG,Sub-Saharan Africa ,2000,2001,854.5983,1071.5775,1065.2747132618474,1065.6278052717896,922.7559544993758,1003.68567,Model 1,train
"Congo, Rep.",COG,Sub-Saharan Africa ,2001,2002,905.5381,898.443,893.6836967417382,893.9710590036512,862.26575802862,851.39545,Model 1,train
"Congo, Rep.",COG,Sub-Saharan Africa ,2002,2003,1016.8236,952.0558,947.2384768676956,947.5284007848878,934.3776271452064,907.4071,Model 1,train
"Congo, Rep.",COG,Sub-Saharan Africa ,2003,2004,1306.1014,1068.3344,1063.2151168433095,1063.5170637554238,1109.3803604301809,996.06726,Model 1,train
"Congo, Rep.",COG,Sub-Saharan Africa ,2004,2005,1799.0516,1367.9068,1361.5196507941068,1361.870388408205,1486.2409183164546,1330.0251,Model 1,train
"Congo, Rep.",COG,Sub-Saharan Africa ,2005,2006,2103.5821,1875.258,1866.4536051585387,1866.8878469378144,1856.4811020508448,1768.0686,Model 1,train
"Congo, Rep.",COG,Sub-Saharan Africa ,2006,2007,2206.471,2189.4943,2179.6755302074425,2180.1349681644433,2269.893563237765,2182.3906,Model 1,train
"Congo, Rep.",COG,Sub-Saharan Africa ,2007,2008,2832.0918,2297.4224,2287.7366313807815,2288.1849116305175,2589.0451585698797,2253.2202,Model 1,train
"Congo, Rep.",COG,Sub-Saharan Africa ,2008,2009,2271.1522,2938.8977,2926.704476911135,2927.2090942832415,2619.175980325008,2855.963,Model 1,train
"Congo, Rep.",COG,Sub-Saharan Africa ,2009,2010,2946.558,2369.8093,2361.3623156294902,2361.755474769966,2611.1602360667785,2352.199,Model 1,train
"Congo, Rep.",COG,Sub-Saharan Africa ,2010,2011,3396.1651,3061.8071,3050.547094067032,3051.011628479578,3201.974894614472,3124.5266,Model 1,train
"Congo, Rep.",COG,Sub-Saharan Africa ,2011,2012,3732.3274,3523.3037,3510.738813238698,3511.217893975008,3650.5147529165015,3523.4983,Model 1,train
"Congo, Rep.",COG,Sub-Saharan Africa ,2012,2013,3697.4171,3867.923,3854.4021031860257,3854.890745306357,3905.738077669481,3764.8499,Model 1,train
"Congo, Rep.",COG,Sub-Saharan Africa ,2013,2014,3601.2366,3835.202,3822.531642631072,3822.9906145863433,3715.618469574207,3864.414,Model 1,train
"Congo, Rep.",COG,Sub-Saharan Africa ,2014,2015,2439.3519,3740.7767,3729.4228966261408,3729.8365872849145,3256.9050391669252,3673.9636,Model 1,train
"Congo, Rep.",COG,Sub-Saharan Africa ,2015,2016,2093.1073,2556.0682,2550.344040977912,2550.619919188281,2377.6891994961684,2523.2234,Model 1,train
"Congo, Rep.",COG,Sub-Saharan Africa ,2016,2017,2211.6331,2201.4106,2197.316111279386,2197.5470548236167,2254.077326022241,2200.824,Model 1,train
"Congo, Rep.",COG,Sub-Saharan Africa ,2017,2018,2694.4341,2325.0031,2320.865453286592,2321.0934094529825,2505.219820949934,2364.0076,Model 1,train
Colombia,COL,Latin America & Caribbean ,1994,1995,2583.6658,2466.3589,2464.503633623388,2465.073825443781,2597.293324665782,2452.2678,Model 1,train
Colombia,COL,Latin America & Caribbean ,1995,1996,2664.6406,2736.266,2734.4091384454523,2735.009675632315,2707.9483068458726,2628.997,Model 1,train
Colombia,COL,Latin America & Caribbean ,1996,1997,2873.2814,2822.8973,2821.5448565752517,2822.1321872858907,2883.886814933919,2741.0967,Model 1,train
Colombia,COL,Latin America & Caribbean ,1997,1998,2604.8717,3042.2694,3041.256012778044,3041.8499596162605,2891.658565012305,2997.2693,Model 1,train
Colombia,COL,Latin America & Caribbean ,1998,1999,2241.2291,2765.5203,2765.5139961041,2766.036724831675,2575.231769005472,2766.12,Model 1,train
Colombia,COL,Latin America & Caribbean ,1999,2000,2555.0075,2386.6767,2387.166664634071,2387.629820838786,2481.8422702858006,2449.8345,Model 1,train
Colombia,COL,Latin America & Caribbean ,2000,2001,2472.9908,2713.3833,2713.3055153146465,2713.836353046816,2567.239955947279,2728.346,Model 1,train
Colombia,COL,Latin America & Caribbean ,2001,2002,2428.9297,2629.7701,2630.2788075443545,2630.7751304710273,2497.166803400694,2710.661,Model 1,train
Colombia,COL,Latin America & Caribbean ,2002,2003,2311.9422,2586.023,2587.1660014471645,2587.629013191956,2543.520805021272,2638.738,Model 1,train
Colombia,COL,Latin America & Caribbean ,2003,2004,2818.572,2468.5464,2471.082664725257,2471.464607135363,2718.452294606549,2569.325,Model 1,train
Colombia,COL,Latin America & Caribbean ,2004,2005,3456.0661,3000.5014,3003.509877685414,3003.92678665972,3353.0467540789823,3202.1724,Model 1,train
Colombia,COL,Latin America & Caribbean ,2005,2006,3789.8536,3667.229,3670.64734353241,3671.1055487970175,3795.8335400118344,3923.3499,Model 1,train
Colombia,COL,Latin America & Caribbean ,2006,2007,4769.9261,4017.0574,4021.0816348230614,4021.539699027852,4448.177527421945,4244.5522,Model 1,train
Colombia,COL,Latin America & Caribbean ,2007,2008,5541.8363,5035.08,5039.081736605584,5039.608235595102,5473.793365512375,5325.268,Model 1,train
Colombia,COL,Latin America & Caribbean ,2008,2009,5250.9729,5838.2704,5843.24691803033,5843.765001640217,5885.809439714598,6091.991,Model 1,train
Colombia,COL,Latin America & Caribbean ,2009,2010,6398.2958,5542.2602,5548.602882522994,5549.044872714456,6083.341353032877,5675.5015,Model 1,train
Colombia,COL,Latin America & Caribbean ,2010,2011,7400.9941,6731.4188,6738.503309614895,6738.955586439592,7132.520399943159,6766.2104,Model 1,train
Colombia,COL,Latin America & Caribbean ,2011,2012,8108.5984,7768.7035,7776.594045852325,7777.033448296544,8121.339795657655,7530.235,Model 1,train
Colombia,COL,Latin America & Caribbean ,2012,2013,8279.1026,8504.3152,8514.11573587225,8514.472015448096,8602.424449737107,8658.581,Model 1,train
Colombia,COL,Latin America & Caribbean ,2013,2014,8187.2082,8684.0175,8694.954187797872,8695.260975505385,8348.954422306115,8670.446,Model 1,train
Colombia,COL,Latin America & Caribbean ,2014,2015,6248.5149,8591.9021,8603.455236976013,8603.737346186781,7728.566098265613,8704.232,Model 1,train
Colombia,COL,Latin America & Caribbean ,2015,2016,5959.8425,6595.6506,6607.794271517756,6608.012788005319,6119.757814970242,6350.48,Model 1,train
Colombia,COL,Latin America & Caribbean ,2016,2017,6479.5323,6299.4243,6312.106154969802,6312.292599869959,6195.573274792268,6368.4624,Model 1,train
Colombia,COL,Latin America & Caribbean ,2017,2018,6816.9682,6839.9858,6853.6088015431615,6853.775432566041,7141.571253069504,7331.9287,Model 1,train
Comoros,COM,Sub-Saharan Africa ,2001,2002,764.6135,728.0843,728.0134295548537,727.9321566961681,741.4272449387262,737.07544,Model 1,train
Comoros,COM,Sub-Saharan Africa ,2002,2003,959.691,815.5877,815.4124385851674,815.3193505766643,851.4970950795082,815.1091,Model 1,train
Comoros,COM,Sub-Saharan Africa ,2003,2004,1072.2841,1020.1586,1019.907110764869,1019.772679496277,990.346388555992,995.3138,Model 1,train
Comoros,COM,Sub-Saharan Africa ,2004,2005,1105.788,1138.0968,1137.8346508097457,1137.6741008876206,1080.2443091447778,1135.9476,Model 1,train
Comoros,COM,Sub-Saharan Africa ,2005,2006,1138.4791,1173.8096,1173.71187675435,1173.5363056770802,1117.743544840117,1143.4478,Model 1,train
Comoros,COM,Sub-Saharan Africa ,2006,2007,1289.7363,1208.7686,1208.8658703073731,1208.6738954202676,1287.589637031386,1251.6266,Model 1,train
Comoros,COM,Sub-Saharan Africa ,2007,2008,1455.0277,1366.6369,1366.671216675005,1366.4449535836814,1373.4661472645926,1325.9117,Model 1,train
Comoros,COM,Sub-Saharan Africa ,2008,2009,1410.3052,1539.7225,1539.9318922425423,1539.653766723199,1517.0125385913566,1562.5531,Model 1,train
Comoros,COM,Sub-Saharan Africa ,2009,2010,1386.5742,1494.5693,1495.1614342792811,1494.8784793118928,1476.429789041399,1529.6805,Model 1,train
Comoros,COM,Sub-Saharan Africa ,2010,2011,1531.4379,1471.4806,1472.5119014274244,1472.2151404499962,1531.4653500812765,1534.7079,Model 1,train
Comoros,COM,Sub-Saharan Africa ,2011,2012,1490.3151,1623.266,1624.5029087455862,1624.1585378582822,1592.5483834035583,1624.7045,Model 1,train
Comoros,COM,Sub-Saharan Africa ,2012,2013,1603.328,1581.889,1583.507595018918,1583.1576077025,1583.2195477103828,1595.789,Model 1,train
Comoros,COM,Sub-Saharan Africa ,2013,2014,1615.7172,1700.794,1702.7273324573484,1702.332933657001,1638.922144370126,1642.5184,Model 1,train
Comoros,COM,Sub-Saharan Africa ,2014,2015,1329.3705,1714.8756,1717.1113821106849,1716.701257621193,1561.7726801037254,1635.8684,Model 1,train
Comoros,COM,Sub-Saharan Africa ,2015,2016,1365.484,1417.7094,1420.2762563787371,1419.9284807999022,1380.278729889593,1438.063,Model 1,train
Comoros,COM,Sub-Saharan Africa ,2016,2017,1423.9248,1456.5055,1459.3592547904243,1458.989980942927,1468.07856983205,1453.5831,Model 1,train
Comoros,COM,Sub-Saharan Africa ,2017,2018,1527.4053,1518.7263,1521.9094353614855,1521.5106227596511,1544.9806148893172,1518.546,Model 1,train
Cabo Verde,CPV,Sub-Saharan Africa ,1997,1998,1186.7429,1218.6538,1223.3344822990298,1222.8593419528945,1172.6228160707492,1211.6826,Model 1,train
Cabo Verde,CPV,Sub-Saharan Africa ,1998,1999,1326.7447,1276.5452,1281.8811322378751,1281.3572411472012,1245.1194265385927,1297.5287,Model 1,train
Cabo Verde,CPV,Sub-Saharan Africa ,1999,2000,1189.5148,1426.2566,1432.616519017714,1431.9975061426558,1288.7773306007075,1416.1555,Model 1,train
Cabo Verde,CPV,Sub-Saharan Africa ,2000,2001,1223.3306,1283.7861,1290.3309566598164,1289.745755499211,1244.367062136011,1305.6267,Model 1,train
Cabo Verde,CPV,Sub-Saharan Africa ,2001,2002,1328.5787,1321.3888,1328.574622761869,1327.9472002606535,1321.597516968102,1320.388,Model 1,train
Cabo Verde,CPV,Sub-Saharan Africa ,2002,2003,1717.9757,1435.1966,1443.5141660420393,1442.7966850756384,1533.3919869653091,1529.278,Model 1,train
Cabo Verde,CPV,Sub-Saharan Africa ,2003,2004,1929.4908,1848.5514,1859.1853498466637,1858.2232498326,1925.312414064006,1890.895,Model 1,train
Cabo Verde,CPV,Sub-Saharan Africa ,2004,2005,2004.1468,2073.648,2085.8612772779466,2084.7470447661667,2099.7097578921534,2182.1658,Model 1,train
Cabo Verde,CPV,Sub-Saharan Africa ,2005,2006,2256.9967,2154.4561,2167.627640966054,2166.4394810840463,2233.272928291713,2222.2786,Model 1,train
Cabo Verde,CPV,Sub-Saharan Africa ,2006,2007,3324.5768,2422.7035,2437.6940834822863,2436.3243093815913,2747.950169822954,2584.2302,Model 1,train
Cabo Verde,CPV,Sub-Saharan Africa ,2007,2008,3908.6489,3541.5957,3561.631641527891,3559.6032954128345,3635.489449350423,3597.5464,Model 1,train
Cabo Verde,CPV,Sub-Saharan Africa ,2008,2009,3659.7205,4153.9702,4177.48801839142,4175.049197311464,3926.15385726549,4108.0566,Model 1,train
Cabo Verde,CPV,Sub-Saharan Africa ,2009,2010,3579.4601,3897.029,3920.130448272102,3917.8155860911384,3783.708787763893,4095.6328,Model 1,train
Cabo Verde,CPV,Sub-Saharan Africa ,2010,2011,4002.0139,3816.6503,3840.329994173562,3838.0179631623896,3875.172828353291,3963.4387,Model 1,train
Cabo Verde,CPV,Sub-Saharan Africa ,2011,2012,3736.8152,4261.6328,4288.486216167792,4285.8394900604535,3733.735349263005,4196.3345,Model 1,train
Cabo Verde,CPV,Sub-Saharan Africa ,2012,2013,3960.976,3988.7364,4015.401128683056,4012.8691840846222,3938.343570484918,4226.9683,Model 1,train
Cabo Verde,CPV,Sub-Saharan Africa ,2013,2014,3985.6071,4224.6609,4252.989707952684,4250.280467442672,3923.784492934966,4231.7236,Model 1,train
Cabo Verde,CPV,Sub-Saharan Africa ,2014,2015,3415.0627,4253.5716,4282.948059491227,4280.172775675207,3859.2870879064767,4151.2246,Model 1,train
Cabo Verde,CPV,Sub-Saharan Africa ,2015,2016,3608.9661,3658.9926,3685.936296248592,3683.513805698173,3738.392420446988,3678.9248,Model 1,train
Cabo Verde,CPV,Sub-Saharan Africa ,2016,2017,3893.0957,3864.7547,3893.5465658720464,3890.950259717581,3936.091597606939,3874.9316,Model 1,train
Cabo Verde,CPV,Sub-Saharan Africa ,2017,2018,4294.9651,4166.1909,4197.752707216629,4194.8967190830435,4177.354611579008,4200.8027,Model 1,train
Costa Rica,CRI,Latin America & Caribbean ,1992,1993,2840.3871,2821.6603,2841.2003204139037,2840.0058614195323,2904.442170476076,2880.8462,Model 1,train
Costa Rica,CRI,Latin America & Caribbean ,1993,1994,3039.5633,3062.0114,3082.5604123725034,3081.282414900781,3024.2281878586027,3085.8137,Model 1,train
Costa Rica,CRI,Latin America & Caribbean ,1994,1995,3275.2526,3272.1537,3293.6860815005707,3292.3301793820474,3361.1925485027596,3318.336,Model 1,train
Costa Rica,CRI,Latin America & Caribbean ,1995,1996,3226.964,3521.2913,3544.202021226725,3542.7405447069523,3418.459494363083,3643.2698,Model 1,train
Costa Rica,CRI,Latin America & Caribbean ,1996,1997,3407.7761,3470.2,3492.7250570387287,3491.3007696664167,3442.6362305384714,3578.3813,Model 1,train
Costa Rica,CRI,Latin America & Caribbean ,1997,1998,3617.4576,3661.9693,3685.7529222203234,3684.23887689388,3660.156831710391,3802.3037,Model 1,train
Costa Rica,CRI,Latin America & Caribbean ,1998,1999,3690.9615,3884.9105,3910.372029929202,3908.7404961631983,3761.0620538783137,4004.4756,Model 1,train
Costa Rica,CRI,Latin America & Caribbean ,1999,2000,3812.7539,3963.905,3990.163912022349,3988.4853958613503,3934.808626168347,4086.7292,Model 1,train
Costa Rica,CRI,Latin America & Caribbean ,2000,2001,3985.1298,4094.4311,4121.967208310075,4120.207330623979,4122.7122721260985,4200.899,Model 1,train
Costa Rica,CRI,Latin America & Caribbean ,2001,2002,4067.7185,4278.5787,4307.809567711262,4305.9365621313955,4172.5836646146745,4178.675,Model 1,train
Costa Rica,CRI,Latin America & Caribbean ,2002,2003,4173.1486,4368.8064,4399.406601725003,4397.453415378182,4251.528292132786,4203.66,Model 1,train
Costa Rica,CRI,Latin America & Caribbean ,2003,2004,4431.0117,4482.5788,4514.54973884606,4512.511724329012,4450.775386553855,4533.9453,Model 1,train
Costa Rica,CRI,Latin America & Caribbean ,2004,2005,4703.0072,4757.0478,4791.404426715491,4789.199382916454,4673.979812800188,5021.3394,Model 1,train
Costa Rica,CRI,Latin America & Caribbean ,2005,2006,5256.5964,5047.2559,5084.399688144854,5082.00286780275,5309.368984116856,5394.2666,Model 1,train
Costa Rica,CRI,Latin America & Caribbean ,2006,2007,6137.712,5630.7246,5671.726451025913,5669.024557587048,5982.054837297072,5926.867,Model 1,train
Costa Rica,CRI,Latin America & Caribbean ,2007,2008,6937.2426,6554.3057,6600.51987873572,6597.36791519666,6940.732615475658,6858.868,Model 1,train
Costa Rica,CRI,Latin America & Caribbean ,2008,2009,6832.6983,7390.8172,7441.773754683201,7438.205431655926,7399.827173443014,8015.779,Model 1,train
Costa Rica,CRI,Latin America & Caribbean ,2009,2010,8265.7882,7284.9587,7336.19445917651,7332.644478575264,7736.519619338612,7985.031,Model 1,train
Costa Rica,CRI,Latin America & Caribbean ,2010,2011,9276.3911,8777.9586,8836.783191260414,8832.512816055723,9211.221813608883,9599.26,Model 1,train
Costa Rica,CRI,Latin America & Caribbean ,2011,2012,10126.9991,9834.1623,9899.931357302945,9895.059217526465,10287.41726088728,10978.653,Model 1,train
Costa Rica,CRI,Latin America & Caribbean ,2012,2013,10803.2402,10724.2585,10796.535658623365,10791.11750532952,11034.770463512506,11421.841,Model 1,train
Costa Rica,CRI,Latin America & Caribbean ,2013,2014,10911.4979,11432.3581,11510.137172127752,11504.26626705597,11233.531203563358,11784.151,Model 1,train
Costa Rica,CRI,Latin America & Caribbean ,2014,2015,11714.7106,11545.5373,11624.073373554687,11618.146906679012,11459.961641542226,11752.871,Model 1,train
Costa Rica,CRI,Latin America & Caribbean ,2015,2016,12091.0302,12382.4579,12466.61123412671,12460.189812643706,12729.240123541476,13574.823,Model 1,train
Costa Rica,CRI,Latin America & Caribbean ,2016,2017,12317.0903,12758.6853,12840.913715423956,12834.50863165628,12636.411699998136,13905.014,Model 1,train
Costa Rica,CRI,Latin America & Caribbean ,2017,2018,12590.2494,12992.2771,13075.52074239621,13069.0141360865,12862.79023479101,14087.57,Model 1,train
Cyprus,CYP,Europe & Central Asia,1992,1993,10526.1416,11878.2279,11953.819805329604,11945.801686474051,11413.340253051669,12393.492,Model 1,train
Cyprus,CYP,Europe & Central Asia,1993,1994,11617.6924,11070.9695,11142.43370101634,11135.003725691762,11462.14241155806,11273.646,Model 1,train
Cyprus,CYP,Europe & Central Asia,1994,1995,15261.417,12196.4952,12273.698714078471,12265.508634875068,13865.08339298287,12693.047,Model 1,train
Cyprus,CYP,Europe & Central Asia,1995,1996,15139.2207,15939.4907,16035.217679871515,16024.412718575744,15237.755878611944,16105.565,Model 1,train
Cyprus,CYP,Europe & Central Asia,1996,1997,14234.2412,15825.4117,15923.46275633953,15912.62071629873,15262.973672575925,16165.825,Model 1,train
Cyprus,CYP,Europe & Central Asia,1997,1998,15092.8281,14906.4692,15002.353925477708,14992.071089143918,14558.029035051071,14970.948,Model 1,train
Cyprus,CYP,Europe & Central Asia,1998,1999,15287.918,15787.8609,15888.043784122116,15877.168720035846,15385.885102091366,16062.355,Model 1,train
Cyprus,CYP,Europe & Central Asia,1999,2000,14388.3525,16003.1595,16108.484621044236,16097.271858019318,15012.399420016369,16250.531,Model 1,train
Cyprus,CYP,Europe & Central Asia,2000,2001,14821.4492,15091.9084,15195.74571628694,15185.04612386329,14916.352260988995,16035.541,Model 1,train
Cyprus,CYP,Europe & Central Asia,2001,2002,16093.2158,15547.0839,15656.011258477036,15644.86938936428,15646.048837298233,16326.819,Model 1,train
Cyprus,CYP,Europe & Central Asia,2002,2003,20252.2461,16875.6767,16997.949619987685,16985.541954512308,18222.180857506133,18244.88,Model 1,train
Cyprus,CYP,Europe & Central Asia,2003,2004,23792.6191,21144.0314,21291.163238233097,21275.52036808338,22359.18006405812,22714.09,Model 1,train
Cyprus,CYP,Europe & Central Asia,2004,2005,24959.2617,24763.5172,24930.580279162536,24912.208093102232,25231.262567047834,26302.11,Model 1,train
Cyprus,CYP,Europe & Central Asia,2005,2006,26729.2812,25963.5852,26139.5657638022,26120.19007877758,26202.105864938276,26734.557,Model 1,train
Cyprus,CYP,Europe & Central Asia,2006,2007,31244.8789,27782.4239,27971.988693732957,27951.05970683693,29038.931106112035,28559.574,Model 1,train
Cyprus,CYP,Europe & Central Asia,2007,2008,35397.2969,32398.1204,32618.008329634427,32593.245199507433,33311.33029003014,32846.797,Model 1,train
Cyprus,CYP,Europe & Central Asia,2008,2009,32236.4492,36618.5263,36861.68954181296,36833.618196154675,35460.61783578372,36320.18,Model 1,train
Cyprus,CYP,Europe & Central Asia,2009,2010,31105.0273,33450.0546,33687.200821954764,33661.11458689614,31400.618983115084,31744.498,Model 1,train
Cyprus,CYP,Europe & Central Asia,2010,2011,32485.7988,32319.1023,32555.07617724748,32529.67271764594,31829.9506297286,31787.123,Model 1,train
Cyprus,CYP,Europe & Central Asia,2011,2012,28991.9355,33741.1207,33989.58637585079,33962.87221847234,30797.060362848493,34040.64,Model 1,train
Cyprus,CYP,Europe & Central Asia,2012,2013,27764.7305,30201.9708,30434.866244562218,30410.7727771837,29307.059659984432,29166.75,Model 1,train
Cyprus,CYP,Europe & Central Asia,2013,2014,26993.1035,28961.844,29190.336184324533,29167.123475369957,26632.249166919144,27379.38,Model 1,train
Cyprus,CYP,Europe & Central Asia,2014,2015,23088.4414,28173.9339,28397.307184170662,28374.786048792328,25568.23642088302,26675.496,Model 1,train
Cyprus,CYP,Europe & Central Asia,2015,2016,24280.0566,24182.8058,24382.204940575775,24362.86030616994,23599.125308782077,23331.107,Model 1,train
Cyprus,CYP,Europe & Central Asia,2016,2017,26247.4492,25408.3852,25616.59663605761,25596.256950048795,25461.48221580179,24799.74,Model 1,train
Cyprus,CYP,Europe & Central Asia,2017,2018,29120.375,27423.2905,27644.2816515081,27622.364039804794,27792.561517264297,26493.209,Model 1,train
Czechia,CZE,Europe & Central Asia,1993,1994,4663.2867,4220.8731,4230.480612416877,4230.0505410306,4354.390829261247,4085.385,Model 1,train
Czechia,CZE,Europe & Central Asia,1994,1995,5865.2946,4926.8838,4937.557420948809,4937.011173870825,5571.904874431758,5042.5356,Model 1,train
Czechia,CZE,Europe & Central Asia,1995,1996,6573.1964,6169.27,6180.829867174301,6180.107312855274,6542.377576719383,6252.007,Model 1,train
Czechia,CZE,Europe & Central Asia,1996,1997,6069.3876,6908.4828,6923.212295794763,6922.235131175651,6703.060148029892,7029.662,Model 1,train
Czechia,CZE,Europe & Central Asia,1997,1998,6526.5964,6391.1568,6406.081396284781,6405.156523067642,6688.906159326153,6390.3765,Model 1,train
Czechia,CZE,Europe & Central Asia,1998,1999,6377.6211,6873.9236,6892.435200407232,6891.264153732705,6719.5907141007,7049.554,Model 1,train
Czechia,CZE,Europe & Central Asia,1999,2000,6062.9215,6722.7345,6741.800566664009,6740.618761503217,6396.397001305411,6804.772,Model 1,train
Czechia,CZE,Europe & Central Asia,2000,2001,6669.0749,6402.3589,6422.367530746695,6421.173619591427,6346.379633216294,6511.862,Model 1,train
Czechia,CZE,Europe & Central Asia,2001,2002,8101.2602,7032.238,7054.172860972281,7052.798115449088,7524.38432560778,7318.3413,Model 1,train
Czechia,CZE,Europe & Central Asia,2002,2003,9852.4568,8509.3992,8533.622363005785,8531.923382341412,9345.328443706629,8704.598,Model 1,train
Czechia,CZE,Europe & Central Asia,2003,2004,11782.5547,10306.0397,10331.823181551872,10329.762258900517,11350.580870542462,10813.725,Model 1,train
Czechia,CZE,Europe & Central Asia,2004,2005,13442.4916,12296.3137,12328.220372328598,12325.49552595574,12929.541788126706,13095.093,Model 1,train
Czechia,CZE,Europe & Central Asia,2005,2006,15259.0788,13997.5933,14032.903217277537,14029.683333129233,14524.45411232644,14209.588,Model 1,train
Czechia,CZE,Europe & Central Asia,2006,2007,18452.6533,15871.027,15914.330781453677,15910.32421705452,16874.997055833985,15770.831,Model 1,train
Czechia,CZE,Europe & Central Asia,2007,2008,22774.7045,19127.0811,19175.978325298725,19170.992875313234,20833.573660976872,19391.406,Model 1,train
Czechia,CZE,Europe & Central Asia,2008,2009,19817.4216,23519.4039,23575.47176871801,23569.110129729142,22177.72223604864,23533.275,Model 1,train
Czechia,CZE,Europe & Central Asia,2009,2010,20160.4355,20528.8857,20583.634909822787,20578.05695429063,20651.395484681856,19863.38,Model 1,train
Czechia,CZE,Europe & Central Asia,2010,2011,22049.1081,20894.3931,20954.419143480503,20948.48865135013,20995.78845042901,19956.953,Model 1,train
Czechia,CZE,Europe & Central Asia,2011,2012,20014.0354,22834.7404,22904.04783331977,22897.184937775695,21580.50700964345,22249.793,Model 1,train
Czechia,CZE,Europe & Central Asia,2012,2013,20260.4955,20778.6127,20847.710800374636,20841.340955158303,20663.50949806617,20182.266,Model 1,train
Czechia,CZE,Europe & Central Asia,2013,2014,20038.4163,21034.319,21105.289596750514,21098.764231624693,20880.67582012121,21082.643,Model 1,train
Czechia,CZE,Europe & Central Asia,2014,2015,17931.5988,20841.3684,20921.280200735408,20914.33463263967,20152.87784779836,20483.713,Model 1,train
Czechia,CZE,Europe & Central Asia,2015,2016,18753.9687,18681.4326,18753.156622781586,18747.124567968953,19555.34372974077,19543.14,Model 1,train
Czechia,CZE,Europe & Central Asia,2016,2017,20913.1976,19541.5188,19621.110983980536,19614.48286878476,20269.25918449017,19388.244,Model 1,train
Czechia,CZE,Europe & Central Asia,2017,2018,23705.933,21740.0406,21824.025490393826,21816.674771794205,22153.979745596826,21463.348,Model 1,train
Germany,DEU,Europe & Central Asia,1991,1992,26559.8544,24018.373,23983.459636166783,23986.71199618794,25109.05655576642,22727.547,Model 1,train
Germany,DEU,Europe & Central Asia,1992,1993,25616.6509,27174.4628,27138.59378956408,27141.788279368484,26283.420182973856,25924.182,Model 1,train
Germany,DEU,Europe & Central Asia,1993,1994,27201.9594,26231.8935,26199.457081137465,26202.532912997653,27014.096053975136,24347.338,Model 1,train
Germany,DEU,Europe & Central Asia,1994,1995,31747.2449,27847.9431,27818.33181468109,27821.19924269432,29218.31514875355,26907.26,Model 1,train
Germany,DEU,Europe & Central Asia,1995,1996,30599.7891,32410.0145,32370.860108539087,32373.983428271546,31448.858807041343,30541.49,Model 1,train
Germany,DEU,Europe & Central Asia,1996,1997,27046.9565,31281.2292,31250.493530714284,31253.25709980494,29220.806258566856,30746.117,Model 1,train
Germany,DEU,Europe & Central Asia,1997,1998,27395.9441,27746.4066,27732.06551573756,27734.167357610782,26846.294426283926,26797.094,Model 1,train
Germany,DEU,Europe & Central Asia,1998,1999,26965.4923,28124.595,28117.200664139953,28118.92532097031,26829.240687982805,28040.215,Model 1,train
Germany,DEU,Europe & Central Asia,1999,2000,23925.856,27708.633,27706.765707489663,27708.225095455447,25889.310455460392,27180.98,Model 1,train
Germany,DEU,Europe & Central Asia,2000,2001,23878.3641,24657.6372,24663.9584514152,24665.120018607184,24528.610638694692,25014.611,Model 1,train
Germany,DEU,Europe & Central Asia,2001,2002,25486.5942,24633.786,24646.88947666776,24647.70446210126,25371.18417204803,25458.791,Model 1,train
Germany,DEU,Europe & Central Asia,2002,2003,30711.1023,26251.2595,26260.668351523833,26261.61888639436,27494.58170263262,25929.77,Model 1,train
Germany,DEU,Europe & Central Asia,2003,2004,34566.7359,31523.2322,31528.465580645745,31529.375109225948,34037.02325013954,32813.61,Model 1,train
Germany,DEU,Europe & Central Asia,2004,2005,35084.4364,35420.6828,35427.19947422744,35427.79536698055,36025.24128551644,35770.867,Model 1,train
Germany,DEU,Europe & Central Asia,2005,2006,36980.335,35962.2527,35974.214419323274,35974.48820034693,36509.08022290073,35985.09,Model 1,train
Germany,DEU,Europe & Central Asia,2006,2007,42350.9217,37883.1859,37897.85951859546,37897.84868484909,40405.5571030939,39049.938,Model 1,train
Germany,DEU,Europe & Central Asia,2007,2008,46379.1648,43306.831,43326.2867395131,43325.57862951891,44626.32765470109,43315.535,Model 1,train
Germany,DEU,Europe & Central Asia,2008,2009,42471.8869,47361.1195,47382.25127361755,47381.07243164251,44397.508143834566,45662.84,Model 1,train
Germany,DEU,Europe & Central Asia,2009,2010,42396.9666,43460.3277,43488.87839693592,43487.6649657378,44069.19818194741,43022.617,Model 1,train
Germany,DEU,Europe & Central Asia,2010,2011,47630.9762,43401.3415,43434.54140599009,43433.08506084305,45022.04168468701,43022.617,Model 1,train
Germany,DEU,Europe & Central Asia,2011,2012,44718.0159,48697.6597,48742.03937594303,48739.40987615884,44874.97513648956,47383.094,Model 1,train
Germany,DEU,Europe & Central Asia,2012,2013,47206.8354,45790.0353,45839.42843999418,45836.83475227869,45779.91699471332,46097.67,Model 1,train
Germany,DEU,Europe & Central Asia,2013,2014,48959.5991,48278.8392,48324.999241494465,48322.34243961734,46228.02605805398,47540.883,Model 1,train
Germany,DEU,Europe & Central Asia,2014,2015,41929.7549,50106.8419,50172.116855309134,50168.30155069606,43972.23520511201,47808.676,Model 1,train
Germany,DEU,Europe & Central Asia,2015,2016,42948.9382,43001.3754,43054.27769545897,43051.82877536414,43729.20513985043,43099.25,Model 1,train
Germany,DEU,Europe & Central Asia,2016,2017,45553.9341,44061.7659,44124.33036208154,44121.32118810614,44777.79225516712,44093.848,Model 1,train
Germany,DEU,Europe & Central Asia,2017,2018,48916.1687,46677.7856,46739.5637211846,46736.371469071855,46142.71476640772,45870.992,Model 1,train
Djibouti,DJI,"Middle East, North Africa, Afghanistan & Pakistan",2001,2002,743.0133,787.4135,785.7620330916459,785.7776250712631,756.3358724214227,793.77783,Model 1,train
Djibouti,DJI,"Middle East, North Africa, Afghanistan & Pakistan",2002,2003,764.6345,788.8993,787.3821925331227,787.3930282240757,755.7689497428071,793.37024,Model 1,train
Djibouti,DJI,"Middle East, North Africa, Afghanistan & Pakistan",2003,2004,806.2617,811.7777,810.2762953505647,810.2839958969198,790.0644952581175,807.269,Model 1,train
Djibouti,DJI,"Middle East, North Africa, Afghanistan & Pakistan",2004,2005,844.4484,855.1482,853.5140548368656,853.5220114352807,822.4224691162461,838.4708,Model 1,train
Djibouti,DJI,"Middle East, North Africa, Afghanistan & Pakistan",2005,2006,898.4646,895.7483,894.2242739994936,894.2203574830011,853.995118674308,892.6012,Model 1,train
Djibouti,DJI,"Middle East, North Africa, Afghanistan & Pakistan",2006,2007,969.5732,952.7644,951.2945342753542,951.2788523717808,928.465508590245,950.67975,Model 1,train
Djibouti,DJI,"Middle East, North Africa, Afghanistan & Pakistan",2007,2008,1119.1523,1027.5293,1026.0714754335938,1026.0428587243891,1026.8325572080453,1000.1026,Model 1,train
Djibouti,DJI,"Middle East, North Africa, Afghanistan & Pakistan",2008,2009,1150.9376,1183.8281,1182.2139086205784,1182.1641276670878,1111.3764376390543,1169.5708,Model 1,train
Djibouti,DJI,"Middle East, North Africa, Afghanistan & Pakistan",2009,2010,1213.2335,1218.3002,1216.9970149452772,1216.926463111139,1233.010664482457,1235.0514,Model 1,train
Djibouti,DJI,"Middle East, North Africa, Afghanistan & Pakistan",2010,2011,1306.3455,1284.0373,1282.8659244753185,1282.7773255431266,1263.72058351362,1273.3894,Model 1,train
Djibouti,DJI,"Middle East, North Africa, Afghanistan & Pakistan",2011,2012,1400.1936,1382.4427,1381.5447005910544,1381.4235015739962,1405.0542715606591,1379.2856,Model 1,train
Djibouti,DJI,"Middle East, North Africa, Afghanistan & Pakistan",2012,2013,2075.945,1480.9814,1480.2061412230792,1480.0597888614436,1723.9953676173454,1525.3984,Model 1,train
Djibouti,DJI,"Middle East, North Africa, Afghanistan & Pakistan",2013,2014,2214.6208,2180.0838,2178.1236852058146,2177.8749272130494,2243.266788358076,2229.4695,Model 1,train
Djibouti,DJI,"Middle East, North Africa, Afghanistan & Pakistan",2014,2015,2376.1255,2324.3243,2322.435303324013,2322.14978337548,2333.631217355207,2392.8914,Model 1,train
Djibouti,DJI,"Middle East, North Africa, Afghanistan & Pakistan",2015,2016,2510.43,2492.6234,2490.9538863887587,2490.6170530496033,2501.0087578867606,2606.1995,Model 1,train
Djibouti,DJI,"Middle East, North Africa, Afghanistan & Pakistan",2016,2017,2618.9552,2633.6907,2632.541431535219,2632.1443200271688,2569.9899183744906,2630.4353,Model 1,train
Djibouti,DJI,"Middle East, North Africa, Afghanistan & Pakistan",2017,2018,2718.0834,2747.5957,2746.8567130500187,2746.412050645239,2650.053780731713,2819.1816,Model 1,train
Denmark,DNK,Europe & Central Asia,1991,1992,29579.4914,27696.9981,27746.46914803046,27737.42604308661,28676.7255043323,27187.281,Model 1,train
Denmark,DNK,Europe & Central Asia,1992,1993,27581.7241,30285.7255,30336.070839752723,30326.1310440726,28690.960561673844,29634.365,Model 1,train
Denmark,DNK,Europe & Central Asia,1993,1994,29967.8304,28275.3515,28323.86911388786,28314.70445906515,29199.427384755258,28301.158,Model 1,train
Denmark,DNK,Europe & Central Asia,1994,1995,35321.0981,30688.3236,30742.230495558484,30731.990089033792,31696.84077394097,30902.27,Model 1,train
Denmark,DNK,Europe & Central Asia,1995,1996,35621.9878,36033.8683,36083.544366133974,36071.70005100191,34688.76101296945,35091.477,Model 1,train
Denmark,DNK,Europe & Central Asia,1996,1997,32779.879,36367.7352,36426.52517524349,36414.108516793414,34272.97364941524,35354.73,Model 1,train
Denmark,DNK,Europe & Central Asia,1997,1998,33346.4884,33551.9972,33618.58012207944,33606.75172053893,33220.9670322768,34252.406,Model 1,train
Denmark,DNK,Europe & Central Asia,1998,1999,33426.2381,34135.877,34207.05425631019,34194.797237139486,33671.86497908309,34043.69,Model 1,train
Denmark,DNK,Europe & Central Asia,1999,2000,30722.0252,34232.5433,34308.38191021397,34295.85962551353,33352.945953047914,34542.82,Model 1,train
Denmark,DNK,Europe & Central Asia,2000,2001,30768.4775,31536.7809,31616.14234704337,31604.367193959104,31361.01501077362,32202.977,Model 1,train
Denmark,DNK,Europe & Central Asia,2001,2002,33257.1623,31598.705,31682.32067929764,31670.313982350825,32164.90312234187,32391.941,Model 1,train
Denmark,DNK,Europe & Central Asia,2002,2003,40519.0975,34108.3833,34196.682566398,34183.58750000529,37347.14327995135,35859.844,Model 1,train
Denmark,DNK,Europe & Central Asia,2003,2004,46625.0501,41412.9443,41514.08934057953,41497.753261810874,43894.09542083573,41794.863,Model 1,train
Denmark,DNK,Europe & Central Asia,2004,2005,48925.8077,47556.6788,47673.4322412961,47654.02752031048,48924.72943189845,47682.504,Model 1,train
Denmark,DNK,Europe & Central Asia,2005,2006,52119.1788,49896.5633,50027.05705708862,50006.06551680744,50641.79875170283,48832.21,Model 1,train
Denmark,DNK,Europe & Central Asia,2006,2007,58631.6566,53116.5763,53259.066401961674,53236.23488574547,54799.91871500533,51642.605,Model 1,train
Denmark,DNK,Europe & Central Asia,2007,2008,64616.6658,59623.5123,59776.06343964528,59750.19278392166,61823.336946994095,59629.797,Model 1,train
Denmark,DNK,Europe & Central Asia,2008,2009,58412.7472,65618.3179,65786.86871230674,65757.80331101116,64308.89219244476,70607.266,Model 1,train
Denmark,DNK,Europe & Central Asia,2009,2010,58104.5446,59462.6908,59630.67818056897,59604.13204273439,60407.50455889232,60768.438,Model 1,train
Denmark,DNK,Europe & Central Asia,2010,2011,61809.7379,59227.45,59415.28530546171,59387.82034983367,61220.2026791028,61843.72,Model 1,train
Denmark,DNK,Europe & Central Asia,2011,2012,58443.7747,63031.3868,63254.96421611408,63224.14888335273,59546.90270278697,60607.195,Model 1,train
Denmark,DNK,Europe & Central Asia,2012,2013,61377.5941,59703.6455,59930.69826824189,59901.04155824953,60984.036592637545,60592.055,Model 1,train
Denmark,DNK,Europe & Central Asia,2013,2014,62520.451,62675.2647,62919.08211554607,62887.399846951404,59494.9788904677,61117.74,Model 1,train
Denmark,DNK,Europe & Central Asia,2014,2015,53094.0134,63879.8442,64143.55291542389,64110.38271052326,58380.008223092416,61157.5,Model 1,train
Denmark,DNK,Europe & Central Asia,2015,2016,54500.926,54430.4804,54668.890164442826,54640.778767472606,53334.62740304391,53037.86,Model 1,train
Denmark,DNK,Europe & Central Asia,2016,2017,57521.5515,55862.6971,56110.27744468851,56081.180928257905,56141.089120656434,56032.504,Model 1,train
Denmark,DNK,Europe & Central Asia,2017,2018,61324.7665,58928.65,59194.31967269813,59163.12903919992,59307.95939725808,55999.383,Model 1,train
Dominican Republic,DOM,Latin America & Caribbean ,1995,1996,2270.8656,2246.2994,2249.2868653409564,2249.241267686339,2214.0636439179098,2238.7214,Model 1,train
Dominican Republic,DOM,Latin America & Caribbean ,1996,1997,2448.8939,2415.9557,2419.1606235736263,2419.0997640130777,2376.8121322521183,2340.794,Model 1,train
Dominican Republic,DOM,Latin America & Caribbean ,1997,1998,2607.8546,2602.6084,2606.0712349319115,2605.991350472471,2727.776433560436,2466.0168,Model 1,train
Dominican Republic,DOM,Latin America & Caribbean ,1998,1999,2620.8897,2768.3415,2771.8143690581182,2771.7287502601284,2689.1963502201206,2588.4592,Model 1,train
Dominican Republic,DOM,Latin America & Caribbean ,1999,2000,2831.4588,2783.8765,2787.864135196017,2787.7554537082315,2829.060019780156,2686.6658,Model 1,train
Dominican Republic,DOM,Latin America & Caribbean ,2000,2001,2935.8937,3004.0626,3008.3183747103417,3008.1867769176297,2931.136315612245,2847.0837,Model 1,train
Dominican Republic,DOM,Latin America & Caribbean ,2001,2002,3065.6033,3113.8957,3118.464476257834,3118.3142620667645,3119.689833610326,3041.6719,Model 1,train
Dominican Republic,DOM,Latin America & Caribbean ,2002,2003,2383.2617,3249.8205,3254.6711563136396,3254.50188637016,2843.9196105521705,3116.4202,Model 1,train
Dominican Republic,DOM,Latin America & Caribbean ,2003,2004,2451.6916,2540.3589,2545.3535003184625,2545.2219859935703,2553.7897798029617,2536.0745,Model 1,train
Dominican Republic,DOM,Latin America & Caribbean ,2004,2005,3878.3121,2610.9207,2615.6653194844516,2615.547201353452,3001.2128209531043,2635.446,Model 1,train
Dominican Republic,DOM,Latin America & Caribbean ,2005,2006,4055.1427,4094.5232,4099.796276320873,4099.553833260831,4249.067243326141,3943.366,Model 1,train
Dominican Republic,DOM,Latin America & Caribbean ,2006,2007,4649.6456,4277.3226,4282.491509081217,4282.24358017248,4388.913009934385,3974.3623,Model 1,train
Dominican Republic,DOM,Latin America & Caribbean ,2007,2008,5023.5851,4891.0579,4895.975508478625,4895.687310147546,5259.973147608471,4893.1714,Model 1,train
Dominican Republic,DOM,Latin America & Caribbean ,2008,2009,4973.9519,5278.9317,5284.351534634946,5284.003003816585,5232.569816005905,5218.982,Model 1,train
Dominican Republic,DOM,Latin America & Caribbean ,2009,2010,5478.6247,5230.9974,5237.27821754305,5236.896881753213,5373.5630337519915,5161.176,Model 1,train
Dominican Republic,DOM,Latin America & Caribbean ,2010,2011,5826.5101,5756.5504,5764.26271013671,5763.756588711446,5772.58761362997,5885.996,Model 1,train
Dominican Republic,DOM,Latin America & Caribbean ,2011,2012,6013.8197,6121.0402,6130.453729679504,6129.824717547953,6231.113500074169,6180.707,Model 1,train
Dominican Republic,DOM,Latin America & Caribbean ,2012,2013,6136.5943,6318.5302,6329.213791668245,6328.503213686615,6469.533727676504,6349.22,Model 1,train
Dominican Republic,DOM,Latin America & Caribbean ,2013,2014,6496.4517,6448.1967,6459.764448252332,6459.00028740813,6525.942914998751,6353.9756,Model 1,train
Dominican Republic,DOM,Latin America & Caribbean ,2014,2015,6800.9531,6819.9922,6832.004447003915,6831.179691936775,6814.420838953516,6952.6626,Model 1,train
Dominican Republic,DOM,Latin America & Caribbean ,2015,2016,7160.442,7129.9802,7141.120216213273,7140.3099463428225,7465.380889638009,7177.983,Model 1,train
Dominican Republic,DOM,Latin America & Caribbean ,2016,2017,7412.7157,7497.0912,7507.608425196668,7506.791347946926,7080.711882275072,7131.727,Model 1,train
Dominican Republic,DOM,Latin America & Caribbean ,2017,2018,7882.9822,7764.6729,7777.581148470272,7776.612837557554,7911.930234076701,7681.253,Model 1,train
Algeria,DZA,"Middle East, North Africa, Afghanistan & Pakistan",1994,1995,1466.9481,1623.8473,1621.8294728714004,1622.2722030047182,1558.3726521508283,1617.231,Model 1,train
Algeria,DZA,"Middle East, North Africa, Afghanistan & Pakistan",1995,1996,1616.832,1564.234,1562.7786718265943,1563.1887847730973,1578.6077415930688,1567.0331,Model 1,train
Algeria,DZA,"Middle East, North Africa, Afghanistan & Pakistan",1996,1997,1628.761,1722.7794,1721.4878253151185,1721.9110787107572,1624.6903775419537,1638.7782,Model 1,train
Algeria,DZA,"Middle East, North Africa, Afghanistan & Pakistan",1997,1998,1603.3662,1737.8851,1737.2781658334052,1737.6710443918098,1609.7372402382975,1669.9061,Model 1,train
Algeria,DZA,"Middle East, North Africa, Afghanistan & Pakistan",1998,1999,1596.1182,1713.2504,1713.2058763999578,1713.5696742457194,1651.9641743854745,1678.9651,Model 1,train
Algeria,DZA,"Middle East, North Africa, Afghanistan & Pakistan",1999,2000,1772.9287,1708.7932,1709.6173285876714,1709.9381261978451,1693.5707218333534,1667.5914,Model 1,train
Algeria,DZA,"Middle East, North Africa, Afghanistan & Pakistan",2000,2001,1896.3002,1896.2071,1897.403445924262,1897.7288034098365,1928.902435872397,1902.2491,Model 1,train
Algeria,DZA,"Middle East, North Africa, Afghanistan & Pakistan",2001,2002,1937.4641,2027.5308,2029.1793472810768,2029.4980680604233,2032.8678272503528,2125.1624,Model 1,train
Algeria,DZA,"Middle East, North Africa, Afghanistan & Pakistan",2002,2003,2283.773,2073.7125,2076.168634462069,2076.4531479787365,2153.2017119633483,2117.5847,Model 1,train
Algeria,DZA,"Middle East, North Africa, Afghanistan & Pakistan",2003,2004,2816.9938,2437.6396,2440.286211804929,2440.598932262868,2598.081321114793,2552.1375,Model 1,train
Algeria,DZA,"Middle East, North Africa, Afghanistan & Pakistan",2004,2005,3233.1334,2998.3929,3001.8879848411816,3002.2054726730707,3200.2063168371424,3166.7104,Model 1,train
Algeria,DZA,"Middle East, North Africa, Afghanistan & Pakistan",2005,2006,3660.661,3434.0375,3437.929523357011,3438.259707306188,3535.0498036805134,3528.364,Model 1,train
Algeria,DZA,"Middle East, North Africa, Afghanistan & Pakistan",2006,2007,4167.4517,3880.781,3885.080654977037,3885.419881361802,4091.1828088579673,4115.3936,Model 1,train
Algeria,DZA,"Middle East, North Africa, Afghanistan & Pakistan",2007,2008,5180.9188,4408.6518,4413.228131740367,4413.583515645838,4874.039926838996,4553.245,Model 1,train
Algeria,DZA,"Middle East, North Africa, Afghanistan & Pakistan",2008,2009,4235.4299,5459.7934,5464.464769211557,5464.855625227231,5070.279308790783,5673.321,Model 1,train
Algeria,DZA,"Middle East, North Africa, Afghanistan & Pakistan",2009,2010,4912.7859,4484.541,4490.470659344245,4490.775959941483,4882.075539026284,4586.6245,Model 1,train
Algeria,DZA,"Middle East, North Africa, Afghanistan & Pakistan",2010,2011,5916.3136,5189.2048,5195.683382901808,5195.994784743617,5498.344226202661,5366.3384,Model 1,train
Algeria,DZA,"Middle East, North Africa, Afghanistan & Pakistan",2011,2012,6033.6488,6228.8239,6235.625732406717,6235.954321479681,6259.051393258117,6347.5674,Model 1,train
Algeria,DZA,"Middle East, North Africa, Afghanistan & Pakistan",2012,2013,5979.6014,6353.0903,6360.645774258456,6360.949892581829,6311.104965596247,6372.2715,Model 1,train
Algeria,DZA,"Middle East, North Africa, Afghanistan & Pakistan",2013,2014,6094.6939,6300.2096,6308.486464393335,6308.765405606849,6301.2347198676525,6519.8774,Model 1,train
Algeria,DZA,"Middle East, North Africa, Afghanistan & Pakistan",2014,2015,4685.059,6421.6121,6430.4866663714365,6430.749986045129,5469.932611719982,6243.7725,Model 1,train
Algeria,DZA,"Middle East, North Africa, Afghanistan & Pakistan",2015,2016,4424.9853,4964.9517,4974.314343860414,4974.52023509492,5054.9971730746665,5074.0117,Model 1,train
Algeria,DZA,"Middle East, North Africa, Afghanistan & Pakistan",2016,2017,4554.6675,4696.4147,4706.0544328109845,4706.243298771878,4629.085264064142,4746.8735,Model 1,train
Algeria,DZA,"Middle East, North Africa, Afghanistan & Pakistan",2017,2018,4577.2103,4832.4517,4842.42104202913,4842.609678181933,4727.555977022371,4794.6455,Model 1,train
Ecuador,ECU,Latin America & Caribbean ,1992,1993,1697.8888,1771.2495,1773.620088130679,1773.6824467918334,1670.771764851956,1720.615,Model 1,train
Ecuador,ECU,Latin America & Caribbean ,1993,1994,1996.8589,1818.3241,1821.3844406452863,1821.4151890321891,1877.8736214661787,1767.7229,Model 1,train
Ecuador,ECU,Latin America & Caribbean ,1994,1995,2108.007,2135.5166,2139.6846027306983,2139.662495396385,2136.476834740771,2070.781,Model 1,train
Ecuador,ECU,Latin America & Caribbean ,1995,1996,2135.8479,2254.4054,2259.28489042536,2259.2294270511525,2231.27940831322,2268.545,Model 1,train
Ecuador,ECU,Latin America & Caribbean ,1996,1997,2340.766,2286.1184,2291.698912485134,2291.611204343451,2277.3729307194653,2309.6628,Model 1,train
Ecuador,ECU,Latin America & Caribbean ,1997,1998,2284.0157,2501.8108,2507.8142010348033,2507.706851097848,2389.982802644563,2423.2024,Model 1,train
Ecuador,ECU,Latin America & Caribbean ,1998,1999,1575.3023,2441.9694,2447.76956272847,2447.6780375522876,2105.204984203164,2402.7737,Model 1,train
Ecuador,ECU,Latin America & Caribbean ,1999,2000,1382.2342,1696.9705,1701.9272943306253,1701.8775185946174,1582.4424804009116,1691.9922,Model 1,train
Ecuador,ECU,Latin America & Caribbean ,2000,2001,1791.3036,1493.5701,1498.3822286489471,1498.3359093960412,1649.1936572484403,1629.1823,Model 1,train
Ecuador,ECU,Latin America & Caribbean ,2001,2002,2059.1586,1927.5189,1933.5275672588589,1933.434826387636,2012.5642042027575,1968.4288,Model 1,train
Ecuador,ECU,Latin America & Caribbean ,2002,2003,2315.6222,2212.5454,2219.800857618304,2219.6506785122374,2274.15371839794,2355.1235,Model 1,train
Ecuador,ECU,Latin America & Caribbean ,2003,2004,2586.2091,2484.8863,2493.3107881272467,2493.1047846821757,2544.4058397531035,2610.0845,Model 1,train
Ecuador,ECU,Latin America & Caribbean ,2004,2005,2909.0261,2770.4771,2779.768214275717,2779.520062235418,2836.5838717096813,2893.0913,Model 1,train
Ecuador,ECU,Latin America & Caribbean ,2005,2006,3243.6701,3109.0014,3118.8648077573475,3118.5869493315136,3236.1554452454234,3266.4788,Model 1,train
Ecuador,ECU,Latin America & Caribbean ,2006,2007,3478.9249,3459.6639,3470.203753286837,3469.8880719398676,3495.9404063485704,3566.7395,Model 1,train
Ecuador,ECU,Latin America & Caribbean ,2007,2008,4194.7575,3707.1027,3718.449926521177,3718.090968922393,3952.490570018578,3889.8083,Model 1,train
Ecuador,ECU,Latin America & Caribbean ,2008,2009,4053.3633,4457.8696,4471.566189725845,4471.061329015466,4289.851520870826,4647.5815,Model 1,train
Ecuador,ECU,Latin America & Caribbean ,2009,2010,4520.3096,4312.5391,4326.4940921260195,4325.990189871903,4414.758687045122,4275.371,Model 1,train
Ecuador,ECU,Latin America & Caribbean ,2010,2011,5153.6916,4801.8161,4817.361856235197,4816.759468648795,4905.413870877659,4759.098,Model 1,train
Ecuador,ECU,Latin America & Caribbean ,2011,2012,5634.0839,5459.6577,5476.047049146272,5475.371404195179,5488.008315516824,5562.464,Model 1,train
Ecuador,ECU,Latin America & Caribbean ,2012,2013,6109.2903,5961.9654,5980.1484021705255,5979.355463185894,5974.276202555298,6075.0503,Model 1,train
Ecuador,ECU,Latin America & Caribbean ,2013,2014,6405.7998,6459.3772,6479.650626577536,6478.722295629356,6356.5065044653265,6366.7314,Model 1,train
Ecuador,ECU,Latin America & Caribbean ,2014,2015,5976.1597,6771.2324,6793.280787898038,6792.24572915003,6526.17487277448,6660.16,Model 1,train
Ecuador,ECU,Latin America & Caribbean ,2015,2016,5917.6377,6327.196,6348.727595938355,6347.762239196027,6197.570868363337,6426.8574,Model 1,train
Ecuador,ECU,Latin America & Caribbean ,2016,2017,6233.3224,6264.3992,6285.146697030457,6284.235907244787,6167.947970396344,6303.218,Model 1,train
Ecuador,ECU,Latin America & Caribbean ,2017,2018,6303.9189,6593.4066,6615.1369684338915,6614.1620641888685,6346.097704755944,6416.177,Model 1,train
"Egypt, Arab Rep.",EGY,"Middle East, North Africa, Afghanistan & Pakistan",1993,1994,807.3035,792.687,790.0752010031905,790.4947262592727,797.2812687104837,760.7803,Model 1,train
"Egypt, Arab Rep.",EGY,"Middle East, North Africa, Afghanistan & Pakistan",1994,1995,916.3266,863.9125,861.2270522129431,861.6708495343673,911.481657468386,863.3485,Model 1,train
"Egypt, Arab Rep.",EGY,"Middle East, North Africa, Afghanistan & Pakistan",1995,1996,1008.9764,979.3147,976.4151618303728,976.9012686647844,980.4608033532418,965.8391,Model 1,train
"Egypt, Arab Rep.",EGY,"Middle East, North Africa, Afghanistan & Pakistan",1996,1997,1146.2017,1077.5291,1074.526544098887,1075.0442638414954,1084.832053492618,1075.3173,Model 1,train
"Egypt, Arab Rep.",EGY,"Middle East, North Africa, Afghanistan & Pakistan",1997,1998,1212.8226,1222.2479,1218.957520674157,1219.526815424421,1266.1629121342608,1232.7903,Model 1,train
"Egypt, Arab Rep.",EGY,"Middle East, North Africa, Afghanistan & Pakistan",1998,1999,1268.3095,1293.0923,1289.835822786784,1290.422530050419,1280.0001269877537,1257.2086,Model 1,train
"Egypt, Arab Rep.",EGY,"Middle East, North Africa, Afghanistan & Pakistan",1999,2000,1366.0927,1352.1968,1349.0020050433184,1349.6020435667815,1262.792632657148,1283.4998,Model 1,train
"Egypt, Arab Rep.",EGY,"Middle East, North Africa, Afghanistan & Pakistan",2000,2001,1295.1374,1455.3194,1451.9884776797098,1452.6218043730123,1375.3599413858226,1424.0891,Model 1,train
"Egypt, Arab Rep.",EGY,"Middle East, North Africa, Afghanistan & Pakistan",2001,2002,1116.8288,1382.1369,1379.315073512219,1379.9087262225626,1213.9847416982673,1324.6882,Model 1,train
"Egypt, Arab Rep.",EGY,"Middle East, North Africa, Afghanistan & Pakistan",2002,2003,1031.2756,1196.1222,1194.1175417807572,1194.6277463892957,1126.222047465357,1172.5409,Model 1,train
"Egypt, Arab Rep.",EGY,"Middle East, North Africa, Afghanistan & Pakistan",2003,2004,991.2557,1106.8028,1105.206844323616,1105.6761285078796,1060.4421589682715,1091.8552,Model 1,train
"Egypt, Arab Rep.",EGY,"Middle East, North Africa, Afghanistan & Pakistan",2004,2005,1105.5392,1065.1122,1063.734718004528,1064.184295005846,1064.9125678322143,1067.1735,Model 1,train
"Egypt, Arab Rep.",EGY,"Middle East, North Africa, Afghanistan & Pakistan",2005,2006,1298.979,1185.6297,1183.9772462523308,1184.474210241454,1197.6491366689104,1199.6545,Model 1,train
"Egypt, Arab Rep.",EGY,"Middle East, North Africa, Afghanistan & Pakistan",2006,2007,1547.7417,1388.902,1386.7080615204302,1387.2854361693974,1481.8130843511722,1353.2078,Model 1,train
"Egypt, Arab Rep.",EGY,"Middle East, North Africa, Afghanistan & Pakistan",2007,2008,1896.2159,1649.4311,1646.4794782654817,1647.159249195725,1778.724703263467,1682.7755,Model 1,train
"Egypt, Arab Rep.",EGY,"Middle East, North Africa, Afghanistan & Pakistan",2008,2009,2161.6396,2012.9896,2008.8772862709536,2009.698961000866,2073.4428582489445,2034.7627,Model 1,train
"Egypt, Arab Rep.",EGY,"Middle East, North Africa, Afghanistan & Pakistan",2009,2010,2455.0819,2289.384,2284.4176358650325,2285.343505222549,2428.8307807057,2332.5422,Model 1,train
"Egypt, Arab Rep.",EGY,"Middle East, North Africa, Afghanistan & Pakistan",2010,2011,2590.6438,2594.3309,2588.4052672568823,2589.4441085691424,2615.7109998831265,2662.8284,Model 1,train
"Egypt, Arab Rep.",EGY,"Middle East, North Africa, Afghanistan & Pakistan",2011,2012,2996.0677,2735.496,2729.2278612367068,2730.316383946866,2765.5853900237225,2707.6638,Model 1,train
"Egypt, Arab Rep.",EGY,"Middle East, North Africa, Afghanistan & Pakistan",2012,2013,3025.5256,3155.8283,3148.279612786421,3149.516200973836,3061.597164502401,3128.6384,Model 1,train
"Egypt, Arab Rep.",EGY,"Middle East, North Africa, Afghanistan & Pakistan",2013,2014,3133.391,3187.403,3179.99848213979,3181.240602571194,3048.740753092005,3089.6272,Model 1,train
"Egypt, Arab Rep.",EGY,"Middle East, North Africa, Afghanistan & Pakistan",2014,2015,3306.9816,3300.7888,3293.4675745997397,3294.7327368659303,3281.03782052343,3182.6418,Model 1,train
"Egypt, Arab Rep.",EGY,"Middle East, North Africa, Afghanistan & Pakistan",2015,2016,3270.6288,3481.5811,3473.9985166331876,3475.3156205327946,3298.025088045946,3419.7,Model 1,train
"Egypt, Arab Rep.",EGY,"Middle East, North Africa, Afghanistan & Pakistan",2016,2017,2395.1033,3446.5134,3439.6846232406065,3440.9640089444815,2995.8643341895554,3436.242,Model 1,train
"Egypt, Arab Rep.",EGY,"Middle East, North Africa, Afghanistan & Pakistan",2017,2018,2484.7032,2541.7038,2538.3223175178614,2539.2591749585204,2566.8464871931624,2653.3704,Model 1,train
Spain,ESP,Europe & Central Asia,1991,1992,16100.6799,15387.948,15408.52613198428,15407.904024433576,15911.601062484526,15616.064,Model 1,train
Spain,ESP,Europe & Central Asia,1992,1993,13330.3798,16727.6611,16752.70930833432,16751.76948204793,15375.639063626164,16592.947,Model 1,train
Spain,ESP,Europe & Central Asia,1993,1994,13405.7044,13907.7895,13933.977325073074,13933.169100521583,13920.814026065224,13919.635,Model 1,train
Spain,ESP,Europe & Central Asia,1994,1995,15460.911,13996.755,14026.293354856443,14025.312936430488,14515.782094130682,14256.39,Model 1,train
Spain,ESP,Europe & Central Asia,1995,1996,16100.6216,16098.3655,16129.481320498922,16128.295085695843,15872.20078776068,15371.058,Model 1,train
Spain,ESP,Europe & Central Asia,1996,1997,14722.3718,16756.0971,16788.917648152346,16787.60371114233,15330.706959337467,16718.287,Model 1,train
Spain,ESP,Europe & Central Asia,1997,1998,15382.3349,15367.92,15405.197363530348,15403.75247348746,15592.136636000709,16065.711,Model 1,train
Spain,ESP,Europe & Central Asia,1998,1999,15707.9473,16044.677,16083.071275316,16081.530986458474,15799.08634731005,16269.356,Model 1,train
Spain,ESP,Europe & Central Asia,1999,2000,14743.2671,16379.2024,16418.34040551478,16416.745564904348,15580.860797893063,16269.356,Model 1,train
Spain,ESP,Europe & Central Asia,2000,2001,15368.2338,15402.5434,15443.425306070609,15441.810827038958,15622.96349170071,16054.622,Model 1,train
Spain,ESP,Europe & Central Asia,2001,2002,17111.0685,16057.3428,16103.180366743452,16101.277694841669,16213.4297261131,16434.297,Model 1,train
Spain,ESP,Europe & Central Asia,2002,2003,21522.0171,17847.2288,17897.24882605675,17895.028426403183,20374.024103570537,19217.305,Model 1,train
Spain,ESP,Europe & Central Asia,2003,2004,24925.0268,22344.6247,22399.3817186505,22396.574083248528,22756.871357712003,22966.588,Model 1,train
Spain,ESP,Europe & Central Asia,2004,2005,26450.953,25814.91,25876.018842217873,25872.57785134629,26229.803460643823,26104.916,Model 1,train
Spain,ESP,Europe & Central Asia,2005,2006,28421.6865,27381.1829,27448.43384015718,27444.551219523142,27596.56279369797,27757.629,Model 1,train
Spain,ESP,Europe & Central Asia,2006,2007,32652.0156,29423.7181,29505.089237627835,29500.29265342856,31278.246303763197,30463.24,Model 1,train
Spain,ESP,Europe & Central Asia,2007,2008,35603.2483,33710.2257,33796.4030226553,33790.90171595248,34587.52352260122,35165.008,Model 1,train
Spain,ESP,Europe & Central Asia,2008,2009,32279.8208,36717.9728,36813.63298123509,36807.30860480356,34289.81576284456,35681.906,Model 1,train
Spain,ESP,Europe & Central Asia,2009,2010,30658.7422,33381.4634,33480.080372021104,33474.0574493407,31818.678157298313,31620.768,Model 1,train
Spain,ESP,Europe & Central Asia,2010,2011,31824.6219,31750.0843,31849.569716308342,31843.71155707955,31414.632724442297,31363.475,Model 1,train
Spain,ESP,Europe & Central Asia,2011,2012,28456.4438,33000.2448,33120.71155128076,33113.62469347871,30202.624496992383,31379.512,Model 1,train
Spain,ESP,Europe & Central Asia,2012,2013,29228.8466,29571.9462,29684.134179922457,29677.87408227037,29827.91360293264,29454.549,Model 1,train
Spain,ESP,Europe & Central Asia,2013,2014,29707.7655,30406.3429,30534.108609354887,30526.93330163384,29330.78259482475,29648.33,Model 1,train
Spain,ESP,Europe & Central Asia,2014,2015,25982.4416,30905.7906,31038.183663899803,31030.700932352735,28782.77359130851,29648.33,Model 1,train
Spain,ESP,Europe & Central Asia,2015,2016,26755.6061,27078.4763,27192.88871895196,27186.754372352716,27590.4891748566,26967.168,Model 1,train
Spain,ESP,Europe & Central Asia,2016,2017,28381.3426,27901.2619,28027.334625989864,28020.509991203508,28277.686597098495,27162.195,Model 1,train
Spain,ESP,Europe & Central Asia,2017,2018,30602.4213,29557.332,29687.086765871147,29679.899940958345,29789.44279860345,29233.137,Model 1,train
Estonia,EST,Europe & Central Asia,1993,1994,2819.1261,2843.7558,2849.7403983011227,2849.0205005190596,2918.23758676916,2944.844,Model 1,train
Estonia,EST,Europe & Central Asia,1994,1995,3134.3898,2971.7095,2974.9562991516436,2974.3417491296045,3005.492914207652,3040.3987,Model 1,train
Estonia,EST,Europe & Central Asia,1995,1996,3380.9263,3305.3498,3310.8402858141544,3310.019351972076,3445.125509657998,3405.5916,Model 1,train
Estonia,EST,Europe & Central Asia,1996,1997,3682.9523,3577.8754,3588.517794658372,3587.3517002180834,3608.997296735305,3739.929,Model 1,train
Estonia,EST,Europe & Central Asia,1997,1998,4093.3925,3892.6006,3904.235231501004,3902.927832335589,4003.324088599085,4127.7866,Model 1,train
Estonia,EST,Europe & Central Asia,1998,1999,4140.9366,4312.3503,4323.240418109369,4321.8500937492345,4220.465345141012,4692.6445,Model 1,train
Estonia,EST,Europe & Central Asia,1999,2000,4070.609,4368.8837,4381.926175573579,4380.408617006894,4266.500011013705,4547.1353,Model 1,train
Estonia,EST,Europe & Central Asia,2000,2001,4502.6661,4299.8674,4313.834004387843,4312.290055420996,4318.162606295832,4307.683,Model 1,train
Estonia,EST,Europe & Central Asia,2001,2002,5343.1831,4744.6323,4758.809359451402,4757.122582201805,4958.561083195499,4850.0576,Model 1,train
Estonia,EST,Europe & Central Asia,2002,2003,7205.407,5619.4723,5637.27002174217,5635.1254283702165,6214.725644470601,6067.824,Model 1,train
Estonia,EST,Europe & Central Asia,2003,2004,8916.0728,7539.2586,7561.750050184662,7558.729365466241,8162.873780612253,7901.4385,Model 1,train
Estonia,EST,Europe & Central Asia,2004,2005,10414.6381,9301.9921,9330.445020956162,9326.48951400448,9556.43922518782,9655.965,Model 1,train
Estonia,EST,Europe & Central Asia,2005,2006,12641.4801,10848.3211,10883.800886291974,10878.902439634754,11310.253468583662,10963.482,Model 1,train
Estonia,EST,Europe & Central Asia,2006,2007,16745.4308,13119.6735,13159.757189805763,13153.73542896395,14708.568772039154,13260.666,Model 1,train
Estonia,EST,Europe & Central Asia,2007,2008,18205.9064,17284.156,17330.818784308096,17322.745286744346,17680.75168117889,17487.295,Model 1,train
Estonia,EST,Europe & Central Asia,2008,2009,14712.4494,18803.2406,18863.87678378097,18854.42096797458,17089.37036009705,18224.707,Model 1,train
Estonia,EST,Europe & Central Asia,2009,2010,14663.7041,15301.0784,15366.670757741538,15358.422515608569,15657.599530304917,15406.97,Model 1,train
Estonia,EST,Europe & Central Asia,2010,2011,17555.5455,15273.9853,15345.917916823108,15337.344942429832,16319.076742172236,15453.677,Model 1,train
Estonia,EST,Europe & Central Asia,2011,2012,17568.2138,18254.3844,18345.216111215643,18334.399240978302,17964.99356473291,18633.938,Model 1,train
Estonia,EST,Europe & Central Asia,2012,2013,19310.3875,18271.7377,18363.942536007435,18353.03953491392,18617.18629932106,18688.021,Model 1,train
Estonia,EST,Europe & Central Asia,2013,2014,20581.7899,20084.6907,20194.339324650336,20181.730667415846,19769.055174145273,19134.88,Model 1,train
Estonia,EST,Europe & Central Asia,2014,2015,17722.1558,21373.5647,21486.584118527127,21473.226065467745,19834.979616675693,20714.912,Model 1,train
Estonia,EST,Europe & Central Asia,2015,2016,18666.3737,18485.5573,18594.73673966109,18582.84109964328,19085.784288974137,18929.943,Model 1,train
Estonia,EST,Europe & Central Asia,2016,2017,20851.5223,19452.1283,19566.08718576849,19553.52424504461,19943.346693930547,19270.305,Model 1,train
Estonia,EST,Europe & Central Asia,2017,2018,23618.1361,21703.7465,21833.760858668975,21819.369032906576,22838.57993693443,21574.66,Model 1,train
Ethiopia,ETH,Sub-Saharan Africa ,1995,1996,147.3275,145.5756,143.92272564976477,144.08169899764354,141.19579858722702,144.98569,Model 1,train
Ethiopia,ETH,Sub-Saharan Africa ,1996,1997,143.3695,157.0489,155.29770633285162,155.46698878664236,145.13789383070647,150.15445,Model 1,train
Ethiopia,ETH,Sub-Saharan Africa ,1997,1998,126.4651,153.0987,151.44472059766045,151.60790328505036,137.0999097718279,143.1566,Model 1,train
Ethiopia,ETH,Sub-Saharan Africa ,1998,1999,120.7346,135.5785,134.18748396451076,134.33022252653373,123.95672738784342,124.79526,Model 1,train
Ethiopia,ETH,Sub-Saharan Africa ,1999,2000,122.2692,129.4574,128.1072420193286,128.2456249691659,125.31554637581011,123.34759,Model 1,train
Ethiopia,ETH,Sub-Saharan Africa ,2000,2001,118.4572,131.5085,130.25293443987306,130.38782142237176,122.90313017847848,129.53372,Model 1,train
Ethiopia,ETH,Sub-Saharan Africa ,2001,2002,109.5938,127.6555,126.48531260539222,126.614522721511,122.88210840897314,126.274796,Model 1,train
Ethiopia,ETH,Sub-Saharan Africa ,2002,2003,116.8005,118.4763,117.4527233403836,117.57066318196752,125.06074675960694,121.26884,Model 1,train
Ethiopia,ETH,Sub-Saharan Africa ,2003,2004,133.1698,126.3396,125.29822440100084,125.42105913670432,131.86574162421843,128.44867,Model 1,train
Ethiopia,ETH,Sub-Saharan Africa ,2004,2005,158.2435,143.9523,142.8140873160816,142.95024467066372,151.5809701991736,141.73978,Model 1,train
Ethiopia,ETH,Sub-Saharan Africa ,2005,2006,189.3457,170.7047,169.37487745052297,169.53309048525787,179.63747427036708,180.14384,Model 1,train
Ethiopia,ETH,Sub-Saharan Africa ,2006,2007,237.1463,204.0109,202.49986519493487,202.6821358361531,221.06862567894015,213.15854,Model 1,train
Ethiopia,ETH,Sub-Saharan Africa ,2007,2008,316.4105,255.0462,253.2583457457538,253.47642604938713,283.7780076084125,267.0423,Model 1,train
Ethiopia,ETH,Sub-Saharan Africa ,2008,2009,368.5747,339.2324,336.956347392695,337.2330659824399,348.23294436072905,345.76205,Model 1,train
Ethiopia,ETH,Sub-Saharan Africa ,2009,2010,330.6194,394.8489,392.3533652551745,392.6630744549285,358.59552294873157,381.17252,Model 1,train
Ethiopia,ETH,Sub-Saharan Africa ,2010,2011,343.0249,355.824,353.86263255264123,354.131548113923,346.2549336121445,360.47412,Model 1,train
Ethiopia,ETH,Sub-Saharan Africa ,2011,2012,452.101,369.6768,367.8262615746441,368.09579885755494,391.02168345812015,360.83408,Model 1,train
Ethiopia,ETH,Sub-Saharan Africa ,2012,2013,484.0398,485.4541,483.0749006640293,483.4151178944924,481.31611470352914,487.77774,Model 1,train
Ethiopia,ETH,Sub-Saharan Africa ,2013,2014,549.9866,519.9076,517.538793825362,517.8920380310796,532.8955887716309,526.29004,Model 1,train
Ethiopia,ETH,Sub-Saharan Africa ,2014,2015,597.9121,590.2695,587.7479988643438,588.1349672713296,597.974871523599,619.31775,Model 1,train
Ethiopia,ETH,Sub-Saharan Africa ,2015,2016,641.6515,641.6169,639.0591339443874,639.4670633976737,638.3915047445149,662.10474,Model 1,train
Ethiopia,ETH,Sub-Saharan Africa ,2016,2017,696.3484,688.4819,685.9032769150724,686.32979449048,713.0951657485834,687.4988,Model 1,train
Ethiopia,ETH,Sub-Saharan Africa ,2017,2018,739.702,746.9831,744.3693182768981,744.8189418636165,744.7816444135078,775.8186,Model 1,train
Finland,FIN,Europe & Central Asia,1991,1992,22320.1125,26180.7321,26232.08031853482,26223.359148682903,24475.05053123769,25466.148,Model 1,train
Finland,FIN,Europe & Central Asia,1992,1993,17588.6782,23001.1189,23054.481355727617,23046.68530103304,20639.16470767917,23039.705,Model 1,train
Finland,FIN,Europe & Central Asia,1993,1994,20278.2911,18225.1484,18277.30974881806,18271.02955752348,19108.870756842673,19392.775,Model 1,train
Finland,FIN,Europe & Central Asia,1994,1995,26246.2743,20985.9405,21051.06430627152,21043.29581912318,23113.933423086615,21226.791,Model 1,train
Finland,FIN,Europe & Central Asia,1995,1996,25756.6777,27019.4497,27092.36827009538,27082.29750134242,26311.777944498688,26926.668,Model 1,train
Finland,FIN,Europe & Central Asia,1996,1997,24682.2908,26543.9077,26621.376280664823,26611.23180073714,25810.382080212366,27737.254,Model 1,train
Finland,FIN,Europe & Central Asia,1997,1998,25999.9862,25470.3146,25549.497645312735,25539.618086603892,25979.64291850786,26249.512,Model 1,train
Finland,FIN,Europe & Central Asia,1998,1999,26180.4129,26815.1973,26900.150144229476,26889.54175917801,25886.39145178215,27518.855,Model 1,train
Finland,FIN,Europe & Central Asia,1999,2000,24335.9225,27010.5446,27099.443969038763,27088.572135004822,25784.06337714414,27610.969,Model 1,train
Finland,FIN,Europe & Central Asia,2000,2001,24965.203,25155.8813,25244.53017396096,25234.27473009684,25815.364930377804,25955.994,Model 1,train
Finland,FIN,Europe & Central Asia,2001,2002,26989.3893,25824.2051,25922.92624948167,25911.936398794976,26057.552940169175,26235.996,Model 1,train
Finland,FIN,Europe & Central Asia,2002,2003,32920.0857,27883.7219,27989.71197458055,27977.680256308264,29852.8675161922,28237.453,Model 1,train
Finland,FIN,Europe & Central Asia,2003,2004,37768.1334,33892.9327,34016.749487654335,34001.76496728864,36045.06732153457,37263.773,Model 1,train
Finland,FIN,Europe & Central Asia,2004,2005,39049.8704,38807.2935,38949.65876919922,38931.98119064684,39251.86356085665,40104.97,Model 1,train
Finland,FIN,Europe & Central Asia,2005,2006,41214.0188,40106.6042,40254.245634417945,40235.83771852567,41697.49569880414,40562.86,Model 1,train
Finland,FIN,Europe & Central Asia,2006,2007,48473.024,42323.2024,42486.68945259757,42466.66165504373,45187.50072725659,45310.73,Model 1,train
Finland,FIN,Europe & Central Asia,2007,2008,53769.4726,49617.6016,49797.87444879145,49774.26071035004,52030.326952860014,50710.39,Model 1,train
Finland,FIN,Europe & Central Asia,2008,2009,47478.3495,54962.4765,55164.263136514535,55137.486440839755,52793.64058751448,56250.414,Model 1,train
Finland,FIN,Europe & Central Asia,2009,2010,46506.2919,48673.4797,48866.523488868595,48842.64725132902,49108.886288689064,50061.652,Model 1,train
Finland,FIN,Europe & Central Asia,2010,2011,51060.3243,47714.4402,47909.9029195514,47886.28425088445,50003.29788012103,48991.414,Model 1,train
Finland,FIN,Europe & Central Asia,2011,2012,47551.6741,52362.5367,52590.4783387002,52563.41599076778,49073.57117152807,53498.11,Model 1,train
Finland,FIN,Europe & Central Asia,2012,2013,49691.0145,48853.9439,49077.05550886648,49051.606481921386,49884.01055801389,49994.812,Model 1,train
Finland,FIN,Europe & Central Asia,2013,2014,50073.7761,51048.7735,51290.234591091874,51263.01622864739,49330.26429423279,50710.54,Model 1,train
Finland,FIN,Europe & Central Asia,2014,2015,42560.3457,51459.2409,51708.96365669272,51681.177820620425,45833.510750478206,50355.844,Model 1,train
Finland,FIN,Europe & Central Asia,2015,2016,43451.2562,43916.035,44149.338794061696,44125.24730012958,44367.45857104598,44078.25,Model 1,train
Finland,FIN,Europe & Central Asia,2016,2017,46085.0175,44810.4529,45045.29048041352,45020.80392637693,45847.89400484704,45898.21,Model 1,train
Finland,FIN,Europe & Central Asia,2017,2018,49654.2497,47492.4639,47743.36236312594,47717.05309444294,49189.31312608415,48466.152,Model 1,train
Fiji,FJI,East Asia & Pacific,1993,1994,2297.1801,2192.8621,2196.6079263317974,2196.0095453770873,2291.919235268251,2284.4968,Model 1,train
Fiji,FJI,East Asia & Pacific,1994,1995,2466.7435,2429.9462,2434.153589591157,2433.465208770571,2416.408053683158,2498.1199,Model 1,train
Fiji,FJI,East Asia & Pacific,1995,1996,2648.3277,2606.8165,2611.395105408592,2610.6371404848164,2631.8818310813313,2751.2976,Model 1,train
Fiji,FJI,East Asia & Pacific,1996,1997,2573.7234,2795.9337,2800.879531439478,2800.047918467767,2725.681575599474,2888.0603,Model 1,train
Fiji,FJI,East Asia & Pacific,1997,1998,2010.4964,2719.3236,2724.3893411217605,2723.5772481735153,2468.0122063378517,2752.938,Model 1,train
Fiji,FJI,East Asia & Pacific,1998,1999,2327.9572,2136.2548,2141.3905205339097,2140.7440070018724,2227.963999616192,2184.2615,Model 1,train
Fiji,FJI,East Asia & Pacific,1999,2000,1995.7207,2467.2469,2472.8917676216715,2472.1291249890996,2295.922374657782,2511.7449,Model 1,train
Fiji,FJI,East Asia & Pacific,2000,2001,1944.9974,2119.0315,2123.5930176702195,2122.986002102906,2035.5599701848455,2122.7378,Model 1,train
Fiji,FJI,East Asia & Pacific,2001,2002,2136.5679,2066.287,2070.807061315832,2070.218524130912,2050.953830548854,2115.9849,Model 1,train
Fiji,FJI,East Asia & Pacific,2002,2003,2655.5808,2261.4595,2264.938902457805,2264.3541678871975,2362.1330768509447,2353.3108,Model 1,train
Fiji,FJI,East Asia & Pacific,2003,2004,3097.191,2799.3442,2802.9604502032207,2802.2185749741757,2938.4993047619373,2965.547,Model 1,train
Fiji,FJI,East Asia & Pacific,2004,2005,3377.6913,3256.0089,3259.8010126668487,3258.9160107102593,3369.4893705589107,3480.38,Model 1,train
Fiji,FJI,East Asia & Pacific,2005,2006,3455.106,3545.7525,3549.6971973343984,3548.7176478977944,3642.7098196098177,3723.8494,Model 1,train
Fiji,FJI,East Asia & Pacific,2006,2007,3762.7469,3626.5431,3630.7591226863583,3629.743361353904,3994.303584849831,3919.9988,Model 1,train
Fiji,FJI,East Asia & Pacific,2007,2008,3899.9223,3942.8213,3946.9240285246774,3945.816783077421,3888.833501541038,4266.5205,Model 1,train
Fiji,FJI,East Asia & Pacific,2008,2009,3164.1328,4085.1005,4089.530390951555,4088.3626612692374,3787.54362802149,4278.508,Model 1,train
Fiji,FJI,East Asia & Pacific,2009,2010,3449.1445,3328.8281,3333.5825151952586,3332.6375144129356,3478.603670364952,3579.7944,Model 1,train
Fiji,FJI,East Asia & Pacific,2010,2011,4139.6029,3626.0425,3631.777320907007,3630.690749498716,3934.3704413154983,3856.7415,Model 1,train
Fiji,FJI,East Asia & Pacific,2011,2012,4341.4034,4336.6973,4342.589571413644,4341.267909532342,4343.171762178014,4594.1235,Model 1,train
Fiji,FJI,East Asia & Pacific,2012,2013,4572.4438,4531.8331,4534.332098406576,4533.123790963715,4554.046038179196,4792.995,Model 1,train
Fiji,FJI,East Asia & Pacific,2013,2014,5293.3568,4776.445,4781.067281949849,4779.666955880613,5008.597220416477,4989.11,Model 1,train
Fiji,FJI,East Asia & Pacific,2014,2015,5097.5311,5513.3973,5517.581456203596,5515.950698291641,5503.486103167668,5906.774,Model 1,train
Fiji,FJI,East Asia & Pacific,2015,2016,5363.7903,5312.2246,5316.1992234867685,5314.65029169786,5485.808714328898,5668.7617,Model 1,train
Fiji,FJI,East Asia & Pacific,2016,2017,5826.8481,5586.262,5590.66192098382,5588.99525199398,5760.09086974613,6008.0713,Model 1,train
Fiji,FJI,East Asia & Pacific,2017,2018,6085.4198,6064.1767,6069.830565789106,6067.927940911225,6028.279242715571,6533.6646,Model 1,train
France,FRA,Europe & Central Asia,1991,1992,23615.0169,22160.9645,22163.89074475439,22164.534423371133,23038.921721203424,22583.2,Model 1,train
France,FRA,Europe & Central Asia,1992,1993,22238.8251,24307.9809,24311.594291891488,24312.078198870968,23638.3104468,24471.832,Model 1,train
France,FRA,Europe & Central Asia,1993,1994,23359.8985,22930.6595,22939.24429618092,22939.569575122194,23081.40057742024,22513.826,Model 1,train
France,FRA,Europe & Central Asia,1994,1995,26791.8152,24082.6215,24095.378966031163,24095.42352279422,24472.993173862564,23683.764,Model 1,train
France,FRA,Europe & Central Asia,1995,1996,26757.6351,27549.8078,27560.22462410706,27560.150424690837,26290.69067403809,27067.525,Model 1,train
France,FRA,Europe & Central Asia,1996,1997,24169.4008,27528.8052,27542.944489979745,27542.688818201794,25925.90123312528,27067.525,Model 1,train
France,FRA,Europe & Central Asia,1997,1998,24869.4031,24939.1695,24961.855287427352,24961.354375940933,25309.132887747743,25352.523,Model 1,train
France,FRA,Europe & Central Asia,1998,1999,24576.3152,25665.0375,25692.357227784098,25691.575172629804,24726.92663551723,26111.79,Model 1,train
France,FRA,Europe & Central Asia,1999,2000,22340.594,25377.8889,25407.82901732003,25406.94433592808,24151.18733355826,25905.893,Model 1,train
France,FRA,Europe & Central Asia,2000,2001,22331.7948,23131.1216,23166.436161668546,23165.43330657879,23207.837626391356,22845.219,Model 1,train
France,FRA,Europe & Central Asia,2001,2002,24144.5727,23127.6999,23164.42223217679,23163.363715668555,23901.290192969085,23391.594,Model 1,train
France,FRA,Europe & Central Asia,2002,2003,29479.5222,24970.9889,25009.06296404775,25007.838264613587,27045.395252445003,25610.746,Model 1,train
France,FRA,Europe & Central Asia,2003,2004,33644.9282,30352.652,30386.026914682243,30384.666869178036,32423.31198117409,30742.715,Model 1,train
France,FRA,Europe & Central Asia,2004,2005,34696.3718,34635.5879,34690.90654064076,34688.050433354525,35760.559980300335,35351.457,Model 1,train
France,FRA,Europe & Central Asia,2005,2006,36431.5659,35694.9957,35749.91692600277,35747.00715676931,35943.44065272044,35975.45,Model 1,train
France,FRA,Europe & Central Asia,2006,2007,41486.1908,37501.442,37572.5285734655,37568.6263924285,40032.364838216374,38170.383,Model 1,train
France,FRA,Europe & Central Asia,2007,2008,45464.8181,42621.4732,42701.889064777024,42696.98154843406,43824.342096642016,42335.26,Model 1,train
France,FRA,Europe & Central Asia,2008,2009,41728.0884,46632.4576,46716.60273056976,46711.06048909476,43540.24309340711,45431.32,Model 1,train
France,FRA,Europe & Central Asia,2009,2010,40694.8212,42895.7447,42984.549993241606,42979.22238722693,42196.62770919507,42111.254,Model 1,train
France,FRA,Europe & Central Asia,2010,2011,43929.7841,41880.1635,41975.38281187721,41969.855065825526,42099.89765846507,41511.434,Model 1,train
France,FRA,Europe & Central Asia,2011,2012,40863.5814,45187.7348,45298.65347599598,45291.959003931144,41783.7438272898,43210.08,Model 1,train
France,FRA,Europe & Central Asia,2012,2013,42669.1795,42080.8728,42184.51336427305,42178.56728636889,42066.27168509402,41470.086,Model 1,train
France,FRA,Europe & Central Asia,2013,2014,43148.0459,43927.7952,44040.224409843715,44033.64036450611,42339.828860948815,41888.234,Model 1,train
France,FRA,Europe & Central Asia,2014,2015,36702.4324,44464.4342,44592.38076043014,44584.95049650346,41006.243961225264,43392.688,Model 1,train
France,FRA,Europe & Central Asia,2015,2016,37024.2157,37911.0432,38019.37000434727,38013.66408234688,37690.371175765984,38121.746,Model 1,train
France,FRA,Europe & Central Asia,2016,2017,38687.1626,38259.8306,38375.06819823247,38368.97901908758,38378.43228869429,38152.914,Model 1,train
France,FRA,Europe & Central Asia,2017,2018,41418.1766,39942.278,40059.71586785493,40053.35624401027,40075.251829093,38434.44,Model 1,train
Gabon,GAB,Sub-Saharan Africa ,1996,1997,4508.7534,5087.133,5071.61242986941,5071.273522788843,4820.865742707355,4954.672,Model 1,train
Gabon,GAB,Sub-Saharan Africa ,1997,1998,3699.9951,4650.5723,4637.316029851119,4637.009228748794,4376.064636452368,4365.0747,Model 1,train
Gabon,GAB,Sub-Saharan Africa ,1998,1999,3751.3532,3832.7766,3823.2093126249824,3822.9660255037993,3912.3017212890663,3815.5188,Model 1,train
Gabon,GAB,Sub-Saharan Africa ,1999,2000,3982.9062,3886.1573,3876.64546937727,3876.393983038986,3970.0758099434192,3854.4507,Model 1,train
Gabon,GAB,Sub-Saharan Africa ,2000,2001,3835.7572,4122.3148,4112.123446657007,4111.84976104115,4033.8059482029857,3851.6873,Model 1,train
Gabon,GAB,Sub-Saharan Africa ,2001,2002,3966.48,3974.5817,3965.3207346718777,3965.051893760634,4039.51933246516,3886.1155,Model 1,train
Gabon,GAB,Sub-Saharan Africa ,2002,2003,4710.7486,4108.9632,4099.568617435298,4099.279622696912,4232.004408802129,3885.3855,Model 1,train
Gabon,GAB,Sub-Saharan Africa ,2003,2004,5465.7919,4865.9677,4854.3037120339,4853.925012779638,5294.090126821227,4781.6406,Model 1,train
Gabon,GAB,Sub-Saharan Africa ,2004,2005,6547.8761,5631.5982,5617.458902625457,5616.991958287927,6070.289588427126,5686.885,Model 1,train
Gabon,GAB,Sub-Saharan Africa ,2005,2006,6847.0099,6725.8722,6708.115745467392,6707.510009026946,6700.251925270663,6567.3174,Model 1,train
Gabon,GAB,Sub-Saharan Africa ,2006,2007,8003.5429,7031.161,7013.171821489655,7012.50083515407,7597.270615652622,6953.233,Model 1,train
Gabon,GAB,Sub-Saharan Africa ,2007,2008,9688.6452,8199.2825,8177.962082870458,8177.104141295637,8950.020833031404,7996.5835,Model 1,train
Gabon,GAB,Sub-Saharan Africa ,2008,2009,7290.5753,9895.6712,9869.18345966625,9868.043491698098,9312.672743385618,9620.751,Model 1,train
Gabon,GAB,Sub-Saharan Africa ,2009,2010,8356.7466,7495.9522,7480.710732031187,7479.819107663971,7950.629583559891,7357.102,Model 1,train
Gabon,GAB,Sub-Saharan Africa ,2010,2011,10219.1139,8575.0317,8557.43152680282,8556.340931506173,9172.586980956808,8273.832,Model 1,train
Gabon,GAB,Sub-Saharan Africa ,2011,2012,9296.9659,10452.0754,10429.576670692995,10428.143422342067,9177.959856365587,8407.156,Model 1,train
Gabon,GAB,Sub-Saharan Africa ,2012,2013,9197.7011,9534.6411,9517.277263923515,9515.923221861029,8991.571221868966,9192.143,Model 1,train
Gabon,GAB,Sub-Saharan Africa ,2013,2014,9201.3628,9441.581,9426.126646473904,9424.737947154965,8715.982980852365,9155.459,Model 1,train
Gabon,GAB,Sub-Saharan Africa ,2014,2015,7047.1265,9452.0962,9438.259262463524,9436.815323410969,8289.570431811582,9204.626,Model 1,train
Gabon,GAB,Sub-Saharan Africa ,2015,2016,6677.07,7283.2652,7276.695335711497,7275.573022935633,7140.952225875448,6955.64,Model 1,train
Gabon,GAB,Sub-Saharan Africa ,2016,2017,6921.7337,6912.2955,6907.5551592244565,6906.4667211934175,6966.492997411581,7160.7256,Model 1,train
Gabon,GAB,Sub-Saharan Africa ,2017,2018,7624.2775,7164.0455,7159.615035352392,7158.456950557997,7455.9366021183805,7146.1196,Model 1,train
United Kingdom,GBR,Europe & Central Asia,1991,1992,20487.1708,20506.7028,20501.72544279112,20502.829865400177,20606.58065092337,19808.143,Model 1,train
United Kingdom,GBR,Europe & Central Asia,1992,1993,18389.0196,21116.3999,21115.289063551572,21116.165277928867,20411.587399351367,21030.652,Model 1,train
United Kingdom,GBR,Europe & Central Asia,1993,1994,19709.2381,18993.5673,18995.120967576902,18995.972566595072,19866.22537326876,18873.432,Model 1,train
United Kingdom,GBR,Europe & Central Asia,1994,1995,23252.6157,20352.9403,20359.24936969326,20359.792724263632,21859.748582328575,20772.877,Model 1,train
United Kingdom,GBR,Europe & Central Asia,1995,1996,24503.383,23927.7257,23928.00937981333,23928.65671158793,23744.24717527811,23923.553,Model 1,train
United Kingdom,GBR,Europe & Central Asia,1996,1997,26910.1382,25203.0246,25205.471335319136,25205.923995298544,26287.40498809354,25047.03,Model 1,train
United Kingdom,GBR,Europe & Central Asia,1997,1998,28396.3524,27633.4883,27634.30704553685,27634.66562277999,27243.2243413849,27002.115,Model 1,train
United Kingdom,GBR,Europe & Central Asia,1998,1999,28858.0065,29125.8759,29123.741381837553,29124.13795461873,28421.69781361681,29041.348,Model 1,train
United Kingdom,GBR,Europe & Central Asia,1999,2000,28383.8761,29603.8621,29604.84782960652,29605.05152780004,28488.838287332263,29434.191,Model 1,train
United Kingdom,GBR,Europe & Central Asia,2000,2001,28013.873,29152.1645,29160.748302515443,29160.607114417664,28416.94890104604,29111.7,Model 1,train
United Kingdom,GBR,Europe & Central Asia,2001,2002,30158.7018,28797.3503,28811.219362157837,28810.84503181742,28964.06536296776,29111.7,Model 1,train
United Kingdom,GBR,Europe & Central Asia,2002,2003,34556.7726,30966.4429,30980.768341457,30980.196019416933,33291.7017019724,31260.096,Model 1,train
United Kingdom,GBR,Europe & Central Asia,2003,2004,40504.4118,35409.1049,35424.955517983166,35423.89430775918,37778.593750585234,36000.64,Model 1,train
United Kingdom,GBR,Europe & Central Asia,2004,2005,42240.2463,41398.2212,41414.52377586946,41412.808090711434,42834.913357123725,41516.82,Model 1,train
United Kingdom,GBR,Europe & Central Asia,2005,2006,44695.161,43166.5161,43189.17329166464,43186.94918151346,44348.87629261994,41849.984,Model 1,train
United Kingdom,GBR,Europe & Central Asia,2006,2007,50629.0799,45644.0232,45669.695318681086,45667.04668365756,46998.31550304802,45738.242,Model 1,train
United Kingdom,GBR,Europe & Central Asia,2007,2008,47652.4031,51596.2509,51621.61658572496,51618.25234790635,47622.368284501594,47679.5,Model 1,train
United Kingdom,GBR,Europe & Central Asia,2008,2009,39009.3716,48640.4712,48673.56671674125,48670.22998100468,42886.26153380175,46109.543,Model 1,train
United Kingdom,GBR,Europe & Central Asia,2009,2010,39778.3221,40025.6917,40077.53778924161,40074.28605232433,40047.526580098034,38240.41,Model 1,train
United Kingdom,GBR,Europe & Central Asia,2010,2011,42295.9274,40832.7502,40893.758524492565,40889.97460031826,42049.636869402464,41718.92,Model 1,train
United Kingdom,GBR,Europe & Central Asia,2011,2012,42688.3264,43419.9221,43496.41397971011,43491.567295440866,43806.00382637677,42187.43,Model 1,train
United Kingdom,GBR,Europe & Central Asia,2012,2013,43606.9838,43808.9851,43883.72726879118,43878.95848221944,43962.92394870241,43883.09,Model 1,train
United Kingdom,GBR,Europe & Central Asia,2013,2014,47746.2422,44742.6209,44820.11359690305,44815.123852830104,45144.86383171577,43671.215,Model 1,train
United Kingdom,GBR,Europe & Central Asia,2014,2015,45255.3449,48933.7319,49021.01037181707,49015.04233095732,44132.46026764027,46707.56,Model 1,train
United Kingdom,GBR,Europe & Central Asia,2015,2016,41257.9086,46391.9277,46467.11580893101,46462.12035073478,43370.41000698382,45431.32,Model 1,train
United Kingdom,GBR,Europe & Central Asia,2016,2017,40916.8115,42394.5969,42474.86939595562,42470.101111743126,42601.071961075315,42335.26,Model 1,train
United Kingdom,GBR,Europe & Central Asia,2017,2018,43702.9976,42061.15,42143.91920895297,42139.08087489558,42822.99892681091,41812.8,Model 1,train
Georgia,GEO,Europe & Central Asia,1995,1996,689.0346,633.067,635.644728120526,635.5839419688386,624.898486580099,641.2525,Model 1,train
Georgia,GEO,Europe & Central Asia,1996,1997,807.0323,753.851,757.3866720670713,757.2746885692787,762.9550159992156,752.51196,Model 1,train
Georgia,GEO,Europe & Central Asia,1997,1998,851.5155,878.0888,881.4497686052395,881.3430570480488,852.7344850606534,850.01056,Model 1,train
Georgia,GEO,Europe & Central Asia,1998,1999,673.5378,925.7404,929.3008354853964,929.1804342409572,814.8762713332432,876.278,Model 1,train
Georgia,GEO,Europe & Central Asia,1999,2000,749.9085,736.2106,739.4493534904835,739.346950535441,733.9081908187092,727.7619,Model 1,train
Georgia,GEO,Europe & Central Asia,2000,2001,801.9838,818.0653,821.5898196195533,821.4700439766609,812.2848077050064,810.3188,Model 1,train
Georgia,GEO,Europe & Central Asia,2001,2002,853.5262,874.287,878.1460127526678,878.0062712891512,861.4971073909613,866.81396,Model 1,train
Georgia,GEO,Europe & Central Asia,2002,2003,1010.0315,929.4523,933.5164486158952,933.363605071927,942.4794116274188,926.4631,Model 1,train
Georgia,GEO,Europe & Central Asia,2003,2004,1305.0475,1098.6084,1103.8350228890097,1103.6140623756753,1210.4377759704237,1123.6052,Model 1,train
Georgia,GEO,Europe & Central Asia,2004,2005,1642.7836,1410.8023,1416.5978396423216,1416.327248422971,1545.287613417266,1431.689,Model 1,train
Georgia,GEO,Europe & Central Asia,2005,2006,1996.0201,1766.1661,1772.401685165965,1772.077050256741,1809.3933311321232,1755.0281,Model 1,train
Georgia,GEO,Europe & Central Asia,2006,2007,2635.3665,2138.9209,2146.258067201607,2145.83580424483,2310.8459948971968,2089.736,Model 1,train
Georgia,GEO,Europe & Central Asia,2007,2008,3324.7537,2808.012,2816.4298906258555,2815.864456871558,3055.427167798764,2816.524,Model 1,train
Georgia,GEO,Europe & Central Asia,2008,2009,2822.6894,3525.4084,3534.60539188567,3533.8894338004557,3253.966054636057,3397.864,Model 1,train
Georgia,GEO,Europe & Central Asia,2009,2010,3281.7293,3003.9619,3012.8369748870923,3012.215898738632,3127.067528976472,2956.9463,Model 1,train
Georgia,GEO,Europe & Central Asia,2010,2011,4119.6682,3487.4601,3498.5719322830655,3497.756599525264,3831.475600070832,3404.2798,Model 1,train
Georgia,GEO,Europe & Central Asia,2011,2012,4530.6953,4365.6,4380.230739367237,4379.075528563957,4374.334798535635,4305.921,Model 1,train
Georgia,GEO,Europe & Central Asia,2012,2013,4712.0023,4794.0409,4810.044031284059,4808.732374560309,4864.743297181879,4754.811,Model 1,train
Georgia,GEO,Europe & Central Asia,2013,2014,4830.3349,4986.1847,5003.743236406307,5002.311134172389,4911.812977638678,5064.1113,Model 1,train
Georgia,GEO,Europe & Central Asia,2014,2015,4086.6223,5109.7931,5127.86256800588,5126.379339939195,4852.783994590882,5307.057,Model 1,train
Georgia,GEO,Europe & Central Asia,2015,2016,4143.4013,4339.3464,4356.237645170645,4354.965699290259,4235.431417197326,4169.352,Model 1,train
Georgia,GEO,Europe & Central Asia,2016,2017,4418.7521,4397.2603,4413.961171294211,4412.6886539495745,4500.748708033588,4442.9785,Model 1,train
Georgia,GEO,Europe & Central Asia,2017,2018,4804.0546,4686.7047,4704.985043366555,4703.57529710569,4964.930372665713,4773.325,Model 1,train
Ghana,GHA,Sub-Saharan Africa ,1995,1996,389.2713,397.0126,394.77921575083144,395.0109323530541,374.65941884346785,380.6574,Model 1,train
Ghana,GHA,Sub-Saharan Africa ,1996,1997,377.8419,415.8478,413.5486066351812,413.7884203259904,385.1625411913361,344.68463,Model 1,train
Ghana,GHA,Sub-Saharan Africa ,1997,1998,400.3668,404.1494,401.99917234543506,402.2299765189144,378.88393950370033,345.25806,Model 1,train
Ghana,GHA,Sub-Saharan Africa ,1998,1999,403.0373,428.0131,425.76593078573006,426.0075585235544,392.807958363235,359.76544,Model 1,train
Ghana,GHA,Sub-Saharan Africa ,1999,2000,253.7469,431.1178,428.92693843055105,429.1673686266356,358.82300530047587,434.43906,Model 1,train
Ghana,GHA,Sub-Saharan Africa ,2000,2001,263.5422,274.2088,273.06260650300027,273.21526896312076,275.4903466317991,275.3723,Model 1,train
Ghana,GHA,Sub-Saharan Africa ,2001,2002,297.4616,284.7434,283.57744465955983,283.734482205886,293.7211826656169,281.20657,Model 1,train
Ghana,GHA,Sub-Saharan Africa ,2002,2003,358.3993,320.8187,319.4990557454586,319.673567623528,336.69549132928717,320.76355,Model 1,train
Ghana,GHA,Sub-Saharan Africa ,2003,2004,406.1321,385.3346,383.7028426090922,383.9092236457933,388.2845720712196,378.1209,Model 1,train
Ghana,GHA,Sub-Saharan Africa ,2004,2005,478.6119,435.8373,433.9803715950795,434.2104787932811,445.3260073057792,439.54666,Model 1,train
Ghana,GHA,Sub-Saharan Africa ,2005,2006,906.441,512.2698,510.0494650800289,510.3154019525716,660.2683711392469,522.9557,Model 1,train
Ghana,GHA,Sub-Saharan Africa ,2006,2007,1050.1246,958.294,953.3644827262236,953.8476083818076,1030.683859310392,929.64575,Model 1,train
Ghana,GHA,Sub-Saharan Africa ,2007,2008,1182.6576,1107.6307,1101.8703446426528,1102.419708598668,1159.5728277520486,1053.3713,Model 1,train
Ghana,GHA,Sub-Saharan Africa ,2008,2009,1047.7043,1245.228,1238.728520253492,1239.33676827367,1145.7875683995635,1190.5543,Model 1,train
Ghana,GHA,Sub-Saharan Africa ,2009,2010,1263.8925,1106.7816,1101.4428078618591,1101.97604703533,1187.351180357697,1051.0398,Model 1,train
Ghana,GHA,Sub-Saharan Africa ,2010,2011,1507.4357,1331.172,1324.649368533672,1325.275983741042,1390.5472398579077,1265.557,Model 1,train
Ghana,GHA,Sub-Saharan Africa ,2011,2012,1543.7752,1583.1186,1575.2171293500014,1575.9476852491632,1590.5019370419636,1572.1194,Model 1,train
Ghana,GHA,Sub-Saharan Africa ,2012,2013,2294.7958,1621.9202,1614.12955971819,1614.8626303436072,1817.14436740973,1592.8718,Model 1,train
Ghana,GHA,Sub-Saharan Africa ,2013,2014,1949.9083,2393.6653,2381.25344178072,2382.3001322734417,2233.5234296835474,2380.4673,Model 1,train
Ghana,GHA,Sub-Saharan Africa ,2014,2015,1722.7728,2042.8179,2033.2892047218345,2034.1632458494803,1904.5527180786128,2057.1306,Model 1,train
Ghana,GHA,Sub-Saharan Africa ,2015,2016,1912.4799,1810.901,1803.174588351815,1803.9371999251496,1853.4598034897217,1749.1714,Model 1,train
Ghana,GHA,Sub-Saharan Africa ,2016,2017,2012.2866,2007.6289,1999.1469150706423,1999.973115442099,1985.3326219803737,2016.717,Model 1,train
Ghana,GHA,Sub-Saharan Africa ,2017,2018,2195.3217,2111.7007,2102.990183987789,2103.8429567530984,2133.94958805799,2135.312,Model 1,train
Guinea,GIN,Sub-Saharan Africa ,2005,2006,446.9806,490.5208,487.2481229807587,487.5194814279009,464.04933750655664,478.04935,Model 1,train
Guinea,GIN,Sub-Saharan Africa ,2006,2007,650.1486,474.2209,471.2162676311062,471.4729482161329,534.0781880219713,485.58704,Model 1,train
Guinea,GIN,Sub-Saharan Africa ,2007,2008,703.5328,685.0566,680.458646537965,680.8204882472207,676.5670409173524,659.0381,Model 1,train
Guinea,GIN,Sub-Saharan Africa ,2008,2009,662.1859,740.9265,736.0745222669578,736.455993093445,716.123096126555,713.04755,Model 1,train
Guinea,GIN,Sub-Saharan Africa ,2009,2010,659.2353,698.8164,694.4498663335839,694.8044719646975,664.5181674072479,664.7193,Model 1,train
Guinea,GIN,Sub-Saharan Africa ,2010,2011,636.695,696.3818,692.1920863912553,692.5391156874796,685.0762258205887,664.7735,Model 1,train
Guinea,GIN,Sub-Saharan Africa ,2011,2012,699.3534,673.5944,669.7155668214133,670.0461206140626,685.5146982804789,634.66504,Model 1,train
Guinea,GIN,Sub-Saharan Africa ,2012,2013,748.455,739.0408,734.8224550447812,735.1785693931672,736.7750603233163,702.3239,Model 1,train
Guinea,GIN,Sub-Saharan Africa ,2013,2014,765.147,790.4553,786.0174371336834,786.3914582369206,760.8937189288953,787.70764,Model 1,train
Guinea,GIN,Sub-Saharan Africa ,2014,2015,747.357,807.9258,803.4028096305043,803.784800649297,748.1560775923584,798.40063,Model 1,train
Guinea,GIN,Sub-Saharan Africa ,2015,2016,711.9965,790.1023,785.8528110692995,786.2211353745945,752.8790277288845,785.0337,Model 1,train
Guinea,GIN,Sub-Saharan Africa ,2016,2017,833.5986,754.5238,750.8006929079153,751.1404502556265,773.4828957832773,731.50476,Model 1,train
Guinea,GIN,Sub-Saharan Africa ,2017,2018,933.2736,880.9805,876.5202591172972,876.9121629481791,870.3342312982277,851.04114,Model 1,train
"Gambia, The",GMB,Sub-Saharan Africa ,1995,1996,651.7849,656.3218,653.2731763835608,653.4170587056537,625.2527732943589,627.49445,Model 1,train
"Gambia, The",GMB,Sub-Saharan Africa ,1996,1997,600.224,688.3368,685.3228016997689,685.4631512362125,631.1203714605637,667.0429,Model 1,train
"Gambia, The",GMB,Sub-Saharan Africa ,1997,1998,610.2347,635.5109,632.9495200429942,633.0742919584533,602.9592792427508,610.4285,Model 1,train
"Gambia, The",GMB,Sub-Saharan Africa ,1998,1999,575.4599,647.0938,644.7891812715022,644.901277158069,610.9536790539046,622.021,Model 1,train
"Gambia, The",GMB,Sub-Saharan Africa ,1999,2000,538.0541,611.6106,609.6576404824654,609.7569299836933,586.3745292593951,599.68945,Model 1,train
"Gambia, The",GMB,Sub-Saharan Africa ,2000,2001,459.8031,573.2239,571.602687073547,571.6900429139922,516.4864054183704,566.37683,Model 1,train
"Gambia, The",GMB,Sub-Saharan Africa ,2001,2002,376.531,491.8799,490.7218593766877,490.7932472947553,440.7504055112345,470.40567,Model 1,train
"Gambia, The",GMB,Sub-Saharan Africa ,2002,2003,308.7191,404.8837,404.1687603544739,404.223767013162,366.8695135309085,386.47495,Model 1,train
"Gambia, The",GMB,Sub-Saharan Africa ,2003,2004,593.2853,333.7031,333.3174866599476,333.3593215658097,405.29365293505697,340.71768,Model 1,train
"Gambia, The",GMB,Sub-Saharan Africa ,2004,2005,616.4837,633.5388,632.3578794059581,632.4237784751778,616.1601872061327,625.839,Model 1,train
"Gambia, The",GMB,Sub-Saharan Africa ,2005,2006,614.5443,658.3423,657.2133364794724,657.2762000395447,642.1960326756486,630.99084,Model 1,train
"Gambia, The",GMB,Sub-Saharan Africa ,2006,2007,724.7264,657.1752,656.276367193956,656.3293205843374,657.0967129984812,633.3499,Model 1,train
"Gambia, The",GMB,Sub-Saharan Africa ,2007,2008,859.1277,772.9737,771.8620045168481,771.917500870119,744.8594227139702,733.7664,Model 1,train
"Gambia, The",GMB,Sub-Saharan Africa ,2008,2009,774.888,914.1357,912.834798315331,912.8878759357248,845.9430449113842,875.33417,Model 1,train
"Gambia, The",GMB,Sub-Saharan Africa ,2009,2010,801.0334,826.7402,825.8146947898915,825.8600175441309,806.7901104722898,819.85376,Model 1,train
"Gambia, The",GMB,Sub-Saharan Africa ,2010,2011,710.6084,854.9126,854.130094519428,854.1677316135316,783.5306772182831,839.3537,Model 1,train
"Gambia, The",GMB,Sub-Saharan Africa ,2011,2012,692.5794,760.9675,760.5903172966035,760.6179374429931,736.7160029966257,742.01843,Model 1,train
"Gambia, The",GMB,Sub-Saharan Africa ,2012,2013,653.8627,742.6302,742.4354784903541,742.4573982678522,726.5009240595555,723.1673,Model 1,train
"Gambia, The",GMB,Sub-Saharan Africa ,2013,2014,568.0045,702.5134,702.5349564146494,702.5508288379731,616.3944937056226,668.1319,Model 1,train
"Gambia, The",GMB,Sub-Saharan Africa ,2014,2015,619.5364,612.4887,612.7564560858808,612.7671388608236,608.3579312673442,604.54535,Model 1,train
"Gambia, The",GMB,Sub-Saharan Africa ,2015,2016,650.0565,667.4791,667.835384858739,667.8400927323158,644.4433518730877,644.94855,Model 1,train
"Gambia, The",GMB,Sub-Saharan Africa ,2016,2017,642.5226,700.3483,700.843217681296,700.8405541190015,671.8920157650097,673.35767,Model 1,train
"Gambia, The",GMB,Sub-Saharan Africa ,2017,2018,696.2198,692.9126,693.544582082017,693.5370552277531,698.7190323424722,657.696,Model 1,train
Guinea-Bissau,GNB,Sub-Saharan Africa ,1997,1998,497.7243,623.3108,617.8741763104425,618.1397880040945,573.2141347029603,603.0686,Model 1,train
Guinea-Bissau,GNB,Sub-Saharan Africa ,1998,1999,478.7332,520.0359,515.6701500250375,515.8928580161738,485.0142453244135,501.3353,Model 1,train
Guinea-Bissau,GNB,Sub-Saharan Africa ,1999,2000,316.9455,501.0283,496.965466956709,497.17537575392794,424.4574020143973,485.9377,Model 1,train
Guinea-Bissau,GNB,Sub-Saharan Africa ,2000,2001,327.1384,336.2106,334.16519377029937,334.2843108758185,345.5765653677726,334.63718,Model 1,train
Guinea-Bissau,GNB,Sub-Saharan Africa ,2001,2002,362.0346,347.1993,345.1753813778919,345.2935345402083,357.8647173905587,334.86017,Model 1,train
Guinea-Bissau,GNB,Sub-Saharan Africa ,2002,2003,419.7849,383.9412,381.7751816942253,381.8993252202378,398.85136273662505,378.73083,Model 1,train
Guinea-Bissau,GNB,Sub-Saharan Africa ,2003,2004,431.3766,444.4447,441.9952194280626,442.13081880511527,447.0247155089203,433.71585,Model 1,train
Guinea-Bissau,GNB,Sub-Saharan Africa ,2004,2005,463.074,457.1287,454.7664769260088,454.8976890154607,456.3290160844576,457.81375,Model 1,train
Guinea-Bissau,GNB,Sub-Saharan Africa ,2005,2006,448.5131,490.1639,487.6109532714751,487.7506144415797,452.85690320727906,479.08582,Model 1,train
Guinea-Bissau,GNB,Sub-Saharan Africa ,2006,2007,519.0698,476.3662,474.2628358248965,474.38151824024305,482.8354202756713,484.43298,Model 1,train
Guinea-Bissau,GNB,Sub-Saharan Africa ,2007,2008,640.2103,550.6786,548.3948002196151,548.5182093110222,577.8937162981332,533.2319,Model 1,train
Guinea-Bissau,GNB,Sub-Saharan Africa ,2008,2009,583.19,676.9588,674.1033679771682,674.2460679801273,614.1547310124718,626.1142,Model 1,train
Guinea-Bissau,GNB,Sub-Saharan Africa ,2009,2010,600.1943,619.3257,617.2034941285639,617.3155244402358,620.0758755346413,623.8933,Model 1,train
Guinea-Bissau,GNB,Sub-Saharan Africa ,2010,2011,719.5396,638.072,636.1397574271622,636.2419055653294,659.8543690486075,622.28595,Model 1,train
Guinea-Bissau,GNB,Sub-Saharan Africa ,2011,2012,635.4617,763.3081,761.0970781496862,761.2031633504257,710.5563525247462,727.78864,Model 1,train
Guinea-Bissau,GNB,Sub-Saharan Africa ,2012,2013,654.3045,676.8095,675.2377746951596,675.3212648031355,654.3239280497802,643.44464,Model 1,train
Guinea-Bissau,GNB,Sub-Saharan Africa ,2013,2014,652.0225,697.4652,696.0782717433976,696.1521593389244,641.4693985156113,666.19165,Model 1,train
Guinea-Bissau,GNB,Sub-Saharan Africa ,2014,2015,645.0668,696.0652,694.9440671197879,695.0061814306622,653.1087591325681,669.84906,Model 1,train
Guinea-Bissau,GNB,Sub-Saharan Africa ,2015,2016,679.6654,689.7624,688.9196323202755,688.9696939554386,650.1605758801356,637.79193,Model 1,train
Guinea-Bissau,GNB,Sub-Saharan Africa ,2016,2017,783.1232,726.92,726.2194951388025,726.260769113644,736.3516667202556,720.3706,Model 1,train
Guinea-Bissau,GNB,Sub-Saharan Africa ,2017,2018,808.5316,836.1825,835.4645054028881,835.4983958027153,788.6607396946101,816.4706,Model 1,train
Equatorial Guinea,GNQ,Sub-Saharan Africa ,1997,1998,577.8685,752.1178,748.1713662835205,748.295139080151,695.2456566363944,781.10785,Model 1,train
Equatorial Guinea,GNQ,Sub-Saharan Africa ,1998,1999,930.9125,609.2068,606.3023338180888,606.4020328733828,730.7490537772013,645.226,Model 1,train
Equatorial Guinea,GNQ,Sub-Saharan Africa ,1999,2000,1487.3166,972.6153,967.4334890701072,967.5817160521824,1086.1160540402234,1008.3191,Model 1,train
Equatorial Guinea,GNQ,Sub-Saharan Africa ,2000,2001,1948.6115,1540.4146,1531.3797778990554,1531.5986986503829,1796.1972059717775,1665.7102,Model 1,train
Equatorial Guinea,GNQ,Sub-Saharan Africa ,2001,2002,2264.2107,2008.9213,1996.7074328764077,1996.9779387839328,2230.002969097879,2170.7986,Model 1,train
Equatorial Guinea,GNQ,Sub-Saharan Africa ,2002,2003,2930.6018,2329.6915,2315.575312889175,2315.8686496698065,2596.7659795624927,2594.3545,Model 1,train
Equatorial Guinea,GNQ,Sub-Saharan Africa ,2003,2004,4901.3013,3002.5466,2983.851251397396,2984.2018616316295,3869.7715832916706,3554.6267,Model 1,train
Equatorial Guinea,GNQ,Sub-Saharan Africa ,2004,2005,8673.9026,4974.6541,4941.017093253018,4941.528841042544,6473.87884162057,5717.8115,Model 1,train
Equatorial Guinea,GNQ,Sub-Saharan Africa ,2005,2006,10184.8841,8710.1569,8645.586461759876,8646.361582336649,5959.231243879206,9536.736,Model 1,train
Equatorial Guinea,GNQ,Sub-Saharan Africa ,2006,2007,12616.9533,10207.6774,10132.911608818758,10133.666231163008,5974.815422831923,9401.437,Model 1,train
Equatorial Guinea,GNQ,Sub-Saharan Africa ,2007,2008,18210.5553,12604.2417,12511.24451561692,12512.018400397108,13063.693609982336,11321.97,Model 1,train
Equatorial Guinea,GNQ,Sub-Saharan Africa ,2008,2009,13232.5019,18077.5299,17939.122008218008,17939.961641544793,14882.886923590364,12398.173,Model 1,train
Equatorial Guinea,GNQ,Sub-Saharan Africa ,2009,2010,13720.1659,13237.2863,13146.236649663591,13146.76834710002,14617.096980987935,13191.155,Model 1,train
Equatorial Guinea,GNQ,Sub-Saharan Africa ,2010,2011,17198.2137,13729.3981,13637.67350778202,13638.10115419583,15384.483443358977,14446.673,Model 1,train
Equatorial Guinea,GNQ,Sub-Saharan Africa ,2011,2012,17308.5724,17149.1126,17033.10610935001,17033.430307171413,16218.763870671362,17540.36,Model 1,train
Equatorial Guinea,GNQ,Sub-Saharan Africa ,2012,2013,16304.0713,17275.7011,17163.302350633796,17163.45678676703,16066.484313842726,17624.97,Model 1,train
Equatorial Guinea,GNQ,Sub-Saharan Africa ,2013,2014,15548.6625,16311.2351,16211.139274493964,16211.12691791513,15529.97600268783,15819.637,Model 1,train
Equatorial Guinea,GNQ,Sub-Saharan Africa ,2014,2015,9068.91,15586.5292,15495.946698278009,15495.800667663309,12752.752237744931,14550.971,Model 1,train
Equatorial Guinea,GNQ,Sub-Saharan Africa ,2015,2016,7453.198,9200.7431,9157.160955024638,9157.05527107214,8228.727294379823,8698.963,Model 1,train
Equatorial Guinea,GNQ,Sub-Saharan Africa ,2016,2017,7809.1047,7599.8745,7568.162612281955,7568.018489629892,7543.371833635789,7303.4834,Model 1,train
Equatorial Guinea,GNQ,Sub-Saharan Africa ,2017,2018,8102.4708,7962.468,7930.457227060129,7930.236689521854,8038.746926043407,7509.6094,Model 1,train
Greece,GRC,Europe & Central Asia,1991,1992,11021.0122,10555.2354,10595.344877163345,10592.509372111856,11131.923102813518,10599.451,Model 1,train
Greece,GRC,Europe & Central Asia,1992,1993,10257.3086,11563.7183,11607.79650377914,11604.5914288045,11070.826558550109,11180.592,Model 1,train
Greece,GRC,Europe & Central Asia,1993,1994,10937.0224,10778.3774,10820.661421275125,10817.690235445927,10712.701237874082,10711.607,Model 1,train
Greece,GRC,Europe & Central Asia,1994,1995,12779.0815,11484.3604,11530.12594107156,11526.859442065175,11490.438766408432,11194.302,Model 1,train
Greece,GRC,Europe & Central Asia,1995,1996,13432.5262,13373.938,13423.356990424894,13419.567415863934,13391.218114551715,12908.127,Model 1,train
Greece,GRC,Europe & Central Asia,1996,1997,13015.9175,14046.7373,14098.411749004314,14094.384191591487,13822.42975043158,14164.345,Model 1,train
Greece,GRC,Europe & Central Asia,1997,1998,13022.9649,13634.7677,13689.733116002508,13685.618540261828,13412.982141093302,13876.095,Model 1,train
Greece,GRC,Europe & Central Asia,1998,1999,12742.5404,13631.9835,13684.049299769797,13680.094238463167,13362.801395061697,13865.023,Model 1,train
Greece,GRC,Europe & Central Asia,1999,2000,11638.2011,13349.1658,13401.905652041609,13397.973067620043,12741.377366160012,12882.744,Model 1,train
Greece,GRC,Europe & Central Asia,2000,2001,12156.9573,12211.9083,12261.010492941792,12257.477114065005,12582.271625272717,12209.916,Model 1,train
Greece,GRC,Europe & Central Asia,2001,2002,13782.1956,12760.2576,12814.964597420076,12811.048545163016,13372.50392017177,13603.179,Model 1,train
Greece,GRC,Europe & Central Asia,2002,2003,18020.612,14437.7696,14499.23210849284,14494.659372788132,16099.081122352583,14948.935,Model 1,train
Greece,GRC,Europe & Central Asia,2003,2004,21449.2553,18783.2346,18857.7158661396,18851.5861800962,20240.196688010023,19244.338,Model 1,train
Greece,GRC,Europe & Central Asia,2004,2005,22054.1316,22287.8117,22372.97221241211,22365.508955851677,21877.958922032816,21934.797,Model 1,train
Greece,GRC,Europe & Central Asia,2005,2006,24416.0233,22914.3154,23003.90870156,22996.07553919078,22591.59719828225,22617.77,Model 1,train
Greece,GRC,Europe & Central Asia,2006,2007,28440.7625,25327.6156,25425.924704373196,25417.070186145163,26771.565383677953,25075.852,Model 1,train
Greece,GRC,Europe & Central Asia,2007,2008,31695.8331,29410.2196,29517.156725748955,29506.840593627272,30707.169284654396,29086.361,Model 1,train
Greece,GRC,Europe & Central Asia,2008,2009,29425.4573,32743.1517,32867.673036989625,32855.57626535381,31492.53119968771,31422.514,Model 1,train
Greece,GRC,Europe & Central Asia,2009,2010,26653.0488,30462.5191,30587.04555277399,30575.55588308545,29120.515555002577,29751.572,Model 1,train
Greece,GRC,Europe & Central Asia,2010,2011,25504.7867,27661.9444,27783.111100455902,27772.51319234894,26921.330040340683,26943.621,Model 1,train
Greece,GRC,Europe & Central Asia,2011,2012,21624.3461,26516.4467,26640.750047383222,26630.267876862497,24406.4870063538,25089.678,Model 1,train
Greece,GRC,Europe & Central Asia,2012,2013,21573.345,22553.2329,22663.521612429708,22654.70347421246,21617.19464961086,22530.086,Model 1,train
Greece,GRC,Europe & Central Asia,2013,2014,21474.7257,22537.1481,22657.719214320336,22648.350609157107,21041.850003635547,22273.357,Model 1,train
Greece,GRC,Europe & Central Asia,2014,2015,17980.7298,22441.9462,22563.906359753357,22554.47181919315,20580.222936891616,22273.357,Model 1,train
Greece,GRC,Europe & Central Asia,2015,2016,17919.2426,18843.3872,18946.764662138532,18939.093724615344,18892.869651236484,19463.795,Model 1,train
Greece,GRC,Europe & Central Asia,2016,2017,18631.993,18796.4848,18904.33816401888,18896.435340289816,18910.680195110916,19467.043,Model 1,train
Greece,GRC,Europe & Central Asia,2017,2018,19873.4015,19523.7851,19633.31232769157,19625.159644467534,19838.193691752967,19633.033,Model 1,train
Guatemala,GTM,Latin America & Caribbean ,1995,1996,1481.0599,1503.9475,1500.483630954275,1500.834485781122,1461.338837729735,1494.557,Model 1,train
Guatemala,GTM,Latin America & Caribbean ,1996,1997,1638.4628,1569.4047,1566.5728425011412,1566.896318535847,1557.76740311473,1608.0809,Model 1,train
Guatemala,GTM,Latin America & Caribbean ,1997,1998,1741.2011,1735.5254,1732.897367083011,1733.2170114667738,1589.3008005510458,1569.4971,Model 1,train
Guatemala,GTM,Latin America & Caribbean ,1998,1999,1603.6478,1845.208,1843.0803202355469,1843.3797824081248,1695.7732128128478,1727.6738,Model 1,train
Guatemala,GTM,Latin America & Caribbean ,1999,2000,1648.9658,1705.0045,1703.9769619108754,1704.2222782463057,1655.7264292062498,1600.8663,Model 1,train
Guatemala,GTM,Latin America & Caribbean ,2000,2001,1537.6866,1754.1167,1753.4877333396455,1753.7174773975269,1630.8596345356657,1658.041,Model 1,train
Guatemala,GTM,Latin America & Caribbean ,2001,2002,1669.3352,1639.363,1639.2805839330333,1639.4835165508148,1646.9857459397326,1601.6298,Model 1,train
Guatemala,GTM,Latin America & Caribbean ,2002,2003,1722.547,1778.3804,1778.4909655677648,1778.6911629186336,1727.2813592597736,1668.4337,Model 1,train
Guatemala,GTM,Latin America & Caribbean ,2003,2004,1840.9118,1835.4698,1835.9010145364216,1836.08992641517,1859.6801555284835,1737.1837,Model 1,train
Guatemala,GTM,Latin America & Caribbean ,2004,2005,2046.4661,1959.0446,1959.2970593441207,1959.501769505023,1913.44528995566,1876.9584,Model 1,train
Guatemala,GTM,Latin America & Caribbean ,2005,2006,2225.1235,2172.572,2172.3116531216547,2172.5501081080865,2180.6340382238277,2118.0938,Model 1,train
Guatemala,GTM,Latin America & Caribbean ,2006,2007,2458.8157,2361.6859,2362.0289288771037,2362.2420912723164,2348.390086033132,2304.786,Model 1,train
Guatemala,GTM,Latin America & Caribbean ,2007,2008,2763.0599,2607.5197,2608.3205827426827,2608.515134749407,2739.100504465174,2607.2434,Model 1,train
Guatemala,GTM,Latin America & Caribbean ,2008,2009,2611.6463,2924.4394,2925.107106765535,2925.311508558233,2784.545466330699,2746.5774,Model 1,train
Guatemala,GTM,Latin America & Caribbean ,2009,2010,2805.2596,2768.5282,2769.680803547511,2769.86738112305,2847.2895655039415,2597.1953,Model 1,train
Guatemala,GTM,Latin America & Caribbean ,2010,2011,3168.9837,2970.8265,2972.074297685377,2972.26004054799,2907.273571327901,2825.2456,Model 1,train
Guatemala,GTM,Latin America & Caribbean ,2011,2012,3286.6196,3351.0795,3352.7508882951483,3352.915193973015,3241.801396021819,3238.173,Model 1,train
Guatemala,GTM,Latin America & Caribbean ,2012,2013,3444.158,3476.1596,3478.5540705815115,3478.6852163224503,3278.997889997871,3388.6606,Model 1,train
Guatemala,GTM,Latin America & Caribbean ,2013,2014,3689.1451,3640.5522,3643.085228901475,3643.2125398334633,3566.58929282123,3538.4834,Model 1,train
Guatemala,GTM,Latin America & Caribbean ,2014,2015,3893.5053,3894.4993,3896.8595990221897,3896.9964856775855,3981.4335422983504,3883.9072,Model 1,train
Guatemala,GTM,Latin America & Caribbean ,2015,2016,4060.1378,4105.2955,4107.259795200986,4107.418366630795,4080.448654312016,3930.8625,Model 1,train
Guatemala,GTM,Latin America & Caribbean ,2016,2017,4324.9977,4280.3118,4282.84969302016,4282.980696215043,4079.3042559527353,3982.6716,Model 1,train
Guatemala,GTM,Latin America & Caribbean ,2017,2018,4352.9459,4557.5751,4560.8585134980995,4560.949140893598,4500.274237415194,4375.0938,Model 1,train
Guyana,GUY,Latin America & Caribbean ,1996,1997,982.8048,992.1036,993.1985459463403,993.0299995076864,976.6804224074306,975.8928,Model 1,train
Guyana,GUY,Latin America & Caribbean ,1997,1998,939.6855,1050.4622,1051.6571031582778,1051.471326619776,1001.93102683297,1033.9874,Model 1,train
Guyana,GUY,Latin America & Caribbean ,1998,1999,908.7906,1006.6462,1008.2385630172204,1008.0415050778304,974.7027976447356,1010.30676,Model 1,train
Guyana,GUY,Latin America & Caribbean ,1999,2000,931.7967,975.0314,976.8523897126169,976.650087057846,969.1195230025515,967.51514,Model 1,train
Guyana,GUY,Latin America & Caribbean ,2000,2001,931.5747,999.9389,1001.9733101137886,1001.7547937025768,975.397122035133,976.6763,Model 1,train
Guyana,GUY,Latin America & Caribbean ,2001,2002,950.8669,1000.45,1002.6950188173288,1002.4653765522625,983.4970699657804,1017.2678,Model 1,train
Guyana,GUY,Latin America & Caribbean ,2002,2003,973.7426,1020.2505,1022.37093815597,1022.1435444826072,989.1386278028388,1019.6436,Model 1,train
Guyana,GUY,Latin America & Caribbean ,2003,2004,1033.3103,1044.1188,1046.20335772091,1045.9727202610954,1026.819187570814,1039.0232,Model 1,train
Guyana,GUY,Latin America & Caribbean ,2004,2005,1084.0654,1106.9051,1109.085614459917,1108.8363886738362,1125.7823952967574,1103.7058,Model 1,train
Guyana,GUY,Latin America & Caribbean ,2005,2006,3135.6055,1160.6397,1162.982054479122,1162.7123402838515,1621.2479700796996,1238.094,Model 1,train
Guyana,GUY,Latin America & Caribbean ,2006,2007,3608.2869,3288.3455,3290.4886717803784,3289.6321766836336,3485.0826577235134,3293.8818,Model 1,train
Guyana,GUY,Latin America & Caribbean ,2007,2008,4008.9629,3778.8278,3782.048804875869,3780.974023158094,3980.693093773412,3923.234,Model 1,train
Guyana,GUY,Latin America & Caribbean ,2008,2009,4209.1323,4192.0405,4195.672891754125,4194.434872847317,4087.162236169877,4133.8853,Model 1,train
Guyana,GUY,Latin America & Caribbean ,2009,2010,4581.7618,4400.2876,4404.708644703479,4403.355616120901,4445.601242201931,4539.5874,Model 1,train
Guyana,GUY,Latin America & Caribbean ,2010,2011,4947.2217,4783.563,4788.318941087133,4786.81085598755,4891.138013967307,4752.966,Model 1,train
Guyana,GUY,Latin America & Caribbean ,2011,2012,5444.3975,5160.3548,5165.820404843715,5164.136666575383,5695.177130018277,5409.9956,Model 1,train
Guyana,GUY,Latin America & Caribbean ,2012,2013,5556.9123,5667.4342,5672.476144890022,5670.626709954454,5729.458474704586,5939.5366,Model 1,train
Guyana,GUY,Latin America & Caribbean ,2013,2014,5472.6882,5785.8475,5791.824627618591,5789.884811387914,5889.931932623302,5928.5293,Model 1,train
Guyana,GUY,Latin America & Caribbean ,2014,2015,5640.4156,5708.5664,5716.992859855163,5714.957459293162,5860.52633959567,5922.675,Model 1,train
Guyana,GUY,Latin America & Caribbean ,2015,2016,5870.8782,5885.3414,5895.2493870421,5893.073759904179,5990.129699174533,6051.8794,Model 1,train
Guyana,GUY,Latin America & Caribbean ,2016,2017,6178.665,6125.9395,6137.279032484469,6134.94141048691,6110.693377598219,6291.819,Model 1,train
Guyana,GUY,Latin America & Caribbean ,2017,2018,6048.387,6447.7171,6461.165054175755,6458.598433675756,6114.844062322564,6404.934,Model 1,train
"Hong Kong SAR, China",HKG,East Asia & Pacific,1991,1992,17976.4689,16149.7726,16220.576930765705,16214.12375566093,16484.397585851344,15973.024,Model 1,train
"Hong Kong SAR, China",HKG,East Asia & Pacific,1992,1993,20395.5622,18704.085,18778.86004608326,18771.518151922755,19692.72300769756,19715.57,Model 1,train
"Hong Kong SAR, China",HKG,East Asia & Pacific,1993,1994,22502.5302,21183.2559,21268.192827251853,21259.650602436617,21490.26019039412,21683.219,Model 1,train
"Hong Kong SAR, China",HKG,East Asia & Pacific,1994,1995,23497.3921,23353.6345,23451.38004345319,23441.584665194245,23607.78717133291,24024.15,Model 1,train
"Hong Kong SAR, China",HKG,East Asia & Pacific,1995,1996,24818.3022,24371.7185,24473.67576115916,24463.40623591979,24455.536267531363,25310.707,Model 1,train
"Hong Kong SAR, China",HKG,East Asia & Pacific,1996,1997,27330.0934,25770.5779,25891.404654440757,25879.845008121476,26620.79283482152,25612.334,Model 1,train
"Hong Kong SAR, China",HKG,East Asia & Pacific,1997,1998,25808.861,28355.7291,28493.44386992328,28480.240811441632,27263.521869317636,28650.28,Model 1,train
"Hong Kong SAR, China",HKG,East Asia & Pacific,1998,1999,25091.6666,26808.1996,26940.44583013276,26928.02271117975,26230.50799589515,27287.494,Model 1,train
"Hong Kong SAR, China",HKG,East Asia & Pacific,1999,2000,25756.7729,26094.8233,26229.148443258364,26216.85570730205,25499.66162987701,26292.654,Model 1,train
"Hong Kong SAR, China",HKG,East Asia & Pacific,2000,2001,25230.3781,26804.4383,26950.191633526167,26937.11326522401,25984.803628854486,27916.781,Model 1,train
"Hong Kong SAR, China",HKG,East Asia & Pacific,2001,2002,24665.8362,26302.4461,26455.932227675818,26442.61841065223,24846.015674826707,26238.824,Model 1,train
"Hong Kong SAR, China",HKG,East Asia & Pacific,2002,2003,23977.1734,25727.7466,25879.23679654142,25866.208764536463,24615.938442502553,26178.938,Model 1,train
"Hong Kong SAR, China",HKG,East Asia & Pacific,2003,2004,24928.1004,25017.4247,25164.05635030159,25151.48523400849,24553.07483391023,25848.91,Model 1,train
"Hong Kong SAR, China",HKG,East Asia & Pacific,2004,2005,26649.6377,26017.4152,26176.17123105868,26162.693075055417,26051.112455136594,26742.486,Model 1,train
"Hong Kong SAR, China",HKG,East Asia & Pacific,2005,2006,28224.0952,27762.995,27925.670686511807,27911.481038525395,28008.127214695513,28528.459,Model 1,train
"Hong Kong SAR, China",HKG,East Asia & Pacific,2006,2007,30593.9512,29423.8927,29609.033047940567,29593.183679442456,30340.124770447736,31156.254,Model 1,train
"Hong Kong SAR, China",HKG,East Asia & Pacific,2007,2008,31515.5292,31839.8918,32035.39738204245,32018.288092672163,31488.29864697189,33184.8,Model 1,train
"Hong Kong SAR, China",HKG,East Asia & Pacific,2008,2009,30697.5384,32776.5987,32975.45924265373,32957.90152477985,31405.624547343003,33242.258,Model 1,train
"Hong Kong SAR, China",HKG,East Asia & Pacific,2009,2010,32550.1365,31976.8722,32181.667387644626,32164.055402104274,31807.9776825258,33211.934,Model 1,train
"Hong Kong SAR, China",HKG,East Asia & Pacific,2010,2011,35142.4879,33880.5708,34098.31660072876,34079.45470947597,33901.326666062836,36581.695,Model 1,train
"Hong Kong SAR, China",HKG,East Asia & Pacific,2011,2012,36730.7962,36561.4558,36803.0570715384,36782.11457511551,36580.5709423072,37483.58,Model 1,train
"Hong Kong SAR, China",HKG,East Asia & Pacific,2012,2013,38403.7777,38182.11,38432.18614503431,38410.31751567132,38591.210666916726,39396.992,Model 1,train
"Hong Kong SAR, China",HKG,East Asia & Pacific,2013,2014,40315.374,39921.5051,40190.37690779768,40166.970403243875,39433.04597132893,39606.523,Model 1,train
"Hong Kong SAR, China",HKG,East Asia & Pacific,2014,2015,42432.162,41877.0501,42158.47122255847,42133.78953835641,43190.61980312046,42879.62,Model 1,train
"Hong Kong SAR, China",HKG,East Asia & Pacific,2015,2016,43734.1981,44062.9893,44364.61432577837,44338.179333811175,44356.43069726492,42998.05,Model 1,train
"Hong Kong SAR, China",HKG,East Asia & Pacific,2016,2017,46160.4298,45381.8779,45688.69480039622,45661.57071808565,45638.15463415108,44773.363,Model 1,train
"Hong Kong SAR, China",HKG,East Asia & Pacific,2017,2018,48537.5669,47902.3573,48237.54332146656,48208.10884503109,47479.80688975433,46780.668,Model 1,train
Honduras,HND,Latin America & Caribbean ,1995,1996,812.817,879.2234,880.5961211481866,880.6175944844922,866.1656607078755,865.1713,Model 1,train
Honduras,HND,Latin America & Caribbean ,1996,1997,917.2727,878.6164,880.1644061281136,880.1793170683176,883.9338935883391,864.39935,Model 1,train
Honduras,HND,Latin America & Caribbean ,1997,1998,988.656,989.6978,991.4046094741144,991.4149410102624,986.04427944076,983.94934,Model 1,train
Honduras,HND,Latin America & Caribbean ,1998,1999,999.0044,1051.8461,1049.8331708321305,1050.039095584609,987.3751026253811,1015.52795,Model 1,train
Honduras,HND,Latin America & Caribbean ,1999,2000,1092.564,1077.1186,1079.0971435119827,1079.0992473991284,1074.8080316246237,1053.7009,Model 1,train
Honduras,HND,Latin America & Caribbean ,2000,2001,1132.1649,1176.6301,1178.8215081471903,1178.815642302934,1160.8318288029654,1187.2974,Model 1,train
Honduras,HND,Latin America & Caribbean ,2001,2002,1132.4997,1218.8952,1221.2109401227306,1221.2017682967612,1171.1412558482075,1193.773,Model 1,train
Honduras,HND,Latin America & Caribbean ,2002,2003,1156.0816,1219.859,1222.3198637428306,1222.3064525545467,1179.726804160067,1201.9592,Model 1,train
Honduras,HND,Latin America & Caribbean ,2003,2004,1215.14,1245.167,1247.73278563742,1247.7171382678478,1264.104862045746,1296.6825,Model 1,train
Honduras,HND,Latin America & Caribbean ,2004,2005,1304.7004,1307.9464,1310.653016930471,1310.6331950549145,1323.3153758564547,1297.9049,Model 1,train
Honduras,HND,Latin America & Caribbean ,2005,2006,1425.8478,1402.7488,1405.5911115278527,1405.5671370751954,1440.9001326688992,1421.9714,Model 1,train
Honduras,HND,Latin America & Caribbean ,2006,2007,1577.7379,1530.7691,1533.7820449687592,1533.751457219096,1533.3243950681197,1573.8032,Model 1,train
Honduras,HND,Latin America & Caribbean ,2007,2008,1732.4906,1690.9777,1694.1863640947597,1694.146737256768,1692.2686879435246,1644.204,Model 1,train
Honduras,HND,Latin America & Caribbean ,2008,2009,1781.157,1853.7396,1857.0776040607816,1857.031523282462,1822.122729957466,1764.1189,Model 1,train
Honduras,HND,Latin America & Caribbean ,2009,2010,1893.3272,1905.4316,1908.9408003602273,1908.888657936517,1848.936814893049,1823.84,Model 1,train
Honduras,HND,Latin America & Caribbean ,2010,2011,2073.6612,2022.5589,2025.958833881786,2025.9132717645648,2022.88601545414,1982.3942,Model 1,train
Honduras,HND,Latin America & Caribbean ,2011,2012,2126.0347,2212.8595,2216.723958677813,2216.652342935631,2160.442339201231,2184.801,Model 1,train
Honduras,HND,Latin America & Caribbean ,2012,2013,2081.1284,2269.4152,2273.762345251236,2273.6682092506403,2139.957746499193,2238.3564,Model 1,train
Honduras,HND,Latin America & Caribbean ,2013,2014,2179.8817,2224.0361,2228.7776768029316,2228.669204142918,2190.5969695818594,2245.0598,Model 1,train
Honduras,HND,Latin America & Caribbean ,2014,2015,2271.2027,2328.7965,2333.95657642067,2333.8272712387343,2234.358257828464,2310.2356,Model 1,train
Honduras,HND,Latin America & Caribbean ,2015,2016,2307.3447,2425.9579,2431.597851571023,2431.4446930512227,2340.9879662026106,2441.8271,Model 1,train
Honduras,HND,Latin America & Caribbean ,2016,2017,2413.0077,2465.4432,2471.5450952318847,2471.371164084489,2350.6444427945025,2410.4841,Model 1,train
Honduras,HND,Latin America & Caribbean ,2017,2018,2464.6424,2577.0931,2583.5609620798455,2583.368505196344,2504.699613620964,2636.8462,Model 1,train
Croatia,HRV,Europe & Central Asia,1993,1994,3237.9265,2614.4847,2622.9909428332203,2622.4944200643117,2987.574094464172,2600.7583,Model 1,train
Croatia,HRV,Europe & Central Asia,1994,1995,4929.0577,3441.3114,3451.591995300848,3450.8999684198393,4192.107371779512,3564.7534,Model 1,train
Croatia,HRV,Europe & Central Asia,1995,1996,5299.6411,5197.2821,5210.392306247035,5209.265275754399,5312.179897136387,5347.844,Model 1,train
Croatia,HRV,Europe & Central Asia,1996,1997,5331.0234,5583.6682,5598.284486208905,5597.000020424129,5387.994047012,5650.7554,Model 1,train
Croatia,HRV,Europe & Central Asia,1997,1998,5712.5899,5617.8729,5633.060518135363,5631.737008582574,5586.895132148002,5628.967,Model 1,train
Croatia,HRV,Europe & Central Asia,1998,1999,5269.0339,6008.8294,6023.688776484361,6022.306468553665,5879.472351606793,6157.486,Model 1,train
Croatia,HRV,Europe & Central Asia,1999,2000,4953.6516,5555.9143,5571.631243496391,5570.289080498349,5379.180517542629,5616.671,Model 1,train
Croatia,HRV,Europe & Central Asia,2000,2001,5364.8382,5232.1828,5248.157025827774,5246.856563653294,5274.582140050634,5400.3457,Model 1,train
Croatia,HRV,Europe & Central Asia,2001,2002,6219.5816,5681.1396,5704.683214025328,5702.880926101561,5911.614478211234,5819.5195,Model 1,train
Croatia,HRV,Europe & Central Asia,2002,2003,8190.1114,6569.5825,6596.180943457563,6594.038906958656,7207.181488172157,6681.8545,Model 1,train
Croatia,HRV,Europe & Central Asia,2003,2004,9718.9732,8600.0822,8630.533515935313,8627.736877803534,9146.533875589868,9101.033,Model 1,train
Croatia,HRV,Europe & Central Asia,2004,2005,10443.5278,10192.1654,10231.806989623798,10228.142423120447,10801.415054805782,10945.42,Model 1,train
Croatia,HRV,Europe & Central Asia,2005,2006,11501.21,10928.4724,10967.6503099157,10963.823551645515,11414.358554114611,10892.469,Model 1,train
Croatia,HRV,Europe & Central Asia,2006,2007,13755.8321,12028.8025,12074.957190421455,12070.47708396698,13056.354466796703,12635.786,Model 1,train
Croatia,HRV,Europe & Central Asia,2007,2008,15888.0607,14329.4909,14379.12036765094,14373.82365930889,14843.356761985466,14875.637,Model 1,train
Croatia,HRV,Europe & Central Asia,2008,2009,14474.652,16510.0598,16565.804679991434,16559.553981025707,16255.997203638795,16762.67,Model 1,train
Croatia,HRV,Europe & Central Asia,2009,2010,13729.7655,15079.5553,15135.363353972503,15129.527204219698,14637.77686789022,15313.541,Model 1,train
Croatia,HRV,Europe & Central Asia,2010,2011,14691.5583,14329.8483,14387.141195151504,14381.43894601277,14587.11260575576,14921.188,Model 1,train
Croatia,HRV,Europe & Central Asia,2011,2012,13507.7805,15323.6658,15386.503024198748,15380.219818045174,14694.338596610402,15723.586,Model 1,train
Croatia,HRV,Europe & Central Asia,2012,2013,14134.9475,14126.9033,14190.605107691325,14184.61353610198,14430.3015557542,14676.554,Model 1,train
Croatia,HRV,Europe & Central Asia,2013,2014,14186.7295,14783.6941,14853.489527020962,14846.98209059208,14221.815829660163,14639.873,Model 1,train
Croatia,HRV,Europe & Central Asia,2014,2015,12283.7841,14842.4822,14914.180992472158,14907.54535908095,13656.81348312259,14677.562,Model 1,train
Croatia,HRV,Europe & Central Asia,2015,2016,12820.1654,12875.7913,12937.17613606883,12931.621152186784,13055.244123832445,13297.48,Model 1,train
Croatia,HRV,Europe & Central Asia,2016,2017,13901.7878,13447.6458,13516.993352864709,13510.84702176262,14011.646412068389,13466.409,Model 1,train
Croatia,HRV,Europe & Central Asia,2017,2018,15460.367,14551.4334,14622.960135526651,14616.3595708227,14859.541614756394,14741.882,Model 1,train
Haiti,HTI,Latin America & Caribbean ,1996,1997,425.1111,402.9601,400.9581199089238,401.1457931121446,407.90353380828464,381.46472,Model 1,train
Haiti,HTI,Latin America & Caribbean ,1998,1999,509.5786,496.1765,493.869023727696,494.08413029215,497.0695984348741,472.29724,Model 1,train
Haiti,HTI,Latin America & Caribbean ,1999,2000,820.6,543.0259,540.6145669388035,540.8404959942593,629.6026314708429,537.4889,Model 1,train
Haiti,HTI,Latin America & Caribbean ,2000,2001,748.8212,866.9437,862.7076235255199,863.0514828060427,817.3789830695366,855.502,Model 1,train
Haiti,HTI,Latin America & Caribbean ,2001,2002,720.9696,793.38,789.8229984566756,790.1293417009455,745.185949766473,782.1104,Model 1,train
Haiti,HTI,Latin America & Caribbean ,2002,2003,578.9953,765.2828,762.1136884479263,762.3996837453111,702.3092316633271,730.1645,Model 1,train
Haiti,HTI,Latin America & Caribbean ,2003,2004,683.1853,617.939,615.7469366488884,615.9725734609012,685.0553015697902,608.0754,Model 1,train
Haiti,HTI,Latin America & Caribbean ,2004,2005,775.8457,725.0107,721.7792386073937,722.0682421841963,726.2444644677992,721.0211,Model 1,train
Haiti,HTI,Latin America & Caribbean ,2005,2006,828.8057,824.7877,821.9375721791465,822.2151205980484,811.5826748887172,797.7529,Model 1,train
Haiti,HTI,Latin America & Caribbean ,2006,2007,984.567,880.7762,877.8742458388502,878.1593764909471,889.6592777645576,855.9223,Model 1,train
Haiti,HTI,Latin America & Caribbean ,2007,2008,1094.6606,1043.473,1039.9772551213557,1040.303070429943,1037.677696739647,1001.4684,Model 1,train
Haiti,HTI,Latin America & Caribbean ,2008,2009,1196.8529,1158.1364,1154.1876370598125,1154.543337289111,1190.1347520064064,1142.225,Model 1,train
Haiti,HTI,Latin America & Caribbean ,2009,2010,1209.7273,1265.1786,1261.0159587145693,1261.3882778785232,1277.306398832256,1251.703,Model 1,train
Haiti,HTI,Latin America & Caribbean ,2010,2011,1312.0395,1229.2236,1211.7447467923316,1212.8009018356636,1216.624123982153,1225.9258,Model 1,train
Haiti,HTI,Latin America & Caribbean ,2011,2012,1361.394,1383.894,1378.9928281954772,1379.409521945504,1365.3931422871651,1344.7075,Model 1,train
Haiti,HTI,Latin America & Caribbean ,2012,2013,1457.8322,1437.2497,1432.7231269620709,1433.1239167838503,1451.84873757474,1415.4102,Model 1,train
Haiti,HTI,Latin America & Caribbean ,2013,2014,1460.189,1538.1784,1533.5051365091645,1533.917700285285,1444.8522117493528,1294.2098,Model 1,train
Haiti,HTI,Latin America & Caribbean ,2014,2015,1411.1268,1541.8736,1537.5176756441826,1537.916217253528,1441.9890953418785,1539.16,Model 1,train
Haiti,HTI,Latin America & Caribbean ,2015,2016,1318.4027,1492.0054,1488.101686783626,1488.4780881669103,1368.147697494648,1498.3953,Model 1,train
Haiti,HTI,Latin America & Caribbean ,2016,2017,1395.2395,1396.2254,1392.7925546165495,1393.1441888854383,1355.9567056585536,1351.5873,Model 1,train
Haiti,HTI,Latin America & Caribbean ,2017,2018,1496.3805,1477.673,1474.3915093032165,1474.739598741394,1495.7095783084076,1507.6471,Model 1,train
Hungary,HUN,Europe & Central Asia,1991,1992,3747.3297,3543.9482,3544.742140284648,3544.819107946293,3538.951108602911,3409.4326,Model 1,train
Hungary,HUN,Europe & Central Asia,1992,1993,3886.6661,3939.7384,3939.2469878285,3939.3640254415022,4027.8545922998183,3917.8535,Model 1,train
Hungary,HUN,Europe & Central Asia,1993,1994,4187.0312,4083.0171,4082.234125083842,4082.355283267703,4085.113339168152,3941.0273,Model 1,train
Hungary,HUN,Europe & Central Asia,1994,1995,4509.4174,4395.7963,4395.54884136543,4395.616961699609,4392.653959286156,4213.1562,Model 1,train
Hungary,HUN,Europe & Central Asia,1995,1996,4542.012,4730.7745,4731.000917033243,4731.014989147469,4661.267370342117,4402.2734,Model 1,train
Hungary,HUN,Europe & Central Asia,1996,1997,4606.057,4770.5199,4772.4526672786415,4772.373783326401,4662.296296702195,4420.0684,Model 1,train
Hungary,HUN,Europe & Central Asia,1997,1998,4751.7732,4840.8198,4843.921048616264,4843.77410227813,4706.7105597022155,4802.782,Model 1,train
Hungary,HUN,Europe & Central Asia,1998,1999,4801.9595,4989.0299,4991.5029555919045,4991.3735637597165,5069.1974355520615,4906.232,Model 1,train
Hungary,HUN,Europe & Central Asia,1999,2000,4629.9176,5042.1235,5044.968163718979,5044.812940458835,4983.995082099971,4957.72,Model 1,train
Hungary,HUN,Europe & Central Asia,2000,2001,5280.9489,4871.8973,4876.836947365165,4876.587811295797,5235.593105544757,4877.075,Model 1,train
Hungary,HUN,Europe & Central Asia,2001,2002,6658.0449,5555.5446,5563.8406892565945,5563.347549222909,5922.782070687508,5490.759,Model 1,train
Hungary,HUN,Europe & Central Asia,2002,2003,8410.0925,6972.7339,6981.090832687366,6980.426008127662,7637.687787876477,6814.383,Model 1,train
Hungary,HUN,Europe & Central Asia,2003,2004,10291.2695,8764.4467,8771.45194228941,8770.605011389327,9767.151902631109,8931.807,Model 1,train
Hungary,HUN,Europe & Central Asia,2004,2005,11212.2047,10689.6517,10697.357913591402,10696.164308118246,10995.273568042994,10054.097,Model 1,train
Hungary,HUN,Europe & Central Asia,2005,2006,11478.4892,11625.7986,11632.633681767584,11631.320803216944,11702.488255293654,11414.001,Model 1,train
Hungary,HUN,Europe & Central Asia,2006,2007,13934.6055,11909.2239,11919.45594106308,11917.913920912571,12756.835487794224,11640.898,Model 1,train
Hungary,HUN,Europe & Central Asia,2007,2008,15762.6323,14401.9849,14410.497489765688,14408.571079497122,13584.430963221535,13335.528,Model 1,train
Hungary,HUN,Europe & Central Asia,2008,2009,13051.1832,16272.0445,16284.64906462184,16282.125427704395,14177.353282919445,15635.005,Model 1,train
Hungary,HUN,Europe & Central Asia,2009,2010,13189.8434,13531.9955,13548.417335618024,13546.244659870332,13950.460461345614,13761.836,Model 1,train
Hungary,HUN,Europe & Central Asia,2010,2011,14211.4606,13682.9319,13702.174870475928,13699.823080665548,14491.919451176724,13978.206,Model 1,train
Hungary,HUN,Europe & Central Asia,2011,2012,12950.1594,14743.6332,14769.240561719056,14766.343811915243,13647.806112348764,14382.694,Model 1,train
Hungary,HUN,Europe & Central Asia,2012,2013,13739.462,13467.5998,13494.949712310405,13492.206406590418,13704.470316996503,14268.454,Model 1,train
Hungary,HUN,Europe & Central Asia,2013,2014,14352.5019,14288.6966,14321.372233840972,14318.183610760449,14085.350508647183,14656.79,Model 1,train
Hungary,HUN,Europe & Central Asia,2014,2015,12782.9413,14920.1529,14955.334343274968,14951.88191608638,14219.54837172981,15188.4,Model 1,train
Hungary,HUN,Europe & Central Asia,2015,2016,13215.8605,13313.8932,13346.016693766967,13343.037406918978,13397.83236171464,13411.286,Model 1,train
Hungary,HUN,Europe & Central Asia,2016,2017,14736.1668,13772.085,13809.320112166775,13805.979707766695,14574.534289682912,14176.736,Model 1,train
Hungary,HUN,Europe & Central Asia,2017,2018,16605.0571,15312.9698,15349.216561036794,15345.611086890742,15927.427481049825,15369.034,Model 1,train
Indonesia,IDN,East Asia & Pacific,1994,1995,1011.2261,959.8909,955.5970176816144,956.256955841313,1009.0667515424756,994.4627,Model 1,train
Indonesia,IDN,East Asia & Pacific,1995,1996,1118.9213,1076.7363,1071.8610006181002,1072.5943974765669,1047.730039794834,1093.1399,Model 1,train
Indonesia,IDN,East Asia & Pacific,1996,1997,1044.6067,1189.4892,1184.0517383665483,1184.855362841358,1145.0706553053546,1191.1903,Model 1,train
Indonesia,IDN,East Asia & Pacific,1997,1998,454.8778,1112.8645,1108.1077107035303,1108.8514881969788,835.7702703668639,1093.8182,Model 1,train
Indonesia,IDN,East Asia & Pacific,1998,1999,657.2689,493.133,491.7170958793756,492.050027924455,532.4568362780451,507.36295,Model 1,train
Indonesia,IDN,East Asia & Pacific,1999,2000,763.7111,707.2653,704.8389554197391,705.3136453317801,736.4552610665696,698.1848,Model 1,train
Indonesia,IDN,East Asia & Pacific,2000,2001,732.3071,819.8379,816.9784586594985,817.5208332505039,786.4948159880989,824.7401,Model 1,train
Indonesia,IDN,East Asia & Pacific,2001,2002,881.0029,787.3446,784.7921411826171,785.30722182576,846.427839082352,769.54333,Model 1,train
Indonesia,IDN,East Asia & Pacific,2002,2003,1043.2106,944.4606,941.3453139847828,941.9509454101778,985.3552524198836,971.8861,Model 1,train
Indonesia,IDN,East Asia & Pacific,2003,2004,1126.84,1114.9434,1111.0862243697002,1111.7943615219265,947.1626148398288,1101.5107,Model 1,train
Indonesia,IDN,East Asia & Pacific,2004,2005,1238.2145,1197.6745,1192.053472190409,1192.8833161883456,1205.7269702940694,1190.8638,Model 1,train
Indonesia,IDN,East Asia & Pacific,2005,2006,1558.3156,1319.9304,1315.3200963782797,1316.1430110410658,1356.837965766911,1350.9926,Model 1,train
Indonesia,IDN,East Asia & Pacific,2006,2007,1823.2198,1653.8335,1647.5790352159393,1648.6015458564725,1777.5479212122648,1681.3943,Model 1,train
Indonesia,IDN,East Asia & Pacific,2007,2008,2124.5548,1929.8825,1922.4016237687945,1923.5785489448824,1928.1302887105333,1884.0809,Model 1,train
Indonesia,IDN,East Asia & Pacific,2008,2009,2218.4854,2242.6826,2233.6718853888183,2235.0269173406778,2334.6098628908826,2350.6326,Model 1,train
Indonesia,IDN,East Asia & Pacific,2009,2010,3065.6835,2340.7469,2331.4336948396226,2332.8368156744796,2677.085985191325,2465.67,Model 1,train
Indonesia,IDN,East Asia & Pacific,2010,2011,3579.4644,3213.919,3199.6545238223384,3201.564542618011,3233.867527053315,3357.1602,Model 1,train
Indonesia,IDN,East Asia & Pacific,2011,2012,3632.2725,3742.9641,3726.050429994623,3728.2412004887456,3626.716170680255,3945.0098,Model 1,train
Indonesia,IDN,East Asia & Pacific,2012,2013,3566.6028,3799.1206,3782.4034196820703,3784.603564493435,3629.922704812453,4058.9692,Model 1,train
Indonesia,IDN,East Asia & Pacific,2013,2014,3441.0681,3733.5952,3717.7256700983503,3719.870009769726,3590.78055152753,3857.466,Model 1,train
Indonesia,IDN,East Asia & Pacific,2014,2015,3288.2227,3606.7693,3592.1459059703743,3594.1972143167477,3448.717988775587,3655.4717,Model 1,train
Indonesia,IDN,East Asia & Pacific,2015,2016,3521.4694,3451.6357,3438.3725774144573,3440.316410696076,3419.5956743473957,3483.478,Model 1,train
Indonesia,IDN,East Asia & Pacific,2016,2017,3798.8833,3693.1294,3679.0228068947017,3681.078694319406,3688.3712247118506,3677.1675,Model 1,train
Indonesia,IDN,East Asia & Pacific,2017,2018,3860.9535,3979.9364,3964.8012023291394,3966.9892693077936,3937.31165812216,4047.7708,Model 1,train
India,IND,South Asia,1992,1993,302.8848,342.2636,339.3163104028721,339.71016979652427,328.2465915156039,323.7057,Model 1,train
India,IND,South Asia,1993,1994,347.7342,325.4257,322.7245642799931,323.09615310730055,336.0776105491718,314.57382,Model 1,train
India,IND,South Asia,1994,1995,375.176,372.919,369.8374524451317,370.2585490756364,374.6934328842728,343.60846,Model 1,train
India,IND,South Asia,1995,1996,401.0468,402.0932,398.81917908679054,399.26871529453416,390.2770159552163,363.57968,Model 1,train
India,IND,South Asia,1996,1997,416.2281,429.6337,426.19482989595025,426.67032297639633,424.0838711620727,408.10138,Model 1,train
India,IND,South Asia,1997,1998,413.6309,445.9907,442.5079287709816,442.9964181824324,451.0719828646012,427.0186,Model 1,train
India,IND,South Asia,1998,1999,441.928,443.6973,440.3497165099528,440.8308175874247,443.3208628848699,426.8258,Model 1,train
India,IND,South Asia,1999,2000,442.7502,473.8919,470.3942679117762,470.9021248354238,466.9925391007998,443.58997,Model 1,train
India,IND,South Asia,2000,2001,450.3579,475.2795,471.9083389398813,472.4115032688736,470.1448320904322,453.40338,Model 1,train
India,IND,South Asia,2001,2002,469.1499,483.7445,480.42265851962907,480.9293315664478,475.252416955136,471.72577,Model 1,train
India,IND,South Asia,2002,2003,544.1431,504.0951,500.75705123093405,501.2777180205656,547.6899790945628,514.22406,Model 1,train
India,IND,South Asia,2003,2004,624.2588,583.5018,579.6617060808429,580.2561424857037,614.2662544099652,576.8813,Model 1,train
India,IND,South Asia,2004,2005,710.4881,668.1568,663.7809237950372,664.453119402296,703.0317981165955,692.16016,Model 1,train
India,IND,South Asia,2005,2006,801.6684,759.2539,754.3452114563044,755.0978956874451,786.9721694919511,791.3561,Model 1,train
India,IND,South Asia,2006,2007,1021.8871,855.4544,849.9957619326879,850.8318597009271,930.5484144763224,879.2254,Model 1,train
India,IND,South Asia,2007,2008,992.5196,1086.1392,1079.0898993469862,1080.1346731596686,925.7400867184764,1089.9685,Model 1,train
India,IND,South Asia,2008,2009,1094.9497,1056.6755,1050.164132414939,1051.1671805635078,995.1072088403612,1046.6962,Model 1,train
India,IND,South Asia,2009,2010,1347.5194,1164.6365,1157.616022063523,1158.7045940331193,1241.8450434348176,1178.0482,Model 1,train
India,IND,South Asia,2010,2011,1445.4613,1428.7604,1420.1024440745737,1421.4147131567324,1439.9280466749558,1390.9264,Model 1,train
India,IND,South Asia,2011,2012,1429.322,1532.0866,1523.0844315654413,1524.4693167733026,1516.2152740299118,1548.3734,Model 1,train
India,IND,South Asia,2012,2013,1432.844,1516.97,1508.522487704629,1509.873477063407,1494.8250356071208,1520.448,Model 1,train
India,IND,South Asia,2013,2014,1553.884,1522.1672,1514.0953295225831,1515.4318630193327,1511.6927888777566,1546.9785,Model 1,train
India,IND,South Asia,2014,2015,1583.9982,1649.7133,1641.212471846904,1642.6379280213007,1699.7478102389005,1665.1687,Model 1,train
India,IND,South Asia,2015,2016,1707.5089,1682.605,1674.3077519901651,1675.7414729081606,1689.8625410752472,1688.5345,Model 1,train
India,IND,South Asia,2016,2017,1950.1047,1812.6673,1803.9578413904856,1805.480108834971,1864.0085822840572,1804.2504,Model 1,train
India,IND,South Asia,2017,2018,1966.2546,2066.3333,2056.4456536603743,2058.155710934965,2016.149671906764,2074.7039,Model 1,train
Ireland,IRL,Europe & Central Asia,1991,1992,15714.3847,14647.9122,14695.069056077537,14689.513048198534,14871.13038306702,14559.313,Model 1,train
Ireland,IRL,Europe & Central Asia,1992,1993,14657.0616,16318.5562,16372.473389451685,16366.054990562332,15656.452193686078,15779.406,Model 1,train
Ireland,IRL,Europe & Central Asia,1993,1994,15902.9297,15237.675,15288.323048468012,15282.421277564888,15876.704138168294,15394.794,Model 1,train
Ireland,IRL,Europe & Central Asia,1994,1995,19158.4565,16525.0283,16583.32421772676,16576.62675155772,17690.249866651273,16817.832,Model 1,train
Ireland,IRL,Europe & Central Asia,1995,1996,20835.8977,19816.4271,19876.04489749922,19868.218717505748,20703.512126564183,19430.559,Model 1,train
Ireland,IRL,Europe & Central Asia,1996,1997,22551.1139,21533.1099,21600.14298676157,21591.368250314452,22596.73765942532,21316.293,Model 1,train
Ireland,IRL,Europe & Central Asia,1997,1998,24294.8548,23276.2379,23347.919741186684,23338.326648296817,24134.86925369355,22466.94,Model 1,train
Ireland,IRL,Europe & Central Asia,1998,1999,26338.1078,25049.2206,25126.40697915339,25115.93244830454,25969.39311449534,24668.377,Model 1,train
Ireland,IRL,Europe & Central Asia,1999,2000,26334.5672,27103.9883,27181.827568312692,27170.618458956087,25923.45740621048,26225.14,Model 1,train
Ireland,IRL,Europe & Central Asia,2000,2001,28282.4099,27129.822,27215.68928077824,27204.08819395661,26653.46692510919,27155.512,Model 1,train
Ireland,IRL,Europe & Central Asia,2001,2002,32705.4346,29135.492,29235.71861640832,29222.690427107937,30599.066879441267,29092.715,Model 1,train
Ireland,IRL,Europe & Central Asia,2002,2003,41203.5296,33631.6185,33750.329441798756,33734.73107616876,36774.40147058216,35144.96,Model 1,train
Ireland,IRL,Europe & Central Asia,2003,2004,47754.2023,42220.7288,42367.97860832384,42347.64513628771,46110.65876923047,42878.52,Model 1,train
Ireland,IRL,Europe & Central Asia,2004,2005,50933.0216,48831.2595,49002.33797979776,48978.19504290308,49879.205660206855,49769.61,Model 1,train
Ireland,IRL,Europe & Central Asia,2005,2006,54329.1619,52062.4336,52252.45628899549,52226.11494515181,51708.59134617177,49556.195,Model 1,train
Ireland,IRL,Europe & Central Asia,2006,2007,61396.4175,55498.1513,55704.37951142166,55675.92315017017,57628.785889078514,57019.58,Model 1,train
Ireland,IRL,Europe & Central Asia,2007,2008,61353.1066,62618.2976,62853.61515582775,62820.835260890824,60665.110067764195,61016.58,Model 1,train
Ireland,IRL,Europe & Central Asia,2008,2009,52133.0906,62642.2048,62895.472270193786,62861.87278851161,58223.046158754296,60761.656,Model 1,train
Ireland,IRL,Europe & Central Asia,2009,2010,48623.9666,53418.2386,53650.79269744786,53622.138863224594,51442.024177349274,52298.215,Model 1,train
Ireland,IRL,Europe & Central Asia,2010,2011,52613.854,49960.8916,50202.52182234051,50174.80498793965,51955.1281080632,50098.19,Model 1,train
Ireland,IRL,Europe & Central Asia,2011,2012,49335.8408,53972.9582,54227.013669023814,54197.06323738835,52536.07027655104,53696.227,Model 1,train
Ireland,IRL,Europe & Central Asia,2012,2013,52537.6109,50689.1647,50936.1354080399,50907.89395818313,51934.29307332239,50868.297,Model 1,train
Ireland,IRL,Europe & Central Asia,2013,2014,57214.538,53922.125,54182.87613143187,54152.64781841141,55952.586021122086,53743.46,Model 1,train
Ireland,IRL,Europe & Central Asia,2014,2015,64250.1385,58676.0707,58967.38817745909,58933.668616058385,59683.52564664407,56878.207,Model 1,train
Ireland,IRL,Europe & Central Asia,2015,2016,64129.5572,65750.4844,66068.7250968036,66030.71961438801,65937.96089607454,70701.195,Model 1,train
Ireland,IRL,Europe & Central Asia,2016,2017,72161.4048,65660.2587,65986.15630536279,65947.87364919066,68542.67877574348,71573.98,Model 1,train
Ireland,IRL,Europe & Central Asia,2017,2018,80804.1123,73793.755,74170.30177698944,74126.01776083274,76297.68482766667,72870.055,Model 1,train
"Iran, Islamic Rep.",IRN,"Middle East, North Africa, Afghanistan & Pakistan",1994,1995,1550.0096,1248.8781,1246.7427243826146,1247.2451784707366,1326.6534379141067,1224.7911,Model 1,train
"Iran, Islamic Rep.",IRN,"Middle East, North Africa, Afghanistan & Pakistan",1995,1996,1914.7812,1649.7015,1646.5850004643537,1647.222259702654,1804.2741450432395,1584.6317,Model 1,train
"Iran, Islamic Rep.",IRN,"Middle East, North Africa, Afghanistan & Pakistan",1996,1997,1790.0662,2031.1733,2027.2165648598425,2027.9695020060776,1913.218126735912,1916.2045,Model 1,train
"Iran, Islamic Rep.",IRN,"Middle East, North Africa, Afghanistan & Pakistan",1997,1998,1709.1933,1902.9565,1899.8381073458245,1900.5272816261152,1794.056380956226,1753.5249,Model 1,train
"Iran, Islamic Rep.",IRN,"Middle East, North Africa, Afghanistan & Pakistan",1998,1999,1739.5946,1821.1752,1818.9920505838456,1819.6204456499752,1808.8156969986312,1776.3798,Model 1,train
"Iran, Islamic Rep.",IRN,"Middle East, North Africa, Afghanistan & Pakistan",1999,2000,1650.0139,1854.9879,1853.2748226145332,1853.8880135136196,1780.9549930753788,1764.7719,Model 1,train
"Iran, Islamic Rep.",IRN,"Middle East, North Africa, Afghanistan & Pakistan",2000,2001,1881.0227,1763.396,1762.4577926524958,1763.016235980676,1781.17158377665,1741.6368,Model 1,train
"Iran, Islamic Rep.",IRN,"Middle East, North Africa, Afghanistan & Pakistan",2001,2002,1891.2576,2007.0429,2006.1390660428715,2006.7447008617887,1953.2641823012416,2081.709,Model 1,train
"Iran, Islamic Rep.",IRN,"Middle East, North Africa, Afghanistan & Pakistan",2002,2003,2208.9964,2020.1382,2019.868523502413,2020.4455318291632,2089.5576530572785,2112.3557,Model 1,train
"Iran, Islamic Rep.",IRN,"Middle East, North Africa, Afghanistan & Pakistan",2003,2004,2672.4227,2348.2632,2346.302221133301,2347.027060290907,2607.421756198919,2411.1394,Model 1,train
"Iran, Islamic Rep.",IRN,"Middle East, North Africa, Afghanistan & Pakistan",2004,2005,3132.0508,2840.6145,2840.3607058583984,2841.0830225138207,3053.278036635267,2979.8452,Model 1,train
"Iran, Islamic Rep.",IRN,"Middle East, North Africa, Afghanistan & Pakistan",2005,2006,3618.916,3321.5066,3321.200606347175,3322.0038319122996,3580.3369398770596,3427.0981,Model 1,train
"Iran, Islamic Rep.",IRN,"Middle East, North Africa, Afghanistan & Pakistan",2006,2007,4687.9917,3830.5107,3830.3486085382942,3831.2216081382417,4346.627984331359,3972.229,Model 1,train
"Iran, Islamic Rep.",IRN,"Middle East, North Africa, Afghanistan & Pakistan",2007,2008,5377.4115,4940.5275,4939.553212291699,4940.607539693485,5493.702510833555,5227.8438,Model 1,train
"Iran, Islamic Rep.",IRN,"Middle East, North Africa, Afghanistan & Pakistan",2008,2009,5415.5228,5656.3252,5655.375019117575,5656.507871785729,5714.7045821665415,5907.4214,Model 1,train
"Iran, Islamic Rep.",IRN,"Middle East, North Africa, Afghanistan & Pakistan",2009,2010,6291.1944,5700.4456,5700.724113856427,5701.804916227464,5957.24812071405,5782.707,Model 1,train
"Iran, Islamic Rep.",IRN,"Middle East, North Africa, Afghanistan & Pakistan",2010,2011,8025.6874,6607.3264,6607.548923609657,6608.722619787565,7114.6452691810155,6700.7686,Model 1,train
"Iran, Islamic Rep.",IRN,"Middle East, North Africa, Afghanistan & Pakistan",2011,2012,8114.081,8393.5455,8392.357333815415,8393.74418372687,8340.146302071309,8871.0,Model 1,train
"Iran, Islamic Rep.",IRN,"Middle East, North Africa, Afghanistan & Pakistan",2012,2013,6222.7419,8490.4899,8490.84420431079,8492.168150049833,7749.303013136906,8647.869,Model 1,train
"Iran, Islamic Rep.",IRN,"Middle East, North Africa, Afghanistan & Pakistan",2013,2014,5672.0637,6551.8,6556.097379225116,6557.080968306618,5832.717425878086,6380.018,Model 1,train
"Iran, Islamic Rep.",IRN,"Middle East, North Africa, Afghanistan & Pakistan",2014,2015,4952.7336,5987.4168,5993.285899899856,5994.143776746842,5595.4171254652765,6163.114,Model 1,train
"Iran, Islamic Rep.",IRN,"Middle East, North Africa, Afghanistan & Pakistan",2015,2016,5710.5995,5246.0325,5253.182147668804,5253.903180429939,5523.955817643998,5463.571,Model 1,train
"Iran, Islamic Rep.",IRN,"Middle East, North Africa, Afghanistan & Pakistan",2016,2017,6000.9335,6034.6292,6042.402809703603,6043.184008626821,5841.796277820955,6312.7046,Model 1,train
"Iran, Islamic Rep.",IRN,"Middle East, North Africa, Afghanistan & Pakistan",2017,2018,4783.0107,6338.5591,6347.151012694816,6347.929154474062,5641.283516427619,6362.3247,Model 1,train
Iraq,IRQ,"Middle East, North Africa, Afghanistan & Pakistan",2001,2002,1266.1596,1522.9562,1519.3448316940587,1519.8422730614511,1473.839506372496,1506.1691,Model 1,train
Iraq,IRQ,"Middle East, North Africa, Afghanistan & Pakistan",2002,2003,817.8879,1347.9355,1345.3473068830117,1345.7761542947958,1170.3955854323856,1292.3745,Model 1,train
Iraq,IRQ,"Middle East, North Africa, Afghanistan & Pakistan",2003,2004,1328.3716,876.6125,874.9682272105806,875.2835832923099,1058.6426703847,912.3832,Model 1,train
Iraq,IRQ,"Middle East, North Africa, Afghanistan & Pakistan",2004,2005,1762.3936,1408.8903,1404.9259794290133,1405.4416503516309,1487.214261047341,1424.4952,Model 1,train
Iraq,IRQ,"Middle East, North Africa, Afghanistan & Pakistan",2005,2006,2276.5544,1859.5132,1853.7159255144252,1854.3823731221555,1951.9819953874037,1826.5945,Model 1,train
Iraq,IRQ,"Middle East, North Africa, Afghanistan & Pakistan",2006,2007,3128.9901,2384.3253,2374.4978764169273,2375.4214314305837,2622.203927376507,2460.9446,Model 1,train
Iraq,IRQ,"Middle East, North Africa, Afghanistan & Pakistan",2007,2008,4542.9661,3258.9952,3244.8477268560996,3246.047934793561,3758.414184214595,3322.421,Model 1,train
Iraq,IRQ,"Middle East, North Africa, Afghanistan & Pakistan",2008,2009,3714.7121,4718.8559,4702.00770860162,4703.402387180719,4357.010121669955,4489.2715,Model 1,train
Iraq,IRQ,"Middle East, North Africa, Afghanistan & Pakistan",2009,2010,4461.752,3887.2335,3878.0209251319857,3879.014895842708,3952.185707934341,3948.9695,Model 1,train
Iraq,IRQ,"Middle East, North Africa, Afghanistan & Pakistan",2010,2011,5775.5423,4654.1181,4642.364724115157,4643.528032175071,4920.602677549339,4571.179,Model 1,train
Iraq,IRQ,"Middle East, North Africa, Afghanistan & Pakistan",2011,2012,6477.5962,5997.3818,5980.9200280838095,5982.36452956592,6208.731869658624,5901.7285,Model 1,train
Iraq,IRQ,"Middle East, North Africa, Afghanistan & Pakistan",2012,2013,6650.3528,6716.4992,6698.243776068787,6699.811143773405,6532.16501404308,6607.921,Model 1,train
Iraq,IRQ,"Middle East, North Africa, Afghanistan & Pakistan",2013,2014,6249.3923,6895.0714,6876.65342453281,6878.261796792145,6513.564570318266,6559.7686,Model 1,train
Iraq,IRQ,"Middle East, North Africa, Afghanistan & Pakistan",2014,2015,4440.1419,6497.2658,6483.0435524978175,6484.4572039687255,5086.33780139596,5907.2075,Model 1,train
Iraq,IRQ,"Middle East, North Africa, Afghanistan & Pakistan",2015,2016,4334.421,4651.9359,4645.040861904951,4646.043429533713,4608.450720375115,4422.248,Model 1,train
Iraq,IRQ,"Middle East, North Africa, Afghanistan & Pakistan",2016,2017,4759.2846,4528.9337,4518.2624312862245,4519.46552094831,4639.513689025631,4465.569,Model 1,train
Iraq,IRQ,"Middle East, North Africa, Afghanistan & Pakistan",2017,2018,5646.6893,4976.534,4967.672962815247,4968.813825535901,5413.891807614094,4873.2676,Model 1,train
Iceland,ISL,Europe & Central Asia,1991,1992,28072.4041,28773.8864,28992.760151968,28965.636094279,28055.722359312826,28721.6,Model 1,train
Iceland,ISL,Europe & Central Asia,1992,1993,24404.0276,29165.6567,29401.88045352582,29373.62853349041,26923.777702838182,29617.273,Model 1,train
Iceland,ISL,Europe & Central Asia,1993,1994,24858.2031,25437.8163,25652.23591893379,25627.51159044845,25290.36896755604,25188.742,Model 1,train
Iceland,ISL,Europe & Central Asia,1994,1995,27564.5691,25920.7955,26143.800252881912,26118.344582809103,26616.21665529779,25686.428,Model 1,train
Iceland,ISL,Europe & Central Asia,1995,1996,28583.5209,28593.5194,28809.77895342221,28783.01588166773,28289.39094332636,28498.385,Model 1,train
Iceland,ISL,Europe & Central Asia,1996,1997,28461.7664,29685.5223,29924.30508901441,29895.67713274096,29882.607546415,29387.098,Model 1,train
Iceland,ISL,Europe & Central Asia,1997,1998,31519.1647,29569.0244,29808.94013533853,29780.351272633896,30447.133575249183,29387.098,Model 1,train
Iceland,ISL,Europe & Central Asia,1998,1999,32834.4216,32733.4441,33009.394586275106,32976.91676191964,32387.085744284457,31334.475,Model 1,train
Iceland,ISL,Europe & Central Asia,1999,2000,32503.579,34049.2338,34327.63387444549,34294.22093064966,33500.01021648649,34969.37,Model 1,train
Iceland,ISL,Europe & Central Asia,2000,2001,29208.1982,33737.2771,34020.08184066749,33986.68491025966,31557.73359223774,35010.047,Model 1,train
Iceland,ISL,Europe & Central Asia,2001,2002,32749.379,30459.6531,30741.370817889765,30710.16400963695,31669.914753478297,30620.904,Model 1,train
Iceland,ISL,Europe & Central Asia,2002,2003,39944.2104,34056.3222,34360.286147655315,34325.64402724794,36449.6983067551,35635.453,Model 1,train
Iceland,ISL,Europe & Central Asia,2003,2004,47809.6073,41415.3029,41784.59169323575,41741.736630325766,44920.78568116747,42082.35,Model 1,train
Iceland,ISL,Europe & Central Asia,2004,2005,57783.7746,49391.1828,49818.023738858465,49766.84452299407,52757.25963457108,47989.297,Model 1,train
Iceland,ISL,Europe & Central Asia,2005,2006,58172.1427,59535.2251,60051.1862511058,59988.45133697529,59073.47210412399,59464.71,Model 1,train
Iceland,ISL,Europe & Central Asia,2006,2007,70483.0117,59874.6215,60376.872477335986,60314.772252059774,63812.04578750952,59899.957,Model 1,train
Iceland,ISL,Europe & Central Asia,2007,2008,57489.34,72309.4598,72906.16732857663,72830.573372557,63082.86666426477,68626.54,Model 1,train
Iceland,ISL,Europe & Central Asia,2008,2009,41483.7844,59247.1065,59760.18237527671,59698.20969923126,52875.4285261843,55637.72,Model 1,train
Iceland,ISL,Europe & Central Asia,2009,2010,43776.4677,43054.1549,43453.40670688361,43408.30703613619,45214.4719809559,43668.297,Model 1,train
Iceland,ISL,Europe & Central Asia,2010,2011,48254.9539,45399.7755,45821.54222832987,45773.70774982,46682.500356643104,45832.336,Model 1,train
Iceland,ISL,Europe & Central Asia,2011,2012,46594.9869,50000.264,50472.667264311895,50419.12140208565,48847.40118920412,49757.363,Model 1,train
Iceland,ISL,Europe & Central Asia,2012,2013,50173.336,48380.3863,48858.45999177842,48805.718459912554,49053.8129582871,47414.87,Model 1,train
Iceland,ISL,Europe & Central Asia,2013,2014,55140.3649,51907.5218,52383.073315279886,52328.164284708386,52238.23007236707,50342.45,Model 1,train
Iceland,ISL,Europe & Central Asia,2014,2015,53505.6964,57045.8956,57590.51644595801,57528.55819434522,55563.84652424567,55481.73,Model 1,train
Iceland,ISL,Europe & Central Asia,2015,2016,62854.0906,55335.015,55850.239278042136,55791.05096545025,59488.2813059429,57900.938,Model 1,train
Iceland,ISL,Europe & Central Asia,2016,2017,72976.373,64745.4189,65318.711786942775,65250.13941045989,69985.64180303515,63352.7,Model 1,train
Iceland,ISL,Europe & Central Asia,2017,2018,75633.8651,75022.7031,75690.3655292619,75609.85315027609,72885.91170763604,73173.336,Model 1,train
Israel,ISR,"Middle East, North Africa, Afghanistan & Pakistan",1991,1992,15509.9914,14966.4922,15025.414496733174,15019.66193008983,14881.5278373994,15947.59,Model 1,train
Israel,ISR,"Middle East, North Africa, Afghanistan & Pakistan",1992,1993,15178.84,16143.9509,16201.977102349245,16196.00155972966,15675.443074718158,16239.191,Model 1,train
Israel,ISR,"Middle East, North Africa, Afghanistan & Pakistan",1993,1994,16806.8353,15830.6039,15894.528161238546,15888.37430628693,16423.862168987962,15937.1,Model 1,train
Israel,ISR,"Middle East, North Africa, Afghanistan & Pakistan",1994,1995,19025.6841,17501.7526,17571.984071763574,17565.082612259055,18251.502492700965,18622.23,Model 1,train
Israel,ISR,"Middle East, North Africa, Afghanistan & Pakistan",1995,1996,20224.2789,19763.4618,19838.85022030578,19831.086750604023,19725.214267817384,19882.182,Model 1,train
Israel,ISR,"Middle East, North Africa, Afghanistan & Pakistan",1996,1997,20469.4699,21014.7713,21101.583187397635,21092.913944212793,20759.111896591017,21805.775,Model 1,train
Israel,ISR,"Middle East, North Africa, Afghanistan & Pakistan",1997,1998,20188.8141,21257.9867,21343.174874199507,21334.573782133728,21080.779589475165,21659.39,Model 1,train
Israel,ISR,"Middle East, North Africa, Afghanistan & Pakistan",1998,1999,19823.2139,20979.2939,21065.335063857427,21056.819326422996,20468.44453564536,21683.219,Model 1,train
Israel,ISR,"Middle East, North Africa, Afghanistan & Pakistan",1999,2000,21706.5194,20631.8824,20723.614675931745,20714.954671700332,21183.558492155393,21655.568,Model 1,train
Israel,ISR,"Middle East, North Africa, Afghanistan & Pakistan",2000,2001,20966.3053,22565.2194,22666.07808901669,22656.4471878293,21899.795632929516,22540.295,Model 1,train
Israel,ISR,"Middle East, North Africa, Afghanistan & Pakistan",2001,2002,19076.4584,21834.5561,21939.466485727982,21929.886095292244,20841.512210178473,22486.639,Model 1,train
Israel,ISR,"Middle East, North Africa, Afghanistan & Pakistan",2002,2003,19643.469,19906.4951,20005.202769961776,19996.524968610145,19634.54828147994,20348.568,Model 1,train
Israel,ISR,"Middle East, North Africa, Afghanistan & Pakistan",2003,2004,20568.0694,20495.1226,20598.086589771498,20589.063197780648,20849.927533161965,21336.041,Model 1,train
Israel,ISR,"Middle East, North Africa, Afghanistan & Pakistan",2004,2005,21286.8389,21464.9603,21578.05356956319,21568.272404840623,21601.006577455963,22123.645,Model 1,train
Israel,ISR,"Middle East, North Africa, Afghanistan & Pakistan",2005,2006,22527.262,22199.0403,22314.351289479633,22304.29083007376,22173.042325332874,22602.568,Model 1,train
Israel,ISR,"Middle East, North Africa, Afghanistan & Pakistan",2006,2007,25721.2594,23487.6765,23613.50492756701,23602.5765010904,24284.2229679184,23742.041,Model 1,train
Israel,ISR,"Middle East, North Africa, Afghanistan & Pakistan",2007,2008,30269.2178,26740.9872,26877.09356983296,26864.74320788387,27842.456546013404,27962.586,Model 1,train
Israel,ISR,"Middle East, North Africa, Afghanistan & Pakistan",2008,2009,28508.4939,31397.4731,31558.035431587876,31543.07114942349,30597.385793700887,32770.734,Model 1,train
Israel,ISR,"Middle East, North Africa, Afghanistan & Pakistan",2009,2010,31439.0887,29639.1422,29801.828045184127,29787.35573183679,30695.19611942781,31044.912,Model 1,train
Israel,ISR,"Middle East, North Africa, Afghanistan & Pakistan",2010,2011,34522.5216,32635.1121,32812.807775422014,32796.70884492251,32276.294926849296,33621.6,Model 1,train
Israel,ISR,"Middle East, North Africa, Afghanistan & Pakistan",2011,2012,33321.4301,35770.6817,35960.58173782735,35942.9454691657,35403.50304590788,37183.543,Model 1,train
Israel,ISR,"Middle East, North Africa, Afghanistan & Pakistan",2012,2013,37034.3161,34554.3507,34740.05845666701,34723.08286164835,36313.97625671797,37028.16,Model 1,train
Israel,ISR,"Middle East, North Africa, Afghanistan & Pakistan",2013,2014,38343.3047,38353.0714,38561.05564392167,38541.80798679226,38195.066813480465,40167.17,Model 1,train
Israel,ISR,"Middle East, North Africa, Afghanistan & Pakistan",2014,2015,36213.1041,39688.5665,39903.25945693441,39883.3179893682,38173.446682851114,40367.78,Model 1,train
Israel,ISR,"Middle East, North Africa, Afghanistan & Pakistan",2015,2016,37671.5389,37517.0676,37719.81285403555,37701.250751812215,37945.08527177713,39961.344,Model 1,train
Israel,ISR,"Middle East, North Africa, Afghanistan & Pakistan",2016,2017,41138.471,39029.0198,39246.016232146525,39226.31900730582,39736.65462084626,39952.465,Model 1,train
Israel,ISR,"Middle East, North Africa, Afghanistan & Pakistan",2017,2018,42362.6653,42557.5006,42791.27892086436,42769.6824429304,43835.87748480436,43591.28,Model 1,train
Italy,ITA,Europe & Central Asia,1991,1992,23297.046,22682.6157,22688.33879396316,22688.733857644445,22785.39696197875,22780.71,Model 1,train
Italy,ITA,Europe & Central Asia,1992,1993,18781.9529,24007.4268,24017.85310768605,24017.916770774977,20973.83353947846,23360.674,Model 1,train
Italy,ITA,Europe & Central Asia,1993,1994,19382.2002,19454.7753,19473.855372505648,19473.745438399084,19808.90137636935,19428.188,Model 1,train
Italy,ITA,Europe & Central Asia,1994,1995,20712.1799,20073.3403,20094.763682256933,20094.500803170657,20612.66070401262,19462.588,Model 1,train
Italy,ITA,Europe & Central Asia,1995,1996,23122.9337,21434.5314,21458.79722906236,21458.31069413684,22436.76296530947,21384.055,Model 1,train
Italy,ITA,Europe & Central Asia,1996,1997,21883.9873,23895.7694,23924.380346178405,23923.51069522459,22727.58533505712,24566.838,Model 1,train
Italy,ITA,Europe & Central Asia,1997,1998,22365.1838,22657.6789,22691.44754096401,22690.394050627,22221.339504691696,22950.846,Model 1,train
Italy,ITA,Europe & Central Asia,1998,1999,22049.9991,23154.0729,23190.167348052575,23188.96135953247,22682.838780673137,22913.383,Model 1,train
Italy,ITA,Europe & Central Asia,1999,2000,20190.0036,22859.4138,22902.567462498257,22901.014541420045,21222.93658439847,23397.418,Model 1,train
Italy,ITA,Europe & Central Asia,2000,2001,20570.4386,20987.1187,21034.72862147968,21033.059408095185,21535.71570219576,21942.1,Model 1,train
Italy,ITA,Europe & Central Asia,2001,2002,22451.3964,21392.5407,21445.522022609184,21443.551594967987,22548.225900700385,22325.482,Model 1,train
Italy,ITA,Europe & Central Asia,2002,2003,27577.57,23312.5104,23368.58713146179,23366.34006138452,24857.267070397887,23626.307,Model 1,train
Italy,ITA,Europe & Central Asia,2003,2004,31348.1902,28497.2748,28551.53892343967,28549.005504618595,29926.930690361853,29401.002,Model 1,train
Italy,ITA,Europe & Central Asia,2004,2005,32062.7238,32371.012,32443.413576409548,32439.608347368583,32472.79414099067,32788.617,Model 1,train
Italy,ITA,Europe & Central Asia,2005,2006,33537.1287,33093.4259,33166.06455800226,33162.19632580379,33362.373239405024,32788.617,Model 1,train
Italy,ITA,Europe & Central Asia,2006,2007,37826.1755,34625.246,34710.43618918145,34705.77604223499,36341.278297307,36051.938,Model 1,train
Italy,ITA,Europe & Central Asia,2007,2008,40828.5796,38971.052,39063.22228362487,39057.75589203573,39446.52313256022,38143.24,Model 1,train
Italy,ITA,Europe & Central Asia,2008,2009,37099.6134,42003.134,42098.43989686265,42092.49167056233,40900.40635596821,41591.52,Model 1,train
Italy,ITA,Europe & Central Asia,2009,2010,35856.8625,38255.7605,38352.035300207484,38346.48807835664,37668.76468670868,37786.465,Model 1,train
Italy,ITA,Europe & Central Asia,2010,2011,38432.3743,37035.9885,37141.11204041901,37135.25264263241,37020.66736219509,36178.062,Model 1,train
Italy,ITA,Europe & Central Asia,2011,2012,34854.3949,39654.0934,39766.21025499429,39759.715516350705,36637.56482430102,37987.863,Model 1,train
Italy,ITA,Europe & Central Asia,2012,2013,35701.6746,36038.9404,36147.55338530163,36141.63942502603,36134.23391201392,36140.473,Model 1,train
Italy,ITA,Europe & Central Asia,2013,2014,36028.3494,36937.3057,37058.527514294314,37051.87169816935,35395.41591021395,36170.023,Model 1,train
Italy,ITA,Europe & Central Asia,2014,2015,30639.883,37304.6675,37436.76178616519,37429.5018859686,34843.62814696354,37380.195,Model 1,train
Italy,ITA,Europe & Central Asia,2015,2016,31391.5693,31788.7223,31897.62905465804,31892.1127795639,31838.26976274249,32113.762,Model 1,train
Italy,ITA,Europe & Central Asia,2016,2017,32844.1157,32608.0896,32734.257299315825,32727.76090487651,32203.659455216693,31927.545,Model 1,train
Italy,ITA,Europe & Central Asia,2017,2018,34904.1082,34060.6434,34183.13127191568,34176.68165755101,34658.041394035994,35275.48,Model 1,train
Jamaica,JAM,Latin America & Caribbean ,1994,1995,2630.8494,2361.1983,2371.353339205621,2370.6490439914523,2356.3372754984794,2370.5671,Model 1,train
Jamaica,JAM,Latin America & Caribbean ,1995,1996,2928.8969,2808.7149,2819.7045531135277,2818.880036094445,2927.778318690493,2810.3193,Model 1,train
Jamaica,JAM,Latin America & Caribbean ,1996,1997,3296.9163,3118.7647,3130.0552691376365,3129.1592792179104,3194.8565186841747,3173.6218,Model 1,train
Jamaica,JAM,Latin America & Caribbean ,1997,1998,3419.4935,3501.1118,3512.818520348944,3511.827893408361,3440.235644518395,3489.523,Model 1,train
Jamaica,JAM,Latin America & Caribbean ,1998,1999,3431.5681,3628.103,3639.869482692311,3638.852812624094,3507.31073140088,3633.7136,Model 1,train
Jamaica,JAM,Latin America & Caribbean ,1999,2000,3453.0925,3640.7734,3652.571031692408,3651.553022834568,3531.2591542618666,3633.7136,Model 1,train
Jamaica,JAM,Latin America & Caribbean ,2000,2001,3503.5503,3663.9202,3675.953932340589,3674.9214396553666,3623.8181480271114,3569.0225,Model 1,train
Jamaica,JAM,Latin America & Caribbean ,2001,2002,3680.6455,3716.3678,3728.4727086024936,3727.428083463889,3706.56379292113,3651.9805,Model 1,train
Jamaica,JAM,Latin America & Caribbean ,2002,2003,3549.7076,3902.0473,3914.9305528321174,3913.809012692844,3844.530719428555,3916.6543,Model 1,train
Jamaica,JAM,Latin America & Caribbean ,2003,2004,3807.5629,3766.9783,3779.878114056909,3778.786257713161,3801.347971336888,3687.9912,Model 1,train
Jamaica,JAM,Latin America & Caribbean ,2004,2005,4184.4397,4034.3419,4047.558959193621,4046.396875989265,4100.957791082769,3949.8245,Model 1,train
Jamaica,JAM,Latin America & Caribbean ,2005,2006,4417.0013,4424.5139,4438.166509591964,4436.899583413377,4508.193862640928,4313.0435,Model 1,train
Jamaica,JAM,Latin America & Caribbean ,2006,2007,4716.4861,4664.081,4677.72868818269,4676.411013059208,4751.2205764126165,4600.7397,Model 1,train
Jamaica,JAM,Latin America & Caribbean ,2007,2008,5029.801,4973.6979,4987.73753233708,4986.3311629593845,5034.4636656743,4939.989,Model 1,train
Jamaica,JAM,Latin America & Caribbean ,2008,2009,4428.3815,5298.3151,5313.0522865039,5311.535996351681,5045.341327148199,5198.9575,Model 1,train
Jamaica,JAM,Latin America & Caribbean ,2009,2010,4809.9774,4679.4222,4694.045633527875,4692.679960841971,4771.7726716120505,4558.35,Model 1,train
Jamaica,JAM,Latin America & Caribbean ,2010,2011,5232.6364,5077.2392,5093.322459255314,5091.792108725183,5151.166462552192,5175.8296,Model 1,train
Jamaica,JAM,Latin America & Caribbean ,2011,2012,5340.8333,5517.378,5535.091653216799,5533.375066756183,5367.227262512215,5508.8438,Model 1,train
Jamaica,JAM,Latin America & Caribbean ,2012,2013,5124.213,5631.2534,5649.734714397272,5647.953246636518,5421.823319225886,5643.4526,Model 1,train
Jamaica,JAM,Latin America & Caribbean ,2013,2014,4975.1133,5407.8088,5425.994266826669,5424.283760012332,5226.795567581489,5313.9546,Model 1,train
Jamaica,JAM,Latin America & Caribbean ,2014,2015,5339.3072,5252.6117,5270.216152756358,5268.574336590914,5278.392410067862,5313.7827,Model 1,train
Jamaica,JAM,Latin America & Caribbean ,2015,2016,5302.2955,5626.958,5644.612852244796,5642.8817624710455,5474.267488889839,5670.805,Model 1,train
Jamaica,JAM,Latin America & Caribbean ,2016,2017,5605.4354,5586.5199,5603.4710541875675,5601.787841634122,5604.444568306015,5675.2256,Model 1,train
Jamaica,JAM,Latin America & Caribbean ,2017,2018,5976.9036,5896.6642,5913.322785852413,5911.581395593205,6100.04116539145,5928.671,Model 1,train
Jordan,JOR,"Middle East, North Africa, Afghanistan & Pakistan",1995,1996,1410.1742,1527.049,1532.6436975839788,1532.4044183827225,1474.0813759906262,1560.5509,Model 1,train
Jordan,JOR,"Middle East, North Africa, Afghanistan & Pakistan",1996,1997,1435.8759,1521.8215,1527.538396643302,1527.2982552263084,1486.017095646181,1584.3416,Model 1,train
Jordan,JOR,"Middle East, North Africa, Afghanistan & Pakistan",1997,1998,1532.1138,1549.7432,1555.6985523610836,1555.4486369373722,1533.0558903026338,1632.2172,Model 1,train
Jordan,JOR,"Middle East, North Africa, Afghanistan & Pakistan",1998,1999,1544.5875,1652.1432,1658.4948914866452,1658.2221494275484,1605.3017974641425,1704.2117,Model 1,train
Jordan,JOR,"Middle East, North Africa, Afghanistan & Pakistan",1999,2000,1570.61,1666.136,1672.719631915295,1672.4376353448772,1614.7860966929825,1688.5153,Model 1,train
Jordan,JOR,"Middle East, North Africa, Afghanistan & Pakistan",2000,2001,1632.2945,1694.3489,1701.1724124089324,1700.879841548132,1631.957254824514,1752.1859,Model 1,train
Jordan,JOR,"Middle East, North Africa, Afghanistan & Pakistan",2001,2002,1706.2674,1760.3647,1767.5583184217492,1767.2462183700918,1736.6561085573262,1742.9287,Model 1,train
Jordan,JOR,"Middle East, North Africa, Afghanistan & Pakistan",2002,2003,1775.6763,1839.3822,1846.9932520015775,1846.65849591902,1809.238559447417,1861.6469,Model 1,train
Jordan,JOR,"Middle East, North Africa, Afghanistan & Pakistan",2003,2004,1940.0864,1913.6249,1921.662798133351,1921.305422823639,1934.859690043438,1965.5681,Model 1,train
Jordan,JOR,"Middle East, North Africa, Afghanistan & Pakistan",2004,2005,2087.8708,2087.9613,2096.662402078205,2096.263867665209,2141.407851523127,2159.4502,Model 1,train
Jordan,JOR,"Middle East, North Africa, Afghanistan & Pakistan",2005,2006,2342.6346,2244.5695,2253.879471520529,2253.4435386934706,2296.890346656261,2322.2854,Model 1,train
Jordan,JOR,"Middle East, North Africa, Afghanistan & Pakistan",2006,2007,2506.206,2513.7667,2523.9507879107387,2523.464505195929,2577.54982985324,2559.391,Model 1,train
Jordan,JOR,"Middle East, North Africa, Afghanistan & Pakistan",2007,2008,3241.6524,2686.492,2697.2108047432075,2696.699293240223,2917.780997709639,2840.7212,Model 1,train
Jordan,JOR,"Middle East, North Africa, Afghanistan & Pakistan",2008,2009,3435.8338,3457.7169,3470.363773614317,3469.6903901484097,3485.875704604915,3607.0488,Model 1,train
Jordan,JOR,"Middle East, North Africa, Afghanistan & Pakistan",2009,2010,3718.4657,3661.6236,3674.936436277333,3674.215569093761,3794.7725823082146,3832.3267,Model 1,train
Jordan,JOR,"Middle East, North Africa, Afghanistan & Pakistan",2010,2011,3946.855,3957.1326,3971.155991266427,3970.375335482476,4086.800915561442,4165.009,Model 1,train
Jordan,JOR,"Middle East, North Africa, Afghanistan & Pakistan",2011,2012,4169.5047,4196.225,4210.941872867946,4210.109264583102,4257.692489480133,4260.397,Model 1,train
Jordan,JOR,"Middle East, North Africa, Afghanistan & Pakistan",2012,2013,4311.2192,4429.5543,4445.100965850585,4444.205047115151,4473.786428313604,4591.106,Model 1,train
Jordan,JOR,"Middle East, North Africa, Afghanistan & Pakistan",2013,2014,4191.1805,4578.756,4594.88362625516,4593.964459199594,4397.24952214292,4717.1025,Model 1,train
Jordan,JOR,"Middle East, North Africa, Afghanistan & Pakistan",2014,2015,4042.7568,4456.6797,4473.009574623901,4472.137017986573,4241.454934987772,4551.1265,Model 1,train
Jordan,JOR,"Middle East, North Africa, Afghanistan & Pakistan",2015,2016,3986.7168,4306.2275,4323.128329785008,4322.277152723803,4153.331117719545,4123.593,Model 1,train
Jordan,JOR,"Middle East, North Africa, Afghanistan & Pakistan",2016,2017,4065.6163,4252.5041,4270.45264435934,4269.572218566077,4153.176171525754,4155.768,Model 1,train
Jordan,JOR,"Middle East, North Africa, Afghanistan & Pakistan",2017,2018,4145.4399,4340.2701,4359.875387865352,4358.911352555945,4205.038509336253,4123.7773,Model 1,train
Japan,JPN,East Asia & Pacific,1991,1992,31992.7902,30261.5574,30266.13218885242,30268.40299663346,32294.758034783652,30464.285,Model 1,train
Japan,JPN,East Asia & Pacific,1992,1993,36345.2441,32845.4094,32846.85020812074,32849.25430011457,34755.33388795438,31945.424,Model 1,train
Japan,JPN,East Asia & Pacific,1993,1994,39933.5151,37236.3459,37235.988483277186,37238.38559953229,39707.796487919855,39034.227,Model 1,train
Japan,JPN,East Asia & Pacific,1994,1995,44197.6191,40872.5543,40876.8917370912,40878.92764665001,42539.70160985746,41900.9,Model 1,train
Japan,JPN,East Asia & Pacific,1995,1996,39150.0396,45124.9401,45117.40657907809,45119.87956741632,42221.646776124406,44788.867,Model 1,train
Japan,JPN,East Asia & Pacific,1996,1997,35638.232,40137.797,40157.39406475421,40158.68628081267,37571.48656683381,38894.246,Model 1,train
Japan,JPN,East Asia & Pacific,1997,1998,32423.7556,36626.0611,36654.38437288989,36655.34977463971,34510.57388273682,36879.508,Model 1,train
Japan,JPN,East Asia & Pacific,1998,1999,36610.1683,33393.3668,33425.82893666216,33426.66748767466,34705.606883287175,32998.953,Model 1,train
Japan,JPN,East Asia & Pacific,1999,2000,39169.3596,37607.2574,37635.461253515525,37636.42099670167,38664.01556815493,38871.59,Model 1,train
Japan,JPN,East Asia & Pacific,2000,2001,34406.1825,40240.5589,40283.24747712428,40283.37345454568,36930.97289418392,38963.375,Model 1,train
Japan,JPN,East Asia & Pacific,2001,2002,32820.7936,35470.6129,35523.652307359946,35523.39812863385,34864.684956488825,36199.668,Model 1,train
Japan,JPN,East Asia & Pacific,2002,2003,35387.0374,33891.5006,33950.96109395779,33950.417368410686,35160.00406924685,35961.59,Model 1,train
Japan,JPN,East Asia & Pacific,2003,2004,38298.9802,36491.0597,36552.35592344532,36551.663299347194,37034.131265349664,36596.35,Model 1,train
Japan,JPN,East Asia & Pacific,2004,2005,37812.895,39455.7453,39524.349141098544,39523.18752169645,37035.92688711792,38508.297,Model 1,train
Japan,JPN,East Asia & Pacific,2005,2006,35991.546,38958.0546,39024.57661403351,39023.54023013455,36824.23718926602,38226.227,Model 1,train
Japan,JPN,East Asia & Pacific,2006,2007,35779.0245,37152.3217,37227.94810453935,37226.497224011575,36643.60196952924,36415.766,Model 1,train
Japan,JPN,East Asia & Pacific,2007,2008,39876.304,36954.0423,37034.232486687455,37032.5545806632,37868.4018870013,36445.54,Model 1,train
Japan,JPN,East Asia & Pacific,2008,2009,41308.9968,41102.3329,41186.70077687569,41184.67082359349,41359.2519155174,41672.754,Model 1,train
Japan,JPN,East Asia & Pacific,2009,2010,44968.1562,42583.924,42678.969621330456,42676.32577872773,43058.24669987441,41604.176,Model 1,train
Japan,JPN,East Asia & Pacific,2010,2011,48760.0789,46265.2789,46359.501875885784,46356.73469824521,46396.40876412238,44750.06,Model 1,train
Japan,JPN,East Asia & Pacific,2011,2012,49145.2804,50052.7211,50139.75903683642,50137.15483941723,46570.720905870505,47194.312,Model 1,train
Japan,JPN,East Asia & Pacific,2012,2013,40898.6479,50502.237,50606.95803699326,50603.40131906731,43956.28258301169,46442.652,Model 1,train
Japan,JPN,East Asia & Pacific,2013,2014,38475.3952,42211.0678,42317.76749823577,42314.51312068221,40342.37492191963,41236.773,Model 1,train
Japan,JPN,East Asia & Pacific,2014,2015,34960.6394,39784.7761,39896.22506866743,39892.81117678873,36888.773932487944,38132.254,Model 1,train
Japan,JPN,East Asia & Pacific,2015,2016,39375.4732,36239.8457,36352.02847785499,36348.68281382759,37297.19446307991,36240.184,Model 1,train
Japan,JPN,East Asia & Pacific,2016,2017,38834.0529,40735.6767,40859.445268247146,40855.34971932867,38875.85541785219,38079.05,Model 1,train
Japan,JPN,East Asia & Pacific,2017,2018,39751.1331,40198.2855,40324.50658286374,40320.30019332352,38711.1421567835,38079.05,Model 1,train
Kazakhstan,KAZ,Europe & Central Asia,1994,1995,1217.7914,1323.4692,1320.2314989992265,1320.6338083365029,1281.0128189957416,1323.596,Model 1,train
Kazakhstan,KAZ,Europe & Central Asia,1995,1996,1281.3915,1292.0715,1288.6460503050926,1289.0529633712006,1316.9574583943315,1290.4237,Model 1,train
Kazakhstan,KAZ,Europe & Central Asia,1996,1997,1381.6359,1357.3053,1353.3895143969764,1353.8243839003408,1329.6901414980005,1317.5703,Model 1,train
Kazakhstan,KAZ,Europe & Central Asia,1997,1998,1414.5929,1460.7935,1456.3131837804035,1456.7813417002394,1385.4136231228829,1486.5808,Model 1,train
Kazakhstan,KAZ,Europe & Central Asia,1998,1999,1091.5473,1495.0884,1490.527371370484,1490.998173600901,1346.7761594242652,1499.629,Model 1,train
Kazakhstan,KAZ,Europe & Central Asia,1999,2000,1180.0445,1160.3467,1157.440994343248,1157.8000854272696,1231.0533095343865,1171.7534,Model 1,train
Kazakhstan,KAZ,Europe & Central Asia,2000,2001,1422.2733,1253.2191,1250.147943609305,1250.5235375459172,1352.6873493980186,1269.5232,Model 1,train
Kazakhstan,KAZ,Europe & Central Asia,2001,2002,1573.5522,1505.8338,1502.0136197503869,1502.4461554872555,1520.9881811265343,1547.7223,Model 1,train
Kazakhstan,KAZ,Europe & Central Asia,2002,2003,1958.0205,1663.8829,1659.7622761384105,1660.2201595375468,1721.7318208500608,1660.6078,Model 1,train
Kazakhstan,KAZ,Europe & Central Asia,2003,2004,2722.4741,2062.6992,2057.302400553622,2057.844143573962,2205.601909837393,2040.1061,Model 1,train
Kazakhstan,KAZ,Europe & Central Asia,2004,2005,3577.358,2850.6421,2842.2348850352164,2842.947069421838,3102.1998499943643,2838.7185,Model 1,train
Kazakhstan,KAZ,Europe & Central Asia,2005,2006,5030.1349,3727.6547,3715.8218800955137,3716.704615951423,4076.277621786815,3729.8347,Model 1,train
Kazakhstan,KAZ,Europe & Central Asia,2006,2007,6449.4393,5209.4927,5191.397635359341,5192.551162074757,5803.239550467611,5194.269,Model 1,train
Kazakhstan,KAZ,Europe & Central Asia,2007,2008,8123.5471,6652.728,6629.004306927285,6630.361611136196,7204.50241350668,6256.2954,Model 1,train
Kazakhstan,KAZ,Europe & Central Asia,2008,2009,6938.0118,8351.6346,8321.99106656293,8323.516807729422,7414.387851174334,7872.5254,Model 1,train
Kazakhstan,KAZ,Europe & Central Asia,2009,2010,8793.0759,7168.0561,7147.703145679093,7148.861705662386,7980.668473193378,6974.0522,Model 1,train
Kazakhstan,KAZ,Europe & Central Asia,2010,2011,11287.1465,9057.9323,9033.587841246055,9034.791870706747,9829.421869098262,8771.981,Model 1,train
Kazakhstan,KAZ,Europe & Central Asia,2011,2012,12018.7967,11591.4399,11562.23010569535,11563.415336109694,11680.184355071977,11017.587,Model 1,train
Kazakhstan,KAZ,Europe & Central Asia,2012,2013,13478.4596,12351.627,12326.039145774155,12326.958468982792,11951.992438606974,11394.262,Model 1,train
Kazakhstan,KAZ,Europe & Central Asia,2013,2014,12427.7095,13845.1325,13821.040453213976,13821.703481144172,12099.911266393932,10430.765,Model 1,train
Kazakhstan,KAZ,Europe & Central Asia,2014,2015,10196.1226,12808.4985,12793.678639834628,12794.018526999394,10674.668047827934,9702.914,Model 1,train
Kazakhstan,KAZ,Europe & Central Asia,2015,2016,7475.5669,10566.746,10562.004083638967,10562.105349517851,8646.225330645671,9310.613,Model 1,train
Kazakhstan,KAZ,Europe & Central Asia,2016,2017,8943.0842,7806.6169,7809.583312220083,7809.559181963755,8447.458275993637,7609.4355,Model 1,train
Kazakhstan,KAZ,Europe & Central Asia,2017,2018,9472.4853,9314.7265,9318.2777506847,9318.106827573873,9091.36481120203,8795.009,Model 1,train
Kenya,KEN,Sub-Saharan Africa ,1995,1996,440.5271,363.0786,360.6885191807811,360.93696679138134,385.23542935205234,342.59003,Model 1,train
Kenya,KEN,Sub-Saharan Africa ,1996,1997,466.7238,467.5054,464.1323122436474,464.4575093871952,466.75235530192134,441.46948,Model 1,train
Kenya,KEN,Sub-Saharan Africa ,1997,1998,487.8832,494.5804,490.91722701336175,491.26485613343135,485.9128769093013,457.86005,Model 1,train
Kenya,KEN,Sub-Saharan Africa ,1998,1999,433.7212,516.6226,512.7731988264776,513.1368137633029,471.2581442723984,498.73587,Model 1,train
Kenya,KEN,Sub-Saharan Africa ,1999,2000,414.6264,460.6941,457.4222873935756,457.7446288904242,452.6118175893543,466.712,Model 1,train
Kenya,KEN,Sub-Saharan Africa ,2000,2001,410.7005,441.0318,437.97876457464895,438.2864610020704,423.1127535664117,455.82022,Model 1,train
Kenya,KEN,Sub-Saharan Africa ,2001,2002,402.9364,437.3634,434.4480850713886,434.7492042316367,419.5159024218483,447.31772,Model 1,train
Kenya,KEN,Sub-Saharan Africa ,2002,2003,442.8985,429.5116,426.71912383676334,427.0133330254356,418.83928511840287,440.41168,Model 1,train
Kenya,KEN,Sub-Saharan Africa ,2003,2004,463.6628,471.8713,468.9095211281566,469.2245925468999,471.7029084029943,462.3109,Model 1,train
Kenya,KEN,Sub-Saharan Africa ,2004,2005,523.4563,494.2005,491.2367903899196,491.55908650222693,503.8586774109457,513.9939,Model 1,train
Kenya,KEN,Sub-Saharan Africa ,2005,2006,699.8024,557.281,554.023387421569,554.3779101888538,595.0140838952505,582.02655,Model 1,train
Kenya,KEN,Sub-Saharan Africa ,2006,2007,840.2014,741.5494,737.1230723426058,737.5817933730766,778.9781702977976,743.92084,Model 1,train
Kenya,KEN,Sub-Saharan Africa ,2007,2008,915.5444,887.6973,882.318275360841,882.859161036492,909.3722733361806,879.12354,Model 1,train
Kenya,KEN,Sub-Saharan Africa ,2008,2009,1047.9678,966.8386,961.1708782959064,961.7453663461744,1035.2818505285004,954.103,Model 1,train
Kenya,KEN,Sub-Saharan Africa ,2009,2010,1091.5187,1104.9834,1098.6236351902005,1099.2636056524073,1135.3806689537043,1068.1902,Model 1,train
Kenya,KEN,Sub-Saharan Africa ,2010,2011,1096.145,1151.0995,1144.6946945821255,1145.3490065746118,1157.6954270369297,1164.2664,Model 1,train
Kenya,KEN,Sub-Saharan Africa ,2011,2012,1285.0054,1156.8638,1150.666793609508,1151.314750145178,1234.592700926691,1167.3226,Model 1,train
Kenya,KEN,Sub-Saharan Africa ,2012,2013,1370.8789,1352.5468,1345.1508487481426,1345.899747656509,1353.8757879852808,1334.6113,Model 1,train
Kenya,KEN,Sub-Saharan Africa ,2013,2014,1482.8157,1441.6356,1433.747463133434,1434.5408759129566,1482.6716957647836,1417.8379,Model 1,train
Kenya,KEN,Sub-Saharan Africa ,2014,2015,1489.1196,1557.7708,1549.2836259524483,1550.1313790299246,1506.9202676867803,1562.4868,Model 1,train
Kenya,KEN,Sub-Saharan Africa ,2015,2016,1554.1261,1565.3031,1557.026186646302,1557.867957512058,1523.30597443279,1569.923,Model 1,train
Kenya,KEN,Sub-Saharan Africa ,2016,2017,1667.4845,1633.1275,1624.609192873255,1625.4785279667717,1700.727582296577,1549.8618,Model 1,train
Kenya,KEN,Sub-Saharan Africa ,2017,2018,1836.4528,1750.5046,1741.3673007320926,1742.2918440503292,1753.3583932074948,1723.7068,Model 1,train
Kyrgyz Republic,KGZ,Europe & Central Asia,1998,1999,258.0481,379.6313,380.86632745786545,380.86543882951634,330.61210491907974,366.94812,Model 1,train
Kyrgyz Republic,KGZ,Europe & Central Asia,1999,2000,279.6217,286.6505,288.024827692706,288.00933939400596,288.7335719981154,277.06955,Model 1,train
Kyrgyz Republic,KGZ,Europe & Central Asia,2000,2001,308.4113,310.024,311.4453790173886,311.43006746735966,294.8309283448914,283.3478,Model 1,train
Kyrgyz Republic,KGZ,Europe & Central Asia,2001,2002,321.7268,341.375,342.91753383106044,342.8990400220768,329.28783965052764,327.5497,Model 1,train
Kyrgyz Republic,KGZ,Europe & Central Asia,2002,2003,380.5058,355.3217,356.764913470319,356.7530685050877,364.75180686641613,357.16168,Model 1,train
Kyrgyz Republic,KGZ,Europe & Central Asia,2003,2004,433.2339,418.8881,420.50097624778687,420.48548847231433,410.6856820074764,384.09286,Model 1,train
Kyrgyz Republic,KGZ,Europe & Central Asia,2004,2005,476.5482,475.5378,477.22990121336267,477.21436383353193,466.9743856476709,473.79227,Model 1,train
Kyrgyz Republic,KGZ,Europe & Central Asia,2005,2006,543.1135,521.7983,523.4978884435017,523.4849823704815,543.7341312418458,542.2449,Model 1,train
Kyrgyz Republic,KGZ,Europe & Central Asia,2006,2007,721.7716,592.7024,594.395934231246,594.3870336825772,630.3595411815095,599.57965,Model 1,train
Kyrgyz Republic,KGZ,Europe & Central Asia,2007,2008,966.3886,783.4568,785.4396189861051,785.4210724691259,845.6978520966779,761.4158,Model 1,train
Kyrgyz Republic,KGZ,Europe & Central Asia,2008,2009,870.1989,1044.1111,1046.654777464387,1046.607653274849,954.3078428174211,1022.1877,Model 1,train
Kyrgyz Republic,KGZ,Europe & Central Asia,2009,2010,876.9545,943.6881,946.5479834845244,946.4866317549252,915.5445464350282,981.4527,Model 1,train
Kyrgyz Republic,KGZ,Europe & Central Asia,2010,2011,1117.4017,951.2993,954.2814338935729,954.2150953187164,1023.0711690262808,989.80096,Model 1,train
Kyrgyz Republic,KGZ,Europe & Central Asia,2011,2012,1168.6224,1206.9768,1210.5237036237988,1210.4262473938186,1177.7786228342154,1195.2135,Model 1,train
Kyrgyz Republic,KGZ,Europe & Central Asia,2012,2013,1269.663,1262.3343,1266.2685948492165,1266.1520348066013,1266.652563421107,1280.8573,Model 1,train
Kyrgyz Republic,KGZ,Europe & Central Asia,2013,2014,1264.5267,1369.7634,1374.0006217028474,1373.8682081864883,1280.2833274486102,1320.5939,Model 1,train
Kyrgyz Republic,KGZ,Europe & Central Asia,2014,2015,1105.6519,1364.9523,1369.3308723722623,1369.194338571067,1242.1962415336802,1362.5328,Model 1,train
Kyrgyz Republic,KGZ,Europe & Central Asia,2015,2016,1103.2749,1197.437,1201.7019300849147,1201.5778244002856,1180.8551029165408,1229.6346,Model 1,train
Kyrgyz Republic,KGZ,Europe & Central Asia,2016,2017,1221.3905,1195.7467,1200.2206529980683,1200.0884188106193,1218.650865879426,1241.1653,Model 1,train
Kyrgyz Republic,KGZ,Europe & Central Asia,2017,2018,1283.5203,1321.7571,1326.6780118966808,1326.5233443076615,1372.1375592694822,1350.4315,Model 1,train
Cambodia,KHM,East Asia & Pacific,1997,1998,258.781,320.1301,318.74151672180864,318.9004259915183,284.47889397265743,314.07562,Model 1,train
Cambodia,KHM,East Asia & Pacific,1998,1999,286.7536,279.5662,278.5127361843806,278.64808388669854,280.29947209929634,280.53278,Model 1,train
Cambodia,KHM,East Asia & Pacific,1999,2000,296.4267,309.6922,308.62650365891295,308.7687596724451,303.79922652706483,307.66528,Model 1,train
Cambodia,KHM,East Asia & Pacific,2000,2001,327.501,320.5999,319.6651184380468,319.8031837321219,314.1269680585571,318.96136,Model 1,train
Cambodia,KHM,East Asia & Pacific,2001,2002,350.1473,354.3084,353.445368648237,353.58640525849074,347.0573180216936,337.78726,Model 1,train
Cambodia,KHM,East Asia & Pacific,2002,2003,386.6911,379.1453,378.41621766179105,378.5552816240475,375.860227597929,367.9107,Model 1,train
Cambodia,KHM,East Asia & Pacific,2003,2004,444.1991,418.8217,418.21336975545216,418.3535164134556,433.8737280469291,412.62064,Model 1,train
Cambodia,KHM,East Asia & Pacific,2004,2005,525.7973,480.7956,480.28119285556454,480.4270157986779,488.0976012300698,504.14053,Model 1,train
Cambodia,KHM,East Asia & Pacific,2005,2006,612.2526,568.3221,567.8838393338009,568.0392685342721,608.3263315130235,595.44293,Model 1,train
Cambodia,KHM,East Asia & Pacific,2006,2007,731.6923,660.9331,660.6000203321382,660.7631779820736,676.7994332541706,668.87683,Model 1,train
Cambodia,KHM,East Asia & Pacific,2007,2008,866.284,788.2387,787.9607230808842,788.137149189914,825.7449473247258,772.80945,Model 1,train
Cambodia,KHM,East Asia & Pacific,2008,2009,875.7489,931.3361,931.1204279674578,931.3097359388672,900.9115831280652,935.66016,Model 1,train
Cambodia,KHM,East Asia & Pacific,2009,2010,952.2746,942.6555,942.787471124996,942.9614081529436,953.4870787766612,936.7177,Model 1,train
Cambodia,KHM,East Asia & Pacific,2010,2011,1088.9815,1024.6482,1025.029451579733,1025.199726639286,1022.8111234050414,1026.0127,Model 1,train
Cambodia,KHM,East Asia & Pacific,2011,2012,1192.8026,1170.084,1170.6935545948418,1170.8660408557298,1222.059745000774,1190.3057,Model 1,train
Cambodia,KHM,East Asia & Pacific,2012,2013,1305.6601,1280.7786,1281.6751434115613,1281.843037119949,1257.377026330568,1287.5939,Model 1,train
Cambodia,KHM,East Asia & Pacific,2013,2014,1431.564,1400.6369,1401.756801918494,1401.923411305846,1426.9499682785238,1384.1328,Model 1,train
Cambodia,KHM,East Asia & Pacific,2014,2015,1547.3201,1534.1158,1535.4685138809484,1535.6335211227968,1523.4546937356931,1588.9158,Model 1,train
Cambodia,KHM,East Asia & Pacific,2015,2016,1675.1956,1656.6145,1658.1576322129429,1658.3219155779154,1692.0055333168316,1685.1177,Model 1,train
Cambodia,KHM,East Asia & Pacific,2016,2017,1826.3539,1791.5932,1793.29284731551,1793.4582510090029,1790.5411873677178,1704.0637,Model 1,train
Cambodia,KHM,East Asia & Pacific,2017,2018,2036.6738,1950.7335,1952.557971981337,1952.7263893424388,1948.2342232901883,1902.2211,Model 1,train
"Korea, Rep.",KOR,East Asia & Pacific,1991,1992,8387.1631,8191.0962,8181.581723681055,8182.89021345626,8301.433411685075,7962.302,Model 1,train
"Korea, Rep.",KOR,East Asia & Pacific,1992,1993,9179.9687,8724.5304,8716.088544094357,8717.35169742997,9258.907936280464,8384.217,Model 1,train
"Korea, Rep.",KOR,East Asia & Pacific,1993,1994,10733.9889,9543.0023,9535.532821240538,9536.75182269262,10249.054040244157,9702.683,Model 1,train
"Korea, Rep.",KOR,East Asia & Pacific,1994,1995,13001.7206,11133.3762,11124.801143823728,11126.064609082525,11667.59164938375,10600.493,Model 1,train
"Korea, Rep.",KOR,East Asia & Pacific,1995,1996,13864.9377,13442.2094,13430.381326225714,13431.75650847554,13337.107293265844,13020.364,Model 1,train
"Korea, Rep.",KOR,East Asia & Pacific,1996,1997,12821.6893,14331.3001,14321.464349436876,14322.713577547504,13051.61508069703,13489.52,Model 1,train
"Korea, Rep.",KOR,East Asia & Pacific,1997,1998,8583.4356,13288.6714,13285.11952198916,13286.097403556403,10744.03785275472,12440.29,Model 1,train
"Korea, Rep.",KOR,East Asia & Pacific,1998,1999,11062.5019,8978.3554,8984.033057301554,8984.616293118117,9752.227589682272,9313.793,Model 1,train
"Korea, Rep.",KOR,East Asia & Pacific,1999,2000,12710.2996,11522.5936,11528.33323425666,11528.897038394898,12216.597656200704,11108.395,Model 1,train
"Korea, Rep.",KOR,East Asia & Pacific,2000,2001,11981.4828,13217.1574,13225.204650642803,13225.614411962768,12442.125744335435,12666.468,Model 1,train
"Korea, Rep.",KOR,East Asia & Pacific,2001,2002,13642.9425,12489.5256,12502.455650075,12502.643664665298,13420.52565398698,12734.137,Model 1,train
"Korea, Rep.",KOR,East Asia & Pacific,2002,2003,15211.5484,14195.6689,14210.7692215322,14210.797500315895,14686.066498958087,14595.166,Model 1,train
"Korea, Rep.",KOR,East Asia & Pacific,2003,2004,17121.6302,15809.6519,15828.484273298123,15828.257669174953,16408.33245256629,15509.93,Model 1,train
"Korea, Rep.",KOR,East Asia & Pacific,2004,2005,20167.0475,17771.0954,17794.321727866678,17793.769740750675,19716.309870042925,18366.07,Model 1,train
"Korea, Rep.",KOR,East Asia & Pacific,2005,2006,22609.7059,20887.2922,20916.2890076639,20915.23561201295,21693.4658974242,20529.984,Model 1,train
"Korea, Rep.",KOR,East Asia & Pacific,2006,2007,25078.4854,23390.579,23426.64637692711,23425.0406871122,23784.709612554343,24355.838,Model 1,train
"Korea, Rep.",KOR,East Asia & Pacific,2007,2008,22252.3125,25917.7614,25961.2919536254,25959.087892228235,24519.47664308368,25952.11,Model 1,train
"Korea, Rep.",KOR,East Asia & Pacific,2008,2009,19937.3029,23075.6017,23124.769423806323,23122.538990657427,21335.975831045384,23279.809,Model 1,train
"Korea, Rep.",KOR,East Asia & Pacific,2009,2010,24071.2621,20744.2594,20798.33115133243,20796.034185844914,22514.860849108023,21388.42,Model 1,train
"Korea, Rep.",KOR,East Asia & Pacific,2010,2011,26175.2399,24957.6825,25017.660979144395,25014.73467131729,26566.606341017337,25436.805,Model 1,train
"Korea, Rep.",KOR,East Asia & Pacific,2011,2012,26600.5477,27121.9682,27191.642429375384,27188.035206779343,27287.60573306269,27666.426,Model 1,train
"Korea, Rep.",KOR,East Asia & Pacific,2012,2013,28449.3591,27570.1845,27644.85344978637,27640.958505592887,27671.0300117567,27756.676,Model 1,train
"Korea, Rep.",KOR,East Asia & Pacific,2013,2014,30667.0912,29477.9284,29563.54715409651,29558.90770958789,30586.12881817295,30057.61,Model 1,train
"Korea, Rep.",KOR,East Asia & Pacific,2014,2015,30171.7907,31761.5024,31859.517925281812,31854.013775699783,31182.490509356456,31710.398,Model 1,train
"Korea, Rep.",KOR,East Asia & Pacific,2015,2016,30832.0628,31281.7632,31385.364531458737,31379.63794711661,31143.065364069247,31678.81,Model 1,train
"Korea, Rep.",KOR,East Asia & Pacific,2016,2017,33296.9845,31971.4902,32081.609426069062,32075.482716217983,32096.566003735643,31853.611,Model 1,train
"Korea, Rep.",KOR,East Asia & Pacific,2017,2018,35363.9508,34502.3979,34625.19281295152,34618.13438982346,35534.5745109986,35283.56,Model 1,train
Kuwait,KWT,"Middle East, North Africa, Afghanistan & Pakistan",1993,1994,14929.7441,14938.0471,15010.879434435185,15002.745550397847,15201.838677622103,15559.946,Model 1,train
Kuwait,KWT,"Middle East, North Africa, Afghanistan & Pakistan",1994,1995,16168.1656,15562.6158,15637.354669531318,15628.872103250784,15807.331470061705,15728.145,Model 1,train
Kuwait,KWT,"Middle East, North Africa, Afghanistan & Pakistan",1995,1996,18201.0959,16823.5252,16901.352578295897,16892.230866887086,17918.39761999326,17031.287,Model 1,train
Kuwait,KWT,"Middle East, North Africa, Afghanistan & Pakistan",1996,1997,16977.3896,18889.4657,18971.88338988092,18961.74841913734,18031.226534470457,18521.982,Model 1,train
Kuwait,KWT,"Middle East, North Africa, Afghanistan & Pakistan",1997,1998,14066.951,17642.9701,17720.92844861984,17711.584869561066,16666.17896604917,17553.143,Model 1,train
Kuwait,KWT,"Middle East, North Africa, Afghanistan & Pakistan",1998,1999,15853.6264,14676.2849,14745.493157423592,14737.79700398804,15186.344531357783,14229.794,Model 1,train
Kuwait,KWT,"Middle East, North Africa, Afghanistan & Pakistan",1999,2000,19296.3472,16503.573,16578.90653854736,16570.24831917983,17765.771181854594,16418.004,Model 1,train
Kuwait,KWT,"Middle East, North Africa, Afghanistan & Pakistan",2000,2001,17374.2319,20012.8438,20099.236531280516,20088.68727676833,19038.55473594115,18752.293,Model 1,train
Kuwait,KWT,"Middle East, North Africa, Afghanistan & Pakistan",2001,2002,18512.7523,18064.4074,18146.72256655167,18137.199738505293,18414.436304720828,18516.438,Model 1,train
Kuwait,KWT,"Middle East, North Africa, Afghanistan & Pakistan",2002,2003,22690.6552,19229.1962,19316.180028291663,19306.012295043867,20663.505827679142,19154.637,Model 1,train
Kuwait,KWT,"Middle East, North Africa, Afghanistan & Pakistan",2003,2004,27552.2827,23476.0693,23575.759861552284,23563.298117870338,25183.25222713303,24595.791,Model 1,train
Kuwait,KWT,"Middle East, North Africa, Afghanistan & Pakistan",2004,2005,36122.6143,28397.3134,28509.942009881644,28494.834411157553,30556.8316364173,29185.336,Model 1,train
Kuwait,KWT,"Middle East, North Africa, Afghanistan & Pakistan",2005,2006,42946.6374,37028.4732,37159.52318673309,37139.85273708711,39774.27861210998,39063.496,Model 1,train
Kuwait,KWT,"Middle East, North Africa, Afghanistan & Pakistan",2006,2007,45709.4133,43872.8339,44015.48452410503,43992.380388526944,46401.77999514881,45168.4,Model 1,train
Kuwait,KWT,"Middle East, North Africa, Afghanistan & Pakistan",2007,2008,55585.1889,46644.9402,46792.31866233384,46767.98760335522,50563.58008042057,47348.133,Model 1,train
Kuwait,KWT,"Middle East, North Africa, Afghanistan & Pakistan",2008,2009,37907.1001,56515.0283,56678.86933954667,56649.449850146826,49475.87520534945,53023.953,Model 1,train
Kuwait,KWT,"Middle East, North Africa, Afghanistan & Pakistan",2009,2010,39212.2522,38865.1166,39005.19332975279,38985.12295288405,39641.884092688655,38605.227,Model 1,train
Kuwait,KWT,"Middle East, North Africa, Afghanistan & Pakistan",2010,2011,49169.6064,40200.6541,40348.73526049702,40327.89088217654,43906.71245749482,38724.62,Model 1,train
Kuwait,KWT,"Middle East, North Africa, Afghanistan & Pakistan",2011,2012,52155.2226,50210.1573,50384.19468633628,50357.98898025829,50969.58729517358,48988.42,Model 1,train
Kuwait,KWT,"Middle East, North Africa, Afghanistan & Pakistan",2012,2013,49651.0439,53233.5536,53421.18624491184,53393.28715581461,52394.10455151423,52090.15,Model 1,train
Kuwait,KWT,"Middle East, North Africa, Afghanistan & Pakistan",2013,2014,44368.7813,50767.6202,50959.26482765666,50932.481527841665,48435.96857434154,48727.45,Model 1,train
Kuwait,KWT,"Middle East, North Africa, Afghanistan & Pakistan",2014,2015,29882.2126,45505.7529,45693.58482470635,45669.416724074814,39452.81271694731,45937.36,Model 1,train
Kuwait,KWT,"Middle East, North Africa, Afghanistan & Pakistan",2015,2016,27323.6891,30917.7615,31069.24037294676,31052.85221383233,29823.93517516911,30843.914,Model 1,train
Kuwait,KWT,"Middle East, North Africa, Afghanistan & Pakistan",2016,2017,29047.6536,28341.3808,28488.510842791664,28473.41590249631,28567.30686798707,28981.227,Model 1,train
Kuwait,KWT,"Middle East, North Africa, Afghanistan & Pakistan",2017,2018,32067.9624,30107.4276,30264.26498117885,30248.14158584501,31128.647767714738,31290.996,Model 1,train
Lao PDR,LAO,East Asia & Pacific,1998,1999,272.3253,263.9926,263.251866683209,263.3456692845501,264.2736460725717,266.9747,Model 1,train
Lao PDR,LAO,East Asia & Pacific,1999,2000,318.7499,294.2839,293.4638590446036,293.5656266545107,305.17388875990315,295.93512,Model 1,train
Lao PDR,LAO,East Asia & Pacific,2000,2001,320.316,343.7087,342.7636439348375,342.87738191283944,331.5025299021689,346.03006,Model 1,train
Lao PDR,LAO,East Asia & Pacific,2001,2002,313.3508,345.8337,345.0068723049576,345.11529444755894,335.04202241663404,338.39908,Model 1,train
Lao PDR,LAO,East Asia & Pacific,2002,2003,355.0972,338.8002,338.09051593209364,338.1927693305892,341.9776086083414,332.19867,Model 1,train
Lao PDR,LAO,East Asia & Pacific,2003,2004,409.2963,383.2614,382.4642624542288,382.57576209918307,385.67852985068765,374.028,Model 1,train
Lao PDR,LAO,East Asia & Pacific,2004,2005,466.0615,440.9318,440.03873309121815,440.1605660047279,456.5129520875182,434.5414,Model 1,train
Lao PDR,LAO,East Asia & Pacific,2005,2006,579.3919,501.478,500.5572377471309,500.6855482271093,546.6216605236546,487.2484,Model 1,train
Lao PDR,LAO,East Asia & Pacific,2006,2007,697.323,621.2091,620.0056131511642,620.1561949421098,675.0546744038553,624.65326,Model 1,train
Lao PDR,LAO,East Asia & Pacific,2007,2008,885.7474,745.9211,744.557785872638,744.7226068266397,765.9118078886582,731.458,Model 1,train
Lao PDR,LAO,East Asia & Pacific,2008,2009,935.0324,944.0867,942.34236400216,942.5323146174431,947.3531571338624,936.8794,Model 1,train
Lao PDR,LAO,East Asia & Pacific,2009,2010,1125.9161,997.3689,995.9478679953464,996.1230587968302,1016.9372382476354,1009.6898,Model 1,train
Lao PDR,LAO,East Asia & Pacific,2010,2011,1361.547,1198.3248,1196.787568716491,1196.9701882305435,1240.2596524420885,1183.3698,Model 1,train
Lao PDR,LAO,East Asia & Pacific,2011,2012,1563.5651,1446.3036,1444.790134326231,1444.9691720853714,1510.3548353405806,1462.7382,Model 1,train
Lao PDR,LAO,East Asia & Pacific,2012,2013,1812.5177,1658.6571,1657.2301357820802,1657.4003241315834,1642.6872218087854,1603.0265,Model 1,train
Lao PDR,LAO,East Asia & Pacific,2013,2014,1981.0391,1919.6747,1918.321165429241,1918.4788276186632,1845.9422699989675,1791.2155,Model 1,train
Lao PDR,LAO,East Asia & Pacific,2014,2015,2121.0134,2097.4897,2096.5749914442613,2096.703327045234,2037.0472800964951,2002.4554,Model 1,train
Lao PDR,LAO,East Asia & Pacific,2015,2016,2303.2216,2244.3419,2243.5956615763776,2243.709849788657,2272.693074137362,2206.9485,Model 1,train
Lao PDR,LAO,East Asia & Pacific,2016,2017,2432.4306,2434.897,2434.262022114862,2434.3618952647166,2407.023804045879,2368.678,Model 1,train
Lao PDR,LAO,East Asia & Pacific,2017,2018,2545.1075,2570.6209,2570.2564518830686,2570.3369056446604,2677.048406256898,2531.487,Model 1,train
Lebanon,LBN,"Middle East, North Africa, Afghanistan & Pakistan",2009,2010,7625.8105,7514.4228,7554.923484921883,7551.965412525667,7408.60025607171,7643.627,Model 1,train
Lebanon,LBN,"Middle East, North Africa, Afghanistan & Pakistan",2010,2011,7834.9626,8074.4009,8118.3615254121905,8115.112613550984,8081.720711441573,8404.454,Model 1,train
Lebanon,LBN,"Middle East, North Africa, Afghanistan & Pakistan",2011,2012,8406.9841,8295.9361,8341.988647444346,8338.592052775153,8385.26883373734,8624.067,Model 1,train
Lebanon,LBN,"Middle East, North Africa, Afghanistan & Pakistan",2012,2013,8162.3793,8892.103,8941.208920290781,8937.547379555423,8683.544126315692,9715.544,Model 1,train
Lebanon,LBN,"Middle East, North Africa, Afghanistan & Pakistan",2013,2014,7577.6413,8639.3443,8686.98127060049,8683.533463343394,8268.745147108872,8891.76,Model 1,train
Lebanon,LBN,"Middle East, North Africa, Afghanistan & Pakistan",2014,2015,7714.11,8033.5597,8078.365581968019,8075.271061583232,8017.612009373089,8323.97,Model 1,train
Lebanon,LBN,"Middle East, North Africa, Afghanistan & Pakistan",2015,2016,8089.0121,8177.5146,8223.393959632856,8220.232409756458,8243.666626382847,8433.592,Model 1,train
Lebanon,LBN,"Middle East, North Africa, Afghanistan & Pakistan",2016,2017,8608.2108,8567.559,8615.424715603853,8612.064270927845,8616.142091489566,8891.446,Model 1,train
Lebanon,LBN,"Middle East, North Africa, Afghanistan & Pakistan",2017,2018,9174.5367,9103.6906,9153.250958932838,9149.671051095613,9038.963813343496,9672.61,Model 1,train
Liberia,LBR,Sub-Saharan Africa ,2002,2003,239.7796,320.3573,318.8151240617494,318.93902142011706,280.06261839369955,318.58212,Model 1,train
Liberia,LBR,Sub-Saharan Africa ,2003,2004,284.1402,256.9803,255.65334569546584,255.7629272460623,267.2807322434501,264.96252,Model 1,train
Liberia,LBR,Sub-Saharan Africa ,2004,2005,287.4873,305.6139,304.55218571081144,304.6512549187623,293.3992698633772,301.59613,Model 1,train
Liberia,LBR,Sub-Saharan Africa ,2005,2006,320.5581,309.7328,308.8049394700688,308.8987149238139,302.75730641233633,316.168,Model 1,train
Liberia,LBR,Sub-Saharan Africa ,2006,2007,374.2113,345.1738,344.2268716020676,344.32530515512633,365.5796046880991,346.98706,Model 1,train
Liberia,LBR,Sub-Saharan Africa ,2007,2008,451.7139,402.2752,401.2259097495703,401.33403126022375,415.9507050831257,388.40164,Model 1,train
Liberia,LBR,Sub-Saharan Africa ,2008,2009,448.3864,484.3083,483.0496475432391,483.1730584139132,460.8257926864462,479.12125,Model 1,train
Liberia,LBR,Sub-Saharan Africa ,2009,2010,492.2528,481.2946,480.17090418746585,480.28880881868895,474.6141105484056,473.624,Model 1,train
Liberia,LBR,Sub-Saharan Africa ,2010,2011,568.0879,527.6682,526.4292108114431,526.555795424861,552.4270423911022,522.18146,Model 1,train
Liberia,LBR,Sub-Saharan Africa ,2011,2012,638.3688,607.3213,605.7800194114216,605.9259995533444,616.2081315763661,594.7531,Model 1,train
Liberia,LBR,Sub-Saharan Africa ,2012,2013,710.7446,681.281,679.5339842822632,679.6937043629806,639.7162936081876,618.83154,Model 1,train
Liberia,LBR,Sub-Saharan Africa ,2013,2014,706.7145,757.2064,755.2214472579477,755.395313101907,723.375936948124,718.6359,Model 1,train
Liberia,LBR,Sub-Saharan Africa ,2014,2015,692.5901,751.5412,749.1578068188353,749.3538485807597,723.4734017559246,722.1287,Model 1,train
Liberia,LBR,Sub-Saharan Africa ,2015,2016,714.6131,736.8698,734.5557223864006,734.7496863171957,727.7325348959356,711.32544,Model 1,train
Liberia,LBR,Sub-Saharan Africa ,2016,2017,699.2691,762.0782,760.2672784669279,760.436951983463,713.611255662109,706.5391,Model 1,train
Liberia,LBR,Sub-Saharan Africa ,2017,2018,692.2031,746.5588,744.9408990077411,745.1019857572657,727.8921024235093,707.75366,Model 1,train
Libya,LBY,"Middle East, North Africa, Afghanistan & Pakistan",1999,2000,7214.1004,7192.3001,7198.18869351387,7197.134171203376,7274.215743893797,6998.117,Model 1,train
Libya,LBY,"Middle East, North Africa, Afghanistan & Pakistan",2000,2001,6312.8003,7517.404,7522.555103117822,7521.486233809431,7056.000898823728,7000.1064,Model 1,train
Libya,LBY,"Middle East, North Africa, Afghanistan & Pakistan",2001,2002,3718.2943,6597.8482,6604.103864896667,6603.169755745161,5099.577623611476,6345.6426,Model 1,train
Libya,LBY,"Middle East, North Africa, Afghanistan & Pakistan",2002,2003,4674.0994,3929.8249,3937.107746809803,3936.5677394314607,4160.042968391133,3875.0833,Model 1,train
Libya,LBY,"Middle East, North Africa, Afghanistan & Pakistan",2003,2004,5773.7633,4919.1908,4927.096055618265,4926.388030272528,5327.402072222366,4897.635,Model 1,train
Libya,LBY,"Middle East, North Africa, Afghanistan & Pakistan",2004,2005,8079.2496,6053.168,6061.592537562495,6060.682433487217,6766.342266157296,6129.492,Model 1,train
Libya,LBY,"Middle East, North Africa, Afghanistan & Pakistan",2005,2006,10048.848,8416.4044,8424.727653411805,8423.39296716924,9267.023395338638,8368.623,Model 1,train
Libya,LBY,"Middle East, North Africa, Afghanistan & Pakistan",2006,2007,11144.9448,10425.9702,10433.776941135193,10432.063507708046,10913.422298664647,9914.434,Model 1,train
Libya,LBY,"Middle East, North Africa, Afghanistan & Pakistan",2007,2008,13906.1408,11542.6542,11550.326574141996,11548.39273548298,12343.16760898826,11460.149,Model 1,train
Libya,LBY,"Middle East, North Africa, Afghanistan & Pakistan",2008,2009,9551.054,14341.76,14347.323525707474,14344.862521262408,11250.653395304102,12859.177,Model 1,train
Libya,LBY,"Middle East, North Africa, Afghanistan & Pakistan",2009,2010,11600.9069,9929.4507,9939.849105149,9938.172632458216,10616.711019073597,9771.967,Model 1,train
Libya,LBY,"Middle East, North Africa, Afghanistan & Pakistan",2010,2011,7593.8392,12015.7297,12025.322291297733,12023.25641531464,9583.243574420676,11372.094,Model 1,train
Libya,LBY,"Middle East, North Africa, Afghanistan & Pakistan",2011,2012,14975.8903,7891.0904,7890.831732820949,7890.111974188007,9866.396619705714,7690.43,Model 1,train
Libya,LBY,"Middle East, North Africa, Afghanistan & Pakistan",2012,2013,11951.7134,15431.2398,15438.25285512049,15435.429854410952,12720.040703707618,13700.643,Model 1,train
Libya,LBY,"Middle East, North Africa, Afghanistan & Pakistan",2013,2014,8926.4207,12376.4303,12387.422876021985,12385.164137216469,9960.655597030996,11479.686,Model 1,train
Libya,LBY,"Middle East, North Africa, Afghanistan & Pakistan",2014,2015,7458.4892,9275.3733,9281.082592156305,9279.793940921743,8720.17611459371,9199.123,Model 1,train
Libya,LBY,"Middle East, North Africa, Afghanistan & Pakistan",2015,2016,7525.803,7785.0205,7793.689927283268,7792.549091107686,8140.949427261022,7751.523,Model 1,train
Libya,LBY,"Middle East, North Africa, Afghanistan & Pakistan",2016,2017,9965.8324,7856.6065,7865.919412452164,7864.744155322378,8836.025994134121,7979.976,Model 1,train
Libya,LBY,"Middle East, North Africa, Afghanistan & Pakistan",2017,2018,11196.5855,10367.0845,10381.077598153404,10379.181636135529,10709.904339664385,10156.762,Model 1,train
St. Lucia,LCA,Latin America & Caribbean ,1995,1996,5244.0167,5441.4297,5475.871535156209,5471.66500908474,5369.583209714171,5667.459,Model 1,train
St. Lucia,LCA,Latin America & Caribbean ,1996,1997,5282.3701,5537.9441,5571.931194111413,5567.705303898494,5434.362286492513,5742.6436,Model 1,train
St. Lucia,LCA,Latin America & Caribbean ,1997,1998,5672.5137,5574.9705,5608.309497112796,5604.105900413251,5617.7053947391105,5678.138,Model 1,train
St. Lucia,LCA,Latin America & Caribbean ,1998,1999,5882.834,5976.4115,6010.9647007285785,6006.489552864533,5910.975997219749,6136.0776,Model 1,train
St. Lucia,LCA,Latin America & Caribbean ,1999,2000,5879.5619,6193.4188,6228.813609604465,6224.184865738435,5872.011023973769,6389.7183,Model 1,train
St. Lucia,LCA,Latin America & Caribbean ,2000,2001,5570.4525,6191.2359,6226.894671362531,6222.2609372696115,5856.02695219649,6394.412,Model 1,train
St. Lucia,LCA,Latin America & Caribbean ,2001,2002,5567.8943,5880.5751,5917.244133242415,5912.730702179211,5890.441031826298,6244.4214,Model 1,train
St. Lucia,LCA,Latin America & Caribbean ,2002,2003,6058.6062,5882.7209,5920.713254278033,5916.134316260694,5957.0862213498485,6164.9243,Model 1,train
St. Lucia,LCA,Latin America & Caribbean ,2003,2004,6494.6003,6397.5005,6440.001430839337,6434.91362441121,6373.398049099692,6519.604,Model 1,train
St. Lucia,LCA,Latin America & Caribbean ,2004,2005,6863.4364,6852.4446,6898.387649143905,6892.876390812302,6955.142442521789,7196.1533,Model 1,train
St. Lucia,LCA,Latin America & Caribbean ,2005,2006,7611.1786,7234.9137,7283.167467687204,7277.32985981908,7553.018635058425,7686.727,Model 1,train
St. Lucia,LCA,Latin America & Caribbean ,2006,2007,7964.3821,8010.8983,8064.309283060196,8057.774428691523,7992.685100534886,8231.623,Model 1,train
St. Lucia,LCA,Latin America & Caribbean ,2007,2008,8516.9608,8376.1045,8431.65183978058,8424.804868754805,8398.994535722559,8358.916,Model 1,train
St. Lucia,LCA,Latin America & Caribbean ,2008,2009,8250.5218,8947.0768,9006.015163255763,8998.671642616637,8636.34244991091,9392.125,Model 1,train
St. Lucia,LCA,Latin America & Caribbean ,2009,2010,8673.6872,8672.3925,8729.787529380606,8722.686865491887,8740.523820476415,8841.094,Model 1,train
St. Lucia,LCA,Latin America & Caribbean ,2010,2011,9128.9944,9103.7962,9162.136558706776,9154.746696085287,9108.96003664852,9457.992,Model 1,train
St. Lucia,LCA,Latin America & Caribbean ,2011,2012,9260.3001,9576.0684,9637.865560814982,9630.02855156782,9659.09916928366,10142.833,Model 1,train
St. Lucia,LCA,Latin America & Caribbean ,2012,2013,9577.2173,9708.4704,9770.1634796208,9762.2603966861,9713.862611697292,10142.833,Model 1,train
St. Lucia,LCA,Latin America & Caribbean ,2013,2014,10044.8218,10029.4863,10091.43205038272,10083.33523834973,9995.808213305509,10268.14,Model 1,train
St. Lucia,LCA,Latin America & Caribbean ,2014,2015,10334.9861,10508.5249,10572.49234017011,10564.016082247465,10648.61986001078,10601.393,Model 1,train
St. Lucia,LCA,Latin America & Caribbean ,2015,2016,10638.1269,10812.4332,10879.59823873729,10870.781330151643,10819.476661512052,10639.12,Model 1,train
St. Lucia,LCA,Latin America & Caribbean ,2016,2017,11333.1124,11112.5985,11178.157705108157,11169.254499721425,11164.808732113705,11111.986,Model 1,train
St. Lucia,LCA,Latin America & Caribbean ,2017,2018,11642.6985,11822.2684,11890.520055162826,11881.061856874469,11596.59812953495,11788.028,Model 1,train
Sri Lanka,LKA,South Asia,1994,1995,741.8383,739.923,741.8926787981273,741.9641081462688,746.3517013046875,751.5728,Model 1,train
Sri Lanka,LKA,South Asia,1995,1996,776.1924,806.8478,808.6070674133384,808.6997906972329,800.2139925640311,793.1808,Model 1,train
Sri Lanka,LKA,South Asia,1996,1997,827.0358,843.5973,845.409750321232,845.5061714523616,855.8239115488753,824.6029,Model 1,train
Sri Lanka,LKA,South Asia,1997,1998,847.5336,897.8617,899.73531446732,899.8372227739634,855.7676039109323,890.7444,Model 1,train
Sri Lanka,LKA,South Asia,1998,1999,829.3564,920.0728,922.0602561580496,922.1608312111366,841.0940117460075,914.0296,Model 1,train
Sri Lanka,LKA,South Asia,1999,2000,860.1999,901.3572,903.4938542516956,903.5860399724623,865.8264855542703,935.3149,Model 1,train
Sri Lanka,LKA,South Asia,2000,2001,803.544,935.8643,938.4876328105076,938.560772315527,871.9659538224471,994.24176,Model 1,train
Sri Lanka,LKA,South Asia,2001,2002,834.936,876.7612,879.6703549799972,879.7223454720071,866.376005574919,908.9059,Model 1,train
Sri Lanka,LKA,South Asia,2002,2003,946.3823,911.3185,914.5658773009524,914.605947534391,921.24568379944,935.37823,Model 1,train
Sri Lanka,LKA,South Asia,2003,2004,1028.6207,1030.7238,1034.302490994363,1034.3413664241923,1049.4031374257404,1086.4027,Model 1,train
Sri Lanka,LKA,South Asia,2004,2005,1207.2199,1106.3777,1106.7212946915313,1106.9374340165732,1116.1559888692316,1119.7521,Model 1,train
Sri Lanka,LKA,South Asia,2005,2006,1388.8974,1310.2383,1314.824894000404,1314.844176295322,1361.2931572787716,1384.1764,Model 1,train
Sri Lanka,LKA,South Asia,2006,2007,1578.6345,1502.1619,1506.8181534558587,1506.852950221731,1593.5479463215113,1637.6104,Model 1,train
Sri Lanka,LKA,South Asia,2007,2008,1973.5848,1703.5262,1708.6296934882118,1708.659113401466,1833.7867852117115,1774.689,Model 1,train
Sri Lanka,LKA,South Asia,2008,2009,2026.6594,2117.7525,2122.7105239590596,2122.7765391222156,2089.0751350396827,2201.3184,Model 1,train
Sri Lanka,LKA,South Asia,2009,2010,2808.3624,2161.5663,2163.184257392515,2163.427169512569,2368.0427777390432,2112.919,Model 1,train
Sri Lanka,LKA,South Asia,2010,2011,3224.9575,3005.6457,3014.8749171252807,3014.75830609211,3169.8206074666937,3107.4812,Model 1,train
Sri Lanka,LKA,South Asia,2011,2012,3327.7761,3444.0082,3454.452915247358,3454.2835905574234,3472.191612770315,3629.8206,Model 1,train
Sri Lanka,LKA,South Asia,2012,2013,3739.4318,3555.35,3567.0075097232284,3566.7792452644635,3736.680481823023,3617.4316,Model 1,train
Sri Lanka,LKA,South Asia,2013,2014,3972.0438,3989.2727,4002.741257526825,4002.4097456561185,4022.649774216713,4160.003,Model 1,train
Sri Lanka,LKA,South Asia,2014,2015,4057.7158,4234.2926,4248.742853145763,4248.362941997498,4154.389248134824,4169.917,Model 1,train
Sri Lanka,LKA,South Asia,2015,2016,4149.1919,4326.1184,4341.373566320189,4340.9551017624135,4228.4058838778965,4190.6914,Model 1,train
Sri Lanka,LKA,South Asia,2016,2017,4398.8883,4423.1138,4438.931034859459,4438.487534636733,4405.919038927288,4459.998,Model 1,train
Sri Lanka,LKA,South Asia,2017,2018,4358.561,4684.761,4701.339844866101,4700.858983800063,4526.610274819378,4767.925,Model 1,train
Lesotho,LSO,Sub-Saharan Africa ,1996,1997,501.9814,509.7832,507.6214324499507,507.7577727996077,500.3448189700344,523.5275,Model 1,train
Lesotho,LSO,Sub-Saharan Africa ,2000,2001,412.6775,464.0934,460.1757884611628,460.40521561804405,452.5850857483074,452.77576,Model 1,train
Lesotho,LSO,Sub-Saharan Africa ,2001,2002,388.9233,431.4512,427.3821581849773,427.62028609546144,407.9240343479591,408.7234,Model 1,train
Lesotho,LSO,Sub-Saharan Africa ,2002,2003,583.27,405.9215,401.8026709930384,402.0438275224216,468.2399740889868,413.69257,Model 1,train
Lesotho,LSO,Sub-Saharan Africa ,2003,2004,766.6858,602.21,595.3034598960152,595.6794386361711,673.7400954379593,622.0409,Model 1,train
Lesotho,LSO,Sub-Saharan Africa ,2004,2005,861.3815,785.4685,775.6650216106017,776.1760320584438,857.6850332095713,818.845,Model 1,train
Lesotho,LSO,Sub-Saharan Africa ,2005,2006,925.4675,879.4715,868.0918050967375,868.6744786734101,898.1950558443882,913.7302,Model 1,train
Lesotho,LSO,Sub-Saharan Africa ,2006,2007,861.1884,942.5322,929.9638402914836,930.6008791613516,887.1568735597674,943.6738,Model 1,train
Lesotho,LSO,Sub-Saharan Africa ,2007,2008,898.4825,879.3833,868.0339735218722,868.6151087116957,898.8765223550405,913.7302,Model 1,train
Lesotho,LSO,Sub-Saharan Africa ,2008,2009,878.848,918.0973,906.5777853254287,907.1645325692364,892.380336611061,973.58417,Model 1,train
Lesotho,LSO,Sub-Saharan Africa ,2009,2010,1119.4756,900.0774,889.2620374914626,889.8150868654294,974.5647048422892,990.5328,Model 1,train
Lesotho,LSO,Sub-Saharan Africa ,2010,2011,1280.7339,1143.5775,1130.155598380778,1130.8170507375644,1199.1970100752358,1163.6436,Model 1,train
Lesotho,LSO,Sub-Saharan Africa ,2011,2012,1217.9307,1307.497,1292.6415568843308,1293.357359369707,1261.9804918347302,1308.4244,Model 1,train
Lesotho,LSO,Sub-Saharan Africa ,2012,2013,1151.0374,1248.6115,1235.6064174718094,1236.235959749684,1196.6562341635972,1234.515,Model 1,train
Lesotho,LSO,Sub-Saharan Africa ,2013,2014,1173.5378,1185.1664,1173.9605158859893,1174.5066455397653,1188.4563352449627,1249.4858,Model 1,train
Lesotho,LSO,Sub-Saharan Africa ,2014,2015,1121.1985,1211.4853,1200.9905907602208,1201.4983331701485,1165.848760638821,1201.821,Model 1,train
Lesotho,LSO,Sub-Saharan Africa ,2015,2016,992.4918,1161.4687,1152.293000810564,1152.740157292455,1060.0529504802814,1162.796,Model 1,train
Lesotho,LSO,Sub-Saharan Africa ,2016,2017,1069.3667,1033.4083,1026.1799899447449,1026.542289870844,1022.1770045826948,1027.8123,Model 1,train
Lesotho,LSO,Sub-Saharan Africa ,2017,2018,1170.6557,1114.347,1107.1334021674345,1107.4876024776183,1080.1635789231038,1069.4474,Model 1,train
Lithuania,LTU,Europe & Central Asia,1996,1997,2844.1629,2495.0362,2501.7141493447907,2501.2638554860296,2667.6624921522293,2375.0342,Model 1,train
Lithuania,LTU,Europe & Central Asia,1997,1998,3180.645,3025.5624,3034.412656551557,3033.769598151121,3086.0516137196378,2950.3901,Model 1,train
Lithuania,LTU,Europe & Central Asia,1998,1999,3127.5118,3378.3423,3388.3752119862465,3387.6113288008314,3304.26269289803,3349.5073,Model 1,train
Lithuania,LTU,Europe & Central Asia,1999,2000,3300.6363,3325.9405,3336.736756581784,3335.939375775371,3189.0083120006693,3193.828,Model 1,train
Lithuania,LTU,Europe & Central Asia,2000,2001,3532.5279,3510.0467,3522.251012603068,3521.346704750863,3711.368738241168,3505.2358,Model 1,train
Lithuania,LTU,Europe & Central Asia,2001,2002,4148.1309,3748.1675,3759.910576670225,3758.9855156023673,4018.6012843487047,3701.5183,Model 1,train
Lithuania,LTU,Europe & Central Asia,2002,2003,5507.4743,4388.0093,4400.992851018474,4399.880217595396,4873.924255373719,4368.4272,Model 1,train
Lithuania,LTU,Europe & Central Asia,2003,2004,6734.5749,5796.4685,5812.265913855109,5810.708222027934,6205.490435792616,5915.207,Model 1,train
Lithuania,LTU,Europe & Central Asia,2004,2005,7857.0315,7057.1546,7073.758916769429,7071.85917071251,7593.309416277408,7214.335,Model 1,train
Lithuania,LTU,Europe & Central Asia,2005,2006,9210.1012,8193.4342,8206.924552792174,8204.890587250728,8783.845574242578,8051.0435,Model 1,train
Lithuania,LTU,Europe & Central Asia,2006,2007,12295.1213,9568.7928,9581.048606411112,9578.69875283256,11479.749859156613,9763.909,Model 1,train
Lithuania,LTU,Europe & Central Asia,2007,2008,14955.5345,12693.8278,12703.126692222611,12700.01567687857,13815.277970962652,11978.289,Model 1,train
Lithuania,LTU,Europe & Central Asia,2008,2009,11854.3711,15413.035,15429.354699736448,15425.014526747114,13160.022953827358,14194.838,Model 1,train
Lithuania,LTU,Europe & Central Asia,2009,2010,11829.1226,12308.6918,12335.70312674916,12331.75719163552,12195.790185974918,11879.69,Model 1,train
Lithuania,LTU,Europe & Central Asia,2010,2011,14261.8434,12294.0261,12324.356157544838,12320.215043878055,12985.234186481684,12122.248,Model 1,train
Lithuania,LTU,Europe & Central Asia,2011,2012,14288.1853,14776.7182,14812.211649475756,14806.991600360128,14489.970231286516,13391.578,Model 1,train
Lithuania,LTU,Europe & Central Asia,2012,2013,15636.5253,14814.5922,14853.423203066575,14847.996975195954,15196.916925765174,14440.694,Model 1,train
Lithuania,LTU,Europe & Central Asia,2013,2014,16446.1647,16184.8854,16225.759997993073,16219.760892018505,15195.790797299896,15000.031,Model 1,train
Lithuania,LTU,Europe & Central Asia,2014,2015,14269.804,17030.5016,17079.347462516413,17072.633268273825,16277.85371681313,16964.064,Model 1,train
Lithuania,LTU,Europe & Central Asia,2015,2016,14934.2703,14813.1091,14857.124521917756,14851.3878349551,14945.576194401094,15093.217,Model 1,train
Lithuania,LTU,Europe & Central Asia,2016,2017,16800.151,15501.8629,15550.741924233003,15544.50566029414,16370.200676213048,15640.955,Model 1,train
Lithuania,LTU,Europe & Central Asia,2017,2018,19247.2315,17431.2763,17492.92086712931,17485.34263362893,18698.979453600165,18415.037,Model 1,train
Luxembourg,LUX,Europe & Central Asia,1992,1993,40066.7243,40499.9705,40701.12988448046,40669.00840044347,40704.74073323488,41912.17,Model 1,train
Luxembourg,LUX,Europe & Central Asia,1993,1994,43933.2354,40990.25,41190.66838411113,41158.3345714665,42284.829135596585,42244.56,Model 1,train
Luxembourg,LUX,Europe & Central Asia,1994,1995,51032.3496,44932.0368,45164.63570393122,45128.1822796064,47084.18514286712,44213.562,Model 1,train
Luxembourg,LUX,Europe & Central Asia,1995,1996,50444.3591,52049.042,52310.186486960054,52267.74074209762,48988.264800000856,48853.312,Model 1,train
Luxembourg,LUX,Europe & Central Asia,1996,1997,46641.6409,51461.3625,51719.8468777736,51677.992748549295,48238.78085040595,48653.246,Model 1,train
Luxembourg,LUX,Europe & Central Asia,1997,1998,47445.3811,47699.5982,47956.15152483219,47916.87038229447,48500.70282037753,48023.77,Model 1,train
Luxembourg,LUX,Europe & Central Asia,1998,1999,50872.4493,48519.7266,48783.12772534333,48743.025832902145,50058.97489943886,48124.586,Model 1,train
Luxembourg,LUX,Europe & Central Asia,1999,2000,48659.5989,52044.3528,52347.10289590042,52302.74679383093,50102.88940158204,49294.78,Model 1,train
Luxembourg,LUX,Europe & Central Asia,2000,2001,48440.142,49837.3603,50133.42133265655,50090.897091002866,50641.81985265411,49599.883,Model 1,train
Luxembourg,LUX,Europe & Central Asia,2001,2002,53005.7339,49610.3385,49902.97290872785,49860.834081323934,51645.08123102039,48485.383,Model 1,train
Luxembourg,LUX,Europe & Central Asia,2002,2003,65689.3215,54203.6947,54520.17754047135,54473.90821258885,60662.96838315823,52508.66,Model 1,train
Luxembourg,LUX,Europe & Central Asia,2003,2004,76544.9171,66838.4273,67193.86460840862,67137.39106973885,73747.98296779183,70223.49,Model 1,train
Luxembourg,LUX,Europe & Central Asia,2004,2005,80988.1376,77902.4575,78370.89494853836,78301.19303453398,83837.54420481935,84520.42,Model 1,train
Luxembourg,LUX,Europe & Central Asia,2005,2006,90788.8005,82389.1968,82893.08149638916,82818.60746027507,89622.01767696504,84520.42,Model 1,train
Luxembourg,LUX,Europe & Central Asia,2006,2007,107475.3203,92108.34,92643.9130036799,92561.2872038575,96857.4479739004,96540.64,Model 1,train
Luxembourg,LUX,Europe & Central Asia,2007,2008,120422.1379,108682.7906,109290.47645578724,109192.71754263432,112693.1783067102,96872.66,Model 1,train
Luxembourg,LUX,Europe & Central Asia,2008,2009,109419.747,121830.3807,122583.33172735071,122468.85692047216,112691.495575571,115984.3,Model 1,train
Luxembourg,LUX,Europe & Central Asia,2009,2010,110885.9914,110940.3568,111647.64845997278,111543.46690819509,113033.67983678236,115270.734,Model 1,train
Luxembourg,LUX,Europe & Central Asia,2010,2011,119025.0572,112391.5922,113102.6897472747,112997.5038445091,115848.96740406516,115270.734,Model 1,train
Luxembourg,LUX,Europe & Central Asia,2011,2012,112584.6763,120566.1306,121341.32090797984,121227.29822254088,115816.72119355093,115594.6,Model 1,train
Luxembourg,LUX,Europe & Central Asia,2012,2013,120000.1407,114280.9887,115054.05467227836,114944.82147592562,118345.6328634472,116381.625,Model 1,train
Luxembourg,LUX,Europe & Central Asia,2013,2014,123678.7021,121765.053,122606.75433756543,122488.96792291684,117413.83991996228,120137.37,Model 1,train
Luxembourg,LUX,Europe & Central Asia,2014,2015,105462.0126,125546.4644,126441.40751719732,126318.4691704179,113802.93956366093,120490.66,Model 1,train
Luxembourg,LUX,Europe & Central Asia,2015,2016,106899.2935,107417.961,108212.28376844151,108107.44844597924,107912.935811161,95862.37,Model 1,train
Luxembourg,LUX,Europe & Central Asia,2016,2017,110193.2138,108952.0895,109781.72795087176,109674.22306573536,109055.85084869312,94129.96,Model 1,train
Luxembourg,LUX,Europe & Central Asia,2017,2018,116926.7596,112073.4973,112872.45665744269,112764.7240438398,112666.6282938501,117699.04,Model 1,train
Latvia,LVA,Europe & Central Asia,1996,1997,2609.8931,2508.7929,2514.443348622637,2513.946518468558,2624.3765343056493,2501.8857,Model 1,train
Latvia,LVA,Europe & Central Asia,1997,1998,2893.8,2772.4295,2779.3536525496147,2778.7400044529313,2851.513976099577,2684.4924,Model 1,train
Latvia,LVA,Europe & Central Asia,1998,1999,3063.8979,3065.0341,3071.518940629398,3070.869247324987,3110.297743819514,2962.5393,Model 1,train
Latvia,LVA,Europe & Central Asia,1999,2000,3278.179,3247.2162,3255.449405676203,3254.669534290658,3060.8884312665814,2996.6748,Model 1,train
Latvia,LVA,Europe & Central Asia,2000,2001,3504.6183,3474.3925,3484.2317903743105,3483.3178710983216,3423.1759705709014,3350.827,Model 1,train
Latvia,LVA,Europe & Central Asia,2001,2002,4003.6094,3713.4111,3724.7305710759415,3723.6834512548426,3835.467273160906,3702.8176,Model 1,train
Latvia,LVA,Europe & Central Asia,2002,2003,4914.5799,4232.6951,4245.347593732786,4244.109275167095,4227.684334387084,4074.0513,Model 1,train
Latvia,LVA,Europe & Central Asia,2003,2004,6109.7327,5177.8954,5192.83564942452,5191.2443278018845,5494.357159949218,5457.2437,Model 1,train
Latvia,LVA,Europe & Central Asia,2004,2005,7283.7874,6420.3912,6440.134776558576,6437.959320165618,6644.493139629956,6512.899,Model 1,train
Latvia,LVA,Europe & Central Asia,2005,2006,9211.7374,7614.2429,7632.150750156443,7629.726154388353,8303.241866517605,7814.793,Model 1,train
Latvia,LVA,Europe & Central Asia,2006,2007,13370.9789,9572.0406,9587.899741838271,9584.98149489551,11476.862549490716,10160.918,Model 1,train
Latvia,LVA,Europe & Central Asia,2007,2008,15677.6081,13793.4267,13809.738373745631,13805.383736670045,14464.919743743878,13533.924,Model 1,train
Latvia,LVA,Europe & Central Asia,2008,2009,11996.0323,16175.5615,16206.30733551522,16200.331671892636,13116.677533763866,14101.576,Model 1,train
Latvia,LVA,Europe & Central Asia,2009,2010,11188.4192,12465.6596,12500.542942679109,12495.64127586975,11908.128997866765,11986.528,Model 1,train
Latvia,LVA,Europe & Central Asia,2010,2011,12902.5741,11654.9007,11692.329266994897,11687.544618202726,11921.755578784654,11678.728,Model 1,train
Latvia,LVA,Europe & Central Asia,2011,2012,13329.35,13404.6692,13445.85596275674,13440.246694431176,13605.543142068427,12822.305,Model 1,train
Latvia,LVA,Europe & Central Asia,2012,2013,14484.4715,13845.9136,13889.884013421664,13883.955153369208,14348.963900632009,13105.65,Model 1,train
Latvia,LVA,Europe & Central Asia,2013,2014,15185.8146,15027.914,15075.97464851991,15069.388309106447,15086.43925494304,14611.864,Model 1,train
Latvia,LVA,Europe & Central Asia,2014,2015,13321.9753,15745.952,15796.84634534332,15789.832017622984,14576.961064465935,15228.635,Model 1,train
Latvia,LVA,Europe & Central Asia,2015,2016,13838.5267,13862.765,13913.979368662229,13907.6254047948,14203.803246759417,14188.545,Model 1,train
Latvia,LVA,Europe & Central Asia,2016,2017,15132.4958,14392.7638,14446.224830733963,14439.54790575958,14469.929916327605,14470.196,Model 1,train
Latvia,LVA,Europe & Central Asia,2017,2018,17252.171,15711.7928,15768.631800150188,15761.27702991552,16218.170880300511,15636.108,Model 1,train
"Macao SAR, China",MAC,East Asia & Pacific,1994,1995,17215.1179,16646.4837,16770.13209640573,16756.205871894257,16977.417944997775,16654.459,Model 1,train
"Macao SAR, China",MAC,East Asia & Pacific,1995,1996,17289.5518,17964.9661,18089.144016119764,18074.528965096622,17642.345143084076,19170.352,Model 1,train
"Macao SAR, China",MAC,East Asia & Pacific,1996,1997,17415.6983,18075.2067,18209.44130548767,18194.262640773595,17464.800399697426,18829.781,Model 1,train
"Macao SAR, China",MAC,East Asia & Pacific,1997,1998,16094.9914,18208.7588,18344.929954839885,18329.586450377465,17372.918981038747,18907.518,Model 1,train
"Macao SAR, China",MAC,East Asia & Pacific,1998,1999,15318.6007,16879.5272,17014.576404383628,17000.03139486034,16219.6129234867,16727.17,Model 1,train
"Macao SAR, China",MAC,East Asia & Pacific,1999,2000,15731.4082,16110.6773,16248.887481942204,16234.605921438602,15596.031550858115,15770.35,Model 1,train
"Macao SAR, China",MAC,East Asia & Pacific,2000,2001,15810.7228,16583.5515,16738.509268727932,16723.106018984385,16445.20739951983,15897.57,Model 1,train
"Macao SAR, China",MAC,East Asia & Pacific,2001,2002,16814.9926,16681.6927,16841.916903790647,16826.196691603953,17109.50836163609,17661.836,Model 1,train
"Macao SAR, China",MAC,East Asia & Pacific,2002,2003,18589.8998,17734.0651,17906.79237977203,17889.868925913896,19000.79587850973,19055.102,Model 1,train
"Macao SAR, China",MAC,East Asia & Pacific,2003,2004,23407.1994,19569.9125,19758.397597656243,19739.673315710483,21095.46820404744,20358.586,Model 1,train
"Macao SAR, China",MAC,East Asia & Pacific,2004,2005,25681.2167,24520.8213,24746.312614939354,24722.94757901156,24863.750241675018,24756.096,Model 1,train
"Macao SAR, China",MAC,East Asia & Pacific,2005,2006,29813.7877,26872.9394,27121.106266358416,27095.321094676612,27920.419731716825,28205.318,Model 1,train
"Macao SAR, China",MAC,East Asia & Pacific,2006,2007,35400.2335,31128.633,31414.861876344075,31384.7877981412,32481.669110241502,31993.78,Model 1,train
"Macao SAR, China",MAC,East Asia & Pacific,2007,2008,38888.5118,36828.7691,37155.23227114183,37119.86461689966,37730.750922655774,38348.77,Model 1,train
"Macao SAR, China",MAC,East Asia & Pacific,2008,2009,40354.281,40406.6807,40765.09623997465,40726.07656082176,41074.293432426915,41254.945,Model 1,train
"Macao SAR, China",MAC,East Asia & Pacific,2009,2010,52596.225,41913.7526,42287.93832033321,42247.14381603603,47129.40271444421,44913.336,Model 1,train
"Macao SAR, China",MAC,East Asia & Pacific,2010,2011,67046.7284,54345.0146,54810.60174565063,54757.41132984821,60430.7232664408,55284.457,Model 1,train
"Macao SAR, China",MAC,East Asia & Pacific,2011,2012,76058.0225,68962.1932,69533.59332660103,69465.71403083924,74247.16655044396,73457.34,Model 1,train
"Macao SAR, China",MAC,East Asia & Pacific,2012,2013,87107.8313,78024.4967,78651.94616965408,78575.4933810894,84204.69778974641,84966.54,Model 1,train
"Macao SAR, China",MAC,East Asia & Pacific,2013,2014,88355.3182,89160.0742,89868.35449524802,89780.6923946903,86889.99502531053,94129.96,Model 1,train
"Macao SAR, China",MAC,East Asia & Pacific,2014,2015,69902.9606,90469.4936,91198.95131786556,91109.7634136843,79690.59319824984,92135.53,Model 1,train
"Macao SAR, China",MAC,East Asia & Pacific,2015,2016,68911.6756,71952.2827,72566.15076536956,72495.26201262874,71498.91004620977,71434.05,Model 1,train
"Macao SAR, China",MAC,East Asia & Pacific,2016,2017,77570.9876,70959.8944,71568.02996071277,71498.17704430086,73144.03335269791,71434.05,Model 1,train
"Macao SAR, China",MAC,East Asia & Pacific,2017,2018,83588.2875,79732.3264,80415.03635680952,80335.63868827045,82274.13510046703,82723.766,Model 1,train
Morocco,MAR,"Middle East, North Africa, Afghanistan & Pakistan",1995,1996,1596.8324,1552.9886,1548.5604389333605,1549.1106256750245,1570.96132813466,1548.7832,Model 1,train
Morocco,MAR,"Middle East, North Africa, Afghanistan & Pakistan",1996,1997,1426.3011,1689.7497,1685.2473923771258,1685.818875038358,1571.1385321936302,1610.3022,Model 1,train
Morocco,MAR,"Middle East, North Africa, Afghanistan & Pakistan",1997,1998,1668.4976,1514.2014,1510.8088740699682,1511.305938198383,1550.9691141012363,1520.8925,Model 1,train
Morocco,MAR,"Middle East, North Africa, Afghanistan & Pakistan",1998,1999,1635.6567,1767.2746,1763.315187764866,1763.8721088407494,1688.2449512348237,1706.6357,Model 1,train
Morocco,MAR,"Middle East, North Africa, Afghanistan & Pakistan",1999,2000,1499.1074,1734.8299,1731.432301506373,1731.9593868419452,1607.326066769435,1598.8851,Model 1,train
Morocco,MAR,"Middle East, North Africa, Afghanistan & Pakistan",2000,2001,1506.2452,1594.3286,1591.81973559491,1592.2875243550832,1569.5655922781737,1573.6299,Model 1,train
Morocco,MAR,"Middle East, North Africa, Afghanistan & Pakistan",2001,2002,1596.0206,1603.3142,1601.194064872658,1601.6450781860513,1579.9088144952218,1586.0726,Model 1,train
Morocco,MAR,"Middle East, North Africa, Afghanistan & Pakistan",2002,2003,1941.8726,1698.4015,1696.4131772815751,1696.8706475218532,1753.2254009910412,1648.2648,Model 1,train
Morocco,MAR,"Middle East, North Africa, Afghanistan & Pakistan",2003,2004,2183.5554,2059.9791,2057.4231767366664,2057.950426439483,2137.6725642680935,2052.0078,Model 1,train
Morocco,MAR,"Middle East, North Africa, Afghanistan & Pakistan",2004,2005,2242.9883,2312.5109,2309.669436021227,2310.2375305463743,2353.781631900231,2292.4353,Model 1,train
Morocco,MAR,"Middle East, North Africa, Afghanistan & Pakistan",2005,2006,2438.1265,2376.8492,2374.557223331125,2375.1057199341,2405.603033224357,2327.356,Model 1,train
Morocco,MAR,"Middle East, North Africa, Afghanistan & Pakistan",2006,2007,2755.5859,2581.7282,2579.5727660532752,2580.1345759028773,2712.113792793826,2579.231,Model 1,train
Morocco,MAR,"Middle East, North Africa, Afghanistan & Pakistan",2007,2008,3183.2004,2913.7857,2911.6583317809427,2912.247135337911,2934.7679672634804,2738.7751,Model 1,train
Morocco,MAR,"Middle East, North Africa, Afghanistan & Pakistan",2008,2009,3119.5886,3359.4504,3357.1604750314,3357.790110348088,3156.4164736658936,3223.9373,Model 1,train
Morocco,MAR,"Middle East, North Africa, Afghanistan & Pakistan",2009,2010,3067.9854,3296.8475,3295.554031605471,3296.1329856493785,3159.2129216718986,3190.1567,Model 1,train
Morocco,MAR,"Middle East, North Africa, Afghanistan & Pakistan",2010,2011,3301.9888,3246.2547,3245.8218470508377,3246.357677111424,3056.1488948795327,3163.2002,Model 1,train
Morocco,MAR,"Middle East, North Africa, Afghanistan & Pakistan",2011,2012,3164.1772,3492.2704,3492.389801449615,3492.91659391496,3275.7942640608926,3433.9062,Model 1,train
Morocco,MAR,"Middle East, North Africa, Afghanistan & Pakistan",2012,2013,3379.7432,3352.7328,3353.955278673256,3354.421263786785,3299.8642293492617,3325.2454,Model 1,train
Morocco,MAR,"Middle East, North Africa, Afghanistan & Pakistan",2013,2014,3435.407,3580.0916,3582.0459548443223,3582.4923270726795,3533.532178097846,3561.7224,Model 1,train
Morocco,MAR,"Middle East, North Africa, Afghanistan & Pakistan",2014,2015,3146.2478,3641.3559,3644.19797663764,3644.606451425896,3531.8448894646053,3664.4456,Model 1,train
Morocco,MAR,"Middle East, North Africa, Afghanistan & Pakistan",2015,2016,3140.8555,3343.8553,3347.728679853488,3348.06945677148,3335.2021742018796,3432.0007,Model 1,train
Morocco,MAR,"Middle East, North Africa, Afghanistan & Pakistan",2016,2017,3296.5266,3340.8964,3345.485510100221,3345.793100508428,3316.4212824308797,3470.9763,Model 1,train
Morocco,MAR,"Middle East, North Africa, Afghanistan & Pakistan",2017,2018,3501.698,3506.1798,3511.582634206089,3511.8632430566868,3553.1453230815996,3673.897,Model 1,train
Moldova,MDA,Europe & Central Asia,1994,1995,593.5932,623.9592,625.5607950157545,625.5217163804465,587.333758397792,597.3965,Model 1,train
Moldova,MDA,Europe & Central Asia,1995,1996,575.1455,644.8808,646.460744774955,646.421942307393,595.0340986133641,617.90393,Model 1,train
Moldova,MDA,Europe & Central Asia,1996,1997,657.2921,625.2921,626.8697750375613,626.8314835185346,606.3503712254875,597.3965,Model 1,train
Moldova,MDA,Europe & Central Asia,1997,1998,578.7346,713.0594,714.8261964633856,714.775022295954,625.1836860936478,657.807,Model 1,train
Moldova,MDA,Europe & Central Asia,1998,1999,399.4998,630.0267,631.8685451589085,631.8161401276001,537.9373919959654,597.97675,Model 1,train
Moldova,MDA,Europe & Central Asia,1999,2000,440.5387,438.62,440.2706109490197,440.2300530529509,446.2278948992488,426.3968,Model 1,train
Moldova,MDA,Europe & Central Asia,2000,2001,507.4041,483.0115,484.8405357909684,484.79074377688414,484.84721285881346,466.3374,Model 1,train
Moldova,MDA,Europe & Central Asia,2001,2002,570.7999,554.9978,557.0564165152989,556.9939622262492,563.4021448269289,539.9887,Model 1,train
Moldova,MDA,Europe & Central Asia,2002,2003,682.3191,623.0188,625.266822289965,625.1929686281612,626.9420530880654,618.3363,Model 1,train
Moldova,MDA,Europe & Central Asia,2003,2004,897.1785,742.2135,744.7385249956048,744.6459007696222,772.5196522012958,741.32385,Model 1,train
Moldova,MDA,Europe & Central Asia,2004,2005,1034.392,970.7441,973.706026883881,973.5775212519636,1013.1984449854552,972.5231,Model 1,train
Moldova,MDA,Europe & Central Asia,2005,2006,1183.0248,1116.4373,1119.7329390013583,1119.5757636497904,1094.2269670952546,1097.3843,Model 1,train
Moldova,MDA,Europe & Central Asia,2006,2007,1531.2162,1274.0519,1277.7432086776075,1277.551074684323,1326.0683290924042,1259.8263,Model 1,train
Moldova,MDA,Europe & Central Asia,2007,2008,2110.5531,1641.3332,1645.704126990848,1645.436623953986,1747.3748001365816,1643.4868,Model 1,train
Moldova,MDA,Europe & Central Asia,2008,2009,1898.4398,2249.2708,2254.623837705869,2254.222477018582,2052.5377240383054,2236.9844,Model 1,train
Moldova,MDA,Europe & Central Asia,2009,2010,2436.7994,2029.6328,2035.370770144381,2034.980946739367,2137.064969752529,2058.3513,Model 1,train
Moldova,MDA,Europe & Central Asia,2010,2011,2941.3622,2594.8524,2601.9989347896644,2601.449432617554,2820.3595329836703,2511.1665,Model 1,train
Moldova,MDA,Europe & Central Asia,2011,2012,3044.8084,3122.326,3130.6304948192046,3129.92943927915,3157.2655646352773,3046.427,Model 1,train
Moldova,MDA,Europe & Central Asia,2012,2013,3321.044,3231.191,3239.9865341734094,3239.239951644028,3160.9880138260087,3094.6462,Model 1,train
Moldova,MDA,Europe & Central Asia,2013,2014,3289.9576,3517.6046,3526.569301290193,3525.759804175941,3313.411630586608,3304.6458,Model 1,train
Moldova,MDA,Europe & Central Asia,2014,2015,2749.5514,3484.9299,3493.7468479983513,3492.951106909816,3201.662319442053,3302.283,Model 1,train
Moldova,MDA,Europe & Central Asia,2015,2016,2847.0879,2922.4073,2930.415698497166,2929.763076829428,2905.328656252821,2734.9292,Model 1,train
Moldova,MDA,Europe & Central Asia,2016,2017,3453.2673,3024.4175,3032.7104176909666,3032.0212715716816,3098.9971191325967,2917.6013,Model 1,train
Moldova,MDA,Europe & Central Asia,2017,2018,4156.4498,3655.6919,3665.169838930208,3664.292845444283,3844.254087243105,3478.9995,Model 1,train
Madagascar,MDG,Sub-Saharan Africa ,1996,1997,284.3718,362.9038,360.7067307915084,360.9229110273415,334.8349686971508,357.76697,Model 1,train
Madagascar,MDG,Sub-Saharan Africa ,1997,1998,284.1929,305.2187,303.578070774203,303.7552550437957,290.4891252784611,321.41272,Model 1,train
Madagascar,MDG,Sub-Saharan Africa ,1998,1999,267.3605,305.5175,304.0027673820795,304.17456676661646,281.4234894863387,295.14328,Model 1,train
Madagascar,MDG,Sub-Saharan Africa ,1999,2000,280.2829,288.2104,286.9205644865963,287.0780333804567,291.84562529827895,285.3492,Model 1,train
Madagascar,MDG,Sub-Saharan Africa ,2000,2001,319.2833,302.23,300.9532982966806,301.1141422968141,311.22242757052766,300.48322,Model 1,train
Madagascar,MDG,Sub-Saharan Africa ,2001,2002,304.9418,343.9338,342.5602350702736,342.7360698648458,324.48275066249283,338.131,Model 1,train
Madagascar,MDG,Sub-Saharan Africa ,2002,2003,352.6201,329.177,327.984375137613,328.1487626677081,332.1111692963372,328.6331,Model 1,train
Madagascar,MDG,Sub-Saharan Africa ,2003,2004,272.2007,379.9771,378.63404388282567,378.81803853683306,331.1998751785282,359.96347,Model 1,train
Madagascar,MDG,Sub-Saharan Africa ,2004,2005,305.8121,295.2094,294.3705297633429,294.5108924792218,297.8701574802036,277.0472,Model 1,train
Madagascar,MDG,Sub-Saharan Africa ,2005,2006,324.1469,331.2545,330.35159114651543,330.50449087492626,326.80453117730895,325.68298,Model 1,train
Madagascar,MDG,Sub-Saharan Africa ,2006,2007,419.548,351.0857,350.1967598735566,350.35442706167714,371.2540246804007,343.73645,Model 1,train
Madagascar,MDG,Sub-Saharan Africa ,2007,2008,512.5798,452.4264,451.2006492254211,451.3984379306714,506.5452403361024,464.58334,Model 1,train
Madagascar,MDG,Sub-Saharan Africa ,2008,2009,446.3152,551.0706,549.5546442666048,549.7880851785395,499.241097708354,540.8652,Model 1,train
Madagascar,MDG,Sub-Saharan Africa ,2009,2010,450.0094,481.5391,480.4032896094137,480.6051444064981,479.1755043170296,491.92493,Model 1,train
Madagascar,MDG,Sub-Saharan Africa ,2010,2011,506.1637,485.7666,484.6929952787832,484.8939431762775,491.8348176156487,478.55133,Model 1,train
Madagascar,MDG,Sub-Saharan Africa ,2011,2012,493.5112,545.3897,544.1607203073789,544.3831425142756,510.526274397883,555.16077,Model 1,train
Madagascar,MDG,Sub-Saharan Africa ,2012,2013,515.3016,532.1999,531.0560209565436,531.2729489143351,513.7436998851549,549.262,Model 1,train
Madagascar,MDG,Sub-Saharan Africa ,2013,2014,505.6849,555.3899,554.1968337441622,554.422469731971,514.6048203333039,555.1613,Model 1,train
Madagascar,MDG,Sub-Saharan Africa ,2014,2015,445.3201,545.3451,544.2080076806246,544.4302292545633,497.7441947899029,551.0509,Model 1,train
Madagascar,MDG,Sub-Saharan Africa ,2015,2016,453.9707,481.599,480.7079421234442,480.9053334692128,476.07185435041686,500.6461,Model 1,train
Madagascar,MDG,Sub-Saharan Africa ,2016,2017,491.8668,490.8222,489.9056063486121,490.10764128258865,480.2492249940561,508.2945,Model 1,train
Madagascar,MDG,Sub-Saharan Africa ,2017,2018,500.4572,530.9001,529.824238282561,530.0445731201779,510.4575900958822,555.94543,Model 1,train
Maldives,MDV,South Asia,1991,1992,1194.2325,1130.3058,1134.0200536175687,1133.5479640884291,1162.7967554231104,1067.7583,Model 1,train
Maldives,MDV,South Asia,1992,1993,1316.6145,1279.3008,1283.8632172972973,1283.2988100645375,1287.838229113362,1265.924,Model 1,train
Maldives,MDV,South Asia,1993,1994,1419.3928,1410.1629,1415.6687602352156,1415.0123783582949,1396.4266569590538,1366.3839,Model 1,train
Maldives,MDV,South Asia,1994,1995,1554.6094,1520.6664,1527.1693164136618,1526.4246938054152,1539.1885831957234,1508.7129,Model 1,train
Maldives,MDV,South Asia,1995,1996,1716.7428,1665.4633,1673.1676418173888,1672.3111043697604,1697.8852698840403,1635.3934,Model 1,train
Maldives,MDV,South Asia,1996,1997,1898.4323,1838.8077,1847.9443347725223,1846.9523992293032,1861.485666822676,1781.6248,Model 1,train
Maldives,MDV,South Asia,1997,1998,1980.3845,2033.0307,2043.844935444453,2042.6956187698472,2038.266617130919,2065.6064,Model 1,train
Maldives,MDV,South Asia,1998,1999,2124.0601,2122.9541,2135.197006365409,2133.9423024035896,2092.2712088082826,2167.0278,Model 1,train
Maldives,MDV,South Asia,1999,2000,2213.8124,2278.3768,2292.5465186059823,2291.1345135380343,2293.0475604103217,2328.776,Model 1,train
Maldives,MDV,South Asia,2000,2001,3033.9323,2376.8245,2392.5979593388984,2391.0673229024414,2677.170262051956,2529.2898,Model 1,train
Maldives,MDV,South Asia,2001,2002,3076.0701,3242.2946,3263.822152337334,3261.6429608996777,3175.4867628076427,3317.662,Model 1,train
Maldives,MDV,South Asia,2002,2003,3548.5767,3291.927,3315.22431545135,3312.937003149929,3382.254525507053,3342.7039,Model 1,train
Maldives,MDV,South Asia,2003,2004,4070.2609,3794.7084,3822.972329748442,3820.2165507581144,3869.559193693531,4082.0474,Model 1,train
Maldives,MDV,South Asia,2004,2005,3796.5155,4337.5237,4368.029700795028,4364.926277431075,4067.695233748914,4270.738,Model 1,train
Maldives,MDV,South Asia,2005,2006,5018.9434,4069.0722,4103.023426897329,4099.863383911975,4443.560818063057,4344.77,Model 1,train
Maldives,MDV,South Asia,2006,2007,5758.1029,5354.456,5398.316078250039,5394.073259442785,5630.18917578314,5514.373,Model 1,train
Maldives,MDV,South Asia,2007,2008,6757.4328,6132.1915,6182.7300327892035,6177.796156130705,6471.399073072783,6347.204,Model 1,train
Maldives,MDV,South Asia,2008,2009,6734.0317,7177.4641,7235.874486374707,7230.056726793364,7151.4722598562485,7453.408,Model 1,train
Maldives,MDV,South Asia,2009,2010,7173.596,7159.1972,7218.997461372435,7213.141297041332,7218.3016346150525,7396.4844,Model 1,train
Maldives,MDV,South Asia,2010,2011,7424.5204,7623.3351,7687.909070616462,7681.607877381732,7557.59139542088,7406.875,Model 1,train
Maldives,MDV,South Asia,2011,2012,7461.297,7891.3781,7959.516313202109,7952.92780277915,7838.814932788477,7911.799,Model 1,train
Maldives,MDV,South Asia,2012,2013,8236.0818,7936.3931,8006.522890731931,7999.836277704208,8210.565364074333,7932.8027,Model 1,train
Maldives,MDV,South Asia,2013,2014,8939.0742,8749.4252,8826.9903855932,8819.55416646395,8839.883679799197,8623.039,Model 1,train
Maldives,MDV,South Asia,2014,2015,9644.9066,9487.6269,9572.30156337906,9564.167082720012,9611.091610633886,9309.06,Model 1,train
Maldives,MDV,South Asia,2015,2016,9947.8074,10230.7101,10323.269294175492,10314.394196149697,10019.204237163867,10761.985,Model 1,train
Maldives,MDV,South Asia,2016,2017,10509.6288,10552.5857,10649.27652141232,10640.064393483466,10687.712713582716,11058.578,Model 1,train
Maldives,MDV,South Asia,2017,2018,11423.2838,11143.9491,11247.01127998279,11237.21260474618,11226.124025139332,11684.086,Model 1,train
Mexico,MEX,Latin America & Caribbean ,1991,1992,4220.5664,3889.2399,3878.8714088879456,3880.3342530892423,3920.210895774488,4002.4521,Model 1,train
Mexico,MEX,Latin America & Caribbean ,1992,1993,6048.3484,4417.1653,4405.267009100829,4406.889959426967,4966.975241857857,4256.137,Model 1,train
Mexico,MEX,Latin America & Caribbean ,1993,1994,6202.3659,6287.8734,6268.492971114025,6270.730650809225,5936.686972737853,6137.2188,Model 1,train
Mexico,MEX,Latin America & Caribbean ,1994,1995,4183.8785,6449.8321,6431.0405909178435,6433.276194441361,4944.775601127558,6038.9883,Model 1,train
Mexico,MEX,Latin America & Caribbean ,1995,1996,4674.3679,4390.2835,4381.3143422306175,4382.807065053073,4614.766417424855,4337.7314,Model 1,train
Mexico,MEX,Latin America & Caribbean ,1996,1997,5567.356,4898.277,4888.586578570788,4890.1934964321135,5398.98215895724,4983.9644,Model 1,train
Mexico,MEX,Latin America & Caribbean ,1997,1998,5832.6934,5818.4228,5806.700933750067,5808.535590274419,5961.7217334079305,5878.473,Model 1,train
Mexico,MEX,Latin America & Caribbean ,1998,1999,6499.9718,6094.4924,6082.964483876583,6084.830882591428,6572.651378892596,6351.122,Model 1,train
Mexico,MEX,Latin America & Caribbean ,1999,2000,7524.0271,6783.2512,6771.0182991657,6773.006950852669,7374.807145998201,7007.7607,Model 1,train
Mexico,MEX,Latin America & Caribbean ,2000,2001,7952.7648,7835.0444,7820.863819633543,7823.068646951639,8290.863144573706,8101.2373,Model 1,train
Mexico,MEX,Latin America & Caribbean ,2001,2002,7983.034,8278.9492,8265.054637593023,8267.29738479298,8001.041749339807,8188.3564,Model 1,train
Mexico,MEX,Latin America & Caribbean ,2002,2003,7434.0746,8313.549,8300.489371652548,8302.704280644113,7968.460550359602,8215.569,Model 1,train
Mexico,MEX,Latin America & Caribbean ,2003,2004,7849.6676,7756.8375,7746.450849829705,7748.486646403416,8083.0851701760785,8111.96,Model 1,train
Mexico,MEX,Latin America & Caribbean ,2004,2005,8671.7589,8183.624,8172.509012910881,8174.634724447426,8474.95070706521,8184.687,Model 1,train
Mexico,MEX,Latin America & Caribbean ,2005,2006,9512.6358,9026.3142,9013.67602168857,9015.968648692906,9621.495166498991,9304.107,Model 1,train
Mexico,MEX,Latin America & Caribbean ,2006,2007,10134.3327,9885.4248,9870.76677633819,9873.248180040406,10233.601751541382,9995.11,Model 1,train
Mexico,MEX,Latin America & Caribbean ,2007,2008,10523.7685,10518.8473,10502.364484626827,10505.00374406,10066.535217152146,10153.072,Model 1,train
Mexico,MEX,Latin America & Caribbean ,2008,2009,8423.5693,10911.6603,10892.954772924377,10895.753884156033,9709.68350850951,10700.274,Model 1,train
Mexico,MEX,Latin America & Caribbean ,2009,2010,9728.8008,8772.4189,8759.89562756579,8762.210782529812,9412.188737520491,9338.475,Model 1,train
Mexico,MEX,Latin America & Caribbean ,2010,2011,10664.4944,10103.7629,10087.47176693328,10090.11409112466,10243.26962228874,10213.594,Model 1,train
Mexico,MEX,Latin America & Caribbean ,2011,2012,10744.1335,11059.8758,11041.765504565252,11044.593299655831,10794.84900614674,10869.837,Model 1,train
Mexico,MEX,Latin America & Caribbean ,2012,2013,11216.8009,11146.1439,11129.135937146202,11131.928766820974,10884.638456225806,10893.062,Model 1,train
Mexico,MEX,Latin America & Caribbean ,2013,2014,11391.3773,11630.5349,11613.076578591435,11615.9443127777,11320.47970644515,11918.216,Model 1,train
Mexico,MEX,Latin America & Caribbean ,2014,2015,10021.2386,11810.8851,11793.607328508802,11796.493551860722,11042.784391399426,11756.952,Model 1,train
Mexico,MEX,Latin America & Caribbean ,2015,2016,9097.924,10418.1677,10405.081583669711,10407.651591208158,9644.891352719756,10280.849,Model 1,train
Mexico,MEX,Latin America & Caribbean ,2016,2017,9649.2782,9475.6516,9464.720947462858,9467.102907037512,9880.91663259622,10154.35,Model 1,train
Mexico,MEX,Latin America & Caribbean ,2017,2018,10084.7938,10034.7979,10021.381752450736,10023.954293008765,10051.51938054728,10450.559,Model 1,train
North Macedonia,MKD,Europe & Central Asia,1995,1996,2306.5337,2523.333,2535.012336793191,2534.1452007353246,2309.3165532206076,2513.5337,Model 1,train
North Macedonia,MKD,Europe & Central Asia,1996,1997,1959.5607,2476.0742,2488.6913056775966,2487.7862590977484,2286.22346078142,2398.7314,Model 1,train
North Macedonia,MKD,Europe & Central Asia,1997,1998,1875.8166,2110.4259,2121.677543027426,2120.9106439797297,1987.9707118966016,2044.9652,Model 1,train
North Macedonia,MKD,Europe & Central Asia,1998,1999,1915.3928,2021.2961,2031.992545317917,2031.2716431510632,1954.717838863921,2033.1101,Model 1,train
North Macedonia,MKD,Europe & Central Asia,1999,2000,1861.899,2065.5205,2077.0674273486975,2076.295299947489,1972.78583587741,2056.9119,Model 1,train
North Macedonia,MKD,Europe & Central Asia,2000,2001,1823.0227,2009.7517,2021.2806070337551,2020.520175875408,1892.899076459171,2011.2095,Model 1,train
North Macedonia,MKD,Europe & Central Asia,2001,2002,1989.1354,1970.9818,1983.006541267645,1982.227766448592,1976.75817148304,1853.649,Model 1,train
North Macedonia,MKD,Europe & Central Asia,2002,2003,2445.3629,2144.675,2156.897454472641,2156.0761921758617,2148.9113126018524,2062.6125,Model 1,train
North Macedonia,MKD,Europe & Central Asia,2003,2004,2818.5815,2626.7132,2641.1808961936563,2640.150759153831,2756.379989901069,2612.8826,Model 1,train
North Macedonia,MKD,Europe & Central Asia,2004,2005,3120.984,3021.4311,3038.141513592943,3036.9116012079858,3130.2568096207556,3058.4465,Model 1,train
North Macedonia,MKD,Europe & Central Asia,2005,2006,3440.4411,3339.4472,3357.6281364804113,3356.25008469331,3440.993579469909,3356.1326,Model 1,train
North Macedonia,MKD,Europe & Central Asia,2006,2007,4204.1133,3675.7103,3695.677243636631,3694.1270173369694,3895.8534176469134,3886.1858,Model 1,train
North Macedonia,MKD,Europe & Central Asia,2007,2008,5026.4203,4472.1606,4494.77099478572,4492.886514018344,4684.818999336732,4711.6133,Model 1,train
North Macedonia,MKD,Europe & Central Asia,2008,2009,4799.7872,5335.169,5362.8634089646785,5360.484572049974,5258.32645285366,5548.35,Model 1,train
North Macedonia,MKD,Europe & Central Asia,2009,2010,4833.3659,5100.0728,5127.12599891593,5124.840244770731,5105.2040363862025,5335.3228,Model 1,train
North Macedonia,MKD,Europe & Central Asia,2010,2011,5416.8667,5141.9756,5171.1811439602825,5168.768242005778,5268.741613037836,5149.4795,Model 1,train
North Macedonia,MKD,Europe & Central Asia,2011,2012,5049.8265,5750.7421,5782.802080523616,5780.070940001366,5415.65167797539,5632.2153,Model 1,train
North Macedonia,MKD,Europe & Central Asia,2012,2013,5626.2612,5366.2564,5396.071809321334,5393.56185622953,5514.473344643296,5473.229,Model 1,train
North Macedonia,MKD,Europe & Central Asia,2013,2014,5925.3859,5972.8337,6007.060394746367,6004.148905566224,5965.276414781198,5946.2017,Model 1,train
North Macedonia,MKD,Europe & Central Asia,2014,2015,5262.6867,6284.5098,6320.2478700790525,6317.16657021956,5931.735886596918,6197.6943,Model 1,train
North Macedonia,MKD,Europe & Central Asia,2015,2016,5598.4862,5594.6134,5627.315682124102,5624.586774816348,5648.598192706914,5488.424,Model 1,train
North Macedonia,MKD,Europe & Central Asia,2016,2017,5955.2974,5944.0344,5978.209527914368,5975.303652862426,6016.203880096748,5968.387,Model 1,train
North Macedonia,MKD,Europe & Central Asia,2017,2018,6713.9893,6323.4234,6361.594084043459,6358.3677693288855,6541.149320364952,6170.9893,Model 1,train
Mali,MLI,Sub-Saharan Africa ,1996,1997,320.7515,377.3172,373.3805619554236,373.67587854603016,350.82233386937537,358.13242,Model 1,train
Mali,MLI,Sub-Saharan Africa ,1997,1998,356.647,337.7583,334.4186500815029,334.6778781763709,339.5905157462162,336.93564,Model 1,train
Mali,MLI,Sub-Saharan Africa ,1998,1999,364.4157,375.1871,371.5310735715238,371.8135322287515,359.27502391021227,362.6867,Model 1,train
Mali,MLI,Sub-Saharan Africa ,1999,2000,304.6529,383.6102,379.9666345147788,380.2508720631359,355.9277022812903,373.92264,Model 1,train
Mali,MLI,Sub-Saharan Africa ,2000,2001,346.2246,322.2939,319.42972132362763,319.664680058834,326.7125243493736,326.70847,Model 1,train
Mali,MLI,Sub-Saharan Africa ,2001,2002,378.1917,365.9138,362.74634942487745,363.0055246932389,361.8634350337388,347.71518,Model 1,train
Mali,MLI,Sub-Saharan Africa ,2002,2003,441.9104,399.6311,396.2883671982969,396.5633957841595,393.5959990427876,367.08447,Model 1,train
Mali,MLI,Sub-Saharan Africa ,2003,2004,495.0063,466.1709,462.3395141349753,462.6515883182067,480.02287981145474,467.8477,Model 1,train
Mali,MLI,Sub-Saharan Africa ,2004,2005,548.7304,521.7287,517.5451755108888,517.8852565277077,527.9459892377846,518.4744,Model 1,train
Mali,MLI,Sub-Saharan Africa ,2005,2006,586.9854,577.859,573.3183064146698,573.6865605166939,577.15937907264,585.17645,Model 1,train
Mali,MLI,Sub-Saharan Africa ,2006,2007,670.8534,618.0296,613.2963419189562,613.6820230968401,633.789051383687,627.7237,Model 1,train
Mali,MLI,Sub-Saharan Africa ,2007,2008,767.1948,705.1363,699.7735267861078,700.2052204236505,739.3182625802164,731.19196,Model 1,train
Mali,MLI,Sub-Saharan Africa ,2008,2009,787.4826,804.985,798.8940064080301,799.3778539020624,811.2401316516366,808.794,Model 1,train
Mali,MLI,Sub-Saharan Africa ,2009,2010,797.1515,826.5934,820.4946767296219,820.9841852477855,820.3591250356639,800.51556,Model 1,train
Mali,MLI,Sub-Saharan Africa ,2010,2011,938.2929,837.3152,831.3158005801982,831.8042415825736,862.7217260603569,811.4912,Model 1,train
Mali,MLI,Sub-Saharan Africa ,2011,2012,872.5061,983.1192,976.031403663108,976.59546827289,922.2333720266104,974.46295,Model 1,train
Mali,MLI,Sub-Saharan Africa ,2012,2013,901.921,916.2461,909.9145833886482,910.435012148565,894.7866552382741,911.4544,Model 1,train
Mali,MLI,Sub-Saharan Africa ,2013,2014,947.915,947.268,940.8654118103116,941.395930222988,886.1250852244708,908.46606,Model 1,train
Mali,MLI,Sub-Saharan Africa ,2014,2015,838.1199,995.5505,988.993180728151,989.5404481899664,922.3911062420289,680.52747,Model 1,train
Mali,MLI,Sub-Saharan Africa ,2015,2016,872.4686,883.217,877.7560564494887,878.2360528477336,859.8309778142243,835.68,Model 1,train
Mali,MLI,Sub-Saharan Africa ,2016,2017,924.0575,919.5813,914.0703573725888,914.5605868704882,905.281364615424,911.4653,Model 1,train
Mali,MLI,Sub-Saharan Africa ,2017,2018,996.3793,973.4124,967.6329294165593,968.146995947026,963.9673123573228,935.8087,Model 1,train
Malta,MLT,"Middle East, North Africa, Afghanistan & Pakistan",1995,1996,10061.8502,10389.9609,10475.957942981262,10467.216163795048,10226.992415140316,10347.677,Model 1,train
Malta,MLT,"Middle East, North Africa, Afghanistan & Pakistan",1996,1997,9893.189,10632.9197,10720.812528929317,10711.856055189655,10381.009566400946,10456.111,Model 1,train
Malta,MLT,"Middle East, North Africa, Afghanistan & Pakistan",1997,1998,10408.1157,10468.3279,10557.90096903472,10548.946719969952,10465.33349052536,10334.452,Model 1,train
Malta,MLT,"Middle East, North Africa, Afghanistan & Pakistan",1998,1999,10609.1104,10997.5517,11089.525653436654,11080.18625252081,10699.551015125062,10649.048,Model 1,train
Malta,MLT,"Middle East, North Africa, Afghanistan & Pakistan",1999,2000,10348.4859,11203.0217,11295.608660671724,11286.139987745524,10844.394209314398,11004.272,Model 1,train
Malta,MLT,"Middle East, North Africa, Afghanistan & Pakistan",2000,2001,10357.7026,10955.9216,11053.205533391078,11043.621261842994,10758.23911493571,10653.386,Model 1,train
Malta,MLT,"Middle East, North Africa, Afghanistan & Pakistan",2001,2002,11251.2025,10978.5891,11079.69164576313,11069.903168642548,11133.32084079102,11097.5205,Model 1,train
Malta,MLT,"Middle East, North Africa, Afghanistan & Pakistan",2002,2003,13593.9787,11902.2189,12009.280309884914,11998.71965682784,12499.750938021894,12715.134,Model 1,train
Malta,MLT,"Middle East, North Africa, Afghanistan & Pakistan",2003,2004,15212.1313,14317.9328,14440.382798799374,14427.769370251595,14900.108026560109,15078.341,Model 1,train
Malta,MLT,"Middle East, North Africa, Afghanistan & Pakistan",2004,2005,15831.344,16012.7204,16154.444514068116,16139.925601921928,15746.340152244347,16158.581,Model 1,train
Malta,MLT,"Middle East, North Africa, Afghanistan & Pakistan",2005,2006,16653.6037,16652.5847,16799.304017305523,16784.18861629931,16991.875720713113,17529.857,Model 1,train
Malta,MLT,"Middle East, North Africa, Afghanistan & Pakistan",2006,2007,19444.1742,17505.1251,17659.533156340145,17643.557443736023,18750.355486789667,18945.71,Model 1,train
Malta,MLT,"Middle East, North Africa, Afghanistan & Pakistan",2007,2008,22315.3104,20390.9327,20570.62687514317,20551.735798191497,21555.474923841728,19917.404,Model 1,train
Malta,MLT,"Middle East, North Africa, Afghanistan & Pakistan",2008,2009,21176.3218,23326.6625,23524.400398224745,23502.91770977012,22053.87438490744,23222.268,Model 1,train
Malta,MLT,"Middle East, North Africa, Afghanistan & Pakistan",2009,2010,21946.607,22192.3073,22391.29982666951,22370.411415860257,22162.14990641455,22463.984,Model 1,train
Malta,MLT,"Middle East, North Africa, Afghanistan & Pakistan",2010,2011,23516.9691,23047.3662,23270.907862522603,23248.251639120757,22693.08051691554,23438.89,Model 1,train
Malta,MLT,"Middle East, North Africa, Afghanistan & Pakistan",2011,2012,22878.3131,24622.1834,24847.106611239844,24823.49064814202,23978.447514830565,25810.998,Model 1,train
Malta,MLT,"Middle East, North Africa, Afghanistan & Pakistan",2012,2013,25415.5567,23966.7079,24186.412654648157,24163.46888467985,24174.383673052645,24603.768,Model 1,train
Malta,MLT,"Middle East, North Africa, Afghanistan & Pakistan",2013,2014,27424.5766,26631.5846,26889.189723355314,26862.745588362348,26805.66482399661,26661.127,Model 1,train
Malta,MLT,"Middle East, North Africa, Afghanistan & Pakistan",2014,2015,25529.6813,28711.9271,28991.33794151042,28962.59203701411,27031.9772700336,30257.55,Model 1,train
Malta,MLT,"Middle East, North Africa, Afghanistan & Pakistan",2015,2016,26459.0771,26756.6334,27016.47083344622,26989.959603796287,27038.2384464879,27039.172,Model 1,train
Malta,MLT,"Middle East, North Africa, Afghanistan & Pakistan",2016,2017,30317.2443,27746.9071,28024.5707016,27996.613407901736,29541.3929068014,29395.086,Model 1,train
Malta,MLT,"Middle East, North Africa, Afghanistan & Pakistan",2017,2018,33382.2677,31694.4345,32001.23057531507,31969.528919783745,32840.937795286314,34019.254,Model 1,train
Myanmar,MMR,East Asia & Pacific,1999,2000,196.6196,206.7159,206.0021261835859,206.13237472480063,190.0897400385983,212.09367,Model 1,train
Myanmar,MMR,East Asia & Pacific,2001,2002,146.5984,155.5156,155.1020893773991,155.1982803558207,146.52781408873375,152.47882,Model 1,train
Myanmar,MMR,East Asia & Pacific,2002,2003,224.2927,161.0826,160.67448117641715,160.77270729921818,188.90492517930423,162.44084,Model 1,train
Myanmar,MMR,East Asia & Pacific,2003,2004,224.5088,244.4685,243.72737023915636,243.8732597512072,240.31669385679484,243.90353,Model 1,train
Myanmar,MMR,East Asia & Pacific,2004,2005,252.6852,244.8432,244.13898256299015,244.2833219028224,248.1220200317064,242.20193,Model 1,train
Myanmar,MMR,East Asia & Pacific,2005,2006,303.4951,275.0857,274.29225496208215,274.45172020660425,287.29550691053157,272.39548,Model 1,train
Myanmar,MMR,East Asia & Pacific,2006,2007,419.3758,329.4011,328.42126865979424,328.6083637045647,365.7263873316186,352.45267,Model 1,train
Myanmar,MMR,East Asia & Pacific,2007,2008,658.4425,452.5318,451.0558182609636,451.30622817229494,566.9322230569385,488.28738,Model 1,train
Myanmar,MMR,East Asia & Pacific,2008,2009,758.4429,693.7157,688.1317133650498,688.6582129344974,718.7906937505192,703.0775,Model 1,train
Myanmar,MMR,East Asia & Pacific,2009,2010,1010.5342,809.9319,806.9233789500131,807.3466608260272,866.5340210669827,843.43756,Model 1,train
Myanmar,MMR,East Asia & Pacific,2010,2011,1213.629,1073.7893,1069.5853059061965,1070.1297013030037,1117.5278729222837,1112.756,Model 1,train
Myanmar,MMR,East Asia & Pacific,2011,2012,1202.6659,1285.9312,1280.8443471802125,1281.4780834386847,1277.8865072147971,1283.7593,Model 1,train
Myanmar,MMR,East Asia & Pacific,2012,2013,1199.0956,1275.7536,1271.0511515177243,1271.664228806335,1267.49441862222,1283.7593,Model 1,train
Myanmar,MMR,East Asia & Pacific,2013,2014,1293.0004,1273.162,1268.7777091583569,1269.3750126246634,1272.489511217253,1290.7413,Model 1,train
Myanmar,MMR,East Asia & Pacific,2014,2015,1166.7331,1371.9855,1367.4347712029348,1368.0609382622454,1220.427312414182,1315.4617,Model 1,train
Myanmar,MMR,East Asia & Pacific,2015,2016,1229.1971,1241.4929,1237.8113736291818,1238.3683009585077,1267.4708520455229,1248.9366,Model 1,train
Myanmar,MMR,East Asia & Pacific,2016,2017,1272.8224,1307.6645,1303.978864520745,1304.550210775959,1265.58158692352,1291.1174,Model 1,train
Myanmar,MMR,East Asia & Pacific,2017,2018,1298.2131,1353.9761,1350.3196761804052,1350.8996343108183,1254.411138962471,1290.4397,Model 1,train
Montenegro,MNE,Europe & Central Asia,2006,2007,5971.8464,4705.1527,4735.912556418484,4732.97663902175,5222.099647477989,4845.5454,Model 1,train
Montenegro,MNE,Europe & Central Asia,2007,2008,7359.9512,6327.2652,6367.758051318582,6363.6775298783095,7000.16204515845,6454.99,Model 1,train
Montenegro,MNE,Europe & Central Asia,2008,2009,6700.1141,7779.6838,7831.126609133431,7825.870327920936,7093.190665257702,7593.3276,Model 1,train
Montenegro,MNE,Europe & Central Asia,2009,2010,6678.6393,7095.9898,7143.988075166418,7139.201134638466,7183.669095843861,7308.2495,Model 1,train
Montenegro,MNE,Europe & Central Asia,2010,2011,7265.5167,7088.3015,7140.388020244942,7135.390831860731,7222.091046308597,7268.6646,Model 1,train
Montenegro,MNE,Europe & Central Asia,2011,2012,6552.4807,7699.5753,7755.596342351287,7750.137766007649,7106.615571507477,7549.268,Model 1,train
Montenegro,MNE,Europe & Central Asia,2012,2013,7102.7788,6962.3475,7015.172618264305,7010.190998783348,7163.003970484126,6958.347,Model 1,train
Montenegro,MNE,Europe & Central Asia,2013,2014,7342.1734,7538.0544,7595.246350342308,7589.797048146078,7100.699785925536,7414.1543,Model 1,train
Montenegro,MNE,Europe & Central Asia,2014,2015,6421.0031,7783.9246,7841.74311712159,7836.158784216559,7059.201456055595,7526.028,Model 1,train
Montenegro,MNE,Europe & Central Asia,2015,2016,6968.0154,6830.4625,6883.881030735246,6878.926129840263,7055.477960041455,6681.287,Model 1,train
Montenegro,MNE,Europe & Central Asia,2016,2017,7674.2814,7398.8119,7455.39064137506,7450.035268806108,7400.108576520301,7429.797,Model 1,train
Montenegro,MNE,Europe & Central Asia,2017,2018,8673.5913,8135.4466,8197.201154391754,8191.26361471742,8404.392652315039,8180.824,Model 1,train
Mongolia,MNG,East Asia & Pacific,1995,1996,595.581,698.8793,698.2039692149792,698.2602119010816,612.5280512411481,666.2517,Model 1,train
Mongolia,MNG,East Asia & Pacific,1996,1997,515.298,639.0858,638.5920491368605,638.6434972637032,584.7587185096752,626.49585,Model 1,train
Mongolia,MNG,East Asia & Pacific,1997,1998,483.8781,555.1408,554.9877552022605,555.0263747065662,515.5954994014375,532.1737,Model 1,train
Mongolia,MNG,East Asia & Pacific,1998,1999,448.6604,522.8049,522.9417326022503,522.9672632782126,494.2410406663697,518.38226,Model 1,train
Mongolia,MNG,East Asia & Pacific,1999,2000,476.0276,486.3325,486.7434455987569,486.7565301023563,475.5724803567962,494.40256,Model 1,train
Mongolia,MNG,East Asia & Pacific,2000,2001,524.4535,515.8887,516.4156818352783,516.422646799182,545.4116416445236,527.84094,Model 1,train
Mongolia,MNG,East Asia & Pacific,2001,2002,570.2492,567.4796,568.0334601049041,568.0380301178973,574.4909663448402,565.8574,Model 1,train
Mongolia,MNG,East Asia & Pacific,2002,2003,643.1681,616.183,616.7549261871817,616.7574020017304,623.5485067945015,629.94617,Model 1,train
Mongolia,MNG,East Asia & Pacific,2005,2006,1329.8918,1067.2835,1068.5537322129678,1068.4915786240017,1172.989210613115,1041.2537,Model 1,train
Mongolia,MNG,East Asia & Pacific,2006,2007,1627.6879,1420.2945,1421.9129038882122,1421.7970831318155,1469.0392547540353,1393.4437,Model 1,train
Mongolia,MNG,East Asia & Pacific,2007,2008,2127.4268,1734.0191,1736.228624315254,1736.0445435621,1779.9969314066198,1597.1074,Model 1,train
Mongolia,MNG,East Asia & Pacific,2008,2009,1703.3276,2257.5107,2260.390449242702,2260.097628579003,2060.9208329936696,2209.4778,Model 1,train
Mongolia,MNG,East Asia & Pacific,2009,2010,2625.2188,1818.899,1822.7153887707505,1822.4423584028712,2068.624615844854,1753.0173,Model 1,train
Mongolia,MNG,East Asia & Pacific,2010,2011,3736.042,2782.1112,2786.9992410058253,2786.5234995087326,3115.2492955930243,2836.9119,Model 1,train
Mongolia,MNG,East Asia & Pacific,2011,2012,4328.89,3936.419,3942.670532079449,3941.9089774176705,4095.983954163568,3992.9817,Model 1,train
Mongolia,MNG,East Asia & Pacific,2012,2013,4340.1431,4551.4881,4558.75804036148,4557.8212966061865,4426.625241363918,4350.359,Model 1,train
Mongolia,MNG,East Asia & Pacific,2013,2014,4126.2398,4569.5784,4578.601902993681,4577.579535979167,4382.847160889793,4317.1753,Model 1,train
Mongolia,MNG,East Asia & Pacific,2014,2015,3838.9213,4353.8697,4364.135403034666,4363.104159662739,4127.954984217281,4138.524,Model 1,train
Mongolia,MNG,East Asia & Pacific,2015,2016,3619.9003,4058.8142,4069.365795893031,4068.3892416199383,3912.7440785104473,3882.6406,Model 1,train
Mongolia,MNG,East Asia & Pacific,2016,2017,3645.9671,3826.2673,3834.935201853538,3834.110674208496,3794.628037608122,3668.9111,Model 1,train
Mongolia,MNG,East Asia & Pacific,2017,2018,4107.6429,3856.1347,3865.57181006036,3864.7090416264496,3993.439923916299,3838.391,Model 1,train
Mozambique,MOZ,Sub-Saharan Africa ,2005,2006,457.4876,460.1637,456.01404280528715,456.36340723165034,458.49788669544665,483.11487,Model 1,train
Mozambique,MOZ,Sub-Saharan Africa ,2006,2007,507.8749,482.0105,477.752970286175,478.1133967902168,486.7402954841085,497.0858,Model 1,train
Mozambique,MOZ,Sub-Saharan Africa ,2007,2008,592.1591,534.5917,529.9490990251447,530.340857290489,540.1879431718023,547.01215,Model 1,train
Mozambique,MOZ,Sub-Saharan Africa ,2008,2009,547.6971,622.1476,616.8039145080517,617.2494575946304,606.7136437286345,627.00244,Model 1,train
Mozambique,MOZ,Sub-Saharan Africa ,2009,2010,496.1858,577.1777,572.5062026434276,572.9104956532275,558.1606414506309,551.06506,Model 1,train
Mozambique,MOZ,Sub-Saharan Africa ,2010,2011,618.1765,524.7505,520.793823734929,521.1526532700586,547.037421896875,516.1023,Model 1,train
Mozambique,MOZ,Sub-Saharan Africa ,2011,2012,685.6857,651.891,647.0331782511299,647.4644983918308,648.786601770487,619.5933,Model 1,train
Mozambique,MOZ,Sub-Saharan Africa ,2012,2013,686.5057,722.7914,717.6165983662754,718.0790543028781,696.5540616227817,712.0904,Model 1,train
Mozambique,MOZ,Sub-Saharan Africa ,2013,2014,697.1427,724.8911,720.0308296444683,720.4796583131864,695.0555209177633,687.7267,Model 1,train
Mozambique,MOZ,Sub-Saharan Africa ,2014,2015,610.5638,737.2494,732.6484616358321,733.0883751151514,692.6613225534102,739.39734,Model 1,train
Mozambique,MOZ,Sub-Saharan Africa ,2015,2016,441.4897,648.598,644.989221378584,645.3634727547804,566.4022378095,643.8396,Model 1,train
Mozambique,MOZ,Sub-Saharan Africa ,2016,2017,470.9386,472.9588,470.7893043804518,471.0540202742952,478.95613736819905,481.1279,Model 1,train
Mozambique,MOZ,Sub-Saharan Africa ,2017,2018,517.5073,504.6658,502.51749111039254,502.7898288106358,556.2246499456774,539.7277,Model 1,train
Mauritania,MRT,Sub-Saharan Africa ,1997,1998,821.2664,911.5302,909.2425358834136,909.3732432510204,860.2759206738441,914.73114,Model 1,train
Mauritania,MRT,Sub-Saharan Africa ,1998,1999,781.337,872.9803,871.1032503598847,871.2180665018224,843.1923667965049,862.97314,Model 1,train
Mauritania,MRT,Sub-Saharan Africa ,1999,2000,680.9111,832.4725,831.0324850858733,831.1298766826144,753.9708036721477,812.2217,Model 1,train
Mauritania,MRT,Sub-Saharan Africa ,2000,2001,651.8178,728.5599,727.7297946952219,727.804041994506,708.0269063786492,722.7984,Model 1,train
Mauritania,MRT,Sub-Saharan Africa ,2001,2002,648.8796,699.0809,698.6045196480515,698.6636795513791,646.6192544250741,671.1148,Model 1,train
Mauritania,MRT,Sub-Saharan Africa ,2002,2003,732.0178,696.9659,696.7548287275965,696.8019127326967,669.582025953057,678.87256,Model 1,train
Mauritania,MRT,Sub-Saharan Africa ,2003,2004,823.5545,785.3561,785.2429787615774,785.2824971119554,771.4438581741964,751.01105,Model 1,train
Mauritania,MRT,Sub-Saharan Africa ,2004,2005,998.9658,882.6068,882.6278056988899,882.6568671334335,910.6700316040638,879.1747,Model 1,train
Mauritania,MRT,Sub-Saharan Africa ,2005,2006,1300.6037,1067.7514,1067.8184706749046,1067.834793870973,1149.0373186120362,1042.2292,Model 1,train
Mauritania,MRT,Sub-Saharan Africa ,2006,2007,1405.1502,1384.5247,1384.5300986157058,1384.5248696679564,1369.9069364704112,1333.4504,Model 1,train
Mauritania,MRT,Sub-Saharan Africa ,2007,2008,1635.5631,1494.8093,1494.9814711241936,1494.9602778020992,1626.4681760884,1478.83,Model 1,train
Mauritania,MRT,Sub-Saharan Africa ,2008,2009,1435.4301,1735.8996,1736.0299164187263,1735.989355948632,1588.9226353210238,1565.0011,Model 1,train
Mauritania,MRT,Sub-Saharan Africa ,2009,2010,1659.9637,1528.4385,1529.0691578452893,1529.0300318236546,1591.295117982591,1526.1572,Model 1,train
Mauritania,MRT,Sub-Saharan Africa ,2010,2011,1931.1998,1762.9196,1763.3801852150496,1763.330742176474,1757.4120712723538,1663.4806,Model 1,train
Mauritania,MRT,Sub-Saharan Africa ,2011,2012,1859.1173,2044.9712,2045.0595025750852,2045.003246814828,1918.0862675887236,1982.0038,Model 1,train
Mauritania,MRT,Sub-Saharan Africa ,2012,2013,1934.241,1970.3355,1970.5278153885404,1970.481569575106,1900.8943525117957,1850.0444,Model 1,train
Mauritania,MRT,Sub-Saharan Africa ,2013,2014,1713.0087,2048.5921,2048.694627020359,2048.650579003644,1893.4321545938171,2004.671,Model 1,train
Mauritania,MRT,Sub-Saharan Africa ,2014,2015,1554.949,1820.128,1820.89089182967,1820.8429324197268,1676.9486541344156,1707.9155,Model 1,train
Mauritania,MRT,Sub-Saharan Africa ,2015,2016,1565.7658,1656.5657,1657.7777914901708,1657.727175798467,1683.3052924043016,1573.329,Model 1,train
Mauritania,MRT,Sub-Saharan Africa ,2016,2017,1615.004,1669.0928,1670.6008289739004,1670.5388592771951,1681.027154112123,1591.5972,Model 1,train
Mauritania,MRT,Sub-Saharan Africa ,2017,2018,1722.9353,1721.5147,1723.2301946680393,1723.1581619390022,1674.6163882939077,1579.2233,Model 1,train
Mauritius,MUS,Sub-Saharan Africa ,1996,1997,3695.7367,4177.5106,4192.145636292339,4190.512213823495,3976.260522523768,4068.53,Model 1,train
Mauritius,MUS,Sub-Saharan Africa ,1997,1998,3641.6214,3912.761,3927.0400198838593,3925.5096805657568,3873.245690767155,4102.29,Model 1,train
Mauritius,MUS,Sub-Saharan Africa ,1998,1999,3745.6963,3858.4738,3873.126754277059,3871.597047280387,3866.978986870726,4066.5479,Model 1,train
Mauritius,MUS,Sub-Saharan Africa ,1999,2000,3981.9834,3969.7901,3985.5836446319736,3983.966694430342,3923.385022108571,4126.307,Model 1,train
Mauritius,MUS,Sub-Saharan Africa ,2000,2001,3908.5569,4222.0733,4240.437733859735,4238.615540319814,3999.807958772654,4188.262,Model 1,train
Mauritius,MUS,Sub-Saharan Africa ,2001,2002,4073.0605,4146.7859,4165.193591052597,4163.394978661789,4028.853570246389,4270.4404,Model 1,train
Mauritius,MUS,Sub-Saharan Africa ,2002,2003,4858.2658,4319.717,4339.162212635257,4337.260718830102,4397.7150031906,4239.7544,Model 1,train
Mauritius,MUS,Sub-Saharan Africa ,2003,2004,5460.608,5135.69,5157.854291408995,5155.562580137229,5363.70650501146,5423.054,Model 1,train
Mauritius,MUS,Sub-Saharan Africa ,2004,2005,5354.0297,5760.6232,5784.955439152896,5782.3531608430285,5716.564173375702,6145.8286,Model 1,train
Mauritius,MUS,Sub-Saharan Africa ,2005,2006,5784.2249,5652.7131,5677.366833953937,5674.786265328777,5680.760896145777,5895.2485,Model 1,train
Mauritius,MUS,Sub-Saharan Africa ,2006,2007,6677.3496,6097.1787,6122.985585706234,6120.202102495473,6401.605352217063,6448.7695,Model 1,train
Mauritius,MUS,Sub-Saharan Africa ,2007,2008,8140.5081,7020.2247,7048.962647650482,7045.717748818984,7659.833183158766,7722.901,Model 1,train
Mauritius,MUS,Sub-Saharan Africa ,2008,2009,7426.8865,8523.72,8555.892117566482,8551.940101883072,8242.60446617887,8891.022,Model 1,train
Mauritius,MUS,Sub-Saharan Africa ,2009,2010,8113.1767,7797.0564,7829.258379836399,7825.566545894038,7930.823709572471,8321.549,Model 1,train
Mauritius,MUS,Sub-Saharan Africa ,2010,2011,9324.2423,8503.837,8538.232972454161,8534.17615709913,8708.581107720946,8820.569,Model 1,train
Mauritius,MUS,Sub-Saharan Africa ,2011,2012,9421.5251,9752.4326,9791.70534521968,9786.936191944127,9673.32533389036,10371.002,Model 1,train
Mauritius,MUS,Sub-Saharan Africa ,2012,2013,9877.1387,9866.3782,9909.943400211005,9904.909683729247,10038.142473111677,10303.1,Model 1,train
Mauritius,MUS,Sub-Saharan Africa ,2013,2014,10490.3316,10337.3109,10383.235927676056,10377.903863701087,10397.53714368684,10536.612,Model 1,train
Mauritius,MUS,Sub-Saharan Africa ,2014,2015,9630.5438,10970.2125,11019.20684875841,11013.474703621603,10517.41091647887,11181.69,Model 1,train
Mauritius,MUS,Sub-Saharan Africa ,2015,2016,10095.1226,10092.6758,10140.20221464975,10134.881828426263,10190.318105632268,10390.316,Model 1,train
Mauritius,MUS,Sub-Saharan Africa ,2016,2017,10986.7034,10570.3822,10619.659836539102,10614.06784479912,10777.762454643163,10724.486,Model 1,train
Mauritius,MUS,Sub-Saharan Africa ,2017,2018,11818.7481,11487.301,11540.2383181341,11534.10337936215,11213.574636235104,11269.293,Model 1,train
Malawi,MWI,Sub-Saharan Africa ,1997,1998,236.0455,380.7869,375.6913345281615,376.0469372089472,317.57633328096716,349.78574,Model 1,train
Malawi,MWI,Sub-Saharan Africa ,1998,1999,233.936,247.2239,244.0955319607532,244.32779029023243,226.71955077655775,238.2301,Model 1,train
Malawi,MWI,Sub-Saharan Africa ,1999,2000,224.2242,245.5048,242.519987865138,242.74516144112908,231.82942659350016,238.5171,Model 1,train
Malawi,MWI,Sub-Saharan Africa ,2000,2001,215.4745,236.1466,233.46065309296492,233.6692363002254,227.873298969836,227.47299,Model 1,train
Malawi,MWI,Sub-Saharan Africa ,2001,2002,428.2104,227.6822,225.25849070134643,225.4524584455366,281.9701925995731,231.31534,Model 1,train
Malawi,MWI,Sub-Saharan Africa ,2002,2003,383.3486,447.1749,442.2133330428302,442.5772998860341,392.3469194303247,431.30432,Model 1,train
Malawi,MWI,Sub-Saharan Africa ,2003,2004,404.6742,402.6168,398.5936210113658,398.903618564386,400.6268691653887,394.80807,Model 1,train
Malawi,MWI,Sub-Saharan Africa ,2004,2005,414.3611,426.0506,422.1665832326884,422.4743636916317,389.35607800578504,409.11728,Model 1,train
Malawi,MWI,Sub-Saharan Africa ,2005,2006,440.8221,437.5048,433.8980398066448,434.1946416058883,414.6644294186794,447.0742,Model 1,train
Malawi,MWI,Sub-Saharan Africa ,2006,2007,475.1803,466.1744,462.642574082292,462.9411653987245,477.3534677210536,462.1055,Model 1,train
Malawi,MWI,Sub-Saharan Africa ,2007,2008,554.0488,502.9793,499.4435722191196,499.749469905093,523.9236997762799,524.11523,Model 1,train
Malawi,MWI,Sub-Saharan Africa ,2008,2009,625.8697,586.0551,582.1802419048888,582.5173687240657,624.8398174811209,588.09094,Model 1,train
Malawi,MWI,Sub-Saharan Africa ,2009,2010,683.1247,661.9488,657.868264947688,658.2282165076361,683.2570504134964,637.764,Model 1,train
Malawi,MWI,Sub-Saharan Africa ,2010,2011,763.061,723.0614,719.0032113904336,719.3720227016655,724.0042274592844,729.8665,Model 1,train
Malawi,MWI,Sub-Saharan Africa ,2011,2012,558.4621,807.9085,803.79063006095,804.1752229207531,689.0493140818375,797.67645,Model 1,train
Malawi,MWI,Sub-Saharan Africa ,2012,2013,496.9474,596.5271,594.1669676757447,594.4347952202726,554.9868891352296,580.19,Model 1,train
Malawi,MWI,Sub-Saharan Africa ,2013,2014,529.5133,533.297,531.6082584647282,531.8332116504445,531.0967430167685,527.9419,Model 1,train
Malawi,MWI,Sub-Saharan Africa ,2014,2015,539.6054,568.6355,567.0801919275835,567.305585831201,530.8809116530122,562.7657,Model 1,train
Malawi,MWI,Sub-Saharan Africa ,2015,2016,450.5061,580.1738,578.8145829501119,579.033346144024,531.9863006668845,582.12897,Model 1,train
Malawi,MWI,Sub-Saharan Africa ,2016,2017,495.7697,487.1479,486.4062927586663,486.578807666462,491.2241414234464,466.35718,Model 1,train
Malawi,MWI,Sub-Saharan Africa ,2017,2018,533.2026,535.9971,535.355497089417,535.5329436308168,552.2899666371948,522.31146,Model 1,train
Malaysia,MYS,East Asia & Pacific,1992,1993,3461.995,3330.662,3333.961917122197,3334.1244208276635,3240.1165435861403,3225.5918,Model 1,train
Malaysia,MYS,East Asia & Pacific,1993,1994,3757.6529,3665.192,3668.7331997638566,3668.892928278924,3716.733679886627,3668.5857,Model 1,train
Malaysia,MYS,East Asia & Pacific,1994,1995,4363.1446,3972.7459,3976.3278463122383,3976.4941553536446,4161.813574529994,4030.3713,Model 1,train
Malaysia,MYS,East Asia & Pacific,1995,1996,4837.169,4599.8575,4603.123247941793,4603.309367716805,4638.62929912027,4699.9585,Model 1,train
Malaysia,MYS,East Asia & Pacific,1996,1997,4678.5639,5090.3407,5093.443146623796,5093.639726326499,5056.201251389302,5193.5854,Model 1,train
Malaysia,MYS,East Asia & Pacific,1997,1998,3294.3098,4928.7332,4932.4327449595585,4932.614659726426,4467.376096288258,5004.096,Model 1,train
Malaysia,MYS,East Asia & Pacific,1998,1999,3527.8158,3496.1661,3500.831620518141,3500.9777755008263,3560.6493750159175,3551.516,Model 1,train
Malaysia,MYS,East Asia & Pacific,1999,2000,4083.5287,3738.9668,3743.544549595825,3743.707443998027,3864.40286415077,3743.176,Model 1,train
Malaysia,MYS,East Asia & Pacific,2000,2001,3943.7994,4317.9968,4323.0481042472375,4323.199643652557,4150.863876316542,4148.569,Model 1,train
Malaysia,MYS,East Asia & Pacific,2001,2002,4184.0316,4176.6059,4182.5837316996285,4182.697173850073,4227.185194093827,4102.0747,Model 1,train
Malaysia,MYS,East Asia & Pacific,2002,2003,4465.3219,4429.6683,4436.6310404293345,4436.705224384129,4599.089230115263,4507.1475,Model 1,train
Malaysia,MYS,East Asia & Pacific,2003,2004,4939.2485,4723.9506,4731.576008054155,4731.627258808215,4960.078449710776,4798.7393,Model 1,train
Malaysia,MYS,East Asia & Pacific,2004,2005,5555.5818,5218.1354,5226.63728703431,5226.652753311585,5434.201829966725,5366.7583,Model 1,train
Malaysia,MYS,East Asia & Pacific,2005,2006,6158.4079,5859.7985,5869.454575795471,5869.415226339953,6064.663837587045,6107.529,Model 1,train
Malaysia,MYS,East Asia & Pacific,2006,2007,7168.9303,6486.8455,6497.737541578222,6497.6354898118325,6775.30627400116,6612.9517,Model 1,train
Malaysia,MYS,East Asia & Pacific,2007,2008,8371.8216,7532.322,7544.302395531347,7544.128173685713,7903.879949722852,7574.357,Model 1,train
Malaysia,MYS,East Asia & Pacific,2008,2009,7191.4329,8771.9828,8784.679417619387,8784.43333872998,8441.316289516157,8747.488,Model 1,train
Malaysia,MYS,East Asia & Pacific,2009,2010,8899.3451,7560.6532,7573.828938477286,7573.62325206047,8362.284756981473,7329.447,Model 1,train
Malaysia,MYS,East Asia & Pacific,2010,2011,10217.1069,9317.5559,9331.103365988722,9330.822118893971,9523.39729466265,9447.256,Model 1,train
Malaysia,MYS,East Asia & Pacific,2011,2012,10600.5744,10669.5688,10683.322320914658,10682.973211517963,10819.805384973746,10694.878,Model 1,train
Malaysia,MYS,East Asia & Pacific,2012,2013,10713.6408,11063.0677,11076.921040662266,11076.561350431022,10943.04232444035,11075.212,Model 1,train
Malaysia,MYS,East Asia & Pacific,2013,2014,11013.3107,11175.9239,11188.810082407968,11188.513009978073,10969.080460085115,11075.212,Model 1,train
Malaysia,MYS,East Asia & Pacific,2014,2015,9648.6798,11478.3694,11489.913706394327,11489.687315397372,10781.90301515549,10859.424,Model 1,train
Malaysia,MYS,East Asia & Pacific,2015,2016,9476.5341,10081.7792,10093.409098230151,10093.275144534837,10016.192783225457,10427.393,Model 1,train
Malaysia,MYS,East Asia & Pacific,2016,2017,9862.5481,9907.2876,9919.331712735911,9919.20248274934,10044.528474719193,10283.025,Model 1,train
Malaysia,MYS,East Asia & Pacific,2017,2018,10901.802,10306.3998,10319.24421465456,10319.073301825658,10769.7096432099,10588.489,Model 1,train
Namibia,NAM,Sub-Saharan Africa ,2003,2004,3403.155,2617.5547,2593.9444401593537,2594.8781480415437,3162.6121405225567,2744.9788,Model 1,train
Namibia,NAM,Sub-Saharan Africa ,2004,2005,3685.773,3449.2786,3417.1899326159496,3418.3854938141794,3604.78582656706,3709.7915,Model 1,train
Namibia,NAM,Sub-Saharan Africa ,2005,2006,4017.1835,3733.0121,3698.7207408003032,3699.9690750105783,4099.433583974429,4200.975,Model 1,train
Namibia,NAM,Sub-Saharan Africa ,2006,2007,4379.0431,4067.6027,4031.3431697054352,4032.61876628834,4216.1339477378615,3970.4072,Model 1,train
Namibia,NAM,Sub-Saharan Africa ,2007,2008,4204.7856,4435.169,4397.485330341347,4398.750453285582,4455.937019696087,4579.3867,Model 1,train
Namibia,NAM,Sub-Saharan Africa ,2008,2009,4302.9137,4269.5587,4235.538963862415,4236.661703343902,4478.031422159195,4612.865,Model 1,train
Namibia,NAM,Sub-Saharan Africa ,2009,2010,5418.2163,4373.4924,4340.199907993212,4341.26625991563,4939.056880928686,4696.634,Model 1,train
Namibia,NAM,Sub-Saharan Africa ,2010,2011,5834.7918,5490.9303,5449.809132271194,5451.003732435,5667.908696903783,5939.978,Model 1,train
Namibia,NAM,Sub-Saharan Africa ,2011,2012,5942.6468,5911.9254,5869.0506680519175,5870.233628847133,5618.383090336525,6532.986,Model 1,train
Namibia,NAM,Sub-Saharan Africa ,2012,2013,5346.6213,6034.681,5995.0081245193705,5996.005966974926,5581.1885945078075,5657.906,Model 1,train
Namibia,NAM,Sub-Saharan Africa ,2013,2014,5378.3233,5450.7479,5418.350953995097,5419.14118312875,5337.313973446263,5508.3604,Model 1,train
Namibia,NAM,Sub-Saharan Africa ,2014,2015,4774.1065,5493.4477,5463.700918543921,5464.357555187289,4969.806577369727,5477.5996,Model 1,train
Namibia,NAM,Sub-Saharan Africa ,2015,2016,4395.6878,4896.3458,4872.897598153444,4873.39058509448,4822.883610676808,4957.919,Model 1,train
Namibia,NAM,Sub-Saharan Africa ,2016,2017,5143.9607,4524.5283,4505.754644572152,4506.10649112544,4922.267020847647,4607.15,Model 1,train
Namibia,NAM,Sub-Saharan Africa ,2017,2018,5308.6081,5288.3983,5268.016011916368,5268.283016139007,5342.663880604855,5222.3726,Model 1,train
New Caledonia,NCL,East Asia & Pacific,2011,2012,35559.5672,39840.8311,40074.929184863235,40039.90752671005,36668.190022436866,38176.68,Model 1,train
New Caledonia,NCL,East Asia & Pacific,2012,2013,36671.1567,36571.3703,36798.00601251824,36765.608987805485,36746.30177073746,35480.82,Model 1,train
New Caledonia,NCL,East Asia & Pacific,2013,2014,37816.9559,37712.7662,37950.21622347364,37916.57340571343,37063.24851593601,37550.2,Model 1,train
New Caledonia,NCL,East Asia & Pacific,2014,2015,30858.7237,38883.1843,39130.26069522659,39095.404226613726,35663.402672579854,37573.95,Model 1,train
New Caledonia,NCL,East Asia & Pacific,2015,2016,30782.8544,31873.0387,32088.94314717772,32060.29356224845,31569.130451892903,31515.188,Model 1,train
Niger,NER,Sub-Saharan Africa ,1996,1997,220.563,252.0245,249.1949583519247,249.411100098872,231.04559470862324,244.72939,Model 1,train
Niger,NER,Sub-Saharan Africa ,1997,1998,246.0909,232.9275,230.455574184747,230.6505303051899,234.70034937533512,231.59323,Model 1,train
Niger,NER,Sub-Saharan Africa ,1998,1999,228.2717,259.7377,257.04991158642554,257.2620267784026,238.13631579878952,252.4145,Model 1,train
Niger,NER,Sub-Saharan Africa ,1999,2000,194.772,241.6852,239.3117467714615,239.5050804770847,235.23691531492432,239.59296,Model 1,train
Niger,NER,Sub-Saharan Africa ,2000,2001,205.4179,207.2277,205.33179162894595,205.4941775775883,220.53593096020512,207.28358,Model 1,train
Niger,NER,Sub-Saharan Africa ,2001,2002,225.2944,218.6763,216.75094673667675,216.9181197508884,225.81161345719363,225.57335,Model 1,train
Niger,NER,Sub-Saharan Africa ,2002,2003,265.2254,239.8191,237.7872780407418,237.96530786587056,250.9998430301072,242.32567,Model 1,train
Niger,NER,Sub-Saharan Africa ,2003,2004,283.4683,281.9819,279.6794540637162,279.88106490528696,280.96638164362116,270.11774,Model 1,train
Niger,NER,Sub-Saharan Africa ,2004,2005,318.6431,301.5779,299.2448645303017,299.4530476904987,310.9868656948537,297.821,Model 1,train
Niger,NER,Sub-Saharan Africa ,2005,2006,333.3451,338.9245,336.4350751264316,336.6597630441589,346.0567371011387,340.57343,Model 1,train
Niger,NER,Sub-Saharan Africa ,2006,2007,387.1681,354.9937,352.5613632931344,352.78748841841076,356.9668142944006,360.91373,Model 1,train
Niger,NER,Sub-Saharan Africa ,2007,2008,475.045,411.865,409.16099282814895,409.4130527058274,422.59386646535086,412.9474,Model 1,train
Niger,NER,Sub-Saharan Africa ,2008,2009,461.1315,504.1681,500.9416347240818,501.23816842551673,493.82175683325886,526.43286,Model 1,train
Niger,NER,Sub-Saharan Africa ,2009,2010,474.4257,490.4296,487.5014665924061,487.7822494570812,469.46930908840824,488.90317,Model 1,train
Niger,NER,Sub-Saharan Africa ,2010,2011,510.7596,504.9731,502.11427249669464,502.39588016086554,519.0711068012757,515.78613,Model 1,train
Niger,NER,Sub-Saharan Africa ,2011,2012,528.5101,543.4792,540.5047886322375,540.8008877188569,561.4721531708942,541.77527,Model 1,train
Niger,NER,Sub-Saharan Africa ,2012,2013,552.1033,562.4686,559.4802013650666,559.7823548617748,553.6400275092059,503.63382,Model 1,train
Niger,NER,Sub-Saharan Africa ,2013,2014,565.3099,587.5551,584.5147749180774,584.8260459926078,572.7194618053314,569.6753,Model 1,train
Niger,NER,Sub-Saharan Africa ,2014,2015,485.6626,601.7642,598.7336156230856,599.0490352626539,545.2884009281212,584.82635,Model 1,train
Niger,NER,Sub-Saharan Africa ,2015,2016,502.7065,518.7627,516.3044088232953,516.5776223528949,526.9944027571611,522.73254,Model 1,train
Niger,NER,Sub-Saharan Africa ,2016,2017,521.8041,537.0508,534.5889305649614,534.8677518650848,540.7967605895974,535.1765,Model 1,train
Niger,NER,Sub-Saharan Africa ,2017,2018,578.568,557.3965,554.8949778745821,555.181664670186,565.9076376254585,542.5891,Model 1,train
Nigeria,NGA,Sub-Saharan Africa ,1996,1997,1720.2754,1643.3398,1614.3234793111978,1616.3832760828188,1532.3969779466622,1612.4684,Model 1,train
Nigeria,NGA,Sub-Saharan Africa ,1997,1998,1822.47,1730.0664,1699.4679886674678,1701.6352707347455,1520.27565355123,1527.8625,Model 1,train
Nigeria,NGA,Sub-Saharan Africa ,1998,1999,480.6694,1831.4338,1799.048003354876,1801.3370627921208,1088.579438966514,1348.4612,Model 1,train
Nigeria,NGA,Sub-Saharan Africa ,1999,2000,547.3183,496.9707,489.34926294004646,489.9732414776106,511.6771922139932,498.43417,Model 1,train
Nigeria,NGA,Sub-Saharan Africa ,2000,2001,566.4282,565.084,556.4870664534377,557.1877877556677,621.4412463236201,573.03723,Model 1,train
Nigeria,NGA,Sub-Saharan Africa ,2001,2002,712.1649,584.9552,576.1639035264205,576.8835013725275,648.8598747821634,601.2387,Model 1,train
Nigeria,NGA,Sub-Saharan Africa ,2002,2003,763.3887,732.8179,721.7492169964564,722.6400593454424,785.0910640611677,793.9852,Model 1,train
Nigeria,NGA,Sub-Saharan Africa ,2003,2004,962.481,785.5172,773.8553580881525,774.7970431863927,910.4149727965404,882.92926,Model 1,train
Nigeria,NGA,Sub-Saharan Africa ,2004,2005,1211.377,986.9095,972.2180013194536,973.384785039214,1140.4078774163786,1085.9806,Model 1,train
Nigeria,NGA,Sub-Saharan Africa ,2005,2006,1599.5389,1237.3913,1218.8081621866047,1220.2565770917383,1443.7636307072337,1385.1741,Model 1,train
Nigeria,NGA,Sub-Saharan Africa ,2006,2007,1815.527,1625.8574,1601.0483397604964,1602.9343100743854,1714.118853031256,1845.8334,Model 1,train
Nigeria,NGA,Sub-Saharan Africa ,2007,2008,2154.1054,1842.7911,1814.8680635430217,1816.9792348506764,1901.104010367418,1862.0134,Model 1,train
Nigeria,NGA,Sub-Saharan Africa ,2008,2009,1820.4863,2180.6429,2147.4797197045314,2149.955814096808,1965.4296273314624,2259.5747,Model 1,train
Nigeria,NGA,Sub-Saharan Africa ,2009,2010,2202.2567,1850.7056,1823.3916488210984,1825.484499346764,1905.564717729495,1753.4396,Model 1,train
Nigeria,NGA,Sub-Saharan Africa ,2010,2011,2418.4132,2231.2561,2197.936525391721,2200.4466789447797,2285.662541240205,2433.616,Model 1,train
Nigeria,NGA,Sub-Saharan Africa ,2011,2012,2633.1973,2446.4856,2409.7949095752833,2412.54097100419,2570.147746523915,2616.1965,Model 1,train
Nigeria,NGA,Sub-Saharan Africa ,2012,2013,2872.7908,2660.2777,2620.28742177589,2623.2647455228603,2756.121378278088,2815.541,Model 1,train
Nigeria,NGA,Sub-Saharan Africa ,2013,2014,3088.7213,2898.0048,2854.2176922640874,2857.457104529988,2959.4286559089123,3020.705,Model 1,train
Nigeria,NGA,Sub-Saharan Africa ,2014,2015,2585.7336,3111.9215,3064.6818002693913,3068.159047486027,2871.4165726872875,3146.4749,Model 1,train
Nigeria,NGA,Sub-Saharan Africa ,2015,2016,2070.4127,2614.5665,2575.513566211762,2578.4520433253356,2419.558792035389,2608.8105,Model 1,train
Nigeria,NGA,Sub-Saharan Africa ,2016,2017,1876.3403,2104.2725,2073.856904013174,2076.2183383435213,2019.796272802228,2159.8438,Model 1,train
Nigeria,NGA,Sub-Saharan Africa ,2017,2018,2057.8794,1911.7776,1884.6452477395956,1886.7870915744709,2023.2455667436225,2032.608,Model 1,train
Nicaragua,NIC,Latin America & Caribbean ,2000,2001,1051.8742,1092.4903,1093.5836495631916,1093.604621968691,1068.832927951844,1058.5864,Model 1,train
Nicaragua,NIC,Latin America & Caribbean ,2001,2002,1014.3339,1130.6478,1132.216278216037,1132.2131114845822,1065.5067083108995,1084.5022,Model 1,train
Nicaragua,NIC,Latin America & Caribbean ,2002,2003,1021.3522,1093.5437,1095.795279218339,1095.758919791783,1058.6663753298467,1074.5791,Model 1,train
Nicaragua,NIC,Latin America & Caribbean ,2003,2004,1098.6212,1103.0797,1105.9244511336522,1105.8584084696324,1072.9938722650586,1081.1791,Model 1,train
Nicaragua,NIC,Latin America & Caribbean ,2004,2005,1183.3021,1186.9337,1190.4569933755397,1190.3550648453793,1172.3015095886244,1222.7079,Model 1,train
Nicaragua,NIC,Latin America & Caribbean ,2005,2006,1248.1737,1279.1387,1283.5195363082155,1283.3719299246338,1261.507354237775,1303.9308,Model 1,train
Nicaragua,NIC,Latin America & Caribbean ,2006,2007,1350.3815,1349.6755,1354.698095625265,1354.5166087122225,1363.4884121894424,1379.4666,Model 1,train
Nicaragua,NIC,Latin America & Caribbean ,2007,2008,1523.6844,1458.6528,1464.110063662973,1463.9037563439283,1514.3295438129828,1480.3093,Model 1,train
Nicaragua,NIC,Latin America & Caribbean ,2008,2009,1467.0829,1642.5663,1648.5989394951887,1648.3562994949166,1578.053873078789,1703.6664,Model 1,train
Nicaragua,NIC,Latin America & Caribbean ,2009,2010,1526.5671,1583.1084,1589.0911947691238,1588.8564430515355,1592.2685929143788,1631.8467,Model 1,train
Nicaragua,NIC,Latin America & Caribbean ,2010,2011,1679.7119,1646.967,1653.3521380808909,1653.095724722589,1639.0356153131358,1740.2887,Model 1,train
Nicaragua,NIC,Latin America & Caribbean ,2011,2012,1784.6984,1809.795,1816.8405700159017,1816.5436432625816,1778.8293051337314,1882.6539,Model 1,train
Nicaragua,NIC,Latin America & Caribbean ,2012,2013,1835.44,1922.3593,1930.1519882433672,1929.8122167803376,1912.5613023746976,1915.2727,Model 1,train
Nicaragua,NIC,Latin America & Caribbean ,2013,2014,1958.3705,1976.3915,1984.436365254713,1984.082907671222,2022.365432841592,2028.8373,Model 1,train
Nicaragua,NIC,Latin America & Caribbean ,2014,2015,2074.4562,2107.1482,2115.8185204098836,2115.426917171465,2094.341879829507,2153.438,Model 1,train
Nicaragua,NIC,Latin America & Caribbean ,2015,2016,2131.687,2229.948,2239.043631491069,2238.6244296345712,2246.8932115146026,2310.4978,Model 1,train
Nicaragua,NIC,Latin America & Caribbean ,2016,2017,2182.6138,2291.7081,2301.357348151896,2300.9080118597394,2256.3508161870454,2381.9888,Model 1,train
Nicaragua,NIC,Latin America & Caribbean ,2017,2018,2035.1655,2346.4653,2356.5522012064325,2356.079262933071,2263.3363438349115,2401.6338,Model 1,train
Netherlands,NLD,Europe & Central Asia,1991,1992,23939.2173,22484.5821,22529.242317833785,22524.579199844185,22932.413256291195,22423.744,Model 1,train
Netherlands,NLD,Europe & Central Asia,1992,1993,23156.4404,24696.0189,24744.765796452182,24739.458596654113,24403.022869188448,24601.678,Model 1,train
Netherlands,NLD,Europe & Central Asia,1993,1994,24682.5867,23887.0317,23930.316832702567,23925.477510475095,23470.379294280017,23754.635,Model 1,train
Netherlands,NLD,Europe & Central Asia,1994,1995,29301.194,25456.1768,25507.509032768,25501.942368424057,26845.86714372952,25014.04,Model 1,train
Netherlands,NLD,Europe & Central Asia,1995,1996,29063.6237,30115.2244,30168.18339359594,30161.536175560293,28738.550780514284,29340.893,Model 1,train
Netherlands,NLD,Europe & Central Asia,1996,1997,26744.9601,29878.0798,29931.459468765835,29924.857524753035,28069.399114105443,29340.893,Model 1,train
Netherlands,NLD,Europe & Central Asia,1997,1998,27924.2818,27565.2836,27624.73545404253,27618.33876141336,27186.93209050028,26973.78,Model 1,train
Netherlands,NLD,Europe & Central Asia,1998,1999,28318.7467,28761.2102,28822.78443456988,28816.035916020104,27604.58425874151,29019.422,Model 1,train
Netherlands,NLD,Europe & Central Asia,1999,2000,26225.1698,29155.4898,29216.083407108697,29209.31952191815,27754.67176359858,29019.422,Model 1,train
Netherlands,NLD,Europe & Central Asia,2000,2001,26955.7128,27052.3214,27114.37979353805,27108.012302928262,27488.79168779668,26780.105,Model 1,train
Netherlands,NLD,Europe & Central Asia,2001,2002,29446.5331,27803.6029,27869.74850893752,27863.02997580296,29164.61173179523,27531.77,Model 1,train
Netherlands,NLD,Europe & Central Asia,2002,2003,35896.7505,30324.9658,30394.7342730552,30387.299497415388,33028.02540683349,30270.713,Model 1,train
Netherlands,NLD,Europe & Central Asia,2003,2004,40611.3414,36835.2458,36913.24265603992,36903.89948829243,38788.53831973777,36950.375,Model 1,train
Netherlands,NLD,Europe & Central Asia,2004,2005,42165.3962,41628.5067,41725.470244437776,41713.98169776789,42941.21670299277,42134.234,Model 1,train
Netherlands,NLD,Europe & Central Asia,2005,2006,45123.5432,43214.4681,43319.84543810838,43307.52958966362,44869.03821129095,43884.637,Model 1,train
Netherlands,NLD,Europe & Central Asia,2006,2007,52100.7996,46221.317,46340.063909788514,46326.28780673364,48455.82264845423,46921.5,Model 1,train
Netherlands,NLD,Europe & Central Asia,2007,2008,58246.7027,53262.7356,53401.854437714064,53385.15340249495,54788.17343525578,52122.746,Model 1,train
Netherlands,NLD,Europe & Central Asia,2008,2009,53172.0262,59431.4177,59582.08872029086,59563.095005156945,55556.963016207315,58462.176,Model 1,train
Netherlands,NLD,Europe & Central Asia,2009,2010,51305.7339,54394.1488,54550.61365850469,54532.74824656992,52411.95657769808,52102.074,Model 1,train
Netherlands,NLD,Europe & Central Asia,2010,2011,54701.7728,52542.7198,52702.00678852677,52684.5250526042,51397.67070476952,52102.074,Model 1,train
Netherlands,NLD,Europe & Central Asia,2011,2012,50473.9442,56015.1134,56198.15063245741,56178.50848498239,51673.96960615179,53831.54,Model 1,train
Netherlands,NLD,Europe & Central Asia,2012,2013,52602.2861,51758.2795,51930.21763985114,51912.33078125076,50572.59406747429,49368.926,Model 1,train
Netherlands,NLD,Europe & Central Asia,2013,2014,53457.2235,53921.0823,54103.84578731921,54084.827366240934,53193.13073849853,51851.797,Model 1,train
Netherlands,NLD,Europe & Central Asia,2014,2015,45793.8135,54832.7688,55032.067170044575,55011.957634357175,50694.72789399351,54351.984,Model 1,train
Netherlands,NLD,Europe & Central Asia,2015,2016,46808.5291,47098.6014,47274.708225427814,47257.88209889633,48101.04956802112,46818.023,Model 1,train
Netherlands,NLD,Europe & Central Asia,2016,2017,49513.6817,48126.1646,48305.79280630334,48288.54356832716,48760.93521436598,48334.047,Model 1,train
Netherlands,NLD,Europe & Central Asia,2017,2018,53955.077,50873.0871,51065.00580459205,51046.42725148238,49348.601259592215,49384.746,Model 1,train
Norway,NOR,Europe & Central Asia,1991,1992,30523.9851,29437.1507,29531.060319459757,29518.546518330175,30263.64111606477,29878.984,Model 1,train
Norway,NOR,Europe & Central Asia,1992,1993,27963.6979,31394.0696,31495.113730523197,31481.54749513885,30095.83271626019,31578.549,Model 1,train
Norway,NOR,Europe & Central Asia,1993,1994,29315.8092,28810.006,28905.867427406287,28893.507233327902,28884.36963116492,29490.836,Model 1,train
Norway,NOR,Europe & Central Asia,1994,1995,34875.7043,30213.0968,30322.2660182976,30308.732767874415,32151.236426488817,30354.025,Model 1,train
Norway,NOR,Europe & Central Asia,1995,1996,37321.9742,35819.0246,35939.487097696336,35923.34979330829,37932.29788844623,36099.586,Model 1,train
Norway,NOR,Europe & Central Asia,1996,1997,36629.0309,38316.4751,38451.817605142016,38433.98990247236,36921.17018937521,38249.492,Model 1,train
Norway,NOR,Europe & Central Asia,1997,1998,34803.4634,37618.4933,37752.02121092286,37734.570996345,36807.10846524858,38249.492,Model 1,train
Norway,NOR,Europe & Central Asia,1998,1999,36393.2927,35797.084,35931.344308206004,35914.553505823635,37069.238468128104,36659.05,Model 1,train
Norway,NOR,Europe & Central Asia,1999,2000,38178.2369,37393.3489,37529.42473998214,37511.974238186966,37997.10687993074,38661.742,Model 1,train
Norway,NOR,Europe & Central Asia,2000,2001,38601.8976,39221.9537,39370.802684542585,39352.02622599345,39104.781798532,40079.7,Model 1,train
Norway,NOR,Europe & Central Asia,2001,2002,43170.5572,39662.5057,39816.17639645688,39797.002511824,41485.2932188001,39894.707,Model 1,train
Norway,NOR,Europe & Central Asia,2002,2003,50250.3298,44276.3978,44445.91079176399,44424.17296593943,46389.32166183838,45696.473,Model 1,train
Norway,NOR,Europe & Central Asia,2003,2004,57768.6981,51427.027,51625.30033387693,51599.27647161132,53486.23240176982,51309.082,Model 1,train
Norway,NOR,Europe & Central Asia,2004,2005,67047.1705,59016.7641,59249.01961962411,59218.16925955558,62798.95512895356,62421.145,Model 1,train
Norway,NOR,Europe & Central Asia,2005,2006,74434.4997,68319.0913,68580.55431759405,68544.32353090552,72068.22999429297,72087.95,Model 1,train
Norway,NOR,Europe & Central Asia,2006,2007,85502.2677,75738.8024,76030.98594298642,75990.01682101823,77432.47915378009,72154.055,Model 1,train
Norway,NOR,Europe & Central Asia,2007,2008,97503.5408,86762.6218,87080.11698012844,87033.05524547181,92233.45490081124,82323.57,Model 1,train
Norway,NOR,Europe & Central Asia,2008,2009,80347.5701,98719.8843,99072.30643336488,99018.1330122929,84161.98525677188,89977.19,Model 1,train
Norway,NOR,Europe & Central Asia,2009,2010,88163.2086,81712.4213,82039.19964550948,81994.09924340132,89241.45645983968,82749.88,Model 1,train
Norway,NOR,Europe & Central Asia,2010,2011,101221.8135,89532.4689,89888.28361416812,89838.31852019834,92718.22873123991,91245.375,Model 1,train
Norway,NOR,Europe & Central Asia,2011,2012,102175.9193,102575.0121,102979.33582893612,102921.0730666291,99981.9057722311,92443.32,Model 1,train
Norway,NOR,Europe & Central Asia,2012,2013,103553.8401,103559.1276,103975.07978136804,103915.89687478048,99488.79171409617,91886.16,Model 1,train
Norway,NOR,Europe & Central Asia,2013,2014,97666.6952,105001.549,105440.97648746858,105380.03383576036,98038.91755843644,93268.016,Model 1,train
Norway,NOR,Europe & Central Asia,2014,2015,74809.9658,99233.7103,99680.4682066156,99621.87229607475,80862.6633520352,92796.37,Model 1,train
Norway,NOR,Europe & Central Asia,2015,2016,70867.361,76464.4187,76850.78915714785,76805.40830721693,74833.38059479451,72441.22,Model 1,train
Norway,NOR,Europe & Central Asia,2016,2017,76131.8384,72532.2605,72909.25906317918,72866.09230962861,74830.24164559576,72500.45,Model 1,train
Norway,NOR,Europe & Central Asia,2017,2018,82792.8427,77843.2523,78248.97381162747,78202.12717289173,83930.44788853556,83908.76,Model 1,train
Nepal,NPL,South Asia,1991,1992,165.0296,211.3364,210.176732974445,210.31420566443944,189.81747434896187,219.89482,Model 1,train
Nepal,NPL,South Asia,1992,1993,172.8052,179.2694,178.45326190437507,178.56458573886007,180.12684300061608,190.46379,Model 1,train
Nepal,NPL,South Asia,1993,1994,187.2582,187.9472,187.1875967663441,187.29906430232424,181.24527605863983,189.14116,Model 1,train
Nepal,NPL,South Asia,1994,1995,197.843,203.8359,203.12292071739827,203.23707606439288,196.2325432970482,194.27908,Model 1,train
Nepal,NPL,South Asia,1995,1996,198.8219,215.4696,214.791924915315,214.90808689727987,207.9398567929872,217.84666,Model 1,train
Nepal,NPL,South Asia,1996,1997,211.8349,216.887,216.3032388543812,216.4154590366765,217.7235816784119,213.9165,Model 1,train
Nepal,NPL,South Asia,1997,1998,205.0752,231.2126,230.6835165843348,230.7974459536011,206.16464043398685,220.16583,Model 1,train
Nepal,NPL,South Asia,1998,1999,208.6467,224.3641,223.9646754751477,224.07045522786885,211.25815433816388,220.20552,Model 1,train
Nepal,NPL,South Asia,1999,2000,223.8303,228.4636,228.12341449398448,228.22774687125545,212.65254640488376,217.59792,Model 1,train
Nepal,NPL,South Asia,2000,2001,240.7951,245.0917,244.7953555531961,244.90254767849524,244.48649568851917,230.01285,Model 1,train
Nepal,NPL,South Asia,2001,2002,238.8914,263.6808,263.44210060403276,263.55190449336584,258.07101887189754,263.08368,Model 1,train
Nepal,NPL,South Asia,2002,2003,246.4297,261.772,261.57226229711176,261.67994401830634,260.3352646967911,264.6196,Model 1,train
Nepal,NPL,South Asia,2003,2004,279.5878,270.3294,270.2379109700525,270.34276177753674,277.99864770892003,278.49597,Model 1,train
Nepal,NPL,South Asia,2004,2005,309.0242,306.2873,306.22508213359146,306.33850929789674,300.4368418188914,306.36618,Model 1,train
Nepal,NPL,South Asia,2005,2006,340.4318,338.2712,338.2665390197401,338.3857033711963,349.16807957780446,354.3515,Model 1,train
Nepal,NPL,South Asia,2006,2007,385.4498,372.4646,372.5542680405347,372.677548363332,383.5526595831722,372.5318,Model 1,train
Nepal,NPL,South Asia,2007,2008,464.8174,420.924,421.01793413110295,421.1531021710496,429.71086870296745,422.27094,Model 1,train
Nepal,NPL,South Asia,2008,2009,473.0788,505.979,506.03145707239054,506.18859580025907,512.068347122694,503.47366,Model 1,train
Nepal,NPL,South Asia,2009,2010,585.2785,514.9784,515.0684074071327,515.2259437069247,580.5246077284294,546.4086,Model 1,train
Nepal,NPL,South Asia,2010,2011,785.5187,634.5973,634.5639535253605,634.7533280918313,650.3473326291073,645.1414,Model 1,train
Nepal,NPL,South Asia,2011,2012,788.2029,847.2992,847.0585631679609,847.2986541858492,821.4755153995862,849.8833,Model 1,train
Nepal,NPL,South Asia,2012,2013,803.2696,850.6312,850.5219478411158,850.7560545476194,819.9650364483023,855.00616,Model 1,train
Nepal,NPL,South Asia,2013,2014,821.4552,867.0459,867.0447274215828,867.2762658423715,837.636878431269,882.574,Model 1,train
Nepal,NPL,South Asia,2014,2015,875.5436,886.7261,886.8195622602835,887.0498493005598,880.183357790413,911.45044,Model 1,train
Nepal,NPL,South Asia,2015,2016,877.2565,942.86,942.5759855414964,942.835672660672,944.6384096735516,960.3956,Model 1,train
Nepal,NPL,South Asia,2016,2017,1034.2837,947.1268,947.5240235750236,947.7496881290442,1004.8275093479484,984.4538,Model 1,train
Nepal,NPL,South Asia,2017,2018,1179.1984,1113.6916,1114.090785717594,1114.342724943083,1121.637914158381,1117.9669,Model 1,train
New Zealand,NZL,East Asia & Pacific,1992,1993,13094.3455,12340.4127,12392.921889147465,12387.77388335444,13301.939189119725,12879.01,Model 1,train
New Zealand,NZL,East Asia & Pacific,1993,1994,15280.3128,13682.6662,13741.312471491618,13735.463535975432,14872.204451120868,14641.855,Model 1,train
New Zealand,NZL,East Asia & Pacific,1994,1995,17400.4202,15933.3965,16002.405909380715,15995.347721947186,16128.955509065778,15914.682,Model 1,train
New Zealand,NZL,East Asia & Pacific,1995,1996,18794.436,18088.7883,18161.212149040643,18153.317145200108,18474.226335591306,19410.668,Model 1,train
New Zealand,NZL,East Asia & Pacific,1996,1997,17474.187,19509.1129,19585.150340431857,19576.634899906017,18460.20624823391,19678.17,Model 1,train
New Zealand,NZL,East Asia & Pacific,1997,1998,14738.4456,18189.6301,18269.12231911476,18260.87902891624,17057.073492849417,18950.12,Model 1,train
New Zealand,NZL,East Asia & Pacific,1998,1999,15322.2238,15423.6051,15502.942208278924,15495.584803405947,15458.980947874055,15563.656,Model 1,train
New Zealand,NZL,East Asia & Pacific,1999,2000,13641.1027,16013.9828,16093.11613004613,16085.597919474829,15024.79276609118,15555.302,Model 1,train
New Zealand,NZL,East Asia & Pacific,2000,2001,13882.8568,14316.9125,14397.5209107804,14390.44501439088,14740.032644041552,15230.059,Model 1,train
New Zealand,NZL,East Asia & Pacific,2001,2002,16874.1875,14567.2421,14649.301194300691,14642.08411560733,15952.614428143814,15230.059,Model 1,train
New Zealand,NZL,East Asia & Pacific,2002,2003,21913.7082,17641.353,17736.714973977283,17727.894000922508,20274.03368427605,19269.148,Model 1,train
New Zealand,NZL,East Asia & Pacific,2003,2004,25420.2349,22803.3386,22921.235678977264,22909.60226907543,23408.972369808987,23574.99,Model 1,train
New Zealand,NZL,East Asia & Pacific,2004,2005,27751.0655,26396.9776,26533.998329530205,26520.17465900958,27009.88292316807,26474.268,Model 1,train
New Zealand,NZL,East Asia & Pacific,2005,2006,26654.5932,28786.1984,28937.152071361263,28921.792287338747,28299.339144392943,29347.72,Model 1,train
New Zealand,NZL,East Asia & Pacific,2006,2007,32479.9817,27684.5045,27834.76326885223,27819.862796171434,29337.40178053657,28366.252,Model 1,train
New Zealand,NZL,East Asia & Pacific,2007,2008,31324.7398,33606.2349,33780.027942148474,33761.801570624,31335.67854747698,32515.867,Model 1,train
New Zealand,NZL,East Asia & Pacific,2008,2009,28276.7255,32450.4151,32624.188076385377,32606.413053794247,30504.325508234306,32729.414,Model 1,train
New Zealand,NZL,East Asia & Pacific,2009,2010,33761.901,29379.1697,29547.969553464663,29531.584553244134,31548.43692433372,30815.865,Model 1,train
New Zealand,NZL,East Asia & Pacific,2010,2011,38431.7767,34967.3657,35162.7635636689,35143.00928722756,38056.835991570224,36583.613,Model 1,train
New Zealand,NZL,East Asia & Pacific,2011,2012,40053.6992,39722.0743,39942.309206516285,39919.5072489358,40465.07151502642,40056.273,Model 1,train
New Zealand,NZL,East Asia & Pacific,2012,2013,43000.4647,41388.3033,41621.89165015718,41597.77837311341,43155.2270995829,43176.055,Model 1,train
New Zealand,NZL,East Asia & Pacific,2013,2014,44618.267,44367.7238,44612.59978904136,44586.78104720978,44755.55688676401,45522.53,Model 1,train
New Zealand,NZL,East Asia & Pacific,2014,2015,38665.3723,46006.6581,46258.51715473323,46231.7719149364,43149.239294585255,47357.254,Model 1,train
New Zealand,NZL,East Asia & Pacific,2015,2016,40113.7195,39999.7677,40231.0509822593,40207.77024651176,41452.937145098054,41284.03,Model 1,train
New Zealand,NZL,East Asia & Pacific,2016,2017,42950.3842,41469.929,41707.37924054358,41683.31785618129,43082.62257831146,44035.773,Model 1,train
New Zealand,NZL,East Asia & Pacific,2017,2018,43257.0769,44360.3739,44614.42782128021,44588.49625598627,44711.77405861059,46673.406,Model 1,train
Oman,OMN,"Middle East, North Africa, Afghanistan & Pakistan",2001,2002,9869.1305,10054.5671,10091.423107733728,10087.297640200117,10245.074620551182,10613.472,Model 1,train
Oman,OMN,"Middle East, North Africa, Afghanistan & Pakistan",2002,2003,10463.5426,10325.2604,10364.619249164309,10360.289855295388,10599.190007814726,10877.4375,Model 1,train
Oman,OMN,"Middle East, North Africa, Afghanistan & Pakistan",2003,2004,11800.8507,10940.339,10982.700190618263,10978.030874182932,11280.09737130779,10748.549,Model 1,train
Oman,OMN,"Middle East, North Africa, Afghanistan & Pakistan",2004,2005,14434.8578,12316.7846,12364.369121015108,12359.000479619468,13503.983842556165,13063.485,Model 1,train
Oman,OMN,"Middle East, North Africa, Afghanistan & Pakistan",2005,2006,16930.8565,15012.3546,15067.679716794726,15061.027541410978,16082.991918607511,15822.368,Model 1,train
Oman,OMN,"Middle East, North Africa, Afghanistan & Pakistan",2006,2007,18792.6538,17562.1711,17625.355849596,17617.43144906561,18549.267895535333,18698.646,Model 1,train
Oman,OMN,"Middle East, North Africa, Afghanistan & Pakistan",2007,2008,26576.7792,19462.472,19531.94218489748,19523.042051688248,21925.833434651795,20047.371,Model 1,train
Oman,OMN,"Middle East, North Africa, Afghanistan & Pakistan",2008,2009,20655.918,27363.1252,27454.8663853353,27441.836118209023,24481.701488976654,26513.986,Model 1,train
Oman,OMN,"Middle East, North Africa, Afghanistan & Pakistan",2009,2010,23570.1798,21403.0943,21490.22904465194,21479.781208888,23224.83881158144,21669.451,Model 1,train
Oman,OMN,"Middle East, North Africa, Afghanistan & Pakistan",2010,2011,25188.0074,24388.4826,24491.046021291673,24478.73267121403,24510.526264887143,25178.75,Model 1,train
Oman,OMN,"Middle East, North Africa, Afghanistan & Pakistan",2011,2012,24642.2979,26057.6509,26170.67646992391,26157.46822034086,25042.621708625637,25761.102,Model 1,train
Oman,OMN,"Middle East, North Africa, Afghanistan & Pakistan",2012,2013,23458.0234,25526.4869,25641.161901965097,25628.438188852066,24608.73641835645,25741.04,Model 1,train
Oman,OMN,"Middle East, North Africa, Afghanistan & Pakistan",2013,2014,23160.6502,24347.6964,24463.94384417994,24451.751982793783,23962.445103393125,25468.092,Model 1,train
Oman,OMN,"Middle East, North Africa, Afghanistan & Pakistan",2014,2015,18808.3078,24066.9471,24187.535651306785,24175.319671236975,21895.828526799283,24258.568,Model 1,train
Oman,OMN,"Middle East, North Africa, Afghanistan & Pakistan",2015,2016,17110.1897,19641.707,19749.729142277476,19739.727015817494,18928.007919867632,20501.047,Model 1,train
Oman,OMN,"Middle East, North Africa, Afghanistan & Pakistan",2016,2017,17820.0662,17911.9573,18014.92070346507,18005.81213800015,18853.711360874902,19271.262,Model 1,train
Oman,OMN,"Middle East, North Africa, Afghanistan & Pakistan",2017,2018,19901.7616,18646.1321,18753.44485911395,18743.947476371963,19306.88142544286,20171.527,Model 1,train
Pakistan,PAK,"Middle East, North Africa, Afghanistan & Pakistan",1995,1996,456.997,482.1791,479.2235520987199,479.6087524744583,462.383677221377,489.2098,Model 1,train
Pakistan,PAK,"Middle East, North Africa, Afghanistan & Pakistan",1996,1997,438.0309,489.1428,486.1791356675115,486.568910842599,453.2949722131348,487.87497,Model 1,train
Pakistan,PAK,"Middle East, North Africa, Afghanistan & Pakistan",1997,1998,424.4537,469.409,466.6289353663428,467.0028865003097,451.2098131767237,473.7177,Model 1,train
Pakistan,PAK,"Middle East, North Africa, Afghanistan & Pakistan",1998,1999,418.2493,455.7002,453.1655725521148,453.5227628280877,451.7139551481597,461.76825,Model 1,train
Pakistan,PAK,"Middle East, North Africa, Afghanistan & Pakistan",1999,2000,642.3383,449.5998,447.2174474102036,447.5656178103482,529.2559959151663,459.51926,Model 1,train
Pakistan,PAK,"Middle East, North Africa, Afghanistan & Pakistan",2001,2002,599.9373,651.6526,648.0755629675765,648.5674053634672,614.36326540427,638.0371,Model 1,train
Pakistan,PAK,"Middle East, North Africa, Afghanistan & Pakistan",2002,2003,672.4418,641.6511,638.2624049861087,638.7424074692065,604.184579923707,612.72125,Model 1,train
Pakistan,PAK,"Middle East, North Africa, Afghanistan & Pakistan",2003,2004,771.9022,717.9732,714.166071296738,714.6980375706754,743.6413007693391,742.2637,Model 1,train
Pakistan,PAK,"Middle East, North Africa, Afghanistan & Pakistan",2004,2005,827.6199,822.3315,817.9130660443496,818.5168292007319,846.459068531102,823.5223,Model 1,train
Pakistan,PAK,"Middle East, North Africa, Afghanistan & Pakistan",2005,2006,900.8736,878.9337,873.6815154460902,874.3505546854348,889.7518760145891,863.2847,Model 1,train
Pakistan,PAK,"Middle East, North Africa, Afghanistan & Pakistan",2006,2007,998.0901,957.8445,952.748369954319,953.4398919403318,994.7075910545614,973.6933,Model 1,train
Pakistan,PAK,"Middle East, North Africa, Afghanistan & Pakistan",2007,2008,1067.0432,1059.4057,1053.6937503274828,1054.455206938344,1084.5721188457562,1057.9269,Model 1,train
Pakistan,PAK,"Middle East, North Africa, Afghanistan & Pakistan",2008,2009,963.7881,1131.5311,1125.4219086752785,1126.2316682642988,1068.2842235512032,1119.8092,Model 1,train
Pakistan,PAK,"Middle East, North Africa, Afghanistan & Pakistan",2009,2010,987.3046,1024.6407,1019.3807102551788,1020.1123053202648,986.656053282582,1037.3792,Model 1,train
Pakistan,PAK,"Middle East, North Africa, Afghanistan & Pakistan",2010,2011,1131.7351,1049.5206,1044.1819613972373,1044.929060867623,1051.185614975496,1078.1451,Model 1,train
Pakistan,PAK,"Middle East, North Africa, Afghanistan & Pakistan",2011,2012,1204.3648,1200.4636,1194.2934799626992,1195.138761078092,1213.1027494824623,1213.5399,Model 1,train
Pakistan,PAK,"Middle East, North Africa, Afghanistan & Pakistan",2012,2013,1225.434,1276.5309,1270.0074921553403,1270.8994631314022,1274.5559366908728,1293.5028,Model 1,train
Pakistan,PAK,"Middle East, North Africa, Afghanistan & Pakistan",2013,2014,1266.6134,1299.1449,1292.6599444075391,1293.5598168012343,1295.9312694863734,1286.1813,Model 1,train
Pakistan,PAK,"Middle East, North Africa, Afghanistan & Pakistan",2014,2015,1380.4702,1342.6594,1336.0846032508127,1337.005956113053,1304.8971257152214,1293.1161,Model 1,train
Pakistan,PAK,"Middle East, North Africa, Afghanistan & Pakistan",2015,2016,1424.6916,1461.686,1454.5687879696568,1455.560088340514,1464.158086769458,1500.1776,Model 1,train
Pakistan,PAK,"Middle East, North Africa, Afghanistan & Pakistan",2016,2017,1519.2346,1508.6113,1501.4745067438755,1502.484410303617,1560.584949422081,1530.2,Model 1,train
Pakistan,PAK,"Middle East, North Africa, Afghanistan & Pakistan",2017,2018,1569.3381,1607.6626,1600.1708506008968,1601.233878291585,1589.5324837388096,1590.6737,Model 1,train
Panama,PAN,Latin America & Caribbean ,1994,1995,3513.8974,3727.047,3740.7692933120543,3739.644608081698,3625.811080008907,3709.0166,Model 1,train
Panama,PAN,Latin America & Caribbean ,1995,1996,3308.1843,3733.3205,3747.087121271677,3745.966641247373,3611.655964928896,3743.3652,Model 1,train
Panama,PAN,Latin America & Caribbean ,1996,1997,3545.9767,3520.7616,3534.4824572281827,3533.414235595663,3594.43946412138,3519.7034,Model 1,train
Panama,PAN,Latin America & Caribbean ,1997,1998,3807.8387,3771.4798,3786.546393855358,3785.3659043874586,3800.5819921786406,3888.6104,Model 1,train
Panama,PAN,Latin America & Caribbean ,1998,1999,3950.3414,4046.3498,4062.6273508037784,4061.336075083186,4023.6438034717744,4085.8525,Model 1,train
Panama,PAN,Latin America & Caribbean ,1999,2000,3975.0931,4197.9463,4215.454797842624,4214.076530307036,4023.136005080299,4101.316,Model 1,train
Panama,PAN,Latin America & Caribbean ,2000,2001,3991.7767,4226.8591,4245.26128741518,4243.838911859269,4036.382326995221,4076.0684,Model 1,train
Panama,PAN,Latin America & Caribbean ,2001,2002,4090.5862,4248.0029,4267.458009066755,4265.984809482997,3970.405351959993,4118.346,Model 1,train
Panama,PAN,Latin America & Caribbean ,2002,2003,4264.6643,4354.8132,4375.597453413705,4374.041646672354,4259.5315302187055,4451.376,Model 1,train
Panama,PAN,Latin America & Caribbean ,2003,2004,4644.5658,4540.2274,4562.639994540244,4560.969969674584,4577.859169038694,4629.3477,Model 1,train
Panama,PAN,Latin America & Caribbean ,2004,2005,5017.7411,4939.2146,4963.745204303265,4961.890614460431,5101.480302780524,5244.6177,Model 1,train
Panama,PAN,Latin America & Caribbean ,2005,2006,5528.7671,5331.5337,5358.37781512141,5356.328261919077,5386.14888454307,5442.312,Model 1,train
Panama,PAN,Latin America & Caribbean ,2006,2007,6317.8173,5866.5011,5896.074320984451,5893.774882506878,6081.604389424754,6071.3374,Model 1,train
Panama,PAN,Latin America & Caribbean ,2007,2008,7347.5905,6689.2264,6722.49666426585,6719.82708729798,6812.518048776189,6774.72,Model 1,train
Panama,PAN,Latin America & Caribbean ,2008,2009,7796.9262,7760.1825,7798.126585964873,7794.968243045639,7684.161271116966,7727.0264,Model 1,train
Panama,PAN,Latin America & Caribbean ,2009,2010,8331.4642,8230.3165,8271.23057845477,8267.814841052492,8370.739753099951,8186.108,Model 1,train
Panama,PAN,Latin America & Caribbean ,2010,2011,9662.2959,8786.395,8830.081020128298,8826.39536115722,9306.395376742788,9125.795,Model 1,train
Panama,PAN,Latin America & Caribbean ,2011,2012,11064.8064,10164.6413,10214.236976441376,10209.89965416394,11108.978670838776,11039.063,Model 1,train
Panama,PAN,Latin America & Caribbean ,2012,2013,12273.3225,11613.56,11669.191932101206,11664.163734742506,11990.685853801027,12769.026,Model 1,train
Panama,PAN,Latin America & Caribbean ,2013,2014,13213.199,12862.1608,12923.58432956113,12917.923124076717,13115.89336393347,13064.645,Model 1,train
Panama,PAN,Latin America & Caribbean ,2014,2015,14082.6548,13833.7364,13900.102510887573,13893.926267168768,14464.284031313651,14279.984,Model 1,train
Panama,PAN,Latin America & Caribbean ,2015,2016,14832.3612,14732.1604,14803.212837130926,14796.553498111123,14733.237755147584,14668.732,Model 1,train
Panama,PAN,Latin America & Caribbean ,2016,2017,15694.6298,15506.6376,15581.805636808256,15574.728004204608,15416.829818160752,15783.185,Model 1,train
Panama,PAN,Latin America & Caribbean ,2017,2018,16151.3273,16393.779,16472.857727099807,16465.337347749224,15593.18475897994,15774.441,Model 1,train
Peru,PER,Latin America & Caribbean ,1994,1995,2189.5343,1988.8349,1985.1075649130364,1985.6449470802245,1858.1673464895684,1932.2761,Model 1,train
Peru,PER,Latin America & Caribbean ,1995,1996,2226.9168,2313.5506,2309.663573108422,2310.236896591717,2306.987209427535,2292.0999,Model 1,train
Peru,PER,Latin America & Caribbean ,1996,1997,2300.672,2355.7764,2352.7086909060795,2353.2469629643824,2346.696918615289,2312.3958,Model 1,train
Peru,PER,Latin America & Caribbean ,1997,1998,2156.3938,2434.9109,2432.3426439494947,2432.864820467642,2271.7710097791737,2372.1333,Model 1,train
Peru,PER,Latin America & Caribbean ,1998,1999,1916.534,2287.4131,2285.803855224028,2286.270689776865,2157.97683165343,2190.9824,Model 1,train
Peru,PER,Latin America & Caribbean ,1999,2000,1945.4134,2040.7242,2040.4270761795092,2040.810414443934,2036.8713010448791,2051.636,Model 1,train
Peru,PER,Latin America & Caribbean ,2000,2001,1929.5727,2073.4083,2073.749314952176,2074.105720953916,2004.868044829944,2068.533,Model 1,train
Peru,PER,Latin America & Caribbean ,2001,2002,2007.3702,2059.3037,2060.3263947429627,2060.6492024256413,2053.359980618308,2095.7224,Model 1,train
Peru,PER,Latin America & Caribbean ,2002,2003,2129.4411,2143.1632,2144.791635306361,2145.0928806145594,2119.416744259808,2219.4753,Model 1,train
Peru,PER,Latin America & Caribbean ,2003,2004,2397.2515,2273.2632,2275.4651649036714,2275.7498652488916,2337.4899767182906,2352.2988,Model 1,train
Peru,PER,Latin America & Caribbean ,2004,2005,2706.6695,2553.9559,2556.213085593118,2556.51843991399,2638.79491211869,2662.3865,Model 1,train
Peru,PER,Latin America & Caribbean ,2005,2006,3129.56,2880.1764,2883.1991259216884,2883.488469298374,3045.6731361478014,3076.1177,Model 1,train
Peru,PER,Latin America & Caribbean ,2006,2007,3581.0893,3323.0479,3326.5295957248272,3326.8212177837645,3494.9122110203098,3397.2063,Model 1,train
Peru,PER,Latin America & Caribbean ,2007,2008,4197.5844,3795.7242,3799.9157813660786,3800.192570969927,3927.1057545007625,3978.109,Model 1,train
Peru,PER,Latin America & Caribbean ,2008,2009,4181.1876,4434.6033,4438.338620280057,4438.659577590469,4482.556954971002,4544.3086,Model 1,train
Peru,PER,Latin America & Caribbean ,2009,2010,5072.1149,4416.3853,4419.759409378288,4420.101481905219,4729.579817898534,4541.8477,Model 1,train
Peru,PER,Latin America & Caribbean ,2010,2011,5861.3579,5339.4854,5342.817123747767,5343.176647600005,5541.2043689953,5389.726,Model 1,train
Peru,PER,Latin America & Caribbean ,2011,2012,6519.3785,6158.5808,6162.808552529041,6163.124426295585,6594.551518794769,6385.107,Model 1,train
Peru,PER,Latin America & Caribbean ,2012,2013,6746.8003,6845.8014,6852.32095753584,6852.514715033876,6667.169510087248,7083.9253,Model 1,train
Peru,PER,Latin America & Caribbean ,2013,2014,6667.1341,7090.0912,7099.33837951699,7099.392527159226,6871.117651865285,7258.1978,Model 1,train
Peru,PER,Latin America & Caribbean ,2014,2015,6231.7115,7019.4063,7031.810465867537,7031.709309068107,6757.999243022306,7201.144,Model 1,train
Peru,PER,Latin America & Caribbean ,2015,2016,6217.036,6577.5256,6591.877552096214,6591.689428838765,6285.353712289666,6252.049,Model 1,train
Peru,PER,Latin America & Caribbean ,2016,2017,6736.1669,6565.716,6580.935358815757,6580.71128408326,6366.578018187306,6268.658,Model 1,train
Peru,PER,Latin America & Caribbean ,2017,2018,6978.4912,7102.2096,7117.667473889905,7117.434869090699,6868.397302544234,7271.285,Model 1,train
Philippines,PHL,East Asia & Pacific,1994,1995,1199.8417,1131.5392,1128.460634436409,1128.9986017013075,1074.3188234827223,1105.4176,Model 1,train
Philippines,PHL,East Asia & Pacific,1995,1996,1311.0925,1278.5068,1275.0127450796529,1275.609443768168,1281.3749585369478,1254.323,Model 1,train
Philippines,PHL,East Asia & Pacific,1996,1997,1273.276,1395.7508,1392.0601797167142,1392.696891019144,1282.4944662558592,1349.8013,Model 1,train
Philippines,PHL,East Asia & Pacific,1997,1998,982.8659,1357.2577,1353.9698683604215,1354.5803860686003,1180.977861412115,1283.4998,Model 1,train
Philippines,PHL,East Asia & Pacific,1998,1999,1101.4352,1053.7934,1051.7928748883116,1052.2664629336816,1047.7393502682417,1036.3721,Model 1,train
Philippines,PHL,East Asia & Pacific,1999,2000,1050.7927,1178.9479,1176.6923638270116,1177.2136194073498,1138.7862057346188,1172.5409,Model 1,train
Philippines,PHL,East Asia & Pacific,2000,2001,969.5306,1126.5708,1124.6836728581222,1125.1755562891046,1034.3198119056794,1118.7792,Model 1,train
Philippines,PHL,East Asia & Pacific,2001,2002,1014.9088,1041.2319,1039.6184742088044,1040.0764916856713,1050.9793204630391,1046.0145,Model 1,train
Philippines,PHL,East Asia & Pacific,2002,2003,1027.2301,1089.0584,1087.305756109528,1087.7857718596072,1049.9133577636162,1104.1149,Model 1,train
Philippines,PHL,East Asia & Pacific,2003,2004,1099.6301,1102.4094,1100.7082542933272,1101.191353352786,1075.8089182197568,1120.7921,Model 1,train
Philippines,PHL,East Asia & Pacific,2004,2005,1220.4602,1179.1461,1177.372344961664,1177.881521210228,1197.9110498847092,1199.6545,Model 1,train
Philippines,PHL,East Asia & Pacific,2005,2006,1426.1465,1306.2644,1304.1613604835272,1304.7223198723982,1385.1120238356905,1302.5455,Model 1,train
Philippines,PHL,East Asia & Pacific,2006,2007,1712.6554,1520.5659,1517.4510435488446,1518.1190508193515,1545.7368069876006,1549.9512,Model 1,train
Philippines,PHL,East Asia & Pacific,2007,2008,1959.2923,1820.8143,1816.9847805811423,1817.7619226615543,1889.8860514675137,1801.1893,Model 1,train
Philippines,PHL,East Asia & Pacific,2008,2009,1864.4504,2077.6976,2072.9720546938793,2073.85489058676,1971.1644065394275,2112.1895,Model 1,train
Philippines,PHL,East Asia & Pacific,2009,2010,2162.9138,1979.0236,1974.6148352624728,1975.4637521150137,2053.4045365955494,2087.8855,Model 1,train
Philippines,PHL,East Asia & Pacific,2010,2011,2383.9189,2290.1697,2284.8632716873053,2285.8292588494637,2425.988709688541,2333.9707,Model 1,train
Philippines,PHL,East Asia & Pacific,2011,2012,2614.6164,2520.369,2514.4433702686733,2515.4930284006396,2701.175063362541,2569.821,Model 1,train
Philippines,PHL,East Asia & Pacific,2012,2013,2781.2796,2759.8952,2753.19950182648,2754.3412762588855,2794.0609955182244,2707.6638,Model 1,train
Philippines,PHL,East Asia & Pacific,2013,2014,2866.838,2932.3358,2924.956254758334,2926.1718122870657,2855.553748544518,2845.9587,Model 1,train
Philippines,PHL,East Asia & Pacific,2014,2015,2909.8582,3020.7872,3013.033746006734,3014.290304355252,2981.963350893567,3036.7446,Model 1,train
Philippines,PHL,East Asia & Pacific,2015,2016,2985.1956,3066.1454,3058.4345251812797,3059.7020492332817,3103.166230721074,3011.472,Model 1,train
Philippines,PHL,East Asia & Pacific,2016,2017,3038.1212,3144.117,3136.114074086318,3137.4155874606445,3073.3425036393187,3128.6384,Model 1,train
Philippines,PHL,East Asia & Pacific,2017,2018,3168.5104,3202.3529,3195.096697745235,3196.374863550246,3132.375747977971,3150.2913,Model 1,train
Papua New Guinea,PNG,East Asia & Pacific,1996,1997,989.7216,1134.334,1131.3507582517766,1131.5768192485923,1060.178606755797,1115.5265,Model 1,train
Papua New Guinea,PNG,East Asia & Pacific,1997,1998,733.4799,1050.3577,1047.81974477772,1048.0289371722297,873.2541315972912,989.91986,Model 1,train
Papua New Guinea,PNG,East Asia & Pacific,1998,1999,649.9947,781.5833,779.5841958580125,779.77026229513,669.2663028498142,717.57135,Model 1,train
Papua New Guinea,PNG,East Asia & Pacific,1999,2000,635.9579,696.1178,694.9454910806319,695.089894986671,638.2324692575136,674.03906,Model 1,train
Papua New Guinea,PNG,East Asia & Pacific,2000,2001,537.8475,681.5249,680.4184206753006,680.5614353008311,623.5192159325502,648.717,Model 1,train
Papua New Guinea,PNG,East Asia & Pacific,2001,2002,506.3318,578.3928,577.5960860329135,577.7211075845473,534.7786075065985,584.1126,Model 1,train
Papua New Guinea,PNG,East Asia & Pacific,2002,2003,577.4679,545.1418,544.4175692545839,544.5389540017393,545.027949378096,543.6945,Model 1,train
Papua New Guinea,PNG,East Asia & Pacific,2003,2004,620.5961,620.1694,619.2313972775491,619.369895843434,635.3099089919444,614.6579,Model 1,train
Papua New Guinea,PNG,East Asia & Pacific,2004,2005,744.4865,665.5541,664.4679231364681,664.6184330664407,670.6425341202752,640.0128,Model 1,train
Papua New Guinea,PNG,East Asia & Pacific,2005,2006,1238.1828,795.5412,794.0204716498173,794.2010279612426,901.2309625185036,795.5087,Model 1,train
Papua New Guinea,PNG,East Asia & Pacific,2006,2007,1370.7534,1309.7578,1306.2826472580743,1306.5724601696622,1208.7174170063165,1271.3763,Model 1,train
Papua New Guinea,PNG,East Asia & Pacific,2007,2008,1624.7932,1447.574,1443.631928419219,1443.9483816887168,1535.0208660560445,1412.5298,Model 1,train
Papua New Guinea,PNG,East Asia & Pacific,2008,2009,1568.8319,1711.0364,1706.198440659902,1706.5600162134588,1630.8265632374516,1430.4177,Model 1,train
Papua New Guinea,PNG,East Asia & Pacific,2009,2010,1866.8689,1654.2642,1649.9060209079942,1650.2495465932452,1735.4656379160324,1631.1248,Model 1,train
Papua New Guinea,PNG,East Asia & Pacific,2010,2011,2288.3759,1962.7763,1957.36925015689,1957.7632746411969,2102.5224697049102,2000.5782,Model 1,train
Papua New Guinea,PNG,East Asia & Pacific,2011,2012,2635.0874,2397.6937,2390.75998888297,2391.2199615775216,2489.1086917650614,2331.7449,Model 1,train
Papua New Guinea,PNG,East Asia & Pacific,2012,2013,2560.7746,2754.5833,2746.386831681744,2746.8988042627193,2620.8174396291856,2720.31,Model 1,train
Papua New Guinea,PNG,East Asia & Pacific,2013,2014,2723.1753,2680.2371,2672.813686815855,2673.297626659379,2606.677857293379,2608.7046,Model 1,train
Papua New Guinea,PNG,East Asia & Pacific,2014,2015,2484.5963,2848.3781,2840.6407943957706,2841.1384292120288,2777.2606242057605,2816.9163,Model 1,train
Papua New Guinea,PNG,East Asia & Pacific,2015,2016,2316.3948,2605.3656,2599.0663091737997,2599.510026163216,2469.832441220713,2611.3918,Model 1,train
Papua New Guinea,PNG,East Asia & Pacific,2016,2017,2477.7653,2433.7357,2428.418386063948,2428.825386483632,2399.051795293191,2394.1445,Model 1,train
Papua New Guinea,PNG,East Asia & Pacific,2017,2018,2566.3683,2600.9964,2595.351267072049,2595.7742456751275,2565.9670529539767,2573.3467,Model 1,train
Poland,POL,Europe & Central Asia,1991,1992,2459.0207,2378.8781,2378.8650985599684,2379.352075630089,2463.102602900717,2405.1729,Model 1,train
Poland,POL,Europe & Central Asia,1992,1993,2497.1306,2614.7606,2615.2382067358035,2615.72536897981,2571.9435032790084,2704.6042,Model 1,train
Poland,POL,Europe & Central Asia,1993,1994,2874.8316,2657.704,2659.031669566086,2659.479855478783,2687.468396469583,2734.9539,Model 1,train
Poland,POL,Europe & Central Asia,1994,1995,3700.9596,3051.5904,3052.6348395722284,3053.1348465741926,3149.2221735772628,3069.1084,Model 1,train
Poland,POL,Europe & Central Asia,1995,1996,4163.512,3910.0654,3910.362181043,3910.965168688768,4100.747809197587,4007.7268,Model 1,train
Poland,POL,Europe & Central Asia,1996,1997,4137.0083,4391.9087,4392.479608888096,4393.096458818015,4266.784521908087,4395.2764,Model 1,train
Poland,POL,Europe & Central Asia,1997,1998,4533.5357,4368.7769,4370.577537747838,4371.129818904881,4457.955052246788,4432.779,Model 1,train
Poland,POL,Europe & Central Asia,1998,1999,4415.5007,4782.6211,4785.044044698774,4785.584286214247,4792.424982886274,4759.239,Model 1,train
Poland,POL,Europe & Central Asia,1999,2000,4520.641,4661.1518,4663.855659004314,4664.375808267033,4647.055896777294,4749.817,Model 1,train
Poland,POL,Europe & Central Asia,2000,2001,5015.2379,4778.1209,4783.078975852207,4783.482580161123,5021.350198818035,4769.235,Model 1,train
Poland,POL,Europe & Central Asia,2001,2002,5223.4518,5295.4245,5301.682853666697,5302.038677144797,5381.527098445759,5352.508,Model 1,train
Poland,POL,Europe & Central Asia,2002,2003,5720.8137,5514.6696,5521.956013051725,5522.265172687588,5649.688200801118,5563.3184,Model 1,train
Poland,POL,Europe & Central Asia,2003,2004,6711.7272,6029.9687,6037.485051204258,6037.79482075665,6290.635645356627,6307.6494,Model 1,train
Poland,POL,Europe & Central Asia,2004,2005,8043.9233,7055.5513,7063.766295900353,7064.0529777111715,7571.398702001933,7430.7603,Model 1,train
Poland,POL,Europe & Central Asia,2005,2006,9068.8553,8427.6782,8435.937071057324,8436.217265336396,8952.101060199688,8487.595,Model 1,train
Poland,POL,Europe & Central Asia,2006,2007,11272.5294,9481.5881,9490.051537958536,9490.302879138806,10470.10684429981,10231.845,Model 1,train
Poland,POL,Europe & Central Asia,2007,2008,14048.5605,11735.9068,11743.153376874658,11743.393320700665,12904.648661402,12032.696,Model 1,train
Poland,POL,Europe & Central Asia,2008,2009,11556.3027,14570.7399,14577.64389138794,14577.750924538068,12762.137072766554,14170.275,Model 1,train
Poland,POL,Europe & Central Asia,2009,2010,12567.7318,12038.4246,12049.079713000528,12049.130591954943,12716.05617176408,12287.058,Model 1,train
Poland,POL,Europe & Central Asia,2010,2011,13867.6669,13087.152,13101.972196990417,13101.751777100371,13481.635661477543,12746.518,Model 1,train
Poland,POL,Europe & Central Asia,2011,2012,13087.4209,14427.423,14445.925240968663,14445.436916692512,13644.402303872454,14371.712,Model 1,train
Poland,POL,Europe & Central Asia,2012,2013,13621.9024,13633.5834,13652.794353479072,13652.316636996102,13844.492926277338,14146.269,Model 1,train
Poland,POL,Europe & Central Asia,2013,2014,14262.2842,14187.4971,14209.05911975125,14208.425823566244,14211.570061655084,14459.809,Model 1,train
Poland,POL,Europe & Central Asia,2014,2015,12637.522,14862.2939,14889.932545835933,14888.939936378436,13615.712307440916,14196.341,Model 1,train
Poland,POL,Europe & Central Asia,2015,2016,12464.0111,13197.0698,13222.787349229546,13221.993231174674,13256.25727054684,12867.138,Model 1,train
Poland,POL,Europe & Central Asia,2016,2017,13913.3403,13032.2827,13061.535213980627,13060.565709599296,13479.584564888688,12931.304,Model 1,train
Poland,POL,Europe & Central Asia,2017,2018,15658.212,14511.4172,14540.490808170996,14539.44473987101,14600.199291679526,14230.499,Model 1,train
Portugal,PRT,Europe & Central Asia,1991,1992,10810.5665,9363.6692,9381.388563027323,9379.87639347079,10075.412658812977,9547.639,Model 1,train
Portugal,PRT,Europe & Central Asia,1992,1993,9534.6564,11263.5715,11283.836767162738,11281.87350572337,10405.196813888657,11189.861,Model 1,train
Portugal,PRT,Europe & Central Asia,1993,1994,9977.3199,9964.6825,9985.9392307464,9984.146548116436,10240.233440275751,10296.911,Model 1,train
Portugal,PRT,Europe & Central Asia,1994,1995,11781.3619,10427.7799,10452.107079145262,10450.080442355304,11069.220586707112,10900.138,Model 1,train
Portugal,PRT,Europe & Central Asia,1995,1996,12185.0914,12283.1551,12311.859225131288,12309.282345482346,12578.369171939908,12876.345,Model 1,train
Portugal,PRT,Europe & Central Asia,1996,1997,11575.5071,12693.6322,12722.111055221723,12719.474917260395,12412.593192655237,13158.525,Model 1,train
Portugal,PRT,Europe & Central Asia,1997,1998,12199.2064,12075.6838,12104.936274654425,12102.378847895556,12394.258822833452,12725.493,Model 1,train
Portugal,PRT,Europe & Central Asia,1998,1999,12475.2918,12721.8247,12754.110259251298,12751.28297626049,12592.615614874525,13351.677,Model 1,train
Portugal,PRT,Europe & Central Asia,1999,2000,11526.3721,13011.6086,13046.307377620597,13043.307905547852,12384.809157055242,13002.086,Model 1,train
Portugal,PRT,Europe & Central Asia,2000,2001,11734.765,12051.6149,12088.049920631398,12085.144518579891,12093.972960954976,12491.386,Model 1,train
Portugal,PRT,Europe & Central Asia,2001,2002,12936.6928,12279.8101,12320.674335357058,12317.50594396603,13022.966771125904,13043.691,Model 1,train
Portugal,PRT,Europe & Central Asia,2002,2003,15797.7821,13518.6448,13563.768289237434,13560.15690869131,14417.71791534338,14036.757,Model 1,train
Portugal,PRT,Europe & Central Asia,2003,2004,18064.1581,16446.916,16498.25084660267,16493.742066434905,17365.210191097027,16617.746,Model 1,train
Portugal,PRT,Europe & Central Asia,2004,2005,18780.1275,18775.2941,18835.64328288049,18830.172867117853,19386.69531974464,18940.598,Model 1,train
Portugal,PRT,Europe & Central Asia,2005,2006,19839.454,19522.8478,19589.693389208907,19583.722698248268,19969.037024437537,19219.412,Model 1,train
Portugal,PRT,Europe & Central Asia,2006,2007,22811.0565,20618.3099,20691.98540731268,20685.415563470506,21420.82185238867,21131.557,Model 1,train
Portugal,PRT,Europe & Central Asia,2007,2008,24949.0414,23633.0371,23710.614042314293,23703.139585341694,23685.341378989317,23262.1,Model 1,train
Portugal,PRT,Europe & Central Asia,2008,2009,23151.2154,25813.2369,25897.83026229474,25889.460386854214,24771.24717550033,25585.504,Model 1,train
Portugal,PRT,Europe & Central Asia,2009,2010,22551.9351,24001.7512,24086.551132825636,24078.616740742564,22546.018513164097,23612.477,Model 1,train
Portugal,PRT,Europe & Central Asia,2010,2011,23246.5425,23410.1451,23498.62302037158,23490.639872531265,23134.423545219543,22255.564,Model 1,train
Portugal,PRT,Europe & Central Asia,2011,2012,20593.4274,24201.2587,24315.54517229523,24306.020033033234,22224.344477696235,23761.84,Model 1,train
Portugal,PRT,Europe & Central Asia,2012,2013,21676.486,21487.6217,21591.906814955688,21583.53758480429,21524.853517908068,21777.117,Model 1,train
Portugal,PRT,Europe & Central Asia,2013,2014,22120.685,22613.3392,22726.815431970637,22717.6900261994,21658.22482604855,22976.885,Model 1,train
Portugal,PRT,Europe & Central Asia,2014,2015,19215.7813,23089.8343,23211.452824114316,23201.775774051446,20766.56626409434,22875.238,Model 1,train
Portugal,PRT,Europe & Central Asia,2015,2016,19980.2809,20115.9756,20226.57394816383,20218.15671059816,20072.936637950297,20190.158,Model 1,train
Portugal,PRT,Europe & Central Asia,2016,2017,21442.3843,20899.6487,21013.34608141657,21004.58114525637,21157.80650209706,21112.34,Model 1,train
Portugal,PRT,Europe & Central Asia,2017,2018,23541.1401,22413.0048,22537.102411121177,22527.434276993197,22096.70538740048,23156.564,Model 1,train
Paraguay,PRY,Latin America & Caribbean ,1996,1997,2078.5084,2224.4046,2228.386045394932,2228.171456797776,2098.6296367326245,2165.0613,Model 1,train
Paraguay,PRY,Latin America & Caribbean ,1997,1998,1889.8846,2215.5049,2219.775834563792,2219.5521845369285,2059.613652179988,2159.3132,Model 1,train
Paraguay,PRY,Latin America & Caribbean ,1998,1999,1766.3066,2019.4135,2023.8611173620093,2023.650741201948,1909.3160545708588,2002.9712,Model 1,train
Paraguay,PRY,Latin America & Caribbean ,1999,2000,1736.1173,1891.1548,1895.8164006622928,1895.6094217243792,1793.0962123574802,1807.4958,Model 1,train
Paraguay,PRY,Latin America & Caribbean ,2000,2001,1637.6862,1860.5741,1865.484736240711,1865.270807271135,1786.2585110908888,1783.0934,Model 1,train
Paraguay,PRY,Latin America & Caribbean ,2001,2002,1367.7651,1758.2358,1763.3069408373583,1763.0949014728712,1527.9876593731244,1644.6831,Model 1,train
Paraguay,PRY,Latin America & Caribbean ,2002,2003,1443.9989,1474.7797,1479.6876515969852,1479.502598383997,1467.8396852063493,1493.3517,Model 1,train
Paraguay,PRY,Latin America & Caribbean ,2003,2004,1786.2153,1556.1851,1561.477696980572,1561.2705046987571,1589.9101384506666,1630.7126,Model 1,train
Paraguay,PRY,Latin America & Caribbean ,2004,2005,1970.8717,1917.776,1923.9625246718515,1923.6887415547012,1903.9869298182791,1903.4623,Model 1,train
Paraguay,PRY,Latin America & Caribbean ,2005,2006,2439.4312,2113.0797,2119.9163563282523,2119.596513446446,2226.2928389750314,2102.4355,Model 1,train
Paraguay,PRY,Latin America & Caribbean ,2006,2007,3211.9362,2605.6712,2613.660871993766,2613.240160142765,2803.856930569189,2585.8118,Model 1,train
Paraguay,PRY,Latin America & Caribbean ,2007,2008,4384.9547,3413.3802,3422.857988607195,3422.2739394564937,4101.4205017677405,3482.1794,Model 1,train
Paraguay,PRY,Latin America & Caribbean ,2008,2009,3941.8482,4632.8017,4644.049686913501,4643.210938559293,4427.058074706226,4691.468,Model 1,train
Paraguay,PRY,Latin America & Caribbean ,2009,2010,4750.9627,4176.0915,4187.551084020652,4186.771915303995,4328.67911808864,4051.2966,Model 1,train
Paraguay,PRY,Latin America & Caribbean ,2010,2011,5805.4015,5017.2249,5030.354364320863,5029.369826217807,5525.353404130082,5300.0566,Model 1,train
Paraguay,PRY,Latin America & Caribbean ,2011,2012,5642.1699,6108.9624,6123.888153113479,6122.638389863809,6018.55973814886,6321.627,Model 1,train
Paraguay,PRY,Latin America & Caribbean ,2012,2013,6435.6834,5945.1447,5961.122632656452,5959.854685511694,6222.6668719347745,6201.526,Model 1,train
Paraguay,PRY,Latin America & Caribbean ,2013,2014,6652.2548,6765.8981,6783.40888322187,6781.9275881713775,6665.293929946029,6736.066,Model 1,train
Paraguay,PRY,Latin America & Caribbean ,2014,2015,5879.3379,6990.7625,7008.944192669703,7007.397642087625,6664.519224483303,7046.7646,Model 1,train
Paraguay,PRY,Latin America & Caribbean ,2015,2016,5775.1596,6194.645,6212.015990396203,6210.660515114532,6199.686731425907,6397.4805,Model 1,train
Paraguay,PRY,Latin America & Caribbean ,2016,2017,6152.2671,6087.4602,6104.725091962007,6103.402097239876,6180.814305767379,6368.8633,Model 1,train
Paraguay,PRY,Latin America & Caribbean ,2017,2018,6258.4499,6475.8101,6493.242842622584,6491.855366098669,6449.052133828574,6456.548,Model 1,train
West Bank and Gaza,PSE,"Middle East, North Africa, Afghanistan & Pakistan",2000,2001,1335.5532,1589.7594,1595.817778715886,1595.4711979141152,1493.3739916303298,1539.0096,Model 1,train
West Bank and Gaza,PSE,"Middle East, North Africa, Afghanistan & Pakistan",2001,2002,1156.2175,1439.296,1444.4214412852075,1444.1437933924242,1301.7004369932722,1325.6816,Model 1,train
West Bank and Gaza,PSE,"Middle East, North Africa, Afghanistan & Pakistan",2002,2003,1257.6986,1253.1198,1258.7969398266962,1258.5117729857477,1329.6629371482718,1302.0016,Model 1,train
West Bank and Gaza,PSE,"Middle East, North Africa, Afghanistan & Pakistan",2003,2004,1422.1909,1360.9857,1367.0053954626503,1366.6961436047725,1404.0454622289744,1363.5175,Model 1,train
West Bank and Gaza,PSE,"Middle East, North Africa, Afghanistan & Pakistan",2004,2005,1543.7014,1535.5196,1542.0938210267364,1541.7425871215496,1539.6761953757098,1574.3512,Model 1,train
West Bank and Gaza,PSE,"Middle East, North Africa, Afghanistan & Pakistan",2005,2006,1570.1044,1667.536,1675.4423452211554,1675.0121949349948,1639.243735616719,1702.1553,Model 1,train
West Bank and Gaza,PSE,"Middle East, North Africa, Afghanistan & Pakistan",2006,2007,1664.2457,1694.6814,1702.4132254856402,1701.9937082878696,1703.8919188708078,1739.1373,Model 1,train
West Bank and Gaza,PSE,"Middle East, North Africa, Afghanistan & Pakistan",2007,2008,2035.2023,1795.091,1803.3414557530664,1802.8887701990045,1891.277897290162,1794.9827,Model 1,train
West Bank and Gaza,PSE,"Middle East, North Africa, Afghanistan & Pakistan",2008,2009,2191.7818,2186.8107,2196.2939501746137,2195.737063796047,2286.72511572058,2198.2627,Model 1,train
West Bank and Gaza,PSE,"Middle East, North Africa, Afghanistan & Pakistan",2009,2010,2557.0756,2351.9561,2361.9609882254326,2361.362286725161,2412.325029858266,2407.6948,Model 1,train
West Bank and Gaza,PSE,"Middle East, North Africa, Afghanistan & Pakistan",2010,2011,2880.7984,2741.809,2754.5790354912424,2753.7905738890163,2897.945212974038,2818.7273,Model 1,train
West Bank and Gaza,PSE,"Middle East, North Africa, Afghanistan & Pakistan",2011,2012,3067.4387,3083.1582,3097.3711646194706,3096.4656673356135,3150.8514390434148,3150.811,Model 1,train
West Bank and Gaza,PSE,"Middle East, North Africa, Afghanistan & Pakistan",2012,2013,3315.2975,3279.8682,3294.9259511839045,3293.954865210057,3328.2149887824567,3394.4988,Model 1,train
West Bank and Gaza,PSE,"Middle East, North Africa, Afghanistan & Pakistan",2013,2014,3352.1126,3542.7115,3559.442284840897,3558.351716280112,3565.0092262978665,3556.719,Model 1,train
West Bank and Gaza,PSE,"Middle East, North Africa, Afghanistan & Pakistan",2014,2015,3272.1543,3569.2588,3582.6201784125615,3581.7097267822614,3460.2946776791177,3563.0303,Model 1,train
West Bank and Gaza,PSE,"Middle East, North Africa, Afghanistan & Pakistan",2015,2016,3527.6138,3501.0144,3518.4573295716314,3517.3527563828966,3539.4375385758626,3596.476,Model 1,train
West Bank and Gaza,PSE,"Middle East, North Africa, Afghanistan & Pakistan",2016,2017,3620.3605,3771.5079,3790.616183014223,3789.39158839012,3672.3320434774455,3928.9175,Model 1,train
West Bank and Gaza,PSE,"Middle East, North Africa, Afghanistan & Pakistan",2017,2018,3562.3309,3871.3012,3891.4482352036825,3890.161656822978,3729.631677323783,3927.7112,Model 1,train
Qatar,QAT,"Middle East, North Africa, Afghanistan & Pakistan",1995,1996,17124.7921,16439.5595,16523.914966867276,16512.60537199161,16772.570632211995,16522.031,Model 1,train
Qatar,QAT,"Middle East, North Africa, Afghanistan & Pakistan",1996,1997,20522.8013,17769.6177,17859.785586058686,17847.533589328774,19022.388046953063,18185.521,Model 1,train
Qatar,QAT,"Middle East, North Africa, Afghanistan & Pakistan",1997,1998,17665.4408,21223.2301,21325.968549407775,21311.322597084683,20151.941624148465,21333.904,Model 1,train
Qatar,QAT,"Middle East, North Africa, Afghanistan & Pakistan",1998,1999,20233.6847,18330.1957,18424.018167965256,18411.457459830224,19469.428598427043,18860.945,Model 1,train
Qatar,QAT,"Middle East, North Africa, Afghanistan & Pakistan",1999,2000,27535.1829,20943.8181,21047.558901155087,21033.237680589176,22795.879208770457,21265.896,Model 1,train
Qatar,QAT,"Middle East, North Africa, Afghanistan & Pakistan",2000,2001,25870.7992,28333.4155,28461.898649790473,28442.480971089168,27844.9597056514,28751.307,Model 1,train
Qatar,QAT,"Middle East, North Africa, Afghanistan & Pakistan",2001,2002,27226.6594,26668.0683,26794.21485563469,26775.95470924692,27208.532331608403,27189.018,Model 1,train
Qatar,QAT,"Middle East, North Africa, Afghanistan & Pakistan",2002,2003,31602.4709,28053.2572,28187.30343407127,28168.026357213792,29814.106461300067,28806.225,Model 1,train
Qatar,QAT,"Middle East, North Africa, Afghanistan & Pakistan",2003,2004,41035.5008,32486.2135,32639.16500752714,32616.659974640523,35474.356683493585,31379.48,Model 1,train
Qatar,QAT,"Middle East, North Africa, Afghanistan & Pakistan",2004,2005,53949.6764,41994.4479,42183.80783929946,42154.28945913148,47330.65167150093,43028.61,Model 1,train
Qatar,QAT,"Middle East, North Africa, Afghanistan & Pakistan",2005,2006,62582.4453,54952.2292,55187.45919155033,55148.45059235569,56565.0488687399,56434.715,Model 1,train
Qatar,QAT,"Middle East, North Africa, Afghanistan & Pakistan",2006,2007,65954.342,63598.6738,63860.291741518646,63815.888443228934,65778.44372218169,62291.92,Model 1,train
Qatar,QAT,"Middle East, North Africa, Afghanistan & Pakistan",2007,2008,80781.4039,66997.8296,67268.01077962224,67222.67574799154,73724.63190800494,67826.234,Model 1,train
Qatar,QAT,"Middle East, North Africa, Afghanistan & Pakistan",2008,2009,60785.7352,81800.3625,82115.32808144561,82060.59495058461,73276.96555592351,78106.69,Model 1,train
Qatar,QAT,"Middle East, North Africa, Afghanistan & Pakistan",2009,2010,76462.6119,61987.7136,62269.05782726031,62227.74192473025,67435.56075734584,62368.246,Model 1,train
Qatar,QAT,"Middle East, North Africa, Afghanistan & Pakistan",2010,2011,103261.5103,77722.4286,78078.69614667703,78025.07109838167,91702.50663635068,84831.97,Model 1,train
Qatar,QAT,"Middle East, North Africa, Afghanistan & Pakistan",2011,2012,108470.387,104456.4906,104924.16110252553,104849.78395709908,103462.12315459875,94713.195,Model 1,train
Qatar,QAT,"Middle East, North Africa, Afghanistan & Pakistan",2012,2013,103697.0628,109739.4792,110251.81605923807,110172.71298027024,107214.683651333,108048.125,Model 1,train
Qatar,QAT,"Middle East, North Africa, Afghanistan & Pakistan",2013,2014,95840.6899,105110.7658,105628.54122372397,105552.934750118,99365.59290090276,87734.67,Model 1,train
Qatar,QAT,"Middle East, North Africa, Afghanistan & Pakistan",2014,2015,68985.2433,97386.1893,97891.4425257728,97821.91617578849,78574.899143269,88551.39,Model 1,train
Qatar,QAT,"Middle East, North Africa, Afghanistan & Pakistan",2015,2016,61253.6218,70629.7878,71044.09134909099,70993.93873987492,66598.23556816597,71010.82,Model 1,train
Qatar,QAT,"Middle East, North Africa, Afghanistan & Pakistan",2016,2017,63279.8767,62916.991,63309.04118963613,63264.20702198107,62607.22957211312,62656.492,Model 1,train
Qatar,QAT,"Middle East, North Africa, Afghanistan & Pakistan",2017,2018,71039.9308,65001.236,65414.45292299141,65367.683842169514,70553.04837340975,63036.598,Model 1,train
Romania,ROU,Europe & Central Asia,1993,1994,1323.0324,1246.9957,1248.2577858467669,1248.4578965595365,1302.2348448572873,1275.0754,Model 1,train
Romania,ROU,Europe & Central Asia,1994,1995,1650.0492,1420.5692,1421.6582638442212,1421.8864525415884,1503.780983297931,1422.6787,Model 1,train
Romania,ROU,Europe & Central Asia,1995,1996,1633.0106,1763.4531,1764.129013475805,1764.410643044613,1645.9450330828415,1684.9136,Model 1,train
Romania,ROU,Europe & Central Asia,1996,1997,1577.3366,1744.1296,1744.4153254600635,1744.7149828943411,1604.9236855518825,1606.3933,Model 1,train
Romania,ROU,Europe & Central Asia,1997,1998,1852.555,1685.4643,1685.7241901786144,1686.0195919145065,1701.327950595915,1658.8429,Model 1,train
Romania,ROU,Europe & Central Asia,1998,1999,1599.9062,1976.8935,1977.7833311521288,1978.069165521646,1772.2203948770937,1846.9198,Model 1,train
Romania,ROU,Europe & Central Asia,1999,2000,1659.929,1715.3845,1717.3834934617291,1717.5908819927906,1656.3650509152328,1693.9402,Model 1,train
Romania,ROU,Europe & Central Asia,2000,2001,1825.193,1781.2237,1783.9909306680051,1784.1638552390211,1764.7460527771625,1728.1913,Model 1,train
Romania,ROU,Europe & Central Asia,2001,2002,2119.8551,1954.7836,1957.559052756903,1957.7422838403627,2007.8187991909567,1987.7517,Model 1,train
Romania,ROU,Europe & Central Asia,2002,2003,2679.4063,2262.6343,2265.1311671146923,2265.344610848906,2422.3371789590315,2327.5557,Model 1,train
Romania,ROU,Europe & Central Asia,2003,2004,3494.9906,2848.2673,2850.964863536706,2851.1921857792163,3151.3370302929097,2923.6538,Model 1,train
Romania,ROU,Europe & Central Asia,2004,2005,4618.0035,3697.334,3699.9428208845,3700.1903045298272,3952.299603270704,3690.6265,Model 1,train
Romania,ROU,Europe & Central Asia,2005,2006,5757.5313,4861.7055,4864.19784109143,4864.442297195555,5240.486216273799,5012.6504,Model 1,train
Romania,ROU,Europe & Central Asia,2006,2007,8360.3378,6037.7384,6039.809441837781,6040.038166531174,7075.254169195149,6221.637,Model 1,train
Romania,ROU,Europe & Central Asia,2007,2008,10435.1561,8709.0834,8709.49339528477,8709.640698444682,9432.316981516427,8505.6,Model 1,train
Romania,ROU,Europe & Central Asia,2008,2009,8548.4543,10821.3796,10818.332228533927,10818.458148252132,9840.02711859596,8420.966,Model 1,train
Romania,ROU,Europe & Central Asia,2009,2010,8399.5374,8917.4981,8922.421048436954,8922.295438469437,8933.69637240638,9131.253,Model 1,train
Romania,ROU,Europe & Central Asia,2010,2011,9560.6755,8768.5787,8774.621565645175,8774.444378594959,9433.29118939597,8548.325,Model 1,train
Romania,ROU,Europe & Central Asia,2011,2012,8929.9537,9977.4243,9988.799789662588,9988.237020447028,9607.319419957214,10233.602,Model 1,train
Romania,ROU,Europe & Central Asia,2012,2013,9497.6741,9332.3996,9344.11748646132,9343.590189850374,9425.9806795863,9505.828,Model 1,train
Romania,ROU,Europe & Central Asia,2013,2014,10031.7711,9928.9631,9944.926201187498,9944.121279586145,10020.116713006504,10436.476,Model 1,train
Romania,ROU,Europe & Central Asia,2014,2015,8977.0175,10471.6799,10486.560467920908,10485.756111696352,10024.238249497312,10703.275,Model 1,train
Romania,ROU,Europe & Central Asia,2015,2016,9404.5401,9392.1986,9407.270273027674,9406.55189166506,9762.263290324034,9756.667,Model 1,train
Romania,ROU,Europe & Central Asia,2016,2017,10727.9822,9837.3243,9854.45934476055,9853.587710354435,10485.236501373614,10436.147,Model 1,train
Romania,ROU,Europe & Central Asia,2017,2018,12416.1343,11191.4805,11208.725425970262,11207.706740003076,11495.108214980746,10998.104,Model 1,train
Russian Federation,RUS,Europe & Central Asia,1993,1994,2662.104,3052.1305,3033.7031319550406,3035.6252901493312,3011.182279385747,3184.6062,Model 1,train
Russian Federation,RUS,Europe & Central Asia,1994,1995,2665.7798,2774.7388,2757.5246549210196,2759.320667603989,2644.7803369367175,2844.8215,Model 1,train
Russian Federation,RUS,Europe & Central Asia,1995,1996,2643.9292,2780.0078,2763.1772089254846,2764.954729554254,2629.282160287621,2831.8044,Model 1,train
Russian Federation,RUS,Europe & Central Asia,1996,1997,2737.572,2765.5261,2751.0064404424866,2752.6616149347515,2589.055475649136,2818.3027,Model 1,train
Russian Federation,RUS,Europe & Central Asia,1997,1998,1834.8618,2867.3359,2853.7746602072616,2855.4038518815337,2370.3951880112704,2814.4673,Model 1,train
Russian Federation,RUS,Europe & Central Asia,1998,1999,1330.7572,1939.2579,1931.7474878529288,1932.8354937157455,1650.1482328142538,1887.0309,Model 1,train
Russian Federation,RUS,Europe & Central Asia,1999,2000,1771.5941,1412.1744,1406.4201292514135,1407.269016232622,1528.6577922029353,1417.5391,Model 1,train
Russian Federation,RUS,Europe & Central Asia,2000,2001,2100.3525,1866.7129,1857.6440362805804,1858.7910947995215,1923.7141556454085,1833.4542,Model 1,train
Russian Federation,RUS,Europe & Central Asia,2001,2002,2377.5295,2204.8776,2193.437666759816,2194.794210502915,2338.5248762361616,2196.3882,Model 1,train
Russian Federation,RUS,Europe & Central Asia,2002,2003,2975.123,2487.9781,2474.169470468788,2475.716775025139,2723.6227475445626,2533.825,Model 1,train
Russian Federation,RUS,Europe & Central Asia,2003,2004,4102.3647,3098.2913,3079.808999037484,3081.7361820404813,3390.335799909277,3169.2605,Model 1,train
Russian Federation,RUS,Europe & Central Asia,2004,2005,5323.4551,4248.7301,4222.539693963123,4225.097347467621,4424.743524836827,4310.0254,Model 1,train
Russian Federation,RUS,Europe & Central Asia,2005,2006,6920.1997,5484.7906,5448.981512808691,5452.25143384294,6151.775936487656,5546.387,Model 1,train
Russian Federation,RUS,Europe & Central Asia,2006,2007,9101.2393,7112.4057,7068.844118004312,7072.759930628916,8162.860927633248,6994.4272,Model 1,train
Russian Federation,RUS,Europe & Central Asia,2007,2008,11635.2842,9321.0859,9265.435153903429,9270.25332245242,9952.45767548702,9295.381,Model 1,train
Russian Federation,RUS,Europe & Central Asia,2008,2009,8562.8242,11866.8864,11794.37899568492,11800.327068416998,9737.761947924444,10769.552,Model 1,train
Russian Federation,RUS,Europe & Central Asia,2009,2010,10674.9902,8804.1851,8759.022398313467,8763.2401907028,10147.01390629593,8949.695,Model 1,train
Russian Federation,RUS,Europe & Central Asia,2010,2011,14305.332,10930.4788,10871.77431320451,10876.923200626314,11427.547904745174,10174.202,Model 1,train
Russian Federation,RUS,Europe & Central Asia,2011,2012,15401.8516,14589.85,14513.095986569737,14519.489603710654,14165.903321491816,14345.421,Model 1,train
Russian Federation,RUS,Europe & Central Asia,2012,2013,15941.4482,15699.1669,15618.838974577591,15625.497535711063,14760.885581967852,14404.919,Model 1,train
Russian Federation,RUS,Europe & Central Asia,2013,2014,14055.4727,16257.6833,16179.14424956667,16185.751616710804,14803.871893599531,14731.945,Model 1,train
Russian Federation,RUS,Europe & Central Asia,2014,2015,9277.7139,14377.1072,14312.054735626332,14317.842664836351,11371.673926978478,12831.283,Model 1,train
Russian Federation,RUS,Europe & Central Asia,2015,2016,8663.1582,9581.5252,9547.265557638026,9551.025194273889,9750.130868503013,9863.348,Model 1,train
Russian Federation,RUS,Europe & Central Asia,2016,2017,10658.9131,8969.6295,8941.348730626267,8944.731385198967,9803.645887407489,9126.596,Model 1,train
Russian Federation,RUS,Europe & Central Asia,2017,2018,11211.8877,11010.5371,10978.18859994329,10982.00722570955,11120.673631188076,10606.055,Model 1,train
Rwanda,RWA,Sub-Saharan Africa ,1996,1997,238.7494,215.6213,212.80703303151608,213.0064024167457,223.18691968134715,217.07135,Model 1,train
Rwanda,RWA,Sub-Saharan Africa ,1997,1998,246.1547,248.7194,245.2846994166483,245.52458478142648,233.46332168577527,239.98788,Model 1,train
Rwanda,RWA,Sub-Saharan Africa ,1998,1999,264.7437,256.9573,253.576825313464,253.8163762202399,239.87923570451673,246.656,Model 1,train
Rwanda,RWA,Sub-Saharan Africa ,1999,2000,251.8693,277.7342,274.5417155943879,274.77529151747314,259.71706261223295,260.96277,Model 1,train
Rwanda,RWA,Sub-Saharan Africa ,2000,2001,237.3088,265.8197,263.1496518212412,263.35481754289407,254.36752080859324,251.10287,Model 1,train
Rwanda,RWA,Sub-Saharan Africa ,2001,2002,234.043,251.7921,249.5713981824622,249.75146340229355,246.32506376790937,247.0476,Model 1,train
Rwanda,RWA,Sub-Saharan Africa ,2002,2003,249.0123,249.4675,247.56742642755037,247.7310154221498,252.9544936305919,250.8195,Model 1,train
Rwanda,RWA,Sub-Saharan Africa ,2003,2004,269.5404,266.5452,264.89091837947666,265.0453574089468,268.2741614431268,269.44687,Model 1,train
Rwanda,RWA,Sub-Saharan Africa ,2004,2005,324.0169,289.4391,287.9875851422439,288.1360948674711,306.49998607163224,294.78207,Model 1,train
Rwanda,RWA,Sub-Saharan Africa ,2005,2006,356.995,347.8354,346.3203036451097,346.4818839607407,336.0625316803651,342.4197,Model 1,train
Rwanda,RWA,Sub-Saharan Africa ,2007,2008,528.3264,457.7803,456.34583876419265,456.52025941484106,487.57382533845146,460.61328,Model 1,train
Rwanda,RWA,Sub-Saharan Africa ,2008,2009,564.0391,566.4763,564.9282767369529,565.1224941242499,556.223859665025,555.8039,Model 1,train
Rwanda,RWA,Sub-Saharan Africa ,2009,2010,593.6249,605.6589,604.4040671361433,604.5888260695193,596.0907225768364,597.4808,Model 1,train
Rwanda,RWA,Sub-Saharan Africa ,2010,2011,651.1337,638.2733,637.3090676885043,637.4837531214743,634.2127152862048,649.89355,Model 1,train
Rwanda,RWA,Sub-Saharan Africa ,2011,2012,706.8173,699.8974,699.0360122629617,699.213078416824,709.100902859462,696.40564,Model 1,train
Rwanda,RWA,Sub-Saharan Africa ,2012,2013,704.9242,759.7623,759.0742159175905,759.2496052037166,762.770602729876,780.2747,Model 1,train
Rwanda,RWA,Sub-Saharan Africa ,2013,2014,724.9575,758.5936,758.1249005398046,758.2907081706654,746.5618315567676,770.8015,Model 1,train
Rwanda,RWA,Sub-Saharan Africa ,2014,2015,733.9986,780.5039,780.1951008051315,780.3565498311905,764.7017077225295,774.6069,Model 1,train
Rwanda,RWA,Sub-Saharan Africa ,2015,2016,729.5191,790.6437,790.4692714090824,790.6266295830766,784.0098063796889,770.87836,Model 1,train
Rwanda,RWA,Sub-Saharan Africa ,2016,2017,758.301,786.4889,786.4671510352913,786.6181329413379,794.4022486115126,768.2348,Model 1,train
Rwanda,RWA,Sub-Saharan Africa ,2017,2018,771.7735,817.649,817.7783523261267,817.9263958374888,787.2681748102858,824.233,Model 1,train
Saudi Arabia,SAU,"Middle East, North Africa, Afghanistan & Pakistan",1995,1996,11471.5046,11141.7766,11132.052805474932,11131.998427504166,10884.8114035107,10284.7705,Model 1,train
Saudi Arabia,SAU,"Middle East, North Africa, Afghanistan & Pakistan",1996,1997,11545.3456,11843.6416,11834.313948896002,11834.183400703878,11389.19962100652,11167.911,Model 1,train
Saudi Arabia,SAU,"Middle East, North Africa, Afghanistan & Pakistan",1997,1998,9836.0573,11927.3284,11919.946709107273,11919.749791302404,10843.713599225985,11042.971,Model 1,train
Saudi Arabia,SAU,"Middle East, North Africa, Afghanistan & Pakistan",1998,1999,10452.1899,10202.6327,10200.721694072994,10200.514915423611,10115.436145596408,9831.8955,Model 1,train
Saudi Arabia,SAU,"Middle East, North Africa, Afghanistan & Pakistan",1999,2000,11714.5624,10836.3701,10835.249978682508,10834.961145336569,10823.28897966795,9469.581,Model 1,train
Saudi Arabia,SAU,"Middle East, North Africa, Afghanistan & Pakistan",2000,2001,10805.3113,12125.234,12123.71244115828,12123.328953142554,11072.53162936532,11422.223,Model 1,train
Saudi Arabia,SAU,"Middle East, North Africa, Afghanistan & Pakistan",2001,2002,10586.0543,11211.1292,11213.025340912123,11212.642286080489,10925.237708170393,10386.295,Model 1,train
Saudi Arabia,SAU,"Middle East, North Africa, Afghanistan & Pakistan",2002,2003,11487.2204,10996.6199,11000.71164486921,11000.296109688528,11012.93181497879,8421.239,Model 1,train
Saudi Arabia,SAU,"Middle East, North Africa, Afghanistan & Pakistan",2003,2004,13154.4979,11922.3033,11927.394135703693,11926.876189124085,12714.956297016332,11114.827,Model 1,train
Saudi Arabia,SAU,"Middle East, North Africa, Afghanistan & Pakistan",2004,2005,15975.7474,13626.0639,13631.586665377496,13630.900988808362,14537.286221494976,13280.321,Model 1,train
Saudi Arabia,SAU,"Middle East, North Africa, Afghanistan & Pakistan",2005,2006,17563.6145,16496.3732,16501.237256184344,16500.276726422395,16856.526918922857,16174.538,Model 1,train
Saudi Arabia,SAU,"Middle East, North Africa, Afghanistan & Pakistan",2006,2007,18596.1503,18115.4606,18121.55155309215,18120.375855581347,18752.338257215248,18653.389,Model 1,train
Saudi Arabia,SAU,"Middle East, North Africa, Afghanistan & Pakistan",2007,2008,22320.4889,19170.8692,19178.52309472596,19177.194220937155,20957.348208127496,18888.197,Model 1,train
Saudi Arabia,SAU,"Middle East, North Africa, Afghanistan & Pakistan",2008,2009,17718.3912,22935.8659,22940.875647537985,22939.204857415963,20514.296079550822,21670.672,Model 1,train
Saudi Arabia,SAU,"Middle East, North Africa, Afghanistan & Pakistan",2009,2010,22028.3901,18298.7585,18310.326901111708,18309.066461550658,20393.852307541572,18603.309,Model 1,train
Saudi Arabia,SAU,"Middle East, North Africa, Afghanistan & Pakistan",2010,2011,27126.7499,22658.1573,22667.58541449708,22665.795978087095,23930.817920499107,22052.234,Model 1,train
Saudi Arabia,SAU,"Middle East, North Africa, Afghanistan & Pakistan",2011,2012,28733.4376,27794.2238,27798.636249745723,27796.402130990708,28674.73447254285,26883.56,Model 1,train
Saudi Arabia,SAU,"Middle East, North Africa, Afghanistan & Pakistan",2012,2013,27865.4656,29423.9022,29429.945968563905,29427.476509884127,28461.3732812216,28257.064,Model 1,train
Saudi Arabia,SAU,"Middle East, North Africa, Afghanistan & Pakistan",2013,2014,27805.485,28580.2797,28593.848055886538,28591.286293568897,27944.417508758088,28800.375,Model 1,train
Saudi Arabia,SAU,"Middle East, North Africa, Afghanistan & Pakistan",2014,2015,23256.155,28560.5655,28584.986726504347,28581.93549127063,26369.653581467897,27669.223,Model 1,train
Saudi Arabia,SAU,"Middle East, North Africa, Afghanistan & Pakistan",2015,2016,22267.7217,24012.0695,24048.58977273751,24045.716588554445,21917.429759763734,23141.441,Model 1,train
Saudi Arabia,SAU,"Middle East, North Africa, Afghanistan & Pakistan",2016,2017,23929.2907,23043.0692,23087.67501498758,23084.599196215913,23256.30504253628,22635.184,Model 1,train
Saudi Arabia,SAU,"Middle East, North Africa, Afghanistan & Pakistan",2017,2018,29360.0659,24748.0343,24799.303129834025,24795.658588142865,26449.250038177124,25299.484,Model 1,train
Sudan,SDN,Sub-Saharan Africa ,1994,1995,462.5852,468.1011,465.2624536883538,465.55428593823126,462.779701075223,460.771,Model 1,train
Sudan,SDN,Sub-Saharan Africa ,1995,1996,294.827,492.7476,489.8452759974519,490.14697634539806,415.4869214373245,415.7952,Model 1,train
Sudan,SDN,Sub-Saharan Africa ,1996,1997,373.0938,317.1048,315.49349853109146,315.6884352456573,338.12339553097627,307.04126,Model 1,train
Sudan,SDN,Sub-Saharan Africa ,1997,1998,350.7029,399.7452,397.66831739264256,397.9085474553547,370.298131467849,388.6651,Model 1,train
Sudan,SDN,Sub-Saharan Africa ,1998,1999,324.6596,376.4466,374.57898684347214,374.8037924185584,350.9681312936485,386.95752,Model 1,train
Sudan,SDN,Sub-Saharan Africa ,1999,2000,362.1169,349.2845,347.6535395462283,347.8602572372896,344.01701806363917,354.4174,Model 1,train
Sudan,SDN,Sub-Saharan Africa ,2000,2001,451.2933,389.016,387.2096884618534,387.4364249599528,405.0378062799405,383.20743,Model 1,train
Sudan,SDN,Sub-Saharan Africa ,2001,2002,506.2626,482.9852,480.66388382271913,480.9407588898534,487.52444396685104,499.24127,Model 1,train
Sudan,SDN,Sub-Saharan Africa ,2002,2003,580.3203,540.574,537.877024275338,538.1875843936182,561.8803591457479,553.54803,Model 1,train
Sudan,SDN,Sub-Saharan Africa ,2003,2004,705.1133,616.4057,612.7664696587268,613.1432994642528,679.4626702561566,654.3283,Model 1,train
Sudan,SDN,Sub-Saharan Africa ,2004,2005,905.5436,743.1368,737.7226067926778,738.2180913810512,776.9182682940207,743.41766,Model 1,train
Sudan,SDN,Sub-Saharan Africa ,2007,2008,1527.5824,1517.0129,1508.915646571207,1509.683929904584,1505.193997109484,1530.5685,Model 1,train
Sudan,SDN,Sub-Saharan Africa ,2015,2016,1033.2159,1369.7967,1365.097751880561,1365.698212307521,1200.1446384957574,1371.3694,Model 1,train
Sudan,SDN,Sub-Saharan Africa ,2016,2017,966.5057,1100.9081,1097.7024762121212,1098.1818829863512,1039.5407571880137,1131.804,Model 1,train
Sudan,SDN,Sub-Saharan Africa ,2017,2018,731.0275,1032.3613,1029.7467187058096,1030.1860541655942,892.4150162203439,1037.0552,Model 1,train
Senegal,SEN,Sub-Saharan Africa ,1995,1996,723.47,755.8877,751.865421948114,752.1968459097793,717.7036170688378,708.8358,Model 1,train
Senegal,SEN,Sub-Saharan Africa ,1996,1997,650.7763,764.2469,760.0344481353616,760.3781376443145,707.3062774848762,714.4859,Model 1,train
Senegal,SEN,Sub-Saharan Africa ,1997,1998,684.5881,688.889,685.1752480270119,685.4891703133252,689.0276006055556,654.46155,Model 1,train
Senegal,SEN,Sub-Saharan Africa ,1998,1999,677.5163,723.8456,719.8486154819042,720.1816750209596,701.7532740966336,705.20184,Model 1,train
Senegal,SEN,Sub-Saharan Africa ,1999,2000,603.2332,716.9111,713.0583287658756,713.3851263147897,685.7768567617545,695.46185,Model 1,train
Senegal,SEN,Sub-Saharan Africa ,2000,2001,637.2135,640.2755,637.061869816714,637.3504511063858,659.2594191044755,628.98596,Model 1,train
Senegal,SEN,Sub-Saharan Africa ,2001,2002,669.4304,676.4503,673.2247770735086,673.51907855997,679.244726183045,642.3018,Model 1,train
Senegal,SEN,Sub-Saharan Africa ,2002,2003,817.888,711.2096,708.1046830915813,708.3977667882897,793.4331623505858,712.9962,Model 1,train
Senegal,SEN,Sub-Saharan Africa ,2003,2004,918.1021,866.5189,862.7665199553413,863.1079610346201,868.5713662170749,854.35,Model 1,train
Senegal,SEN,Sub-Saharan Africa ,2004,2005,979.8461,972.3241,968.457789121585,968.814900446931,961.812322793503,923.59906,Model 1,train
Senegal,SEN,Sub-Saharan Africa ,2005,2006,1017.202,1037.9886,1034.1973003880175,1034.557254240212,1017.7478894255914,996.9401,Model 1,train
Senegal,SEN,Sub-Saharan Africa ,2006,2007,1188.9388,1078.8502,1075.4155285012023,1075.7621750707085,1137.17246777799,1053.9135,Model 1,train
Senegal,SEN,Sub-Saharan Africa ,2007,2008,1398.7922,1259.5287,1255.9009877918138,1256.2704778096513,1329.797981066004,1075.8429,Model 1,train
Senegal,SEN,Sub-Saharan Africa ,2008,2009,1308.694,1478.8227,1474.6906959224298,1475.0989766337973,1416.3280666827377,1481.6243,Model 1,train
Senegal,SEN,Sub-Saharan Africa ,2009,2010,1275.8836,1387.268,1384.0139206149995,1384.3765504991695,1281.7389145965917,1369.7631,Model 1,train
Senegal,SEN,Sub-Saharan Africa ,2010,2011,1374.6759,1354.6918,1351.9597146556514,1352.2971648077466,1307.1713178794582,1344.3389,Model 1,train
Senegal,SEN,Sub-Saharan Africa ,2011,2012,1326.838,1459.3483,1456.7596760444858,1457.09834025786,1408.4054299402626,1439.2745,Model 1,train
Senegal,SEN,Sub-Saharan Africa ,2012,2013,1379.832,1411.0057,1408.9457701389074,1409.258689043878,1395.008340671801,1371.0347,Model 1,train
Senegal,SEN,Sub-Saharan Africa ,2013,2014,1398.8914,1467.574,1465.693111951287,1466.0040203093668,1430.0523494238778,1501.2145,Model 1,train
Senegal,SEN,Sub-Saharan Africa ,2014,2015,1218.0061,1488.6668,1487.0334345536298,1487.3374132498932,1459.9848781471608,1496.4388,Model 1,train
Senegal,SEN,Sub-Saharan Africa ,2015,2016,1266.4396,1301.2252,1300.429139249708,1300.68288878519,1287.98206116727,1272.0955,Model 1,train
Senegal,SEN,Sub-Saharan Africa ,2016,2017,1356.8052,1352.7198,1352.008131649338,1352.2650540764248,1287.9919662087934,1291.575,Model 1,train
Senegal,SEN,Sub-Saharan Africa ,2017,2018,1452.5561,1448.307,1447.6637061767112,1447.9275282038,1419.229259951777,1426.3801,Model 1,train
Singapore,SGP,East Asia & Pacific,1991,1992,16136.2405,15096.3986,15153.089698798814,15146.712092877784,15843.81836021495,15782.387,Model 1,train
Singapore,SGP,East Asia & Pacific,1992,1993,18290.1301,16771.8511,16834.77903206579,16827.579866671815,18144.75843589639,16821.97,Model 1,train
Singapore,SGP,East Asia & Pacific,1993,1994,21552.41,18965.5866,19033.64628141247,19025.49450020816,19614.613198311996,18990.79,Model 1,train
Singapore,SGP,East Asia & Pacific,1994,1995,24914.8507,22280.2405,22355.78672259977,22346.17037199058,23758.49172317093,21857.285,Model 1,train
Singapore,SGP,East Asia & Pacific,1995,1996,26232.8661,25684.5231,25766.401517872408,25755.320312209253,25696.057792460226,24857.824,Model 1,train
Singapore,SGP,East Asia & Pacific,1996,1997,26375.8654,27032.631,27120.71066920843,27108.92903973871,26349.90967847929,27208.627,Model 1,train
Singapore,SGP,East Asia & Pacific,1997,1998,21829.2738,27195.521,27288.332498105112,27276.338083073373,24784.83568205932,27126.678,Model 1,train
Singapore,SGP,East Asia & Pacific,1998,1999,21796.6374,22616.1743,22705.37323077706,22695.24613295117,22772.932508720332,22502.643,Model 1,train
Singapore,SGP,East Asia & Pacific,1999,2000,23852.839,22596.5975,22689.424411631615,22679.13261977375,22983.30579581522,22533.223,Model 1,train
Singapore,SGP,East Asia & Pacific,2000,2001,21699.7415,24705.9246,24810.090406357365,24798.53163940763,23722.459303717224,25372.383,Model 1,train
Singapore,SGP,East Asia & Pacific,2001,2002,22159.8374,22535.0112,22637.245055099247,22626.584031887545,22592.377078824324,23007.648,Model 1,train
Singapore,SGP,East Asia & Pacific,2002,2003,23730.384,23019.395,23127.516685372953,23116.408207136297,23311.17922588774,23974.164,Model 1,train
Singapore,SGP,East Asia & Pacific,2003,2004,27608.08,24646.1101,24767.90784036643,24755.500588429422,25866.83908593847,25564.846,Model 1,train
Singapore,SGP,East Asia & Pacific,2004,2005,29961.3173,28615.3572,28758.27205999125,28743.417017215335,29548.13138620412,29475.54,Model 1,train
Singapore,SGP,East Asia & Pacific,2005,2006,33768.4528,31038.9714,31199.641245450253,31183.066064537572,32489.15996441437,31377.984,Model 1,train
Singapore,SGP,East Asia & Pacific,2006,2007,39432.886,34908.3264,35084.579346658815,35065.891496154756,38038.81637241171,36048.43,Model 1,train
Singapore,SGP,East Asia & Pacific,2007,2008,40008.572,40661.3667,40862.79358659683,40840.81067051314,41580.62233697545,44051.65,Model 1,train
Singapore,SGP,East Asia & Pacific,2008,2009,38926.8054,41274.2342,41484.73955669846,41462.275015600935,42194.31121598442,43807.363,Model 1,train
Singapore,SGP,East Asia & Pacific,2009,2010,47236.6831,40223.11,40440.862826148135,40418.53311597919,43551.77963477091,41012.867,Model 1,train
Singapore,SGP,East Asia & Pacific,2010,2011,53891.457,48650.37,48907.66445335295,48880.18021404907,51116.244275842066,50095.754,Model 1,train
Singapore,SGP,East Asia & Pacific,2011,2012,55547.5553,55379.7631,55667.22306793529,55635.65518678944,55262.45315802204,57180.492,Model 1,train
Singapore,SGP,East Asia & Pacific,2012,2013,56967.4258,57078.8132,57380.34538124848,57347.512629147226,55749.5037007139,57602.094,Model 1,train
Singapore,SGP,East Asia & Pacific,2013,2014,57564.8023,58541.8036,58857.55978787313,58823.50076693221,57215.00789950415,57322.723,Model 1,train
Singapore,SGP,East Asia & Pacific,2014,2015,55645.6069,59177.6561,59504.95126686243,59470.11488162672,57711.56552207346,56968.32,Model 1,train
Singapore,SGP,East Asia & Pacific,2015,2016,57005.5887,57278.155,57606.91655761485,57572.81863732183,56808.30282255648,56968.32,Model 1,train
Singapore,SGP,East Asia & Pacific,2016,2017,61236.2513,58662.3678,58999.947679294106,58964.92428142361,58465.144751991895,56060.938,Model 1,train
Singapore,SGP,East Asia & Pacific,2017,2018,66881.6067,62961.5158,63327.342248847264,63289.148722714155,62234.46380294425,61399.207,Model 1,train
Solomon Islands,SLB,East Asia & Pacific,1995,1996,1289.3304,1312.0572,1317.7159332471713,1317.146934860299,1274.5164544573554,1321.9755,Model 1,train
Solomon Islands,SLB,East Asia & Pacific,1996,1997,1292.2395,1384.8565,1390.6765531699352,1390.0809361499316,1282.5325408934511,1348.5243,Model 1,train
Solomon Islands,SLB,East Asia & Pacific,1997,1998,1091.891,1387.9508,1393.7546918441333,1393.163035789009,1216.7053993544023,1348.5243,Model 1,train
Solomon Islands,SLB,East Asia & Pacific,1998,1999,1133.6226,1177.1232,1182.415434712576,1181.91618440968,1161.3002924010273,1207.8782,Model 1,train
Solomon Islands,SLB,East Asia & Pacific,1999,2000,953.1719,1221.4487,1226.9174329648226,1226.399640835356,1109.7657681179371,1214.7244,Model 1,train
Solomon Islands,SLB,East Asia & Pacific,2000,2001,911.7919,1030.931,1035.8809287889776,1035.4455218053292,962.2063445552064,1052.2383,Model 1,train
Solomon Islands,SLB,East Asia & Pacific,2001,2002,756.8903,987.3344,992.2013603934448,991.7838013289436,911.2264150299694,996.6255,Model 1,train
Solomon Islands,SLB,East Asia & Pacific,2002,2003,895.9842,822.9398,827.2832918572467,826.9361525685398,813.8146533562035,852.4602,Model 1,train
Solomon Islands,SLB,East Asia & Pacific,2003,2004,986.071,971.0797,976.0072439140272,975.5944439662626,975.4401141447736,994.7767,Model 1,train
Solomon Islands,SLB,East Asia & Pacific,2004,2005,1144.4923,1066.9731,1072.3087470859982,1071.8516687205906,1104.7201883749851,1076.2611,Model 1,train
Solomon Islands,SLB,East Asia & Pacific,2005,2006,1255.6245,1235.062,1241.054469709902,1240.519992912372,1241.9120572394822,1288.0741,Model 1,train
Solomon Islands,SLB,East Asia & Pacific,2006,2007,1390.1487,1352.9616,1359.461067456029,1358.8696250053354,1307.3497390588154,1332.7092,Model 1,train
Solomon Islands,SLB,East Asia & Pacific,2007,2008,1525.8467,1494.2974,1501.0745718342307,1500.430811167749,1536.9996635025816,1536.8257,Model 1,train
Solomon Islands,SLB,East Asia & Pacific,2008,2009,1554.7067,1638.9435,1646.6489872177897,1645.9171003744607,1595.1671046083136,1649.7438,Model 1,train
Solomon Islands,SLB,East Asia & Pacific,2009,2010,1685.1454,1669.4994,1677.3287685640146,1676.5844419710256,1634.9514066995348,1702.7853,Model 1,train
Solomon Islands,SLB,East Asia & Pacific,2010,2011,1924.058,1807.6939,1816.2102876209024,1815.3938282746367,1910.3247991141377,1880.3975,Model 1,train
Solomon Islands,SLB,East Asia & Pacific,2011,2012,2066.2574,2059.0251,2068.411557741821,2067.4802081382695,2115.5858328908735,2226.449,Model 1,train
Solomon Islands,SLB,East Asia & Pacific,2012,2013,2161.3863,2208.5709,2218.490288012352,2217.492613422408,2145.6147754086164,2366.7349,Model 1,train
Solomon Islands,SLB,East Asia & Pacific,2013,2014,2164.9529,2308.2399,2318.4043862508956,2317.3712087769813,2157.357296468591,2417.5415,Model 1,train
Solomon Islands,SLB,East Asia & Pacific,2014,2015,2045.4772,2311.705,2321.7326706152057,2320.714157778237,2171.1544942663313,2434.0256,Model 1,train
Solomon Islands,SLB,East Asia & Pacific,2015,2016,2082.6238,2188.3586,2198.454066207976,2197.477845361546,2130.24658319112,2297.708,Model 1,train
Solomon Islands,SLB,East Asia & Pacific,2016,2017,2143.5767,2228.116,2238.500143736413,2237.504917572049,2165.4106464390784,2394.8936,Model 1,train
Solomon Islands,SLB,East Asia & Pacific,2017,2018,2278.1991,2292.6846,2303.398098215959,2302.37441696541,2254.4278912249797,2384.5708,Model 1,train
Sierra Leone,SLE,Sub-Saharan Africa ,2007,2008,705.359,658.3544,652.0865430893393,652.497046162777,652.5575154737951,654.075,Model 1,train
Sierra Leone,SLE,Sub-Saharan Africa ,2008,2009,652.8458,734.4099,727.5997303335944,728.042624753568,705.6014154661178,724.04816,Model 1,train
Sierra Leone,SLE,Sub-Saharan Africa ,2009,2010,685.0397,681.8128,675.8346192973942,676.2347622625254,666.7019047219272,650.2209,Model 1,train
Sierra Leone,SLE,Sub-Saharan Africa ,2010,2011,761.1464,715.7693,709.7118237729793,710.1193723933493,715.2058938920061,701.339,Model 1,train
Sierra Leone,SLE,Sub-Saharan Africa ,2011,2012,937.5044,794.8294,788.3034749449753,788.7399934431292,853.1471331864029,803.5108,Model 1,train
Sierra Leone,SLE,Sub-Saharan Africa ,2012,2013,1117.4718,976.1156,968.1234031811804,968.6419414555,1001.722205985328,983.95215,Model 1,train
Sierra Leone,SLE,Sub-Saharan Africa ,2013,2014,1117.7586,1161.7851,1152.6171267293923,1153.200418201639,1075.9619511150129,1134.3726,Model 1,train
Sierra Leone,SLE,Sub-Saharan Africa ,2014,2015,964.576,1162.6839,1153.6534420833807,1154.2324810863386,1036.9857227610603,1141.1144,Model 1,train
Sierra Leone,SLE,Sub-Saharan Africa ,2015,2016,844.4164,1009.2295,1002.3957038026032,1002.8624947569068,906.8198159965012,954.5003,Model 1,train
Sierra Leone,SLE,Sub-Saharan Africa ,2016,2017,779.186,889.0988,884.1310292918839,884.5008524226827,788.9375210638943,812.0288,Model 1,train
Sierra Leone,SLE,Sub-Saharan Africa ,2017,2018,845.9145,823.3927,819.3310242210214,819.6537295038098,812.7493926874354,803.7288,Model 1,train
El Salvador,SLV,Latin America & Caribbean ,1996,1997,1748.9211,1751.616,1750.6450694761097,1750.767239905813,1709.177234068379,1670.0184,Model 1,train
El Salvador,SLV,Latin America & Caribbean ,1997,1998,1859.7309,1856.4222,1856.180605746454,1856.2603069144973,1811.63680031638,1769.4635,Model 1,train
El Salvador,SLV,Latin America & Caribbean ,1998,1999,1908.0805,1973.4922,1973.5757228174343,1973.632582952396,1892.463105787774,1981.81,Model 1,train
El Salvador,SLV,Latin America & Caribbean ,1999,2000,1982.8709,2026.8248,2027.6846897417176,2027.6989614565011,2011.9604182522596,1985.1222,Model 1,train
El Salvador,SLV,Latin America & Caribbean ,2000,2001,2058.0446,2106.7775,2108.1420851516937,2108.1258170233486,2062.053342928779,2024.3254,Model 1,train
El Salvador,SLV,Latin America & Caribbean ,2001,2002,2115.4119,2186.3175,2187.9720661046463,2187.936028075118,2151.6398649287585,2184.1301,Model 1,train
El Salvador,SLV,Latin America & Caribbean ,2002,2003,2207.8309,2249.0546,2251.511225133743,2251.429651517711,2193.9644156343606,2228.3577,Model 1,train
El Salvador,SLV,Latin America & Caribbean ,2003,2004,2285.6891,2346.7661,2349.590804113708,2349.4831032012576,2330.380172677523,2283.487,Model 1,train
El Salvador,SLV,Latin America & Caribbean ,2004,2005,2447.3914,2430.7706,2434.3949633406587,2434.2392449528265,2383.883546946799,2369.6687,Model 1,train
El Salvador,SLV,Latin America & Caribbean ,2005,2006,2665.6181,2599.3458,2603.012471099965,2602.8402712499683,2760.460594407544,2542.7695,Model 1,train
El Salvador,SLV,Latin America & Caribbean ,2006,2007,2830.6569,2828.066,2832.2081293731794,2831.989995743182,2853.7119992448897,2671.521,Model 1,train
El Salvador,SLV,Latin America & Caribbean ,2007,2008,2983.2483,3000.9761,3005.507639157953,3005.252538197182,2792.453050764594,2814.965,Model 1,train
El Salvador,SLV,Latin America & Caribbean ,2008,2009,2910.1865,3161.7749,3166.9599552403683,3166.655185032405,3018.2987876439256,3023.5786,Model 1,train
El Salvador,SLV,Latin America & Caribbean ,2009,2010,3040.073,3087.5588,3093.1969800941856,3092.877455097615,3108.5806490475647,3052.022,Model 1,train
El Salvador,SLV,Latin America & Caribbean ,2010,2011,3330.6005,3226.778,3233.6462754970235,3233.249146844744,3204.1786042928456,3165.9465,Model 1,train
El Salvador,SLV,Latin America & Caribbean ,2011,2012,3497.9126,3530.9443,3538.615970802198,3538.1443221273557,3406.1718202553084,3437.4744,Model 1,train
El Salvador,SLV,Latin America & Caribbean ,2012,2013,3582.2669,3706.6269,3714.951303498578,3714.4264415157095,3747.4341983752865,3650.1453,Model 1,train
El Salvador,SLV,Latin America & Caribbean ,2013,2014,3666.0125,3792.3296,3800.177648228371,3799.668761109013,3744.7045285662425,3696.6995,Model 1,train
El Salvador,SLV,Latin America & Caribbean ,2014,2015,3790.3409,3878.3544,3886.003968134803,3885.4963973553263,3946.0193958030086,3887.194,Model 1,train
El Salvador,SLV,Latin America & Caribbean ,2015,2016,3901.3401,4005.2423,4012.387453013539,4011.8916273071736,4034.6918863118967,3969.4001,Model 1,train
El Salvador,SLV,Latin America & Caribbean ,2016,2017,4020.1267,4119.6321,4126.654286044279,4126.151432861796,4146.372204699641,3896.2424,Model 1,train
El Salvador,SLV,Latin America & Caribbean ,2017,2018,4183.5462,4243.4617,4250.769129839434,4250.236239038283,4190.614965045907,3934.4106,Model 1,train
Serbia,SRB,Europe & Central Asia,2004,2005,3807.9742,3820.0444,3830.758406792421,3830.173399997131,3852.079510047277,3926.9023,Model 1,train
Serbia,SRB,Europe & Central Asia,2005,2006,4492.7137,4040.7832,4052.1852461341578,4051.539987616704,4368.7997259746035,4234.4043,Model 1,train
Serbia,SRB,Europe & Central Asia,2006,2007,6081.0877,4757.6469,4771.642979917937,4770.7775943618435,5510.983607126452,4862.534,Model 1,train
Serbia,SRB,Europe & Central Asia,2007,2008,7376.7352,6403.6718,6420.5500865834565,6419.303483936502,6949.9851726090965,6619.236,Model 1,train
Serbia,SRB,Europe & Central Asia,2008,2009,6414.0448,7742.1452,7761.567375089782,7759.968152346763,7134.336336349387,7769.3296,Model 1,train
Serbia,SRB,Europe & Central Asia,2009,2010,5970.9266,6752.8132,6771.74752152863,6770.333949912127,6504.566851126862,6839.3643,Model 1,train
Serbia,SRB,Europe & Central Asia,2010,2011,7082.2862,6300.9713,6320.900986463714,6319.503129830001,6879.942347333456,6556.9478,Model 1,train
Serbia,SRB,Europe & Central Asia,2011,2012,6263.0409,7451.3381,7473.982888115441,7472.253139519227,6607.1901678545055,7518.5024,Model 1,train
Serbia,SRB,Europe & Central Asia,2012,2013,7040.4181,6610.9403,6633.71908127892,6632.116442273357,6825.302385136701,6912.162,Model 1,train
Serbia,SRB,Europe & Central Asia,2013,2014,6886.6781,7420.0335,7446.041621854406,7444.134492284889,6947.808783644415,7434.1484,Model 1,train
Serbia,SRB,Europe & Central Asia,2014,2015,5820.3216,7264.0295,7290.543370155761,7288.632557505368,6741.686604917745,7425.632,Model 1,train
Serbia,SRB,Europe & Central Asia,2015,2016,5982.3703,6159.8033,6183.766578683299,6182.162678165177,6065.859585296164,6346.623,Model 1,train
Serbia,SRB,Europe & Central Asia,2016,2017,6548.0365,6333.9625,6360.10571375187,6358.35789199429,6441.039981788658,6577.534,Model 1,train
Serbia,SRB,Europe & Central Asia,2017,2018,7559.8617,6917.5754,6944.478804155556,6942.593998818695,7339.73214684607,7255.2983,Model 1,train
South Sudan,SSD,Sub-Saharan Africa ,2012,2013,1650.1894,1164.375,1157.7952581297698,1158.3010857612403,1271.5235385851483,1125.2802,Model 1,train
South Sudan,SSD,Sub-Saharan Africa ,2013,2014,1242.7345,1718.1918,1707.3782096818622,1708.1248429674692,1414.942535982888,1619.7831,Model 1,train
South Sudan,SSD,Sub-Saharan Africa ,2014,2015,1080.1472,1261.9337,1243.756597498255,1244.8669787266722,1180.623334397497,1235.4496,Model 1,train
Sao Tome and Principe,STP,Sub-Saharan Africa ,1998,1999,542.6925,554.9733,556.6047562205475,556.3922678217475,542.5725385993388,533.7918,Model 1,train
Sao Tome and Principe,STP,Sub-Saharan Africa ,1999,2000,529.0894,586.0421,587.7810638057274,587.5535104148302,584.0575057321322,580.5902,Model 1,train
Sao Tome and Principe,STP,Sub-Saharan Africa ,2000,2001,518.8805,571.962,573.7643958997965,573.5387815498642,536.2460028828566,560.8997,Model 1,train
Sao Tome and Principe,STP,Sub-Saharan Africa ,2001,2002,568.1026,561.5365,563.4240819425039,563.1983288338681,548.0412833663407,543.7814,Model 1,train
Sao Tome and Principe,STP,Sub-Saharan Africa ,2002,2003,663.6962,614.1261,616.2200183706459,615.9678471906665,633.1328435175947,621.3149,Model 1,train
Sao Tome and Principe,STP,Sub-Saharan Africa ,2003,2004,726.5609,715.7261,718.1285116127636,717.8280416423032,675.6137618356152,679.94977,Model 1,train
Sao Tome and Principe,STP,Sub-Saharan Africa ,2004,2005,844.1692,782.7997,785.5046315336677,785.167275147696,661.5380516212839,735.0005,Model 1,train
Sao Tome and Principe,STP,Sub-Saharan Africa ,2005,2006,861.9707,906.3993,909.208361760648,908.8242572805596,889.495379530101,860.6895,Model 1,train
Sao Tome and Principe,STP,Sub-Saharan Africa ,2006,2007,878.8858,926.45,929.6457294402704,929.2365408749656,895.6203272722219,927.7822,Model 1,train
Sao Tome and Principe,STP,Sub-Saharan Africa ,2007,2008,1081.8685,944.8957,948.2868835505614,947.863226240853,998.010690652138,933.13074,Model 1,train
Sao Tome and Principe,STP,Sub-Saharan Africa ,2008,2009,1128.2805,1158.4436,1162.2720265025428,1161.7501759632014,1169.8116791961868,1146.1155,Model 1,train
Sao Tome and Principe,STP,Sub-Saharan Africa ,2009,2010,1045.2096,1207.7045,1211.7614539935423,1211.2120372346951,1115.579606230748,1159.3883,Model 1,train
Sao Tome and Principe,STP,Sub-Saharan Africa ,2010,2011,1219.8019,1121.0451,1125.0667270378776,1124.553828264995,1195.6764451677905,1073.8334,Model 1,train
Sao Tome and Principe,STP,Sub-Saharan Africa ,2011,2012,1192.0203,1304.929,1309.4825127605534,1308.876078794,1257.7856503922017,1242.7607,Model 1,train
Sao Tome and Principe,STP,Sub-Saharan Africa ,2012,2013,1382.5758,1276.9619,1281.7655570614625,1281.1592018666918,1298.139837677889,1272.0342,Model 1,train
Sao Tome and Principe,STP,Sub-Saharan Africa ,2013,2014,1489.6763,1478.0775,1483.682559471123,1482.9606926776585,1524.4868776448527,1471.6821,Model 1,train
Sao Tome and Principe,STP,Sub-Saharan Africa ,2014,2015,1298.1095,1592.2161,1598.624345903144,1597.8190871329352,1510.7271006732071,1594.3643,Model 1,train
Sao Tome and Principe,STP,Sub-Saharan Africa ,2015,2016,1434.8702,1393.1996,1399.5990670385,1398.8732417620718,1399.7878724196405,1345.8596,Model 1,train
Sao Tome and Principe,STP,Sub-Saharan Africa ,2016,2017,1555.7948,1538.7971,1546.1561656492877,1545.327318793344,1556.4794615035842,1568.9814,Model 1,train
Sao Tome and Principe,STP,Sub-Saharan Africa ,2017,2018,1825.5997,1667.7439,1676.0545361977029,1675.1286136952,1701.645657358255,1639.842,Model 1,train
Suriname,SUR,Latin America & Caribbean ,1995,1996,1962.885,1704.4711,1706.2372084848228,1705.7664691473403,1799.919834878885,1614.7242,Model 1,train
Suriname,SUR,Latin America & Caribbean ,1996,1997,2067.5981,2071.2875,2073.150657932144,2072.5594886767617,2055.3642917641328,2031.392,Model 1,train
Suriname,SUR,Latin America & Caribbean ,1997,1998,2428.5864,2181.0095,2183.1884338128607,2182.548566736039,2273.8215040684854,2159.919,Model 1,train
Suriname,SUR,Latin America & Caribbean ,1998,1999,1898.1802,2555.2619,2557.655392093617,2556.8809583524503,2299.3479532560823,2515.7412,Model 1,train
Suriname,SUR,Latin America & Caribbean ,1999,2000,1988.2217,2008.8631,2011.925722085295,2011.3054489659169,1970.0280701356244,1994.3376,Model 1,train
Suriname,SUR,Latin America & Caribbean ,2000,2001,1714.6485,2104.001,2107.535238297413,2106.863720528313,1904.1674308115664,2059.7788,Model 1,train
Suriname,SUR,Latin America & Caribbean ,2001,2002,2202.3407,1821.7838,1825.7338828633465,1825.1347932451945,1908.3172529711544,1747.2324,Model 1,train
Suriname,SUR,Latin America & Caribbean ,2002,2003,2516.104,2330.4545,2335.244806925272,2334.4423918400635,2485.6158131611896,2340.2517,Model 1,train
Suriname,SUR,Latin America & Caribbean ,2003,2004,2887.7722,2658.3788,2664.1298011045915,2663.171549094452,2714.581457456349,2700.4407,Model 1,train
Suriname,SUR,Latin America & Caribbean ,2004,2005,3453.4287,3046.7067,3053.790655815151,3052.6317361005104,3045.7853490748016,3068.3066,Model 1,train
Suriname,SUR,Latin America & Caribbean ,2005,2006,5002.658,3635.7008,3644.652642257842,3643.186349300011,4333.788784008805,3776.735,Model 1,train
Suriname,SUR,Latin America & Caribbean ,2006,2007,5530.1762,5234.9217,5246.974831675876,5244.731480364038,5561.868255149367,5491.6387,Model 1,train
Suriname,SUR,Latin America & Caribbean ,2007,2008,6576.0855,5784.2816,5799.220822276819,5796.609061229446,6744.861815399456,6019.289,Model 1,train
Suriname,SUR,Latin America & Caribbean ,2008,2009,7129.5769,6863.1644,6881.557922776032,6878.320520290182,6877.59108809097,7325.841,Model 1,train
Suriname,SUR,Latin America & Caribbean ,2009,2010,7943.6048,7436.4956,7457.648416518095,7454.028675349473,7511.010320880731,7616.9795,Model 1,train
Suriname,SUR,Latin America & Caribbean ,2010,2011,7949.8887,8273.1479,8296.851611898885,8292.741522505912,8404.598931798419,8316.06,Model 1,train
Suriname,SUR,Latin America & Caribbean ,2011,2012,8851.2405,8283.3206,8308.018279336424,8303.861379996899,8726.737693272034,8412.04,Model 1,train
Suriname,SUR,Latin America & Caribbean ,2012,2013,9043.1928,9205.0669,9231.671377719264,9227.014204287045,8879.286224992555,9529.445,Model 1,train
Suriname,SUR,Latin America & Caribbean ,2013,2014,9108.1891,9403.8856,9431.590348131753,9426.79678412508,9395.589375914124,9468.335,Model 1,train
Suriname,SUR,Latin America & Caribbean ,2014,2015,8813.6171,9474.9915,9504.086920404328,9499.19922662679,9366.865610050052,9888.57,Model 1,train
Suriname,SUR,Latin America & Caribbean ,2015,2016,5644.2061,9179.889,9209.91586214077,9205.121972664128,7790.963962972176,9306.087,Model 1,train
Suriname,SUR,Latin America & Caribbean ,2016,2017,6049.5213,5938.6654,5963.883824497603,5960.7319459762175,6073.1774438086695,6126.173,Model 1,train
Suriname,SUR,Latin America & Caribbean ,2017,2018,6665.7418,6360.1195,6387.511159219028,6384.08049922819,6422.359305278597,6578.381,Model 1,train
Slovak Republic,SVK,Europe & Central Asia,1993,1994,3820.9643,3347.0987,3358.142411594907,3357.4701103030493,3631.691127079903,3383.8167,Model 1,train
Slovak Republic,SVK,Europe & Central Asia,1994,1995,4882.5116,4051.1789,4062.857929065764,4062.060048574162,4437.345910293878,4147.1685,Model 1,train
Slovak Republic,SVK,Europe & Central Asia,1995,1996,5247.7008,5150.0874,5162.750298969472,5161.733557572764,5359.693773310576,5368.043,Model 1,train
Slovak Republic,SVK,Europe & Central Asia,1996,1997,5172.4176,5532.4721,5546.94079499438,5545.766952455371,5456.5593734411505,5697.4053,Model 1,train
Slovak Republic,SVK,Europe & Central Asia,1997,1998,5560.9162,5455.3865,5469.956421515077,5468.791477733003,5452.977441666202,5700.492,Model 1,train
Slovak Republic,SVK,Europe & Central Asia,1998,1999,5651.6233,5854.2179,5868.555683959112,5867.334620373995,5806.2169864018715,6027.475,Model 1,train
Slovak Republic,SVK,Europe & Central Asia,1999,2000,5421.6448,5952.818,5968.666498183177,5967.349912716905,5912.348870366962,6081.1714,Model 1,train
Slovak Republic,SVK,Europe & Central Asia,2000,2001,5712.478,5717.5422,5733.732729723579,5732.4388906104095,5700.155523619616,5767.4185,Model 1,train
Slovak Republic,SVK,Europe & Central Asia,2001,2002,6554.6281,6022.9613,6040.979254743907,6039.535163464523,6228.165862531596,6476.022,Model 1,train
Slovak Republic,SVK,Europe & Central Asia,2002,2003,8675.3963,6894.8045,6914.885526582923,6913.171769023853,7478.888106303227,7298.1294,Model 1,train
Slovak Republic,SVK,Europe & Central Asia,2003,2004,10650.129,9073.2766,9095.678744429466,9093.39539811887,9905.289163733334,9514.217,Model 1,train
Slovak Republic,SVK,Europe & Central Asia,2004,2005,11641.541,11101.3456,11127.834898668169,11124.875719184898,11090.74361298452,11446.966,Model 1,train
Slovak Republic,SVK,Europe & Central Asia,2005,2006,13167.8955,12111.0191,12137.763715224812,12134.547463581368,12815.922868545307,12436.529,Model 1,train
Slovak Republic,SVK,Europe & Central Asia,2006,2007,16110.4817,13674.3164,13704.64772289736,13700.851360842062,14978.428396232985,14188.423,Model 1,train
Slovak Republic,SVK,Europe & Central Asia,2007,2008,18744.3192,16661.0264,16692.681098786146,16688.019296296217,17884.687652449596,16768.297,Model 1,train
Slovak Republic,SVK,Europe & Central Asia,2008,2009,16586.7528,19348.1263,19386.80378672335,19381.01653992405,18613.31107492714,19598.125,Model 1,train
Slovak Republic,SVK,Europe & Central Asia,2009,2010,16899.4487,17172.637,17212.66764755217,17207.430909070987,17458.159940199166,17497.387,Model 1,train
Slovak Republic,SVK,Europe & Central Asia,2010,2011,18469.4354,17498.2774,17540.950100825015,17535.486193128956,18312.23425014571,18298.812,Model 1,train
Slovak Republic,SVK,Europe & Central Asia,2011,2012,17516.9691,19128.434,19183.42885642459,19176.860563731992,18636.306819236168,19266.611,Model 1,train
Slovak Republic,SVK,Europe & Central Asia,2012,2013,18312.7805,18168.3624,18223.96142892816,18217.63941016602,18203.084243185767,18951.44,Model 1,train
Slovak Republic,SVK,Europe & Central Asia,2013,2014,18770.929,18990.4127,19051.092672601902,19044.272683466013,18953.80884212536,19776.395,Model 1,train
Slovak Republic,SVK,Europe & Central Asia,2014,2015,16442.0761,19474.5919,19541.36230080194,19534.08635112493,18099.311188335658,20101.05,Model 1,train
Slovak Republic,SVK,Europe & Central Asia,2015,2016,16636.0769,17094.4978,17153.767650588463,17147.56045802627,17262.959415057125,17989.209,Model 1,train
Slovak Republic,SVK,Europe & Central Asia,2016,2017,17645.5299,17317.4105,17384.244149067974,17377.582170764366,17846.574196184472,17664.025,Model 1,train
Slovak Republic,SVK,Europe & Central Asia,2017,2018,19573.3717,18345.9568,18415.00784741108,18407.943761143568,19062.182850932724,19409.482,Model 1,train
Slovenia,SVN,Europe & Central Asia,1993,1994,8243.899,7620.9568,7649.988242302834,7646.889511916527,7812.311905186274,8076.9907,Model 1,train
Slovenia,SVN,Europe & Central Asia,1994,1995,10738.0888,8640.7286,8672.799749707041,8669.226096948334,9863.380503760076,9168.233,Model 1,train
Slovenia,SVN,Europe & Central Asia,1995,1996,10796.7399,11209.1796,11250.328637131714,11245.438758557397,10710.59738424497,11266.939,Model 1,train
Slovenia,SVN,Europe & Central Asia,1996,1997,10436.7261,11282.8998,11328.094057431792,11322.966812003928,10663.773816725155,11129.72,Model 1,train
Slovenia,SVN,Europe & Central Asia,1997,1998,11131.5667,10920.9173,10967.129588636995,10962.070163051754,11138.06619801537,10985.891,Model 1,train
Slovenia,SVN,Europe & Central Asia,1998,1999,11401.4907,11635.467,11684.34260968279,11678.89808768872,11333.756544461608,12366.573,Model 1,train
Slovenia,SVN,Europe & Central Asia,1999,2000,10135.7219,11917.6151,11968.864202866143,11963.199121356618,11399.479865358124,12306.724,Model 1,train
Slovenia,SVN,Europe & Central Asia,2000,2001,10375.6256,10630.5495,10681.140591584552,10675.951172836689,10877.639089469154,10608.979,Model 1,train
Slovenia,SVN,Europe & Central Asia,2001,2002,11639.1298,10886.0998,10940.06436753439,10934.614345560416,11269.28954903912,10709.892,Model 1,train
Slovenia,SVN,Europe & Central Asia,2002,2003,14711.6749,12190.3564,12250.620210179744,12244.395861376215,13900.390214958134,12245.81,Model 1,train
Slovenia,SVN,Europe & Central Asia,2003,2004,17103.8298,15366.3214,15445.52147370412,15437.167452401029,15890.643130777247,15433.411,Model 1,train
Slovenia,SVN,Europe & Central Asia,2004,2005,17969.7096,17824.8785,17916.73077643409,17906.789877026033,17764.08662133628,17995.47,Model 1,train
Slovenia,SVN,Europe & Central Asia,2005,2006,19563.0051,18726.7049,18826.891197304503,18816.169208150044,19273.998737411308,19059.064,Model 1,train
Slovenia,SVN,Europe & Central Asia,2006,2007,23725.1596,20375.0364,20487.833875803553,20475.811866524928,22296.93416068915,20401.188,Model 1,train
Slovenia,SVN,Europe & Central Asia,2007,2008,27461.9764,24640.5442,24777.23758337956,24762.25100797589,25768.45432757655,25811.934,Model 1,train
Slovenia,SVN,Europe & Central Asia,2008,2009,24501.7897,28450.1478,28605.299421196414,28587.75037938246,26223.07478447717,28607.824,Model 1,train
Slovenia,SVN,Europe & Central Asia,2009,2010,23329.8418,25455.2934,25602.004012058576,25586.182159999564,24268.115997738067,24964.611,Model 1,train
Slovenia,SVN,Europe & Central Asia,2010,2011,24940.6285,24288.6731,24437.934479682357,24422.470723960498,24510.937002096907,23988.596,Model 1,train
Slovenia,SVN,Europe & Central Asia,2011,2012,22442.1418,25964.7192,26131.23260553338,26114.17684345893,24562.747634841173,25567.918,Model 1,train
Slovenia,SVN,Europe & Central Asia,2012,2013,23236.9655,23423.0248,23579.578877491494,23564.09540252155,23685.18839808194,22628.213,Model 1,train
Slovenia,SVN,Europe & Central Asia,2013,2014,24013.0682,24246.8858,24410.84974451653,24394.64499784155,23549.07206525824,23862.895,Model 1,train
Slovenia,SVN,Europe & Central Asia,2014,2015,20697.2749,25085.9812,25267.303647629156,25249.845321522054,23250.31482582077,24847.56,Model 1,train
Slovenia,SVN,Europe & Central Asia,2015,2016,21447.8378,21672.0932,21829.342838302186,21814.533493502477,22052.659483036117,21417.016,Model 1,train
Slovenia,SVN,Europe & Central Asia,2016,2017,23303.0777,22463.4557,22631.325794576944,22615.644043199492,22600.510022364328,22475.105,Model 1,train
Slovenia,SVN,Europe & Central Asia,2017,2018,25888.0481,24356.2929,24532.620424310975,24515.72932678012,24376.76404818231,23685.436,Model 1,train
Sweden,SWE,Europe & Central Asia,1991,1992,32753.4287,32656.9122,32740.91757657061,32730.11957825327,32288.500380775367,31258.814,Model 1,train
Sweden,SWE,Europe & Central Asia,1992,1993,24389.8738,33666.7272,33759.100199489294,33747.589684293,30815.39106858263,34481.668,Model 1,train
Sweden,SWE,Europe & Central Asia,1993,1994,26045.5197,25225.7412,25307.62035072124,25299.04300692495,26275.630533315936,25391.893,Model 1,train
Sweden,SWE,Europe & Central Asia,1994,1995,30254.0273,26940.2229,27035.4846094798,27025.76691613746,29471.30622000339,27632.385,Model 1,train
Sweden,SWE,Europe & Central Asia,1995,1996,33022.2445,31203.8098,31308.447223822423,31297.06926037507,32517.84349193505,31902.04,Model 1,train
Sweden,SWE,Europe & Central Asia,1996,1997,30324.1846,34015.7926,34130.15274228214,34117.46002244582,32659.281178569476,34932.207,Model 1,train
Sweden,SWE,Europe & Central Asia,1997,1998,30605.3669,31309.441,31424.024850533904,31412.10415387035,31209.915114771884,32424.455,Model 1,train
Sweden,SWE,Europe & Central Asia,1998,1999,30968.8711,31604.6407,31722.8801407675,31710.686033191218,31097.531080102945,32600.447,Model 1,train
Sweden,SWE,Europe & Central Asia,1999,2000,29632.5891,31980.207,32101.46274638552,32089.006084240937,31018.10348881135,32480.225,Model 1,train
Sweden,SWE,Europe & Central Asia,2000,2001,27259.3174,30643.0505,30765.564817710736,30753.428092430484,29823.051108377007,30924.262,Model 1,train
Sweden,SWE,Europe & Central Asia,2001,2002,29957.7777,28247.4958,28367.00203985936,28355.69779060654,29334.127065383884,29003.79,Model 1,train
Sweden,SWE,Europe & Central Asia,2002,2003,37292.242,30987.3776,31114.787363596464,31102.31620728754,33197.43088975136,31267.012,Model 1,train
Sweden,SWE,Europe & Central Asia,2003,2004,42758.0049,38423.9289,38574.91935807905,38559.04767123765,41085.358321841115,39119.676,Model 1,train
Sweden,SWE,Europe & Central Asia,2004,2005,43378.4077,43974.8608,44150.01194440956,44131.17665471392,44887.91116425841,45167.84,Model 1,train
Sweden,SWE,Europe & Central Asia,2005,2006,46531.3762,44604.7417,44782.63864554903,44763.47897745479,46315.16577873788,45167.84,Model 1,train
Sweden,SWE,Europe & Central Asia,2006,2007,53568.3058,47801.1175,47992.714779594,47971.844500657266,50407.50378456757,46967.3,Model 1,train
Sweden,SWE,Europe & Central Asia,2007,2008,55817.176,54890.7539,55103.651432005965,55079.376037106886,53454.68552229388,54576.89,Model 1,train
Sweden,SWE,Europe & Central Asia,2008,2009,46707.6425,57174.0185,57399.28833642697,57373.64275810958,52361.98958570497,54467.594,Model 1,train
Sweden,SWE,Europe & Central Asia,2009,2010,52542.5759,48047.1374,48257.76815467479,48235.93977059201,50052.8203771913,48427.25,Model 1,train
Sweden,SWE,Europe & Central Asia,2010,2011,60379.4815,53931.3337,54160.773518171154,54136.09033528194,56395.95501794818,51403.46,Model 1,train
Sweden,SWE,Europe & Central Asia,2011,2012,57749.5615,61850.9058,62114.65659878136,62085.5562214061,58855.2593232539,59639.18,Model 1,train
Sweden,SWE,Europe & Central Asia,2012,2013,60843.9889,59196.2188,59448.3052634464,59420.764394157726,58620.65744409329,54748.71,Model 1,train
Sweden,SWE,Europe & Central Asia,2013,2014,59583.4584,62338.671,62609.01076409785,62579.499636576715,59299.9843359499,59372.97,Model 1,train
Sweden,SWE,Europe & Central Asia,2014,2015,51188.1652,61116.7567,61395.495793177986,61366.02374317256,55323.04784384624,58964.83,Model 1,train
Sweden,SWE,Europe & Central Asia,2015,2016,51703.5088,52662.2297,52912.62225010527,52887.49769627888,50368.16507983684,52008.098,Model 1,train
Sweden,SWE,Europe & Central Asia,2016,2017,53210.2233,53193.6739,53448.606620063285,53423.14071744881,52718.1717703054,52056.926,Model 1,train
Sweden,SWE,Europe & Central Asia,2017,2018,54018.4554,54724.0067,54986.65371284956,54960.362815123946,52806.90892621626,52150.492,Model 1,train
Eswatini,SWZ,Sub-Saharan Africa ,1995,1996,1619.1912,1813.6878,1803.901526409363,1804.146532885275,1699.863858374977,1872.6208,Model 1,train
Eswatini,SWZ,Sub-Saharan Africa ,1996,1997,1705.3987,1672.7434,1661.856655481781,1662.19502364528,1560.4131613287109,1638.6328,Model 1,train
Eswatini,SWZ,Sub-Saharan Africa ,1997,1998,1546.5152,1753.0404,1739.5539999454998,1740.0111529589049,1623.2437315372197,1762.6567,Model 1,train
Eswatini,SWZ,Sub-Saharan Africa ,1998,1999,1501.6643,1586.5515,1572.810051856883,1573.3200363203186,1586.7414773616492,1752.8787,Model 1,train
Eswatini,SWZ,Sub-Saharan Africa ,1999,2000,1629.6704,1536.7233,1522.1560409935971,1522.721140511934,1606.8923985806985,1640.5459,Model 1,train
Eswatini,SWZ,Sub-Saharan Africa ,2000,2001,1429.8563,1660.105,1642.8095783683598,1643.4899956751915,1491.6476300955264,1592.8727,Model 1,train
Eswatini,SWZ,Sub-Saharan Africa ,2001,2002,1315.7363,1455.8936,1439.7457585946847,1440.4122365432293,1487.946214660724,1521.3429,Model 1,train
Eswatini,SWZ,Sub-Saharan Africa ,2002,2003,2015.2174,1338.818,1323.258694633442,1323.919711830721,1636.2978507203882,1441.7233,Model 1,train
Eswatini,SWZ,Sub-Saharan Africa ,2003,2004,2525.564,2028.9734,2003.0021102635424,2004.0489930092635,2235.4673255535754,2190.601,Model 1,train
Eswatini,SWZ,Sub-Saharan Africa ,2004,2005,2871.0688,2526.5452,2492.0609674582984,2493.4242995050527,2953.8667097880584,2853.812,Model 1,train
Eswatini,SWZ,Sub-Saharan Africa ,2005,2006,2964.9587,2864.9707,2825.3748883278886,2826.913951043594,2983.0667689100087,3164.0903,Model 1,train
Eswatini,SWZ,Sub-Saharan Africa ,2006,2007,3109.111,2961.0472,2921.161213968972,2922.6909109111452,3083.6021242442266,3257.6902,Model 1,train
Eswatini,SWZ,Sub-Saharan Africa ,2007,2008,2946.8607,3106.4733,3065.6235312702997,3067.1650445395394,3018.1046621606006,2685.3389,Model 1,train
Eswatini,SWZ,Sub-Saharan Africa ,2008,2009,3189.7968,2952.5542,2915.327476219104,2916.726474619999,3227.0803258462615,2747.0293,Model 1,train
Eswatini,SWZ,Sub-Saharan Africa ,2009,2010,3922.7404,3198.9887,3160.5173847648957,3161.915326968784,3417.600558899087,3178.5317,Model 1,train
Eswatini,SWZ,Sub-Saharan Africa ,2010,2011,4225.0605,3930.9017,3886.085986104313,3887.603481611121,3396.280985000141,3416.9746,Model 1,train
Eswatini,SWZ,Sub-Saharan Africa ,2011,2012,4224.5479,4234.8525,4188.1235104273765,4189.651111512497,4029.84724976455,3585.2542,Model 1,train
Eswatini,SWZ,Sub-Saharan Africa ,2012,2013,3949.9431,4251.4518,4209.265899025926,4210.556515564104,4117.9649945208575,3721.311,Model 1,train
Eswatini,SWZ,Sub-Saharan Africa ,2013,2014,3771.0723,3994.1224,3958.6498536607182,3959.67329624816,3831.874926374783,3876.4028,Model 1,train
Eswatini,SWZ,Sub-Saharan Africa ,2014,2015,3419.8228,3829.7183,3799.533949506449,3800.3348237145296,3864.476818470403,4024.0767,Model 1,train
Eswatini,SWZ,Sub-Saharan Africa ,2015,2016,3238.1761,3492.2759,3468.689982802112,3469.249021778196,3519.205332062195,3767.3892,Model 1,train
Eswatini,SWZ,Sub-Saharan Africa ,2016,2017,3853.0996,3320.8602,3301.588609798425,3301.974588332654,3714.804459227684,3515.4897,Model 1,train
Eswatini,SWZ,Sub-Saharan Africa ,2017,2018,3972.6545,3950.2976,3929.861958063283,3930.1304294013103,4432.196057989506,3516.5796,Model 1,train
Syrian Arab Republic,SYR,"Middle East, North Africa, Afghanistan & Pakistan",1991,1992,990.1383,1082.4656,1084.9844056686488,1085.0368050974323,969.9062641256932,1057.061,Model 1,train
Syrian Arab Republic,SYR,"Middle East, North Africa, Afghanistan & Pakistan",1992,1993,992.7714,1072.3125,1074.9048814087098,1074.956084860412,954.1722952149548,1055.8032,Model 1,train
Syrian Arab Republic,SYR,"Middle East, North Africa, Afghanistan & Pakistan",1993,1994,712.3877,1075.2259,1077.8269457586437,1077.8812474195192,922.9259156966916,1054.565,Model 1,train
Syrian Arab Republic,SYR,"Middle East, North Africa, Afghanistan & Pakistan",1994,1995,779.6991,776.7686,779.0193859803046,779.0657459295616,797.26832271236,770.9404,Model 1,train
Syrian Arab Republic,SYR,"Middle East, North Africa, Afghanistan & Pakistan",1995,1996,918.1959,848.3697,850.6246733415226,850.681177100888,866.4225043534295,859.03265,Model 1,train
Syrian Arab Republic,SYR,"Middle East, North Africa, Afghanistan & Pakistan",1996,1997,940.8266,995.5437,997.8606464971248,997.9316071536784,968.8454655010715,995.9542,Model 1,train
Syrian Arab Republic,SYR,"Middle East, North Africa, Afghanistan & Pakistan",1997,1998,960.8375,1019.5326,1021.8324702464884,1021.9093445703346,983.0965577481492,1039.4395,Model 1,train
Syrian Arab Republic,SYR,"Middle East, North Africa, Afghanistan & Pakistan",1998,1999,978.1745,1040.9247,1043.2592198131667,1043.3390988861245,972.6752938756912,1038.2026,Model 1,train
Syrian Arab Republic,SYR,"Middle East, North Africa, Afghanistan & Pakistan",1999,2000,1138.1885,1059.9715,1062.4792124224955,1062.554724896424,1063.7769766176912,1094.7957,Model 1,train
Syrian Arab Republic,SYR,"Middle East, North Africa, Afghanistan & Pakistan",2000,2001,1186.8291,1230.5324,1233.4017274197,1233.4772176964727,1260.792701212078,1261.584,Model 1,train
Syrian Arab Republic,SYR,"Middle East, North Africa, Afghanistan & Pakistan",2001,2002,1183.2473,1283.3422,1286.5945862756196,1286.65793524801,1232.6500206639964,1364.173,Model 1,train
Syrian Arab Republic,SYR,"Middle East, North Africa, Afghanistan & Pakistan",2002,2003,1220.1791,1280.8904,1284.4929683723624,1284.5411188446906,1259.8654523510556,1316.858,Model 1,train
Syrian Arab Republic,SYR,"Middle East, North Africa, Afghanistan & Pakistan",2003,2004,1368.1148,1321.4216,1325.4358020242837,1325.4693398066956,1371.981284540729,1314.4227,Model 1,train
Syrian Arab Republic,SYR,"Middle East, North Africa, Afghanistan & Pakistan",2004,2005,1533.9017,1479.1988,1483.6858530921031,1483.7115774160593,1550.9886266138114,1520.7156,Model 1,train
Syrian Arab Republic,SYR,"Middle East, North Africa, Afghanistan & Pakistan",2005,2006,1718.7835,1655.7102,1660.7200560497365,1660.7360772041084,1726.250422361995,1740.79,Model 1,train
Syrian Arab Republic,SYR,"Middle East, North Africa, Afghanistan & Pakistan",2006,2007,1937.6114,1851.912,1857.3857109653936,1857.398726505705,1954.1950119641103,1923.0503,Model 1,train
Syrian Arab Republic,SYR,"Middle East, North Africa, Afghanistan & Pakistan",2007,2008,2429.1248,2083.4478,2089.350200829501,2089.3678553140253,2272.1769203056474,2213.2073,Model 1,train
Syrian Arab Republic,SYR,"Middle East, North Africa, Afghanistan & Pakistan",2008,2009,2462.2019,2600.4204,2606.9345503904788,2606.9553537754955,2581.2050193082932,2772.2139,Model 1,train
Syrian Arab Republic,SYR,"Middle East, North Africa, Afghanistan & Pakistan",2009,2010,2730.6148,2635.854,2642.5773205709584,2642.5929711018025,2707.3495631037213,2825.7415,Model 1,train
Syrian Arab Republic,SYR,"Middle East, North Africa, Afghanistan & Pakistan",2010,2011,2952.1435,2917.2133,2924.1810758786737,2924.201561069725,2985.9583411874873,3032.7534,Model 1,train
Syrian Arab Republic,SYR,"Middle East, North Africa, Afghanistan & Pakistan",2011,2012,1897.6612,3138.9109,3143.1967078572707,3143.36900363597,2694.813851781838,3225.2688,Model 1,train
Syrian Arab Republic,SYR,"Middle East, North Africa, Afghanistan & Pakistan",2012,2013,985.8927,2006.2985,2002.1715791439333,2002.7211166745844,1576.889161949881,1915.2279,Model 1,train
Syrian Arab Republic,SYR,"Middle East, North Africa, Afghanistan & Pakistan",2013,2014,1060.5911,1053.7991,1052.027208169075,1052.3544956493388,1027.012412328768,1047.9736,Model 1,train
Syrian Arab Republic,SYR,"Middle East, North Africa, Afghanistan & Pakistan",2014,2015,847.7316,1133.0213,1131.3505011250131,1131.674831311535,1017.2442614078124,1121.9241,Model 1,train
Syrian Arab Republic,SYR,"Middle East, North Africa, Afghanistan & Pakistan",2015,2016,656.3491,904.9368,902.6006565590022,902.926708333398,804.7571745268963,901.83356,Model 1,train
Syrian Arab Republic,SYR,"Middle East, North Africa, Afghanistan & Pakistan",2016,2017,851.502,707.657,707.0544995309202,707.2619692947058,742.9056340868818,702.271,Model 1,train
Syrian Arab Republic,SYR,"Middle East, North Africa, Afghanistan & Pakistan",2017,2018,1098.0669,914.1963,913.327417767878,913.5780385936488,971.3756706322638,924.13257,Model 1,train
Chad,TCD,Sub-Saharan Africa ,1997,1998,219.7795,213.5216,211.46531868744987,211.62852066492343,218.0540444240684,212.80452,Model 1,train
Chad,TCD,Sub-Saharan Africa ,1998,1999,186.6385,232.6176,230.34157843451524,230.5201448900989,213.59386922512297,232.57828,Model 1,train
Chad,TCD,Sub-Saharan Africa ,1999,2000,163.1217,198.2573,196.3768603872769,196.52969912402935,183.3718223280721,189.49965,Model 1,train
Chad,TCD,Sub-Saharan Africa ,2000,2001,194.323,173.7478,172.12903234345816,172.2642484323065,177.72588100575237,174.12863,Model 1,train
Chad,TCD,Sub-Saharan Africa ,2001,2002,219.0614,206.4134,204.4762753782844,204.6349895821392,223.72849251423767,202.68385,Model 1,train
Chad,TCD,Sub-Saharan Africa ,2002,2003,289.0876,232.1367,229.91263110890068,230.09170370361335,258.4878652426242,236.48622,Model 1,train
Chad,TCD,Sub-Saharan Africa ,2003,2004,445.8508,304.7682,301.7514693293699,301.9849428165696,336.45531610105127,299.7119,Model 1,train
Chad,TCD,Sub-Saharan Africa ,2004,2005,838.0921,465.9268,460.9967520095892,461.3534437085896,578.5202031924628,471.2977,Model 1,train
Chad,TCD,Sub-Saharan Africa ,2005,2006,906.8973,864.8623,854.9136782272172,855.5697930177593,866.9417709643183,881.10565,Model 1,train
Chad,TCD,Sub-Saharan Africa ,2006,2007,980.4835,934.0385,923.0645812227424,923.7815592857288,944.8380114465756,956.6943,Model 1,train
Chad,TCD,Sub-Saharan Africa ,2007,2008,1166.3688,1009.2931,997.5822212971748,998.3455960604994,1057.137542956758,1036.166,Model 1,train
Chad,TCD,Sub-Saharan Africa ,2008,2009,1035.6372,1197.1553,1183.122468468009,1184.0202362608625,1140.9781029577928,1254.4222,Model 1,train
Chad,TCD,Sub-Saharan Africa ,2009,2010,1141.8007,1066.3534,1054.2365201652588,1055.032057583503,1152.595475156554,1112.4467,Model 1,train
Chad,TCD,Sub-Saharan Africa ,2010,2011,1308.1422,1174.0448,1160.6937052989178,1161.5636098546709,1229.07648213896,1311.3883,Model 1,train
Chad,TCD,Sub-Saharan Africa ,2011,2012,1354.3434,1342.2998,1326.97771580944,1327.9631260523597,1234.5825064216842,1402.878,Model 1,train
Chad,TCD,Sub-Saharan Africa ,2012,2013,1304.8874,1389.7864,1374.1017836369017,1375.1132595884912,1363.3075981612494,1342.9178,Model 1,train
Chad,TCD,Sub-Saharan Africa ,2013,2014,1278.7898,1340.9163,1326.0581798897638,1327.029359928399,1238.5909214834458,1323.8275,Model 1,train
Chad,TCD,Sub-Saharan Africa ,2014,2015,993.9907,1314.8557,1300.3471805179115,1301.3035382188011,1121.4351537763034,1308.5942,Model 1,train
Chad,TCD,Sub-Saharan Africa ,2015,2016,861.8318,1027.7201,1016.8667979264202,1017.6165047735578,972.7992621243972,1030.8003,Model 1,train
Chad,TCD,Sub-Saharan Africa ,2016,2017,854.4612,894.2618,885.1521183569042,885.8019004021808,892.890387803652,946.34863,Model 1,train
Chad,TCD,Sub-Saharan Africa ,2017,2018,948.6566,887.3109,878.4090709091387,879.0504049733838,936.0962672778728,885.8243,Model 1,train
Togo,TGO,Sub-Saharan Africa ,1991,1992,564.7173,580.7446,577.2563877036995,577.5008229837383,557.2062104272447,569.7204,Model 1,train
Togo,TGO,Sub-Saharan Africa ,1992,1993,414.014,595.8793,592.1813785082481,592.4385613651798,506.4839136905636,567.74554,Model 1,train
Togo,TGO,Sub-Saharan Africa ,1993,1994,328.601,439.4165,436.840353246623,437.0346098611338,388.594113549161,434.69415,Model 1,train
Togo,TGO,Sub-Saharan Africa ,1994,1995,419.2203,350.2953,348.33274393435454,348.49054745917454,367.6802797955677,344.96005,Model 1,train
Togo,TGO,Sub-Saharan Africa ,1995,1996,452.0684,444.6206,441.92981475890144,442.1323385529759,447.59264179786334,437.04645,Model 1,train
Togo,TGO,Sub-Saharan Africa ,1996,1997,448.0011,478.8339,475.89689895901057,476.11547856482395,451.48129817572527,471.11343,Model 1,train
Togo,TGO,Sub-Saharan Africa ,1997,1998,461.1582,474.6219,471.7069903364287,471.9257580332665,459.52963990688846,470.23657,Model 1,train
Togo,TGO,Sub-Saharan Africa ,1998,1999,445.2915,488.3803,485.37749627355225,485.6028673766842,447.23650113873856,469.19485,Model 1,train
Togo,TGO,Sub-Saharan Africa ,1999,2000,409.8898,472.3018,469.51995227138264,469.7344729729374,459.6923648504897,477.72122,Model 1,train
Togo,TGO,Sub-Saharan Africa ,2000,2001,396.6927,435.7569,433.31037928732,433.5066583752461,428.8816980467874,433.574,Model 1,train
Togo,TGO,Sub-Saharan Africa ,2001,2002,445.2387,422.1663,419.85170693554034,420.0413935214286,427.9952668583024,428.43793,Model 1,train
Togo,TGO,Sub-Saharan Africa ,2002,2003,538.1654,473.0181,470.41505981192887,470.6242291336686,498.0349549751899,484.54132,Model 1,train
Togo,TGO,Sub-Saharan Africa ,2003,2004,560.2663,569.8692,566.6479602948032,566.8957823607228,550.7225626725434,566.84235,Model 1,train
Togo,TGO,Sub-Saharan Africa ,2004,2005,551.2599,593.1839,589.8922841932604,590.1463809829122,579.4971358844765,574.5037,Model 1,train
Togo,TGO,Sub-Saharan Africa ,2005,2006,552.5023,584.2767,581.1575842833967,581.4038881180553,578.4117252905675,582.71387,Model 1,train
Togo,TGO,Sub-Saharan Africa ,2006,2007,607.5879,585.8626,582.8014839372612,583.0465499258646,600.9978101007433,584.1678,Model 1,train
Togo,TGO,Sub-Saharan Africa ,2007,2008,718.9484,643.3643,639.987071804735,640.2532074209677,670.7678666729892,624.4972,Model 1,train
Togo,TGO,Sub-Saharan Africa ,2008,2009,720.6938,759.1183,755.0429080352594,755.3519375324065,723.2018351754505,722.42694,Model 1,train
Togo,TGO,Sub-Saharan Africa ,2009,2010,704.9868,761.4005,757.4245751279318,757.7307558843211,716.7243172188316,715.93976,Model 1,train
Togo,TGO,Sub-Saharan Africa ,2010,2011,783.9889,745.6557,741.9132838501318,742.2088726221068,729.6228102617066,699.6709,Model 1,train
Togo,TGO,Sub-Saharan Africa ,2011,2012,762.3916,828.1497,824.04238328602,824.3621950247029,794.3544869864149,801.53046,Model 1,train
Togo,TGO,Sub-Saharan Africa ,2012,2013,826.5428,806.4081,802.5960885155572,802.9020279798783,787.2016105214448,783.9298,Model 1,train
Togo,TGO,Sub-Saharan Africa ,2013,2014,855.5848,873.6398,869.6100889163055,869.9320418717328,835.6846053162545,826.5776,Model 1,train
Togo,TGO,Sub-Saharan Africa ,2014,2015,751.052,904.5865,900.5937313574237,900.9171789528136,846.1282532463034,875.68945,Model 1,train
Togo,TGO,Sub-Saharan Africa ,2015,2016,772.5814,797.0433,793.9084415336362,794.185269237902,777.7767009163773,784.9933,Model 1,train
Togo,TGO,Sub-Saharan Africa ,2016,2017,792.7657,820.2794,817.2401591209821,817.5152821743214,819.230231053249,796.82684,Model 1,train
Togo,TGO,Sub-Saharan Africa ,2017,2018,851.1206,842.1865,839.2712538233682,839.5431813272223,815.4401311321222,806.11884,Model 1,train
Thailand,THA,East Asia & Pacific,1991,1992,1971.6088,1880.1231,1878.0302388043392,1878.6365838327831,1895.2626394371669,1870.4523,Model 1,train
Thailand,THA,East Asia & Pacific,1992,1993,2245.1369,2095.7912,2093.365256579119,2094.027745650195,2128.2081680893457,2079.7466,Model 1,train
Thailand,THA,East Asia & Pacific,1993,1994,2517.7073,2381.3784,2378.434436973785,2379.1717509179553,2550.788324796455,2358.8123,Model 1,train
Thailand,THA,East Asia & Pacific,1994,1995,2864.3652,2664.7546,2661.095913351492,2661.915337452639,2741.8737173334557,2612.631,Model 1,train
Thailand,THA,East Asia & Pacific,1995,1996,3054.6569,3024.2779,3019.6514599442457,3020.5739900096733,2985.9673641022896,2884.1326,Model 1,train
Thailand,THA,East Asia & Pacific,1996,1997,2473.141,3222.3021,3217.3892869624597,3218.3565143846336,2690.2317511753076,3043.5405,Model 1,train
Thailand,THA,East Asia & Pacific,1997,1998,1847.7038,2622.848,2620.432168048271,2621.192568500239,2344.7827763916475,2539.4084,Model 1,train
Thailand,THA,East Asia & Pacific,1998,1999,2033.2449,1972.9136,1972.430302379988,1972.9894122195435,1960.7438593440856,1914.7056,Model 1,train
Thailand,THA,East Asia & Pacific,1999,2000,2005.9769,2168.1812,2167.694772147399,2168.2902449885005,2126.834619571277,2131.2988,Model 1,train
Thailand,THA,East Asia & Pacific,2000,2001,1889.9343,2140.8366,2140.700445249324,2141.2756962108274,2038.7400111328077,2049.2134,Model 1,train
Thailand,THA,East Asia & Pacific,2001,2002,2089.7518,2020.9799,2021.4492853629256,2021.9746180253524,2066.166326215092,2075.155,Model 1,train
Thailand,THA,East Asia & Pacific,2002,2003,2347.54,2231.398,2231.9219260014947,2232.4828510901916,2321.101320967089,2314.3958,Model 1,train
Thailand,THA,East Asia & Pacific,2003,2004,2641.5627,2502.6303,2503.283883234314,2503.8846816533273,2632.6567703980686,2673.625,Model 1,train
Thailand,THA,East Asia & Pacific,2004,2005,2867.7038,2809.2155,2809.390260696127,2810.065248235973,2945.15332342024,2957.6487,Model 1,train
Thailand,THA,East Asia & Pacific,2005,2006,3331.3204,3050.4267,3051.8386900345126,3052.4872830911368,3334.5777404899654,3244.2224,Model 1,train
Thailand,THA,East Asia & Pacific,2006,2007,3918.5282,3536.5019,3538.3412127007723,3539.035989097172,3833.3574553942617,3700.449,Model 1,train
Thailand,THA,East Asia & Pacific,2007,2008,4309.1351,4150.4095,4152.699818535784,4153.448633256474,4376.976420181647,4211.69,Model 1,train
Thailand,THA,East Asia & Pacific,2008,2009,4135.4399,4560.0896,4563.25056380045,4564.002720335295,4427.906309082692,4697.18,Model 1,train
Thailand,THA,East Asia & Pacific,2009,2010,4973.8629,4384.7109,4389.334630209805,4389.9955555917695,4670.303045201335,4610.31,Model 1,train
Thailand,THA,East Asia & Pacific,2010,2011,5373.6233,5258.0588,5263.252966242509,5263.976447816577,5440.104260182354,5430.6,Model 1,train
Thailand,THA,East Asia & Pacific,2011,2012,5725.528,5675.6054,5681.595589888546,5682.319032859647,5656.737601930983,5737.536,Model 1,train
Thailand,THA,East Asia & Pacific,2012,2013,6018.0824,6043.5966,6050.508269621071,6051.2187408370055,5900.564830765181,6333.853,Model 1,train
Thailand,THA,East Asia & Pacific,2013,2014,5801.1979,6351.5732,6359.892429804437,6360.558244187368,5974.131380283162,6394.3877,Model 1,train
Thailand,THA,East Asia & Pacific,2014,2015,5688.8534,6132.0,6141.681798511396,6142.262983062504,5857.2649533914855,6318.529,Model 1,train
Thailand,THA,East Asia & Pacific,2015,2016,5833.5772,6019.7856,6030.608501855638,6031.124179690303,5913.269551815937,6187.678,Model 1,train
Thailand,THA,East Asia & Pacific,2016,2017,6413.0918,6172.7993,6184.484309834455,6184.970785338708,6204.677574119805,6491.363,Model 1,train
Thailand,THA,East Asia & Pacific,2017,2018,7099.7765,6776.4167,6789.2092710914585,6789.6878927668995,7083.379611723357,6933.262,Model 1,train
Tajikistan,TJK,Europe & Central Asia,2001,2002,186.9516,186.8868,187.26993299611348,187.29941002002025,181.4103705574851,197.83864,Model 1,train
Tajikistan,TJK,Europe & Central Asia,2002,2003,233.5812,207.0452,207.52999853012133,207.55792332478393,225.29905258394,221.63174,Model 1,train
Tajikistan,TJK,Europe & Central Asia,2003,2004,305.7452,258.1119,258.79099965341373,258.8170338728695,294.7144002098093,291.1361,Model 1,train
Tajikistan,TJK,Europe & Central Asia,2004,2005,333.9272,336.5799,337.4812071657771,337.5065041467657,334.60162309600406,343.674,Model 1,train
Tajikistan,TJK,Europe & Central Asia,2005,2006,401.0184,366.8623,367.7657166525717,367.79510501419094,385.4726793419906,367.57016,Model 1,train
Tajikistan,TJK,Europe & Central Asia,2006,2007,516.9972,439.4031,440.486800144964,440.5152197157227,462.9599032900069,437.27908,Model 1,train
Tajikistan,TJK,Europe & Central Asia,2007,2008,703.3274,564.0796,565.3868604688716,565.4153825044588,607.0007204142945,554.90247,Model 1,train
Tajikistan,TJK,Europe & Central Asia,2008,2009,664.7957,763.4855,765.1337825951229,765.1582130390939,726.4250267874187,757.8244,Model 1,train
Tajikistan,TJK,Europe & Central Asia,2009,2010,737.3389,723.0402,724.8065617094541,724.824309639239,708.3304118823004,698.45123,Model 1,train
Tajikistan,TJK,Europe & Central Asia,2010,2011,833.602,800.446,802.3144937180432,802.3326510334261,814.7933068684838,772.7733,Model 1,train
Tajikistan,TJK,Europe & Central Asia,2011,2012,952.4528,903.3604,905.4697354482828,905.4818537520548,922.5430699818238,910.2426,Model 1,train
Tajikistan,TJK,Europe & Central Asia,2012,2013,1028.197,1030.3811,1032.8415653319023,1032.84216956593,1022.5236127095192,1064.1068,Model 1,train
Tajikistan,TJK,Europe & Central Asia,2013,2014,1081.544,1111.7477,1114.5727219054545,1114.5593335914796,1086.9814575640785,1110.653,Model 1,train
Tajikistan,TJK,Europe & Central Asia,2014,2015,956.9163,1168.5043,1171.4358678057342,1171.4212125889028,1116.9911623513733,1181.651,Model 1,train
Tajikistan,TJK,Europe & Central Asia,2015,2016,788.7105,1036.3342,1039.0779891982966,1039.0720903079934,934.4621072826128,1028.4486,Model 1,train
Tajikistan,TJK,Europe & Central Asia,2016,2017,829.4571,858.1931,860.8859765469582,860.8769061429464,843.7672641301259,856.56744,Model 1,train
Timor-Leste,TLS,East Asia & Pacific,2005,2006,464.667,526.3242,526.7793877447618,526.7400937973808,493.2892343285605,527.412,Model 1,train
Timor-Leste,TLS,East Asia & Pacific,2006,2007,540.1546,502.9251,503.5880907945616,503.5423819206869,523.5173376023241,497.87335,Model 1,train
Timor-Leste,TLS,East Asia & Pacific,2007,2008,628.1532,583.529,584.3427233454647,584.2808299732666,625.0512749570821,591.8214,Model 1,train
Timor-Leste,TLS,East Asia & Pacific,2008,2009,686.5793,677.2269,678.1993517102479,678.1183424923078,657.6095372499736,663.49854,Model 1,train
Timor-Leste,TLS,East Asia & Pacific,2009,2010,813.0602,739.5704,740.7094832616881,740.612713872507,781.76538006392,753.64923,Model 1,train
Timor-Leste,TLS,East Asia & Pacific,2010,2011,939.0452,873.5847,874.9045482210355,874.7798978588246,905.9856789428708,872.42523,Model 1,train
Timor-Leste,TLS,East Asia & Pacific,2011,2012,1022.6191,1006.8185,1008.328420753326,1008.1741424952852,1000.7845329885738,1041.7925,Model 1,train
Timor-Leste,TLS,East Asia & Pacific,2012,2013,1204.5684,1095.4337,1097.168184374378,1096.989232109395,1157.0062112662577,1114.8894,Model 1,train
Timor-Leste,TLS,East Asia & Pacific,2013,2014,1224.7496,1287.015,1288.9788005584785,1288.755402213434,1289.49003947835,1293.8933,Model 1,train
Timor-Leste,TLS,East Asia & Pacific,2014,2015,1319.593,1309.0716,1311.276219492806,1311.038747681976,1310.876808602712,1283.4495,Model 1,train
Timor-Leste,TLS,East Asia & Pacific,2015,2016,1335.5439,1409.269,1411.7279949775518,1411.4608026491978,1333.966292542043,1368.0887,Model 1,train
Timor-Leste,TLS,East Asia & Pacific,2016,2017,1266.1777,1426.8957,1429.5997006903085,1429.3191012043385,1340.1518149910964,1435.732,Model 1,train
Timor-Leste,TLS,East Asia & Pacific,2017,2018,1219.466,1355.1767,1358.092728559276,1357.81738219125,1299.0570105170982,1338.9088,Model 1,train
Tonga,TON,East Asia & Pacific,1995,1996,2214.9147,2231.4743,2246.001279616691,2244.3554385351595,2211.817458361571,2237.0227,Model 1,train
Tonga,TON,East Asia & Pacific,1996,1997,2135.5211,2369.8745,2385.4145862148557,2383.6472696565256,2260.9337131389116,2342.0535,Model 1,train
Tonga,TON,East Asia & Pacific,1997,1998,1888.8319,2287.7901,2303.2412371982036,2301.520144192083,2103.7233443846008,2344.2444,Model 1,train
Tonga,TON,East Asia & Pacific,1998,1999,1952.1463,2029.643,2044.023970191842,2042.4863663340443,2004.988829453593,2134.9832,Model 1,train
Tonga,TON,East Asia & Pacific,1999,2000,1995.0767,2097.294,2112.3246248631726,2110.7216296909387,2043.866471088551,2162.4756,Model 1,train
Tonga,TON,East Asia & Pacific,2000,2001,1753.5167,2143.5036,2159.074312092687,2157.42190273783,1915.7307083804749,2098.9436,Model 1,train
Tonga,TON,East Asia & Pacific,2001,2002,1759.4805,1889.713,1904.028002853442,1902.5642289262712,1844.9923602516672,1889.2511,Model 1,train
Tonga,TON,East Asia & Pacific,2002,2003,1936.041,1897.0539,1911.7000718176137,1910.216512509992,1891.8540640770177,1908.5901,Model 1,train
Tonga,TON,East Asia & Pacific,2003,2004,2195.4489,2084.312,2100.3545796604203,2098.7096203957058,2123.339574490657,2103.618,Model 1,train
Tonga,TON,East Asia & Pacific,2004,2005,2477.7262,2358.6487,2376.6448026020876,2374.7651612342843,2460.901649131604,2472.1885,Model 1,train
Tonga,TON,East Asia & Pacific,2005,2006,2750.3478,2656.1046,2676.070502854378,2673.940975715986,2667.9304696377912,2722.1138,Model 1,train
Tonga,TON,East Asia & Pacific,2006,2007,2797.0656,2943.0906,2965.0066918438547,2962.630763447792,2904.027239607565,2932.9365,Model 1,train
Tonga,TON,East Asia & Pacific,2007,2008,3218.453,2993.3173,3015.8737491240886,3013.4397728206172,3071.526076900911,2947.1772,Model 1,train
Tonga,TON,East Asia & Pacific,2008,2009,2914.2377,3435.6357,3461.108630707146,3458.2926202516596,3265.8293232494852,3476.4822,Model 1,train
Tonga,TON,East Asia & Pacific,2009,2010,3416.0836,3116.5325,3139.928331988704,3137.3882646871807,3369.2883821522005,3234.9785,Model 1,train
Tonga,TON,East Asia & Pacific,2010,2011,3849.9938,3644.5916,3671.9472350470846,3668.9231472736296,3676.045860488565,3712.7856,Model 1,train
Tonga,TON,East Asia & Pacific,2011,2012,4384.1706,4098.6232,4128.930030020969,4125.507916585948,4151.223342511842,4137.553,Model 1,train
Tonga,TON,East Asia & Pacific,2012,2013,4219.2467,4656.1075,4689.928186936126,4686.015390465082,4446.375273109153,4710.8135,Model 1,train
Tonga,TON,East Asia & Pacific,2013,2014,4136.5901,4485.646,4518.843890006914,4515.056278239712,4340.192619607094,4464.2363,Model 1,train
Tonga,TON,East Asia & Pacific,2014,2015,4123.9032,4400.3503,4433.295604462748,4429.566157485981,4224.10451014453,4403.096,Model 1,train
Tonga,TON,East Asia & Pacific,2015,2016,3987.9863,4388.5561,4421.854539777827,4418.110779725685,4154.077637641924,4365.9365,Model 1,train
Tonga,TON,East Asia & Pacific,2016,2017,4365.9293,4247.9104,4280.690556162431,4277.0487356343665,4139.2863569984165,4049.5894,Model 1,train
Tonga,TON,East Asia & Pacific,2017,2018,4675.0479,4643.1628,4678.700071308957,4674.694561216811,4596.40540984973,4691.5215,Model 1,train
Trinidad and Tobago,TTO,Latin America & Caribbean ,1995,1996,4427.2783,4320.4159,4327.646942909944,4326.415213745212,4275.523544931939,4437.8926,Model 1,train
Trinidad and Tobago,TTO,Latin America & Caribbean ,1996,1997,4393.945,4642.1152,4649.459187998899,4648.128331029823,4626.43985788351,4794.65,Model 1,train
Trinidad and Tobago,TTO,Latin America & Caribbean ,1997,1998,4612.709,4609.0196,4616.6711835650385,4615.335948850833,4587.217494461718,4806.549,Model 1,train
Trinidad and Tobago,TTO,Latin America & Caribbean ,1998,1999,5179.0835,4835.8568,4844.112982062453,4842.679700553655,5158.529393375438,5134.273,Model 1,train
Trinidad and Tobago,TTO,Latin America & Caribbean ,1999,2000,6178.5898,5419.0564,5427.949389850413,5426.305175877516,5726.67189531742,5668.2266,Model 1,train
Trinidad and Tobago,TTO,Latin America & Caribbean ,2000,2001,6657.4147,6443.3392,6452.608831234952,6450.618324425565,6433.012015562204,6550.185,Model 1,train
Trinidad and Tobago,TTO,Latin America & Caribbean ,2001,2002,6762.9308,6936.1424,6946.4225841983925,6944.21859058817,6901.053977500556,7342.2285,Model 1,train
Trinidad and Tobago,TTO,Latin America & Caribbean ,2002,2003,8445.0465,7049.8965,7061.849452916252,7059.5233949685,7626.708550669783,7638.22,Model 1,train
Trinidad and Tobago,TTO,Latin America & Caribbean ,2003,2004,9871.0342,8768.004,8781.058724639955,8778.08295519484,9504.001303656936,9637.887,Model 1,train
Trinidad and Tobago,TTO,Latin America & Caribbean ,2004,2005,12346.4373,10226.2543,10241.856972981725,10238.222191211811,11343.743011860684,10795.054,Model 1,train
Trinidad and Tobago,TTO,Latin America & Caribbean ,2005,2006,14152.6607,12742.4074,12760.639742895031,12755.85701638601,13724.42049831378,12754.872,Model 1,train
Trinidad and Tobago,TTO,Latin America & Caribbean ,2006,2007,16606.6754,14574.5587,14594.720559068935,14589.104086381396,15684.603224080716,14207.745,Model 1,train
Trinidad and Tobago,TTO,Latin America & Caribbean ,2007,2008,21298.9945,17060.5301,17083.918040424574,17077.106245570438,18467.90847879246,16860.887,Model 1,train
Trinidad and Tobago,TTO,Latin America & Caribbean ,2008,2009,14634.0565,21786.4186,21812.347596250045,21803.357417022744,18703.61993374097,20782.486,Model 1,train
Trinidad and Tobago,TTO,Latin America & Caribbean ,2009,2010,16815.4247,15095.2756,15125.148262957502,15118.825220085682,16160.890171033963,15258.291,Model 1,train
Trinidad and Tobago,TTO,Latin America & Caribbean ,2010,2011,19151.087,17312.9048,17348.017339657097,17340.505346991416,17951.25839630955,17215.21,Model 1,train
Trinidad and Tobago,TTO,Latin America & Caribbean ,2011,2012,20332.139,19685.1244,19726.483714291655,19717.64250551769,19133.257211293876,18029.758,Model 1,train
Trinidad and Tobago,TTO,Latin America & Caribbean ,2012,2013,21304.9777,20887.5697,20933.34050111213,20923.754287515178,20746.56187173404,19706.98,Model 1,train
Trinidad and Tobago,TTO,Latin America & Caribbean ,2013,2014,21908.3015,21880.3538,21930.633958383747,21920.382276152686,21160.450222757787,20508.889,Model 1,train
Trinidad and Tobago,TTO,Latin America & Caribbean ,2014,2015,19887.2328,22493.1404,22545.46660795872,22534.84350776622,21929.100679473755,21253.691,Model 1,train
Trinidad and Tobago,TTO,Latin America & Caribbean ,2015,2016,17449.1539,20457.8304,20508.24988830951,20498.631416823115,18798.22212838831,19395.254,Model 1,train
Trinidad and Tobago,TTO,Latin America & Caribbean ,2016,2017,17566.1,18000.2979,18048.97076213654,18040.50723051574,17637.701696260436,18202.44,Model 1,train
Trinidad and Tobago,TTO,Latin America & Caribbean ,2017,2018,17571.4987,18120.5579,18169.92357697253,18161.376521106977,17413.18587365552,18202.44,Model 1,train
Tunisia,TUN,"Middle East, North Africa, Afghanistan & Pakistan",1994,1995,1968.166,1857.6008,1861.5536394861472,1861.498007985272,1887.4183616726489,1803.3834,Model 1,train
Tunisia,TUN,"Middle East, North Africa, Afghanistan & Pakistan",1995,1996,2107.4082,2105.7279,2110.3493632548284,2110.2572505673165,2094.8275375306252,2079.452,Model 1,train
Tunisia,TUN,"Middle East, North Africa, Afghanistan & Pakistan",1996,1997,2202.0609,2254.0245,2259.396859985325,2259.2648940481236,2222.363985524564,2281.875,Model 1,train
Tunisia,TUN,"Middle East, North Africa, Afghanistan & Pakistan",1997,1998,2285.0193,2355.515,2361.6048057442417,2361.435578829543,2273.263701622105,2365.5051,Model 1,train
Tunisia,TUN,"Middle East, North Africa, Afghanistan & Pakistan",1998,1999,2376.0657,2444.714,2451.5143987853476,2451.30834892172,2300.1979048486883,2484.095,Model 1,train
Tunisia,TUN,"Middle East, North Africa, Afghanistan & Pakistan",1999,2000,2199.0447,2541.7517,2549.1066502126628,2548.8713033283793,2446.989618801543,2585.0154,Model 1,train
Tunisia,TUN,"Middle East, North Africa, Afghanistan & Pakistan",2000,2001,2235.7198,2357.5801,2365.0764257873084,2364.842691317659,2271.624871795615,2467.993,Model 1,train
Tunisia,TUN,"Middle East, North Africa, Afghanistan & Pakistan",2001,2002,2320.7724,2397.3178,2405.201721140455,2404.9492640548624,2326.614034459345,2455.4775,Model 1,train
Tunisia,TUN,"Middle East, North Africa, Afghanistan & Pakistan",2002,2003,2725.8643,2488.0734,2496.497436365281,2496.216668360914,2586.4727509782138,2506.3096,Model 1,train
Tunisia,TUN,"Middle East, North Africa, Afghanistan & Pakistan",2003,2004,3067.4194,2914.3454,2923.897643149869,2923.5442139727397,3051.455014449238,2988.6038,Model 1,train
Tunisia,TUN,"Middle East, North Africa, Afghanistan & Pakistan",2004,2005,3146.8261,3273.2439,3283.80129008746,3283.3801473725725,3207.944527039267,3315.0432,Model 1,train
Tunisia,TUN,"Middle East, North Africa, Afghanistan & Pakistan",2005,2006,3322.5693,3357.7491,3368.848053491835,3368.396899816324,3360.4693505092764,3432.6882,Model 1,train
Tunisia,TUN,"Middle East, North Africa, Afghanistan & Pakistan",2006,2007,3726.9167,3542.7875,3554.5786099193524,3554.0835004747923,3707.1462661821406,3560.7476,Model 1,train
Tunisia,TUN,"Middle East, North Africa, Afghanistan & Pakistan",2007,2008,4255.0501,3965.9765,3978.815974541371,3978.2415337932666,4144.794724390622,4078.8643,Model 1,train
Tunisia,TUN,"Middle East, North Africa, Afghanistan & Pakistan",2008,2009,4080.0903,4517.297,4531.388100056972,4530.709972821836,4315.7467020414315,4505.265,Model 1,train
Tunisia,TUN,"Middle East, North Africa, Afghanistan & Pakistan",2009,2010,4291.8612,4336.5712,4350.709327164068,4350.047949535632,4256.660669874051,4148.027,Model 1,train
Tunisia,TUN,"Middle East, North Africa, Afghanistan & Pakistan",2010,2011,4420.6477,4558.149,4572.947723526972,4572.239153999261,4402.042697287807,4430.4585,Model 1,train
Tunisia,TUN,"Middle East, North Africa, Afghanistan & Pakistan",2011,2012,4297.2678,4692.3701,4707.422487736427,4706.6948799322145,4539.987120711789,4609.7344,Model 1,train
Tunisia,TUN,"Middle East, North Africa, Afghanistan & Pakistan",2012,2013,4369.7935,4565.3991,4580.58165955913,4579.862985364954,4359.6973379716765,4452.811,Model 1,train
Tunisia,TUN,"Middle East, North Africa, Afghanistan & Pakistan",2013,2014,4458.979,4641.6142,4657.0930561890045,4656.3584833200875,4421.612142932232,4745.262,Model 1,train
Tunisia,TUN,"Middle East, North Africa, Afghanistan & Pakistan",2014,2015,4014.9477,4735.5618,4751.485301091843,4750.725735398675,4397.194814868484,4744.6016,Model 1,train
Tunisia,TUN,"Middle East, North Africa, Afghanistan & Pakistan",2015,2016,3847.8035,4274.051,4289.3370575349045,4288.6506469696005,4128.230506138391,4081.5295,Model 1,train
Tunisia,TUN,"Middle East, North Africa, Afghanistan & Pakistan",2016,2017,3619.0325,4100.9441,4116.1991199582035,4115.530699021394,4005.485734241952,4047.2456,Model 1,train
Tunisia,TUN,"Middle East, North Africa, Afghanistan & Pakistan",2017,2018,3628.1037,3863.5148,3878.659057219645,3878.015267866773,3737.204711558379,3776.9692,Model 1,train
Turkiye,TUR,Europe & Central Asia,1993,1994,2176.2802,3218.53,3211.661825636735,3212.7243623257486,2706.624979597028,3179.3867,Model 1,train
Turkiye,TUR,Europe & Central Asia,1994,1995,3845.99,2308.718,2305.582002553535,2306.328680307437,2791.9118470501817,2301.9587,Model 1,train
Turkiye,TUR,Europe & Central Asia,1995,1996,4041.3621,4035.7746,4027.492552441438,4028.735150704107,3915.81974076003,3728.405,Model 1,train
Turkiye,TUR,Europe & Central Asia,1996,1997,4197.3764,4241.6527,4234.009022249798,4235.246767056879,3961.760566614582,3729.2017,Model 1,train
Turkiye,TUR,Europe & Central Asia,1997,1998,4331.0276,4406.4128,4399.395299972074,4400.624045199378,4197.438025580636,4132.545,Model 1,train
Turkiye,TUR,Europe & Central Asia,1998,1999,3973.7776,4548.9681,4542.8908778062305,4544.0918253961645,4226.00486025278,4349.359,Model 1,train
Turkiye,TUR,Europe & Central Asia,1999,2000,4199.3799,4177.0404,4170.839729152957,4172.014010195567,3924.2808951253674,3844.7805,Model 1,train
Turkiye,TUR,Europe & Central Asia,2000,2001,3052.2257,4421.7801,4418.30880624159,4419.374083316683,3831.1039208643065,4367.5107,Model 1,train
Turkiye,TUR,Europe & Central Asia,2001,2002,3591.0863,3237.6125,3237.401195247612,3238.160758654452,3289.0879866335044,3382.8389,Model 1,train
Turkiye,TUR,Europe & Central Asia,2002,2003,4649.6367,3799.5265,3799.108019343614,3799.9551317732967,4340.749069883219,3995.4578,Model 1,train
Turkiye,TUR,Europe & Central Asia,2003,2004,5979.6054,4896.9951,4895.387492398911,4896.422260510212,5656.165772948068,5155.282,Model 1,train
Turkiye,TUR,Europe & Central Asia,2004,2005,7331.8543,6270.0038,6266.717201786595,6267.965550932566,7113.016482170861,6513.886,Model 1,train
Turkiye,TUR,Europe & Central Asia,2005,2006,7990.0825,7661.0369,7655.945811952369,7657.389303336722,7905.969172406399,7673.7407,Model 1,train
Turkiye,TUR,Europe & Central Asia,2006,2007,9766.9173,8339.9306,8334.815598147168,8336.306422303658,8928.945998443121,8494.122,Model 1,train
Turkiye,TUR,Europe & Central Asia,2007,2008,10913.4079,10160.6425,10153.4174006189,10155.096240619943,10583.712422145309,10339.992,Model 1,train
Turkiye,TUR,Europe & Central Asia,2008,2009,9076.9247,11334.2087,11325.91421005472,11327.696125048034,10043.321272414876,10815.209,Model 1,train
Turkiye,TUR,Europe & Central Asia,2009,2010,10698.9699,9469.3325,9466.91979215099,9468.349802626844,10420.95473637571,10408.277,Model 1,train
Turkiye,TUR,Europe & Central Asia,2010,2011,11373.6356,11131.3446,11127.559231624991,11129.135650536067,11349.6851131411,11179.525,Model 1,train
Turkiye,TUR,Europe & Central Asia,2011,2012,11776.7593,11814.0848,11807.56413420198,11809.317686077762,11742.792646170044,12029.414,Model 1,train
Turkiye,TUR,Europe & Central Asia,2012,2013,12635.557,12245.5661,12244.01716964968,12245.53933553452,12650.030491024492,12585.731,Model 1,train
Turkiye,TUR,Europe & Central Asia,2013,2014,12209.3862,13139.1166,13141.320627537589,13142.68300878858,12718.494503769742,12714.539,Model 1,train
Turkiye,TUR,Europe & Central Asia,2014,2015,11064.6495,12713.3367,12718.373104535776,12719.598266276307,12393.67102913948,12913.016,Model 1,train
Turkiye,TUR,Europe & Central Asia,2015,2016,10984.3643,11546.8612,11553.718171957718,11554.834050406414,11185.785969791665,11268.121,Model 1,train
Turkiye,TUR,Europe & Central Asia,2016,2017,10756.3878,11466.1064,11473.28461276177,11474.396973596582,10846.445752364303,11268.121,Model 1,train
Turkiye,TUR,Europe & Central Asia,2017,2018,9684.1182,11244.8415,11255.457196947867,11256.398592416444,10508.005617929151,11189.872,Model 1,train
Tanzania,TZA,Sub-Saharan Africa ,1996,1997,363.5977,331.519,328.25442756760015,328.5445503877171,351.66030704291273,328.19476,Model 1,train
Tanzania,TZA,Sub-Saharan Africa ,1997,1998,386.3784,383.2319,379.38902024570535,379.72348177351734,371.10194404685217,364.56314,Model 1,train
Tanzania,TZA,Sub-Saharan Africa ,1998,1999,392.6218,407.2743,403.2920649560414,403.641066639896,379.2938573190509,394.2448,Model 1,train
Tanzania,TZA,Sub-Saharan Africa ,1999,2000,401.6982,414.2986,410.3886794261057,410.73695571173965,408.57919702214053,410.49023,Model 1,train
Tanzania,TZA,Sub-Saharan Africa ,2000,2001,396.6387,424.5314,420.7365553657061,421.0828639747679,413.6800612809734,408.2236,Model 1,train
Tanzania,TZA,Sub-Saharan Africa ,2001,2002,402.649,420.1756,416.66339802610526,416.9952531575823,413.43237254981767,420.39166,Model 1,train
Tanzania,TZA,Sub-Saharan Africa ,2002,2003,422.1836,427.2421,423.8823028580252,424.2093708247351,422.3728787648944,423.6141,Model 1,train
Tanzania,TZA,Sub-Saharan Africa ,2003,2004,450.3853,448.5953,445.319290618566,445.6489677098372,464.2635246676258,461.82507,Model 1,train
Tanzania,TZA,Sub-Saharan Africa ,2004,2005,483.3349,478.9632,475.69424639420754,476.0328839147653,483.0495132721693,486.3158,Model 1,train
Tanzania,TZA,Sub-Saharan Africa ,2005,2006,475.7467,514.2867,510.9935095677828,511.3440048931636,519.2708929358398,529.6174,Model 1,train
Tanzania,TZA,Sub-Saharan Africa ,2006,2007,543.1983,507.3884,504.42151812887727,504.7549441814835,574.3134807769056,548.02484,Model 1,train
Tanzania,TZA,Sub-Saharan Africa ,2007,2008,675.9772,578.7795,575.5472683347211,575.9142515592658,621.3270884409552,597.7085,Model 1,train
Tanzania,TZA,Sub-Saharan Africa ,2008,2009,693.8235,718.1104,714.1378034000123,714.5785234656443,723.409022142894,728.03925,Model 1,train
Tanzania,TZA,Sub-Saharan Africa ,2009,2010,736.5302,737.72,733.8844818015302,734.324610772891,739.7717238673646,732.9562,Model 1,train
Tanzania,TZA,Sub-Saharan Africa ,2010,2011,775.3928,783.3444,779.508710667383,779.961470832977,716.5632519712341,753.02637,Model 1,train
Tanzania,TZA,Sub-Saharan Africa ,2011,2012,861.9699,824.7562,820.8959926564189,821.3618654507203,847.1745684517098,837.27026,Model 1,train
Tanzania,TZA,Sub-Saharan Africa ,2012,2013,963.0571,916.3029,912.2430228150704,912.7424161334138,900.4941399778828,933.6132,Model 1,train
Tanzania,TZA,Sub-Saharan Africa ,2013,2014,1022.7484,1022.6346,1018.233754769862,1018.7769232252724,987.1868869048062,1032.0663,Model 1,train
Tanzania,TZA,Sub-Saharan Africa ,2014,2015,939.1273,1086.1485,1081.7530028337924,1082.312791999964,1069.3829896780396,1064.3352,Model 1,train
Tanzania,TZA,Sub-Saharan Africa ,2015,2016,953.0107,1000.4137,996.840565658715,997.3428384621468,971.1490447560802,1024.1221,Model 1,train
Tanzania,TZA,Sub-Saharan Africa ,2016,2017,986.674,1016.0195,1012.6510149442804,1013.1497735143852,1000.5255878070872,1046.4137,Model 1,train
Tanzania,TZA,Sub-Saharan Africa ,2017,2018,1023.1063,1052.5354,1049.3426880514762,1049.8441684428951,1029.4893300498672,1059.2246,Model 1,train
Uganda,UGA,Sub-Saharan Africa ,1995,1996,284.6983,292.8368,289.48290320831615,289.7546305306058,286.4575680077274,278.64648,Model 1,train
Uganda,UGA,Sub-Saharan Africa ,1996,1997,286.8466,299.2225,295.78549951183095,296.06387071060084,294.3151215714887,299.96097,Model 1,train
Uganda,UGA,Sub-Saharan Africa ,1997,1998,292.453,301.616,298.19104956784923,298.4702906211743,296.89707806479424,295.11343,Model 1,train
Uganda,UGA,Sub-Saharan Africa ,1998,1999,257.9219,307.5517,304.08742074348453,304.37108620308345,282.1058156622669,274.24823,Model 1,train
Uganda,UGA,Sub-Saharan Africa ,1999,2000,258.0503,272.398,269.5029778417981,269.7493782792669,259.0369919544988,250.05797,Model 1,train
Uganda,UGA,Sub-Saharan Africa ,2000,2001,236.0212,272.9577,270.16765556743997,270.40971956054113,251.57161601122164,250.53705,Model 1,train
Uganda,UGA,Sub-Saharan Africa ,2001,2002,241.9847,250.6727,248.29402933216463,248.5097442962484,248.95107997224727,229.16779,Model 1,train
Uganda,UGA,Sub-Saharan Africa ,2002,2003,250.7154,257.4052,255.093008259102,255.30803237732297,252.7310973164435,232.47394,Model 1,train
Uganda,UGA,Sub-Saharan Africa ,2003,2004,292.3819,267.1162,264.8664559132023,265.0818672369267,271.8211980017025,247.17062,Model 1,train
Uganda,UGA,Sub-Saharan Africa ,2004,2005,330.4054,311.4857,309.04588406989603,309.2841191542334,313.1422246259385,281.65024,Model 1,train
Uganda,UGA,Sub-Saharan Africa ,2005,2006,346.5183,352.1463,349.5995802974651,349.855057174421,353.61694457440586,340.48315,Model 1,train
Uganda,UGA,Sub-Saharan Africa ,2006,2007,401.3891,370.0147,367.5958538231046,367.85049737048854,380.8995298675304,367.3063,Model 1,train
Uganda,UGA,Sub-Saharan Africa ,2007,2008,472.8427,428.473,425.8849093467119,426.1642142859685,434.9174904180298,423.9948,Model 1,train
Uganda,UGA,Sub-Saharan Africa ,2008,2009,798.9471,504.2629,501.41160157288306,501.7240790042149,617.9673349255452,559.2514,Model 1,train
Uganda,UGA,Sub-Saharan Africa ,2009,2010,823.4881,844.7294,839.7423670695333,840.2379716458145,827.3781080732653,856.54944,Model 1,train
Uganda,UGA,Sub-Saharan Africa ,2010,2011,835.6201,871.7974,867.0500723691761,867.5410560293952,877.0955979936724,872.1266,Model 1,train
Uganda,UGA,Sub-Saharan Africa ,2011,2012,795.2229,886.1289,881.7497881610071,882.2271984155992,851.0923002276594,873.887,Model 1,train
Uganda,UGA,Sub-Saharan Africa ,2012,2013,818.2854,845.7317,842.0387590462034,842.4756343902646,833.2168790095251,838.97833,Model 1,train
Uganda,UGA,Sub-Saharan Africa ,2013,2014,896.0548,871.3506,867.9322402702601,868.3625652249991,876.6513623520825,872.3574,Model 1,train
Uganda,UGA,Sub-Saharan Africa ,2014,2015,862.9346,953.9766,950.5175164407596,950.9687535228044,935.8364913929538,963.09814,Model 1,train
Uganda,UGA,Sub-Saharan Africa ,2015,2016,752.6966,921.1168,918.2794582477228,918.695236661674,838.3270883734864,962.037,Model 1,train
Uganda,UGA,Sub-Saharan Africa ,2016,2017,765.2183,806.9637,804.981021803066,805.3322369940571,783.2480747953399,842.5251,Model 1,train
Uganda,UGA,Sub-Saharan Africa ,2017,2018,792.1657,821.4246,819.7278582717353,820.0703546979878,790.9142601533318,838.5948,Model 1,train
Ukraine,UKR,Europe & Central Asia,1993,1994,1009.0941,1342.131,1340.6956879625682,1341.160103569193,1165.1206382000091,1298.9977,Model 1,train
Ukraine,UKR,Europe & Central Asia,1994,1995,933.1918,1082.8373,1081.5027111408829,1081.9079902109208,1020.416365871925,1079.3654,Model 1,train
Ukraine,UKR,Europe & Central Asia,1995,1996,869.8461,1001.9836,1000.5960111516416,1000.9854653771748,955.081531208303,967.14795,Model 1,train
Ukraine,UKR,Europe & Central Asia,1996,1997,987.4898,935.2914,934.0995056938154,934.4630121825944,937.6187079944596,937.86584,Model 1,train
Ukraine,UKR,Europe & Central Asia,1997,1998,831.3368,1060.4888,1059.342209227302,1059.7302438958218,964.4328456776848,1042.3267,Model 1,train
Ukraine,UKR,Europe & Central Asia,1998,1999,631.9105,896.6969,896.1853292628621,896.5033761821055,789.128809754547,891.2228,Model 1,train
Ukraine,UKR,Europe & Central Asia,1999,2000,653.2943,685.4681,685.38649839155,685.6306029871262,684.9170173357892,645.12665,Model 1,train
Ukraine,UKR,Europe & Central Asia,2000,2001,800.4907,707.8137,707.5947485996963,707.8509861861301,768.3868329677979,687.1383,Model 1,train
Ukraine,UKR,Europe & Central Asia,2001,2002,903.0119,863.4624,862.8629918617311,863.1755993438118,839.7750735879747,899.06586,Model 1,train
Ukraine,UKR,Europe & Central Asia,2002,2003,1076.4816,971.7122,970.879640704326,971.2278119907106,1014.5789722157272,1013.9394,Model 1,train
Ukraine,UKR,Europe & Central Asia,2003,2004,1401.0181,1154.05,1152.704217506359,1153.1164038380118,1277.4361111848807,1222.2935,Model 1,train
Ukraine,UKR,Europe & Central Asia,2004,2005,1875.3351,1493.2803,1490.762522656176,1491.2983149553804,1636.6812139299757,1554.3408,Model 1,train
Ukraine,UKR,Europe & Central Asia,2005,2006,2366.4941,1987.1467,1982.9641004820153,1983.6644616789472,2170.5891573497424,2047.9951,Model 1,train
Ukraine,UKR,Europe & Central Asia,2006,2007,3160.3276,2495.5037,2489.31067634308,2490.1831483808155,2714.61819176045,2574.1714,Model 1,train
Ukraine,UKR,Europe & Central Asia,2007,2008,4017.8066,3314.7214,3305.5106611232545,3306.6295851341706,3688.739203544794,3380.92,Model 1,train
Ukraine,UKR,Europe & Central Asia,2008,2009,2607.0876,4199.0031,4187.336822029579,4188.657850583316,3213.5335654284668,3952.6882,Model 1,train
Ukraine,UKR,Europe & Central Asia,2009,2010,3039.6323,2755.0023,2750.924614364076,2751.715711847347,2859.7615074081427,2699.0234,Model 1,train
Ukraine,UKR,Europe & Central Asia,2010,2011,3656.698,3210.0415,3206.77771819749,3207.5749363974146,3221.117890072161,3093.4512,Model 1,train
Ukraine,UKR,Europe & Central Asia,2011,2012,3951.3423,3852.0032,3848.351245723463,3849.2263165521226,4055.4040058952646,3845.8147,Model 1,train
Ukraine,UKR,Europe & Central Asia,2012,2013,4129.897,4159.6228,4156.255997628871,4157.139911851178,3942.140851832318,3897.9558,Model 1,train
Ukraine,UKR,Europe & Central Asia,2013,2014,3054.9082,4347.7269,4345.05251803425,4345.9136851218245,3651.3138006674367,4186.8125,Model 1,train
Ukraine,UKR,Europe & Central Asia,2014,2015,2094.4739,3238.6225,3238.914240307039,3239.5271283204047,2703.9997725868934,3299.2546,Model 1,train
Ukraine,UKR,Europe & Central Asia,2015,2016,2158.4612,2242.5414,2245.4460354060593,2245.8080722520112,2273.334564094217,2390.1008,Model 1,train
Ukraine,UKR,Europe & Central Asia,2016,2017,2604.2876,2313.6003,2317.6089638957633,2317.9223697476377,2427.577030200813,2459.8486,Model 1,train
Ukraine,UKR,Europe & Central Asia,2017,2018,3059.0518,2784.8453,2790.0062820845974,2790.315874159852,2980.518196574422,2951.2908,Model 1,train
Uruguay,URY,Latin America & Caribbean ,1994,1995,6050.4863,5812.8355,5833.616012517918,5831.750940098983,6047.10859247128,6082.975,Model 1,train
Uruguay,URY,Latin America & Caribbean ,1995,1996,6398.4358,6378.6263,6401.879854471872,6399.756682118344,6521.540954159427,6431.5107,Model 1,train
Uruguay,URY,Latin America & Caribbean ,1996,1997,7436.2934,6742.891,6768.30036166839,6765.98067589831,6857.173236143331,6734.158,Model 1,train
Uruguay,URY,Latin America & Caribbean ,1997,1998,7836.8918,7814.4624,7842.569727282976,7839.8457586334125,7619.327306739608,8200.938,Model 1,train
Uruguay,URY,Latin America & Caribbean ,1998,1999,7370.57,8228.6864,8258.159624655358,8255.261394339263,7910.301354513481,8220.162,Model 1,train
Uruguay,URY,Latin America & Caribbean ,1999,2000,6987.701,7753.737,7783.619277833843,7780.825671542689,7216.290845141977,7761.9756,Model 1,train
Uruguay,URY,Latin America & Caribbean ,2000,2001,6382.761,7366.1546,7397.148706597919,7394.397484669286,6994.051258211745,7639.954,Model 1,train
Uruguay,URY,Latin America & Caribbean ,2001,2002,4149.7614,6745.7783,6776.46897927632,6773.887251672612,5594.615768831447,6605.331,Model 1,train
Uruguay,URY,Latin America & Caribbean ,2002,2003,3671.1233,4424.6227,4447.746826989432,4446.075733538416,4236.1765783694655,4393.977,Model 1,train
Uruguay,URY,Latin America & Caribbean ,2003,2004,4168.6607,3925.1626,3946.7253180924936,3945.233231100041,4058.2686673871167,4109.326,Model 1,train
Uruguay,URY,Latin America & Caribbean ,2004,2005,5284.2568,4448.0351,4472.278929379052,4470.545237969174,4705.447735427471,4508.7725,Model 1,train
Uruguay,URY,Latin America & Caribbean ,2005,2006,6001.3329,5617.9839,5648.446174530769,5646.139967896814,5740.796143746686,5618.4707,Model 1,train
Uruguay,URY,Latin America & Caribbean ,2006,2007,7222.054,6364.6029,6398.074479640583,6395.441029987804,6737.5858101130725,6447.6685,Model 1,train
Uruguay,URY,Latin America & Caribbean ,2007,2008,9423.9656,7635.0082,7674.268916551278,7671.02516881356,8231.622298173306,7469.718,Model 1,train
Uruguay,URY,Latin America & Caribbean ,2008,2009,9881.3957,9911.5236,9959.12198469188,9954.842554318024,10336.742572000005,10564.0205,Model 1,train
Uruguay,URY,Latin America & Caribbean ,2009,2010,12641.0577,10392.4731,10444.37996120743,10439.743904636833,11765.934966735738,11149.5,Model 1,train
Uruguay,URY,Latin America & Caribbean ,2010,2011,15132.2676,13228.4299,13289.47220360885,13283.53305017034,14531.217465159818,13766.692,Model 1,train
Uruguay,URY,Latin America & Caribbean ,2011,2012,16259.5941,15773.9947,15841.394642889763,15834.333734957889,15861.729153586586,16076.961,Model 1,train
Uruguay,URY,Latin America & Caribbean ,2012,2013,18335.2595,16927.2492,16998.48178891205,16990.85250636625,18036.56561188059,17795.777,Model 1,train
Uruguay,URY,Latin America & Caribbean ,2013,2014,18322.4277,19053.193,19133.083345344166,19124.301851901582,18450.91987985918,19780.922,Model 1,train
Uruguay,URY,Latin America & Caribbean ,2014,2015,17125.9017,19051.221,19134.18769981667,19125.252311186032,18250.29566568053,19396.105,Model 1,train
Uruguay,URY,Latin America & Caribbean ,2015,2016,17009.7584,17835.6659,17916.28237712543,17907.88157725879,17500.14661735078,18253.861,Model 1,train
Uruguay,URY,Latin America & Caribbean ,2016,2017,19184.6503,17719.9394,17800.948168534134,17792.57104070997,17995.704180426714,18278.666,Model 1,train
Uruguay,URY,Latin America & Caribbean ,2017,2018,19249.9405,19949.2175,20040.185067512877,20030.546275145774,19595.41038302774,19645.975,Model 1,train
United States,USA,North America,1991,1992,25418.9908,24876.4252,24802.3465163236,24810.50890336832,25835.83312524422,25816.12,Model 1,train
United States,USA,North America,1992,1993,26387.2937,25969.0267,25893.89189021232,25902.23035127928,26378.57312474612,26522.484,Model 1,train
United States,USA,North America,1993,1994,27694.8534,26924.0508,26840.487887797222,26849.369207712,27103.2495164722,27960.959,Model 1,train
United States,USA,North America,1994,1995,28690.8757,28243.3682,28156.949254792584,28166.109156983886,28966.22672337102,29397.217,Model 1,train
United States,USA,North America,1995,1996,29967.7127,29237.5089,29146.016333758856,29155.543075184287,29614.11554776693,30760.635,Model 1,train
United States,USA,North America,1996,1997,31459.139,30540.9392,30451.219627429477,30460.77921886713,30975.068973709313,31922.947,Model 1,train
United States,USA,North America,1997,1998,32853.677,32059.7518,31971.390190934413,31981.01679631485,32324.002560092933,33030.94,Model 1,train
United States,USA,North America,1998,1999,34515.3902,33462.813,33371.23158565426,33381.14999429093,33937.73195705186,36397.883,Model 1,train
United States,USA,North America,1999,2000,36329.9561,35119.2943,35019.982020186595,35030.436690892006,36233.27693830019,36397.883,Model 1,train
United States,USA,North America,2000,2001,37133.6231,36930.9067,36824.30270893077,36835.27443769195,37461.82267118426,38589.543,Model 1,train
United States,USA,North America,2001,2002,37997.7597,37748.7092,37643.09234599731,37654.09397315399,38283.31256732873,39317.645,Model 1,train
United States,USA,North America,2002,2003,39490.275,38617.7521,38510.46465882065,38521.63349372544,38945.50739991923,39946.367,Model 1,train
United States,USA,North America,2003,2004,41724.6316,40112.104,40000.50934553401,40012.009206232135,41077.93414150479,43047.12,Model 1,train
United States,USA,North America,2004,2005,44123.4071,42379.7373,42270.65595167699,42282.16962778252,44239.93570998666,43881.543,Model 1,train
United States,USA,North America,2005,2006,46302.0009,44764.1006,44644.40075634615,44656.6033903532,45139.09814364639,45392.387,Model 1,train
United States,USA,North America,2006,2007,48050.2238,46950.0224,46826.70973369328,46839.22697100852,47878.98315461006,47532.992,Model 1,train
United States,USA,North America,2007,2008,48570.046,48720.5207,48599.05314534203,48611.58329636994,48174.090700002496,48868.27,Model 1,train
United States,USA,North America,2008,2009,47194.9434,49242.1088,49119.61614354019,49132.26396605974,48458.184144679726,48919.562,Model 1,train
United States,USA,North America,2009,2010,48642.61,47916.5315,47810.41321454835,47822.21193119742,48719.641088024226,51047.23,Model 1,train
United States,USA,North America,2010,2011,50024.8688,49373.2276,49266.0688265515,49278.01572038718,49501.08464921488,51963.277,Model 1,train
United States,USA,North America,2011,2012,51708.4012,50758.7656,50649.28824288624,50661.44262635852,49991.01075332888,51539.234,Model 1,train
United States,USA,North America,2012,2013,53179.0128,52443.4571,52330.633186135565,52343.056462356915,53556.30978970017,54247.69,Model 1,train
United States,USA,North America,2013,2014,54973.4208,53903.2672,53784.388081414094,53797.20897943219,54424.686713857554,54247.69,Model 1,train
United States,USA,North America,2014,2015,56572.9189,55697.0175,55574.48147285962,55587.58588623964,55596.088428616014,57300.86,Model 1,train
United States,USA,North America,2015,2016,57638.1018,57261.9724,57126.91601743713,57140.75368376302,57038.13694115307,57437.2,Model 1,train
United States,USA,North America,2016,2017,59635.0984,58295.5522,58149.74939299984,58164.2137985851,59038.33000159164,57909.773,Model 1,train
United States,USA,North America,2017,2018,62499.8744,60272.4857,60117.95864534415,60132.96082659642,59967.96924000613,62762.223,Model 1,train
Uzbekistan,UZB,Europe & Central Asia,2011,2012,2307.3465,2223.4601,2223.833063814137,2224.2183651994296,2346.7880892672997,2240.4697,Model 1,train
Uzbekistan,UZB,Europe & Central Asia,2012,2013,2461.9795,2453.702,2454.1260531031844,2454.5314147754375,2487.9199518755786,2484.7595,Model 1,train
Uzbekistan,UZB,Europe & Central Asia,2013,2014,2674.9628,2616.384,2617.016068808124,2617.427229991682,2717.034697681002,2676.7007,Model 1,train
Uzbekistan,UZB,Europe & Central Asia,2014,2015,2803.1902,2839.7544,2840.5507094664704,2840.973985697869,2929.323074618389,2851.5308,Model 1,train
Uzbekistan,UZB,Europe & Central Asia,2015,2016,2753.3795,2975.5271,2976.799018420698,2977.211928322899,2827.336009910892,2986.524,Model 1,train
Uzbekistan,UZB,Europe & Central Asia,2016,2017,2190.6041,2925.4308,2927.197595425112,2927.5867111267244,2699.1623266389893,2876.5774,Model 1,train
Uzbekistan,UZB,Europe & Central Asia,2017,2018,1813.0853,2339.2723,2341.7303480242367,2342.041180038906,2217.194644221897,2430.4673,Model 1,train
St. Vincent and the Grenadines,VCT,Latin America & Caribbean ,1995,1996,2930.4439,2988.9793,3010.639352964099,3008.2724549571685,2986.8592077595035,2924.111,Model 1,train
St. Vincent and the Grenadines,VCT,Latin America & Caribbean ,1996,1997,3073.7785,3129.5468,3151.7534012404085,3149.286493683469,3362.766056310996,3235.7993,Model 1,train
St. Vincent and the Grenadines,VCT,Latin America & Caribbean ,1997,1998,3301.1002,3278.7304,3301.556374430112,3298.980459190605,3188.498884425921,3266.217,Model 1,train
St. Vincent and the Grenadines,VCT,Latin America & Caribbean ,1998,1999,3446.5229,3515.0331,3538.816117301936,3536.067505656885,3450.898767981432,3430.44,Model 1,train
St. Vincent and the Grenadines,VCT,Latin America & Caribbean ,1999,2000,3768.9554,3667.0617,3691.737184166334,3688.862635197957,3806.109651014591,3616.3555,Model 1,train
St. Vincent and the Grenadines,VCT,Latin America & Caribbean ,2000,2001,4071.086,4003.1302,4029.593559264949,4026.447600234825,4043.9534301417375,3977.8508,Model 1,train
St. Vincent and the Grenadines,VCT,Latin America & Caribbean ,2001,2002,4303.2798,4317.532,4345.641064160609,4342.239436448892,4252.840283239669,4081.5217,Model 1,train
St. Vincent and the Grenadines,VCT,Latin America & Caribbean ,2002,2003,4499.6145,4561.6657,4591.834108363127,4588.190793956495,4470.681692063751,4513.987,Model 1,train
St. Vincent and the Grenadines,VCT,Latin America & Caribbean ,2003,2004,4873.4895,4762.788,4793.214294217745,4789.446263993172,4869.570857023464,4694.82,Model 1,train
St. Vincent and the Grenadines,VCT,Latin America & Caribbean ,2004,2005,5157.3937,5150.2942,5182.6133843203725,5178.529535983617,5344.307217232558,5346.5337,Model 1,train
St. Vincent and the Grenadines,VCT,Latin America & Caribbean ,2005,2006,5744.8279,5444.1409,5477.87168902924,5473.546832122399,5551.192828308495,5542.797,Model 1,train
St. Vincent and the Grenadines,VCT,Latin America & Caribbean ,2006,2007,6398.1912,6050.5634,6086.9611261161035,6082.148474248061,6278.017668339526,6214.071,Model 1,train
St. Vincent and the Grenadines,VCT,Latin America & Caribbean ,2007,2008,6598.9053,6724.0555,6763.446388848288,6758.0830026106305,6476.017057083686,6545.0835,Model 1,train
St. Vincent and the Grenadines,VCT,Latin America & Caribbean ,2008,2009,6463.7878,6933.4346,6974.537574152071,6968.958107887399,6661.6421193358,6853.7026,Model 1,train
St. Vincent and the Grenadines,VCT,Latin America & Caribbean ,2009,2010,6551.9684,6796.0776,6837.1026973246435,6831.60470625275,6594.885364610155,6552.0034,Model 1,train
St. Vincent and the Grenadines,VCT,Latin America & Caribbean ,2010,2011,6527.69,6886.0577,6927.2768793143205,6921.712308904679,6649.412784814638,6925.418,Model 1,train
St. Vincent and the Grenadines,VCT,Latin America & Caribbean ,2011,2012,6713.8077,6860.2732,6901.18843333689,6895.651114274791,6700.276748236679,6853.7026,Model 1,train
St. Vincent and the Grenadines,VCT,Latin America & Caribbean ,2012,2013,7072.4674,7050.663,7092.11182128834,7086.430019982674,7150.07076530866,7174.171,Model 1,train
St. Vincent and the Grenadines,VCT,Latin America & Caribbean ,2013,2014,7168.8288,7411.3536,7452.0857325550205,7446.22309621927,7421.381854539568,7184.496,Model 1,train
St. Vincent and the Grenadines,VCT,Latin America & Caribbean ,2014,2015,7353.7356,7515.1482,7557.704789127313,7551.679777162689,7371.509243025764,7159.5034,Model 1,train
St. Vincent and the Grenadines,VCT,Latin America & Caribbean ,2015,2016,7656.9004,7707.054,7751.010365655226,7744.792227093078,7666.010692727706,7563.443,Model 1,train
St. Vincent and the Grenadines,VCT,Latin America & Caribbean ,2016,2017,7988.0445,8022.8399,8069.446731015488,8062.893622577103,8027.958392835973,8003.618,Model 1,train
St. Vincent and the Grenadines,VCT,Latin America & Caribbean ,2017,2018,8428.1268,8369.0088,8418.9315196043,8411.987631602722,8573.483237184255,8144.362,Model 1,train
"Venezuela, RB",VEN,Latin America & Caribbean ,2009,2010,13646.3047,11999.8624,11991.189186749192,11991.884071464625,11969.901538475042,11245.041,Model 1,train
"Venezuela, RB",VEN,Latin America & Caribbean ,2010,2011,10843.923,14083.9712,14072.877831268646,14073.54548674664,11898.174687271272,12932.956,Model 1,train
"Venezuela, RB",VEN,Latin America & Caribbean ,2011,2012,12607.2361,11244.366,11239.389429064464,11239.976428052314,11498.338611606776,10249.326,Model 1,train
"Venezuela, RB",VEN,Latin America & Caribbean ,2012,2013,8656.3567,13032.0252,13022.906797796411,13023.59493741274,10325.366919596558,11668.841,Model 1,train
"Venezuela, RB",VEN,Latin America & Caribbean ,2013,2014,7096.2205,9016.9691,9015.814014656671,9016.349446631231,8279.5991878242,8824.886,Model 1,train
"Venezuela, RB",VEN,Latin America & Caribbean ,2014,2015,4103.1385,7417.602,7417.662961276221,7418.197206507511,5477.249084225981,7113.889,Model 1,train
"Venezuela, RB",VEN,Latin America & Caribbean ,2015,2016,3670.1574,4339.1703,4343.400478811912,4343.721448297905,4082.793594632033,4369.502,Model 1,train
"Venezuela, RB",VEN,Latin America & Caribbean ,2016,2017,3791.3316,3880.6484,3882.430290208317,3882.864685531203,3900.797726866187,3991.6797,Model 1,train
Viet Nam,VNM,East Asia & Pacific,1996,1997,361.6439,373.1204,374.1006139630349,374.2167772632501,351.03478366235095,366.10275,Model 1,train
Viet Nam,VNM,East Asia & Pacific,1997,1998,361.3509,400.1216,401.2228310695306,401.3427476621512,373.62714256728515,368.46655,Model 1,train
Viet Nam,VNM,East Asia & Pacific,1998,1999,375.9945,400.3928,401.6556342660751,401.7678893681587,376.52073214197446,378.18692,Model 1,train
Viet Nam,VNM,East Asia & Pacific,1999,2000,404.0298,416.5664,417.9301952724642,418.04339260082946,409.36067186843616,385.43567,Model 1,train
Viet Nam,VNM,East Asia & Pacific,2000,2001,419.2057,447.1447,448.60327303293855,448.7225499623006,378.3039155442897,417.1659,Model 1,train
Viet Nam,VNM,East Asia & Pacific,2001,2002,445.1329,463.8501,465.4052193828233,465.5256587664014,471.459055212912,454.12973,Model 1,train
Viet Nam,VNM,East Asia & Pacific,2002,2003,497.1171,492.1085,493.7568188542135,493.8824184090708,496.8926268421897,512.9198,Model 1,train
Viet Nam,VNM,East Asia & Pacific,2003,2004,565.4523,548.4559,550.2265274389125,550.364834767769,591.7394479701138,598.98926,Model 1,train
Viet Nam,VNM,East Asia & Pacific,2004,2005,710.7468,621.9271,623.7259367497074,623.8867281614204,656.3212901048117,648.1638,Model 1,train
Viet Nam,VNM,East Asia & Pacific,2005,2006,807.7566,778.3173,780.3492936186972,780.5459431465486,799.7888520385467,839.1852,Model 1,train
Viet Nam,VNM,East Asia & Pacific,2006,2007,925.6403,882.4147,884.581661847619,884.8023236633911,897.3179235593681,976.99396,Model 1,train
Viet Nam,VNM,East Asia & Pacific,2007,2008,1163.832,1008.567,1010.8661796308544,1011.1165475840326,1071.0327346962576,1090.7172,Model 1,train
Viet Nam,VNM,East Asia & Pacific,2008,2009,1226.1698,1262.3279,1264.7779387107078,1265.088773934646,1294.267336106792,1384.9957,Model 1,train
Viet Nam,VNM,East Asia & Pacific,2009,2010,1683.1618,1328.7119,1331.218594540781,1331.5450566659435,1521.866558061111,1404.1222,Model 1,train
Viet Nam,VNM,East Asia & Pacific,2010,2011,1950.925,1812.4434,1815.0330027105083,1815.469741925332,1931.8905414538751,1985.6448,Model 1,train
Viet Nam,VNM,East Asia & Pacific,2011,2012,2185.1177,2094.8969,2097.515071481862,2098.0128499682223,2173.8281341554316,2259.6091,Model 1,train
Viet Nam,VNM,East Asia & Pacific,2012,2013,2359.5174,2341.1524,2343.700830778822,2344.2546750450188,2432.2431093792234,2544.3875,Model 1,train
Viet Nam,VNM,East Asia & Pacific,2013,2014,2546.3846,2524.338,2526.841873443266,2527.436611717609,2604.153085060967,2708.8572,Model 1,train
Viet Nam,VNM,East Asia & Pacific,2014,2015,2577.5689,2720.3763,2722.824250084754,2723.462139031334,2682.6147412219316,2865.5088,Model 1,train
Viet Nam,VNM,East Asia & Pacific,2015,2016,2735.0604,2753.411,2755.920821984152,2756.565123464439,2819.655906458997,2973.818,Model 1,train
Viet Nam,VNM,East Asia & Pacific,2016,2017,2956.1099,2918.2379,2920.6340330038197,2921.318166209504,3044.2636884752733,3140.3684,Model 1,train
Viet Nam,VNM,East Asia & Pacific,2017,2018,3222.31,3149.3218,3151.559622110938,3152.2970925215627,3292.771218021364,3332.8044,Model 1,train
Vanuatu,VUT,East Asia & Pacific,1996,1997,1562.0309,1644.8175,1654.7145225340016,1653.6820125825204,1589.769217939296,1625.8297,Model 1,train
Vanuatu,VUT,East Asia & Pacific,1997,1998,1470.9719,1679.8026,1689.9594765177108,1688.902746306066,1586.125663485119,1643.9907,Model 1,train
Vanuatu,VUT,East Asia & Pacific,1998,1999,1472.1775,1584.0196,1593.773778216836,1592.780324827033,1499.9132816690633,1556.6483,Model 1,train
Vanuatu,VUT,East Asia & Pacific,1999,2000,1460.2382,1583.5075,1592.7266499109603,1591.764842495585,1518.7035311336822,1558.4858,Model 1,train
Vanuatu,VUT,East Asia & Pacific,2000,2001,1350.1834,1573.4066,1583.2546909146645,1582.2676079252933,1463.8205311923562,1556.6483,Model 1,train
Vanuatu,VUT,East Asia & Pacific,2001,2002,1340.7154,1457.5887,1466.9815415284197,1466.067382249439,1415.7735397767374,1404.1844,Model 1,train
Vanuatu,VUT,East Asia & Pacific,2002,2003,1566.514,1447.9204,1457.333017590893,1456.4252482329143,1474.8956928896814,1492.4276,Model 1,train
Vanuatu,VUT,East Asia & Pacific,2003,2004,1774.3187,1686.7077,1697.3128578500682,1696.253928867603,1682.5641314408483,1739.4084,Model 1,train
Vanuatu,VUT,East Asia & Pacific,2004,2005,1873.9914,1905.743,1917.3547017477467,1916.16026305028,1896.1467344103,1954.9692,Model 1,train
Vanuatu,VUT,East Asia & Pacific,2005,2006,2034.7929,2011.3495,2023.6156963634792,2022.3491318347192,2043.8163765346185,2156.8003,Model 1,train
Vanuatu,VUT,East Asia & Pacific,2006,2007,2333.7051,2179.9508,2192.83088526592,2191.4685528374757,2215.261496540612,2255.7917,Model 1,train
Vanuatu,VUT,East Asia & Pacific,2007,2008,2603.6088,2493.1713,2507.3093940601498,2505.75671696016,2535.955235376832,2547.8416,Model 1,train
Vanuatu,VUT,East Asia & Pacific,2008,2009,2546.3832,2776.2313,2791.7012104473097,2789.965237094338,2703.7477785748633,2812.31,Model 1,train
Vanuatu,VUT,East Asia & Pacific,2009,2010,2815.1883,2717.1337,2732.5036237793047,2730.805233449232,2727.015584690061,2793.6824,Model 1,train
Vanuatu,VUT,East Asia & Pacific,2010,2011,3163.1862,2998.7485,3015.4454172106543,3013.5639344112888,3051.714953778235,2995.8433,Model 1,train
Vanuatu,VUT,East Asia & Pacific,2011,2012,3004.7842,3362.5687,3380.9394724269728,3378.8189137506083,3304.703946901988,3364.5608,Model 1,train
Vanuatu,VUT,East Asia & Pacific,2012,2013,2979.7961,3198.7569,3216.772697485464,3214.7495691827357,3000.4947397480673,3160.206,Model 1,train
Vanuatu,VUT,East Asia & Pacific,2013,2014,2973.0903,3173.2659,3191.2793153481507,3189.2745669910823,3053.924824159396,3181.5522,Model 1,train
Vanuatu,VUT,East Asia & Pacific,2014,2015,2854.8941,3166.5963,3184.614161575443,3182.6193111211855,3054.3674341869014,3178.3528,Model 1,train
Vanuatu,VUT,East Asia & Pacific,2015,2016,2956.1264,3044.0214,3061.6999388078893,3059.7819443176163,3022.4540542373284,3061.4028,Model 1,train
Samoa,WSM,East Asia & Pacific,1997,1998,1506.3036,1735.372,1747.8158164924955,1746.6192544079877,1599.8248859889663,1714.2838,Model 1,train
Samoa,WSM,East Asia & Pacific,1998,1999,1416.7692,1628.9377,1641.0656525988368,1639.9301093893548,1522.7925251761335,1638.6289,Model 1,train
Samoa,WSM,East Asia & Pacific,1999,2000,1424.7524,1534.9478,1546.7710022363435,1545.69015263417,1486.4044339529632,1604.7267,Model 1,train
Samoa,WSM,East Asia & Pacific,2000,2001,1453.8702,1544.2876,1556.4036813175746,1555.3049865930418,1500.143695041097,1625.1329,Model 1,train
Samoa,WSM,East Asia & Pacific,2001,2002,1527.5579,1576.0836,1588.638310002956,1587.5052922196126,1567.7660142919306,1667.341,Model 1,train
Samoa,WSM,East Asia & Pacific,2002,2003,1798.1243,1655.0933,1668.3648664979391,1667.1639144567428,1738.1787778742462,1766.1112,Model 1,train
Samoa,WSM,East Asia & Pacific,2003,2004,2189.2604,1942.7056,1958.043227517971,1956.6174626650031,2090.183838925178,2018.2726,Model 1,train
Samoa,WSM,East Asia & Pacific,2004,2005,2550.0422,2356.1208,2374.078448196895,2372.3407114623656,2525.208289377941,2531.0984,Model 1,train
Samoa,WSM,East Asia & Pacific,2005,2006,2663.2914,2735.6612,2755.7933565853714,2753.7754763279236,2724.9490553189426,2831.617,Model 1,train
Samoa,WSM,East Asia & Pacific,2006,2007,3038.619,2855.5135,2876.576507626191,2874.4570954431106,3166.803876554366,2968.3977,Model 1,train
Samoa,WSM,East Asia & Pacific,2007,2008,3373.6064,3248.9754,3272.201459599604,3269.790634145,3208.664540856729,3324.0815,Model 1,train
Samoa,WSM,East Asia & Pacific,2008,2009,3279.1827,3598.7253,3623.635779545063,3620.975799420554,3476.6714942353447,3592.0063,Model 1,train
Samoa,WSM,East Asia & Pacific,2009,2010,3524.2479,3482.5926,3501.934496456991,3499.6242664322253,3539.9667598981423,3543.6536,Model 1,train
Samoa,WSM,East Asia & Pacific,2010,2011,3821.5068,3755.2235,3780.674862708433,3777.9183210573583,3797.880114479145,3862.7375,Model 1,train
Samoa,WSM,East Asia & Pacific,2011,2012,3934.6032,4064.5677,4091.383581918296,4088.4113501535967,4053.230486744796,4208.4297,Model 1,train
Samoa,WSM,East Asia & Pacific,2012,2013,4023.5254,4179.9053,4206.566530062053,4203.5508266558545,4080.832004773314,4184.8125,Model 1,train
Samoa,WSM,East Asia & Pacific,2013,2014,3982.6808,4273.0775,4300.336204603909,4297.248048053298,4106.92765494528,4214.406,Model 1,train
Samoa,WSM,East Asia & Pacific,2014,2015,4084.3608,4229.6276,4256.375964644089,4253.339454118369,4069.2602558936537,4170.3467,Model 1,train
"Yemen, Rep.",YEM,"Middle East, North Africa, Afghanistan & Pakistan",1996,1997,382.5849,405.012,403.8914189849362,404.0673232293959,379.5614043217916,380.11563,Model 1,train
"Yemen, Rep.",YEM,"Middle East, North Africa, Afghanistan & Pakistan",1997,1998,342.7394,413.2401,412.1951694713154,412.3701356029171,380.615191294829,363.61194,Model 1,train
"Yemen, Rep.",YEM,"Middle East, North Africa, Afghanistan & Pakistan",1998,1999,401.4481,371.4253,370.6485299273117,370.8023763628438,378.3024028535646,347.162,Model 1,train
"Yemen, Rep.",YEM,"Middle East, North Africa, Afghanistan & Pakistan",1999,2000,493.2352,434.131,433.2411269243583,433.41497159894845,460.5366932163156,431.51437,Model 1,train
"Yemen, Rep.",YEM,"Middle East, North Africa, Afghanistan & Pakistan",2000,2001,487.1413,531.7435,530.6355338107933,530.8408389243195,517.9618302249961,547.26337,Model 1,train
"Yemen, Rep.",YEM,"Middle East, North Africa, Afghanistan & Pakistan",2001,2002,513.2415,525.9549,525.0366059055823,525.2326890447346,526.3045540064186,548.27264,Model 1,train
"Yemen, Rep.",YEM,"Middle East, North Africa, Afghanistan & Pakistan",2002,2003,548.9059,554.2181,553.3800410355251,553.5789055273016,548.7142680243905,565.83746,Model 1,train
"Yemen, Rep.",YEM,"Middle East, North Africa, Afghanistan & Pakistan",2003,2004,627.632,592.7511,592.0115125717145,592.2141186756241,611.9819823133347,645.0187,Model 1,train
"Yemen, Rep.",YEM,"Middle East, North Africa, Afghanistan & Pakistan",2004,2005,734.1599,676.6525,675.8577120501183,676.079967110195,703.6498482598862,674.4898,Model 1,train
"Yemen, Rep.",YEM,"Middle East, North Africa, Afghanistan & Pakistan",2005,2006,809.7131,789.8315,788.9320651177318,789.1809377442055,793.2642549322754,757.33093,Model 1,train
"Yemen, Rep.",YEM,"Middle East, North Africa, Afghanistan & Pakistan",2006,2007,890.3058,870.2594,869.3602688149439,869.6246205491578,917.0438235218676,862.0696,Model 1,train
"Yemen, Rep.",YEM,"Middle East, North Africa, Afghanistan & Pakistan",2007,2008,1071.6358,955.9675,955.0763806370044,955.3564185518444,1050.378812403892,946.9743,Model 1,train
"Yemen, Rep.",YEM,"Middle East, North Africa, Afghanistan & Pakistan",2008,2009,969.2435,1147.2997,1146.142637256659,1146.467131585899,1164.6399404920016,1161.4767,Model 1,train
"Yemen, Rep.",YEM,"Middle East, North Africa, Afghanistan & Pakistan",2009,2010,1155.2031,1040.5163,1039.79862284641,1040.088840515727,1068.6153206409058,1018.692,Model 1,train
"Yemen, Rep.",YEM,"Middle East, North Africa, Afghanistan & Pakistan",2010,2011,1186.475,1236.5847,1235.606455431102,1235.941521398841,1258.3151505753249,1264.2946,Model 1,train
"Yemen, Rep.",YEM,"Middle East, North Africa, Afghanistan & Pakistan",2011,2012,1245.0507,1269.8856,1268.9405834567883,1269.282343896433,1265.187585241075,1295.8555,Model 1,train
"Yemen, Rep.",YEM,"Middle East, North Africa, Afghanistan & Pakistan",2012,2013,1378.75,1331.7054,1330.7028940061753,1331.0600047761843,1305.8303258271667,1320.8615,Model 1,train
"Yemen, Rep.",YEM,"Middle East, North Africa, Afghanistan & Pakistan",2013,2014,1430.1642,1472.9593,1471.9482463746542,1472.3286627216671,1419.497368075244,1517.542,Model 1,train
"Yemen, Rep.",YEM,"Middle East, North Africa, Afghanistan & Pakistan",2014,2015,1362.1738,1526.8189,1525.6652584271285,1526.0646114264923,1465.9695855227935,1550.8191,Model 1,train
South Africa,ZAF,Sub-Saharan Africa ,1991,1992,3462.394,3361.5372,3341.7848462469706,3343.4097948428744,3447.018378591089,3439.2778,Model 1,train
South Africa,ZAF,Sub-Saharan Africa ,1992,1993,3399.6401,3582.5122,3560.660104229809,3562.4180571063644,3523.3228831498773,3629.2842,Model 1,train
South Africa,ZAF,Sub-Saharan Africa ,1993,1994,3488.5971,3516.8935,3494.9251460858104,3496.690704162971,3524.799812966963,3312.8057,Model 1,train
South Africa,ZAF,Sub-Saharan Africa ,1994,1995,3855.6341,3602.0862,3578.0238519193404,3579.9102312450573,3634.376669525599,3555.7932,Model 1,train
South Africa,ZAF,Sub-Saharan Africa ,1995,1996,3617.5534,3968.3061,3939.859225153736,3942.005588935094,3370.7225047499373,3922.927,Model 1,train
South Africa,ZAF,Sub-Saharan Africa ,1996,1997,3700.2355,3723.3058,3695.604046620104,3697.6971107652016,3515.7611420345515,3606.3953,Model 1,train
South Africa,ZAF,Sub-Saharan Africa ,1997,1998,3309.6093,3801.5473,3771.677636496797,3773.893256011186,3302.773159554019,3745.497,Model 1,train
South Africa,ZAF,Sub-Saharan Africa ,1998,1999,3242.3683,3402.7595,3375.1237415524765,3377.192829401727,3299.798528920235,3291.288,Model 1,train
South Africa,ZAF,Sub-Saharan Africa ,1999,2000,3217.8469,3329.1073,3300.504115550917,3302.619260963608,3260.2684245234686,3401.385,Model 1,train
South Africa,ZAF,Sub-Saharan Africa ,2000,2001,2847.1519,3297.7807,3267.6143068160654,3269.809474769224,3184.624616186049,3388.1016,Model 1,train
South Africa,ZAF,Sub-Saharan Africa ,2001,2002,2688.2368,2916.5834,2888.052074617231,2890.1246375291093,2959.394346418451,2966.4238,Model 1,train
South Africa,ZAF,Sub-Saharan Africa ,2002,2003,4062.2176,2746.3939,2716.8093107663067,2718.918205758557,3324.729663828792,2970.72,Model 1,train
South Africa,ZAF,Sub-Saharan Africa ,2003,2004,5221.4633,4101.6331,4051.0591176621465,4054.384937813205,4230.250336080328,4061.428,Model 1,train
South Africa,ZAF,Sub-Saharan Africa ,2004,2005,5836.8766,5241.3319,5173.587964695894,5177.88190296986,5513.951725284947,5325.146,Model 1,train
South Africa,ZAF,Sub-Saharan Africa ,2005,2006,6077.3829,5844.9048,5768.074795363388,5772.875058301022,5792.725006543783,5615.4014,Model 1,train
South Africa,ZAF,Sub-Saharan Africa ,2006,2007,6591.8554,6085.1358,6005.938228343637,6010.878676373332,6139.500959916948,6069.983,Model 1,train
South Africa,ZAF,Sub-Saharan Africa ,2007,2008,6184.7547,6600.8537,6517.253322327869,6522.451066531851,5972.328104288703,6459.079,Model 1,train
South Africa,ZAF,Sub-Saharan Africa ,2008,2009,6374.7056,6216.8442,6142.964834934843,6147.653978413038,6276.614476423653,6156.2114,Model 1,train
South Africa,ZAF,Sub-Saharan Africa ,2009,2010,7973.472,6426.057,6355.489744238802,6360.027666642652,5570.964482687716,4415.4424,Model 1,train
South Africa,ZAF,Sub-Saharan Africa ,2010,2011,8646.0557,8029.4858,7946.359608994152,7951.6125421829265,6515.816218273059,7499.4253,Model 1,train
South Africa,ZAF,Sub-Saharan Africa ,2011,2012,8076.9768,8728.5944,8647.101435415165,8652.29910772427,7722.615002998054,8016.2603,Model 1,train
South Africa,ZAF,Sub-Saharan Africa ,2012,2013,7331.6547,8187.9189,8118.473963501608,8123.051883022961,7329.971444125566,7490.998,Model 1,train
South Africa,ZAF,Sub-Saharan Africa ,2013,2014,6856.7314,7458.7766,7399.7737599686625,7403.803391375845,7081.828748642225,6844.6167,Model 1,train
South Africa,ZAF,Sub-Saharan Africa ,2014,2015,6112.2738,6998.5967,6947.590185760167,6951.2012082080255,6820.439940859121,6774.5073,Model 1,train
South Africa,ZAF,Sub-Saharan Africa ,2015,2016,5651.2059,6266.5334,6225.5188961312615,6228.5909525305615,6086.542688179014,6028.5615,Model 1,train
South Africa,ZAF,Sub-Saharan Africa ,2016,2017,6618.3351,5812.9328,5778.2749446629105,5780.997199183043,6264.14300428051,5783.187,Model 1,train
South Africa,ZAF,Sub-Saharan Africa ,2017,2018,6914.178,6796.7649,6757.598162770353,6760.615446521467,6948.486286956487,6666.1016,Model 1,train
Zambia,ZMB,Sub-Saharan Africa ,1994,1995,433.3128,443.5592,438.27899417221744,438.6440909824918,420.56774202087735,425.5114,Model 1,train
Zambia,ZMB,Sub-Saharan Africa ,1995,1996,399.5113,450.2758,444.8014582388381,445.17838071830926,415.4652839901947,436.8908,Model 1,train
Zambia,ZMB,Sub-Saharan Africa ,1996,1997,465.8719,415.5295,410.4348127144609,410.7889953635522,431.7192634781427,402.4704,Model 1,train
Zambia,ZMB,Sub-Saharan Africa ,1997,1998,373.0848,482.988,476.9298769377885,477.3429421787025,438.3583086413302,454.59836,Model 1,train
Zambia,ZMB,Sub-Saharan Africa ,1998,1999,349.5157,388.5109,383.7505943991068,384.0860732356504,337.5347640199503,351.96527,Model 1,train
Zambia,ZMB,Sub-Saharan Africa ,1999,2000,359.4295,364.6306,360.2402473307435,360.55431234861766,353.7827628226691,345.58057,Model 1,train
Zambia,ZMB,Sub-Saharan Africa ,2000,2001,396.549,375.3378,370.9537433888535,371.2701698262651,360.6670515547005,352.28717,Model 1,train
Zambia,ZMB,Sub-Saharan Africa ,2001,2002,393.8646,414.0831,409.3988548658494,409.7376061933609,403.78998471537574,401.02942,Model 1,train
Zambia,ZMB,Sub-Saharan Africa ,2002,2003,446.2901,412.3742,407.99021342676394,408.3146476599216,420.1655550177345,410.78864,Model 1,train
Zambia,ZMB,Sub-Saharan Africa ,2003,2004,548.686,467.3568,462.6425726001344,462.99321903760926,532.6094417470953,472.46054,Model 1,train
Zambia,ZMB,Sub-Saharan Africa ,2004,2005,710.9821,573.4152,567.7801922714733,568.1935945801725,608.8194799153305,593.71124,Model 1,train
Zambia,ZMB,Sub-Saharan Africa ,2005,2006,1051.7171,740.9833,733.9074701894702,734.415726330907,836.7433139583788,737.1412,Model 1,train
Zambia,ZMB,Sub-Saharan Africa ,2006,2007,1118.7316,1090.1208,1079.7881661442034,1080.496121839829,1114.306827057229,1076.0297,Model 1,train
Zambia,ZMB,Sub-Saharan Africa ,2007,2008,1375.5021,1160.9777,1150.6219402221695,1151.3399191433268,1225.7655248737913,1130.7979,Model 1,train
Zambia,ZMB,Sub-Saharan Africa ,2008,2009,1136.2417,1425.1535,1412.979026904282,1413.8104052661504,1290.9037810637456,1512.5305,Model 1,train
Zambia,ZMB,Sub-Saharan Africa ,2009,2010,1451.1062,1184.8486,1175.8703847992745,1176.52775083375,1320.964447641671,1142.1595,Model 1,train
Zambia,ZMB,Sub-Saharan Africa ,2010,2011,1624.8682,1509.2294,1498.1784391282458,1498.9668298222891,1527.956037138265,1500.6305,Model 1,train
Zambia,ZMB,Sub-Saharan Africa ,2011,2012,1710.0506,1689.8375,1678.1752405733969,1679.0090982958395,1521.01119474933,1568.6703,Model 1,train
Zambia,ZMB,Sub-Saharan Africa ,2012,2013,1820.7185,1780.2005,1768.735628273192,1769.5689564483228,1623.8979200843612,1707.5865,Model 1,train
Zambia,ZMB,Sub-Saharan Africa ,2013,2014,1707.4857,1896.2937,1884.768229793748,1885.615404541468,1647.3013526389354,1759.0253,Model 1,train
Zambia,ZMB,Sub-Saharan Africa ,2014,2015,1295.8779,1783.4999,1773.5697488665935,1774.3357863977496,1341.3243356991482,1659.8605,Model 1,train
Zambia,ZMB,Sub-Saharan Africa ,2015,2016,1239.0853,1363.2422,1356.760826188351,1357.328224843125,1300.1389762028894,1285.6257,Model 1,train
Zambia,ZMB,Sub-Saharan Africa ,2016,2017,1483.4658,1305.9078,1300.0942698266858,1300.6268682228483,1348.6007389333545,1261.8373,Model 1,train
Zambia,ZMB,Sub-Saharan Africa ,2017,2018,1463.9,1559.2751,1552.2904309673704,1552.9072899493883,1496.8664683632894,1557.125,Model 1,train
Zimbabwe,ZWE,Sub-Saharan Africa ,2010,2011,1037.7757,935.9994,926.7506737730712,927.4004109129584,928.3658191640328,923.06366,Model 1,train
Zimbabwe,ZWE,Sub-Saharan Africa ,2011,2012,1239.2271,1078.965,1069.490010124501,1070.1656738018526,1164.7224952142817,1082.3231,Model 1,train
Zimbabwe,ZWE,Sub-Saharan Africa ,2012,2013,1362.995,1288.3182,1277.9047133818078,1278.645882526459,1281.4744729337756,1254.8171,Model 1,train
Zimbabwe,ZWE,Sub-Saharan Africa ,2013,2014,1372.9153,1419.2186,1408.9079912452726,1409.653914929509,1403.9829314983638,1395.344,Model 1,train
Zimbabwe,ZWE,Sub-Saharan Africa ,2014,2015,1387.1263,1433.7146,1424.4846346138984,1425.177836946846,1429.2586404730018,1405.8312,Model 1,train
Zimbabwe,ZWE,Sub-Saharan Africa ,2015,2016,1408.1395,1451.3382,1442.814863832855,1443.4747015278658,1508.355931493251,1485.362,Model 1,train
Zimbabwe,ZWE,Sub-Saharan Africa ,2016,2017,3445.4494,1475.6071,1467.651527585276,1468.285614233244,1965.6825294587877,1520.8098,Model 1,train
Zimbabwe,ZWE,Sub-Saharan Africa ,2017,2018,2270.8953,3549.0718,3526.0911200609894,3527.525186981122,2978.948740767509,3414.2124,Model 1,train
