country_name,country_code,wb_region,feature_year,target_year,actual_gdp_next_year,pred_ols,pred_ridge,pred_elastic_net,pred_random_forest,pred_xgboost,spec,split
Afghanistan,AFG,"Middle East, North Africa, Afghanistan & Pakistan",2018,2019,496.6025,526.1858,526.1858168886537,533.2004219773147,514.2634658663196,562.8451,Model 3,test
Afghanistan,AFG,"Middle East, North Africa, Afghanistan & Pakistan",2019,2020,510.7871,531.6897,531.6896794781024,539.0064826805204,519.546603270447,569.6196,Model 3,test
Afghanistan,AFG,"Middle East, North Africa, Afghanistan & Pakistan",2020,2021,356.4962,545.5479,545.547894236047,551.9114064358503,522.7230618166411,580.4886,Model 3,test
Afghanistan,AFG,"Middle East, North Africa, Afghanistan & Pakistan",2021,2022,357.2612,382.1653,382.1653269250109,387.2170469424803,413.13524370845687,412.98264,Model 3,test
Afghanistan,AFG,"Middle East, North Africa, Afghanistan & Pakistan",2022,2023,413.7579,385.695,385.6950310785448,392.1431805342131,428.87125994495534,420.39386,Model 3,test
Angola,AGO,Sub-Saharan Africa ,2018,2019,2493.6788,2937.0736,2937.07343556195,2983.8547535881353,2845.784718102887,2961.932,Model 3,test
Angola,AGO,Sub-Saharan Africa ,2019,2020,1759.3562,2562.3924,2562.3922813990994,2610.340507656303,2591.959532725331,2669.6619,Model 3,test
Angola,AGO,Sub-Saharan Africa ,2020,2021,2303.9081,1817.5217,1817.5216934402704,1855.2649059527407,1814.2041206257072,1958.0293,Model 3,test
Angola,AGO,Sub-Saharan Africa ,2021,2022,3682.1132,2368.52,2368.5199344436437,2412.3292644284893,2496.10204793222,2271.516,Model 3,test
Angola,AGO,Sub-Saharan Africa ,2022,2023,2916.1366,3757.3232,3757.322920260652,3822.8474909459183,3341.365946022515,3485.9639,Model 3,test
Albania,ALB,Europe & Central Asia,2018,2019,6069.439,6278.9271,6278.927955862048,6273.8055504072845,6443.685672937862,6709.5103,Model 3,test
Albania,ALB,Europe & Central Asia,2019,2020,6027.9135,6450.8257,6450.826624374039,6451.276147376806,6797.642622943804,7117.1123,Model 3,test
Albania,ALB,Europe & Central Asia,2020,2021,7242.4551,6383.3546,6383.355418617058,6381.25500998869,6504.950645924222,6693.928,Model 3,test
Albania,ALB,Europe & Central Asia,2021,2022,7756.9619,7618.0357,7618.036557210224,7614.11417759521,7654.222705482161,7904.506,Model 3,test
Albania,ALB,Europe & Central Asia,2022,2023,9730.8692,8164.2247,8164.225761108284,8170.837520538514,8485.165761052329,9758.249,Model 3,test
United Arab Emirates,ARE,"Middle East, North Africa, Afghanistan & Pakistan",2018,2019,45938.6074,47263.0002,47263.00105706984,48174.09556740356,48983.62494742251,48581.38,Model 3,test
United Arab Emirates,ARE,"Middle East, North Africa, Afghanistan & Pakistan",2019,2020,37991.7493,46008.7319,46008.732951446655,46962.060418925255,48340.660195199096,46984.816,Model 3,test
United Arab Emirates,ARE,"Middle East, North Africa, Afghanistan & Pakistan",2020,2021,44118.5047,38085.4724,38085.47380596854,38923.94220651163,39752.86555573791,40406.684,Model 3,test
United Arab Emirates,ARE,"Middle East, North Africa, Afghanistan & Pakistan",2021,2022,50759.7589,43958.359,43958.35762098387,44742.838108523545,44461.41418967834,43542.38,Model 3,test
United Arab Emirates,ARE,"Middle East, North Africa, Afghanistan & Pakistan",2022,2023,49850.6872,50556.1873,50556.185376687885,51436.754972390954,49120.02690162675,49233.938,Model 3,test
Argentina,ARG,Latin America & Caribbean ,2018,2019,9955.9748,12053.1509,12053.15118737269,12243.852773096727,11979.88639502891,12432.13,Model 3,test
Argentina,ARG,Latin America & Caribbean ,2019,2020,8535.5994,10256.6868,10256.687163298977,10405.741363534094,10340.97855878696,10721.327,Model 3,test
Argentina,ARG,Latin America & Caribbean ,2020,2021,10738.0179,8764.7054,8764.70594761143,8927.686847972209,8721.405335905783,9844.966,Model 3,test
Argentina,ARG,Latin America & Caribbean ,2021,2022,13962.1894,10963.3769,10963.376848882524,11119.444771725228,10715.847579545403,11234.129,Model 3,test
Argentina,ARG,Latin America & Caribbean ,2022,2023,14261.8466,14276.0027,14276.002305370745,14420.77379969764,13216.087182284273,14433.48,Model 3,test
Armenia,ARM,Europe & Central Asia,2018,2019,4597.2289,4461.8706,4461.871215153976,4463.137228305409,4452.209038849407,4655.6997,Model 3,test
Armenia,ARM,Europe & Central Asia,2019,2020,4268.6809,4883.8136,4883.8142810113495,4882.9357069059615,4919.963288941806,4856.3477,Model 3,test
Armenia,ARM,Europe & Central Asia,2020,2021,4685.18,4507.8126,4507.813195100115,4510.806800871404,4555.338257270998,4548.575,Model 3,test
Armenia,ARM,Europe & Central Asia,2021,2022,6571.9745,4934.2138,4934.214266425476,4925.595005328615,4991.929918745806,5178.506,Model 3,test
Armenia,ARM,Europe & Central Asia,2022,2023,8159.0872,6907.934,6907.93453388326,6888.8988231472995,6854.31482155645,7086.8643,Model 3,test
Australia,AUS,East Asia & Pacific,2018,2019,55194.7585,57945.3927,57945.390368419794,58452.30274597394,56520.10825852885,57768.617,Model 3,test
Australia,AUS,East Asia & Pacific,2019,2020,51983.4524,55655.3174,55655.31580171001,56227.774634334106,54626.04107217544,54028.26,Model 3,test
Australia,AUS,East Asia & Pacific,2020,2021,60758.9044,52415.8634,52415.86245874053,53027.32648705385,53027.15099555657,53381.35,Model 3,test
Australia,AUS,East Asia & Pacific,2021,2022,65169.5191,61071.9865,61071.98427001801,61733.44292473896,60253.29221598738,60455.37,Model 3,test
Australia,AUS,East Asia & Pacific,2022,2023,65058.3773,65447.817,65447.81317789868,66052.10024825514,66685.08221279613,66665.18,Model 3,test
Austria,AUT,Europe & Central Asia,2018,2019,49885.9947,52396.6831,52396.68139595128,52139.650488070496,50623.57172873561,50457.613,Model 3,test
Austria,AUT,Europe & Central Asia,2019,2020,48716.4099,51051.067,51051.06544003085,50825.67380157697,50234.68146682527,49499.277,Model 3,test
Austria,AUT,Europe & Central Asia,2020,2021,53648.6438,49791.5536,49791.55139875521,49552.736551155256,49590.43770897741,49167.027,Model 3,test
Austria,AUT,Europe & Central Asia,2021,2022,52336.7725,54633.7012,54633.69862238408,54414.590861049976,52528.58416046646,53640.184,Model 3,test
Austria,AUT,Europe & Central Asia,2022,2023,56579.5042,53335.092,53335.08930050835,53090.55583618895,52535.791845987245,54307.684,Model 3,test
Azerbaijan,AZE,Europe & Central Asia,2018,2019,4805.7537,4993.2092,4993.209692169112,4999.55129386357,5098.729606349475,5262.8804,Model 3,test
Azerbaijan,AZE,Europe & Central Asia,2019,2020,4229.9106,5058.0559,5058.0564560659805,5067.183272763876,5084.670374584734,5622.539,Model 3,test
Azerbaijan,AZE,Europe & Central Asia,2020,2021,5408.0454,4435.3972,4435.397551834652,4441.33373028257,4472.398727501261,4720.8965,Model 3,test
Azerbaijan,AZE,Europe & Central Asia,2021,2022,7770.5942,5652.0971,5652.097472559284,5651.552878311471,5477.270699650014,5991.495,Model 3,test
Azerbaijan,AZE,Europe & Central Asia,2022,2023,7133.0284,8106.3954,8106.395914462121,8103.351883648758,7908.509751942193,8682.444,Model 3,test
Burundi,BDI,Sub-Saharan Africa ,2018,2019,234.3106,264.1734,264.17346018826015,270.4284163104137,262.57548532243146,296.14038,Model 3,test
Burundi,BDI,Sub-Saharan Africa ,2019,2020,255.8325,252.0255,252.02552948019695,258.2460854950094,263.6920588833567,283.87198,Model 3,test
Burundi,BDI,Sub-Saharan Africa ,2020,2021,264.9804,275.0598,275.05988201711506,281.4570446915797,277.4432280374304,305.77435,Model 3,test
Burundi,BDI,Sub-Saharan Africa ,2021,2022,302.9925,284.3757,284.37575446687526,290.80381594671644,296.9987999174961,308.1639,Model 3,test
Burundi,BDI,Sub-Saharan Africa ,2022,2023,250.6273,325.0973,325.0973319701299,331.8538829006868,387.2270632868216,386.6471,Model 3,test
Belgium,BEL,Europe & Central Asia,2018,2019,46716.6227,48600.7078,48600.706754882005,48436.31922085216,49252.236590781606,48462.73,Model 3,test
Belgium,BEL,Europe & Central Asia,2019,2020,45906.2876,47791.7236,47791.722857410125,47677.50487051674,49663.36814748978,48613.36,Model 3,test
Belgium,BEL,Europe & Central Asia,2020,2021,51658.2383,46843.1567,46843.155153465144,46706.96572716639,47904.15996987633,46672.027,Model 3,test
Belgium,BEL,Europe & Central Asia,2021,2022,50605.7497,52639.4824,52639.48059248567,52508.39799455933,52211.363345610145,49655.54,Model 3,test
Belgium,BEL,Europe & Central Asia,2022,2023,55291.4755,51594.1588,51594.156761909035,51423.878754241014,49945.682673282114,49481.625,Model 3,test
Benin,BEN,Sub-Saharan Africa ,2018,2019,1130.8214,1200.7706,1200.770605798949,1218.8485571198155,1166.482671728094,1188.3525,Model 3,test
Benin,BEN,Sub-Saharan Africa ,2019,2020,1200.1943,1178.1683,1178.168252488803,1196.8729417726202,1161.6672310860176,1188.3525,Model 3,test
Benin,BEN,Sub-Saharan Africa ,2020,2021,1318.6516,1248.5818,1248.5817991169863,1268.4786143424114,1203.5767127402992,1226.5884,Model 3,test
Benin,BEN,Sub-Saharan Africa ,2021,2022,1266.4271,1365.0473,1365.047249591557,1388.1668339250052,1456.8073507741242,1467.8555,Model 3,test
Benin,BEN,Sub-Saharan Africa ,2022,2023,1394.1778,1311.3226,1311.3225594539288,1336.0128282019894,1265.1686135671096,1324.1539,Model 3,test
Burkina Faso,BFA,Sub-Saharan Africa ,2018,2019,764.8531,817.1046,817.1046183955226,830.5710830186075,774.8844481741675,793.82776,Model 3,test
Burkina Faso,BFA,Sub-Saharan Africa ,2019,2020,825.237,802.8679,802.86793469081,817.2316974763079,734.628750896855,810.63336,Model 3,test
Burkina Faso,BFA,Sub-Saharan Africa ,2020,2021,895.5353,864.6054,864.605410409353,880.168527145069,840.7163000307212,833.28894,Model 3,test
Burkina Faso,BFA,Sub-Saharan Africa ,2021,2022,827.3308,934.7577,934.7577413803212,951.915821921864,936.5233975314706,920.51917,Model 3,test
Burkina Faso,BFA,Sub-Saharan Africa ,2022,2023,873.4826,864.544,864.5439895272591,881.6517633303848,867.8800814419143,899.5869,Model 3,test
Bangladesh,BGD,South Asia,2018,2019,2129.799,2095.2173,2095.217207836291,2110.5128898937483,2084.53360637026,2192.09,Model 3,test
Bangladesh,BGD,South Asia,2019,2020,2248.8508,2264.4253,2264.425200387787,2284.0459980647283,2203.660082230234,2344.924,Model 3,test
Bangladesh,BGD,South Asia,2020,2021,2482.8492,2379.384,2379.3838879016052,2400.9265183660746,2395.847391552953,2540.1555,Model 3,test
Bangladesh,BGD,South Asia,2021,2022,2716.4859,2617.7977,2617.7974572009716,2641.2677910114635,2573.663608448328,2719.3335,Model 3,test
Bangladesh,BGD,South Asia,2022,2023,2551.0177,2868.5159,2868.5157613729734,2901.749169980368,2879.8766045877765,3061.7444,Model 3,test
Bulgaria,BGR,Europe & Central Asia,2018,2019,10353.7205,10336.4839,10336.483984896237,10261.905989542252,10507.163315584274,9725.75,Model 3,test
Bulgaria,BGR,Europe & Central Asia,2019,2020,10760.212,10844.4948,10844.494872992893,10771.53076660781,10683.14581260042,10340.623,Model 3,test
Bulgaria,BGR,Europe & Central Asia,2020,2021,12966.1458,11219.8307,11219.83038706684,11135.066388620276,11114.869755445134,10417.463,Model 3,test
Bulgaria,BGR,Europe & Central Asia,2021,2022,13999.195,13418.605,13418.6040894202,13291.04493276234,12425.126016764916,11453.671,Model 3,test
Bulgaria,BGR,Europe & Central Asia,2022,2023,15853.2086,14529.2909,14529.290376040535,14406.9561756819,13425.581087443588,13239.109,Model 3,test
Bahrain,BHR,"Middle East, North Africa, Afghanistan & Pakistan",2018,2019,27259.7439,26690.1982,26690.200117286968,27141.471157751348,26805.246013271124,29232.44,Model 3,test
Bahrain,BHR,"Middle East, North Africa, Afghanistan & Pakistan",2019,2020,24342.8445,27593.632,27593.63388132856,28068.67593998165,27920.69160493442,30851.68,Model 3,test
Bahrain,BHR,"Middle East, North Africa, Afghanistan & Pakistan",2020,2021,27147.8084,24598.1296,24598.13091840963,25016.162318297946,26139.420499723503,26742.486,Model 3,test
Bahrain,BHR,"Middle East, North Africa, Afghanistan & Pakistan",2021,2022,30470.5219,27350.6074,27350.6080490363,27775.71368397985,27810.470332558707,28805.648,Model 3,test
Bahrain,BHR,"Middle East, North Africa, Afghanistan & Pakistan",2022,2023,29290.1284,30754.7325,30754.73385721133,31268.954015538995,30935.572200710387,32886.855,Model 3,test
"Bahamas, The",BHS,Latin America & Caribbean ,2018,2019,33640.337,32976.4831,32976.48081043367,33037.06416230918,34453.42639125629,33605.508,Model 3,test
"Bahamas, The",BHS,Latin America & Caribbean ,2019,2020,26178.7538,33761.9913,33761.98809196027,33807.52505051789,31104.7712348847,30281.164,Model 3,test
"Bahamas, The",BHS,Latin America & Caribbean ,2020,2021,30367.8606,26376.9016,26376.900597538643,26531.363260905644,25946.585123501187,24476.71,Model 3,test
"Bahamas, The",BHS,Latin America & Caribbean ,2021,2022,34957.1613,30439.3933,30439.390298589493,30505.805479033657,26947.429856965344,26593.857,Model 3,test
"Bahamas, The",BHS,Latin America & Caribbean ,2022,2023,38231.7745,35127.6086,35127.606081415826,35264.397248042114,37198.1957666464,37583.73,Model 3,test
Bosnia and Herzegovina,BIH,Europe & Central Asia,2018,2019,6122.3754,6406.2974,6406.298333253805,6411.987062678937,6529.025787974501,6566.4155,Model 3,test
Bosnia and Herzegovina,BIH,Europe & Central Asia,2019,2020,6130.3119,6477.4018,6477.402603794006,6477.259807427285,6601.36378847656,6549.317,Model 3,test
Bosnia and Herzegovina,BIH,Europe & Central Asia,2020,2021,7295.3438,6462.4478,6462.448485903842,6462.289514559624,6461.863277438847,6501.437,Model 3,test
Bosnia and Herzegovina,BIH,Europe & Central Asia,2021,2022,7655.5942,7649.9859,7649.986421679459,7630.912348951024,7367.742247414655,7583.7314,Model 3,test
Bosnia and Herzegovina,BIH,Europe & Central Asia,2022,2023,8663.0233,8050.2428,8050.24344785861,8031.897726368898,8156.628654644664,8389.191,Model 3,test
Belarus,BLR,Europe & Central Asia,2018,2019,6837.7734,6683.801,6683.801546020601,6680.854831859244,6431.247632269457,6664.868,Model 3,test
Belarus,BLR,Europe & Central Asia,2019,2020,6542.8558,7167.1377,7167.138320680553,7166.995273077248,6954.767657087412,7789.1675,Model 3,test
Belarus,BLR,Europe & Central Asia,2020,2021,7489.7189,6835.8283,6835.828654462795,6829.362031442472,6744.283189577465,7138.702,Model 3,test
Belarus,BLR,Europe & Central Asia,2021,2022,7994.6481,7803.7529,7803.75314937847,7787.574226546508,7751.650443308389,8201.682,Model 3,test
Belarus,BLR,Europe & Central Asia,2022,2023,7896.7539,8339.0159,8339.01633877361,8331.260156787424,7885.447154042261,8726.865,Model 3,test
Belize,BLZ,Latin America & Caribbean ,2018,2019,6171.6145,6277.2512,6277.251373618128,6298.071675511108,6196.792605285854,6365.141,Model 3,test
Belize,BLZ,Latin America & Caribbean ,2019,2020,5238.5408,6429.2278,6429.228023627821,6460.742004833375,6191.653532968854,6512.762,Model 3,test
Belize,BLZ,Latin America & Caribbean ,2020,2021,6142.9893,5450.2314,5450.231719512915,5488.850747770048,5495.883915406755,5701.2314,Model 3,test
Belize,BLZ,Latin America & Caribbean ,2021,2022,7068.2173,6357.6418,6357.642000562365,6400.006008490068,6236.993367789641,6367.357,Model 3,test
Belize,BLZ,Latin America & Caribbean ,2022,2023,7424.7582,7312.2129,7312.213101371869,7355.944509910319,7002.363744753286,7345.885,Model 3,test
Bolivia,BOL,Latin America & Caribbean ,2018,2019,4203.1549,4372.6538,4372.653539662999,4398.6769677059765,4358.415156420953,4220.1895,Model 3,test
Bolivia,BOL,Latin America & Caribbean ,2019,2020,3580.9676,4361.9327,4361.932452670386,4393.1340557969515,4341.375812587108,4220.1895,Model 3,test
Bolivia,BOL,Latin America & Caribbean ,2020,2021,4010.7605,3683.9679,3683.967696000392,3714.3583916843054,3299.425888527986,3530.9963,Model 3,test
Bolivia,BOL,Latin America & Caribbean ,2021,2022,4219.4611,4102.6689,4102.668540258987,4133.579794603426,3806.5919609156754,3855.2483,Model 3,test
Bolivia,BOL,Latin America & Caribbean ,2022,2023,4274.7082,4335.4949,4335.49486648326,4397.387256948307,4412.162083443181,4461.7593,Model 3,test
Brazil,BRA,Latin America & Caribbean ,2018,2019,9029.833,9490.94,9490.9402142183,9716.77019512152,9846.917453005026,9987.363,Model 3,test
Brazil,BRA,Latin America & Caribbean ,2019,2020,7074.1941,9205.8508,9205.8511785063,9437.461190592345,9766.310054901762,9977.216,Model 3,test
Brazil,BRA,Latin America & Caribbean ,2020,2021,7972.537,7205.1224,7205.122919083901,7408.664081260115,7013.099914436822,7673.902,Model 3,test
Brazil,BRA,Latin America & Caribbean ,2021,2022,9281.3328,8093.374,8093.374125266614,8295.16661965989,7849.529583602961,8345.638,Model 3,test
Brazil,BRA,Latin America & Caribbean ,2022,2023,10377.5898,9422.0544,9422.054514006297,9655.553200530085,9588.15736561884,9899.704,Model 3,test
Barbados,BRB,Latin America & Caribbean ,2018,2019,21912.1501,21912.7528,21912.75227133796,21956.946182596836,21649.634444404084,21004.035,Model 3,test
Barbados,BRB,Latin America & Caribbean ,2019,2020,19194.492,22432.9403,22432.939612684495,22480.478466065437,21851.878830366168,21440.271,Model 3,test
Brunei Darussalam,BRN,East Asia & Pacific,2018,2019,30426.5731,31523.6673,31523.66627797796,31462.71629964957,31856.11644701144,32651.537,Model 3,test
Brunei Darussalam,BRN,East Asia & Pacific,2019,2020,26834.3592,30944.1921,30944.190979941646,30888.688396741545,31224.173075140036,30426.105,Model 3,test
Brunei Darussalam,BRN,East Asia & Pacific,2020,2021,31006.9636,27325.037,27325.036438656236,27305.094609476462,28255.677940909467,27924.504,Model 3,test
Brunei Darussalam,BRN,East Asia & Pacific,2021,2022,36632.9281,31468.7505,31468.74901955576,31410.664092775292,32768.26844996215,30850.414,Model 3,test
Brunei Darussalam,BRN,East Asia & Pacific,2022,2023,32890.5492,36960.1429,36960.139212643655,36790.79389403992,33555.024398221445,34139.93,Model 3,test
Bhutan,BTN,South Asia,2018,2019,3576.8799,3598.5403,3598.540411733127,3603.408988453818,3464.709611401458,3642.568,Model 3,test
Bhutan,BTN,South Asia,2019,2020,3191.6691,3769.9127,3769.9129166770695,3786.2024791305457,3890.9550658591256,4041.3215,Model 3,test
Bhutan,BTN,South Asia,2020,2021,3570.6126,3366.5173,3366.517476540781,3386.725689449625,3323.0368101391855,3655.6392,Model 3,test
Bhutan,BTN,South Asia,2021,2022,3711.3277,3749.4828,3749.483101970191,3778.3260153388296,3898.8321581287623,4390.9565,Model 3,test
Bhutan,BTN,South Asia,2022,2023,3831.3254,3888.7463,3888.74660282775,3923.791346422703,3939.2629998155903,4659.142,Model 3,test
Botswana,BWA,Sub-Saharan Africa ,2018,2019,7172.0896,7515.0541,7515.0538091704,7625.508285654401,7830.977839620443,7036.094,Model 3,test
Botswana,BWA,Sub-Saharan Africa ,2019,2020,6323.2975,7274.773,7274.772818059243,7395.902000227923,7379.777301641386,7003.7524,Model 3,test
Botswana,BWA,Sub-Saharan Africa ,2020,2021,7807.8879,6418.6647,6418.664733424576,6541.585040386644,6417.070897978335,6267.355,Model 3,test
Botswana,BWA,Sub-Saharan Africa ,2021,2022,8328.7091,7848.4949,7848.494195167696,7958.917282977626,7994.316626167677,7676.932,Model 3,test
Botswana,BWA,Sub-Saharan Africa ,2022,2023,7826.3538,8412.2793,8412.279167029967,8571.863394192673,7999.0318556224365,8430.688,Model 3,test
Central African Republic,CAF,Sub-Saharan Africa ,2018,2019,449.2285,479.9628,479.96276549914785,484.17895729136126,478.7281564384036,502.3413,Model 3,test
Central African Republic,CAF,Sub-Saharan Africa ,2019,2020,462.8791,461.0131,461.01292080261345,456.701320645531,480.1656996187168,496.34515,Model 3,test
Central African Republic,CAF,Sub-Saharan Africa ,2022,2023,495.9789,470.1165,470.1162906188249,460.9635058417273,502.9408898030149,518.68414,Model 3,test
Canada,CAN,North America,2018,2019,46352.8693,47593.725,47593.726504507606,47512.84229872918,47455.70120754841,48188.746,Model 3,test
Canada,CAN,North America,2019,2020,43537.8393,47428.955,47428.95615071689,47331.81479242643,47272.05191804718,48188.746,Model 3,test
Canada,CAN,North America,2020,2021,52886.6616,44484.658,44484.65896423538,44430.617652597735,44006.34825035085,43908.668,Model 3,test
Canada,CAN,North America,2021,2022,56256.8007,53848.0446,53848.04425952409,53696.85230714883,50667.240410438506,53321.82,Model 3,test
Canada,CAN,North America,2022,2023,54220.3285,57213.8762,57213.874637444686,56967.89872437177,52716.54223134115,53692.695,Model 3,test
Switzerland,CHE,Europe & Central Asia,2018,2019,84121.931,86627.6829,86627.67845740194,86180.01532692803,82579.86553221615,81123.82,Model 3,test
Switzerland,CHE,Europe & Central Asia,2019,2020,85897.7843,85450.3837,85450.379556148,85068.50932882685,82637.49786102943,81123.82,Model 3,test
Switzerland,CHE,Europe & Central Asia,2020,2021,93664.7737,87013.6444,87013.63873464397,86596.87351687794,82280.66191976437,81123.82,Model 3,test
Switzerland,CHE,Europe & Central Asia,2021,2022,94394.5107,94758.2085,94758.20205102414,94332.89807262416,81583.04201022747,81123.82,Model 3,test
Switzerland,CHE,Europe & Central Asia,2022,2023,100623.5496,95424.8514,95424.84402574992,94958.35082831112,79346.13073517675,80723.28,Model 3,test
Chile,CHL,Latin America & Caribbean ,2018,2019,14495.7167,15980.9935,15980.994950006534,16341.25920974433,15534.278865471886,16832.145,Model 3,test
Chile,CHL,Latin America & Caribbean ,2019,2020,13114.8155,14796.4811,14796.482447076563,15135.547268562586,15191.790905364074,16401.916,Model 3,test
Chile,CHL,Latin America & Caribbean ,2020,2021,16206.8325,13366.9492,13366.950468139676,13686.825250860362,14487.015043115687,15438.445,Model 3,test
Chile,CHL,Latin America & Caribbean ,2021,2022,15405.6166,16437.0009,16437.001920011444,16804.73960228213,18545.361334448815,18740.01,Model 3,test
Chile,CHL,Latin America & Caribbean ,2022,2023,17067.0365,15643.727,15643.728064370092,15992.030721132658,15197.852997052314,16702.94,Model 3,test
China,CHN,East Asia & Pacific,2018,2019,10342.901,10372.2605,10372.260518026853,10564.79344850641,10198.550996219066,11283.962,Model 3,test
China,CHN,East Asia & Pacific,2019,2020,10627.4638,10633.2428,10633.242660218822,10826.316191092175,10362.715113268652,11283.962,Model 3,test
China,CHN,East Asia & Pacific,2020,2021,12887.4357,10894.1712,10894.171157831435,11111.899887595391,10589.703718652783,11954.962,Model 3,test
China,CHN,East Asia & Pacific,2021,2022,12970.6056,13149.4138,13149.413505439055,13410.285537438842,13342.67690140106,14263.189,Model 3,test
China,CHN,East Asia & Pacific,2022,2023,12951.1782,13216.8172,13216.8169942435,13488.41402801201,13507.276666766234,14263.189,Model 3,test
Cote d'Ivoire,CIV,Sub-Saharan Africa ,2018,2019,2141.7684,2183.5543,2183.5542061562346,2224.307073186567,2167.2636469878857,2150.8447,Model 3,test
Cote d'Ivoire,CIV,Sub-Saharan Africa ,2019,2020,2179.7293,2195.3117,2195.3115884417966,2236.25872196506,2183.100386968745,2150.8447,Model 3,test
Cote d'Ivoire,CIV,Sub-Saharan Africa ,2020,2021,2455.9813,2232.2781,2232.277997213089,2272.8301691757547,2224.877646421381,2202.7222,Model 3,test
Cote d'Ivoire,CIV,Sub-Saharan Africa ,2021,2022,2333.3713,2509.8074,2509.8072317135207,2553.123944568262,2433.702461266769,2455.1497,Model 3,test
Cote d'Ivoire,CIV,Sub-Saharan Africa ,2022,2023,2591.9659,2387.3038,2387.303711969331,2433.528776928005,2364.6336316277407,2365.9102,Model 3,test
Cameroon,CMR,Sub-Saharan Africa ,2018,2019,1555.2266,1664.9301,1664.9300456076712,1697.0817044494313,1704.8480225516269,1726.5613,Model 3,test
Cameroon,CMR,Sub-Saharan Africa ,2019,2020,1555.6037,1605.4811,1605.4811079069923,1640.6384041000213,1726.921697059596,1738.8363,Model 3,test
Cameroon,CMR,Sub-Saharan Africa ,2020,2021,1672.3266,1604.0116,1604.011660305584,1639.8676190489275,1727.828577614535,1738.8363,Model 3,test
Cameroon,CMR,Sub-Saharan Africa ,2021,2022,1604.8773,1719.2959,1719.2958656639455,1756.8695113527754,1745.9396043916206,1830.0469,Model 3,test
Cameroon,CMR,Sub-Saharan Africa ,2022,2023,1720.4751,1653.0684,1653.068426132755,1691.1841524927534,1740.0340002629728,1731.7417,Model 3,test
"Congo, Rep.",COG,Sub-Saharan Africa ,2018,2019,2488.4247,2791.1896,2791.1894358178583,2826.064863050646,2804.8541526594,2761.077,Model 3,test
"Congo, Rep.",COG,Sub-Saharan Africa ,2019,2020,1993.5867,2572.2515,2572.251354117431,2605.5317986451087,2550.995051829387,2574.8687,Model 3,test
"Congo, Rep.",COG,Sub-Saharan Africa ,2020,2021,2516.1626,2065.4303,2065.4303329854856,2102.105988935594,2099.291834544845,2135.596,Model 3,test
"Congo, Rep.",COG,Sub-Saharan Africa ,2021,2022,2620.838,2588.7229,2588.722823391696,2636.3355445189777,2634.637012554379,2649.743,Model 3,test
"Congo, Rep.",COG,Sub-Saharan Africa ,2022,2023,2477.9785,2688.237,2688.237052530153,2746.44770010856,2756.626228955609,2825.0476,Model 3,test
Colombia,COL,Latin America & Caribbean ,2018,2019,6472.5454,7039.1949,7039.195394423992,7186.753840411645,7121.195269112131,7188.142,Model 3,test
Colombia,COL,Latin America & Caribbean ,2019,2020,5339.6871,6683.6173,6683.617757663998,6830.2755544195925,6901.983603432162,6519.884,Model 3,test
Colombia,COL,Latin America & Caribbean ,2020,2021,6222.6216,5499.2408,5499.241294061643,5630.840923940452,5782.815174192147,5872.9595,Model 3,test
Colombia,COL,Latin America & Caribbean ,2021,2022,6680.4451,6369.2017,6369.2018769382585,6506.011774907581,6180.507599633812,6346.1875,Model 3,test
Colombia,COL,Latin America & Caribbean ,2022,2023,7000.8366,6869.5625,6869.562957964014,7026.346293604101,6862.496940121977,7445.309,Model 3,test
Comoros,COM,Sub-Saharan Africa ,2019,2020,1519.3467,1590.3628,1590.3628873214725,1607.919931748256,1522.3907460427,1559.0269,Model 3,test
Comoros,COM,Sub-Saharan Africa ,2020,2021,1554.9729,1595.15,1595.1500403757557,1616.6618758863435,1521.7628895238863,1584.4413,Model 3,test
Comoros,COM,Sub-Saharan Africa ,2021,2022,1465.4796,1625.5404,1625.5404697150925,1650.634390672462,1673.6323164387047,1789.5472,Model 3,test
Comoros,COM,Sub-Saharan Africa ,2022,2023,1560.2738,1537.8119,1537.8120324102752,1560.9904304249822,1552.4235824620794,1682.867,Model 3,test
Cabo Verde,CPV,Sub-Saharan Africa ,2018,2019,4380.7812,4444.3617,4444.362519428901,4558.326556904099,4468.07899389741,4624.8027,Model 3,test
Cabo Verde,CPV,Sub-Saharan Africa ,2019,2020,3539.2266,4528.786,4528.786900961848,4650.353971712666,4530.662247680455,4714.449,Model 3,test
Cabo Verde,CPV,Sub-Saharan Africa ,2020,2021,3971.4441,3651.608,3651.608844424632,3759.4254167925656,3778.6765563866898,4139.783,Model 3,test
Cabo Verde,CPV,Sub-Saharan Africa ,2021,2022,4323.3136,4090.5704,4090.5712520025895,4210.281282634287,4089.9935919246777,4370.215,Model 3,test
Cabo Verde,CPV,Sub-Saharan Africa ,2022,2023,4794.9012,4453.9277,4453.928625310891,4586.141538923214,4524.110855510167,4768.78,Model 3,test
Costa Rica,CRI,Latin America & Caribbean ,2018,2019,12884.686,12967.423,12967.424101399867,13189.96541498233,13185.442421380903,13061.903,Model 3,test
Costa Rica,CRI,Latin America & Caribbean ,2019,2020,12394.0494,13226.3406,13226.341951020617,13488.444618350084,14088.387089555466,14300.249,Model 3,test
Costa Rica,CRI,Latin America & Caribbean ,2020,2021,12838.1185,12701.021,12701.022299434408,12961.649704940555,13012.215029026876,13121.195,Model 3,test
Costa Rica,CRI,Latin America & Caribbean ,2021,2022,13625.9008,13108.5256,13108.526532736614,13358.195347413051,13764.349967150423,14044.282,Model 3,test
Costa Rica,CRI,Latin America & Caribbean ,2022,2023,16942.0268,13936.2447,13936.24564224408,14188.129374817012,14499.628213867538,15425.833,Model 3,test
Cyprus,CYP,Europe & Central Asia,2018,2019,29227.1738,30217.0159,30217.017209770685,30029.794707683533,30815.15484197107,31983.742,Model 3,test
Cyprus,CYP,Europe & Central Asia,2019,2020,28130.3418,30286.4926,30286.49378596708,30110.882762310535,30383.649470872064,31983.742,Model 3,test
Cyprus,CYP,Europe & Central Asia,2020,2021,32937.8398,29091.6382,29091.639664583545,28972.76224110784,29685.159142281012,30853.592,Model 3,test
Cyprus,CYP,Europe & Central Asia,2021,2022,33231.043,33945.5543,33945.55473199694,33733.37711382114,36312.25836351508,35410.64,Model 3,test
Cyprus,CYP,Europe & Central Asia,2022,2023,36623.6914,34262.1265,34262.12632431796,33994.157349302965,36697.20945024885,36683.355,Model 3,test
Czechia,CZE,Europe & Central Asia,2018,2019,24062.719,24527.008,24527.007962964588,24426.730063263472,25000.170070309217,26088.889,Model 3,test
Czechia,CZE,Europe & Central Asia,2019,2020,23472.8915,24881.7024,24881.702254107793,24780.28563054494,25624.893000058415,26227.316,Model 3,test
Czechia,CZE,Europe & Central Asia,2020,2021,27696.462,24230.1699,24230.169399027774,24118.259062244728,24518.579482215475,25381.191,Model 3,test
Czechia,CZE,Europe & Central Asia,2021,2022,28282.2237,28452.2671,28452.265439663915,28271.73302374829,28123.03143981744,28425.885,Model 3,test
Czechia,CZE,Europe & Central Asia,2022,2023,31761.5944,29127.3809,29127.379549260917,28943.24623684617,29942.28397484098,29493.283,Model 3,test
Germany,DEU,Europe & Central Asia,2018,2019,47656.1997,49794.3387,49794.33595134422,49784.99930904074,46851.905332300405,48879.457,Model 3,test
Germany,DEU,Europe & Central Asia,2019,2020,47394.8735,48506.4535,48506.45108251571,48540.98502603506,46791.80953036821,48554.05,Model 3,test
Germany,DEU,Europe & Central Asia,2020,2021,52349.246,48157.1096,48157.10709224386,48222.75144048784,46182.63197140867,48554.05,Model 3,test
Germany,DEU,Europe & Central Asia,2021,2022,50506.518,53057.9318,53057.92809608628,53080.273639792096,51413.65704318818,54034.188,Model 3,test
Germany,DEU,Europe & Central Asia,2022,2023,54776.7668,51206.089,51206.08508773096,51199.27600808259,47534.883041537185,49923.438,Model 3,test
Djibouti,DJI,"Middle East, North Africa, Afghanistan & Pakistan",2018,2019,2837.169,2823.6002,2823.600286807333,2848.052902573762,2815.930763804739,2849.9824,Model 3,test
Djibouti,DJI,"Middle East, North Africa, Afghanistan & Pakistan",2019,2020,2844.8881,2944.5274,2944.5274413307243,2969.756474134586,2934.0183535727933,3056.7903,Model 3,test
Djibouti,DJI,"Middle East, North Africa, Afghanistan & Pakistan",2020,2021,3025.9113,2946.9561,2946.9561318729416,2974.5234074182013,2945.9746056285417,3074.9795,Model 3,test
Djibouti,DJI,"Middle East, North Africa, Afghanistan & Pakistan",2021,2022,3133.2578,3126.0852,3126.0852206813006,3154.783067074311,3161.350029154813,3154.7017,Model 3,test
Djibouti,DJI,"Middle East, North Africa, Afghanistan & Pakistan",2022,2023,3381.2978,3240.4227,3240.4227705453773,3274.01618554448,3329.6349578880986,3407.2288,Model 3,test
Denmark,DNK,Europe & Central Asia,2018,2019,59404.2663,62400.6167,62400.61469242648,62104.22431719962,61622.98290837962,61263.742,Model 3,test
Denmark,DNK,Europe & Central Asia,2019,2020,60985.4886,60460.2943,60460.29283126297,60227.30741853791,61246.49245603114,58483.145,Model 3,test
Denmark,DNK,Europe & Central Asia,2020,2021,69340.7335,62029.8762,62029.87406998876,61773.01732928239,60310.8197493436,61148.52,Model 3,test
Denmark,DNK,Europe & Central Asia,2021,2022,67781.0941,70294.6132,70294.60944314025,69956.62232874404,68164.31902244777,67880.08,Model 3,test
Denmark,DNK,Europe & Central Asia,2022,2023,68043.5467,68775.602,68775.59750903714,68358.29286274308,67071.7099708474,67223.04,Model 3,test
Dominican Republic,DOM,Latin America & Caribbean ,2018,2019,8183.0162,8100.3503,8100.350667335299,8229.546820015044,7787.966366862713,8219.4795,Model 3,test
Dominican Republic,DOM,Latin America & Caribbean ,2019,2020,7135.2227,8378.0798,8378.080147819195,8521.779484255849,7600.986007253405,7990.9956,Model 3,test
Dominican Republic,DOM,Latin America & Caribbean ,2020,2021,8527.0755,7310.3047,7310.305122822799,7441.075306024886,7122.6658155047235,7718.365,Model 3,test
Dominican Republic,DOM,Latin America & Caribbean ,2021,2022,10104.2449,8691.2244,8691.224615075214,8834.253352070204,8102.737512795005,9308.03,Model 3,test
Dominican Republic,DOM,Latin America & Caribbean ,2022,2023,10630.4317,10310.9159,10310.916080422669,10476.5554650164,10289.03302527176,10735.19,Model 3,test
Algeria,DZA,"Middle East, North Africa, Afghanistan & Pakistan",2018,2019,4468.4534,4765.5404,4765.540651775085,4858.380984602363,4634.364139304373,4713.1636,Model 3,test
Algeria,DZA,"Middle East, North Africa, Afghanistan & Pakistan",2019,2020,3743.542,4640.4004,4640.400710547263,4743.68015496582,4595.704700849735,4779.3516,Model 3,test
Algeria,DZA,"Middle East, North Africa, Afghanistan & Pakistan",2020,2021,4160.5593,3874.5198,3874.520154092042,3966.615043264388,3890.412458988548,3952.4849,Model 3,test
Algeria,DZA,"Middle East, North Africa, Afghanistan & Pakistan",2021,2022,4960.3033,4299.1841,4299.18453442229,4413.588999308737,4389.3580545425375,4547.031,Model 3,test
Algeria,DZA,"Middle East, North Africa, Afghanistan & Pakistan",2022,2023,5370.4772,5112.4516,5112.45213714919,5248.054821685257,5385.880003782435,5544.679,Model 3,test
Ecuador,ECU,Latin America & Caribbean ,2018,2019,6205.0577,6554.4239,6554.424382402048,6667.23817491526,6578.621933720712,6641.373,Model 3,test
Ecuador,ECU,Latin America & Caribbean ,2019,2020,5463.6452,6445.9503,6445.950783279193,6561.21819505776,6559.15187731547,6653.2217,Model 3,test
Ecuador,ECU,Latin America & Caribbean ,2020,2021,6061.3235,5624.4592,5624.459402235686,5724.50216341852,5518.590894573191,5693.3643,Model 3,test
Ecuador,ECU,Latin America & Caribbean ,2021,2022,6515.5853,6235.7597,6235.759839614837,6341.784785171654,6182.226178835028,6194.1313,Model 3,test
Ecuador,ECU,Latin America & Caribbean ,2022,2023,6737.8475,6726.2203,6726.22073716194,6857.839508576477,6859.1730085456875,7372.6875,Model 3,test
"Egypt, Arab Rep.",EGY,"Middle East, North Africa, Afghanistan & Pakistan",2018,2019,2962.9889,2598.3472,2598.3473082345586,2647.7107904156705,2622.259332957357,2693.3484,Model 3,test
"Egypt, Arab Rep.",EGY,"Middle East, North Africa, Afghanistan & Pakistan",2019,2020,3511.1138,3077.5399,3077.5400208266738,3144.3824217599504,2901.402070742623,3128.4207,Model 3,test
"Egypt, Arab Rep.",EGY,"Middle East, North Africa, Afghanistan & Pakistan",2020,2021,3827.3542,3610.0809,3610.081122024938,3697.989367601954,3693.875968143616,3821.1775,Model 3,test
"Egypt, Arab Rep.",EGY,"Middle East, North Africa, Afghanistan & Pakistan",2021,2022,4233.3078,3923.3054,3923.305458757851,4013.506970663303,3874.230786934807,4058.5356,Model 3,test
"Egypt, Arab Rep.",EGY,"Middle East, North Africa, Afghanistan & Pakistan",2022,2023,3456.7897,4347.1676,4347.167677675553,4445.625814529965,4494.159606640607,4464.8237,Model 3,test
Spain,ESP,Europe & Central Asia,2018,2019,29786.5246,31478.4922,31478.493799853648,31650.460021282073,31000.0114526199,32100.84,Model 3,test
Spain,ESP,Europe & Central Asia,2019,2020,27233.9426,30605.7025,30605.70458301762,30831.61531397344,30164.138746013086,31997.287,Model 3,test
Spain,ESP,Europe & Central Asia,2020,2021,30799.4776,27916.1679,27916.169562715113,28130.71780285243,28071.918738270673,30376.18,Model 3,test
Spain,ESP,Europe & Central Asia,2021,2022,30319.4987,31539.8632,31539.864814885063,31769.117655634687,30448.65505288311,33102.4,Model 3,test
Spain,ESP,Europe & Central Asia,2022,2023,33493.2225,31063.9772,31063.978461747545,31261.475634258808,30467.707911283935,32045.078,Model 3,test
Estonia,EST,Europe & Central Asia,2018,2019,24021.2501,24470.2431,24470.243786691473,24297.13836208341,24852.535114952843,25432.414,Model 3,test
Estonia,EST,Europe & Central Asia,2019,2020,23933.9939,24868.7729,24868.77367978442,24707.480492373263,25587.008873469247,26227.316,Model 3,test
Estonia,EST,Europe & Central Asia,2020,2021,27951.1659,24748.8867,24748.887343304756,24600.75569665909,25879.65622907315,25283.807,Model 3,test
Estonia,EST,Europe & Central Asia,2021,2022,28340.3827,28764.792,28764.791343160276,28508.737012628204,28516.181045515128,28161.21,Model 3,test
Estonia,EST,Europe & Central Asia,2022,2023,30264.0065,29241.4774,29241.476681812193,28933.65096850752,29542.10191887976,27902.889,Model 3,test
Ethiopia,ETH,Sub-Saharan Africa ,2018,2019,793.4732,780.0432,780.0432929219243,800.1808683829785,798.7303292138988,804.75275,Model 3,test
Ethiopia,ETH,Sub-Saharan Africa ,2019,2020,829.791,835.9335,835.933561683382,857.3160460507365,837.3686937589551,821.7054,Model 3,test
Ethiopia,ETH,Sub-Saharan Africa ,2020,2021,893.0098,873.6699,873.6699582210629,895.4975604249192,887.431788403831,831.65784,Model 3,test
Ethiopia,ETH,Sub-Saharan Africa ,2021,2022,982.1032,938.5471,938.5471731452302,960.1655343758446,930.098734232554,915.68823,Model 3,test
Ethiopia,ETH,Sub-Saharan Africa ,2022,2023,1055.8109,1032.8038,1032.8038144395382,1056.5584715737066,969.4374127338292,972.3051,Model 3,test
Finland,FIN,Europe & Central Asia,2018,2019,48358.1808,50858.9259,50858.9250272003,50610.80711717388,48966.43987661161,48965.91,Model 3,test
Finland,FIN,Europe & Central Asia,2019,2020,48828.6847,49527.8004,49527.79967811989,49313.043862679435,48715.72368302442,48830.207,Model 3,test
Finland,FIN,Europe & Central Asia,2020,2021,53099.1351,49912.9911,49912.99039353811,49743.53055793071,48877.78325152897,48830.207,Model 3,test
Finland,FIN,Europe & Central Asia,2021,2022,50440.5602,54174.1909,54174.18931125961,53950.537026506936,53333.46315510585,53979.746,Model 3,test
Finland,FIN,Europe & Central Asia,2022,2023,52834.2917,51470.3801,51470.377861531975,51197.86132576392,49205.308249630456,49676.05,Model 3,test
Fiji,FJI,East Asia & Pacific,2018,2019,5842.0734,6352.1106,6352.110193003349,6300.080648823867,6106.6060335311,6028.3486,Model 3,test
Fiji,FJI,East Asia & Pacific,2019,2020,4620.6457,6086.9832,6086.982828805215,6050.298380939313,6051.488177236652,6047.6045,Model 3,test
Fiji,FJI,East Asia & Pacific,2020,2021,4536.7331,4817.7862,4817.786086027493,4806.695448561826,5085.493248521823,5291.0522,Model 3,test
Fiji,FJI,East Asia & Pacific,2021,2022,5414.1209,4716.2816,4716.281438619781,4697.7371847833065,4896.954923563926,4577.78,Model 3,test
Fiji,FJI,East Asia & Pacific,2022,2023,5926.2059,5625.4004,5625.400237352696,5607.279021338222,5471.266189217915,5766.6924,Model 3,test
France,FRA,Europe & Central Asia,2018,2019,40408.2849,42414.3724,42414.37165466997,42475.48863108978,42389.91958397916,43314.42,Model 3,test
France,FRA,Europe & Central Asia,2019,2020,39169.8606,41358.6631,41358.66247490624,41449.01489972798,41849.424834306825,43314.42,Model 3,test
France,FRA,Europe & Central Asia,2020,2021,43725.1,40032.9216,40032.92068787905,40124.00294207829,40401.11536799163,42510.727,Model 3,test
France,FRA,Europe & Central Asia,2021,2022,40988.6396,44579.7864,44579.7847992311,44663.80051677913,44530.24731882775,44519.43,Model 3,test
France,FRA,Europe & Central Asia,2022,2023,44700.1384,41831.3867,41831.38494726632,41884.41009499899,42645.87154228868,43279.035,Model 3,test
Gabon,GAB,Sub-Saharan Africa ,2018,2019,7441.1786,7718.4385,7718.438472465064,7854.446482074127,7995.022455793885,7775.274,Model 3,test
Gabon,GAB,Sub-Saharan Africa ,2019,2020,6605.8035,7521.4161,7521.416114582393,7669.816419915271,7862.49269605207,7698.3916,Model 3,test
Gabon,GAB,Sub-Saharan Africa ,2020,2021,8181.4091,6671.7873,6671.7874983341,6818.716856850108,6868.781841789782,6910.244,Model 3,test
Gabon,GAB,Sub-Saharan Africa ,2021,2022,8409.2074,8224.3437,8224.343698865898,8398.819127163926,7931.536379952569,7857.659,Model 3,test
Gabon,GAB,Sub-Saharan Africa ,2022,2023,7802.8243,8451.1693,8451.1693357071,8633.531061449436,8143.863654945415,8385.904,Model 3,test
United Kingdom,GBR,Europe & Central Asia,2018,2019,43158.7411,44563.5826,44563.58155234536,44627.549927653665,45284.22287429403,44932.016,Model 3,test
United Kingdom,GBR,Europe & Central Asia,2019,2020,40812.6795,43968.8429,43968.84194144112,44065.83371926347,44242.92686645809,44445.656,Model 3,test
United Kingdom,GBR,Europe & Central Asia,2020,2021,47691.3769,41494.9643,41494.96316832241,41602.38692048694,42613.83539697337,43168.77,Model 3,test
United Kingdom,GBR,Europe & Central Asia,2021,2022,47057.0432,48344.8263,48344.824196700814,48444.335008464295,46784.91015233501,48554.05,Model 3,test
United Kingdom,GBR,Europe & Central Asia,2022,2023,49944.4702,47761.4328,47761.4304332274,47820.31629228373,46370.938843579796,48381.688,Model 3,test
Georgia,GEO,Europe & Central Asia,2018,2019,4741.2833,5097.4449,5097.445312757159,5076.383579009095,5019.3772374235705,5290.0786,Model 3,test
Georgia,GEO,Europe & Central Asia,2019,2020,4300.857,5023.4329,5023.43339496829,5010.171461810557,4992.736029879548,5382.258,Model 3,test
Georgia,GEO,Europe & Central Asia,2020,2021,5083.607,4552.2696,4552.270051237496,4545.3437289694575,4530.945369909945,4703.8906,Model 3,test
Georgia,GEO,Europe & Central Asia,2021,2022,6729.8466,5348.2048,5348.205154382051,5327.233509539638,5348.279775078228,5356.1997,Model 3,test
Georgia,GEO,Europe & Central Asia,2022,2023,8283.6696,7064.2711,7064.271530429157,7041.1127851804185,6888.321968124396,7246.4263,Model 3,test
Ghana,GHA,Sub-Saharan Africa ,2018,2019,2186.6582,2259.3017,2259.301758278376,2311.584811972318,2286.1274139112384,2257.777,Model 3,test
Ghana,GHA,Sub-Saharan Africa ,2019,2020,2195.4548,2263.2151,2263.2150158929744,2302.718093309035,2233.5802049573144,2048.413,Model 3,test
Ghana,GHA,Sub-Saharan Africa ,2020,2021,2445.1866,2244.6964,2244.6965645809014,2309.5159879457783,2303.5946786361733,2336.759,Model 3,test
Ghana,GHA,Sub-Saharan Africa ,2021,2022,2229.8912,2489.5065,2489.5066981626587,2564.145748947826,2507.441812704923,2584.3633,Model 3,test
Ghana,GHA,Sub-Saharan Africa ,2022,2023,2383.9041,2282.1065,2282.1066628575163,2346.550500622249,2308.9595087368048,2443.9575,Model 3,test
Guinea,GIN,Sub-Saharan Africa ,2018,2019,1031.3415,975.5301,975.5300903941942,990.930048531938,971.7268299783836,966.2118,Model 3,test
Guinea,GIN,Sub-Saharan Africa ,2019,2020,1053.661,1075.2427,1075.2427398053808,1092.6559671585958,1101.1345689976754,1017.6904,Model 3,test
Guinea,GIN,Sub-Saharan Africa ,2020,2021,1244.9655,1096.6051,1096.6051337934296,1114.954968543686,1122.5817566956969,1127.6833,Model 3,test
Guinea,GIN,Sub-Saharan Africa ,2021,2022,1416.5961,1290.9078,1290.907762402586,1311.6295397382537,1314.7421637462005,1319.4634,Model 3,test
Guinea,GIN,Sub-Saharan Africa ,2022,2023,1555.4938,1465.1944,1465.1943932857064,1490.5168490025762,1581.8432544180732,1597.4592,Model 3,test
"Gambia, The",GMB,Sub-Saharan Africa ,2018,2019,738.1868,737.0023,737.0024026981877,752.1894311009521,733.0942879451593,817.531,Model 3,test
"Gambia, The",GMB,Sub-Saharan Africa ,2019,2020,720.3351,779.899,779.8991581247102,796.6240696113767,795.819084205687,898.60297,Model 3,test
"Gambia, The",GMB,Sub-Saharan Africa ,2020,2021,781.8909,759.3734,759.3734824573764,777.2597533242053,749.8180720710039,836.7821,Model 3,test
"Gambia, The",GMB,Sub-Saharan Africa ,2021,2022,836.2449,820.803,820.8031569550689,840.5265853899851,813.3008142914675,889.60046,Model 3,test
"Gambia, The",GMB,Sub-Saharan Africa ,2022,2023,883.0241,876.3552,876.3553214125504,898.9580276539097,892.3730126992707,934.23975,Model 3,test
Guinea-Bissau,GNB,Sub-Saharan Africa ,2018,2019,811.2164,854.1415,854.1415645740211,866.1256102289802,841.5836053698843,841.8629,Model 3,test
Guinea-Bissau,GNB,Sub-Saharan Africa ,2019,2020,846.9159,856.3658,856.3658913371492,869.3150962841044,860.4879739796238,843.3821,Model 3,test
Guinea-Bissau,GNB,Sub-Saharan Africa ,2020,2021,926.7809,891.2831,891.2831584346752,904.4929423395336,842.814691271323,856.411,Model 3,test
Guinea-Bissau,GNB,Sub-Saharan Africa ,2021,2022,883.1991,972.9428,972.9427929448898,987.7812409402344,962.4708559227964,985.0464,Model 3,test
Guinea-Bissau,GNB,Sub-Saharan Africa ,2022,2023,988.0879,929.4828,929.4828724458127,945.7030229523632,949.9713981140844,1005.69635,Model 3,test
Equatorial Guinea,GNQ,Sub-Saharan Africa ,2018,2019,6804.1492,8221.0208,8221.019390124797,8243.986777488313,8170.503298629476,7136.2925,Model 3,test
Equatorial Guinea,GNQ,Sub-Saharan Africa ,2019,2020,5764.055,6881.9032,6881.9025753803235,6951.478058545934,7231.340551565943,6309.0513,Model 3,test
Equatorial Guinea,GNQ,Sub-Saharan Africa ,2020,2021,6945.6307,5832.38,5832.379634380702,5905.076783515655,6097.9117716150295,5710.9995,Model 3,test
Equatorial Guinea,GNQ,Sub-Saharan Africa ,2021,2022,7589.2996,6991.2146,6991.214027113075,7085.636181630065,7135.244102323058,6559.193,Model 3,test
Equatorial Guinea,GNQ,Sub-Saharan Africa ,2022,2023,6677.7934,7627.2832,7627.282701601795,7736.811719129656,8020.694105618773,7249.412,Model 3,test
Greece,GRC,Europe & Central Asia,2018,2019,19335.3602,20681.158,20681.159016651243,20682.01029262467,21132.052639057943,21769.768,Model 3,test
Greece,GRC,Europe & Central Asia,2019,2020,17886.7332,20097.9239,20097.925027072444,20114.78817437987,20514.15696914202,21865.916,Model 3,test
Greece,GRC,Europe & Central Asia,2020,2021,20654.7002,18579.7601,18579.76121397765,18614.103093031936,19169.48230560797,19746.26,Model 3,test
Greece,GRC,Europe & Central Asia,2021,2022,20886.5243,21370.5412,21370.541579630957,21355.178017166483,21520.46687359156,22096.21,Model 3,test
Greece,GRC,Europe & Central Asia,2022,2023,23343.7104,21620.3174,21620.318045143977,21607.945339766728,21737.55323088704,23770.611,Model 3,test
Guatemala,GTM,Latin America & Caribbean ,2018,2019,4511.9984,4544.9839,4544.98380572048,4585.294297596456,4421.609973385782,4240.3125,Model 3,test
Guatemala,GTM,Latin America & Caribbean ,2019,2020,4477.6179,4701.8913,4701.891208354331,4747.30713190304,4725.196314795622,4458.1904,Model 3,test
Guatemala,GTM,Latin America & Caribbean ,2020,2021,4912.6224,4648.4382,4648.43799884881,4691.932051415894,4663.776217741582,4390.8394,Model 3,test
Guatemala,GTM,Latin America & Caribbean ,2021,2022,5358.7016,5072.1003,5072.099874039974,5110.262051489261,5361.920698160427,5138.736,Model 3,test
Guatemala,GTM,Latin America & Caribbean ,2022,2023,5758.3276,5540.1962,5540.195965565877,5599.940310284445,5463.721853135468,5552.484,Model 3,test
Guyana,GUY,Latin America & Caribbean ,2018,2019,6405.8244,6281.8903,6281.890064938771,6287.817090950043,6187.999290973176,6045.7417,Model 3,test
Guyana,GUY,Latin America & Caribbean ,2019,2020,6775.7094,6632.6446,6632.644374939513,6649.783947526555,6668.936748369813,6428.114,Model 3,test
Guyana,GUY,Latin America & Caribbean ,2020,2021,9860.8701,6974.0611,6974.060826732262,7000.310600175952,7046.814450742141,6692.0386,Model 3,test
Guyana,GUY,Latin America & Caribbean ,2021,2022,17913.4928,10021.8376,10021.836377818976,10020.752086905824,9524.757626490858,8570.708,Model 3,test
Guyana,GUY,Latin America & Caribbean ,2022,2023,20473.7002,18132.4897,18132.487823458017,18164.80419322569,17161.94229439587,16251.679,Model 3,test
"Hong Kong SAR, China",HKG,East Asia & Pacific,2018,2019,48359.0012,49413.0024,49413.00322327283,49833.70960217057,49279.45583105161,49045.875,Model 3,test
"Hong Kong SAR, China",HKG,East Asia & Pacific,2019,2020,46109.23,49202.5645,49202.56546713622,49652.277222568766,48917.46675859866,49045.875,Model 3,test
"Hong Kong SAR, China",HKG,East Asia & Pacific,2020,2021,49770.5642,46886.3768,46886.37828260711,47396.74012115438,48357.81038908122,46721.19,Model 3,test
"Hong Kong SAR, China",HKG,East Asia & Pacific,2021,2022,48825.8442,50523.2453,50523.24618392508,51042.29848142491,50275.6416609237,49182.176,Model 3,test
"Hong Kong SAR, China",HKG,East Asia & Pacific,2022,2023,50562.3633,49403.7326,49403.732272451445,49860.426972239395,50165.10257288504,49045.875,Model 3,test
Honduras,HND,Latin America & Caribbean ,2018,2019,2502.3274,2604.8044,2604.80455276269,2632.6362037675644,2611.368771571416,2697.8137,Model 3,test
Honduras,HND,Latin America & Caribbean ,2019,2020,2307.6149,2639.9042,2639.9043618549413,2670.914595461954,2635.1958063322268,2712.5576,Model 3,test
Honduras,HND,Latin America & Caribbean ,2020,2021,2735.1475,2425.5452,2425.545295369273,2459.2750425185927,2453.60820101156,2510.8528,Model 3,test
Honduras,HND,Latin America & Caribbean ,2021,2022,3003.29,2856.2423,2856.2423722448925,2893.2459744119506,2841.216098796536,2925.2854,Model 3,test
Honduras,HND,Latin America & Caribbean ,2022,2023,3227.4576,3139.7918,3139.7919767500316,3190.1716968919204,2912.145907808682,3156.7783,Model 3,test
Croatia,HRV,Europe & Central Asia,2018,2019,15563.5987,16129.124,16129.124468956976,16046.587491943466,15725.525900298246,15422.288,Model 3,test
Croatia,HRV,Europe & Central Asia,2019,2020,14807.5609,16215.2438,16215.24447243824,16151.233013448493,15966.118403129374,16141.9,Model 3,test
Croatia,HRV,Europe & Central Asia,2020,2021,17788.7866,15415.7909,15415.791289649636,15350.591330141371,15282.218039772064,15163.117,Model 3,test
Croatia,HRV,Europe & Central Asia,2021,2022,18465.5414,18419.6671,18419.666952133713,18309.282500177353,19012.521297477513,18391.502,Model 3,test
Croatia,HRV,Europe & Central Asia,2022,2023,22184.2279,19147.7459,19147.745747518005,19024.40375443088,19039.12814636911,19622.307,Model 3,test
Haiti,HTI,Latin America & Caribbean ,2018,2019,1352.172,1579.6613,1579.6612593525656,1589.1202437602533,1566.7918224292196,1575.945,Model 3,test
Haiti,HTI,Latin America & Caribbean ,2019,2020,1290.3254,1429.2468,1429.246797390475,1439.0916733998258,1474.4339783531414,1452.2301,Model 3,test
Haiti,HTI,Latin America & Caribbean ,2020,2021,1841.3319,1362.1656,1362.1655996236293,1372.1708340768237,1275.277858282349,1309.7297,Model 3,test
Haiti,HTI,Latin America & Caribbean ,2021,2022,1760.6264,1924.6747,1924.6745562759904,1936.3294640542772,1778.894041435266,1802.5228,Model 3,test
Haiti,HTI,Latin America & Caribbean ,2022,2023,1705.7581,1846.5789,1846.5787971444083,1857.4469806742416,1717.3300806257498,1793.8857,Model 3,test
Hungary,HUN,Europe & Central Asia,2018,2019,17012.8599,17238.6337,17238.633509582247,17138.283578677925,18650.452487758143,17557.312,Model 3,test
Hungary,HUN,Europe & Central Asia,2019,2020,16386.9309,17628.9796,17628.979516602965,17547.54490631585,19035.822309702467,17737.729,Model 3,test
Hungary,HUN,Europe & Central Asia,2020,2021,19030.6281,16936.0729,16936.072826211297,16872.311536331268,18464.74931137968,17701.818,Model 3,test
Hungary,HUN,Europe & Central Asia,2021,2022,18428.0288,19560.0753,19560.074481964028,19458.451916197784,19724.41000500055,18448.594,Model 3,test
Hungary,HUN,Europe & Central Asia,2022,2023,22230.6278,19009.104,19009.103625154083,18916.885307793054,19656.701118298777,19161.78,Model 3,test
Indonesia,IDN,East Asia & Pacific,2018,2019,4106.9486,4039.777,4039.776763654148,4065.646948670019,3961.710957398136,3862.4465,Model 3,test
Indonesia,IDN,East Asia & Pacific,2019,2020,3853.7029,4282.1167,4282.116446729449,4318.300563422725,4146.527568823535,4012.6833,Model 3,test
Indonesia,IDN,East Asia & Pacific,2020,2021,4287.1731,4003.4451,4003.444850900654,4041.7997469174975,3925.990603325647,3977.7864,Model 3,test
Indonesia,IDN,East Asia & Pacific,2021,2022,4730.8348,4424.8374,4424.8371612838855,4469.477441223072,4539.6196700636165,4308.5747,Model 3,test
Indonesia,IDN,East Asia & Pacific,2022,2023,4876.3077,4889.1446,4889.144509276837,4954.743233146941,5142.463032555029,5114.666,Model 3,test
India,IND,South Asia,2018,2019,2041.4286,2082.6633,2082.663082303217,2103.8189997390546,2106.7882782104343,2108.433,Model 3,test
India,IND,South Asia,2019,2020,1907.0425,2154.7727,2154.7725549847514,2182.5151146056614,2242.1756311950194,2328.9968,Model 3,test
India,IND,South Asia,2020,2021,2239.6138,2004.6848,2004.6846831943633,2038.0360186797936,2041.795273886128,2089.2527,Model 3,test
India,IND,South Asia,2021,2022,2347.4483,2334.2187,2334.218504196819,2368.4810544787492,2479.0232828035973,2402.5203,Model 3,test
India,IND,South Asia,2022,2023,2530.1203,2453.1006,2453.100542612382,2501.9459294442754,2505.744878282641,2646.143,Model 3,test
Ireland,IRL,Europe & Central Asia,2018,2019,81827.6689,82257.3255,82257.31928130513,81542.45809703605,83422.94748727685,78682.29,Model 3,test
Ireland,IRL,Europe & Central Asia,2019,2020,86514.0706,83290.8253,83290.81885643088,82585.81325297299,83246.04713097609,79143.31,Model 3,test
Ireland,IRL,Europe & Central Asia,2020,2021,103783.4463,87738.4786,87738.47182328928,87101.91792783016,83206.11365190684,83103.16,Model 3,test
Ireland,IRL,Europe & Central Asia,2021,2022,105190.686,104836.5738,104836.56281268915,103945.74512503634,96796.23305100076,90726.57,Model 3,test
Ireland,IRL,Europe & Central Asia,2022,2023,106818.9171,106273.621,106273.6093835344,105311.59208988542,94829.53487536544,91402.055,Model 3,test
"Iran, Islamic Rep.",IRN,"Middle East, North Africa, Afghanistan & Pakistan",2018,2019,3997.4935,4955.4219,4955.422445197568,5083.44886942803,5176.116731202699,5473.845,Model 3,test
"Iran, Islamic Rep.",IRN,"Middle East, North Africa, Afghanistan & Pakistan",2019,2020,3202.5,4165.1997,4165.200187121791,4265.172636038784,4010.8792244181377,4430.285,Model 3,test
"Iran, Islamic Rep.",IRN,"Middle East, North Africa, Afghanistan & Pakistan",2020,2021,4605.1488,3327.2323,3327.2327434754334,3411.814583881257,3278.3840950466033,3585.6062,Model 3,test
"Iran, Islamic Rep.",IRN,"Middle East, North Africa, Afghanistan & Pakistan",2021,2022,4721.2044,4757.7574,4757.757712172471,4858.753616131532,5064.668567935771,4865.1455,Model 3,test
"Iran, Islamic Rep.",IRN,"Middle East, North Africa, Afghanistan & Pakistan",2022,2023,5049.2993,4886.6504,4886.650889498908,5007.889962043546,5299.713216060373,5761.8823,Model 3,test
Iraq,IRQ,"Middle East, North Africa, Afghanistan & Pakistan",2018,2019,5671.8569,5848.3165,5848.316046932929,5908.391578429522,5642.160107720814,5477.041,Model 3,test
Iraq,IRQ,"Middle East, North Africa, Afghanistan & Pakistan",2019,2020,4295.1895,5851.8026,5851.802299610583,5931.85365461111,5736.209778734855,5514.168,Model 3,test
Iraq,IRQ,"Middle East, North Africa, Afghanistan & Pakistan",2020,2021,4868.4943,4426.3398,4426.339744637082,4501.896796646724,4471.692011261132,4332.1465,Model 3,test
Iraq,IRQ,"Middle East, North Africa, Afghanistan & Pakistan",2021,2022,6520.7315,4997.9826,4997.982677098435,5096.55951934649,5172.169915917679,5086.3564,Model 3,test
Iraq,IRQ,"Middle East, North Africa, Afghanistan & Pakistan",2022,2023,5965.3184,6642.6033,6642.603507020053,6796.300754271048,6524.636919215947,6668.6323,Model 3,test
Iceland,ISL,Europe & Central Asia,2018,2019,69296.3144,77431.5315,77431.5308097261,76547.23451242008,80600.73455380714,82553.62,Model 3,test
Iceland,ISL,Europe & Central Asia,2019,2020,60127.9394,71001.1702,71001.17026928022,70271.24676615272,70532.30828862176,71263.6,Model 3,test
Iceland,ISL,Europe & Central Asia,2020,2021,70425.4064,61672.5226,61672.52340217144,61116.03473505298,63722.95189829693,61398.27,Model 3,test
Iceland,ISL,Europe & Central Asia,2021,2022,76350.455,72020.712,72020.71119587688,71296.12544294329,70493.58618845405,70790.59,Model 3,test
Iceland,ISL,Europe & Central Asia,2022,2023,82138.7893,77945.0327,77945.02863500227,76928.7885985668,79976.96529003873,81778.95,Model 3,test
Israel,ISR,"Middle East, North Africa, Afghanistan & Pakistan",2018,2019,44250.6314,42727.5989,42727.59870672639,43433.83779914491,42838.73528394437,43860.414,Model 3,test
Israel,ISR,"Middle East, North Africa, Afghanistan & Pakistan",2019,2020,44575.5719,44530.5044,44530.50410476434,45295.137913379855,44134.3347969575,45080.61,Model 3,test
Israel,ISR,"Middle East, North Africa, Afghanistan & Pakistan",2020,2021,52270.904,44754.1132,44754.11299083304,45574.698141391345,43988.873182015646,45080.61,Model 3,test
Israel,ISR,"Middle East, North Africa, Afghanistan & Pakistan",2021,2022,54949.6216,52310.5538,52310.55212793066,53198.32026142482,53791.263769596415,54212.883,Model 3,test
Israel,ISR,"Middle East, North Africa, Afghanistan & Pakistan",2022,2023,52003.7201,54933.0882,54933.085994878435,55848.58791248212,53182.83726112613,54028.367,Model 3,test
Italy,ITA,Europe & Central Asia,2018,2019,33812.7887,35947.189,35947.188679221435,35985.74890908322,36805.907451198975,36533.723,Model 3,test
Italy,ITA,Europe & Central Asia,2019,2020,32091.4867,34890.4085,34890.40758211956,34873.92596579624,35689.74196156915,33271.66,Model 3,test
Italy,ITA,Europe & Central Asia,2020,2021,36852.5425,33039.7223,33039.72101908673,33022.93905721267,32438.714741821645,32379.957,Model 3,test
Italy,ITA,Europe & Central Asia,2021,2022,35653.9042,37817.3402,37817.33861216802,37815.62361622268,38423.43964741085,37405.695,Model 3,test
Italy,ITA,Europe & Central Asia,2022,2023,39277.0839,36523.2515,36523.25083262699,36593.01447659692,37492.69708843056,39112.14,Model 3,test
Jamaica,JAM,Latin America & Caribbean ,2018,2019,6030.689,6186.2817,6186.281962524961,6252.486389713693,6185.248458339127,6175.216,Model 3,test
Jamaica,JAM,Latin America & Caribbean ,2019,2020,5299.0453,6232.1009,6232.101095001241,6302.297988287087,6161.35412287035,6196.3823,Model 3,test
Jamaica,JAM,Latin America & Caribbean ,2020,2021,5625.6781,5474.0738,5474.074110788298,5549.274966694496,5407.560876327035,5759.992,Model 3,test
Jamaica,JAM,Latin America & Caribbean ,2021,2022,6626.475,5776.6431,5776.643269749571,5849.565394483641,5775.489205161195,6277.015,Model 3,test
Jamaica,JAM,Latin America & Caribbean ,2022,2023,7542.4008,6801.7793,6801.779659405522,6895.734781191617,6593.706465354146,7419.3174,Model 3,test
Jordan,JOR,"Middle East, North Africa, Afghanistan & Pakistan",2018,2019,4170.1144,4318.4927,4318.493296103278,4418.852855601772,4351.582715115651,4458.6753,Model 3,test
Jordan,JOR,"Middle East, North Africa, Afghanistan & Pakistan",2019,2020,4022.0401,4334.7725,4334.773157471553,4445.201234699433,4485.2374092018845,4737.9453,Model 3,test
Jordan,JOR,"Middle East, North Africa, Afghanistan & Pakistan",2020,2021,4183.5,4161.6141,4161.614771645763,4276.19139306738,4121.717225378327,4378.65,Model 3,test
Jordan,JOR,"Middle East, North Africa, Afghanistan & Pakistan",2021,2022,4332.2516,4306.2466,4306.247269096092,4427.781314436233,4394.399145918894,4770.9497,Model 3,test
Jordan,JOR,"Middle East, North Africa, Afghanistan & Pakistan",2022,2023,4466.0831,4467.2121,4467.212972357686,4607.12133410948,4486.378349533112,5039.882,Model 3,test
Japan,JPN,East Asia & Pacific,2018,2019,40415.9568,40296.025,40296.02540235853,40938.996882262,40789.88311345517,42798.977,Model 3,test
Japan,JPN,East Asia & Pacific,2019,2020,40028.7342,40888.7082,40888.70882699464,41593.60529409854,40958.75562604634,43608.12,Model 3,test
Japan,JPN,East Asia & Pacific,2020,2021,40094.56,40509.1456,40509.14588864687,41194.886457362176,40143.41051685181,42798.977,Model 3,test
Japan,JPN,East Asia & Pacific,2021,2022,34065.6439,40625.878,40625.87711203217,41223.642822108355,40453.97347307028,43608.12,Model 3,test
Japan,JPN,East Asia & Pacific,2022,2023,33836.1756,34560.4432,34560.442813523936,35096.85902314283,37567.72872586655,36748.977,Model 3,test
Kazakhstan,KAZ,Europe & Central Asia,2018,2019,9457.1261,9867.9294,9867.929617668357,9844.035256665557,9727.290919898196,9428.318,Model 3,test
Kazakhstan,KAZ,Europe & Central Asia,2019,2020,8781.508,9838.8717,9838.87200673969,9828.053600444884,9806.190448893723,10367.769,Model 3,test
Kazakhstan,KAZ,Europe & Central Asia,2020,2021,9983.601,9103.3501,9103.35015718402,9086.81427238896,8907.643093434826,9198.51,Model 3,test
Kazakhstan,KAZ,Europe & Central Asia,2021,2022,11255.3396,10293.73,10293.729788970357,10270.410036897862,9596.810586632397,10223.934,Model 3,test
Kazakhstan,KAZ,Europe & Central Asia,2022,2023,12879.4275,11633.7811,11633.7811786945,11623.9056894374,11018.524015100898,12015.323,Model 3,test
Kenya,KEN,Sub-Saharan Africa ,2018,2019,1960.4081,1901.5109,1901.5108404330836,1936.0360378820567,1872.129859257302,1710.155,Model 3,test
Kenya,KEN,Sub-Saharan Africa ,2019,2020,1927.6646,2024.6619,2024.6618004814995,2062.8077269235373,2015.8417024526168,1878.0739,Model 3,test
Kenya,KEN,Sub-Saharan Africa ,2020,2021,2061.3562,1985.2732,1985.2730427747397,2021.922299404024,2003.655539604979,1848.1841,Model 3,test
Kenya,KEN,Sub-Saharan Africa ,2021,2022,2109.5629,2117.0239,2117.023784961488,2155.72604960835,2140.2511695404905,2122.8157,Model 3,test
Kenya,KEN,Sub-Saharan Africa ,2022,2023,1942.588,2169.5219,2169.52180350158,2214.5952153503063,2150.3779307878763,2135.9922,Model 3,test
Kyrgyz Republic,KGZ,Europe & Central Asia,2018,2019,1421.9993,1385.8119,1385.8121860738454,1389.5616926501857,1330.6930854298894,1476.2542,Model 3,test
Kyrgyz Republic,KGZ,Europe & Central Asia,2019,2020,1229.5177,1531.1921,1531.1924056820742,1535.5684833852258,1540.6012779014072,1777.4634,Model 3,test
Kyrgyz Republic,KGZ,Europe & Central Asia,2020,2021,1349.9973,1324.3712,1324.3714669615474,1331.7764251499314,1354.678645536036,1506.0067,Model 3,test
Kyrgyz Republic,KGZ,Europe & Central Asia,2021,2022,1739.7202,1450.5077,1450.5080102462214,1458.5409681528054,1518.8648678547609,1683.045,Model 3,test
Kyrgyz Republic,KGZ,Europe & Central Asia,2022,2023,2138.2221,1857.6721,1857.6724653664785,1868.2238649911312,1911.6660192666425,2252.4167,Model 3,test
Cambodia,KHM,East Asia & Pacific,2018,2019,2225.8771,2152.7858,2152.7860084557665,2175.4538034570874,2161.3452997834634,2397.4038,Model 3,test
Cambodia,KHM,East Asia & Pacific,2019,2020,2081.7391,2356.6098,2356.6099311525877,2371.8988776291685,2370.1691783465667,2569.8997,Model 3,test
Cambodia,KHM,East Asia & Pacific,2020,2021,2167.4032,2202.3266,2202.3267805907312,2219.8677282318367,2151.495705845109,2387.718,Model 3,test
Cambodia,KHM,East Asia & Pacific,2021,2022,2325.0305,2284.6808,2284.6808972999393,2303.8170652694766,2205.988202348314,2449.8381,Model 3,test
Cambodia,KHM,East Asia & Pacific,2022,2023,2429.7485,2447.8147,2447.814880028729,2472.347126883583,2484.4848560269556,2692.044,Model 3,test
"Korea, Rep.",KOR,East Asia & Pacific,2018,2019,33826.9443,35843.0167,35843.01778312467,36392.5797091571,38247.99515955926,39371.074,Model 3,test
"Korea, Rep.",KOR,East Asia & Pacific,2019,2020,33645.772,34304.0137,34304.01504992847,34867.843039469575,37446.03764541494,36748.977,Model 3,test
"Korea, Rep.",KOR,East Asia & Pacific,2020,2021,37518.4635,34104.6974,34104.6986611657,34677.307977565986,37309.47328586765,36748.977,Model 3,test
"Korea, Rep.",KOR,East Asia & Pacific,2021,2022,34822.4048,37945.976,37945.97676718161,38556.48046637304,38665.81324479139,40038.78,Model 3,test
"Korea, Rep.",KOR,East Asia & Pacific,2022,2023,35674.096,35223.3286,35223.32889474051,35757.166231456016,38336.911527581666,39338.91,Model 3,test
Kuwait,KWT,"Middle East, North Africa, Afghanistan & Pakistan",2018,2019,31707.8737,32293.712,32293.71336820191,32894.54247311943,33122.86039934976,34183.617,Model 3,test
Kuwait,KWT,"Middle East, North Africa, Afghanistan & Pakistan",2019,2020,25236.0756,31990.5985,31990.60048788377,32642.79669129858,32947.601446439985,35217.7,Model 3,test
Kuwait,KWT,"Middle East, North Africa, Afghanistan & Pakistan",2020,2021,34018.6343,25436.8496,25436.85054069605,25917.35263492964,25824.70589142257,27293.09,Model 3,test
Kuwait,KWT,"Middle East, North Africa, Afghanistan & Pakistan",2021,2022,39981.7691,34108.1362,34108.13612018948,34677.34027832723,38352.870709954295,35673.363,Model 3,test
Kuwait,KWT,"Middle East, North Africa, Afghanistan & Pakistan",2022,2023,34075.849,40052.9483,40052.948129183766,40742.901080884534,42682.29247754568,42626.387,Model 3,test
Lao PDR,LAO,East Asia & Pacific,2018,2019,2589.3208,2699.093,2699.0928669772748,2690.9307837824,2656.572696365885,2603.3416,Model 3,test
Lao PDR,LAO,East Asia & Pacific,2019,2020,2583.7773,2736.5534,2736.5533399289216,2736.671636233318,2697.2369872482877,2609.1152,Model 3,test
Lao PDR,LAO,East Asia & Pacific,2020,2021,2526.0511,2725.6742,2725.6742731254108,2731.6574911043576,2689.0965930054904,2793.9421,Model 3,test
Lao PDR,LAO,East Asia & Pacific,2021,2022,2046.4044,2655.3979,2655.3979820541244,2667.163359486444,2666.0689904010533,2674.1543,Model 3,test
Lao PDR,LAO,East Asia & Pacific,2022,2023,2066.9498,2164.9707,2164.9707696907426,2173.8391768148617,2107.196146229905,2378.129,Model 3,test
Lebanon,LBN,"Middle East, North Africa, Afghanistan & Pakistan",2018,2019,8905.8801,9442.3554,9442.356512226905,9642.466671481978,9878.113458056636,11398.0,Model 3,test
Lebanon,LBN,"Middle East, North Africa, Afghanistan & Pakistan",2019,2020,5561.1917,9156.9328,9156.933824005904,9359.089333164176,9686.584341941352,10867.132,Model 3,test
Lebanon,LBN,"Middle East, North Africa, Afghanistan & Pakistan",2020,2021,4045.3739,5820.3411,5820.341624327791,5878.547335552833,5565.431768736258,6225.531,Model 3,test
Lebanon,LBN,"Middle East, North Africa, Afghanistan & Pakistan",2021,2022,3654.3585,4288.1045,4288.104614339108,4279.724803945649,3988.640273755615,4529.546,Model 3,test
Lebanon,LBN,"Middle East, North Africa, Afghanistan & Pakistan",2022,2023,3477.7249,3911.4441,3911.444403505812,3908.886582995992,3938.813381868151,4691.9194,Model 3,test
Liberia,LBR,Sub-Saharan Africa ,2018,2019,658.1642,733.2979,733.2979119625113,743.0706802540412,716.8229973030124,722.2954,Model 3,test
Liberia,LBR,Sub-Saharan Africa ,2019,2020,616.7879,697.3568,697.3568801231238,707.2228378013706,691.2168722205448,699.0656,Model 3,test
Liberia,LBR,Sub-Saharan Africa ,2020,2021,667.9661,651.9632,651.9632124717795,663.3462331863558,645.9153438467022,657.76843,Model 3,test
Liberia,LBR,Sub-Saharan Africa ,2021,2022,744.6172,702.7986,702.7986356378249,716.4649853981344,727.857283587057,760.6359,Model 3,test
Liberia,LBR,Sub-Saharan Africa ,2022,2023,799.1945,781.4461,781.4461442712089,797.5160584293336,803.6744622093582,859.9831,Model 3,test
Libya,LBY,"Middle East, North Africa, Afghanistan & Pakistan",2018,2019,9963.1949,11520.2977,11520.296764445347,11586.446714331994,11240.808802413583,10281.81,Model 3,test
Libya,LBY,"Middle East, North Africa, Afghanistan & Pakistan",2019,2020,6650.3381,10162.8296,10162.82963721727,10325.81565143165,10277.884747417678,9567.399,Model 3,test
Libya,LBY,"Middle East, North Africa, Afghanistan & Pakistan",2020,2021,4935.8279,6815.3097,6815.310027530104,6942.7281354265015,6720.779263244456,6930.1484,Model 3,test
Libya,LBY,"Middle East, North Africa, Afghanistan & Pakistan",2021,2022,5986.6369,5073.1159,5073.116309291459,5180.586177064034,5330.300877162557,5321.2217,Model 3,test
Libya,LBY,"Middle East, North Africa, Afghanistan & Pakistan",2022,2023,6026.5152,6144.8837,6144.884243400808,6284.454574195851,6046.689347514444,6663.7563,Model 3,test
St. Lucia,LCA,Latin America & Caribbean ,2018,2019,11794.0597,12019.3538,12019.35356646063,12024.60216291662,11486.570133154211,11589.501,Model 3,test
St. Lucia,LCA,Latin America & Caribbean ,2019,2020,8411.0747,12159.2114,12159.21105051269,12158.67573962314,12428.473053355394,11337.031,Model 3,test
St. Lucia,LCA,Latin America & Caribbean ,2020,2021,10459.1321,8693.9266,8693.9267496191,8732.905043199005,8587.86397145045,8604.408,Model 3,test
St. Lucia,LCA,Latin America & Caribbean ,2021,2022,13103.8243,10735.5751,10735.574388795085,10724.87870531574,10396.941440908831,9901.29,Model 3,test
St. Lucia,LCA,Latin America & Caribbean ,2022,2023,13554.7685,13455.8745,13455.87396715793,13462.321926567263,13539.619576269812,13160.383,Model 3,test
Sri Lanka,LKA,South Asia,2018,2019,4081.9477,4630.1535,4630.1532397936235,4640.711773374255,4487.328978881769,4770.431,Model 3,test
Sri Lanka,LKA,South Asia,2019,2020,3847.6014,4335.0886,4335.088357152816,4351.752728937267,4270.339473735496,4619.6274,Model 3,test
Sri Lanka,LKA,South Asia,2020,2021,3996.9624,4084.8077,4084.807586335383,4106.71764190354,4065.152758559484,4514.676,Model 3,test
Sri Lanka,LKA,South Asia,2021,2022,3342.6365,4225.1085,4225.10841809003,4253.685779810662,4110.643452228593,4234.8403,Model 3,test
Sri Lanka,LKA,South Asia,2022,2023,3798.8902,3567.4144,3567.4143701255953,3577.2369715290483,3531.162409635016,3850.806,Model 3,test
Lesotho,LSO,Sub-Saharan Africa ,2018,2019,1082.0571,1207.9165,1207.9165152622722,1224.9445687368718,1183.1253113046655,1408.2673,Model 3,test
Lesotho,LSO,Sub-Saharan Africa ,2019,2020,918.5826,1117.4977,1117.497751599274,1134.9954494037988,1200.365406609032,1315.1273,Model 3,test
Lesotho,LSO,Sub-Saharan Africa ,2020,2021,1066.5865,949.6909,949.6909726436634,966.2134176350332,973.9849098249272,1154.5891,Model 3,test
Lesotho,LSO,Sub-Saharan Africa ,2021,2022,1030.1258,1097.8286,1097.8285442714257,1115.1494582329813,1130.8581271722992,1332.3127,Model 3,test
Lesotho,LSO,Sub-Saharan Africa ,2022,2023,916.283,1063.3154,1063.3154443326707,1083.2229158120842,1104.40367662551,1207.8748,Model 3,test
Lithuania,LTU,Europe & Central Asia,2018,2019,19608.7944,19956.3863,19956.385963725857,19782.71386345973,19757.617842954805,18943.85,Model 3,test
Lithuania,LTU,Europe & Central Asia,2019,2020,20428.6478,20314.2721,20314.27190546874,20158.699477120197,20358.75860229236,20847.697,Model 3,test
Lithuania,LTU,Europe & Central Asia,2020,2021,23870.4595,21082.0465,21082.045861642724,20911.660494014,20390.472595830615,20255.885,Model 3,test
Lithuania,LTU,Europe & Central Asia,2021,2022,25085.7841,24518.0984,24518.096882556732,24280.94399134526,24546.197976162603,21989.17,Model 3,test
Lithuania,LTU,Europe & Central Asia,2022,2023,27786.0058,25843.6451,25843.643616544527,25560.09979848744,25355.670888601384,24378.285,Model 3,test
Luxembourg,LUX,Europe & Central Asia,2018,2019,112696.6491,118631.1323,118631.12319565396,117037.10183123327,111621.58168940156,101498.14,Model 3,test
Luxembourg,LUX,Europe & Central Asia,2019,2020,116860.0282,114373.5318,114373.5233904124,112905.92449860684,109392.33325133528,101498.14,Model 3,test
Luxembourg,LUX,Europe & Central Asia,2020,2021,134965.8154,118285.7361,118285.72608494398,116779.06630620715,107283.89883049246,99712.66,Model 3,test
Luxembourg,LUX,Europe & Central Asia,2021,2022,123719.6589,136335.9847,136335.97054433398,134476.67927006446,107342.4741540777,101498.14,Model 3,test
Luxembourg,LUX,Europe & Central Asia,2022,2023,133230.6192,125225.136,125225.12359975625,123524.92660574838,104668.68831681728,100545.71,Model 3,test
Latvia,LVA,Europe & Central Asia,2018,2019,17294.9752,17891.4963,17891.496308671336,17741.678510295602,18188.32839289947,17757.277,Model 3,test
Latvia,LVA,Europe & Central Asia,2019,2020,17564.2322,17927.3587,17927.35892180441,17796.12577496884,18621.90664414052,18403.66,Model 3,test
Latvia,LVA,Europe & Central Asia,2020,2021,20261.8888,18157.7844,18157.78454900701,18047.05300739348,17990.296957404706,18029.432,Model 3,test
Latvia,LVA,Europe & Central Asia,2021,2022,20221.1037,20826.7375,20826.736627231578,20639.73160811761,19038.27269059966,19292.354,Model 3,test
Latvia,LVA,Europe & Central Asia,2022,2023,22710.2638,20857.4436,20857.44282487357,20643.153549902258,19332.02272435758,19532.95,Model 3,test
"Macao SAR, China",MAC,East Asia & Pacific,2018,2019,81882.6965,84927.5947,84927.58865938008,84555.61546824705,80008.89347290334,87953.16,Model 3,test
"Macao SAR, China",MAC,East Asia & Pacific,2019,2020,36883.6653,83120.0423,83120.03710043225,82858.91452413106,79680.46501422963,82922.336,Model 3,test
"Macao SAR, China",MAC,East Asia & Pacific,2020,2021,44884.8962,37870.9755,37870.9768177617,37993.13224847858,39891.4692442356,41488.56,Model 3,test
"Macao SAR, China",MAC,East Asia & Pacific,2021,2022,36806.8913,45872.1013,45872.101467060194,45960.35333507892,45495.28157717638,49597.848,Model 3,test
"Macao SAR, China",MAC,East Asia & Pacific,2022,2023,67216.3631,37673.2865,37673.28710072541,37780.192999746585,39832.467506696965,41488.56,Model 3,test
Morocco,MAR,"Middle East, North Africa, Afghanistan & Pakistan",2018,2019,3508.0977,3638.9157,3638.9160846940304,3726.4120025623142,3752.822932045253,3899.4058,Model 3,test
Morocco,MAR,"Middle East, North Africa, Afghanistan & Pakistan",2019,2020,3268.0303,3623.0619,3623.062519391691,3733.0043584652817,3757.723236295401,4288.8926,Model 3,test
Morocco,MAR,"Middle East, North Africa, Afghanistan & Pakistan",2020,2021,3785.9363,3371.0233,3371.0238544115477,3472.482356680889,3282.685414518995,3749.3103,Model 3,test
Morocco,MAR,"Middle East, North Africa, Afghanistan & Pakistan",2021,2022,3463.1377,3890.9412,3890.941771231001,4008.968608971442,3933.422403908507,4320.8535,Model 3,test
Morocco,MAR,"Middle East, North Africa, Afghanistan & Pakistan",2022,2023,3813.7261,3571.561,3571.5615934110083,3686.197265547214,3728.5500234774336,4342.152,Model 3,test
Moldova,MDA,Europe & Central Asia,2018,2019,4405.3342,4398.7851,4398.7854352543345,4370.993553235961,4356.08591325393,4411.414,Model 3,test
Moldova,MDA,Europe & Central Asia,2019,2020,4375.7789,4654.7161,4654.716364558488,4623.034479040224,4555.957735657316,4541.0635,Model 3,test
Moldova,MDA,Europe & Central Asia,2020,2021,5274.6058,4617.7147,4617.714884399526,4587.038726222843,4485.200955518671,4555.7295,Model 3,test
Moldova,MDA,Europe & Central Asia,2021,2022,5744.2962,5540.1078,5540.10782042848,5491.397796471317,5345.299593885766,5735.523,Model 3,test
Moldova,MDA,Europe & Central Asia,2022,2023,6799.5859,6064.7721,6064.772137711281,5997.872578438229,6049.333151665496,6141.083,Model 3,test
Madagascar,MDG,Sub-Saharan Africa ,2018,2019,499.8188,532.5133,532.5133446377653,544.0995256694108,522.7894424220955,538.8811,Model 3,test
Madagascar,MDG,Sub-Saharan Africa ,2019,2020,450.7716,530.9233,530.9233057836278,543.0769749969097,519.3257901122728,541.72876,Model 3,test
Madagascar,MDG,Sub-Saharan Africa ,2020,2021,483.4695,478.3251,478.3251884713966,489.7610723888794,488.2647789039768,503.78177,Model 3,test
Madagascar,MDG,Sub-Saharan Africa ,2021,2022,503.5145,511.7169,511.716970176213,523.8953601924494,509.38290162149264,536.11334,Model 3,test
Madagascar,MDG,Sub-Saharan Africa ,2022,2023,508.7184,532.1702,532.1702199567299,545.4040449331109,520.3178399279452,546.81213,Model 3,test
Maldives,MDV,South Asia,2018,2019,11740.2724,11953.9011,11953.90124953218,11976.765144679955,12594.283028791411,13782.627,Model 3,test
Maldives,MDV,South Asia,2019,2020,7393.8887,12253.4746,12253.47498255915,12300.630263453477,13136.527430366265,14259.149,Model 3,test
Maldives,MDV,South Asia,2020,2021,10176.1439,7751.5918,7751.592379678272,7806.212399404359,8311.664564394188,8985.109,Model 3,test
Maldives,MDV,South Asia,2021,2022,11786.0191,10593.1402,10593.1404845633,10644.155412917386,10841.790222221864,12549.297,Model 3,test
Maldives,MDV,South Asia,2022,2023,12587.6126,12271.1726,12271.173090819151,12350.992884999112,13188.265955482124,15442.539,Model 3,test
Mexico,MEX,Latin America & Caribbean ,2018,2019,10369.5554,10331.0398,10331.039300852144,10486.587373206996,9932.88431115235,9841.38,Model 3,test
Mexico,MEX,Latin America & Caribbean ,2019,2020,8841.2708,10571.2604,10571.260269095565,10774.103498386346,10043.821382349552,10278.23,Model 3,test
Mexico,MEX,Latin America & Caribbean ,2020,2021,10314.0507,8977.2446,8977.244118196946,9132.556669184582,8813.74428229383,8783.023,Model 3,test
Mexico,MEX,Latin America & Caribbean ,2021,2022,11405.794,10422.9176,10422.916796936222,10593.84740021803,9822.601558735643,9707.681,Model 3,test
Mexico,MEX,Latin America & Caribbean ,2022,2023,13860.9598,11556.1562,11556.15587678674,11787.689590574546,10778.44696331656,11133.859,Model 3,test
North Macedonia,MKD,Europe & Central Asia,2018,2019,6718.8583,7077.2452,7077.246178718038,7081.688116405153,7294.927946993686,7413.822,Model 3,test
North Macedonia,MKD,Europe & Central Asia,2019,2020,6659.5965,7075.8754,7075.876351921209,7081.313200969414,7347.460504288992,7770.4707,Model 3,test
North Macedonia,MKD,Europe & Central Asia,2020,2021,7620.803,6991.9555,6991.95624011949,6982.316944211907,7093.420924208795,7696.3804,Model 3,test
North Macedonia,MKD,Europe & Central Asia,2021,2022,7606.2375,7969.9368,7969.937347015585,7940.849993824269,8002.94454290527,8720.95,Model 3,test
North Macedonia,MKD,Europe & Central Asia,2022,2023,8674.3585,7973.0612,7973.061795571652,7940.919499186703,7988.185319428298,8696.773,Model 3,test
Mali,MLI,Sub-Saharan Africa ,2018,2019,971.9493,1037.9624,1037.9623882485937,1055.9848101156908,1049.4126540131692,1004.65814,Model 3,test
Mali,MLI,Sub-Saharan Africa ,2019,2020,953.2429,1010.9416,1010.9416298648014,1030.7534906757612,1021.3316632749002,1062.4083,Model 3,test
Mali,MLI,Sub-Saharan Africa ,2020,2021,1027.2735,989.7173,989.7172829613104,1009.9085577238208,988.7546243597018,1042.8735,Model 3,test
Mali,MLI,Sub-Saharan Africa ,2021,2022,976.9141,1063.9059,1063.9059208350186,1086.3879274856129,1079.766547657298,1105.0128,Model 3,test
Mali,MLI,Sub-Saharan Africa ,2022,2023,1043.9534,1013.8121,1013.8121445714196,1035.669778894481,1006.7396985741896,1076.0173,Model 3,test
Malta,MLT,"Middle East, North Africa, Afghanistan & Pakistan",2018,2019,32421.918,34037.1453,34037.146296789026,34370.018232791015,37538.042848217374,38075.926,Model 3,test
Malta,MLT,"Middle East, North Africa, Afghanistan & Pakistan",2019,2020,31823.4364,33026.9246,33026.9260494781,33410.673507134496,34368.35283100709,36724.87,Model 3,test
Malta,MLT,"Middle East, North Africa, Afghanistan & Pakistan",2020,2021,38096.8361,32360.6721,32360.67332548603,32746.427150437314,33321.92758335712,36194.28,Model 3,test
Malta,MLT,"Middle East, North Africa, Afghanistan & Pakistan",2021,2022,35638.8869,38615.7832,38615.783672637175,39030.48291607321,39787.403287024026,41484.523,Model 3,test
Malta,MLT,"Middle East, North Africa, Afghanistan & Pakistan",2022,2023,40905.806,36131.5561,36131.55707394467,36558.148600806024,38908.077485858645,40799.207,Model 3,test
Myanmar,MMR,East Asia & Pacific,2018,2019,1425.9895,1386.7559,1386.7558749414743,1389.5419929743664,1394.1565736933858,1371.8625,Model 3,test
Myanmar,MMR,East Asia & Pacific,2019,2020,1490.2168,1517.779,1517.7790070402953,1522.8051270520698,1538.871351798671,1625.9398,Model 3,test
Montenegro,MNE,Europe & Central Asia,2018,2019,8749.0238,9175.094,9175.095004742903,9120.11482731366,9376.828059062933,9868.72,Model 3,test
Montenegro,MNE,Europe & Central Asia,2019,2020,7538.5364,9224.7473,9224.748108726875,9167.756341195976,9640.310521486366,9899.015,Model 3,test
Montenegro,MNE,Europe & Central Asia,2020,2021,9317.1552,7940.6059,7940.606755156227,7907.894519418853,7947.971574411918,8493.385,Model 3,test
Montenegro,MNE,Europe & Central Asia,2021,2022,10024.5436,9742.2369,9742.237495466396,9676.51623572147,9832.030472599,11021.129,Model 3,test
Montenegro,MNE,Europe & Central Asia,2022,2023,12259.8775,10496.8775,10496.87840632921,10440.166528731155,10322.993506925175,11439.9375,Model 3,test
Mongolia,MNG,East Asia & Pacific,2018,2019,4347.5461,4337.4094,4337.409337090865,4326.328424407072,4134.793021161788,4030.0908,Model 3,test
Mongolia,MNG,East Asia & Pacific,2019,2020,4001.2519,4577.1061,4577.106039169069,4572.33926155549,4490.863903899725,4332.667,Model 3,test
Mongolia,MNG,East Asia & Pacific,2020,2021,4517.6158,4201.8147,4201.81481531679,4215.9365647448785,4084.6984237065376,3984.5825,Model 3,test
Mongolia,MNG,East Asia & Pacific,2021,2022,4993.5149,4708.9958,4708.996128160215,4746.861186790924,4934.222611973465,4998.2534,Model 3,test
Mongolia,MNG,East Asia & Pacific,2022,2023,5838.6311,5203.8659,5203.8661482151965,5234.472816522164,5309.486056745659,5656.271,Model 3,test
Mozambique,MOZ,Sub-Saharan Africa ,2018,2019,519.0926,547.3442,547.3442846644522,558.9472293596315,523.4818835399585,562.51776,Model 3,test
Mozambique,MOZ,Sub-Saharan Africa ,2019,2020,462.4339,548.558,548.5580627033524,560.873391117163,526.6143193312271,562.14105,Model 3,test
Mozambique,MOZ,Sub-Saharan Africa ,2020,2021,509.9078,489.018,489.0180611132627,500.71990550419247,487.4355288937884,503.78177,Model 3,test
Mozambique,MOZ,Sub-Saharan Africa ,2021,2022,578.2517,537.1354,537.1354344467161,549.21262941073,526.2194357924287,565.5718,Model 3,test
Mozambique,MOZ,Sub-Saharan Africa ,2022,2023,622.0003,609.3489,609.3489437622503,624.3270335581126,605.8667018846738,630.8143,Model 3,test
Mauritania,MRT,Sub-Saharan Africa ,2018,2019,1767.0727,1802.827,1802.8271307363257,1837.0840807117927,1777.3429189194064,1789.4927,Model 3,test
Mauritania,MRT,Sub-Saharan Africa ,2019,2020,1795.7646,1846.002,1846.002097246178,1882.720581453215,1821.5861346341649,1867.2051,Model 3,test
Mauritania,MRT,Sub-Saharan Africa ,2020,2021,1947.7892,1869.3402,1869.340316920392,1907.8471052054745,1820.1713441895456,1874.2914,Model 3,test
Mauritania,MRT,Sub-Saharan Africa ,2021,2022,1960.3524,2020.3983,2020.3984522486385,2064.056488342484,1998.646715287396,2063.3118,Model 3,test
Mauritania,MRT,Sub-Saharan Africa ,2022,2023,2135.7819,2033.7593,2033.759475229268,2082.501353792861,2017.3453349544975,2178.424,Model 3,test
Mauritius,MUS,Sub-Saharan Africa ,2018,2019,11568.2533,12020.0777,12020.078220360949,12248.702584632283,12505.305672884891,12062.212,Model 3,test
Mauritius,MUS,Sub-Saharan Africa ,2019,2020,9135.8477,11742.5484,11742.54898234916,11982.302468330628,12350.320264796032,11787.163,Model 3,test
Mauritius,MUS,Sub-Saharan Africa ,2020,2021,9177.712,9285.1768,9285.177680271132,9505.934670114451,9705.979813506085,10043.363,Model 3,test
Mauritius,MUS,Sub-Saharan Africa ,2021,2022,10246.5017,9308.0294,9308.03020802716,9531.980052787503,9625.3177060595,10079.749,Model 3,test
Mauritius,MUS,Sub-Saharan Africa ,2022,2023,11269.9684,10367.006,10367.006789960808,10604.76984942075,10290.224505837954,10500.279,Model 3,test
Malawi,MWI,Sub-Saharan Africa ,2018,2019,580.8891,567.9786,567.978640633112,580.0864058249142,575.1594550457999,564.1943,Model 3,test
Malawi,MWI,Sub-Saharan Africa ,2019,2020,602.5075,617.1667,617.1667718214248,631.0490096137299,654.4998992548149,622.6804,Model 3,test
Malawi,MWI,Sub-Saharan Africa ,2020,2021,617.447,638.7816,638.7816328359314,653.8728963282065,664.9766400395417,632.92365,Model 3,test
Malawi,MWI,Sub-Saharan Africa ,2021,2022,604.2697,653.3413,653.3413590096025,668.6466632960145,687.7468400756228,663.614,Model 3,test
Malawi,MWI,Sub-Saharan Africa ,2022,2023,633.2148,641.1712,641.1712971878837,656.0349012158706,672.8613016478088,641.1962,Model 3,test
Malaysia,MYS,East Asia & Pacific,2018,2019,10920.1918,11221.0568,11221.057165924083,11351.222641487777,11018.116114644396,12043.752,Model 3,test
Malaysia,MYS,East Asia & Pacific,2019,2020,9957.5263,11223.7059,11223.706335199631,11366.483738384884,11022.80870811803,12004.935,Model 3,test
Malaysia,MYS,East Asia & Pacific,2020,2021,10903.1037,10223.017,10223.017653732924,10382.74810169566,10472.026753976132,11301.0205,Model 3,test
Malaysia,MYS,East Asia & Pacific,2021,2022,11754.5678,11123.3657,11123.366115045335,11285.749985442008,10847.769929379416,11331.929,Model 3,test
Malaysia,MYS,East Asia & Pacific,2022,2023,11386.0396,11992.9314,11992.931867987832,12178.430760022538,12227.08452915753,13049.801,Model 3,test
Namibia,NAM,Sub-Saharan Africa ,2018,2019,4731.921,5392.7148,5392.714458779325,5460.976425653537,5425.533317240986,5494.3677,Model 3,test
Namibia,NAM,Sub-Saharan Africa ,2019,2020,3878.5898,4807.6687,4807.66859313846,4887.34701647401,4876.217674421346,5026.926,Model 3,test
Namibia,NAM,Sub-Saharan Africa ,2020,2021,4412.8356,3941.8318,3941.8319298013103,4025.9146318272574,3827.093264477125,3971.5168,Model 3,test
Namibia,NAM,Sub-Saharan Africa ,2021,2022,4349.7991,4452.2906,4452.290441296487,4532.522318389915,4654.058095481366,4384.3745,Model 3,test
Namibia,NAM,Sub-Saharan Africa ,2022,2023,4187.605,4403.9618,4403.9618882366285,4498.541924568349,4529.735194494066,4336.04,Model 3,test
Niger,NER,Sub-Saharan Africa ,2018,2019,561.6913,610.7404,610.7403722629972,621.9494839977256,596.4688466813541,622.18414,Model 3,test
Niger,NER,Sub-Saharan Africa ,2019,2020,579.5125,592.3078,592.3078723886522,604.1579089699403,537.9524613214421,602.68536,Model 3,test
Niger,NER,Sub-Saharan Africa ,2020,2021,608.7224,610.67,610.6700095734607,622.2856882988578,596.0902891093658,632.2646,Model 3,test
Niger,NER,Sub-Saharan Africa ,2021,2022,609.7451,640.151,640.1510250500537,652.0047923511017,595.7026659097063,642.79114,Model 3,test
Niger,NER,Sub-Saharan Africa ,2022,2023,638.3361,641.3695,641.369529431166,653.848781349231,591.6906405605448,642.79114,Model 3,test
Nigeria,NGA,Sub-Saharan Africa ,2018,2019,3189.8129,2090.2878,2090.2874059001633,2117.0436010541857,2070.4527601349296,2180.4526,Model 3,test
Nigeria,NGA,Sub-Saharan Africa ,2019,2020,2797.1846,3214.2978,3214.2970189967177,3249.422727523653,2866.4481198835183,3107.1108,Model 3,test
Nigeria,NGA,Sub-Saharan Africa ,2020,2021,2787.4878,2821.5773,2821.5767081037666,2856.421967947577,2722.252266119094,2787.298,Model 3,test
Nigeria,NGA,Sub-Saharan Africa ,2021,2022,2899.1605,2810.1703,2810.1696911254053,2847.2097798875416,2684.2233147294633,2686.471,Model 3,test
Nigeria,NGA,Sub-Saharan Africa ,2022,2023,2138.7638,2919.6281,2919.627508638755,2960.671151780926,2836.956101895522,2889.6816,Model 3,test
Nicaragua,NIC,Latin America & Caribbean ,2018,2019,1958.6205,2166.4436,2166.4437743154444,2192.1640740334465,2239.2261169014587,2493.3845,Model 3,test
Nicaragua,NIC,Latin America & Caribbean ,2019,2020,1938.447,2081.4305,2081.430703456799,2109.622441694593,2190.099994393165,2360.519,Model 3,test
Nicaragua,NIC,Latin America & Caribbean ,2020,2021,2138.3859,2046.871,2046.8711817748367,2073.5580560968056,2091.6822352663635,2188.3188,Model 3,test
Nicaragua,NIC,Latin America & Caribbean ,2021,2022,2322.8905,2248.18,2248.180202880279,2279.4410506560953,2218.4010802731555,2401.421,Model 3,test
Nicaragua,NIC,Latin America & Caribbean ,2022,2023,2609.4449,2446.58,2446.580292899452,2491.1627658670627,2549.851580512936,2848.3142,Model 3,test
Netherlands,NLD,Europe & Central Asia,2018,2019,53554.9007,55031.2436,55031.24196581373,54900.62416464266,53362.321452778815,54248.57,Model 3,test
Netherlands,NLD,Europe & Central Asia,2019,2020,53467.9277,54601.9991,54601.99762136657,54501.78267051522,53028.16005153302,54248.57,Model 3,test
Netherlands,NLD,Europe & Central Asia,2020,2021,60141.9881,54439.9619,54439.959264461584,54291.01385588876,52567.56968031216,54034.188,Model 3,test
Netherlands,NLD,Europe & Central Asia,2021,2022,59123.3186,61072.9526,61072.94848373385,60859.08351011118,59357.49081495858,57911.32,Model 3,test
Netherlands,NLD,Europe & Central Asia,2022,2023,63515.6031,60107.4059,60107.40163406592,59851.091778565176,58108.49766912325,56467.34,Model 3,test
Norway,NOR,Europe & Central Asia,2018,2019,76430.5889,84117.5412,84117.53729176402,83603.1954250467,80773.84654400748,80723.28,Model 3,test
Norway,NOR,Europe & Central Asia,2019,2020,68340.0181,77676.5252,77676.52248144313,77300.37510238282,80330.25404327638,77610.39,Model 3,test
Norway,NOR,Europe & Central Asia,2020,2021,93072.8925,69600.4827,69600.48039683145,69284.32354842138,70634.5193968103,68039.836,Model 3,test
Norway,NOR,Europe & Central Asia,2021,2022,109269.5206,94171.3582,94171.35211148564,93631.51479080765,80284.32758504026,80633.266,Model 3,test
Norway,NOR,Europe & Central Asia,2022,2023,87497.218,110171.8621,110171.85082757012,109301.14496969635,94522.99616165606,91402.055,Model 3,test
Nepal,NPL,South Asia,2018,2019,1203.1429,1265.4204,1265.4203615399622,1272.5671425435385,1279.5298265065242,1392.5642,Model 3,test
Nepal,NPL,South Asia,2019,2020,1154.2152,1288.715,1288.7150157291533,1297.695153360221,1294.996704496618,1415.6815,Model 3,test
Nepal,NPL,South Asia,2020,2021,1252.7508,1234.0274,1234.0273602046898,1244.7482559424193,1268.032777951742,1381.2351,Model 3,test
Nepal,NPL,South Asia,2021,2022,1385.9107,1333.8636,1333.8635464792826,1345.530278051767,1319.4962600069168,1388.6937,Model 3,test
Nepal,NPL,South Asia,2022,2023,1382.3306,1474.7157,1474.7157394258852,1489.6317333850018,1492.0123657492018,1642.3994,Model 3,test
New Zealand,NZL,East Asia & Pacific,2018,2019,42855.8319,43991.6435,43991.6428528744,44225.42200130815,44920.20854896476,44701.945,Model 3,test
New Zealand,NZL,East Asia & Pacific,2019,2020,41997.783,43568.4242,43568.42374968935,43828.37047339912,44132.37955152955,44701.945,Model 3,test
New Zealand,NZL,East Asia & Pacific,2020,2021,49950.4252,42673.5041,42673.50374519861,42960.57210860472,43775.75072935047,43967.918,Model 3,test
New Zealand,NZL,East Asia & Pacific,2021,2022,49099.709,50586.4251,50586.42328236859,50856.74980875638,50219.41203380776,49257.656,Model 3,test
New Zealand,NZL,East Asia & Pacific,2022,2023,49075.9563,49704.101,49704.09894916536,49950.13122686045,49464.53505211323,49121.145,Model 3,test
Oman,OMN,"Middle East, North Africa, Afghanistan & Pakistan",2018,2019,19180.1864,20269.7445,20269.745591909363,20625.15439632688,21735.764088617627,23215.139,Model 3,test
Oman,OMN,"Middle East, North Africa, Afghanistan & Pakistan",2019,2020,16784.8631,19506.0272,19506.028564862143,19884.296931805617,20399.417611909084,22267.54,Model 3,test
Oman,OMN,"Middle East, North Africa, Afghanistan & Pakistan",2020,2021,19403.46,17019.0749,17019.075933940894,17360.135327501004,18702.217731854984,19660.67,Model 3,test
Oman,OMN,"Middle East, North Africa, Afghanistan & Pakistan",2021,2022,23223.5829,19581.9127,19581.91290570366,19912.48801808417,20778.086804493476,20429.945,Model 3,test
Oman,OMN,"Middle East, North Africa, Afghanistan & Pakistan",2022,2023,21027.7385,23406.5059,23406.50623039116,23820.06922408272,23423.029174562256,23304.377,Model 3,test
Pakistan,PAK,"Middle East, North Africa, Afghanistan & Pakistan",2018,2019,1390.4169,1654.7233,1654.7231751362854,1673.4571641336388,1719.7606729491283,1686.5148,Model 3,test
Pakistan,PAK,"Middle East, North Africa, Afghanistan & Pakistan",2019,2020,1278.3974,1468.7262,1468.7261268743662,1486.536181504945,1465.7557251704818,1475.4807,Model 3,test
Pakistan,PAK,"Middle East, North Africa, Afghanistan & Pakistan",2020,2021,1455.3192,1348.3167,1348.316613102854,1365.433981113885,1329.3961698387538,1270.1965,Model 3,test
Panama,PAN,Latin America & Caribbean ,2018,2019,16477.9066,16600.6424,16600.642258033437,16759.710662534188,17610.054860112217,16869.557,Model 3,test
Panama,PAN,Latin America & Caribbean ,2019,2020,13290.5608,16908.9585,16908.958425732457,17088.689513464928,17606.499214929154,17092.29,Model 3,test
Panama,PAN,Latin America & Caribbean ,2020,2021,15509.8069,13612.5567,13612.556677835852,13776.128457397392,14040.383101085808,13461.619,Model 3,test
Panama,PAN,Latin America & Caribbean ,2021,2022,17378.607,15862.6294,15862.62901887824,16033.152996133796,15491.944844693156,14709.918,Model 3,test
Panama,PAN,Latin America & Caribbean ,2022,2023,18797.1934,17783.7042,17783.70408564332,17996.820930072754,18967.77800811516,17077.902,Model 3,test
Peru,PER,Latin America & Caribbean ,2018,2019,7037.008,7229.194,7229.194220285421,7344.261785138556,7112.152667860015,7230.101,Model 3,test
Peru,PER,Latin America & Caribbean ,2019,2020,6133.3255,7276.6155,7276.615736781576,7403.651646186985,7023.997948224303,7242.9995,Model 3,test
Peru,PER,Latin America & Caribbean ,2020,2021,6826.2026,6318.4283,6318.428462332821,6434.697537987996,6287.077999808499,6327.6523,Model 3,test
Peru,PER,Latin America & Caribbean ,2021,2022,7350.6303,6988.8291,6988.829103644898,7105.2737924918065,6864.155037488211,6921.991,Model 3,test
Peru,PER,Latin America & Caribbean ,2022,2023,7887.5419,7559.225,7559.225495270333,7719.977001830344,7625.540691070858,7953.475,Model 3,test
Philippines,PHL,East Asia & Pacific,2018,2019,3400.7895,3329.8786,3329.8785394334145,3349.1197278016175,3095.5848433119995,3237.886,Model 3,test
Philippines,PHL,East Asia & Pacific,2019,2020,3227.5791,3566.4789,3566.478736947306,3585.8991950261066,3248.7399859845764,3349.83,Model 3,test
Philippines,PHL,East Asia & Pacific,2020,2021,3484.3859,3376.3341,3376.3340374366207,3408.0901874614947,3124.8394585747924,3380.1785,Model 3,test
Philippines,PHL,East Asia & Pacific,2021,2022,3548.0693,3609.1649,3609.164794281145,3643.49935289686,3648.925811947115,3742.7156,Model 3,test
Philippines,PHL,East Asia & Pacific,2022,2023,3804.0827,3677.1292,3677.1292811035473,3728.53111246776,3729.551406631081,3809.8354,Model 3,test
Papua New Guinea,PNG,East Asia & Pacific,2018,2019,2575.7727,2731.0231,2731.0227426611405,2698.4367977566394,2598.515332225854,2493.3228,Model 3,test
Papua New Guinea,PNG,East Asia & Pacific,2019,2020,2429.6113,2738.3761,2738.3757280114214,2707.576363026482,2615.3274706084976,2493.589,Model 3,test
Papua New Guinea,PNG,East Asia & Pacific,2020,2021,2607.5786,2581.9156,2581.91523393914,2554.207116222144,2512.904211146574,2356.049,Model 3,test
Papua New Guinea,PNG,East Asia & Pacific,2021,2022,3102.2897,2761.9638,2761.9633553813783,2730.8930110327747,2616.5079369166237,2482.2288,Model 3,test
Papua New Guinea,PNG,East Asia & Pacific,2022,2023,2966.0683,3277.2706,3277.2700634050866,3240.525823761591,3207.068689749173,2864.771,Model 3,test
Poland,POL,Europe & Central Asia,2018,2019,15874.5221,16237.6534,16237.653620539324,16236.166721591837,15766.350821984111,15996.195,Model 3,test
Poland,POL,Europe & Central Asia,2019,2020,16150.9305,16442.1589,16442.159185433164,16455.199984502957,16848.513520203232,16285.625,Model 3,test
Poland,POL,Europe & Central Asia,2020,2021,18635.5105,16671.7628,16671.762757912125,16669.96378386917,18485.7266723656,17804.129,Model 3,test
Poland,POL,Europe & Central Asia,2021,2022,18891.2121,19148.2463,19148.24555811358,19116.37370745193,20226.396613156256,19349.436,Model 3,test
Poland,POL,Europe & Central Asia,2022,2023,22145.2661,19460.7371,19460.736660641494,19435.35795604833,20083.650628785985,20083.078,Model 3,test
Portugal,PRT,Europe & Central Asia,2018,2019,23343.3629,24451.1564,24451.156881219868,24381.06432829239,24272.781782747723,24811.072,Model 3,test
Portugal,PRT,Europe & Central Asia,2019,2020,22299.4044,24237.534,24237.534527357708,24183.145853485308,24514.9821180656,24909.51,Model 3,test
Portugal,PRT,Europe & Central Asia,2020,2021,24711.451,23122.0347,23122.035304882986,23092.978237363237,23028.447043091495,23328.281,Model 3,test
Portugal,PRT,Europe & Central Asia,2021,2022,24620.5198,25541.1529,25541.153449631485,25517.35474655594,26373.176419253672,27982.78,Model 3,test
Portugal,PRT,Europe & Central Asia,2022,2023,27634.6183,25453.1357,25453.136145735258,25422.654612947343,26248.896145770905,27580.545,Model 3,test
Paraguay,PRY,Latin America & Caribbean ,2018,2019,5821.182,6481.8261,6481.826392003887,6568.762424716774,6304.684554160556,6437.764,Model 3,test
Paraguay,PRY,Latin America & Caribbean ,2019,2020,5365.4722,6024.1183,6024.118708012118,6116.310962882925,6094.69160695676,6401.16,Model 3,test
Paraguay,PRY,Latin America & Caribbean ,2020,2021,5976.9318,5538.6718,5538.672189185344,5632.63115756514,5465.659058480761,5787.3857,Model 3,test
Paraguay,PRY,Latin America & Caribbean ,2021,2022,6205.626,6117.4814,6117.481360965743,6193.245282024988,6187.420518028837,6110.698,Model 3,test
Paraguay,PRY,Latin America & Caribbean ,2022,2023,6299.9903,6384.0008,6384.001002377034,6479.056357474339,6048.001979547924,6258.587,Model 3,test
West Bank and Gaza,PSE,"Middle East, North Africa, Afghanistan & Pakistan",2018,2019,3656.8583,3715.692,3715.692542942478,3801.197085256325,3645.745614350408,3958.9924,Model 3,test
West Bank and Gaza,PSE,"Middle East, North Africa, Afghanistan & Pakistan",2019,2020,3233.5686,3806.7335,3806.7341408635743,3900.797822781591,3753.690649446525,4108.288,Model 3,test
West Bank and Gaza,PSE,"Middle East, North Africa, Afghanistan & Pakistan",2020,2021,3678.6357,3359.7226,3359.723260971144,3450.5305665296364,3486.587126574288,3619.378,Model 3,test
West Bank and Gaza,PSE,"Middle East, North Africa, Afghanistan & Pakistan",2022,2023,3455.0285,3930.1124,3930.113236092841,4049.3174312756664,3962.55154051667,4618.7686,Model 3,test
Qatar,QAT,"Middle East, North Africa, Afghanistan & Pakistan",2018,2019,66841.3623,70982.0364,70982.03527145421,71976.8608283084,73277.42461701564,79651.54,Model 3,test
Qatar,QAT,"Middle East, North Africa, Afghanistan & Pakistan",2019,2020,51683.5681,66810.9823,66810.9816788408,67805.07777276942,70220.19995494118,69353.02,Model 3,test
Qatar,QAT,"Middle East, North Africa, Afghanistan & Pakistan",2020,2021,71751.9363,51647.7553,51647.75420597813,52412.05888832004,52967.716151807326,50956.613,Model 3,test
Qatar,QAT,"Middle East, North Africa, Afghanistan & Pakistan",2021,2022,88701.469,71418.763,71418.75874888303,72283.20048406426,72108.9982447797,79043.516,Model 3,test
Qatar,QAT,"Middle East, North Africa, Afghanistan & Pakistan",2022,2023,81816.9798,88086.5115,88086.50391733159,89020.76709620783,74584.14173867376,82707.04,Model 3,test
Romania,ROU,Europe & Central Asia,2018,2019,12909.6104,12938.9702,12938.970077778617,12879.62589837514,12230.771516985562,12318.442,Model 3,test
Romania,ROU,Europe & Central Asia,2019,2020,13009.1771,13427.2572,13427.257072300255,13378.06063001209,13801.1389421901,12956.684,Model 3,test
Romania,ROU,Europe & Central Asia,2020,2021,14907.9804,13473.4709,13473.470708615228,13430.741280084732,13860.894769471844,12342.867,Model 3,test
Romania,ROU,Europe & Central Asia,2021,2022,15503.5518,15350.8478,15350.84706779343,15285.984219288814,13175.268696483923,14053.004,Model 3,test
Romania,ROU,Europe & Central Asia,2022,2023,18244.4187,16004.8157,16004.815333240387,15952.48240843239,14597.307211365458,15093.231,Model 3,test
Russian Federation,RUS,Europe & Central Asia,2018,2019,11447.7012,11567.6519,11567.65170642754,11589.706587864925,10853.45279260627,11435.673,Model 3,test
Russian Federation,RUS,Europe & Central Asia,2019,2020,10108.3271,11802.9197,11802.919555447346,11830.829814297173,10937.56061500073,11542.061,Model 3,test
Russian Federation,RUS,Europe & Central Asia,2020,2021,12425.0293,10401.9487,10401.948512212455,10429.80013082278,9568.773099283912,10209.3,Model 3,test
Russian Federation,RUS,Europe & Central Asia,2021,2022,15619.6143,12709.6642,12709.663363183368,12712.639964646103,10903.394389648234,11786.702,Model 3,test
Russian Federation,RUS,Europe & Central Asia,2022,2023,14159.3877,15972.4235,15972.42253442568,15979.118740637685,12129.263014685825,14126.545,Model 3,test
Rwanda,RWA,Sub-Saharan Africa ,2018,2019,810.0514,815.0989,815.0989614118052,836.0489945986714,792.4065896171907,836.54193,Model 3,test
Rwanda,RWA,Sub-Saharan Africa ,2019,2020,778.7015,854.5177,854.5178261499314,876.6125359094627,856.8407054584596,875.5166,Model 3,test
Rwanda,RWA,Sub-Saharan Africa ,2020,2021,829.5448,821.8658,821.8659555812769,843.3565866530696,810.9758591816621,862.4347,Model 3,test
Rwanda,RWA,Sub-Saharan Africa ,2021,2022,975.4693,871.6928,871.6929541925084,896.3463123473714,875.6671038498102,882.7032,Model 3,test
Rwanda,RWA,Sub-Saharan Africa ,2022,2023,1027.0345,1024.6797,1024.6798142703797,1051.010879168219,967.3617522492456,1053.8783,Model 3,test
Saudi Arabia,SAU,"Middle East, North Africa, Afghanistan & Pakistan",2018,2019,29566.7934,29463.6163,29463.616421216808,30088.83165774421,30458.98964684618,30161.47,Model 3,test
Saudi Arabia,SAU,"Middle East, North Africa, Afghanistan & Pakistan",2019,2020,24338.8307,29594.4525,29594.452503401717,30247.346271568735,30112.673249639636,31408.492,Model 3,test
Saudi Arabia,SAU,"Middle East, North Africa, Afghanistan & Pakistan",2020,2021,31920.7654,24391.4165,24391.4167994166,24953.59690472937,25932.860229651546,24112.59,Model 3,test
Saudi Arabia,SAU,"Middle East, North Africa, Afghanistan & Pakistan",2021,2022,38510.2276,31796.2353,31796.23439793237,32470.154850046987,31238.282037339686,30624.438,Model 3,test
Saudi Arabia,SAU,"Middle East, North Africa, Afghanistan & Pakistan",2022,2023,36156.8483,38228.5595,38228.55741535137,39000.08765546439,39412.344301698824,36790.527,Model 3,test
Senegal,SEN,Sub-Saharan Africa ,2018,2019,1431.1813,1514.6723,1514.67245360257,1554.641439009618,1553.2793075705963,1638.5149,Model 3,test
Senegal,SEN,Sub-Saharan Africa ,2019,2020,1461.0872,1489.1297,1489.129909258323,1532.218130466489,1543.676128341909,1624.0275,Model 3,test
Senegal,SEN,Sub-Saharan Africa ,2020,2021,1598.1068,1513.9963,1513.9965503438034,1561.8914597062628,1547.63266095795,1678.132,Model 3,test
Senegal,SEN,Sub-Saharan Africa ,2021,2022,1574.0281,1650.1664,1650.1666453323944,1701.4762758019874,1707.107308746543,1849.1025,Model 3,test
Senegal,SEN,Sub-Saharan Africa ,2022,2023,1698.0339,1627.7191,1627.7193350011514,1678.631611068459,1844.2884283282308,1848.7428,Model 3,test
Singapore,SGP,East Asia & Pacific,2018,2019,65952.0379,67670.9272,67670.92398904939,67941.49320702329,70108.24206332248,67603.96,Model 3,test
Singapore,SGP,East Asia & Pacific,2019,2020,61410.0793,66713.9997,66713.99668422998,67017.02201100264,69922.33101417992,67603.96,Model 3,test
Singapore,SGP,East Asia & Pacific,2020,2021,80056.1288,62071.5518,62071.54981093659,62454.14881081321,62071.54604440542,61256.617,Model 3,test
Singapore,SGP,East Asia & Pacific,2021,2022,90299.0695,80399.2068,80399.20169063708,80798.85570202088,80754.00183328192,77113.2,Model 3,test
Singapore,SGP,East Asia & Pacific,2022,2023,85412.2303,90519.6375,90519.62903087116,90790.5091017074,78544.2706279125,80140.63,Model 3,test
Solomon Islands,SLB,East Asia & Pacific,2018,2019,2223.6589,2453.0184,2453.018385098316,2426.3060642913047,2421.115858025927,2402.9512,Model 3,test
Solomon Islands,SLB,East Asia & Pacific,2019,2020,2063.3278,2392.0673,2392.067228347367,2368.843007697996,2408.929924860668,2549.966,Model 3,test
Solomon Islands,SLB,East Asia & Pacific,2020,2021,2043.4441,2217.9378,2217.937712988361,2196.8801318688656,2132.7459048330716,2357.7698,Model 3,test
Solomon Islands,SLB,East Asia & Pacific,2021,2022,1877.781,2191.9506,2191.9505942376904,2173.0217614620396,2151.9751863380293,2390.1592,Model 3,test
Solomon Islands,SLB,East Asia & Pacific,2022,2023,1882.6439,2019.8513,2019.8513281016176,2005.9046385032816,2038.6886889832876,2166.0928,Model 3,test
Sierra Leone,SLE,Sub-Saharan Africa ,2018,2019,843.7125,889.7933,889.7933047133621,900.2013341871663,846.4403414153185,836.88904,Model 3,test
Sierra Leone,SLE,Sub-Saharan Africa ,2019,2020,845.2776,886.9311,886.9311228795426,898.3503920920608,849.9401501597306,833.51306,Model 3,test
Sierra Leone,SLE,Sub-Saharan Africa ,2020,2021,885.3964,887.3973,887.3972502089478,899.5796728668862,850.5999010783478,840.03595,Model 3,test
Sierra Leone,SLE,Sub-Saharan Africa ,2021,2022,860.3711,928.137,928.1370403600868,941.8150417755704,933.6736654617544,921.4528,Model 3,test
Sierra Leone,SLE,Sub-Saharan Africa ,2022,2023,758.3291,904.4352,904.4352186572712,917.1866980881208,871.5715424754878,830.25555,Model 3,test
El Salvador,SLV,Latin America & Caribbean ,2018,2019,4320.1167,4374.8651,4374.865115006941,4409.741006277343,4355.42683949046,4200.394,Model 3,test
El Salvador,SLV,Latin America & Caribbean ,2019,2020,3997.1928,4504.5949,4504.594987345709,4550.726329839805,4410.972699507158,4390.3745,Model 3,test
El Salvador,SLV,Latin America & Caribbean ,2020,2021,4642.6074,4156.6344,4156.634440965068,4201.73653499366,4013.137290327832,3980.8298,Model 3,test
El Salvador,SLV,Latin America & Caribbean ,2021,2022,5074.6021,4811.1018,4811.101748971291,4857.31464996189,5051.529330978428,5051.2812,Model 3,test
El Salvador,SLV,Latin America & Caribbean ,2022,2023,5365.4449,5261.1623,5261.162357289693,5318.320105053308,5352.040460287234,5213.3013,Model 3,test
Serbia,SRB,Europe & Central Asia,2018,2019,7755.633,7945.3948,7945.395487972938,7939.548991394705,7996.481690092949,8344.635,Model 3,test
Serbia,SRB,Europe & Central Asia,2019,2020,8098.7096,8136.0803,8136.080956409798,8135.87851684962,8028.431656497433,8350.479,Model 3,test
Serbia,SRB,Europe & Central Asia,2020,2021,9680.528,8468.1227,8468.123179233253,8455.235599723042,7938.770484953617,8368.1045,Model 3,test
Serbia,SRB,Europe & Central Asia,2021,2022,10024.8191,10060.2752,10060.275256717923,10022.641880564206,9940.702601899437,10040.165,Model 3,test
Serbia,SRB,Europe & Central Asia,2022,2023,12281.7079,10446.7672,10446.767543594386,10419.062961459178,10331.330846494822,10964.058,Model 3,test
Sao Tome and Principe,STP,Sub-Saharan Africa ,2018,2019,1935.2932,1916.8238,1916.8240021651256,1944.7738696744016,1893.9081682743567,1974.2456,Model 3,test
Sao Tome and Principe,STP,Sub-Saharan Africa ,2019,2020,2167.22,2026.0091,2026.009373203723,2059.507376899677,2017.2484104541193,2148.6829,Model 3,test
Sao Tome and Principe,STP,Sub-Saharan Africa ,2020,2021,2362.5883,2258.638,2258.6382928416074,2298.592190675348,2295.2351203510825,2408.9272,Model 3,test
Sao Tome and Principe,STP,Sub-Saharan Africa ,2021,2022,2389.7373,2454.1542,2454.1545653511585,2499.5213913724906,2598.866181151454,2608.885,Model 3,test
Sao Tome and Principe,STP,Sub-Saharan Africa ,2022,2023,2990.6606,2485.6009,2485.601302233176,2532.5215878606937,2568.630403553738,2737.3845,Model 3,test
Slovak Republic,SVK,Europe & Central Asia,2018,2019,19406.059,20290.5328,20290.532865907015,20179.130589990455,20370.714674660816,19983.635,Model 3,test
Slovak Republic,SVK,Europe & Central Asia,2019,2020,19735.4858,20104.9775,20104.977718267495,20014.53356287515,21044.30775726916,21350.717,Model 3,test
Slovak Republic,SVK,Europe & Central Asia,2020,2021,22123.3342,20359.1925,20359.192779045025,20298.062916202533,20306.537211387946,21148.027,Model 3,test
Slovak Republic,SVK,Europe & Central Asia,2021,2022,21317.7944,22712.3548,22712.353850273717,22570.5509068058,21627.97289430656,20748.998,Model 3,test
Slovak Republic,SVK,Europe & Central Asia,2022,2023,24614.8735,21984.9987,21984.99836797869,21863.080403720083,20871.13967479153,21167.924,Model 3,test
Slovenia,SVN,Europe & Central Asia,2018,2019,25814.1687,26926.8423,26926.843231567993,26757.306685235195,27572.8088029302,27619.71,Model 3,test
Slovenia,SVN,Europe & Central Asia,2019,2020,25392.0651,26813.627,26813.62808298191,26673.713851309167,27609.260228414696,29063.236,Model 3,test
Slovenia,SVN,Europe & Central Asia,2020,2021,29192.8402,26294.5528,26294.55361704944,26173.630058609026,26678.78534084992,28520.979,Model 3,test
Slovenia,SVN,Europe & Central Asia,2021,2022,28360.3041,30138.3204,30138.320977875035,29986.185417212495,31171.722892863672,32427.795,Model 3,test
Slovenia,SVN,Europe & Central Asia,2022,2023,32660.4754,29332.4914,29332.49191726813,29168.9483119726,30385.71339407923,30979.785,Model 3,test
Sweden,SWE,Europe & Central Asia,2018,2019,51648.9893,55240.2718,55240.27065763567,55052.14645115949,53315.69355177482,53538.02,Model 3,test
Sweden,SWE,Europe & Central Asia,2019,2020,52568.5727,52768.1884,52768.18855752541,52718.44926085051,52963.495712869946,49505.46,Model 3,test
Sweden,SWE,Europe & Central Asia,2020,2021,60647.5416,53580.0573,53580.056609700165,53513.21170775604,53558.72887719136,53538.02,Model 3,test
Sweden,SWE,Europe & Central Asia,2021,2022,54836.8907,61695.3995,61695.3978382611,61590.459978389714,58365.55403000992,60346.156,Model 3,test
Sweden,SWE,Europe & Central Asia,2022,2023,54950.2835,55899.2838,55899.282418836185,55779.688485305385,52233.8812735262,53355.8,Model 3,test
Eswatini,SWZ,Sub-Saharan Africa ,2018,2019,3913.1458,4042.6863,4042.68594863231,4079.339804049572,3875.37407853657,3961.1262,Model 3,test
Eswatini,SWZ,Sub-Saharan Africa ,2019,2020,3466.5694,3978.143,3978.1427960809233,4026.853213393492,3829.76823230706,3935.2512,Model 3,test
Syrian Arab Republic,SYR,"Middle East, North Africa, Afghanistan & Pakistan",2018,2019,1109.5393,1163.9405,1163.9406147757309,1182.66931373278,1199.0444733577317,1229.9138,Model 3,test
Chad,TCD,Sub-Saharan Africa ,2018,2019,893.3364,986.5166,986.5164520165496,992.6775255518852,923.4938840908592,975.19507,Model 3,test
Chad,TCD,Sub-Saharan Africa ,2019,2020,866.9478,928.8069,928.8067641657524,936.5423310317976,942.9406756034834,933.70667,Model 3,test
Chad,TCD,Sub-Saharan Africa ,2020,2021,946.3585,901.7614,901.761234746892,909.0660808340924,898.9297660472164,897.8586,Model 3,test
Chad,TCD,Sub-Saharan Africa ,2021,2022,966.0365,981.0915,981.0913596079386,989.8322012822716,968.9060739361884,984.97406,Model 3,test
Chad,TCD,Sub-Saharan Africa ,2022,2023,949.3335,1002.8729,1002.872762863285,1012.3092760295164,931.6379739739,994.7681,Model 3,test
Togo,TGO,Sub-Saharan Africa ,2018,2019,826.2552,894.1972,894.1972431375946,908.6309182034488,851.957307273347,831.6039,Model 3,test
Togo,TGO,Sub-Saharan Africa ,2019,2020,863.4687,867.0939,867.0939336713657,882.9562165134898,871.1210315693097,836.61694,Model 3,test
Togo,TGO,Sub-Saharan Africa ,2020,2021,962.0752,902.8773,902.877347504306,921.3309614662082,892.5922155970546,950.2347,Model 3,test
Togo,TGO,Sub-Saharan Africa ,2021,2022,951.2324,1003.7931,1003.7931166521128,1023.8157402855423,958.6000941430228,1044.0662,Model 3,test
Togo,TGO,Sub-Saharan Africa ,2022,2023,1055.0173,992.2915,992.2915301128462,1013.9669304347448,965.1103415224882,1039.9214,Model 3,test
Thailand,THA,East Asia & Pacific,2018,2019,7605.6966,7412.1813,7412.181503509538,7487.88822474389,7464.859181512768,7695.6685,Model 3,test
Thailand,THA,East Asia & Pacific,2019,2020,6985.6439,7903.3719,7903.372168446356,8003.825070890105,8151.990211935314,8905.779,Model 3,test
Thailand,THA,East Asia & Pacific,2020,2021,7057.2075,7239.2537,7239.254233767593,7362.705385259485,7434.666191314945,7850.1313,Model 3,test
Thailand,THA,East Asia & Pacific,2021,2022,6909.3528,7296.4524,7296.453121011665,7435.907235621501,7508.926274366854,8388.256,Model 3,test
Thailand,THA,East Asia & Pacific,2022,2023,7195.1013,7111.788,7111.788512424578,7242.554423409792,7190.200459148944,7631.4775,Model 3,test
Timor-Leste,TLS,East Asia & Pacific,2018,2019,1562.3646,1314.8998,1314.8998110921627,1307.0225191894433,1279.1376681534898,1374.0472,Model 3,test
Timor-Leste,TLS,East Asia & Pacific,2019,2020,1630.8694,1676.9014,1676.9013708373634,1665.1403601306292,1758.5573017696452,1827.9764,Model 3,test
Timor-Leste,TLS,East Asia & Pacific,2020,2021,2684.9268,1746.811,1746.81101950172,1736.9018465433037,1773.5393995243394,1852.3995,Model 3,test
Timor-Leste,TLS,East Asia & Pacific,2021,2022,2343.2495,2847.7679,2847.767721702918,2821.215722670585,2802.3030290764577,2861.178,Model 3,test
Tonga,TON,East Asia & Pacific,2018,2019,4788.8334,4974.5374,4974.537542030442,4923.791605515354,4894.431287188281,5069.2236,Model 3,test
Tonga,TON,East Asia & Pacific,2019,2020,4792.3585,5083.6615,5083.661658759426,5038.89387945169,4934.232434781326,5284.7485,Model 3,test
Tonga,TON,East Asia & Pacific,2020,2021,4922.8017,5078.3919,5078.392074122746,5040.129171265681,4952.583619911936,5268.595,Model 3,test
Tonga,TON,East Asia & Pacific,2021,2022,5298.0194,5210.3374,5210.3375501449145,5167.979935705653,5332.7277438325755,5333.802,Model 3,test
Tonga,TON,East Asia & Pacific,2022,2023,5651.5937,5599.247,5599.247082878554,5555.0347379541645,5434.054821456859,5956.588,Model 3,test
Trinidad and Tobago,TTO,Latin America & Caribbean ,2018,2019,17212.6129,17907.9806,17907.979524793598,17980.041796079855,17870.398806340592,16811.834,Model 3,test
Trinidad and Tobago,TTO,Latin America & Caribbean ,2019,2020,15283.6271,17528.2724,17528.27145707832,17616.126726163428,17542.52797783345,16550.766,Model 3,test
Trinidad and Tobago,TTO,Latin America & Caribbean ,2020,2021,17712.5674,15565.7551,15565.754515852785,15667.149931912045,14464.82751009548,14205.076,Model 3,test
Trinidad and Tobago,TTO,Latin America & Caribbean ,2021,2022,20750.5202,17917.6189,17917.617743253475,18024.980601660223,18084.69272887255,17243.834,Model 3,test
Trinidad and Tobago,TTO,Latin America & Caribbean ,2022,2023,18308.4536,21011.6933,21011.691853719563,21128.083374914717,19962.241609118908,20156.277,Model 3,test
Tunisia,TUN,"Middle East, North Africa, Afghanistan & Pakistan",2018,2019,3528.8721,3785.7198,3785.720340178256,3869.6970646583527,3710.619390880815,4040.0383,Model 3,test
Tunisia,TUN,"Middle East, North Africa, Afghanistan & Pakistan",2019,2020,3548.6536,3678.2451,3678.2456120968623,3765.583582397436,3707.313786486975,4045.949,Model 3,test
Tunisia,TUN,"Middle East, North Africa, Afghanistan & Pakistan",2020,2021,3906.9393,3690.2399,3690.2403931708145,3778.8602122741854,3674.164452978684,3936.0432,Model 3,test
Tunisia,TUN,"Middle East, North Africa, Afghanistan & Pakistan",2021,2022,3707.2928,4044.0799,4044.0802281091874,4129.778973629915,4010.0524145227178,4095.9258,Model 3,test
Turkiye,TUR,Europe & Central Asia,2018,2019,9395.2338,10131.1763,10131.17672523955,10147.906988541952,9946.166218970518,10561.26,Model 3,test
Turkiye,TUR,Europe & Central Asia,2019,2020,8798.1179,9815.6168,9815.617382861785,9851.41628622559,9864.637419300172,10528.205,Model 3,test
Turkiye,TUR,Europe & Central Asia,2020,2021,9981.764,9167.4714,9167.471909612424,9208.802847262572,9672.556692455804,9985.507,Model 3,test
Turkiye,TUR,Europe & Central Asia,2021,2022,10897.8398,10365.7259,10365.726152692314,10393.05851692164,10014.48395440888,11088.401,Model 3,test
Turkiye,TUR,Europe & Central Asia,2022,2023,13375.0947,11416.5555,11416.555506966355,11362.58930749275,10702.145625945412,12231.406,Model 3,test
Tanzania,TZA,Sub-Saharan Africa ,2018,2019,1063.3225,1073.8708,1073.8708996528026,1099.2242410089968,1027.9956729668563,1016.02924,Model 3,test
Tanzania,TZA,Sub-Saharan Africa ,2019,2020,1117.4153,1114.9273,1114.9273818741542,1141.9597907349057,1047.6933447989238,1102.9219,Model 3,test
Tanzania,TZA,Sub-Saharan Africa ,2020,2021,1159.8566,1169.9304,1169.9304609505916,1199.8900590286744,1186.6376783770593,1117.5315,Model 3,test
Tanzania,TZA,Sub-Saharan Africa ,2021,2022,1207.5206,1210.6363,1210.636391685711,1241.8781287580575,1245.5653265392198,1211.7231,Model 3,test
Tanzania,TZA,Sub-Saharan Africa ,2022,2023,1224.0022,1258.5531,1258.553190211636,1292.965735534743,1270.9773595994902,1338.044,Model 3,test
Uganda,UGA,Sub-Saharan Africa ,2018,2019,822.1712,836.989,836.989015834928,856.5644453936335,809.9014842741068,813.6199,Model 3,test
Uganda,UGA,Sub-Saharan Africa ,2019,2020,845.7665,867.6015,867.6016179144945,888.7838793064919,858.4359500494685,844.94305,Model 3,test
Uganda,UGA,Sub-Saharan Africa ,2020,2021,882.7917,892.5567,892.5567876427042,913.2125981142702,862.429869821694,829.0197,Model 3,test
Uganda,UGA,Sub-Saharan Africa ,2021,2022,963.0673,929.5182,929.518242883241,951.7205532338038,950.6317613374764,914.2506,Model 3,test
Uganda,UGA,Sub-Saharan Africa ,2022,2023,1002.3091,1014.4679,1014.4679224672944,1038.2773344962543,945.1528212421152,955.9419,Model 3,test
Ukraine,UKR,Europe & Central Asia,2018,2019,3619.8616,3254.2695,3254.269866149674,3262.6607426635146,2920.641560964655,3366.1335,Model 3,test
Ukraine,UKR,Europe & Central Asia,2019,2020,3709.7693,3829.6931,3829.693476528864,3846.5101222701546,3846.9820724297856,4068.3013,Model 3,test
Ukraine,UKR,Europe & Central Asia,2020,2021,4775.9458,3907.8102,3907.810599856191,3931.855038720914,3898.8281448180433,4122.586,Model 3,test
Ukraine,UKR,Europe & Central Asia,2021,2022,4199.6709,4996.4071,4996.407401698896,5011.8477827069155,5180.409408791366,5246.2983,Model 3,test
Uruguay,URY,Latin America & Caribbean ,2018,2019,18315.7317,19627.5573,19627.557627972812,19864.339031879434,19690.03540723436,19951.092,Model 3,test
Uruguay,URY,Latin America & Caribbean ,2019,2020,15757.5356,18661.6065,18661.60696893438,18908.071860024407,18989.42470738743,19779.904,Model 3,test
Uruguay,URY,Latin America & Caribbean ,2020,2021,17881.8187,16091.3312,16091.332130175597,16342.621601987565,15701.654241519233,16481.87,Model 3,test
Uruguay,URY,Latin America & Caribbean ,2021,2022,20818.6146,18130.1666,18130.16665083366,18363.62503590626,18959.38672788878,18210.947,Model 3,test
Uruguay,URY,Latin America & Caribbean ,2022,2023,23019.4222,21065.7414,21065.74129679438,21339.651656308528,20970.535833014488,21666.518,Model 3,test
United States,USA,North America,2018,2019,64746.4507,63162.4523,63162.44704395064,62952.27890320665,61041.46966240229,59582.33,Model 3,test
United States,USA,North America,2019,2020,63515.9492,65340.4878,65340.482032461834,65140.9009167267,64300.318798169865,65729.914,Model 3,test
United States,USA,North America,2020,2021,70205.0509,63862.7436,63862.73650446319,63639.926692901994,59287.022932401895,54054.855,Model 3,test
United States,USA,North America,2021,2022,76657.2489,70422.2425,70422.23258241978,70038.36178007792,57473.527246903366,57469.69,Model 3,test
United States,USA,North America,2022,2023,81032.2621,76870.0641,76870.05328187611,76454.87901079236,72702.75261122656,69415.88,Model 3,test
Uzbekistan,UZB,Europe & Central Asia,2018,2019,2041.3848,1949.9387,1949.9389129728493,1950.13770580718,1978.21773177388,2059.0334,Model 3,test
Uzbekistan,UZB,Europe & Central Asia,2019,2020,1978.2805,2179.4534,2179.4536754751907,2188.8150471591975,2154.2360834230462,2462.8955,Model 3,test
Uzbekistan,UZB,Europe & Central Asia,2020,2021,2258.5196,2108.7894,2108.7897180614727,2118.3668112207715,2145.561028534563,2364.9277,Model 3,test
Uzbekistan,UZB,Europe & Central Asia,2021,2022,2578.6669,2396.7148,2396.715151604637,2410.771539588488,2352.686337313157,2677.4167,Model 3,test
Uzbekistan,UZB,Europe & Central Asia,2022,2023,2878.9688,2725.1818,2725.182203661094,2745.2114611654124,2643.345985145771,3030.6892,Model 3,test
St. Vincent and the Grenadines,VCT,Latin America & Caribbean ,2018,2019,8740.5943,8750.157,8750.156929254914,8737.448224121048,8312.176626742328,8966.26,Model 3,test
St. Vincent and the Grenadines,VCT,Latin America & Caribbean ,2019,2020,8351.2032,9051.1556,9051.155471643518,9047.498295050147,8607.625937639463,8930.376,Model 3,test
St. Vincent and the Grenadines,VCT,Latin America & Caribbean ,2020,2021,8641.279,8619.8082,8619.808048547513,8621.763726578669,8341.03205216922,8503.361,Model 3,test
St. Vincent and the Grenadines,VCT,Latin America & Caribbean ,2021,2022,9693.5587,8892.8123,8892.812092131902,8899.385161729746,8445.789461991055,8989.892,Model 3,test
St. Vincent and the Grenadines,VCT,Latin America & Caribbean ,2022,2023,10582.3657,9968.0096,9968.009672956665,9994.888769490308,9211.515716101623,9701.7295,Model 3,test
Viet Nam,VNM,East Asia & Pacific,2018,2019,3440.9003,3379.3353,3379.3357014323997,3436.682413005558,3341.220433504755,3596.4692,Model 3,test
Viet Nam,VNM,East Asia & Pacific,2019,2020,3534.0395,3603.2648,3603.2651334746897,3662.8304915969593,3575.128919853373,3792.2544,Model 3,test
Viet Nam,VNM,East Asia & Pacific,2020,2021,3704.1936,3700.3002,3700.3005822752552,3766.7247249615334,3800.1942014997353,4250.584,Model 3,test
Viet Nam,VNM,East Asia & Pacific,2021,2022,4147.6978,3861.4082,3861.4085969989055,3930.7787484244295,3940.60877782922,4187.8945,Model 3,test
Viet Nam,VNM,East Asia & Pacific,2022,2023,4323.3503,4310.9176,4310.917965270026,4390.656193334885,4397.38169583067,4483.286,Model 3,test
South Africa,ZAF,Sub-Saharan Africa ,2018,2019,6533.7112,6921.9043,6921.904218348903,7118.421770729027,6750.472440904388,6790.6587,Model 3,test
South Africa,ZAF,Sub-Saharan Africa ,2019,2020,5580.6038,6529.1355,6529.135654419815,6735.874244271117,6675.664503640837,6653.729,Model 3,test
South Africa,ZAF,Sub-Saharan Africa ,2020,2021,6828.7562,5574.8159,5574.816084792119,5758.543407242294,5689.574736111985,5738.8496,Model 3,test
South Africa,ZAF,Sub-Saharan Africa ,2021,2022,6534.2487,6759.3584,6759.3582006240995,6962.515657996175,6634.277201459498,6770.135,Model 3,test
South Africa,ZAF,Sub-Saharan Africa ,2022,2023,6034.2721,6492.7372,6492.737387471255,6714.123116940635,6619.02076056812,6688.606,Model 3,test
Zambia,ZMB,Sub-Saharan Africa ,2018,2019,1258.9862,1526.5707,1526.5706447403604,1548.9105288938783,1479.972751467134,1457.8383,Model 3,test
Zambia,ZMB,Sub-Saharan Africa ,2019,2020,951.6443,1316.5035,1316.5034873491147,1337.994601895713,1328.4246760957667,1208.1945,Model 3,test
Zambia,ZMB,Sub-Saharan Africa ,2020,2021,1127.1608,1000.3288,1000.3288230075048,1018.0868127207896,963.0817103707938,942.3132,Model 3,test
Zambia,ZMB,Sub-Saharan Africa ,2021,2022,1447.1231,1180.6288,1180.6287427408176,1197.8815670237948,1231.1678302605785,1108.2476,Model 3,test
Zambia,ZMB,Sub-Saharan Africa ,2022,2023,1330.7278,1511.0736,1511.0735643583964,1537.886920245178,1504.4375192441587,1456.1229,Model 3,test
Zimbabwe,ZWE,Sub-Saharan Africa ,2018,2019,2184.3292,2342.4382,2342.4380624891846,2372.746195489922,2378.624192654779,2273.598,Model 3,test
Zimbabwe,ZWE,Sub-Saharan Africa ,2019,2020,2059.6745,2314.715,2314.714643585627,2283.549223139508,2361.145607061969,2152.003,Model 3,test
Zimbabwe,ZWE,Sub-Saharan Africa ,2020,2021,2613.6054,2182.2195,2182.219165949266,2156.850079543503,2248.6542221066256,2114.363,Model 3,test
Zimbabwe,ZWE,Sub-Saharan Africa ,2021,2022,2536.4005,2714.3861,2714.3856959407008,2712.261260483337,2705.4343599242284,2586.1372,Model 3,test
Zimbabwe,ZWE,Sub-Saharan Africa ,2022,2023,2195.2249,2640.5886,2640.588269494972,2644.8373254227836,2640.4146127615645,2437.3218,Model 3,test
