Country Name,Country Code,Year,Population,GDP,LifeExpectancy
Afghanistan,AFG,2000,20130327.0,174.930991430166,55.005
Afghanistan,AFG,2001,20284307.0,138.706821676113,55.511
Afghanistan,AFG,2002,21378117.0,178.954088379235,56.225
Afghanistan,AFG,2003,22733049.0,198.871115728727,57.171
Afghanistan,AFG,2004,23560654.0,221.763653873013,57.81
Afghanistan,AFG,2005,24404567.0,254.184249149336,58.247
Afghanistan,AFG,2006,25424094.0,274.218553561575,58.553
Afghanistan,AFG,2007,25909852.0,376.223152003876,58.956
Afghanistan,AFG,2008,26482622.0,381.73323802844,59.708
Afghanistan,AFG,2009,27466101.0,452.053705477043,60.248
Afghanistan,AFG,2010,28284089.0,560.621505463146,60.702
Afghanistan,AFG,2011,29347708.0,606.694676337726,61.25
Afghanistan,AFG,2012,30560034.0,651.417134470046,61.735
Afghanistan,AFG,2013,31622704.0,637.087099117099,62.188
Afghanistan,AFG,2014,32792523.0,625.054941813938,62.26
Afghanistan,AFG,2015,33831764.0,565.569730408751,62.27
Afghanistan,AFG,2016,34700612.0,522.082215583898,62.646
Afghanistan,AFG,2017,35688935.0,525.469770891619,62.406
Afghanistan,AFG,2018,36743039.0,491.337221382603,62.443
Afghanistan,AFG,2019,37856121.0,496.6025042585,62.941
Afghanistan,AFG,2020,39068979.0,510.787063366811,61.454
Afghanistan,AFG,2021,40000412.0,356.496214115892,60.417
Afghanistan,AFG,2022,40578842.0,357.261152798144,65.617
Afghanistan,AFG,2023,41454761.0,413.757894705303,66.035
Africa Eastern and Southern,AFE,1960,130075728.0,186.089204223988,44.169658253166
Africa Eastern and Southern,AFE,1961,133534923.0,186.90905320299,44.4688383362574
Africa Eastern and Southern,AFE,1962,137171659.0,197.367547013038,44.8778899276436
Africa Eastern and Southern,AFE,1963,140945536.0,225.400079422489,45.160582805883
Africa Eastern and Southern,AFE,1964,144904094.0,208.962717137873,45.5356954673738
Africa Eastern and Southern,AFE,1965,149033472.0,226.836134615766,45.7707229233552
Africa Eastern and Southern,AFE,1966,153281203.0,240.911793947474,45.7657253575752
Africa Eastern and Southern,AFE,1967,157704381.0,243.773592909361,46.4407454164319
Africa Eastern and Southern,AFE,1968,162329396.0,257.143823139725,46.7386317469603
Africa Eastern and Southern,AFE,1969,167088245.0,281.578893708839,46.977475702472
Africa Eastern and Southern,AFE,1970,171984985.0,276.732924213049,47.2480056807395
Africa Eastern and Southern,AFE,1971,177022314.0,294.814162052789,47.4640156591504
Africa Eastern and Southern,AFE,1972,182126556.0,311.465053421845,47.1667922827106
Africa Eastern and Southern,AFE,1973,187524135.0,389.729024099655,47.7466079240168
Africa Eastern and Southern,AFE,1974,193186642.0,463.468775136049,47.7443277639797
Africa Eastern and Southern,AFE,1975,198914573.0,479.078797946454,47.9685480547675
Africa Eastern and Southern,AFE,1976,204802976.0,468.774521811486,48.568138198282
Africa Eastern and Southern,AFE,1977,210680842.0,518.358684720575,48.8607248856663
Africa Eastern and Southern,AFE,1978,217074286.0,571.617317230818,48.9839167133521
Africa Eastern and Southern,AFE,1979,223974122.0,634.448116130271,49.4169883847351
Africa Eastern and Southern,AFE,1980,230792729.0,773.301205346988,49.816713138052
Africa Eastern and Southern,AFE,1981,238043099.0,777.627959568645,50.0204932967522
Africa Eastern and Southern,AFE,1982,245822010.0,725.547511093596,50.2908293797205
Africa Eastern and Southern,AFE,1983,253644643.0,732.345461087142,48.9040956565703
Africa Eastern and Southern,AFE,1984,261458202.0,650.346841439623,48.9979586702536
Africa Eastern and Southern,AFE,1985,269450407.0,554.22129591426,49.3929024640878
Africa Eastern and Southern,AFE,1986,277621771.0,578.317451651662,50.0097614989116
Africa Eastern and Southern,AFE,1987,286067346.0,664.791812942192,51.0689429320971
Africa Eastern and Southern,AFE,1988,294498625.0,704.142065764844,50.8766070614946
Africa Eastern and Southern,AFE,1989,302939121.0,728.243318574474,51.2658735140762
Africa Eastern and Southern,AFE,1990,311748681.0,822.402998906313,51.0963264543047
Africa Eastern and Southern,AFE,1991,320442961.0,864.174086040692,50.8732436063946
Africa Eastern and Southern,AFE,1992,329082707.0,732.910915212266,50.7159460478921
Africa Eastern and Southern,AFE,1993,338324002.0,709.323533711482,51.0737619133776
Africa Eastern and Southern,AFE,1994,347441809.0,700.77212550809,50.9665887956465
Africa Eastern and Southern,AFE,1995,356580375.0,766.522931015445,51.4820566813357
Africa Eastern and Southern,AFE,1996,366138524.0,746.787334695357,51.3531898360738
Africa Eastern and Southern,AFE,1997,375646235.0,767.39941150858,51.5708865171429
Africa Eastern and Southern,AFE,1998,385505757.0,697.079415310028,51.3179554721368
Africa Eastern and Southern,AFE,1999,395750933.0,670.42421254121,51.8070772449868
Africa Eastern and Southern,AFE,2000,406156661.0,706.727260967009,52.5573418626777
Africa Eastern and Southern,AFE,2001,416807868.0,625.82781544115,52.8755360536287
Africa Eastern and Southern,AFE,2002,427820358.0,630.512327648462,53.2067443343026
Africa Eastern and Southern,AFE,2003,439173286.0,815.432296267735,53.6783047685822
Africa Eastern and Southern,AFE,2004,450928044.0,989.015463629244,54.1929278660434
Africa Eastern and Southern,AFE,2005,463076637.0,1126.2973233912,54.8076807136336
Africa Eastern and Southern,AFE,2006,475606210.0,1235.26660811771,55.6935152578453
Africa Eastern and Southern,AFE,2007,488580707.0,1381.5525968929,56.4843531784534
Africa Eastern and Southern,AFE,2008,502070763.0,1447.54575437552,57.2401063228798
Africa Eastern and Southern,AFE,2009,516003448.0,1408.75346659428,58.0955271436463
Africa Eastern and Southern,AFE,2010,530308387.0,1628.90524793139,58.8272792062821
Africa Eastern and Southern,AFE,2011,544737983.0,1761.98926096159,59.2000040300701
Africa Eastern and Southern,AFE,2012,559609961.0,1732.03802145335,60.2495123598467
Africa Eastern and Southern,AFE,2013,575202699.0,1706.02274412621,60.895739752772
Africa Eastern and Southern,AFE,2014,590968990.0,1690.16679245944,61.2514360156709
Africa Eastern and Southern,AFE,2015,607123269.0,1498.8752400759,61.713030523495
Africa Eastern and Southern,AFE,2016,623369401.0,1334.47050032928,62.1679813169199
Africa Eastern and Southern,AFE,2017,640058741.0,1528.10422421284,62.5912750961501
Africa Eastern and Southern,AFE,2018,657801085.0,1552.07372194919,63.3306913582336
Africa Eastern and Southern,AFE,2019,675950189.0,1507.08559963484,63.8572612837043
Africa Eastern and Southern,AFE,2020,694446100.0,1351.59166910879,63.7664840026943
Africa Eastern and Southern,AFE,2021,713090928.0,1562.41617477738,62.9799991857494
Africa Eastern and Southern,AFE,2022,731821393.0,1679.32762166466,64.4870195456608
Africa Eastern and Southern,AFE,2023,750491370.0,1571.44918918981,65.1461543479959
Africa Western and Central,AFW,1960,97630925.0,121.936832429715,37.779636388716
Africa Western and Central,AFW,1961,99706674.0,127.451039943698,38.0589555015645
Africa Western and Central,AFW,1962,101854756.0,133.823783489337,38.6817923842751
Africa Western and Central,AFW,1963,104089175.0,139.004980086033,38.9369177714205
Africa Western and Central,AFW,1964,106388440.0,148.545883334804,39.1945798827297
Africa Western and Central,AFW,1965,108772632.0,155.561896577631,39.4797844952672
Africa Western and Central,AFW,1966,111246953.0,162.107340296637,39.7192480311618
Africa Western and Central,AFW,1967,113795019.0,144.94080398911,39.5293590242118
Africa Western and Central,AFW,1968,116444636.0,146.186183137742,40.2588895462561
Africa Western and Central,AFW,1969,119203521.0,161.917968321991,40.5678141333761
Africa Western and Central,AFW,1970,122086536.0,218.672140995183,41.2779385070111
Africa Western and Central,AFW,1971,125072948.0,195.859987259659,41.7301022111752
Africa Western and Central,AFW,1972,128176494.0,230.068904176407,42.3561322199373
Africa Western and Central,AFW,1973,131449942.0,280.643967375144,42.8681230391338
Africa Western and Central,AFW,1974,134911581.0,368.294725144754,43.4371553343667
Africa Western and Central,AFW,1975,138569918.0,413.36616996255,43.9670793793715
Africa Western and Central,AFW,1976,142337272.0,480.447260139767,44.7525700464106
Africa Western and Central,AFW,1977,146258576.0,490.839576834053,45.3622641589988
Africa Western and Central,AFW,1978,150402616.0,523.781318335365,45.8762783649255
Africa Western and Central,AFW,1979,154721711.0,624.870706504666,46.3285066416568
Africa Western and Central,AFW,1980,159166518.0,763.011987564749,46.6962289703039
Africa Western and Central,AFW,1981,163762473.0,1328.79368820509,47.0752192986973
Africa Western and Central,AFW,1982,168585118.0,1164.18848757408,47.3739420165367
Africa Western and Central,AFW,1983,173255157.0,873.979406766518,47.6195029699404
Africa Western and Central,AFW,1984,177880746.0,738.545691276266,47.7975143595136
Africa Western and Central,AFW,1985,182811038.0,754.905547330188,47.9442749866395
Africa Western and Central,AFW,1986,187889141.0,582.885075620736,48.0379744032839
Africa Western and Central,AFW,1987,193104347.0,583.317520182878,48.1393774166565
Africa Western and Central,AFW,1988,198485027.0,563.117147218986,48.3713349117664
Africa Western and Central,AFW,1989,204062274.0,512.4777353649,48.4959643881995
Africa Western and Central,AFW,1990,209566031.0,593.024667183284,48.4592954544909
Africa Western and Central,AFW,1991,215178709.0,607.84041379997,48.5310758841945
Africa Western and Central,AFW,1992,221191375.0,567.153365168022,48.6885921357603
Africa Western and Central,AFW,1993,227246778.0,574.472938901996,48.8549400132309
Africa Western and Central,AFW,1994,233360104.0,580.008123493952,48.8592831063574
Africa Western and Central,AFW,1995,239801875.0,866.731606283751,49.027006694122
Africa Western and Central,AFW,1996,246415446.0,1069.59024047614,49.1115573704458
Africa Western and Central,AFW,1997,253207584.0,1091.83152927104,49.2187834859164
Africa Western and Central,AFW,1998,260297834.0,1141.48665070696,49.4524590240079
Africa Western and Central,AFW,1999,267506298.0,523.797280235566,49.8237633292581
Africa Western and Central,AFW,2000,274968446.0,518.969226054683,50.2979830815751
Africa Western and Central,AFW,2001,282780717.0,532.972787221754,50.6777904131384
Africa Western and Central,AFW,2002,290841795.0,619.337335030759,51.1080235711343
Africa Western and Central,AFW,2003,299142845.0,697.481256337088,51.5781222446253
Africa Western and Central,AFW,2004,307725100.0,838.213391665852,52.106083093576
Africa Western and Central,AFW,2005,316588476.0,999.770023047319,52.5557531001128
Africa Western and Central,AFW,2006,325663158.0,1234.64185574403,52.9787097061283
Africa Western and Central,AFW,2007,334984176.0,1405.88018847409,53.4824314053449
Africa Western and Central,AFW,2008,344586109.0,1666.52048270501,53.9162616333208
Africa Western and Central,AFW,2009,354343844.0,1453.4952836253,53.852245462001
Africa Western and Central,AFW,2010,364358270.0,1662.63365844147,54.603353213388
Africa Western and Central,AFW,2011,374790143.0,1844.05436728177,54.9639734890226
Africa Western and Central,AFW,2012,385360349.0,1941.11824321812,55.2927058217917
Africa Western and Central,AFW,2013,396030207.0,2131.60609132899,55.5549074075857
Africa Western and Central,AFW,2014,406992047.0,2221.35033761012,55.6954463398569
Africa Western and Central,AFW,2015,418127845.0,1860.72768628324,56.0383356484355
Africa Western and Central,AFW,2016,429454743.0,1630.03943895258,56.3924518507367
Africa Western and Central,AFW,2017,440882906.0,1574.23056437855,56.6264388112566
Africa Western and Central,AFW,2018,452195915.0,1720.14009242722,57.036976441386
Africa Western and Central,AFW,2019,463365429.0,2216.38505520833,57.1498467555118
Africa Western and Central,AFW,2020,474569351.0,2030.86165860293,57.3644254011107
Africa Western and Central,AFW,2021,485920997.0,2112.79407637079,57.3625716910274
Africa Western and Central,AFW,2022,497387180.0,2138.47315259913,57.9878133945189
Africa Western and Central,AFW,2023,509398589.0,1841.85506354867,58.8557215483277
Albania,ALB,1980,2671997.0,590.607738430529,69.903
Albania,ALB,1981,2726056.0,663.2942082544,70.145
Albania,ALB,1982,2784278.0,668.454504242454,70.425
Albania,ALB,1983,2843960.0,661.546782448624,70.705
Albania,ALB,1984,2904429.0,639.484730161417,70.984
Albania,ALB,1985,2964762.0,639.865903755552,71.282
Albania,ALB,1986,3022635.0,693.873474633887,71.665
Albania,ALB,1987,3083605.0,674.793383069492,71.981
Albania,ALB,1988,3142336.0,652.774321396566,72.217
Albania,ALB,1989,3227943.0,697.995596576519,72.457
Albania,ALB,1990,3286542.0,617.230435515505,72.71
Albania,ALB,1991,3266790.0,336.586994504629,73.001
Albania,ALB,1992,3247039.0,200.852219772323,73.303
Albania,ALB,1993,3227287.0,367.279225077581,73.638
Albania,ALB,1994,3207536.0,586.416135130865,73.837
Albania,ALB,1995,3187784.0,911.320465445326,74.022
Albania,ALB,1996,3168033.0,1020.97618050188,74.113
Albania,ALB,1997,3148281.0,728.545523729675,73.383
Albania,ALB,1998,3128530.0,831.175344077295,74.357
Albania,ALB,1999,3108778.0,1056.34481153033,74.568
Albania,ALB,2000,3089027.0,1160.42047054038,74.826
Albania,ALB,2001,3060173.0,1326.41652388077,75.083
Albania,ALB,2002,3051010.0,1479.83884572006,75.299
Albania,ALB,2003,3039616.0,1908.69900687608,75.557
Albania,ALB,2004,3026939.0,2446.90949947798,75.951
Albania,ALB,2005,3011487.0,2741.72136549578,76.427
Albania,ALB,2006,2992547.0,3057.77257038113,76.994
Albania,ALB,2007,2970017.0,3743.05529896187,77.691
Albania,ALB,2008,2947314.0,4498.50486763601,78.248
Albania,ALB,2009,2927519.0,4213.65007574693,78.509
Albania,ALB,2010,2913021.0,4149.14469936847,78.414
Albania,ALB,2011,2905195.0,4465.70914328865,78.303
Albania,ALB,2012,2860708.0,4280.93316338873,78.084
Albania,ALB,2013,2816902.0,4542.92903556739,77.995
Albania,ALB,2014,2773767.0,4793.59751131525,78.029
Albania,ALB,2015,2731293.0,4199.53912925398,78.358
Albania,ALB,2016,2689469.0,4457.63412207495,78.643
Albania,ALB,2017,2648285.0,5006.36012951959,78.9
Albania,ALB,2018,2607733.0,5897.65452588774,79.238
Albania,ALB,2019,2567801.0,6069.43903131027,79.467
Albania,ALB,2020,2528480.0,6027.91350716348,77.824
Albania,ALB,2021,2489762.0,7242.45513146613,76.844
Albania,ALB,2022,2451636.0,7756.96188744253,78.769
Albania,ALB,2023,2414095.0,9730.86921906893,79.602
Algeria,DZA,1960,11424922.0,238.392476666447,40.839
Algeria,DZA,1961,11628883.0,209.370672655334,40.792
Algeria,DZA,1962,11800771.0,169.60286272133,39.527
Algeria,DZA,1963,11982118.0,225.584660210993,43.143
Algeria,DZA,1964,12179813.0,238.863801545015,42.987
Algeria,DZA,1965,12365976.0,253.622059985778,42.846
Algeria,DZA,1966,12590069.0,241.44896961658,42.745
Algeria,DZA,1967,12876118.0,261.792442124002,42.731
Algeria,DZA,1968,13172614.0,292.436036368561,42.806
Algeria,DZA,1969,13475960.0,315.914655734237,42.991
Algeria,DZA,1970,13783719.0,352.845766557928,43.328
Algeria,DZA,1971,14098936.0,360.111081707845,43.782
Algeria,DZA,1972,14427072.0,469.030996510511,44.384
Algeria,DZA,1973,14771147.0,589.518126935221,45.102
Algeria,DZA,1974,15133502.0,872.889277439184,45.953
Algeria,DZA,1975,15678596.0,992.302037378411,46.921
Algeria,DZA,1976,16409170.0,1080.38620675609,48.034
Algeria,DZA,1977,17015994.0,1232.49418664321,49.249
Algeria,DZA,1978,17506974.0,1505.94222127977,50.615
Algeria,DZA,1979,18036655.0,1843.11929565984,52.409
Algeria,DZA,1980,18607174.0,2275.77971158899,54.512
Algeria,DZA,1981,19220704.0,2307.33434430543,57.422
Algeria,DZA,1982,19872348.0,2274.87800990349,59.594
Algeria,DZA,1983,20558115.0,2373.82511968473,61.251
Algeria,DZA,1984,21271969.0,2524.38071403143,62.722
Algeria,DZA,1985,22008544.0,2632.51711109075,64.155
Algeria,DZA,1986,22745499.0,2800.20270812187,65.273
Algeria,DZA,1987,23443624.0,2847.0776691988,66.13
Algeria,DZA,1988,24109536.0,2450.87242078961,66.91
Algeria,DZA,1989,24754485.0,2247.4602712492,67.461
Algeria,DZA,1990,25375810.0,2445.18332740258,67.658
Algeria,DZA,1991,25987928.0,1759.11201648229,67.692
Algeria,DZA,1992,26628568.0,1802.69300801289,67.725
Algeria,DZA,1993,27277048.0,1831.04800976449,67.797
Algeria,DZA,1994,27887279.0,1525.54061760288,67.284
Algeria,DZA,1995,28470191.0,1466.94806760415,67.691
Algeria,DZA,1996,29033044.0,1616.83198721285,68.219
Algeria,DZA,1997,29579301.0,1628.76100561506,68.859
Algeria,DZA,1998,30054133.0,1603.36623200836,69.327
Algeria,DZA,1999,30474354.0,1596.11822239025,70.088
Algeria,DZA,2000,30903893.0,1772.92869122761,70.576
Algeria,DZA,2001,31331221.0,1896.30020878013,71.025
Algeria,DZA,2002,31750835.0,1937.46411413019,71.644
Algeria,DZA,2003,32175818.0,2283.77299346126,71.906
Algeria,DZA,2004,32628286.0,2816.99384960555,72.536
Algeria,DZA,2005,33109249.0,3233.13339634212,72.836
Algeria,DZA,2006,33623506.0,3660.66104745322,73.116
Algeria,DZA,2007,34189416.0,4167.45169937531,73.346
Algeria,DZA,2008,34816961.0,5180.91881514686,73.618
Algeria,DZA,2009,35490445.0,4235.42990456612,73.871
Algeria,DZA,2010,36188236.0,4912.78585503672,74.144
Algeria,DZA,2011,36903376.0,5916.31364364343,74.383
Algeria,DZA,2012,37646166.0,6033.64884689543,74.609
Algeria,DZA,2013,38414171.0,5979.60138960585,74.809
Algeria,DZA,2014,39205031.0,6094.69392314956,74.992
Algeria,DZA,2015,40019529.0,4685.05902729002,75.159
Algeria,DZA,2016,40850721.0,4424.98529027556,75.31
Algeria,DZA,2017,41689299.0,4554.66753957828,75.431
Algeria,DZA,2018,42505035.0,4577.21029180491,75.555
Algeria,DZA,2019,43294546.0,4468.45341883656,75.682
Algeria,DZA,2020,44042091.0,3743.5419522929,73.257
Algeria,DZA,2021,44761099.0,4160.55926736925,75.208
Algeria,DZA,2022,45477389.0,4960.30334332888,76.129
Algeria,DZA,2023,46164219.0,5370.477235078,76.261
American Samoa,ASM,2002,57062.0,8972.69636535698,71.755
American Samoa,ASM,2003,56971.0,9197.66196836987,71.698
American Samoa,ASM,2004,56818.0,8958.42866697173,72.277
American Samoa,ASM,2005,56617.0,8831.26975996609,72.382
American Samoa,ASM,2006,56374.0,8745.16621137404,72.397
American Samoa,ASM,2007,56113.0,9231.37240924563,72.365
American Samoa,ASM,2008,55828.0,10030.8089130902,72.43
American Samoa,ASM,2009,55528.0,12156.0293905777,70.839
American Samoa,ASM,2010,55228.0,10375.1720141957,72.587
American Samoa,ASM,2011,54895.0,10383.459331451,72.662
American Samoa,ASM,2012,54489.0,11745.4899153958,72.709
American Samoa,ASM,2013,54006.0,11813.5022034589,72.769
American Samoa,ASM,2014,53466.0,12026.3344929488,72.687
American Samoa,ASM,2015,52878.0,12727.4102651386,72.654
American Samoa,ASM,2016,52245.0,12843.3342903627,72.64
American Samoa,ASM,2017,51586.0,11863.6839452565,72.801
American Samoa,ASM,2018,50908.0,12552.0546868861,72.794
American Samoa,ASM,2019,50209.0,12886.1359517218,72.751
American Samoa,ASM,2020,49761.0,14489.2586563775,72.672
American Samoa,ASM,2021,49225.0,15236.1604875571,72.708
American Samoa,ASM,2022,48342.0,18017.4589383973,72.752
Andorra,AND,1970,19977.0,3935.41127779609,74.452
Andorra,AND,1971,21442.0,4169.69537103885,74.615
Andorra,AND,1972,22957.0,4940.29696239207,74.864
Andorra,AND,1973,24523.0,6151.02717030722,75.096
Andorra,AND,1974,26130.0,7139.5745119838,75.34
Andorra,AND,1975,27773.0,7925.41577090452,75.567
Andorra,AND,1976,29436.0,7721.28858646797,75.869
Andorra,AND,1977,31097.0,8167.92286159334,76.154
Andorra,AND,1978,32735.0,9409.50851272793,76.488
Andorra,AND,1979,34306.0,11996.4072860354,76.819
Andorra,AND,1980,35782.0,12474.9252919904,77.137
Andorra,AND,1981,37169.0,10465.2604643624,77.391
Andorra,AND,1982,38764.0,9697.52201994133,77.617
Andorra,AND,1983,40565.0,8082.09152017435,77.787
Andorra,AND,1984,42273.0,7808.13002713549,77.916
Andorra,AND,1985,43825.0,7911.98436223964,78.006
Andorra,AND,1986,45734.0,10539.1177869653,78.107
Andorra,AND,1987,47653.0,12828.1519430152,78.189
Andorra,AND,1988,49416.0,14599.0355178798,78.364
Andorra,AND,1989,50620.0,15714.9265516576,78.557
Andorra,AND,1990,52597.0,19563.6574722488,78.961
Andorra,AND,1991,56667.0,19533.2620668023,79.346
Andorra,AND,1992,60200.0,20099.5352208543,79.794
Andorra,AND,1993,63272.0,15916.8395162087,80.186
Andorra,AND,1994,64612.0,15748.5307503373,80.587
Andorra,AND,1995,63912.0,18443.2545197741,80.804
Andorra,AND,1996,63984.0,19130.1597151312,81.009
Andorra,AND,1997,64700.0,18247.9995651361,81.145
Andorra,AND,1998,65382.0,18536.5084282698,81.28
Andorra,AND,1999,65710.0,18875.2883698571,81.55
Andorra,AND,2000,65685.0,21810.2503808666,81.863
Andorra,AND,2001,65852.0,23511.2969500881,82.162
Andorra,AND,2002,66506.0,26528.1300628236,82.448
Andorra,AND,2003,69486.0,34063.575598394,82.718
Andorra,AND,2004,74325.0,39021.1107100919,82.815
Andorra,AND,2005,77421.0,40829.8116399538,83.086
Andorra,AND,2006,79585.0,43467.1963063068,83.374
Andorra,AND,2007,81877.0,48336.2548304926,83.632
Andorra,AND,2008,83495.0,49132.4925840057,83.855
Andorra,AND,2009,83888.0,43975.0000888133,84.1
Andorra,AND,2010,80706.0,42746.830391567,84.197
Andorra,AND,2011,77783.0,46657.1495384811,84.296
Andorra,AND,2012,76834.0,41500.5499988288,84.334
Andorra,AND,2013,75194.0,42470.3230369366,84.406
Andorra,AND,2014,73737.0,44369.6712976777,84.485
Andorra,AND,2015,72174.0,38654.95287916,84.532
Andorra,AND,2016,72181.0,40129.8385811474,84.489
Andorra,AND,2017,73763.0,40672.9717424447,84.359
Andorra,AND,2018,75162.0,42819.7577456133,84.242
Andorra,AND,2019,76474.0,41257.816459345,84.098
Andorra,AND,2020,77380.0,37361.1070081615,79.418
Andorra,AND,2021,78364.0,42425.7066454357,82.331
Andorra,AND,2022,79705.0,42414.0479861228,84.016
Andorra,AND,2023,80856.0,46812.4261013102,84.041
Angola,AGO,1980,8133872.0,729.111965489822,42.242
Angola,AGO,1981,8435607.0,657.982648547398,42.556
Angola,AGO,1982,8751648.0,634.221467312782,42.857
Angola,AGO,1983,9082983.0,636.83281102292,41.972
Angola,AGO,1984,9425917.0,650.491094413218,42.245
Angola,AGO,1985,9779120.0,772.468832586265,42.495
Angola,AGO,1986,10139450.0,697.526602399253,42.739
Angola,AGO,1987,10497858.0,770.10114008645,40.786
Angola,AGO,1988,10861291.0,807.43962838624,41.471
Angola,AGO,1989,11238562.0,907.747893072936,41.698
Angola,AGO,1990,11626360.0,965.866840464665,41.854
Angola,AGO,1991,12023529.0,881.919488130062,43.812
Angola,AGO,1992,12423712.0,668.706017459877,42.267
Angola,AGO,1993,12827135.0,449.727894936295,42.19
Angola,AGO,1994,13249764.0,334.973590276074,43.567
Angola,AGO,1995,13699778.0,404.29481849612,46.139
Angola,AGO,1996,14170973.0,531.115366543271,46.418
Angola,AGO,1997,14660413.0,521.70291489053,46.688
Angola,AGO,1998,15159370.0,429.188126933192,45.452
Angola,AGO,1999,15667235.0,392.725539027496,45.808
Angola,AGO,2000,16194869.0,563.733795571487,46.501
Angola,AGO,2001,16747208.0,533.586202412447,47.032
Angola,AGO,2002,17327699.0,999.065855913758,47.874
Angola,AGO,2003,17943712.0,1133.66331960607,50.218
Angola,AGO,2004,18600423.0,1451.47117872493,51.123
Angola,AGO,2005,19291161.0,2145.88621096327,52.13
Angola,AGO,2006,20015279.0,2930.4442860732,52.965
Angola,AGO,2007,20778561.0,3515.05678986535,54.2
Angola,AGO,2008,21578655.0,4578.15526451517,55.281
Angola,AGO,2009,22414773.0,3645.14846562976,56.225
Angola,AGO,2010,23294825.0,4101.63715566712,57.242
Angola,AGO,2011,24218352.0,5184.15269149912,58.093
Angola,AGO,2012,25177394.0,5702.45306277434,58.916
Angola,AGO,2013,26165620.0,5688.57916215215,59.705
Angola,AGO,2014,27160769.0,5649.68762469139,60.396
Angola,AGO,2015,28157798.0,3641.72893919944,61.042
Angola,AGO,2016,29183070.0,2051.81462126253,61.619
Angola,AGO,2017,30234839.0,2790.71886869768,62.122
Angola,AGO,2018,31297155.0,2860.0936483682,62.622
Angola,AGO,2019,32375632.0,2493.67884440177,63.051
Angola,AGO,2020,33451132.0,1759.35619918264,63.116
Angola,AGO,2021,34532429.0,2303.90812662776,62.958
Angola,AGO,2022,35635029.0,3682.1131513698,64.246
Angola,AGO,2023,36749906.0,2916.13663284275,64.617
Antigua and Barbuda,ATG,1977,63862.0,1213.67021714646,72.149
Antigua and Barbuda,ATG,1978,64038.0,1374.82027453607,72.5
Antigua and Barbuda,ATG,1979,64274.0,1705.14199048287,72.823
Antigua and Barbuda,ATG,1980,64513.0,2053.10327921275,73.094
Antigua and Barbuda,ATG,1981,64665.0,2310.19699820442,73.32
Antigua and Barbuda,ATG,1982,64785.0,2569.18182363887,73.525
Antigua and Barbuda,ATG,1983,64934.0,2846.99335735773,73.684
Antigua and Barbuda,ATG,1984,64882.0,3270.7810304062,73.808
Antigua and Barbuda,ATG,1985,64591.0,3814.3142290779,73.873
Antigua and Barbuda,ATG,1986,64276.0,4629.45676400154,73.893
Antigua and Barbuda,ATG,1987,63946.0,5424.36847756962,73.873
Antigua and Barbuda,ATG,1988,63623.0,6466.15683473424,73.811
Antigua and Barbuda,ATG,1989,63325.0,7187.90484128028,73.628
Antigua and Barbuda,ATG,1990,63066.0,7590.75442423046,73.602
Antigua and Barbuda,ATG,1991,63387.0,7956.47430919648,73.472
Antigua and Barbuda,ATG,1992,64404.0,8153.73786307269,73.386
Antigua and Barbuda,ATG,1993,65587.0,8624.62016806628,73.39
Antigua and Barbuda,ATG,1994,66843.0,9351.48753768505,73.493
Antigua and Barbuda,ATG,1995,68189.0,9034.47552907143,73.576
Antigua and Barbuda,ATG,1996,69612.0,9756.08717951992,73.839
Antigua and Barbuda,ATG,1997,71053.0,10336.2591617838,74.045
Antigua and Barbuda,ATG,1998,72412.0,10906.8785406961,74.187
Antigua and Barbuda,ATG,1999,73666.0,11342.3349230913,74.456
Antigua and Barbuda,ATG,2000,74912.0,12027.4949768222,74.819
Antigua and Barbuda,ATG,2001,76069.0,11539.1825063308,75.108
Antigua and Barbuda,ATG,2002,77032.0,11658.6949915956,75.237
Antigua and Barbuda,ATG,2003,77884.0,12173.2319860305,75.313
Antigua and Barbuda,ATG,2004,78719.0,13037.8895772257,75.329
Antigua and Barbuda,ATG,2005,79611.0,14368.5708796058,75.364
Antigua and Barbuda,ATG,2006,80604.0,16173.8136329968,75.506
Antigua and Barbuda,ATG,2007,81704.0,18204.5124043068,75.72
Antigua and Barbuda,ATG,2008,82912.0,18786.6743142216,76.075
Antigua and Barbuda,ATG,2009,84173.0,16472.2478528568,76.386
Antigua and Barbuda,ATG,2010,85320.0,15217.3950790922,76.701
Antigua and Barbuda,ATG,2011,86332.0,14911.7275084471,77.023
Antigua and Barbuda,ATG,2012,87260.0,15639.8078114787,77.1
Antigua and Barbuda,ATG,2013,88064.0,15051.5113587425,77.05
Antigua and Barbuda,ATG,2014,88765.0,15532.1062063584,76.912
Antigua and Barbuda,ATG,2015,89409.0,16077.6340769406,76.892
Antigua and Barbuda,ATG,2016,89969.0,16556.8551801588,76.968
Antigua and Barbuda,ATG,2017,90468.0,16965.7288273816,77.03
Antigua and Barbuda,ATG,2018,90926.0,18273.4270684912,77.132
Antigua and Barbuda,ATG,2019,91364.0,18896.3721832248,77.168
Antigua and Barbuda,ATG,2020,91846.0,15369.6082250401,77.161
Antigua and Barbuda,ATG,2021,92349.0,17348.6006987182,77.197
Antigua and Barbuda,ATG,2022,92840.0,20105.1989085164,77.483
Antigua and Barbuda,ATG,2023,93316.0,21494.5474000727,77.598
Arab World,ARB,1961,93931683.0,212.904079284244,45.5453710396097
Arab World,ARB,1962,96428599.0,210.81968957279,45.9937691698037
Arab World,ARB,1963,99038509.0,225.815920363838,46.9793381533999
Arab World,ARB,1964,101729760.0,243.913947637965,47.5700340647645
Arab World,ARB,1965,104494008.0,256.197488255539,48.117159090464
Arab World,ARB,1966,107403055.0,263.968712840055,48.6254239825646
Arab World,ARB,1967,110491709.0,276.951727070344,49.0924336025973
Arab World,ARB,1968,113712171.0,307.557625918434,49.6577868587798
Arab World,ARB,1969,117053219.0,329.453730138284,50.1488565803658
Arab World,ARB,1970,120469263.0,357.718966442961,50.6928710622557
Arab World,ARB,1971,123950810.0,402.822310389485,51.318318885342
Arab World,ARB,1972,127535560.0,470.227432505887,51.8937104276574
Arab World,ARB,1973,131335660.0,602.507544309351,52.3019604795893
Arab World,ARB,1974,135282861.0,1125.04299484851,52.9255502155293
Arab World,ARB,1975,139495837.0,1205.55544629845,53.4203511944222
Arab World,ARB,1976,144014135.0,1458.24274468218,53.8506489883016
Arab World,ARB,1977,148599336.0,1630.47022408811,55.0819222407783
Arab World,ARB,1978,153568663.0,1728.32273624459,55.757128481753
Arab World,ARB,1979,159054118.0,2251.65848258375,56.4797481519221
Arab World,ARB,1980,164657321.0,2954.24923103987,57.0063532889679
Arab World,ARB,1981,170015485.0,2911.11299721778,57.5691664444265
Arab World,ARB,1982,175370356.0,2640.69651258477,57.8702345782784
Arab World,ARB,1983,180973288.0,2417.3540635347,58.6376067378553
Arab World,ARB,1984,186733957.0,2357.29657111126,59.3295817498183
Arab World,ARB,1985,192563243.0,2247.904844675,59.9894611140008
Arab World,ARB,1986,198509771.0,2042.4786028706,60.9186844945401
Arab World,ARB,1987,204524595.0,2108.46610373939,61.6208093313693
Arab World,ARB,1988,210269696.0,2041.96156254739,61.6715328559911
Arab World,ARB,1989,215969068.0,2117.69374656993,62.298247176217
Arab World,ARB,1990,223184294.0,2875.1308363764,62.7559727299802
Arab World,ARB,1991,228402316.0,2048.70631001886,62.8275066232407
Arab World,ARB,1992,234321565.0,1996.2882370158,63.5755762828725
Arab World,ARB,1993,240926205.0,1987.75290921938,64.6012801061363
Arab World,ARB,1994,247626514.0,2018.66801750107,64.8500832261274
Arab World,ARB,1995,253952538.0,2080.99829425308,65.2025060952802
Arab World,ARB,1996,260229121.0,2193.85960692838,65.5268890989846
Arab World,ARB,1997,266565183.0,2305.60995032747,65.8529924943129
Arab World,ARB,1998,273094199.0,2192.5892782815,66.1935792889826
Arab World,ARB,1999,279709634.0,2378.91283321485,66.5499343902957
Arab World,ARB,2000,286548096.0,2664.12520122649,66.8906998949344
Arab World,ARB,2001,293580252.0,2536.69232600737,67.2406170439926
Arab World,ARB,2002,300691509.0,2483.11187485029,67.5806302791343
Arab World,ARB,2003,307815105.0,2696.67212547749,67.6503349498777
Arab World,ARB,2004,315060277.0,3133.70187873975,67.7331029040443
Arab World,ARB,2005,322628451.0,3750.69825886818,68.0405024136348
Arab World,ARB,2006,330526310.0,4355.05756933724,68.4912652387812
Arab World,ARB,2007,338947976.0,4940.70226511719,68.8792264386993
Arab World,ARB,2008,347684619.0,6091.93206445672,69.2581327561764
Arab World,ARB,2009,356386673.0,5134.45006055159,69.7069035410593
Arab World,ARB,2010,363568534.0,5944.95217290432,69.8073221012027
Arab World,ARB,2011,372054934.0,6915.82768123695,69.3633376859826
Arab World,ARB,2012,381030177.0,7384.10682814613,69.842316602094
Arab World,ARB,2013,390954281.0,7376.02829575498,70.1921058451273
Arab World,ARB,2014,400231008.0,7338.35092727915,70.5350666310281
Arab World,ARB,2015,410190679.0,6290.55879501691,70.6580123695192
Arab World,ARB,2016,419808341.0,6042.19675439671,70.8964881164428
Arab World,ARB,2017,428315886.0,6096.72395041636,71.1128560080647
Arab World,ARB,2018,435998060.0,6699.18058175457,71.4312997859137
Arab World,ARB,2019,444281315.0,6674.34224402621,71.8398932674972
Arab World,ARB,2020,453723239.0,5739.41283580539,70.7265588103862
Arab World,ARB,2021,460646603.0,6697.41498492196,70.4041144889903
Arab World,ARB,2022,471352066.0,7950.35581975672,71.8760955992222
Arab World,ARB,2023,482105978.0,7513.89907880749,72.4446783578531
Argentina,ARG,1960,20386045.0,778.251706763404,64.242
Argentina,ARG,1961,20726276.0,971.338043308372,64.631
Argentina,ARG,1962,21072538.0,870.217490905403,64.618
Argentina,ARG,1963,21421705.0,852.972425139433,64.855
Argentina,ARG,1964,21769453.0,1176.20086190313,64.816
Argentina,ARG,1965,22112629.0,1281.83337976859,65.053
Argentina,ARG,1966,22453893.0,1275.07843418966,65.398
Argentina,ARG,1967,22799059.0,1063.93283833587,65.467
Argentina,ARG,1968,23150583.0,1141.95211617341,65.234
Argentina,ARG,1969,23508711.0,1329.56181832409,65.085
Argentina,ARG,1970,23878327.0,1322.71454216808,65.647
Argentina,ARG,1971,24257208.0,1372.50746646061,65.619
Argentina,ARG,1972,24644328.0,1409.37097316211,65.953
Argentina,ARG,1973,25046005.0,2097.89945010806,66.186
Argentina,ARG,1974,25461351.0,2844.96990526761,66.405
Argentina,ARG,1975,25874107.0,2026.68435752865,66.965
Argentina,ARG,1976,26282283.0,1946.91990388248,67.03
Argentina,ARG,1977,26701805.0,2126.48546048047,67.595
Argentina,ARG,1978,27132158.0,3282.06304446289,67.999
Argentina,ARG,1979,27568895.0,2511.97332905958,68.434
Argentina,ARG,1980,28011596.0,2747.5022751674,68.576
Argentina,ARG,1981,28463959.0,2764.08641421079,68.858
Argentina,ARG,1982,28924262.0,2914.76708504176,68.973
Argentina,ARG,1983,29391332.0,3537.7473459832,69.29
Argentina,ARG,1984,29863093.0,3915.03492645691,69.353
Argentina,ARG,1985,30336441.0,2905.77565536137,69.879
Argentina,ARG,1986,30811980.0,3436.07819471053,70.281
Argentina,ARG,1987,31291762.0,3477.30131979313,70.699
Argentina,ARG,1988,31780532.0,3992.70330179156,71.097
Argentina,ARG,1989,32270948.0,2374.57321551641,71.502
Argentina,ARG,1990,32755901.0,4315.33403111588,71.615
Argentina,ARG,1991,33230294.0,5709.24784079504,72.02
Argentina,ARG,1992,33693527.0,6789.99611136495,72.096
Argentina,ARG,1993,34152717.0,6931.85596375876,72.303
Argentina,ARG,1994,34613491.0,7437.56242327594,72.732
Argentina,ARG,1995,35070020.0,7357.6162773788,72.864
Argentina,ARG,1996,35513793.0,7663.21271287469,73.056
Argentina,ARG,1997,35947791.0,8146.78710021431,73.407
Argentina,ARG,1998,36372860.0,8218.99212764682,73.412
Argentina,ARG,1999,36794682.0,7705.54288252851,73.683
Argentina,ARG,2000,37213984.0,7637.01489203628,73.91
Argentina,ARG,2001,37624825.0,7141.47507662826,74.154
Argentina,ARG,2002,38029349.0,2569.69963519124,74.312
Argentina,ARG,2003,38424282.0,3320.47775133903,74.307
Argentina,ARG,2004,38815916.0,4242.02099089422,74.871
Argentina,ARG,2005,39216789.0,5067.65342293276,75.231
Argentina,ARG,2006,39622115.0,5869.38028970204,75.279
Argentina,ARG,2007,40016763.0,7185.25155147027,74.783
Argentina,ARG,2008,40424148.0,8944.1102657357,75.428
Argentina,ARG,2009,40854831.0,8150.23527028221,75.577
Argentina,ARG,2010,41288694.0,10260.1313108254,75.68
Argentina,ARG,2011,41730660.0,12704.2831819684,76.1
Argentina,ARG,2012,42161721.0,12949.717486654,75.802
Argentina,ARG,2013,42582455.0,12963.675773326,75.829
Argentina,ARG,2014,43024071.0,12233.1444119186,76.268
Argentina,ARG,2015,43477012.0,13679.6264980954,76.6
Argentina,ARG,2016,43900313.0,12699.9623137756,76.105
Argentina,ARG,2017,44288894.0,14532.5009308511,76.543
Argentina,ARG,2018,44654882.0,11752.7998922979,76.77
Argentina,ARG,2019,44973465.0,9955.97478680428,76.847
Argentina,ARG,2020,45191965.0,8535.59938004389,75.878
Argentina,ARG,2021,45312281.0,10738.0179223384,73.948
Argentina,ARG,2022,45407904.0,13962.1894087223,75.806
Argentina,ARG,2023,45538401.0,14261.8465667948,77.395
Armenia,ARM,1990,3552128.0,635.355327502517,67.5493658536585
Armenia,ARM,1991,3613977.0,572.740260900977,67.6270487804878
Armenia,ARM,1992,3571861.0,356.350780006933,67.7185365853659
Armenia,ARM,1993,3453332.0,347.870644720878,67.9731951219512
Armenia,ARM,1994,3364610.0,390.879964297655,68.2718048780488
Armenia,ARM,1995,3307581.0,443.924860857976,68.628487804878
Armenia,ARM,1996,3278735.0,487.068624404558,69.0061219512195
Armenia,ARM,1997,3246289.0,505.035887057966,69.3938292682927
Armenia,ARM,1998,3208401.0,590.239947333459,69.7993414634146
Armenia,ARM,1999,3167286.0,582.669886150895,70.1989512195122
Armenia,ARM,2000,3221100.0,593.450581742282,72.8804878048781
Armenia,ARM,2001,3211800.0,659.588988535629,72.9756097560976
Armenia,ARM,2002,3199800.0,742.651118319819,72.8268292682927
Armenia,ARM,2003,3182500.0,882.030167695474,72.8268292682927
Armenia,ARM,2004,3164900.0,1130.08791444158,73.0268292682927
Armenia,ARM,2005,3146400.0,1557.48458908655,73.0756097560976
Armenia,ARM,2006,3127100.0,2041.65267068997,72.8243902439025
Armenia,ARM,2007,3107400.0,2962.70234594569,72.8731707317073
Armenia,ARM,2008,3087100.0,3777.66859313767,73.0731707317073
Armenia,ARM,2009,3066000.0,2820.5926553347,73.0731707317073
Armenia,ARM,2010,3044800.0,3041.34450723339,73.1731707317073
Armenia,ARM,2011,3027900.0,3349.55309771906,73.8170731707317
Armenia,ARM,2012,3024100.0,3511.56399687426,74.119512195122
Armenia,ARM,2013,3022000.0,3680.16692158886,74.6219512195122
Armenia,ARM,2014,3013800.0,3852.11800610384,74.8731707317073
Armenia,ARM,2015,3004600.0,3512.39350276709,74.8707317073171
Armenia,ARM,2016,2992300.0,3524.42476874707,74.8682926829268
Armenia,ARM,2017,2979400.0,3869.05373867752,75.2170731707317
Armenia,ARM,2018,2969000.0,4196.00562301769,75.619512195122
Armenia,ARM,2019,2962500.0,4597.22887399548,76.2219512195122
Armenia,ARM,2020,2961500.0,4268.68093304583,73.3756097560976
Armenia,ARM,2021,2962300.0,4685.17997128509,72.2780487804878
Armenia,ARM,2022,2969200.0,6571.97445545099,74.7658536585366
Armenia,ARM,2023,2964300.0,8159.08720967996,77.4658536585366
Aruba,ABW,1986,59931.0,6767.55922942669,71.831
Aruba,ABW,1987,59159.0,8244.04566011433,72.448
Aruba,ABW,1988,59331.0,10056.2613927414,72.519
Aruba,ABW,1989,60443.0,11507.2171509849,72.531
Aruba,ABW,1990,62753.0,12187.5363611898,72.546
Aruba,ABW,1991,65896.0,13233.9905169683,72.592
Aruba,ABW,1992,69005.0,13892.6051427736,72.717
Aruba,ABW,1993,73685.0,14700.9598081521,72.777
Aruba,ABW,1994,77595.0,16055.2877874337,72.796
Aruba,ABW,1995,79805.0,16548.7173868987,72.832
Aruba,ABW,1996,83021.0,16620.9545555513,72.856
Aruba,ABW,1997,86301.0,17750.0095644198,72.904
Aruba,ABW,1998,88451.0,18828.0870594071,72.94
Aruba,ABW,1999,89659.0,19216.1972354472,72.857
Aruba,ABW,2000,90588.0,20681.0230269625,72.939
Aruba,ABW,2001,91439.0,20740.1325828172,73.044
Aruba,ABW,2002,92074.0,21307.2482505267,73.135
Aruba,ABW,2003,93128.0,21949.4859960868,73.236
Aruba,ABW,2004,95138.0,23700.6319899197,73.223
Aruba,ABW,2005,97635.0,24171.8371325422,73.415
Aruba,ABW,2006,99405.0,24845.65848362,73.498
Aruba,ABW,2007,100150.0,26736.3089444046,73.642
Aruba,ABW,2008,100917.0,28171.9094008501,73.783
Aruba,ABW,2009,101604.0,25134.7712303589,73.974
Aruba,ABW,2010,101838.0,24093.1401510626,74.297
Aruba,ABW,2011,102591.0,25712.3843015186,74.578
Aruba,ABW,2012,104110.0,25119.6655449838,74.841
Aruba,ABW,2013,105675.0,25813.5714408438,75.072
Aruba,ABW,2014,106807.0,26129.8390617693,75.261
Aruba,ABW,2015,107906.0,27458.2201537506,75.405
Aruba,ABW,2016,108727.0,27441.5502144601,75.54
Aruba,ABW,2017,108735.0,28440.0416881491,75.62
Aruba,ABW,2018,108908.0,30082.1584226798,75.88
Aruba,ABW,2019,109203.0,30645.8906024548,76.019
Aruba,ABW,2020,108587.0,22759.8071750722,75.406
Aruba,ABW,2021,107700.0,26749.3296093118,73.655
Aruba,ABW,2022,107310.0,30975.9989121779,76.226
Aruba,ABW,2023,107359.0,35718.7531191634,76.353
Australia,AUS,1960,10276477.0,1813.43109917039,70.8170731707317
Australia,AUS,1961,10483000.0,1880.48489498232,70.9731707317073
Australia,AUS,1962,10742000.0,1857.56127281956,70.9424390243903
Australia,AUS,1963,10950000.0,1970.17748417817,70.9117073170732
Australia,AUS,1964,11167000.0,2134.48946124608,70.8809756097561
Australia,AUS,1965,11388000.0,2284.35582738664,70.850243902439
Australia,AUS,1966,11651000.0,2347.37656646515,70.819512195122
Australia,AUS,1967,11799000.0,2583.9075241973,70.8692682926829
Australia,AUS,1968,12009000.0,2728.23426114901,70.9190243902439
Australia,AUS,1969,12263000.0,2995.86119857452,70.9687804878049
Australia,AUS,1970,12507000.0,3309.76306254362,71.0185365853659
Australia,AUS,1971,12937000.0,3500.33603195606,71.0682926829268
Australia,AUS,1972,13177000.0,3955.22430403017,71.4575609756098
Australia,AUS,1973,13380000.0,4777.513168995,71.8468292682927
Australia,AUS,1974,13723000.0,6491.74521621099,72.2360975609756
Australia,AUS,1975,13893000.0,7013.67159761514,72.6253658536586
Australia,AUS,1976,14033000.0,7497.28175413577,73.0146341463415
Australia,AUS,1977,14192000.0,7786.4080406928,73.3443902439024
Australia,AUS,1978,14358000.0,8264.43890373653,73.6741463414634
Australia,AUS,1979,14514000.0,9307.82127950011,74.0039024390244
Australia,AUS,1980,14692000.0,10223.2886675105,74.3336585365854
Australia,AUS,1981,14923260.0,11870.8633077339,74.6634146341463
Australia,AUS,1982,15184247.0,12797.6758959809,74.9048780487805
Australia,AUS,1983,15393472.0,11532.4028055582,75.1463414634146
Australia,AUS,1984,15579391.0,12436.2969052038,75.3878048780488
Australia,AUS,1985,15788312.0,11455.379711213,75.6292682926829
Australia,AUS,1986,16018350.0,11406.1093011037,75.8707317073171
Australia,AUS,1987,16263874.0,11665.5298271811,76.1517073170732
Australia,AUS,1988,16532164.0,14303.093047615,76.4326829268293
Australia,AUS,1989,16814416.0,17857.5520554588,76.7136585365854
Australia,AUS,1990,17065128.0,18273.561526468,76.9946341463415
Australia,AUS,1991,17284036.0,18885.4274465057,77.2756097560976
Australia,AUS,1992,17478635.0,18650.3675476612,77.3780487804878
Australia,AUS,1993,17634808.0,17724.5399501656,77.8780487804878
Australia,AUS,1994,17805468.0,18155.6282000179,77.8780487804878
Australia,AUS,1995,18004882.0,20479.1748274233,77.8292682926829
Australia,AUS,1996,18224767.0,22055.838490507,78.0780487804878
Australia,AUS,1997,18423037.0,23683.4948964934,78.4804878048781
Australia,AUS,1998,18607584.0,21516.0403147759,78.6317073170732
Australia,AUS,1999,18812264.0,20749.6443779096,78.9317073170732
Australia,AUS,2000,19028802.0,21908.9968019784,79.2341463414634
Australia,AUS,2001,19274701.0,19733.6510102645,79.6341463414634
Australia,AUS,2002,19495210.0,20335.0960191023,79.9365853658537
Australia,AUS,2003,19720737.0,23757.5898471684,80.2390243902439
Australia,AUS,2004,19932722.0,30886.0500949401,80.490243902439
Australia,AUS,2005,20176844.0,34535.20727091,80.8414634146341
Australia,AUS,2006,20450966.0,36658.8243476122,81.0414634146342
Australia,AUS,2007,20827622.0,41128.2476618402,81.2926829268293
Australia,AUS,2008,21249199.0,49811.2067218988,81.3951219512195
Australia,AUS,2009,21691653.0,42954.8494884573,81.5439024390244
Australia,AUS,2010,22031750.0,52313.8939041213,81.6951219512195
Australia,AUS,2011,22340024.0,62799.3895017032,81.8951219512195
Australia,AUS,2012,22733465.0,68301.4402512587,82.0463414634146
Australia,AUS,2013,23128129.0,68476.6788496118,82.1487804878049
Australia,AUS,2014,23475686.0,62817.2061751737,82.3
Australia,AUS,2015,23815995.0,56970.3613028094,82.4
Australia,AUS,2016,24190907.0,50084.4440606385,82.4487804878049
Australia,AUS,2017,24592588.0,54117.547718609,82.5
Australia,AUS,2018,24963258.0,57410.1737346009,82.7487804878049
Australia,AUS,2019,25334826.0,55194.7585097428,82.9
Australia,AUS,2020,25649248.0,51983.4523666382,83.2
Australia,AUS,2021,25685412.0,60758.9044397144,83.3
Australia,AUS,2022,26018721.0,65169.5191118657,83.2
Australia,AUS,2023,26659922.0,65058.3773146674,83.0512195121951
Austria,AUT,1960,7047539.0,939.914814681174,68.5856097560976
Austria,AUT,1961,7086299.0,1036.72820436083,69.5773170731707
Austria,AUT,1962,7129864.0,1093.01419061569,69.309512195122
Austria,AUT,1963,7175811.0,1172.55744626178,69.4436585365854
Austria,AUT,1964,7223801.0,1275.45715281679,69.9219512195122
Austria,AUT,1965,7270889.0,1381.07725824421,69.7221951219512
Austria,AUT,1966,7322066.0,1494.04911382106,70.0458536585366
Austria,AUT,1967,7376998.0,1577.14147705169,69.9178048780488
Austria,AUT,1968,7415403.0,1685.66211669148,70.0575609756098
Austria,AUT,1969,7441055.0,1834.0780781796,69.8331707317073
Austria,AUT,1970,7467086.0,2050.7051537705,69.9146341463415
Austria,AUT,1971,7500482.0,2371.65247955003,70.1146341463415
Austria,AUT,1972,7544201.0,2912.59577111524,70.4634146341463
Austria,AUT,1973,7586115.0,3875.48305618551,71.0146341463415
Austria,AUT,1974,7599038.0,4612.61920779656,71.0121951219512
Austria,AUT,1975,7578903.0,5264.91772004051,71.1146341463415
Austria,AUT,1976,7565525.0,5656.1451383787,71.5658536585366
Austria,AUT,1977,7568430.0,6783.95142193665,71.9146341463415
Austria,AUT,1978,7562305.0,8173.32926347245,72.0121951219512
Austria,AUT,1979,7549425.0,9755.4044562579,72.3121951219512
Austria,AUT,1980,7549433.0,10826.9718274995,72.4634146341463
Austria,AUT,1981,7568710.0,9348.48832395232,72.8121951219512
Austria,AUT,1982,7574140.0,9373.48820626125,72.9609756097561
Austria,AUT,1983,7561910.0,9500.05070417494,73.0121951219512
Austria,AUT,1984,7561434.0,8955.84829191534,73.6121951219512
Austria,AUT,1985,7564985.0,9136.17092559695,73.8146341463415
Austria,AUT,1986,7569794.0,13031.8281010744,74.3170731707317
Austria,AUT,1987,7574586.0,16328.5613047296,74.7682926829268
Austria,AUT,1988,7585317.0,17509.7658683817,75.2170731707317
Austria,AUT,1989,7619567.0,17400.5226619741,75.2658536585366
Austria,AUT,1990,7677850.0,21596.068219998,75.5682926829269
Austria,AUT,1991,7754891.0,22323.1312492943,75.6170731707317
Austria,AUT,1992,7840709.0,24782.7118767063,75.8170731707317
Austria,AUT,1993,7905633.0,23987.2037240657,76.0682926829268
Austria,AUT,1994,7936118.0,25546.2460525087,76.419512195122
Austria,AUT,1995,7948278.0,30207.0674314652,76.6682926829268
Austria,AUT,1996,7959017.0,29645.9451251491,76.8707317073171
Austria,AUT,1997,7968041.0,26571.7523626508,77.319512195122
Austria,AUT,1998,7976789.0,27212.4642905708,77.6707317073171
Austria,AUT,1999,7992324.0,27078.7081612201,77.8756097560976
Austria,AUT,2000,8011566.0,24487.2974685956,78.1268292682927
Austria,AUT,2001,8042293.0,24430.495982841,78.5756097560976
Austria,AUT,2002,8081957.0,26334.862215032,78.6780487804878
Austria,AUT,2003,8121423.0,32110.1159661425,78.6317073170732
Austria,AUT,2004,8171966.0,36614.2506533707,79.1804878048781
Austria,AUT,2005,8227829.0,38157.37022862,79.3317073170732
Austria,AUT,2006,8268641.0,40382.2078298575,79.8804878048781
Austria,AUT,2007,8295487.0,46622.9622913635,80.1804878048781
Austria,AUT,2008,8321496.0,51581.3982361071,80.4317073170732
Austria,AUT,2009,8343323.0,47857.4446635266,80.3317073170732
Austria,AUT,2010,8363404.0,46611.1393420232,80.5804878048781
Austria,AUT,2011,8391643.0,51116.8953522042,80.9829268292683
Austria,AUT,2012,8429991.0,48250.4059142637,80.9365853658537
Austria,AUT,2013,8479823.0,50305.3545774973,81.1365853658537
Austria,AUT,2014,8546356.0,51314.9722616322,81.490243902439
Austria,AUT,2015,8642699.0,43915.228020857,81.190243902439
Austria,AUT,2016,8736668.0,45061.4993920192,81.6414634146342
Austria,AUT,2017,8797566.0,47163.7425775142,81.6439024390244
Austria,AUT,2018,8840521.0,51194.0749841299,81.6926829268293
Austria,AUT,2019,8879920.0,49885.9947355204,81.8951219512195
Austria,AUT,2020,8916864.0,48716.4098900349,81.1926829268293
Austria,AUT,2021,8955797.0,53648.6437976214,81.190243902439
Austria,AUT,2022,9041851.0,52336.7725223758,81.2951219512195
Austria,AUT,2023,9131761.0,56579.504175468,81.5414634146342
Azerbaijan,AZE,1990,7175200.0,1238.27189274842,62.75
Azerbaijan,AZE,1991,7271300.0,734.944232805688,62.544
Azerbaijan,AZE,1992,7382050.0,60.2351205405972,60.773
Azerbaijan,AZE,1993,7494800.0,209.530954548425,61.426
Azerbaijan,AZE,1994,7596550.0,157.063549947072,60.277
Azerbaijan,AZE,1995,7684850.0,314.55801908334,61.931
Azerbaijan,AZE,1996,7763000.0,409.185543774103,62.66
Azerbaijan,AZE,1997,7838250.0,505.516204188336,62.953
Azerbaijan,AZE,1998,7913000.0,561.906807871869,63.75
Azerbaijan,AZE,1999,7982750.0,573.893528734031,64.733
Azerbaijan,AZE,2000,8048600.0,655.097249579917,65.377
Azerbaijan,AZE,2001,8111200.0,703.670998584686,66.043
Azerbaijan,AZE,2002,8171950.0,763.108895463487,66.769
Azerbaijan,AZE,2003,8234100.0,883.692580745256,67.036
Azerbaijan,AZE,2004,8306500.0,1045.0136328106,67.488
Azerbaijan,AZE,2005,8391850.0,1578.36733030667,67.71
Azerbaijan,AZE,2006,8484550.0,2472.95725732287,68.489
Azerbaijan,AZE,2007,8581300.0,3851.33015175141,68.659
Azerbaijan,AZE,2008,8763400.0,5574.46810432575,69.355
Azerbaijan,AZE,2009,8947243.0,4950.39949009423,69.874
Azerbaijan,AZE,2010,9054332.0,5843.5337683582,70.309
Azerbaijan,AZE,2011,9173082.0,7189.81869211976,70.565
Azerbaijan,AZE,2012,9295784.0,7495.86527658099,71.08
Azerbaijan,AZE,2013,9416801.0,7875.34536661549,71.485
Azerbaijan,AZE,2014,9535079.0,7890.84028062087,71.93
Azerbaijan,AZE,2015,9649341.0,5500.50364628486,72.349
Azerbaijan,AZE,2016,9757812.0,3880.6852276838,72.568
Azerbaijan,AZE,2017,9854033.0,4147.1981423222,72.694
Azerbaijan,AZE,2018,9939771.0,4739.7943123408,73.016
Azerbaijan,AZE,2019,10024283.0,4805.75371765917,73.29
Azerbaijan,AZE,2020,10093121.0,4229.91064904503,70.312
Azerbaijan,AZE,2021,10137750.0,5408.04535175023,70.999
Azerbaijan,AZE,2022,10141756.0,7770.594223351,74.125
Azerbaijan,AZE,2023,10153958.0,7133.02838048328,74.429
"Bahamas, The",BHS,1960,116317.0,1459.25382495907,62.454
"Bahamas, The",BHS,1961,122197.0,1555.04660837439,62.813
"Bahamas, The",BHS,1962,128493.0,1651.21861850222,63.187
"Bahamas, The",BHS,1963,135087.0,1759.23692156911,63.532
"Bahamas, The",BHS,1964,141528.0,1883.44386022276,63.897
"Bahamas, The",BHS,1965,147952.0,2029.52341329301,64.272
"Bahamas, The",BHS,1966,154874.0,2239.23963996539,64.589
"Bahamas, The",BHS,1967,162267.0,2452.74763198925,65.03
"Bahamas, The",BHS,1968,170089.0,2668.01498039262,65.399
"Bahamas, The",BHS,1969,177981.0,3026.72757204421,65.773
"Bahamas, The",BHS,1970,184982.0,2916.49998378221,66.163
"Bahamas, The",BHS,1971,190857.0,3004.34356612542,66.526
"Bahamas, The",BHS,1972,196055.0,3013.95016704496,66.781
"Bahamas, The",BHS,1973,200791.0,3341.2852169669,67.147
"Bahamas, The",BHS,1974,205342.0,3079.74014083821,67.585
"Bahamas, The",BHS,1975,209886.0,2840.58965343091,68.14
"Bahamas, The",BHS,1976,214501.0,2993.45923795227,68.529
"Bahamas, The",BHS,1977,219157.0,3253.37543404956,68.762
"Bahamas, The",BHS,1978,223761.0,3720.04057901064,68.873
"Bahamas, The",BHS,1979,228230.0,4994.08535249529,68.96
"Bahamas, The",BHS,1980,232526.0,5742.58362505698,69.091
"Bahamas, The",BHS,1981,236614.0,6028.80641044063,69.368
"Bahamas, The",BHS,1982,240614.0,6559.46869259478,69.682
"Bahamas, The",BHS,1983,244698.0,7081.38194836084,70.003
"Bahamas, The",BHS,1984,248863.0,8201.70133768379,70.192
"Bahamas, The",BHS,1985,253154.0,9167.14687502469,70.289
"Bahamas, The",BHS,1986,257536.0,9600.599527833,70.316
"Bahamas, The",BHS,1987,261935.0,10361.3488079104,70.383
"Bahamas, The",BHS,1988,266448.0,10575.797153666,70.508
"Bahamas, The",BHS,1989,271178.0,11291.4764472044,70.719
"Bahamas, The",BHS,1990,275945.0,11473.3008389353,70.945
"Bahamas, The",BHS,1991,280731.0,11082.3528573617,71.183
"Bahamas, The",BHS,1992,285927.0,10873.4047501635,71.298
"Bahamas, The",BHS,1993,291339.0,10613.0658785813,71.42
"Bahamas, The",BHS,1994,296509.0,10991.2346674131,71.429
"Bahamas, The",BHS,1995,301461.0,11374.6056703852,71.422
"Bahamas, The",BHS,1996,306268.0,11783.797197226,71.464
"Bahamas, The",BHS,1997,310904.0,20367.5732702056,71.597
"Bahamas, The",BHS,1998,315368.0,21667.448821694,71.84
"Bahamas, The",BHS,1999,319614.0,24041.0933188158,72.147
"Bahamas, The",BHS,2000,323835.0,24940.0775086078,72.481
"Bahamas, The",BHS,2001,327836.0,25371.9237667614,72.765
"Bahamas, The",BHS,2002,331614.0,26781.6195938652,73.023
"Bahamas, The",BHS,2003,335618.0,26429.1247787663,73.213
"Bahamas, The",BHS,2004,339782.0,26650.2934234303,73.235
"Bahamas, The",BHS,2005,343894.0,28602.4181869995,73.413
"Bahamas, The",BHS,2006,348375.0,29184.7865087908,73.456
"Bahamas, The",BHS,2007,353334.0,30051.8489587756,73.463
"Bahamas, The",BHS,2008,358120.0,29392.3824416397,73.445
"Bahamas, The",BHS,2009,362810.0,27512.9130950084,73.455
"Bahamas, The",BHS,2010,367478.0,27473.100430502,73.449
"Bahamas, The",BHS,2011,371729.0,27090.8376801379,73.571
"Bahamas, The",BHS,2012,375469.0,28552.0242683151,73.707
"Bahamas, The",BHS,2013,378953.0,27642.7419759179,73.93
"Bahamas, The",BHS,2014,382298.0,29137.2175632622,74.029
"Bahamas, The",BHS,2015,385346.0,30719.405417469,73.805
"Bahamas, The",BHS,2016,388055.0,30616.5363157284,74.042
"Bahamas, The",BHS,2017,390485.0,31875.4881749619,74.031
"Bahamas, The",BHS,2018,392717.0,32642.3353203452,74.062
"Bahamas, The",BHS,2019,394675.0,33640.3369861278,71.408
"Bahamas, The",BHS,2020,395863.0,26178.7537607708,72.994
"Bahamas, The",BHS,2021,396373.0,30367.8605757708,70.752
"Bahamas, The",BHS,2022,397538.0,34957.1613279737,74.491
"Bahamas, The",BHS,2023,399440.0,38231.774484278,74.552
Bahrain,BHR,1970,224809.0,1741.82245407152,64.359
Bahrain,BHR,1971,230733.0,1829.74070543315,65.279
Bahrain,BHR,1972,242113.0,2205.917004377,66.095
Bahrain,BHR,1973,255320.0,2981.09253134976,66.922
Bahrain,BHR,1974,269038.0,3873.71629107511,67.633
Bahrain,BHR,1975,283243.0,3880.44047162927,68.276
Bahrain,BHR,1976,297863.0,5310.19132615533,68.858
Bahrain,BHR,1977,312823.0,6358.42084195442,69.383
Bahrain,BHR,1978,328046.0,6925.98893207436,69.85
Bahrain,BHR,1979,343457.0,7890.82982494874,70.296
Bahrain,BHR,1980,358978.0,9732.72587186027,70.684
Bahrain,BHR,1981,373524.0,10556.5091718735,71.037
Bahrain,BHR,1982,386983.0,10712.1529364009,71.354
Bahrain,BHR,1983,400707.0,10598.8427157127,71.637
Bahrain,BHR,1984,415154.0,10696.9331055208,71.884
Bahrain,BHR,1985,430358.0,9648.65643032674,72.092
Bahrain,BHR,1986,446286.0,7776.95657736318,72.257
Bahrain,BHR,1987,462854.0,8332.91425406054,72.377
Bahrain,BHR,1988,479929.0,8771.7853534009,72.46
Bahrain,BHR,1989,497327.0,8833.41134256929,72.524
Bahrain,BHR,1990,514797.0,9342.53891401688,72.587
Bahrain,BHR,1991,503052.0,10434.1323962786,72.668
Bahrain,BHR,1992,516458.0,10460.1583222808,72.785
Bahrain,BHR,1993,530225.0,11151.871495742,72.939
Bahrain,BHR,1994,544366.0,11629.3595219612,73.134
Bahrain,BHR,1995,558879.0,11900.9317778335,73.361
Bahrain,BHR,1996,573792.0,12091.7802188235,73.61
Bahrain,BHR,1997,589115.0,12254.6662583128,73.872
Bahrain,BHR,1998,604842.0,11625.0343768343,74.138
Bahrain,BHR,1999,620989.0,12123.3534715368,74.405
Bahrain,BHR,2000,637582.0,14214.4836839343,74.673
Bahrain,BHR,2001,661316.0,13573.2339887597,74.942
Bahrain,BHR,2002,710553.0,13501.4708801425,75.209
Bahrain,BHR,2003,764517.0,14486.0269029822,75.486
Bahrain,BHR,2004,823741.0,15963.9493171617,75.787
Bahrain,BHR,2005,888822.0,17966.1657837625,76.125
Bahrain,BHR,2006,960424.0,19267.282615072,76.51
Bahrain,BHR,2007,1039295.0,20908.4042548073,76.952
Bahrain,BHR,2008,1103496.0,23299.4992780392,77.457
Bahrain,BHR,2009,1178415.0,19465.3140745038,78.016
Bahrain,BHR,2010,1228543.0,21819.3291098099,78.593
Bahrain,BHR,2011,1195020.0,25032.7867743333,79.141
Bahrain,BHR,2012,1208964.0,26438.6733230428,79.622
Bahrain,BHR,2013,1253191.0,26989.7601148469,79.998
Bahrain,BHR,2014,1314562.0,26451.7965647453,80.214
Bahrain,BHR,2015,1370322.0,23734.0551143019,80.338
Bahrain,BHR,2016,1423726.0,23800.001440631,80.407
Bahrain,BHR,2017,1501116.0,24784.7693514607,80.407
Bahrain,BHR,2018,1503091.0,26324.4066549559,80.412
Bahrain,BHR,2019,1483756.0,27259.7438599327,80.471
Bahrain,BHR,2020,1472204.0,24342.8444554718,78.683
Bahrain,BHR,2021,1504365.0,27147.8083882286,78.083
Bahrain,BHR,2022,1524693.0,30470.5219276023,80.992
Bahrain,BHR,2023,1577059.0,29290.1284215098,81.284
Bangladesh,BGD,1960,51828660.0,82.4812774116354,43.98
Bangladesh,BGD,1961,53310348.0,90.3685786294248,44.887
Bangladesh,BGD,1962,54881146.0,92.5894211769315,45.765
Bangladesh,BGD,1963,56504402.0,94.1423742967849,45.722
Bangladesh,BGD,1964,58178374.0,92.5782977938389,46.752
Bangladesh,BGD,1965,59902519.0,98.6041470420746,46.046
Bangladesh,BGD,1966,61669806.0,104.42205467886,47.644
Bangladesh,BGD,1967,63510929.0,114.209881696109,48.066
Bangladesh,BGD,1968,65408276.0,114.414967470375,48.4
Bangladesh,BGD,1969,67294133.0,125.880311698198,48.686
Bangladesh,BGD,1970,69058894.0,130.218160844955,42.667
Bangladesh,BGD,1971,70276758.0,124.533963099152,26.522
Bangladesh,BGD,1972,71641519.0,87.773765191476,49.647
Bangladesh,BGD,1973,73722294.0,109.691726756912,49.914
Bangladesh,BGD,1974,75839348.0,164.986393602814,49.589
Bangladesh,BGD,1975,77854351.0,249.804254016022,50.627
Bangladesh,BGD,1976,79855318.0,126.693044204437,50.951
Bangladesh,BGD,1977,81867264.0,117.887771379224,51.265
Bangladesh,BGD,1978,83889655.0,158.324255152285,51.596
Bangladesh,BGD,1979,85935072.0,181.130706703135,51.959
Bangladesh,BGD,1980,88016432.0,206.075714312155,52.278
Bangladesh,BGD,1981,90303105.0,224.241392391192,52.638
Bangladesh,BGD,1982,92814507.0,199.595944646851,53.012
Bangladesh,BGD,1983,95335155.0,184.70677287459,53.441
Bangladesh,BGD,1984,97814966.0,193.435020976238,53.826
Bangladesh,BGD,1985,100253825.0,222.22018039634,53.937
Bangladesh,BGD,1986,102635572.0,212.14899385306,54.592
Bangladesh,BGD,1987,104959291.0,231.499584520483,54.899
Bangladesh,BGD,1988,107216008.0,247.901465967332,55.174
Bangladesh,BGD,1989,109433799.0,263.005720827547,55.514
Bangladesh,BGD,1990,111633717.0,283.053737055234,55.822
Bangladesh,BGD,1991,113787109.0,272.064948495878,53.781
Bangladesh,BGD,1992,115952192.0,273.465072520272,56.592
Bangladesh,BGD,1993,118132360.0,280.757274450366,57.073
Bangladesh,BGD,1994,120343179.0,280.603031791216,57.64
Bangladesh,BGD,1995,122600370.0,309.458680823367,58.244
Bangladesh,BGD,1996,124862179.0,371.917937677345,58.94
Bangladesh,BGD,1997,127198069.0,379.284917709635,59.671
Bangladesh,BGD,1998,129622332.0,385.616881752796,60.429
Bangladesh,BGD,1999,132108065.0,388.095684268235,61.244
Bangladesh,BGD,2000,134544304.0,396.670730249751,62.049
Bangladesh,BGD,2001,136805810.0,394.65641001891,62.836
Bangladesh,BGD,2002,138933658.0,393.886422327628,63.591
Bangladesh,BGD,2003,140970351.0,426.74880754362,64.288
Bangladesh,BGD,2004,142902856.0,455.614016909798,64.912
Bangladesh,BGD,2005,144715786.0,480.08585075452,65.509
Bangladesh,BGD,2006,146405973.0,490.388026533289,66.048
Bangladesh,BGD,2007,147989278.0,537.955492792911,66.458
Bangladesh,BGD,2008,149474264.0,613.06204104124,67.047
Bangladesh,BGD,2009,150873714.0,679.211477428056,67.527
Bangladesh,BGD,2010,152201981.0,757.385280361508,68.009
Bangladesh,BGD,2011,153591076.0,837.336944695647,68.499
Bangladesh,BGD,2012,155070101.0,859.680536375497,68.989
Bangladesh,BGD,2013,156532141.0,958.262989798283,69.487
Bangladesh,BGD,2014,157964929.0,1094.46199702838,70.016
Bangladesh,BGD,2015,159383179.0,1224.38647668165,70.543
Bangladesh,BGD,2016,160811932.0,1649.28380858601,71.075
Bangladesh,BGD,2017,162186147.0,1811.08221668646,71.606
Bangladesh,BGD,2018,163523103.0,1965.24372731467,72.122
Bangladesh,BGD,2019,164913055.0,2129.79896954606,72.625
Bangladesh,BGD,2020,166298024.0,2248.85078828233,71.421
Bangladesh,BGD,2021,167658854.0,2482.84917843357,71.103
Bangladesh,BGD,2022,169384897.0,2716.48592780431,74.265
Bangladesh,BGD,2023,171466990.0,2551.01773827307,74.672
Barbados,BRB,1960,230893.0,346.575456793331,64.149
Barbados,BRB,1961,233148.0,366.135499084709,65.033
Barbados,BRB,1962,235224.0,377.438456365881,65.715
Barbados,BRB,1963,237557.0,420.504389538497,66.204
Barbados,BRB,1964,239958.0,413.625432165232,66.678
Barbados,BRB,1965,242417.0,433.228679761215,67.236
Barbados,BRB,1966,244996.0,462.028452555116,67.71
Barbados,BRB,1967,247091.0,508.128619491284,67.92
Barbados,BRB,1968,248540.0,505.889066146294,68.2
Barbados,BRB,1969,249444.0,566.833205048027,68.504
Barbados,BRB,1970,249387.0,666.475008721385,68.518
Barbados,BRB,1971,249168.0,749.801351020502,68.787
Barbados,BRB,1972,249658.0,856.071973120587,69.132
Barbados,BRB,1973,250322.0,1041.72956280824,69.108
Barbados,BRB,1974,250777.0,1243.35417471937,69.379
Barbados,BRB,1975,251175.0,1601.18883256516,69.79
Barbados,BRB,1976,251442.0,1733.64540764741,70.114
Barbados,BRB,1977,251626.0,1967.59344395667,70.64
Barbados,BRB,1978,251551.0,2197.89906243719,71.143
Barbados,BRB,1979,251269.0,2667.90751006045,71.549
Barbados,BRB,1980,251524.0,4024.58856621204,72.129
Barbados,BRB,1981,252270.0,4416.71519879857,72.63
Barbados,BRB,1982,253095.0,4598.7626399513,72.903
Barbados,BRB,1983,253992.0,4866.35999061756,73.156
Barbados,BRB,1984,254920.0,5283.57944099441,73.302
Barbados,BRB,1985,255820.0,5509.8746029115,73.316
Barbados,BRB,1986,256618.0,6031.35860779383,73.416
Barbados,BRB,1987,257279.0,6624.59939505809,73.463
Barbados,BRB,1988,257763.0,7032.65370811416,73.431
Barbados,BRB,1989,258109.0,7772.55022803365,73.375
Barbados,BRB,1990,258582.0,7781.40573306125,73.463
Barbados,BRB,1991,259373.0,7790.26229439159,73.543
Barbados,BRB,1992,260267.0,7519.20143544898,73.61
Barbados,BRB,1993,261027.0,7904.70762426389,73.739
Barbados,BRB,1994,261620.0,8223.16681181719,73.755
Barbados,BRB,1995,262039.0,8460.47380869104,73.88
Barbados,BRB,1996,262284.0,9011.77884838722,74.065
Barbados,BRB,1997,262392.0,9521.57127377123,73.988
Barbados,BRB,1998,262436.0,10734.3637242884,74.465
Barbados,BRB,1999,262517.0,11244.3087668392,74.587
Barbados,BRB,2000,262063.0,11674.6736471764,74.58
Barbados,BRB,2001,262425.0,11639.5160522054,74.707
Barbados,BRB,2002,264148.0,11760.4524736133,74.82
Barbados,BRB,2003,265776.0,12075.9587020649,74.865
Barbados,BRB,2004,267298.0,12886.3665272467,75.15
Barbados,BRB,2005,268706.0,14214.4202213572,74.96
Barbados,BRB,2006,270002.0,15619.6005955511,75.049
Barbados,BRB,2007,271288.0,17235.4396434785,75.263
Barbados,BRB,2008,272714.0,17565.6929970592,75.3
Barbados,BRB,2009,274123.0,16294.9099491834,75.458
Barbados,BRB,2010,275243.0,20610.5150721363,75.488
Barbados,BRB,2011,276139.0,20508.1498810382,75.599
Barbados,BRB,2012,276938.0,20804.1150004694,75.737
Barbados,BRB,2013,277665.0,20410.2065438568,75.816
Barbados,BRB,2014,278348.0,20192.7084081797,75.926
Barbados,BRB,2015,278990.0,20424.2087530019,76.055
Barbados,BRB,2016,279598.0,20295.5672072046,76.168
Barbados,BRB,2017,280171.0,20284.5762052461,76.237
Barbados,BRB,2018,280711.0,21381.2426303209,76.378
Barbados,BRB,2019,281207.0,21912.1501242857,76.495
Barbados,BRB,2020,281698.0,19194.4919736739,76.647
Barbados,BRB,2021,282147.0,21079.6145271791,76.58
Barbados,BRB,2022,282318.0,24387.0387293761,75.676
Barbados,BRB,2023,282336.0,25583.878782727,76.178
Belarus,BLR,1990,10189348.0,1706.64091882343,70.8365853658537
Belarus,BLR,1991,10194050.0,1805.45592531527,70.3780487804878
Belarus,BLR,1992,10216470.0,1658.08641281239,70.0219512195122
Belarus,BLR,1993,10239050.0,1589.51011343649,68.9707317073171
Belarus,BLR,1994,10226955.0,1460.00791360458,68.7682926829268
Belarus,BLR,1995,10193831.0,1370.69991385664,68.4609756097561
Belarus,BLR,1996,10159569.0,1427.26896385327,68.5121951219512
Belarus,BLR,1997,10117433.0,1396.44201900881,68.4609756097561
Belarus,BLR,1998,10071963.0,1511.32531567314,68.4073170731707
Belarus,BLR,1999,10026738.0,1210.6117195862,67.9073170731707
Belarus,BLR,2000,9979610.0,1276.2880341,68.9121951219512
Belarus,BLR,2001,9928549.0,1244.37318523431,68.5073170731707
Belarus,BLR,2002,9865548.0,1479.38066337175,68.0560975609756
Belarus,BLR,2003,9796749.0,1819.52653114699,68.5536585365854
Belarus,BLR,2004,9730146.0,2378.33700470129,68.9560975609756
Belarus,BLR,2005,9663915.0,3126.07176665248,68.8512195121951
Belarus,BLR,2006,9604924.0,3848.22350300163,69.4048780487805
Belarus,BLR,2007,9560953.0,4735.48107556066,70.2073170731707
Belarus,BLR,2008,9527985.0,6376.17569162063,70.4560975609756
Belarus,BLR,2009,9504583.0,5352.48809190697,70.4073170731707
Belarus,BLR,2010,9483836.0,6034.67885177216,70.4048780487805
Belarus,BLR,2011,9461643.0,6527.6593428786,70.5536585365854
Belarus,BLR,2012,9446836.0,6953.21591683101,71.9658536585366
Belarus,BLR,2013,9443211.0,7998.0802045456,72.4707317073171
Belarus,BLR,2014,9448515.0,8341.31809294883,72.9707317073171
Belarus,BLR,2015,9461076.0,5967.05595058777,73.6243902439025
Belarus,BLR,2016,9469379.0,5039.77560949445,73.8268292682927
Belarus,BLR,2017,9458989.0,5785.54491935194,74.1292682926829
Belarus,BLR,2018,9438785.0,6360.037502312,74.1756097560976
Belarus,BLR,2019,9419758.0,6837.77339645635,74.2268292682927
Belarus,BLR,2020,9379952.0,6542.85579976768,72.1385609756098
Belarus,BLR,2021,9302585.0,7489.71894713888,72.0714634146342
Belarus,BLR,2022,9228071.0,7994.64806074889,74.1033658536585
Belarus,BLR,2023,9178298.0,7896.75388295584,74.1837804878049
Belgium,BEL,1960,9153489.0,1290.28607216192,69.7019512195122
Belgium,BEL,1961,9183948.0,1367.78885228138,70.5209756097561
Belgium,BEL,1962,9220578.0,1457.26516998378,70.219512195122
Belgium,BEL,1963,9289770.0,1555.02293182578,70.0514634146342
Belgium,BEL,1964,9378113.0,1724.01894179056,70.7551219512195
Belgium,BEL,1965,9463667.0,1859.50998671639,70.6253658536586
Belgium,BEL,1966,9527807.0,1983.13119821777,70.7063414634146
Belgium,BEL,1967,9580991.0,2113.82194132888,71.0129268292683
Belgium,BEL,1968,9618756.0,2251.31575906782,70.6931707317073
Belgium,BEL,1969,9646032.0,2490.1071730838,70.7648780487805
Belgium,BEL,1970,9655549.0,2765.89099664794,70.9719512195122
Belgium,BEL,1971,9673162.0,3082.92798879126,71.0604878048781
Belgium,BEL,1972,9711115.0,3831.63189999433,71.4051219512195
Belgium,BEL,1973,9741720.0,4900.96220075866,71.6353658536586
Belgium,BEL,1974,9772419.0,5733.79813933878,71.9858536585366
Belgium,BEL,1975,9800700.0,6701.37736052433,71.9712195121951
Belgium,BEL,1976,9818227.0,7243.04734119583,72.119756097561
Belgium,BEL,1977,9830358.0,8426.94695947372,72.7739024390244
Belgium,BEL,1978,9839534.0,10289.7684173296,72.6980487804878
Belgium,BEL,1979,9848382.0,11810.6158754725,73.1936585365854
Belgium,BEL,1980,9859242.0,12864.0025661396,73.2070731707317
Belgium,BEL,1981,9858982.0,10622.8024830789,73.6217073170732
Belgium,BEL,1982,9856303.0,9343.86109959618,73.8880487804878
Belgium,BEL,1983,9855520.0,8846.23429846974,73.8690243902439
Belgium,BEL,1984,9855372.0,8457.26880316374,74.4048780487805
Belgium,BEL,1985,9858308.0,8750.81851250536,74.520243902439
Belgium,BEL,1986,9861823.0,12170.0406962702,74.7317073170732
Belgium,BEL,1987,9870234.0,15135.8523116968,75.3658536585366
Belgium,BEL,1988,9901664.0,16391.093827791,75.5658536585366
Belgium,BEL,1989,9937697.0,16525.0617432848,75.6326829268293
Belgium,BEL,1990,9967379.0,20600.3752789827,76.0519512195122
Belgium,BEL,1991,10004486.0,21041.6606519648,76.1921951219512
Belgium,BEL,1992,10045158.0,23372.619171015,76.3512195121951
Belgium,BEL,1993,10084475.0,22283.9360213551,76.3453658536585
Belgium,BEL,1994,10115603.0,24208.5547931447,76.6917073170732
Belgium,BEL,1995,10136811.0,28413.8264387368,76.8407317073171
Belgium,BEL,1996,10156637.0,27489.5551770488,77.1873170731707
Belgium,BEL,1997,10181245.0,24820.9380503896,77.3707317073171
Belgium,BEL,1998,10203008.0,25338.4432934904,77.4731707317073
Belgium,BEL,1999,10226419.0,25252.8019066564,77.619512195122
Belgium,BEL,2000,10251250.0,23098.8865077401,77.7219512195122
Belgium,BEL,2001,10286570.0,23015.0712632462,77.9731707317073
Belgium,BEL,2002,10332785.0,25006.191397109,78.0756097560976
Belgium,BEL,2003,10376133.0,30655.2092679024,78.1292682926829
Belgium,BEL,2004,10421137.0,35429.4077933344,78.8780487804878
Belgium,BEL,2005,10478617.0,36809.7013403619,78.9804878048781
Belgium,BEL,2006,10547958.0,38705.1067959147,79.380487804878
Belgium,BEL,2007,10625700.0,44319.165448813,79.7829268292683
Belgium,BEL,2008,10709973.0,48303.397956286,79.6804878048781
Belgium,BEL,2009,10796493.0,44923.3400135081,80.0341463414634
Belgium,BEL,2010,10895586.0,44197.393671162,80.1829268292683
Belgium,BEL,2011,11038264.0,47760.8298776546,80.5853658536585
Belgium,BEL,2012,11106932.0,44874.1709182123,80.3853658536585
Belgium,BEL,2013,11159407.0,46964.5946777056,80.5878048780488
Belgium,BEL,2014,11209057.0,47995.7786961339,81.2878048780488
Belgium,BEL,2015,11274196.0,40893.804537772,80.9926829268293
Belgium,BEL,2016,11331422.0,41854.5498296444,81.4390243902439
Belgium,BEL,2017,11375158.0,44035.3239358548,81.4926829268293
Belgium,BEL,2018,11427054.0,47487.2100392561,81.5951219512195
Belgium,BEL,2019,11488980.0,46716.6227467964,81.9951219512195
Belgium,BEL,2020,11538604.0,45906.2875805246,80.6951219512195
Belgium,BEL,2021,11586195.0,51658.238294958,81.790243902439
Belgium,BEL,2022,11680210.0,50605.7496677086,81.7487804878049
Belgium,BEL,2023,11779946.0,55291.4754541329,82.3975609756098
Belize,BLZ,1960,91318.0,307.414508338751,57.389
Belize,BLZ,1961,93632.0,320.029476728041,52.944
Belize,BLZ,1962,96042.0,331.704794335727,58.741
Belize,BLZ,1963,98704.0,341.932583787017,59.316
Belize,BLZ,1964,101603.0,356.235408350011,59.84
Belize,BLZ,1965,104675.0,383.186435252354,60.356
Belize,BLZ,1966,107906.0,411.933019943696,60.86
Belize,BLZ,1967,111272.0,426.264071353746,61.437
Belize,BLZ,1968,114713.0,392.282566057727,61.961
Belize,BLZ,1969,118040.0,401.557990513297,62.497
Belize,BLZ,1970,120736.0,441.7894689257,63.044
Belize,BLZ,1971,122805.0,481.04464147376,63.546
Belize,BLZ,1972,124676.0,529.356647508447,64.025
Belize,BLZ,1973,126445.0,618.567502314442,64.487
Belize,BLZ,1974,128185.0,804.777863602367,64.936
Belize,BLZ,1975,130387.0,906.486277401685,65.377
Belize,BLZ,1976,133099.0,729.488780751524,65.765
Belize,BLZ,1977,135887.0,865.792901454885,66.135
Belize,BLZ,1978,138713.0,982.604370174389,66.338
Belize,BLZ,1979,141678.0,1071.443696269,66.677
Belize,BLZ,1980,145062.0,1774.4136989701,66.884
Belize,BLZ,1981,148786.0,1752.51703789335,67.095
Belize,BLZ,1982,152548.0,1629.32322940976,67.339
Belize,BLZ,1983,156297.0,1677.25548155115,67.601
Belize,BLZ,1984,160044.0,1814.18859813551,67.952
Belize,BLZ,1985,163796.0,1754.01108696183,68.347
Belize,BLZ,1986,167554.0,1859.10214020555,68.743
Belize,BLZ,1987,171338.0,2165.89431416265,69.108
Belize,BLZ,1988,175180.0,2405.81116565818,69.401
Belize,BLZ,1989,179107.0,2741.93638439592,69.534
Belize,BLZ,1990,183076.0,2986.46962075029,69.569
Belize,BLZ,1991,187040.0,3190.13098802395,69.645
Belize,BLZ,1992,190983.0,3642.9480634402,69.601
Belize,BLZ,1993,194902.0,3859.6584437307,69.595
Belize,BLZ,1994,199097.0,3876.69327011457,69.585
Belize,BLZ,1995,204146.0,4009.82752539849,69.484
Belize,BLZ,1996,210310.0,4043.26517997242,69.363
Belize,BLZ,1997,217446.0,4014.40380600241,69.183
Belize,BLZ,1998,225173.0,4125.92539958166,68.906
Belize,BLZ,1999,233059.0,4289.5277590653,68.976
Belize,BLZ,2000,240799.0,4726.50675459616,68.911
Belize,BLZ,2001,248379.0,4718.77715104739,68.944
Belize,BLZ,2002,256009.0,4858.86062599362,69.528
Belize,BLZ,2003,263780.0,4959.74012434605,69.819
Belize,BLZ,2004,271688.0,5153.71308265363,70.152
Belize,BLZ,2005,279731.0,5270.41479135312,70.335
Belize,BLZ,2006,287878.0,5524.78167834986,70.535
Belize,BLZ,2007,296100.0,5762.21023302938,70.652
Belize,BLZ,2008,304361.0,5711.81458859709,70.665
Belize,BLZ,2009,312614.0,5399.67100001919,70.806
Belize,BLZ,2010,320245.0,5461.40735999001,70.875
Belize,BLZ,2011,327298.0,5596.05222152289,70.975
Belize,BLZ,2012,334414.0,5732.66519942347,71.134
Belize,BLZ,2013,341627.0,5957.34953619006,71.276
Belize,BLZ,2014,348923.0,6128.12053089077,71.437
Belize,BLZ,2015,356333.0,6154.62264230369,71.647
Belize,BLZ,2016,364705.0,6140.86713919469,71.843
Belize,BLZ,2017,373202.0,6071.85451846453,72.062
Belize,BLZ,2018,380226.0,6011.99036888587,72.322
Belize,BLZ,2019,385829.0,6171.61449761423,72.577
Belize,BLZ,2020,390812.0,5238.54078175696,71.58
Belize,BLZ,2021,395346.0,6142.98930557031,70.917
Belize,BLZ,2022,402733.0,7068.21728043145,72.19
Belize,BLZ,2023,411106.0,7424.75821321022,73.566
Benin,BEN,1960,2517286.0,89.8569246539715,38.775
Benin,BEN,1961,2559223.0,92.085848129765,39.233
Benin,BEN,1962,2604659.0,90.7738610077473,39.643
Benin,BEN,1963,2652908.0,95.7167369761973,40.081
Benin,BEN,1964,2704003.0,99.7850246017255,40.502
Benin,BEN,1965,2757936.0,105.117986938927,40.971
Benin,BEN,1966,2814317.0,107.637211853532,41.274
Benin,BEN,1967,2872997.0,106.58624185995,41.759
Benin,BEN,1968,2934257.0,111.211494175445,42.182
Benin,BEN,1969,2998222.0,110.314794748212,42.591
Benin,BEN,1970,3065057.0,108.848779482547,43.029
Benin,BEN,1971,3134767.0,106.889292742067,43.391
Benin,BEN,1972,3207543.0,127.927157014331,43.928
Benin,BEN,1973,3283496.0,153.609468135703,44.435
Benin,BEN,1974,3362633.0,164.946594142916,44.876
Benin,BEN,1975,3445407.0,196.455786019338,45.405
Benin,BEN,1976,3532196.0,197.726361142541,45.952
Benin,BEN,1977,3623202.0,207.012962247396,46.504
Benin,BEN,1978,3718305.0,249.802926180538,46.941
Benin,BEN,1979,3818528.0,310.651387084352,47.362
Benin,BEN,1980,3925251.0,358.003054209903,47.747
Benin,BEN,1981,4038307.0,319.718185970269,48.122
Benin,BEN,1982,4156596.0,305.0040635075,48.493
Benin,BEN,1983,4278978.0,255.983601560726,48.845
Benin,BEN,1984,4405895.0,238.574457355381,49.399
Benin,BEN,1985,4538012.0,230.434117218913,49.959
Benin,BEN,1986,4675420.0,285.771551064424,50.632
Benin,BEN,1987,4818486.0,324.253765166191,51.258
Benin,BEN,1988,4967341.0,326.179757700303,52.019
Benin,BEN,1989,5121657.0,293.321949550953,52.45
Benin,BEN,1990,5281479.0,371.101604332357,53.02
Benin,BEN,1991,5446932.0,364.689296016645,53.441
Benin,BEN,1992,5617844.0,301.77329696287,54.137
Benin,BEN,1993,5872706.0,387.310054813122,54.612
Benin,BEN,1994,6096506.0,262.129807445074,54.988
Benin,BEN,1995,6226773.0,348.435238914394,55.366
Benin,BEN,1996,6391858.0,369.394384135736,55.648
Benin,BEN,1997,6583365.0,344.550491498963,55.986
Benin,BEN,1998,6789489.0,361.601983057505,56.154
Benin,BEN,1999,7002818.0,525.130597245974,56.336
Benin,BEN,2000,7221619.0,487.424141384242,56.594
Benin,BEN,2001,7445596.0,492.401499509072,56.654
Benin,BEN,2002,7675426.0,546.463829658159,56.851
Benin,BEN,2003,7913070.0,676.002878084282,57.092
Benin,BEN,2004,8159094.0,758.695803786371,57.346
Benin,BEN,2005,8426144.0,779.437777753268,57.738
Benin,BEN,2006,8693242.0,809.147072506221,57.966
Benin,BEN,2007,8953969.0,912.338247188342,58.249
Benin,BEN,2008,9228466.0,1060.60254502099,58.099
Benin,BEN,2009,9509423.0,1024.10277858112,58.258
Benin,BEN,2010,9797484.0,973.244254931526,58.387
Benin,BEN,2011,10093623.0,1059.41358852588,58.462
Benin,BEN,2012,10397657.0,1071.5258366283,58.559
Benin,BEN,2013,10708834.0,1168.92699279226,58.863
Benin,BEN,2014,11030004.0,1204.39918670094,59.008
Benin,BEN,2015,11360681.0,1002.41886879614,59.123
Benin,BEN,2016,11697842.0,1010.5338961993,59.283
Benin,BEN,2017,12039780.0,1054.97408066814,59.528
Benin,BEN,2018,12383347.0,1151.7409703472,59.71
Benin,BEN,2019,12726755.0,1130.82135339795,59.888
Benin,BEN,2020,13070169.0,1200.19426557789,60.154
Benin,BEN,2021,13413417.0,1318.65158075198,59.61
Benin,BEN,2022,13759501.0,1266.42711031904,60.475
Benin,BEN,2023,14111034.0,1394.17784721831,60.774
Bermuda,BMU,1960,42208.0,1715.31463229719,66.482
Bermuda,BMU,1961,43123.0,1773.99531572479,67.528
Bermuda,BMU,1962,44239.0,1824.18228260132,67.884
Bermuda,BMU,1963,45340.0,1821.79091310101,67.689
Bermuda,BMU,1964,46410.0,1986.64081017022,67.5
Bermuda,BMU,1965,47461.0,2064.85324792988,67.582
Bermuda,BMU,1966,48534.0,2369.47294680018,67.718
Bermuda,BMU,1967,49514.0,2722.46233388537,67.792
Bermuda,BMU,1968,50404.0,2975.95428934212,67.898
Bermuda,BMU,1969,51306.0,3214.04903909874,68.088
Bermuda,BMU,1970,52124.0,3574.16928861945,68.404
Bermuda,BMU,1971,52607.0,4012.77396544186,68.98
Bermuda,BMU,1972,52803.0,4458.08003333144,69.643
Bermuda,BMU,1973,52946.0,5090.09179163676,70.374
Bermuda,BMU,1974,53056.0,5891.88781664656,70.864
Bermuda,BMU,1975,53129.0,6493.6287150144,71.171
Bermuda,BMU,1976,53210.0,7259.91355008457,71.331
Bermuda,BMU,1977,53322.0,8383.03139417126,71.616
Bermuda,BMU,1978,53431.0,8904.94282345455,71.968
Bermuda,BMU,1979,53517.0,9664.21884634789,72.402
Bermuda,BMU,1980,53673.0,11426.6012333948,72.666
Bermuda,BMU,1981,53997.0,13687.7980628553,72.892
Bermuda,BMU,1982,54387.0,14442.7902256054,73.041
Bermuda,BMU,1983,54777.0,16236.741698158,73.24
Bermuda,BMU,1984,55169.0,17866.9174355163,73.365
Bermuda,BMU,1985,55547.0,18713.8825139071,73.373
Bermuda,BMU,1986,55889.0,20996.9767217163,73.368
Bermuda,BMU,1987,56265.0,23042.7435883764,73.454
Bermuda,BMU,1988,56699.0,24958.1127004004,73.555
Bermuda,BMU,1989,57129.0,26282.6240963434,73.733
Bermuda,BMU,1990,57559.0,27665.525808301,73.952
Bermuda,BMU,1991,57984.0,28195.7091611479,74.204
Bermuda,BMU,1992,58407.0,28761.9634632835,74.446
Bermuda,BMU,1993,58816.0,30950.0799102285,74.766
Bermuda,BMU,1994,59194.0,31543.0634861641,75.276
Bermuda,BMU,1995,59526.0,34115.3445553204,75.92
Bermuda,BMU,1996,59813.0,45063.6149332085,76.52
Bermuda,BMU,1997,60177.0,48736.6768034299,76.972
Bermuda,BMU,1998,60639.0,51629.2814855126,77.389
Bermuda,BMU,1999,61124.0,54388.3417315621,77.854
Bermuda,BMU,2000,61550.0,56542.9569455727,78.251
Bermuda,BMU,2001,61867.0,59490.2452034202,78.637
Bermuda,BMU,2002,62142.0,63358.5658652763,78.841
Bermuda,BMU,2003,62386.0,67106.8028083224,78.715
Bermuda,BMU,2004,62555.0,71692.1589001679,78.898
Bermuda,BMU,2005,62711.0,77628.103522508,78.874
Bermuda,BMU,2006,62834.0,97781.4558996721,78.87
Bermuda,BMU,2007,63010.0,107395.651483891,79.006
Bermuda,BMU,2008,63300.0,110268.562401264,79.101
Bermuda,BMU,2009,63565.0,104711.712420357,79.229
Bermuda,BMU,2010,63725.0,104111.824244802,79.414
Bermuda,BMU,2011,63733.0,99049.0169927667,79.651
Bermuda,BMU,2012,63646.0,100213.493385287,79.847
Bermuda,BMU,2013,63574.0,101704.40746217,80.016
Bermuda,BMU,2014,63529.0,100961.576602811,80.199
Bermuda,BMU,2015,63464.0,104855.366822135,80.338
Bermuda,BMU,2016,63449.0,108747.356144305,80.476
Bermuda,BMU,2017,63578.0,112339.425587467,80.686
Bermuda,BMU,2018,63831.0,113204.82210838,80.986
Bermuda,BMU,2019,64107.0,115798.040775578,81.251
Bermuda,BMU,2020,64382.0,106976.546239632,81.456
Bermuda,BMU,2021,64648.0,112765.08167306,81.745
Bermuda,BMU,2022,64749.0,121613.939983629,82.062
Bermuda,BMU,2023,64698.0,132604.439086216,82.309
Bhutan,BTN,1970,308528.0,200.345229822469,41.185
Bhutan,BTN,1971,319211.0,207.666560128876,41.83
Bhutan,BTN,1972,330264.0,212.375150813633,42.487
Bhutan,BTN,1973,341705.0,230.90176999619,43.136
Bhutan,BTN,1974,353538.0,262.777366220031,43.8
Bhutan,BTN,1975,365791.0,237.350734416968,44.513
Bhutan,BTN,1976,378490.0,233.721532349196,45.23
Bhutan,BTN,1977,391639.0,249.935358333789,45.95
Bhutan,BTN,1978,405243.0,232.172369685589,46.691
Bhutan,BTN,1979,419200.0,251.378805345213,47.446
Bhutan,BTN,1980,433404.0,296.880510831581,48.198
Bhutan,BTN,1981,447836.0,310.77041169131,48.975
Bhutan,BTN,1982,462485.0,305.824658960335,49.776
Bhutan,BTN,1983,477460.0,328.204016909505,50.553
Bhutan,BTN,1984,492784.0,325.545257021725,51.313
Bhutan,BTN,1985,508392.0,321.186830951891,52.033
Bhutan,BTN,1986,524324.0,364.694569557154,52.826
Bhutan,BTN,1987,540557.0,449.060443850487,53.62
Bhutan,BTN,1988,556986.0,488.877757351253,54.385
Bhutan,BTN,1989,573586.0,461.654618792732,55.12
Bhutan,BTN,1990,589287.0,488.327431477129,55.811
Bhutan,BTN,1991,599784.0,400.634705187075,56.451
Bhutan,BTN,1992,577774.0,415.791522568451,57.208
Bhutan,BTN,1993,554673.0,407.39984249657,57.906
Bhutan,BTN,1994,554497.0,467.008312125283,58.395
Bhutan,BTN,1995,547989.0,530.103676927417,59.277
Bhutan,BTN,1996,548784.0,552.873891403681,59.982
Bhutan,BTN,1997,558697.0,630.447410148304,60.639
Bhutan,BTN,1998,569435.0,638.278962310609,61.322
Bhutan,BTN,1999,582579.0,685.419830628567,62.032
Bhutan,BTN,2000,596863.0,771.924911410619,61.842
Bhutan,BTN,2001,610794.0,812.238210772056,63.323
Bhutan,BTN,2002,624409.0,895.799489930972,63.984
Bhutan,BTN,2003,637663.0,1022.38240311018,64.662
Bhutan,BTN,2004,650544.0,1130.35934606796,65.29
Bhutan,BTN,2005,661865.0,1299.94938578359,65.875
Bhutan,BTN,2006,670799.0,1405.6071618158,66.499
Bhutan,BTN,2007,678641.0,1850.41570433398,67.152
Bhutan,BTN,2008,686351.0,1919.59774896395,67.733
Bhutan,BTN,2009,693988.0,1918.39599211093,68.156
Bhutan,BTN,2010,701632.0,2435.5798056672,68.765
Bhutan,BTN,2011,709377.0,2787.97967608562,69.28
Bhutan,BTN,2012,717279.0,2751.2128864294,69.759
Bhutan,BTN,2013,725273.0,2679.95217201538,70.161
Bhutan,BTN,2014,733139.0,2849.49998647303,70.504
Bhutan,BTN,2015,740618.0,2954.04081911097,70.797
Bhutan,BTN,2016,747866.0,3152.30905106786,71.119
Bhutan,BTN,2017,754335.0,3435.28804735662,71.413
Bhutan,BTN,2018,759759.0,3400.20417245342,71.711
Bhutan,BTN,2019,764824.0,3576.87987100503,72.005
Bhutan,BTN,2020,770006.0,3191.66906999331,72.253
Bhutan,BTN,2021,775442.0,3570.61257980872,72.448
Bhutan,BTN,2022,780914.0,3711.32767981591,72.754
Bhutan,BTN,2023,786385.0,3831.32535494609,72.975
Bolivia,BOL,1960,3702323.0,101.833417024987,43.338
Bolivia,BOL,1961,3778731.0,108.528765371499,43.628
Bolivia,BOL,1962,3857493.0,116.24147429449,44.002
Bolivia,BOL,1963,3938913.0,122.579067582423,44.335
Bolivia,BOL,1964,4022996.0,135.228463817406,44.674
Bolivia,BOL,1965,4109796.0,147.057689573182,45.09
Bolivia,BOL,1966,4199550.0,159.348482383093,45.479
Bolivia,BOL,1967,4292572.0,176.073477814252,45.904
Bolivia,BOL,1968,4388944.0,195.471270062333,46.342
Bolivia,BOL,1969,4488232.0,207.126019695423,46.705
Bolivia,BOL,1970,4590010.0,221.568878282044,47.103
Bolivia,BOL,1971,4694342.0,233.392218893062,47.483
Bolivia,BOL,1972,4800978.0,261.949887081198,47.829
Bolivia,BOL,1973,4910200.0,257.213253175457,48.282
Bolivia,BOL,1974,5022475.0,418.170299516169,48.752
Bolivia,BOL,1975,5137539.0,468.064116140902,49.336
Bolivia,BOL,1976,5256496.0,519.734821066353,49.971
Bolivia,BOL,1977,5379166.0,599.9882290041,50.387
Bolivia,BOL,1978,5504123.0,682.801036523933,50.838
Bolivia,BOL,1979,5630849.0,785.198889713429,51.353
Bolivia,BOL,1980,5758900.0,787.907344889279,51.828
Bolivia,BOL,1981,5888109.0,1000.59266819668,52.259
Bolivia,BOL,1982,6018088.0,929.552105072211,52.511
Bolivia,BOL,1983,6149060.0,881.867606330418,52.861
Bolivia,BOL,1984,6281868.0,982.109656770748,53.383
Bolivia,BOL,1985,6416185.0,838.080035867133,53.777
Bolivia,BOL,1986,6552479.0,604.257233504238,54.247
Bolivia,BOL,1987,6692162.0,649.708769442851,54.901
Bolivia,BOL,1988,6835508.0,672.607268146683,55.505
Bolivia,BOL,1989,6981766.0,675.469993900788,56.146
Bolivia,BOL,1990,7130142.0,682.67681029538,56.797
Bolivia,BOL,1991,7280289.0,733.935487602519,57.439
Bolivia,BOL,1992,7430336.0,759.57113496365,57.923
Bolivia,BOL,1993,7579195.0,756.637016048451,58.66
Bolivia,BOL,1994,7727322.0,774.035669644318,59.282
Bolivia,BOL,1995,7874676.0,852.754034861444,59.787
Bolivia,BOL,1996,8021736.0,922.113259069714,60.287
Bolivia,BOL,1997,8167900.0,970.351843368594,60.745
Bolivia,BOL,1998,8313394.0,1022.14506519545,61.227
Bolivia,BOL,1999,8459806.0,979.344494964572,61.655
Bolivia,BOL,2000,8606326.0,975.777060358751,62.057
Bolivia,BOL,2001,8752736.0,930.168227214313,62.538
Bolivia,BOL,2002,8900355.0,888.221328974352,63.068
Bolivia,BOL,2003,9050700.0,893.013760211149,63.455
Bolivia,BOL,2004,9204287.0,953.191893246277,63.819
Bolivia,BOL,2005,9360754.0,1020.12326200737,64.182
Bolivia,BOL,2006,9521689.0,1202.71150446327,64.529
Bolivia,BOL,2007,9685960.0,1354.54905949929,64.939
Bolivia,BOL,2008,9850858.0,1692.67248455876,65.299
Bolivia,BOL,2009,10016275.0,1731.18172112209,65.656
Bolivia,BOL,2010,10182345.0,1929.78373077158,66.003
Bolivia,BOL,2011,10348929.0,2315.52121930607,66.282
Bolivia,BOL,2012,10515807.0,2575.59857098084,66.586
Bolivia,BOL,2013,10682608.0,2870.02377000756,66.777
Bolivia,BOL,2014,10848888.0,3041.43503162408,66.97
Bolivia,BOL,2015,11014705.0,2996.01289811344,67.205
Bolivia,BOL,2016,11180020.0,3035.87347732132,67.392
Bolivia,BOL,2017,11344587.0,4048.40119739839,67.536
Bolivia,BOL,2018,11508368.0,4206.8552936661,67.699
Bolivia,BOL,2019,11671386.0,4203.15492855788,67.82
Bolivia,BOL,2020,11816299.0,3580.96761778303,62.906
Bolivia,BOL,2021,11937360.0,4010.76053686204,61.427
Bolivia,BOL,2022,12077154.0,4219.46113742445,67.434
Bolivia,BOL,2023,12244159.0,4274.70820547613,68.581
Bosnia and Herzegovina,BIH,1990,4448652.0,1742.88262171767,71.509
Bosnia and Herzegovina,BIH,1991,4458343.0,1373.37104472973,71.813
Bosnia and Herzegovina,BIH,1992,4234616.0,1118.17569934079,51.967
Bosnia and Herzegovina,BIH,1993,3904482.0,929.872118717018,50.894
Bosnia and Herzegovina,BIH,1994,3725412.0,337.090896023259,66.603
Bosnia and Herzegovina,BIH,1995,3715564.0,502.365980975339,70.188
Bosnia and Herzegovina,BIH,1996,3875246.0,718.933797141505,73.454
Bosnia and Herzegovina,BIH,1997,4018227.0,913.813399054859,73.895
Bosnia and Herzegovina,BIH,1998,4089356.0,1006.70479669823,74.472
Bosnia and Herzegovina,BIH,1999,4130305.0,1134.60298042083,74.946
Bosnia and Herzegovina,BIH,2000,4159771.0,1338.48059636261,75.292
Bosnia and Herzegovina,BIH,2001,4179438.0,1387.89362942121,75.573
Bosnia and Herzegovina,BIH,2002,4188002.0,1606.5467454132,75.994
Bosnia and Herzegovina,BIH,2003,4178523.0,2033.94700935864,76.449
Bosnia and Herzegovina,BIH,2004,4140987.0,2452.6860917386,76.489
Bosnia and Herzegovina,BIH,2005,4096493.0,2739.61076866057,76.424
Bosnia and Herzegovina,BIH,2006,4063272.0,3166.12865344833,76.028
Bosnia and Herzegovina,BIH,2007,4013424.0,3931.48948737505,76.162
Bosnia and Herzegovina,BIH,2008,3947544.0,4841.69311934649,76.3
Bosnia and Herzegovina,BIH,2009,3879794.0,4539.91863774968,76.701
Bosnia and Herzegovina,BIH,2010,3811472.0,4506.47828548389,76.827
Bosnia and Herzegovina,BIH,2011,3741798.0,4982.69375768263,76.963
Bosnia and Herzegovina,BIH,2012,3670113.0,4693.78899115381,77.037
Bosnia and Herzegovina,BIH,2013,3610859.0,5034.56634817068,77.129
Bosnia and Herzegovina,BIH,2014,3564829.0,5206.06573475132,77.089
Bosnia and Herzegovina,BIH,2015,3518541.0,4662.25869219448,77.073
Bosnia and Herzegovina,BIH,2016,3473003.0,4928.5665903114,77.124
Bosnia and Herzegovina,BIH,2017,3428682.0,5345.01978766473,77.385
Bosnia and Herzegovina,BIH,2018,3387000.0,6047.84707207392,77.942
Bosnia and Herzegovina,BIH,2019,3345533.0,6122.37541352353,77.394
Bosnia and Herzegovina,BIH,2020,3299349.0,6130.31187968266,76.04
Bosnia and Herzegovina,BIH,2021,3244907.0,7295.34378682258,74.567
Bosnia and Herzegovina,BIH,2022,3204802.0,7655.59421024383,76.777
Bosnia and Herzegovina,BIH,2023,3185073.0,8663.02326458629,77.85
Botswana,BWA,1960,516165.0,58.9180081084204,51.22
Botswana,BWA,1961,527942.0,62.3224006926623,51.781
Botswana,BWA,1962,540186.0,65.9864503023827,52.313
Botswana,BWA,1963,552966.0,68.8864104749411,52.848
Botswana,BWA,1964,566266.0,73.4925773235308,53.358
Botswana,BWA,1965,574664.0,79.6790756588049,53.853
Botswana,BWA,1966,577866.0,89.0615737768069,54.36
Botswana,BWA,1967,580933.0,100.945124635152,54.859
Botswana,BWA,1968,583966.0,113.445716733931,55.372
Botswana,BWA,1969,587066.0,131.776574536345,55.903
Botswana,BWA,1970,590334.0,163.031832252562,56.446
Botswana,BWA,1971,600481.0,212.244206736036,57.062
Botswana,BWA,1972,622407.0,264.233716807813,57.669
Botswana,BWA,1973,652408.0,374.189409146144,58.286
Botswana,BWA,1974,685448.0,446.487855432073,58.914
Botswana,BWA,1975,720380.0,493.029472690457,59.53
Botswana,BWA,1976,758508.0,490.469570533565,60.209
Botswana,BWA,1977,799574.0,564.831748249189,60.867
Botswana,BWA,1978,849239.0,695.219336897052,61.485
Botswana,BWA,1979,901742.0,909.207133285411,62.035
Botswana,BWA,1980,937485.0,1131.63379014463,62.527
Botswana,BWA,1981,969996.0,1107.02810145663,63.027
Botswana,BWA,1982,1009269.0,1005.62456165727,63.382
Botswana,BWA,1983,1046137.0,1120.53239354023,63.605
Botswana,BWA,1984,1083660.0,1145.02903810762,63.706
Botswana,BWA,1985,1121945.0,993.616748339174,63.647
Botswana,BWA,1986,1160650.0,1199.84677856226,63.363
Botswana,BWA,1987,1199167.0,1638.82669390133,62.837
Botswana,BWA,1988,1235476.0,2140.51439180359,61.696
Botswana,BWA,1989,1270274.0,2427.68261967121,61.189
Botswana,BWA,1990,1305696.0,2903.15381562611,60.104
Botswana,BWA,1991,1341756.0,2938.59442659608,58.911
Botswana,BWA,1992,1380033.0,3004.61263362306,58.19
Botswana,BWA,1993,1420115.0,2929.43119022452,57.316
Botswana,BWA,1994,1460023.0,2917.25514197806,55.97
Botswana,BWA,1995,1498836.0,3156.18194514079,54.713
Botswana,BWA,1996,1535914.0,3156.26865681161,54.284
Botswana,BWA,1997,1571691.0,3194.18106145858,53.594
Botswana,BWA,1998,1606899.0,2981.19639702109,52.968
Botswana,BWA,1999,1641997.0,3339.99596033431,52.499
Botswana,BWA,2000,1677382.0,3450.81180622992,52.263
Botswana,BWA,2001,1712254.0,3206.07123689853,52.21
Botswana,BWA,2002,1744763.0,3117.25087183011,52.373
Botswana,BWA,2003,1775736.0,4230.12326909926,52.851
Botswana,BWA,2004,1807146.0,4956.69287735214,53.573
Botswana,BWA,2005,1839877.0,5391.07076619634,54.386
Botswana,BWA,2006,1874516.0,5291.58379144849,55.112
Botswana,BWA,2007,1911201.0,5529.12574632532,56.735
Botswana,BWA,2008,1949970.0,5503.07395314313,57.661
Botswana,BWA,2009,1990673.0,5082.93388332404,58.297
Botswana,BWA,2010,2033111.0,6215.73216077919,59.137
Botswana,BWA,2011,2073535.0,7287.38295334919,59.715
Botswana,BWA,2012,2108617.0,6595.53845015424,60.384
Botswana,BWA,2013,2140682.0,6666.91219583487,61.217
Botswana,BWA,2014,2172044.0,7122.36423421503,62.167
Botswana,BWA,2015,2203273.0,6141.20394726616,63.215
Botswana,BWA,2016,2234776.0,6749.05994339013,64.32
Botswana,BWA,2017,2266747.0,7104.96401088027,65.42
Botswana,BWA,2018,2299141.0,7407.95940141786,66.371
Botswana,BWA,2019,2332083.0,7172.08956480028,67.167
Botswana,BWA,2020,2365894.0,6323.2974967659,67.643
Botswana,BWA,2021,2401441.0,7807.88794570471,63.303
Botswana,BWA,2022,2439892.0,8328.7090572666,68.749
Botswana,BWA,2023,2480244.0,7826.35376483298,69.163
Brazil,BRA,1960,72388126.0,235.266009502589,53.162
Brazil,BRA,1961,74605447.0,231.564063269854,53.594
Brazil,BRA,1962,76865323.0,250.200572910273,54.017
Brazil,BRA,1963,79164235.0,294.169619376733,54.452
Brazil,BRA,1964,81488595.0,257.259726897671,54.848
Brazil,BRA,1965,83817583.0,268.028760553723,55.243
Brazil,BRA,1966,86139359.0,328.343791519407,55.625
Brazil,BRA,1967,88446124.0,351.472600370379,56.016
Brazil,BRA,1968,90741240.0,373.925432639683,56.47
Brazil,BRA,1969,93045777.0,399.49841913391,56.898
Brazil,BRA,1970,95375651.0,443.799484982738,57.338
Brazil,BRA,1971,97739273.0,500.001988983361,57.786
Brazil,BRA,1972,100146797.0,583.492034946156,58.255
Brazil,BRA,1973,102600976.0,814.731780553415,58.681
Brazil,BRA,1974,105089675.0,1044.76980947499,59.081
Brazil,BRA,1975,107619565.0,1200.55823714607,59.556
Brazil,BRA,1976,110213349.0,1389.74952306555,60.007
Brazil,BRA,1977,112875292.0,1562.29143045708,60.461
Brazil,BRA,1978,115600942.0,1732.50012204556,60.922
Brazil,BRA,1979,118380821.0,1869.7133759549,61.365
Brazil,BRA,1980,121207461.0,1958.57159232662,61.819
Brazil,BRA,1981,124063109.0,2079.70908377484,62.267
Brazil,BRA,1982,126923155.0,2137.6250359394,62.708
Brazil,BRA,1983,129790077.0,1461.25582714178,63.133
Brazil,BRA,1984,132658864.0,1419.73154606978,63.553
Brazil,BRA,1985,135515595.0,1556.1297180511,63.98
Brazil,BRA,1986,138336370.0,1854.03775211919,64.389
Brazil,BRA,1987,141104944.0,2006.00226235757,64.785
Brazil,BRA,1988,143826357.0,2140.65027561164,65.161
Brazil,BRA,1989,146502972.0,2818.99277980122,65.514
Brazil,BRA,1990,149143223.0,2619.80141064047,65.862
Brazil,BRA,1991,151724256.0,2258.10454027063,66.203
Brazil,BRA,1992,154275079.0,2127.29083011489,66.539
Brazil,BRA,1993,156794577.0,2348.90635436384,66.892
Brazil,BRA,1994,159265006.0,3298.71491891786,67.293
Brazil,BRA,1995,161735073.0,4756.75013552302,67.701
Brazil,BRA,1996,164202549.0,5179.13052009976,68.108
Brazil,BRA,1997,166661659.0,5299.39794248133,68.505
Brazil,BRA,1998,169159655.0,5105.89246192003,68.848
Brazil,BRA,1999,171641543.0,3493.57192043228,69.211
Brazil,BRA,2000,174018282.0,3766.54786339835,69.584
Brazil,BRA,2001,176301203.0,3176.28975052524,69.98
Brazil,BRA,2002,178503484.0,2855.94017137049,70.396
Brazil,BRA,2003,180622688.0,3090.6068907839,70.884
Brazil,BRA,2004,182675143.0,3663.82262497811,71.361
Brazil,BRA,2005,184688101.0,4827.78165890291,71.832
Brazil,BRA,2006,186653106.0,5934.14561857454,72.296
Brazil,BRA,2007,188552320.0,7409.69003822861,72.73
Brazil,BRA,2008,190367302.0,8908.33338467948,73.111
Brazil,BRA,2009,192079951.0,8678.6584730653,73.457
Brazil,BRA,2010,193701929.0,11403.2840038694,73.779
Brazil,BRA,2011,195284734.0,13396.6263158041,74.047
Brazil,BRA,2012,196876111.0,12521.7238454434,74.335
Brazil,BRA,2013,198478299.0,12458.8903396625,74.609
Brazil,BRA,2014,200085127.0,12274.9941630213,74.823
Brazil,BRA,2015,201675532.0,8936.1955889444,75.106
Brazil,BRA,2016,203218114.0,8836.28546025694,75.081
Brazil,BRA,2017,204703445.0,10080.5078722821,75.383
Brazil,BRA,2018,206107261.0,9300.66072904004,75.633
Brazil,BRA,2019,207455459.0,9029.83304401079,75.809
Brazil,BRA,2020,208660842.0,7074.19407495707,74.506
Brazil,BRA,2021,209550294.0,7972.53696080695,73.038
Brazil,BRA,2022,210306415.0,9281.33282136864,74.872
Brazil,BRA,2023,211140729.0,10377.5897719195,75.848
Brunei Darussalam,BRN,1965,110838.0,1028.88450343084,61.721
Brunei Darussalam,BRN,1966,115874.0,1145.70592233266,62.401
Brunei Darussalam,BRN,1967,121017.0,1148.84303232869,62.909
Brunei Darussalam,BRN,1968,126222.0,1274.0903793851,63.47
Brunei Darussalam,BRN,1969,131446.0,1226.43698889034,63.963
Brunei Darussalam,BRN,1970,135138.0,1325.15598362979,64.49
Brunei Darussalam,BRN,1971,137921.0,1432.16600656705,64.975
Brunei Darussalam,BRN,1972,142189.0,1904.66760457331,65.447
Brunei Darussalam,BRN,1973,147369.0,2938.85095702716,65.95
Brunei Darussalam,BRN,1974,152656.0,15194.792305663,66.442
Brunei Darussalam,BRN,1975,158070.0,15793.1312553958,66.95
Brunei Darussalam,BRN,1976,163607.0,18671.3624129294,67.411
Brunei Darussalam,BRN,1977,169277.0,21746.8559126458,67.833
Brunei Darussalam,BRN,1978,174884.0,23446.5341231193,68.258
Brunei Darussalam,BRN,1979,180422.0,33501.2782714145,68.642
Brunei Darussalam,BRN,1980,186111.0,58005.3424763282,69.014
Brunei Darussalam,BRN,1981,191977.0,48793.4422577232,69.344
Brunei Darussalam,BRN,1982,198165.0,45074.5499241983,69.669
Brunei Darussalam,BRN,1983,204741.0,38720.0939254718,69.991
Brunei Darussalam,BRN,1984,211661.0,36061.3815259405,70.236
Brunei Darussalam,BRN,1985,218919.0,31827.4059557344,70.499
Brunei Darussalam,BRN,1986,226495.0,18500.5408625966,70.762
Brunei Darussalam,BRN,1987,233860.0,21029.7189772961,70.982
Brunei Darussalam,BRN,1988,240913.0,18824.7637309359,71.183
Brunei Darussalam,BRN,1989,248064.0,20090.0690184766,71.408
Brunei Darussalam,BRN,1990,255292.0,23658.7166330381,71.629
Brunei Darussalam,BRN,1991,262596.0,23932.1897281583,71.858
Brunei Darussalam,BRN,1992,269839.0,23450.8964055243,72.09
Brunei Darussalam,BRN,1993,276971.0,22397.0737447404,72.333
Brunei Darussalam,BRN,1994,284091.0,22766.587177075,72.571
Brunei Darussalam,BRN,1995,291195.0,26443.2564746713,72.838
Brunei Darussalam,BRN,1996,298276.0,25692.2357348562,73.079
Brunei Darussalam,BRN,1997,305341.0,25522.3975038009,73.326
Brunei Darussalam,BRN,1998,312385.0,17769.2463451942,73.584
Brunei Darussalam,BRN,1999,319411.0,19752.2013255542,73.806
Brunei Darussalam,BRN,2000,326424.0,20130.2572346624,74.017
Brunei Darussalam,BRN,2001,333345.0,18287.8272281914,74.209
Brunei Darussalam,BRN,2002,340099.0,18621.2922577525,74.365
Brunei Darussalam,BRN,2003,346637.0,20677.9001143188,74.509
Brunei Darussalam,BRN,2004,352911.0,24423.0946995548,74.603
Brunei Darussalam,BRN,2005,358916.0,29386.2703822862,74.683
Brunei Darussalam,BRN,2006,364663.0,34674.7995236452,74.753
Brunei Darussalam,BRN,2007,370873.0,36217.3290706015,74.793
Brunei Darussalam,BRN,2008,377793.0,42156.5685838672,74.814
Brunei Darussalam,BRN,2009,384952.0,30946.4673773828,74.814
Brunei Darussalam,BRN,2010,392332.0,34937.5555357155,74.82
Brunei Darussalam,BRN,2011,399389.0,46382.8274255349,74.835
Brunei Darussalam,BRN,2012,405557.0,46968.5971164922,74.843
Brunei Darussalam,BRN,2013,411202.0,44003.0644273461,74.854
Brunei Darussalam,BRN,2014,416750.0,41026.5084247957,74.862
Brunei Darussalam,BRN,2015,422212.0,30625.1287744656,74.88
Brunei Darussalam,BRN,2016,427564.0,26663.2972950602,74.905
Brunei Darussalam,BRN,2017,432772.0,28024.3824580252,74.943
Brunei Darussalam,BRN,2018,437810.0,30988.1190267227,74.992
Brunei Darussalam,BRN,2019,442680.0,30426.5730656528,75.049
Brunei Darussalam,BRN,2020,447404.0,26834.3592233943,75.114
Brunei Darussalam,BRN,2021,451721.0,31006.9636289785,74.869
Brunei Darussalam,BRN,2022,455370.0,36632.9280952155,72.917
Brunei Darussalam,BRN,2023,458949.0,32890.5491812019,75.327
Bulgaria,BGR,1980,8861535.0,2238.80295786574,71.1575609756098
Bulgaria,BGR,1981,8891117.0,2234.81481573125,71.5719512195122
Bulgaria,BGR,1982,8917457.0,2169.00401089683,71.1860975609756
Bulgaria,BGR,1983,8939738.0,1852.81343442802,71.3863414634146
Bulgaria,BGR,1984,8960679.0,1963.57267618274,71.499756097561
Bulgaria,BGR,1985,8960547.0,1914.55064658793,71.2280487804878
Bulgaria,BGR,1986,8958171.0,2260.4272811545,71.7307317073171
Bulgaria,BGR,1987,8971359.0,3132.30136036246,71.5268292682927
Bulgaria,BGR,1988,8981446.0,2511.39306259489,71.6043902439024
Bulgaria,BGR,1989,8876972.0,2477.0208179596,71.7224390243903
Bulgaria,BGR,1990,8718289.0,2366.52982128614,71.6414634146342
Bulgaria,BGR,1991,8632367.0,883.736578319325,71.5609756097561
Bulgaria,BGR,1992,8540164.0,1007.34454544881,71.4943902439024
Bulgaria,BGR,1993,8472313.0,1278.52511370319,71.3468292682927
Bulgaria,BGR,1994,8443591.0,1149.89464008734,71.2087804878049
Bulgaria,BGR,1995,8406067.0,2259.25922555221,71.0534146341463
Bulgaria,BGR,1996,8362826.0,1470.19259250682,70.8973170731707
Bulgaria,BGR,1997,8312068.0,1361.40938439884,70.3512195121951
Bulgaria,BGR,1998,8256786.0,1820.44866449942,71.0609756097561
Bulgaria,BGR,1999,8210624.0,1660.9089125393,71.4121951219512
Bulgaria,BGR,2000,8170172.0,1621.26210738992,71.6634146341463
Bulgaria,BGR,2001,8009142.0,1770.90704918691,71.7682926829268
Bulgaria,BGR,2002,7837161.0,2092.98288625558,71.8658536585366
Bulgaria,BGR,2003,7775327.0,2719.49436859287,72.0658536585366
Bulgaria,BGR,2004,7716860.0,3389.68743360274,72.5634146341463
Bulgaria,BGR,2005,7658972.0,3899.82596332878,72.5609756097561
Bulgaria,BGR,2006,7601022.0,4523.1465578805,72.6121951219512
Bulgaria,BGR,2007,7545338.0,5888.57081403932,72.6634146341463
Bulgaria,BGR,2008,7492561.0,7271.30338858025,72.9634146341463
Bulgaria,BGR,2009,7444443.0,6988.27316296465,73.4121951219512
Bulgaria,BGR,2010,7395599.0,6853.94805511171,73.5121951219512
Bulgaria,BGR,2011,7348328.0,7849.58061302818,74.1634146341463
Bulgaria,BGR,2012,7305888.0,7431.95789508871,74.3146341463415
Bulgaria,BGR,2013,7160005.0,7795.98092108928,74.8609756097561
Bulgaria,BGR,2014,7073572.0,8069.60005667684,74.4658536585366
Bulgaria,BGR,2015,6984225.0,7268.65445473873,74.6146341463415
Bulgaria,BGR,2016,6894139.0,7822.49923292968,74.8121951219512
Bulgaria,BGR,2017,6803468.0,8696.68930427924,74.8146341463415
Bulgaria,BGR,2018,6710798.0,9849.38397225174,74.9634146341464
Bulgaria,BGR,2019,6616726.0,10353.7204584127,75.1121951219512
Bulgaria,BGR,2020,6550696.0,10760.211975413,73.3560975609756
Bulgaria,BGR,2021,6507301.0,12966.1457543396,71.2121951219512
Bulgaria,BGR,2022,6465097.0,13999.1949530956,74.1609756097561
Bulgaria,BGR,2023,6446596.0,15853.208636704,75.7073170731707
Burkina Faso,BFA,1960,4778621.0,69.1502456087615,36.074
Burkina Faso,BFA,1961,4848224.0,72.2423787062462,36.361
Burkina Faso,BFA,1962,4919672.0,77.1529279288175,36.753
Burkina Faso,BFA,1963,4993623.0,78.9087736712073,37.093
Burkina Faso,BFA,1964,5071034.0,80.9147887718582,37.399
Burkina Faso,BFA,1965,5152833.0,82.0746159924647,37.758
Burkina Faso,BFA,1966,5237933.0,82.8360664864243,38.091
Burkina Faso,BFA,1967,5326348.0,84.6272011419546,38.432
Burkina Faso,BFA,1968,5418644.0,84.9737848392287,38.76
Burkina Faso,BFA,1969,5513177.0,86.7555395725224,39.023
Burkina Faso,BFA,1970,5610304.0,81.707563219742,39.54
Burkina Faso,BFA,1971,5707999.0,84.5149375676447,39.853
Burkina Faso,BFA,1972,5807234.0,99.6335814933813,40.399
Burkina Faso,BFA,1973,5911927.0,114.137669473515,40.947
Burkina Faso,BFA,1974,6024904.0,124.671435503255,41.711
Burkina Faso,BFA,1975,6147569.0,152.901529606747,42.486
Burkina Faso,BFA,1976,6280635.0,155.485422740659,43.327
Burkina Faso,BFA,1977,6428734.0,175.963864454284,44.167
Burkina Faso,BFA,1978,6590984.0,223.879111971163,44.995
Burkina Faso,BFA,1979,6763903.0,258.501729034845,45.702
Burkina Faso,BFA,1980,6947900.0,277.597531370181,46.465
Burkina Faso,BFA,1981,7140271.0,248.707973908892,46.866
Burkina Faso,BFA,1982,7340197.0,239.019483569339,47.633
Burkina Faso,BFA,1983,7551129.0,211.925740542196,48.061
Burkina Faso,BFA,1984,7772256.0,187.832224278391,48.464
Burkina Faso,BFA,1985,7999935.0,194.063226299244,48.748
Burkina Faso,BFA,1986,8228847.0,247.459134637104,48.987
Burkina Faso,BFA,1987,8457109.0,280.218092226592,49.097
Burkina Faso,BFA,1988,8687435.0,301.129214663833,49.215
Burkina Faso,BFA,1989,8921175.0,293.188703727147,49.27
Burkina Faso,BFA,1990,9159356.0,338.593759055128,49.315
Burkina Faso,BFA,1991,9394632.0,333.70605512636,49.33
Burkina Faso,BFA,1992,9629275.0,348.592443894547,49.378
Burkina Faso,BFA,1993,9871713.0,324.111576707435,49.412
Burkina Faso,BFA,1994,10123798.0,187.21142372606,49.469
Burkina Faso,BFA,1995,10386722.0,229.092294496817,49.554
Burkina Faso,BFA,1996,10655942.0,242.733171352672,49.693
Burkina Faso,BFA,1997,10934223.0,223.853958525611,49.56
Burkina Faso,BFA,1998,11240664.0,249.53173292493,50.163
Burkina Faso,BFA,1999,11574928.0,292.836958697313,50.463
Burkina Faso,BFA,2000,11925546.0,248.908526921752,50.808
Burkina Faso,BFA,2001,12295001.0,259.485223380436,51.188
Burkina Faso,BFA,2002,12680897.0,285.654087637533,51.447
Burkina Faso,BFA,2003,13082532.0,362.373899996953,51.959
Burkina Faso,BFA,2004,13500533.0,403.81283743461,52.6
Burkina Faso,BFA,2005,13932123.0,441.164148016012,53.271
Burkina Faso,BFA,2006,14373707.0,455.513655620024,53.784
Burkina Faso,BFA,2007,14816307.0,514.684451177238,54.377
Burkina Faso,BFA,2008,15258093.0,619.437533256264,55.199
Burkina Faso,BFA,2009,15710066.0,601.569520671859,55.791
Burkina Faso,BFA,2010,16176498.0,624.957252224766,56.343
Burkina Faso,BFA,2011,16661908.0,725.024767725475,57.001
Burkina Faso,BFA,2012,17172287.0,731.470138867833,57.457
Burkina Faso,BFA,2013,17695409.0,759.762065168498,57.903
Burkina Faso,BFA,2014,18229461.0,764.861675106225,58.331
Burkina Faso,BFA,2015,18777487.0,630.124750752312,58.778
Burkina Faso,BFA,2016,19334856.0,663.742364842886,59.173
Burkina Faso,BFA,2017,19894407.0,709.091535894695,59.578
Burkina Faso,BFA,2018,20438288.0,777.465618514048,59.972
Burkina Faso,BFA,2019,20961952.0,764.853077774946,60.184
Burkina Faso,BFA,2020,21478690.0,825.237038782475,60.454
Burkina Faso,BFA,2021,21995243.0,895.535288442991,60.046
Burkina Faso,BFA,2022,22509038.0,827.330843486661,60.7
Burkina Faso,BFA,2023,23025776.0,873.482589651003,61.092
Burundi,BDI,1960,2764258.0,70.9051000304602,43.262
Burundi,BDI,1961,2835119.0,71.601929936627,43.364
Burundi,BDI,1962,2907943.0,73.4195979769892,43.492
Burundi,BDI,1963,2969841.0,78.3711983234119,43.559
Burundi,BDI,1964,3055650.0,85.3337286665685,43.601
Burundi,BDI,1965,3141367.0,50.613304005219,41.844
Burundi,BDI,1966,3217960.0,51.4128738171299,43.529
Burundi,BDI,1967,3300690.0,54.0181425269089,43.332
Burundi,BDI,1968,3380387.0,54.1949782672812,43.405
Burundi,BDI,1969,3454590.0,55.058838902942,43.0
Burundi,BDI,1970,3530432.0,68.7543539795049,43.225
Burundi,BDI,1971,3617289.0,69.8982817558359,43.172
Burundi,BDI,1972,3617128.0,68.2321917909931,25.777
Burundi,BDI,1973,3611991.0,84.2581069284158,37.409
Burundi,BDI,1974,3703590.0,93.2240048340913,43.337
Burundi,BDI,1975,3796612.0,110.884827490053,43.445
Burundi,BDI,1976,3882626.0,115.492131774523,43.691
Burundi,BDI,1977,3983582.0,137.448044387076,43.97
Burundi,BDI,1978,4100338.0,148.823232512919,44.404
Burundi,BDI,1979,4203530.0,186.152273604962,45.038
Burundi,BDI,1980,4383706.0,209.805736668168,45.731
Burundi,BDI,1981,4566014.0,212.23033189707,46.412
Burundi,BDI,1982,4681390.0,216.43619143507,47.012
Burundi,BDI,1983,4808528.0,225.209524508283,47.433
Burundi,BDI,1984,4926465.0,200.375711827241,47.687
Burundi,BDI,1985,5034042.0,228.440542564696,47.662
Burundi,BDI,1986,5129414.0,234.281244809988,47.402
Burundi,BDI,1987,5247787.0,215.608311467483,47.066
Burundi,BDI,1988,5365327.0,201.740400815807,42.889
Burundi,BDI,1989,5471706.0,203.578944192449,45.745
Burundi,BDI,1990,5587052.0,202.629446176297,45.184
Burundi,BDI,1991,5703857.0,204.668258398817,44.66
Burundi,BDI,1992,5858407.0,184.868970456447,44.469
Burundi,BDI,1993,5676843.0,165.344120319403,37.221
Burundi,BDI,1994,5713854.0,161.892584261635,44.515
Burundi,BDI,1995,6066316.0,164.915311679326,44.589
Burundi,BDI,1996,6070506.0,143.156741187159,44.807
Burundi,BDI,1997,6070042.0,160.278342046962,45.721
Burundi,BDI,1998,6187108.0,144.456948255536,46.678
Burundi,BDI,1999,6337155.0,127.51419578119,47.627
Burundi,BDI,2000,6470194.0,134.537861752389,47.617
Burundi,BDI,2001,6634365.0,132.159554541932,48.509
Burundi,BDI,2002,6824132.0,120.952308575468,49.924
Burundi,BDI,2003,7043154.0,111.406682804391,50.997
Burundi,BDI,2004,7310656.0,125.194965184533,52.217
Burundi,BDI,2005,7587299.0,147.234619294225,53.053
Burundi,BDI,2006,7865547.0,161.892755640319,53.962
Burundi,BDI,2007,8161874.0,166.162744906755,54.832
Burundi,BDI,2008,8505637.0,189.502074570768,55.581
Burundi,BDI,2009,8947646.0,198.431524048225,56.422
Burundi,BDI,2010,9376444.0,216.727705301976,57.088
Burundi,BDI,2011,9717978.0,230.069761381132,57.804
Burundi,BDI,2012,10071028.0,231.098787811507,58.501
Burundi,BDI,2013,10439341.0,234.844770150871,59.179
Burundi,BDI,2014,10799785.0,250.544492155185,59.764
Burundi,BDI,2015,11047580.0,254.402585226788,60.107
Burundi,BDI,2016,11239451.0,232.937812100153,60.789
Burundi,BDI,2017,11506762.0,246.060725714184,61.345
Burundi,BDI,2018,11859446.0,245.661678332009,61.806
Burundi,BDI,2019,12255336.0,234.31061590725,62.18
Burundi,BDI,2020,12617036.0,255.8324539389,62.569
Burundi,BDI,2021,12965481.0,264.980379269655,62.101
Burundi,BDI,2022,13321097.0,302.992505263552,62.882
Burundi,BDI,2023,13689450.0,250.627253097255,63.651
Cabo Verde,CPV,1980,323301.0,439.982602420059,61.031
Cabo Verde,CPV,1981,327846.0,425.407688720331,61.299
Cabo Verde,CPV,1982,332724.0,422.664667963472,61.519
Cabo Verde,CPV,1983,337654.0,410.112646734121,61.767
Cabo Verde,CPV,1984,342505.0,385.451419954827,61.829
Cabo Verde,CPV,1985,347365.0,396.494191452033,62.281
Cabo Verde,CPV,1986,352312.0,541.142985647338,62.584
Cabo Verde,CPV,1987,357302.0,658.415191378217,62.91
Cabo Verde,CPV,1988,362329.0,729.470012847852,63.242
Cabo Verde,CPV,1989,367803.0,727.151685588784,63.566
Cabo Verde,CPV,1990,375428.0,817.442925539738,63.869
Cabo Verde,CPV,1991,384586.0,831.61388764249,64.066
Cabo Verde,CPV,1992,393415.0,907.847909529157,64.253
Cabo Verde,CPV,1993,401965.0,1220.04997868613,64.458
Cabo Verde,CPV,1994,410228.0,991.108974352157,64.648
Cabo Verde,CPV,1995,418104.0,1165.13832331934,63.691
Cabo Verde,CPV,1996,425581.0,1179.51522705182,65.521
Cabo Verde,CPV,1997,432798.0,1133.57422614008,66.082
Cabo Verde,CPV,1998,439784.0,1186.74294773086,66.714
Cabo Verde,CPV,1999,446519.0,1326.74466945164,67.409
Cabo Verde,CPV,2000,453317.0,1189.51479345891,68.117
Cabo Verde,CPV,2001,460293.0,1223.33055331575,68.707
Cabo Verde,CPV,2002,467046.0,1328.57874270666,69.447
Cabo Verde,CPV,2003,473383.0,1717.97565369655,70.006
Cabo Verde,CPV,2004,479370.0,1929.49081468781,70.499
Cabo Verde,CPV,2005,485115.0,2004.14680417563,70.936
Cabo Verde,CPV,2006,490728.0,2256.99666191075,71.341
Cabo Verde,CPV,2007,496190.0,3324.57675212498,71.487
Cabo Verde,CPV,2008,501355.0,3908.64885822576,71.888
Cabo Verde,CPV,2009,506141.0,3659.72046361628,72.142
Cabo Verde,CPV,2010,509784.0,3579.46006137809,72.507
Cabo Verde,CPV,2011,511447.0,4002.01386888785,72.913
Cabo Verde,CPV,2012,511955.0,3736.81517011087,73.315
Cabo Verde,CPV,2013,512225.0,3960.97596791345,73.481
Cabo Verde,CPV,2014,512326.0,3985.60706548134,73.788
Cabo Verde,CPV,2015,512394.0,3415.06266730931,74.096
Cabo Verde,CPV,2016,512554.0,3608.96605234906,74.35
Cabo Verde,CPV,2017,512893.0,3893.09571382506,74.71
Cabo Verde,CPV,2018,513415.0,4294.96510035729,74.84
Cabo Verde,CPV,2019,514104.0,4380.78117331128,75.449
Cabo Verde,CPV,2020,514679.0,3539.22661248299,73.818
Cabo Verde,CPV,2021,516649.0,3971.44409203423,74.424
Cabo Verde,CPV,2022,519741.0,4323.31362032709,75.907
Cabo Verde,CPV,2023,522331.0,4794.90121917259,76.059
Cambodia,KHM,1975,6581371.0,113.825789208758,12.784
Cambodia,KHM,1976,6134991.0,128.827777341533,11.632
Cambodia,KHM,1977,5668551.0,126.357117453489,11.295
Cambodia,KHM,1978,5211653.0,147.101573366096,11.573
Cambodia,KHM,1979,5088808.0,142.221617062037,41.072
Cambodia,KHM,1980,5199872.0,143.154317973128,47.498
Cambodia,KHM,1981,5284495.0,154.253841174151,48.035
Cambodia,KHM,1982,5436432.0,159.206634020357,48.755
Cambodia,KHM,1983,5636203.0,166.65319934361,49.383
Cambodia,KHM,1984,5845117.0,174.705837134358,50.089
Cambodia,KHM,1985,6043783.0,182.446852317187,50.799
Cambodia,KHM,1986,6285693.0,185.759997798349,51.555
Cambodia,KHM,1987,6557970.0,158.124375446975,53.674
Cambodia,KHM,1988,6812014.0,244.109577464605,54.433
Cambodia,KHM,1989,7073473.0,191.297492431658,54.768
Cambodia,KHM,1990,7374752.0,190.181470036159,55.205
Cambodia,KHM,1991,7686850.0,267.336306726982,55.582
Cambodia,KHM,1992,8113083.0,307.094922385136,55.747
Cambodia,KHM,1993,8616381.0,294.059372727558,56.036
Cambodia,KHM,1994,9239162.0,302.1307854832,56.221
Cambodia,KHM,1995,10018497.0,343.485224671585,56.562
Cambodia,KHM,1996,10801270.0,324.655870983004,56.832
Cambodia,KHM,1997,11570982.0,297.59041960803,57.266
Cambodia,KHM,1998,12058173.0,258.780953189377,57.859
Cambodia,KHM,1999,12265731.0,286.753596443196,58.611
Cambodia,KHM,2000,12462336.0,296.426687526334,59.491
Cambodia,KHM,2001,12658484.0,327.500984314444,60.457
Cambodia,KHM,2002,12855241.0,350.147276634294,61.395
Cambodia,KHM,2003,13050968.0,386.691123931778,62.345
Cambodia,KHM,2004,13244731.0,444.199067529081,63.256
Cambodia,KHM,2005,13439202.0,525.797325120926,64.113
Cambodia,KHM,2006,13639028.0,612.252648550727,64.886
Cambodia,KHM,2007,13841770.0,731.692295125426,65.549
Cambodia,KHM,2008,14053479.0,866.283999789749,66.147
Cambodia,KHM,2009,14276810.0,875.748936193569,66.747
Cambodia,KHM,2010,14500726.0,952.274616324008,67.311
Cambodia,KHM,2011,14722584.0,1088.98152823081,67.869
Cambodia,KHM,2012,14945085.0,1192.80263041673,68.371
Cambodia,KHM,2013,15170208.0,1305.6600972686,68.755
Cambodia,KHM,2014,15396772.0,1431.56396469993,69.117
Cambodia,KHM,2015,15623251.0,1547.32010444393,69.398
Cambodia,KHM,2016,15852803.0,1675.19555711109,69.635
Cambodia,KHM,2017,16073372.0,1826.35391688754,69.842
Cambodia,KHM,2018,16274522.0,2036.67377566578,69.993
Cambodia,KHM,2019,16481304.0,2225.87705485686,70.127
Cambodia,KHM,2020,16725474.0,2081.73914242939,70.059
Cambodia,KHM,2021,16974305.0,2167.40324198499,69.301
Cambodia,KHM,2022,17201724.0,2325.03050040841,70.528
Cambodia,KHM,2023,17423880.0,2429.74853452838,70.668
Cameroon,CMR,1960,5159057.0,119.05394115577,34.667
Cameroon,CMR,1961,5239273.0,124.593165563331,35.186
Cameroon,CMR,1962,5338620.0,130.042569873656,42.599
Cameroon,CMR,1963,5456623.0,131.642014675439,43.074
Cameroon,CMR,1964,5578257.0,139.228109587718,43.596
Cameroon,CMR,1965,5704686.0,142.704307565995,44.175
Cameroon,CMR,1966,5837295.0,145.80598283154,44.839
Cameroon,CMR,1967,5977318.0,156.621290691062,45.602
Cameroon,CMR,1968,6125863.0,170.782666507465,46.389
Cameroon,CMR,1969,6283462.0,175.150496434432,47.191
Cameroon,CMR,1970,6449793.0,178.488982961305,47.954
Cameroon,CMR,1971,6624408.0,186.724820408777,48.577
Cameroon,CMR,1972,6806872.0,220.108720960652,49.12
Cameroon,CMR,1973,6996660.0,271.757290053085,49.517
Cameroon,CMR,1974,7193583.0,299.908339494791,49.734
Cameroon,CMR,1975,7397120.0,386.236450275088,49.891
Cameroon,CMR,1976,7597962.0,381.429915266252,50.017
Cameroon,CMR,1977,7796501.0,435.408656274786,50.13
Cameroon,CMR,1978,8011921.0,581.989336032215,50.319
Cameroon,CMR,1979,8239641.0,718.356902030319,50.535
Cameroon,CMR,1980,8512219.0,784.116227118122,50.852
Cameroon,CMR,1981,8816377.0,749.847541304586,51.227
Cameroon,CMR,1982,9028678.0,732.250719743892,51.801
Cameroon,CMR,1983,9215397.0,745.513189491527,52.447
Cameroon,CMR,1984,9475078.0,771.702146026357,52.886
Cameroon,CMR,1985,9761730.0,875.337721693686,53.465
Cameroon,CMR,1986,10060342.0,1178.59374950439,53.572
Cameroon,CMR,1987,10370749.0,1258.31412766207,54.188
Cameroon,CMR,1988,10684968.0,1145.16555992416,54.359
Cameroon,CMR,1989,11002745.0,1000.89261316386,54.389
Cameroon,CMR,1990,11331821.0,1086.71700937081,54.348
Cameroon,CMR,1991,11667180.0,1014.82897292999,54.168
Cameroon,CMR,1992,12006353.0,1005.44897647465,54.053
Cameroon,CMR,1993,12353131.0,1309.93629975506,53.872
Cameroon,CMR,1994,12704903.0,700.70950185009,53.537
Cameroon,CMR,1995,13058516.0,832.006674487689,53.347
Cameroon,CMR,1996,13414757.0,826.965322327363,53.2
Cameroon,CMR,1997,13775214.0,783.251601945462,53.105
Cameroon,CMR,1998,14144860.0,798.745621406677,53.043
Cameroon,CMR,1999,14525140.0,796.262649784591,53.166
Cameroon,CMR,2000,14912631.0,708.565731625965,53.338
Cameroon,CMR,2001,15309490.0,715.470296470585,53.598
Cameroon,CMR,2002,15725528.0,789.623811072554,53.922
Cameroon,CMR,2003,16160340.0,988.241276791846,54.253
Cameroon,CMR,2004,16610487.0,1133.39326749673,54.578
Cameroon,CMR,2005,17074594.0,1142.62466252106,54.904
Cameroon,CMR,2006,17550407.0,1191.45458990968,55.301
Cameroon,CMR,2007,18049896.0,1325.67248215933,55.71
Cameroon,CMR,2008,18574056.0,1492.14269801453,56.116
Cameroon,CMR,2009,19113974.0,1461.38999232337,56.486
Cameroon,CMR,2010,19668066.0,1398.58702025047,56.965
Cameroon,CMR,2011,20232304.0,1513.96056994878,57.482
Cameroon,CMR,2012,20809529.0,1449.09874362279,58.17
Cameroon,CMR,2013,21402376.0,1575.92882118897,58.73
Cameroon,CMR,2014,22059893.0,1649.4433905949,59.13
Cameroon,CMR,2015,22763414.0,1415.00009710569,59.687
Cameroon,CMR,2016,23454161.0,1441.7201725688,60.293
Cameroon,CMR,2017,24128601.0,1496.08951771242,60.817
Cameroon,CMR,2018,24806383.0,1610.69641591017,61.189
Cameroon,CMR,2019,25506095.0,1555.22660476477,61.695
Cameroon,CMR,2020,26210558.0,1555.60370660749,61.674
Cameroon,CMR,2021,26915758.0,1672.32657340872,61.146
Cameroon,CMR,2022,27632771.0,1604.87726954895,62.443
Cameroon,CMR,2023,28372687.0,1720.47510154506,63.7
Canada,CAN,1960,17909356.0,2264.94849658191,71.1331707317073
Canada,CAN,1961,18271000.0,2246.08356619252,71.3460975609756
Canada,CAN,1962,18614000.0,2274.4284708191,71.3670731707317
Canada,CAN,1963,18964000.0,2380.31732899108,71.3807317073171
Canada,CAN,1964,19325000.0,2561.63849088572,71.7763414634146
Canada,CAN,1965,19678000.0,2777.18317301162,71.8721951219512
Canada,CAN,1966,20048000.0,3055.28807884507,72.0043902439024
Canada,CAN,1967,20412000.0,3226.38273682011,72.2078048780488
Canada,CAN,1968,20744000.0,3473.23722551871,72.3534146341463
Canada,CAN,1969,21028000.0,3776.15613110238,72.5014634146341
Canada,CAN,1970,21324000.0,4135.82149842006,72.7004878048781
Canada,CAN,1971,21962032.0,4535.39338907773,73.0292682926829
Canada,CAN,1972,22218463.0,5106.73708049128,72.9339024390244
Canada,CAN,1973,22491777.0,5858.33407318788,73.1626829268293
Canada,CAN,1974,22807969.0,7056.70847496589,73.2375609756098
Canada,CAN,1975,23143275.0,7536.52009823861,73.5217073170732
Canada,CAN,1976,23449808.0,8838.94710677652,73.8560975609756
Canada,CAN,1977,23725843.0,8949.10989272982,74.2156097560976
Canada,CAN,1978,23963203.0,9154.43325277735,74.529756097561
Canada,CAN,1979,24201544.0,10077.5026707269,74.8663414634146
Canada,CAN,1980,24515667.0,11208.2027394178,75.1021951219512
Canada,CAN,1981,24819915.0,12379.0368643833,75.4978048780488
Canada,CAN,1982,25116942.0,12527.3135323802,75.7251219512195
Canada,CAN,1983,25366451.0,13477.1031699599,76.0604878048781
Canada,CAN,1984,25607053.0,13930.4745502555,76.3319512195122
Canada,CAN,1985,25842116.0,14170.1249406067,76.3273170731707
Canada,CAN,1986,26100278.0,14521.1800806,76.4639024390244
Canada,CAN,1987,26446601.0,16377.6902109541,76.7787804878049
Canada,CAN,1988,26791747.0,19012.5723278349,76.8587804878049
Canada,CAN,1989,27276781.0,20794.682233334,77.1248780487805
Canada,CAN,1990,27691138.0,21525.8611387148,77.4365853658537
Canada,CAN,1991,28037420.0,21846.7930471354,77.5934146341464
Canada,CAN,1992,28371264.0,20950.3305287651,77.8380487804878
Canada,CAN,1993,28684764.0,20186.7988782965,77.7048780487805
Canada,CAN,1994,29000663.0,19997.6237373354,77.8717073170732
Canada,CAN,1995,29302311.0,20679.634792669,77.9773170731707
Canada,CAN,1996,29610218.0,21296.9723536904,78.220243902439
Canada,CAN,1997,29905948.0,21901.5628548392,78.4124390243903
Canada,CAN,1998,30155173.0,21024.5850687045,78.6236585365854
Canada,CAN,1999,30401286.0,22315.2466731545,78.8390243902439
Canada,CAN,2000,30685730.0,24271.0020563821,79.1668292682927
Canada,CAN,2001,31020855.0,23822.096210932,79.3980487804878
Canada,CAN,2002,31359199.0,24256.0192337185,79.5307317073171
Canada,CAN,2003,31642461.0,28301.8645937428,79.7151219512195
Canada,CAN,2004,31938807.0,32145.5412620217,79.9921951219512
Canada,CAN,2005,32242732.0,36383.6600068095,80.1126829268293
Canada,CAN,2006,32571193.0,40504.0370977806,80.5436585365854
Canada,CAN,2007,32888886.0,44660.0838892281,80.5436585365854
Canada,CAN,2008,33247298.0,46710.2526864484,80.7246341463415
Canada,CAN,2009,33630069.0,40874.8831932903,81.0660975609756
Canada,CAN,2010,34005902.0,47560.6666009406,81.3221951219512
Canada,CAN,2011,34339221.0,52223.8588398531,81.4826829268293
Canada,CAN,2012,34713395.0,52670.3447335415,81.6636585365854
Canada,CAN,2013,35080992.0,52638.1187235237,81.7448780487805
Canada,CAN,2014,35434066.0,50960.8431174661,81.7843902439025
Canada,CAN,2015,35704498.0,43594.1941045394,81.8258536585366
Canada,CAN,2016,36110803.0,42314.0615817218,81.94
Canada,CAN,2017,36545075.0,45129.628116623,81.8129268292683
Canada,CAN,2018,37072620.0,46539.1761570405,81.8087804878049
Canada,CAN,2019,37618495.0,46352.8693445211,82.1636585365854
Canada,CAN,2020,38028638.0,43537.839298904,81.5351219512195
Canada,CAN,2021,38239864.0,52886.6616372703,81.5168292682927
Canada,CAN,2022,38935934.0,56256.8007264015,81.2453658536585
Canada,CAN,2023,40083484.0,54220.3285039875,81.6465853658537
Caribbean small states,CSS,1960,2558348.0,455.490441600162,60.296075668361
Caribbean small states,CSS,1961,2614258.0,486.571129974937,60.6711127417416
Caribbean small states,CSS,1962,2670187.0,507.847334102197,61.3667549797074
Caribbean small states,CSS,1963,2728278.0,530.733580669034,61.7172822835503
Caribbean small states,CSS,1964,2784804.0,555.235936722189,62.1169378577451
Caribbean small states,CSS,1965,2839698.0,584.032636917524,62.4278990121485
Caribbean small states,CSS,1966,2894435.0,609.204934699445,62.6884918476318
Caribbean small states,CSS,1967,2948759.0,654.511741813167,62.9192125043111
Caribbean small states,CSS,1968,3002786.0,659.557119858247,63.1479760026189
Caribbean small states,CSS,1969,3055925.0,704.371934968721,63.33755991721
Caribbean small states,CSS,1970,3104308.0,730.704086817937,63.4911250565343
Caribbean small states,CSS,1971,3148560.0,780.664219545997,63.6421609824809
Caribbean small states,CSS,1972,3185617.0,858.37605232848,63.8575897472923
Caribbean small states,CSS,1973,3215024.0,987.049904340167,64.0524260879545
Caribbean small states,CSS,1974,3242803.0,1295.57997042313,64.2632555178344
Caribbean small states,CSS,1975,3269733.0,1474.07313726819,64.4830054154269
Caribbean small states,CSS,1976,3296410.0,1497.92274413475,64.7562510158021
Caribbean small states,CSS,1977,3322722.0,1786.9463308162,64.9726079530578
Caribbean small states,CSS,1978,3348386.0,2023.78593701824,65.124540894628
Caribbean small states,CSS,1979,3373242.0,2491.90112105547,65.3472416749228
Caribbean small states,CSS,1980,3399087.0,3199.78302389516,65.5015818836058
Caribbean small states,CSS,1981,3425354.0,3496.70815196286,65.663476004232
Caribbean small states,CSS,1982,3450895.0,3851.96097447913,65.7783229185472
Caribbean small states,CSS,1983,3476621.0,3793.64092639991,65.84727013816
Caribbean small states,CSS,1984,3502418.0,3908.46277598906,66.1398702250845
Caribbean small states,CSS,1985,3530570.0,3907.19546019831,66.3020597761835
Caribbean small states,CSS,1986,3559870.0,3307.33904696522,66.4113027349313
Caribbean small states,CSS,1987,3586018.0,3439.60046333553,66.5709445359728
Caribbean small states,CSS,1988,3610609.0,3530.0768972102,66.740440354245
Caribbean small states,CSS,1989,3634409.0,3468.58939836147,66.9248001727378
Caribbean small states,CSS,1990,3654949.0,3713.69534828331,67.0451505140017
Caribbean small states,CSS,1991,3677765.0,3792.22074880024,67.2193770605245
Caribbean small states,CSS,1992,3706523.0,3842.68138532177,67.353289397098
Caribbean small states,CSS,1993,3735156.0,3698.86380689567,67.4755646816358
Caribbean small states,CSS,1994,3763806.0,3929.16090487784,67.5216611384859
Caribbean small states,CSS,1995,3795917.0,4144.50619583341,67.5555715464801
Caribbean small states,CSS,1996,3829184.0,4424.43957767727,67.6264024288204
Caribbean small states,CSS,1997,3861673.0,5198.5063262239,67.7365433173653
Caribbean small states,CSS,1998,3893594.0,5558.82422899327,67.9849230739004
Caribbean small states,CSS,1999,3925229.0,5959.88473285313,68.2095641265771
Caribbean small states,CSS,2000,3956229.0,6477.26482123395,68.3976758324657
Caribbean small states,CSS,2001,3987087.0,6647.62547849072,68.6619722928043
Caribbean small states,CSS,2002,4018796.0,6903.07418576198,68.8997139018751
Caribbean small states,CSS,2003,4050990.0,7551.08983381761,69.0876488979237
Caribbean small states,CSS,2004,4080569.0,8233.61082543875,69.3609701933725
Caribbean small states,CSS,2005,4049468.0,9439.33720644986,69.6320513314341
Caribbean small states,CSS,2006,4072929.0,10883.0475520742,69.9344232165599
Caribbean small states,CSS,2007,4098855.0,12134.9066978741,70.2937333399205
Caribbean small states,CSS,2008,4124966.0,13890.1303094208,70.5499974705246
Caribbean small states,CSS,2009,4146899.0,11554.0589194758,70.797737511813
Caribbean small states,CSS,2010,4173335.0,12711.087492863,71.0114366987074
Caribbean small states,CSS,2011,4201107.0,13526.9467561999,71.266093287793
Caribbean small states,CSS,2012,4228445.0,14290.6349320102,71.4019143290264
Caribbean small states,CSS,2013,4257682.0,14577.1689272446,71.5692506084296
Caribbean small states,CSS,2014,4286546.0,14947.9426963116,71.7739411761824
Caribbean small states,CSS,2015,4314191.0,14497.5393236017,71.8641021665476
Caribbean small states,CSS,2016,4341333.0,13376.8057759012,72.0516361154512
Caribbean small states,CSS,2017,4366140.0,13671.1377634132,72.1731041595093
Caribbean small states,CSS,2018,4407658.0,13896.7409040963,72.2210854022703
Caribbean small states,CSS,2019,4443134.0,13995.8548364074,72.1292604830284
Caribbean small states,CSS,2020,4459302.0,11957.223222537,71.9394359303317
Caribbean small states,CSS,2021,4479167.0,13995.2694921728,69.9228107471769
Caribbean small states,CSS,2022,4497310.0,17456.3084845676,72.8322921090607
Caribbean small states,CSS,2023,4519904.0,17596.5404249612,73.1716450013098
Cayman Islands,CYM,2006,48232.0,87085.0945866141,75.0
Cayman Islands,CYM,2007,49687.0,89888.2611264853,75.152
Cayman Islands,CYM,2008,51151.0,89655.1185574521,75.386
Cayman Islands,CYM,2009,52618.0,81373.5721242232,75.671
Cayman Islands,CYM,2010,54099.0,76837.6710064442,76.069
Cayman Islands,CYM,2011,55606.0,75280.9617699986,76.562
Cayman Islands,CYM,2012,57136.0,75101.5906883232,77.121
Cayman Islands,CYM,2013,58655.0,75113.7342282813,77.652
Cayman Islands,CYM,2014,60160.0,75845.3055572577,77.865
Cayman Islands,CYM,2015,61642.0,76379.2098777987,78.119
Cayman Islands,CYM,2016,63100.0,77802.2535658023,78.367
Cayman Islands,CYM,2017,64535.0,80053.9442657031,78.615
Cayman Islands,CYM,2018,65941.0,83865.5540393356,78.835
Cayman Islands,CYM,2019,67327.0,88254.2902486867,79.052
Cayman Islands,CYM,2020,68684.0,82338.7977439023,79.23
Cayman Islands,CYM,2021,70108.0,86449.6749037302,79.3
Cayman Islands,CYM,2022,71591.0,93030.7051447803,79.984
Cayman Islands,CYM,2023,73038.0,99143.5180243123,80.358
Central African Republic,CAF,1960,1702346.0,65.8829629770666,39.572
Central African Republic,CAF,1961,1734580.0,70.988125923024,40.056
Central African Republic,CAF,1962,1768115.0,70.404229268492,40.562
Central African Republic,CAF,1963,1803063.0,71.7551875686265,41.09
Central African Republic,CAF,1964,1839583.0,77.2050398029084,41.64
Central African Republic,CAF,1965,1877854.0,80.184506042463,42.207
Central African Republic,CAF,1966,1918082.0,82.3374694570342,42.787
Central African Republic,CAF,1967,1960444.0,83.562965105064,43.379
Central African Republic,CAF,1968,2005100.0,95.6398392122972,43.98
Central African Republic,CAF,1969,2051515.0,91.6587059467658,44.58
Central African Republic,CAF,1970,2097505.0,90.1578442993038,45.176
Central African Republic,CAF,1971,2141450.0,94.0721472956876,45.764
Central African Republic,CAF,1972,2183769.0,105.468061578138,46.332
Central African Republic,CAF,1973,2226008.0,121.824846111542,46.884
Central African Republic,CAF,1974,2269338.0,124.000349692552,47.405
Central African Republic,CAF,1975,2313916.0,163.644668287845,47.892
Central African Republic,CAF,1976,2348566.0,192.09699080748,48.355
Central African Republic,CAF,1977,2372930.0,213.785550996675,48.778
Central African Republic,CAF,1978,2397961.0,254.624087711594,49.161
Central African Republic,CAF,1979,2423794.0,289.118938225139,49.5
Central African Republic,CAF,1980,2450535.0,325.254770299088,49.789
Central African Republic,CAF,1981,2478402.0,280.343391789938,50.028
Central African Republic,CAF,1982,2507375.0,298.444544895201,50.213
Central African Republic,CAF,1983,2537399.0,259.588394525784,50.342
Central African Republic,CAF,1984,2568610.0,248.313551025498,50.427
Central African Republic,CAF,1985,2600932.0,332.515358450814,50.463
Central African Republic,CAF,1986,2634258.0,426.02699258009,50.445
Central African Republic,CAF,1987,2669155.0,449.952130096608,50.371
Central African Republic,CAF,1988,2713965.0,466.070596898859,50.243
Central African Republic,CAF,1989,2783970.0,443.226859814307,50.074
Central African Republic,CAF,1990,2871910.0,501.656200636394,49.854
Central African Republic,CAF,1991,2963191.0,464.828283626364,49.575
Central African Republic,CAF,1992,3058831.0,461.587303490896,49.213
Central African Republic,CAF,1993,3157839.0,404.954546941526,48.899
Central African Republic,CAF,1994,3257954.0,261.260397409459,48.509
Central African Republic,CAF,1995,3348052.0,333.145863233895,48.109
Central African Republic,CAF,1996,3435965.0,293.306575328658,47.7
Central African Republic,CAF,1997,3531700.0,265.5212823896,47.284
Central African Republic,CAF,1998,3628827.0,266.570544600384,47.089
Central African Republic,CAF,1999,3729450.0,267.995954011083,46.91
Central African Republic,CAF,2000,3833416.0,239.154133726071,46.609
Central African Republic,CAF,2001,3919487.0,237.951702544735,46.734
Central African Republic,CAF,2002,4006077.0,248.639290978403,46.84
Central African Republic,CAF,2003,4103086.0,278.403992150941,47.306
Central African Republic,CAF,2004,4192826.0,303.461321152782,47.696
Central African Republic,CAF,2005,4288810.0,311.950023138687,48.207
Central African Republic,CAF,2006,4377579.0,333.942519903031,48.687
Central African Republic,CAF,2007,4462770.0,380.887048839475,49.327
Central African Republic,CAF,2008,4558984.0,437.24827472489,49.873
Central African Republic,CAF,2009,4529047.0,456.471673898404,14.665
Central African Republic,CAF,2010,4492995.0,476.873786950728,46.871
Central African Republic,CAF,2011,4565021.0,534.057281471636,50.107
Central African Republic,CAF,2012,4610848.0,544.395849142785,51.336
Central African Republic,CAF,2013,4642419.0,364.36696260838,49.487
Central African Republic,CAF,2014,4623182.0,409.8504859647,40.265
Central African Republic,CAF,2015,4629320.0,366.322853938121,51.934
Central African Republic,CAF,2016,4713663.0,387.176203444318,50.999
Central African Republic,CAF,2017,4793511.0,432.324025684263,45.231
Central African Republic,CAF,2018,4878657.0,455.243962859534,52.297
Central African Republic,CAF,2019,4944703.0,449.228467602439,31.53
Central African Republic,CAF,2020,5026628.0,462.879071294011,50.596
Central African Republic,CAF,2021,5112100.0,492.263142830507,40.279
Central African Republic,CAF,2022,5098039.0,467.359825026238,18.818
Central African Republic,CAF,2023,5152421.0,495.978897288721,57.408
Central Europe and the Baltics,CEB,1990,110743128.0,2457.17454927702,70.6563313372586
Central Europe and the Baltics,CEB,1991,110469467.0,2233.29251960509,70.5752213034774
Central Europe and the Baltics,CEB,1992,110111454.0,2316.71496981098,70.7328371314157
Central Europe and the Baltics,CEB,1993,110041924.0,2457.01488544822,70.8459866151448
Central Europe and the Baltics,CEB,1994,110021594.0,2805.59448321985,70.8695439447473
Central Europe and the Baltics,CEB,1995,109864246.0,3593.18352287584,71.0254214282891
Central Europe and the Baltics,CEB,1996,109626194.0,3808.56146312262,71.3360580189951
Central Europe and the Baltics,CEB,1997,109422013.0,3757.40740977212,71.5172580696822
Central Europe and the Baltics,CEB,1998,109238340.0,4117.99990144172,71.8982376759956
Central Europe and the Baltics,CEB,1999,109060951.0,3998.01799002332,72.1845610740875
Central Europe and the Baltics,CEB,2000,108447824.0,3959.62494896645,72.719724722779
Central Europe and the Baltics,CEB,2001,107660041.0,4360.9626352209,73.0961481937343
Central Europe and the Baltics,CEB,2002,106959751.0,4941.34251407648,73.2424154880921
Central Europe and the Baltics,CEB,2003,106624167.0,5948.84961048536,73.3822527825258
Central Europe and the Baltics,CEB,2004,106331716.0,7180.27037029658,73.7304349327381
Central Europe and the Baltics,CEB,2005,106041911.0,8352.50713208298,73.8449951359211
Central Europe and the Baltics,CEB,2006,105772481.0,9466.68526162196,74.0926027308098
Central Europe and the Baltics,CEB,2007,105378748.0,11997.2743828359,74.2506487210769
Central Europe and the Baltics,CEB,2008,105001883.0,14573.6892707791,74.5759526780779
Central Europe and the Baltics,CEB,2009,104800475.0,12302.0391574104,74.9303639266576
Central Europe and the Baltics,CEB,2010,104421447.0,12635.7541209869,75.2939657786314
Central Europe and the Baltics,CEB,2011,104174038.0,13997.3000771488,75.8884748834282
Central Europe and the Baltics,CEB,2012,103929494.0,13104.066588243,76.0033944660035
Central Europe and the Baltics,CEB,2013,103570062.0,13712.6744030811,76.3747350098375
Central Europe and the Baltics,CEB,2014,103280478.0,14208.4090786575,76.6887696437325
Central Europe and the Baltics,CEB,2015,102973167.0,12596.8862547468,76.5755119772504
Central Europe and the Baltics,CEB,2016,102647939.0,12874.699956166,76.9703062304413
Central Europe and the Baltics,CEB,2017,102337501.0,14339.8243059389,76.929788715597
Central Europe and the Baltics,CEB,2018,102074201.0,16227.2484719489,76.9764380835075
Central Europe and the Baltics,CEB,2019,101864274.0,16534.9264870407,77.2659141936307
Central Europe and the Baltics,CEB,2020,101215763.0,16581.3526115028,76.0162701269145
Central Europe and the Baltics,CEB,2021,100205732.0,19223.9274030651,74.7232827859077
Central Europe and the Baltics,CEB,2022,100071871.0,19530.1553232172,76.6522987292583
Central Europe and the Baltics,CEB,2023,100183707.0,22690.3736174216,77.8966245256412
Chad,TCD,1960,3049838.0,102.819470459603,39.216
Chad,TCD,1961,3111947.0,107.320380491931,39.421
Chad,TCD,1962,3175598.0,112.619958010844,39.608
Chad,TCD,1963,3240905.0,114.710860761079,39.893
Chad,TCD,1964,3307479.0,118.594106789032,40.12
Chad,TCD,1965,3374220.0,123.56227611622,40.05
Chad,TCD,1966,3440903.0,125.779460124418,40.089
Chad,TCD,1967,3508512.0,128.209999741615,40.393
Chad,TCD,1968,3578231.0,126.87277490154,40.702
Chad,TCD,1969,3651113.0,129.175848997716,41.019
Chad,TCD,1970,3727828.0,125.882078424937,41.386
Chad,TCD,1971,3807316.0,131.816410865026,40.869
Chad,TCD,1972,3893252.0,150.369805704401,41.922
Chad,TCD,1973,3985909.0,162.371866237422,42.399
Chad,TCD,1974,4078356.0,159.998978775959,42.601
Chad,TCD,1975,4167234.0,207.476255156215,42.736
Chad,TCD,1976,4251297.0,203.713116730324,42.687
Chad,TCD,1977,4331667.0,215.935450416974,42.884
Chad,TCD,1978,4411366.0,252.511381682505,43.017
Chad,TCD,1979,4505384.0,222.914738532944,43.239
Chad,TCD,1980,4515453.0,228.770491876017,43.452
Chad,TCD,1981,4520959.0,193.971579541809,43.497
Chad,TCD,1982,4738483.0,176.083750783324,43.91
Chad,TCD,1983,4979130.0,167.180974589951,44.446
Chad,TCD,1984,5045145.0,182.175880946335,44.732
Chad,TCD,1985,5096269.0,202.710985101435,45.315
Chad,TCD,1986,5251069.0,203.354449515341,45.598
Chad,TCD,1987,5438309.0,213.931729919066,43.071
Chad,TCD,1988,5625602.0,263.544647841815,46.352
Chad,TCD,1989,5819586.0,246.355378549117,46.434
Chad,TCD,1990,5982833.0,290.599045262191,45.074
Chad,TCD,1991,6205676.0,302.487268390603,46.596
Chad,TCD,1992,6474656.0,290.648286132566,46.777
Chad,TCD,1993,6629146.0,220.729964903293,47.002
Chad,TCD,1994,6783450.0,173.928895064035,47.08
Chad,TCD,1995,7089064.0,203.964852705041,47.453
Chad,TCD,1996,7410108.0,216.912541056484,47.551
Chad,TCD,1997,7670366.0,201.384076969355,47.762
Chad,TCD,1998,7938840.0,219.779530915601,47.802
Chad,TCD,1999,8222705.0,186.638531146223,47.934
Chad,TCD,2000,8512093.0,163.121663683369,47.937
Chad,TCD,2001,8804124.0,194.32295331156,48.306
Chad,TCD,2002,9116192.0,219.061391951349,48.36
Chad,TCD,2003,9487833.0,289.087621122168,48.609
Chad,TCD,2004,9920036.0,445.850767157087,48.687
Chad,TCD,2005,10328092.0,838.092107712557,48.86
Chad,TCD,2006,10706424.0,906.897260572747,48.747
Chad,TCD,2007,11081660.0,980.483531485103,49.21
Chad,TCD,2008,11476296.0,1166.36883453841,49.503
Chad,TCD,2009,11893754.0,1035.63719694254,49.828
Chad,TCD,2010,12312575.0,1141.80069268412,50.107
Chad,TCD,2011,12754997.0,1308.1421872538,50.426
Chad,TCD,2012,13210998.0,1354.34344701937,50.765
Chad,TCD,2013,13691079.0,1304.88742971475,51.051
Chad,TCD,2014,14188678.0,1278.78981422494,51.141
Chad,TCD,2015,14647621.0,993.990730610869,51.32
Chad,TCD,2016,15114655.0,861.831767630746,51.603
Chad,TCD,2017,15622759.0,854.46120040098,51.875
Chad,TCD,2018,16156531.0,948.656629871231,52.447
Chad,TCD,2019,16685223.0,893.336441643325,52.993
Chad,TCD,2020,17224679.0,866.947814890409,53.082
Chad,TCD,2021,17828273.0,946.358500208374,53.136
Chad,TCD,2022,18455316.0,966.036468278568,54.528
Chad,TCD,2023,19319064.0,949.333453674592,55.069
Channel Islands,CHI,1998,146906.0,40472.6653548172,78.5
Channel Islands,CHI,1999,147554.0,42443.7199726991,79.1
Channel Islands,CHI,2000,148110.0,43479.1940767689,78.8
Channel Islands,CHI,2001,148850.0,41873.7406146127,79.0
Channel Islands,CHI,2002,149881.0,44459.7318188977,79.1
Channel Islands,CHI,2003,150960.0,48570.7796632166,79.4
Channel Islands,CHI,2004,152039.0,56259.5344226334,79.8
Channel Islands,CHI,2005,153126.0,57647.1188908006,80.1
Channel Islands,CHI,2006,154214.0,62745.1006593557,80.4
Channel Islands,CHI,2007,155309.0,74139.97799443,80.6
Channel Islands,CHI,2009,157511.0,57778.5407063052,81.0
Channel Islands,CHI,2010,158621.0,56123.4597963451,81.2
Channel Islands,CHI,2011,159706.0,60415.2632075658,81.4
Channel Islands,CHI,2012,160767.0,58809.5698945413,81.3
Channel Islands,CHI,2013,161777.0,59308.4666588674,81.5
Channel Islands,CHI,2014,162726.0,64697.5485024325,81.6
Channel Islands,CHI,2015,163454.0,61847.8212238857,81.4
Channel Islands,CHI,2016,163883.0,55947.579811974,81.2
Channel Islands,CHI,2017,164319.0,55806.3554257428,81.0
Channel Islands,CHI,2018,164949.0,60784.8125397162,81.1
Channel Islands,CHI,2019,165639.0,60564.6293993681,81.2
Channel Islands,CHI,2020,166235.0,56785.9402005039,80.9
Channel Islands,CHI,2021,166741.0,66915.3963925722,80.3
Channel Islands,CHI,2022,167215.0,67627.1417347907,81.0
Channel Islands,CHI,2023,167691.0,74585.5224096294,81.1
Chile,CHL,1960,8153350.0,516.487539077836,57.216
Chile,CHL,1961,8324802.0,594.436306222113,57.309
Chile,CHL,1962,8497059.0,678.584336588862,57.811
Chile,CHL,1963,8670144.0,657.719196593697,58.349
Chile,CHL,1964,8842525.0,685.970202891974,58.812
Chile,CHL,1965,9012938.0,686.123541995524,59.473
Chile,CHL,1966,9181722.0,790.361773771396,60.373
Chile,CHL,1967,9348939.0,764.265128656993,61.054
Chile,CHL,1968,9514716.0,765.847401648627,61.68
Chile,CHL,1969,9680282.0,873.581889905917,62.341
Chile,CHL,1970,9845344.0,940.648345061287,62.634
Chile,CHL,1971,10009701.0,1098.91469956231,63.072
Chile,CHL,1972,10174678.0,1185.04994801594,63.717
Chile,CHL,1973,10340362.0,1666.99542750899,64.42
Chile,CHL,1974,10505817.0,1578.5836760852,65.085
Chile,CHL,1975,10671559.0,732.054406775965,66.037
Chile,CHL,1976,10838251.0,970.957314866348,66.819
Chile,CHL,1977,11005519.0,1296.86854720323,67.529
Chile,CHL,1978,11172695.0,1465.45605636916,68.042
Chile,CHL,1979,11339779.0,1962.08185606537,68.858
Chile,CHL,1980,11508550.0,2570.84311890682,69.475
Chile,CHL,1981,11678717.0,3012.3447816477,69.822
Chile,CHL,1982,11850214.0,1663.28043251256,70.291
Chile,CHL,1983,12026138.0,1715.40345654344,70.83
Chile,CHL,1984,12207733.0,1636.22476246476,71.215
Chile,CHL,1985,12395274.0,1446.80604557863,71.615
Chile,CHL,1986,12588914.0,1524.97809458987,72.061
Chile,CHL,1987,12790150.0,1767.41389670161,72.466
Chile,CHL,1988,12999424.0,2013.53987790886,72.788
Chile,CHL,1989,13215005.0,2277.84764297202,73.188
Chile,CHL,1990,13437176.0,2487.76829657299,73.675
Chile,CHL,1991,13662491.0,2798.34262413795,74.082
Chile,CHL,1992,13884577.0,3351.84108855522,74.367
Chile,CHL,1993,14102276.0,3540.91377313015,74.679
Chile,CHL,1994,14316256.0,4012.10159912285,74.973
Chile,CHL,1995,14527381.0,5081.4682771561,75.298
Chile,CHL,1996,14734046.0,5333.50438729711,75.555
Chile,CHL,1997,14932434.0,5741.95842989596,75.826
Chile,CHL,1998,15127799.0,5419.82417297191,76.324
Chile,CHL,1999,15319313.0,4933.55581516755,76.738
Chile,CHL,2000,15503635.0,5052.99245766325,77.128
Chile,CHL,2001,15683849.0,4563.5952986689,77.58
Chile,CHL,2002,15857925.0,4430.84741157984,77.84
Chile,CHL,2003,16024752.0,4773.40177520754,77.884
Chile,CHL,2004,16187322.0,6120.59152055344,78.276
Chile,CHL,2005,16348778.0,7480.32330998636,78.459
Chile,CHL,2006,16509195.0,9318.65655296121,78.533
Chile,CHL,2007,16671581.0,10346.4138184533,78.652
Chile,CHL,2008,16838988.0,10683.2188772511,78.752
Chile,CHL,2009,17009731.0,10098.8017167286,78.89
Chile,CHL,2010,17181464.0,12632.8704724192,79.095
Chile,CHL,2011,17351816.0,14487.3927832032,79.236
Chile,CHL,2012,17519119.0,15241.9069981119,79.221
Chile,CHL,2013,17687006.0,15683.5486369155,79.551
Chile,CHL,2014,17864195.0,14529.6767206336,79.714
Chile,CHL,2015,18047625.0,13433.9202987032,80.008
Chile,CHL,2016,18267221.0,13649.8520452803,80.295
Chile,CHL,2017,18558868.0,14879.9086227187,80.61
Chile,CHL,2018,18893191.0,15659.4808675628,80.559
Chile,CHL,2019,19197744.0,14495.716721687,80.324
Chile,CHL,2020,19370624.0,13114.815470545,79.349
Chile,CHL,2021,19456334.0,16206.8325493421,78.876
Chile,CHL,2022,19553036.0,15405.6165774073,79.176
Chile,CHL,2023,19658835.0,17067.0364799154,81.167
China,CHN,1960,667070000.0,89.7150749167731,33.419
China,CHN,1961,660330000.0,75.9655011127574,40.158
China,CHN,1962,665770000.0,71.0616845971262,50.959
China,CHN,1963,682335000.0,74.4681540864463,51.67
China,CHN,1964,698355000.0,85.6611074645449,52.343
China,CHN,1965,715185000.0,98.6681688740435,53.001
China,CHN,1966,735400000.0,104.50646350178,53.662
China,CHN,1967,754550000.0,96.7614480104016,54.401
China,CHN,1968,774510000.0,91.6454581848979,55.191
China,CHN,1969,796025000.0,100.308139479526,55.988
China,CHN,1970,818315000.0,113.346243039894,56.824
China,CHN,1971,841105000.0,118.84249157909,57.731
China,CHN,1972,862030000.0,132.097410431007,58.579
China,CHN,1973,881940000.0,157.339888078555,59.496
China,CHN,1974,900350000.0,160.402546852304,60.241
China,CHN,1975,916395000.0,178.621249282085,60.952
China,CHN,1976,930685000.0,165.680987722637,61.225
China,CHN,1977,943455000.0,185.728620718294,62.458
China,CHN,1978,956165000.0,156.655616850835,63.102
China,CHN,1979,969005000.0,184.285853059043,63.704
China,CHN,1980,981235000.0,195.149479992051,64.243
China,CHN,1981,993885000.0,197.425510967822,64.778
China,CHN,1982,1008630000.0,203.722788366928,65.249
China,CHN,1983,1023310000.0,225.86534696156,65.728
China,CHN,1984,1036825000.0,251.192686463827,66.148
China,CHN,1985,1051040000.0,295.007445815897,66.532
China,CHN,1986,1066790000.0,282.445603096707,66.887
China,CHN,1987,1084035000.0,252.256760114454,67.263
China,CHN,1988,1101630000.0,284.023573149686,67.607
China,CHN,1989,1118650000.0,311.429461227032,67.93
China,CHN,1990,1135185000.0,318.50335359039,68.155
China,CHN,1991,1150780000.0,334.130288119078,68.61
China,CHN,1992,1164970000.0,367.822651903542,69.059
China,CHN,1993,1178440000.0,378.939353053314,69.492
China,CHN,1994,1191835000.0,475.677874448369,69.835
China,CHN,1995,1204855000.0,612.680277898627,70.363
China,CHN,1996,1217550000.0,713.337387811657,70.823
China,CHN,1997,1230075000.0,786.743548510999,71.227
China,CHN,1998,1241935000.0,835.095348597432,71.601
China,CHN,1999,1252735000.0,881.146614068925,71.952
China,CHN,2000,1262645000.0,969.199513696287,72.288
China,CHN,2001,1271850000.0,1065.40597574519,72.675
China,CHN,2002,1280400000.0,1163.55957673426,73.034
China,CHN,2003,1288400000.0,1306.97245408557,73.385
China,CHN,2004,1296075000.0,1530.92726215723,73.727
China,CHN,2005,1303720000.0,1777.64496828464,74.085
China,CHN,2006,1311020000.0,2129.25696999613,74.404
China,CHN,2007,1317885000.0,2734.72709877693,74.789
China,CHN,2008,1324655000.0,3523.44302065213,74.833
China,CHN,2009,1331260000.0,3898.24459158811,75.317
China,CHN,2010,1337705000.0,4629.24551710077,75.668
China,CHN,2011,1345035000.0,5703.76027973346,75.889
China,CHN,2012,1354190000.0,6405.0574241349,76.2
China,CHN,2013,1363240000.0,7147.03518622344,76.452
China,CHN,2014,1371860000.0,7781.06597484974,76.714
China,CHN,2015,1379860000.0,8175.33285077393,76.975
China,CHN,2016,1387790000.0,8254.86859320357,77.214
China,CHN,2017,1396215000.0,8979.67652709856,77.235
China,CHN,2018,1402760000.0,10085.6638148819,77.709
China,CHN,2019,1407745000.0,10342.9009524335,77.94
China,CHN,2020,1411100000.0,10627.4637989619,78.019
China,CHN,2021,1412360000.0,12887.4357242941,78.117
China,CHN,2022,1412175000.0,12970.6056414327,78.202
China,CHN,2023,1410710000.0,12951.1782397043,77.953
Colombia,COL,1960,15606209.0,258.304433616071,56.609
Colombia,COL,1961,16095203.0,282.099440509948,57.203
Colombia,COL,1962,16599029.0,298.544207818945,57.737
Colombia,COL,1963,17113823.0,282.588330302742,58.296
Colombia,COL,1964,17637411.0,338.675935298365,58.77
Colombia,COL,1965,18169050.0,317.064563351518,59.247
Colombia,COL,1966,18702688.0,290.253385958132,59.713
Colombia,COL,1967,19235618.0,302.832507824134,60.15
Colombia,COL,1968,19766796.0,301.526502784249,60.572
Colombia,COL,1969,20291942.0,317.868798055367,61.031
Colombia,COL,1970,20811782.0,345.879101568471,61.465
Colombia,COL,1971,21319096.0,366.825167940364,62.005
Colombia,COL,1972,21819563.0,397.41211740514,62.53
Colombia,COL,1973,22325374.0,462.064375734059,62.991
Colombia,COL,1974,22833469.0,541.749901587091,63.497
Colombia,COL,1975,23344644.0,561.098036100584,64.012
Colombia,COL,1976,23858810.0,643.007914496566,64.642
Colombia,COL,1977,24393494.0,798.203021638873,65.237
Colombia,COL,1978,24950337.0,932.392695058624,65.827
Colombia,COL,1979,25515626.0,1095.0313839164,66.162
Colombia,COL,1980,26104498.0,1279.50116658241,66.693
Colombia,COL,1981,26713267.0,1362.18332520058,67.189
Colombia,COL,1982,27338331.0,1425.39936771371,67.861
Colombia,COL,1983,27988173.0,1383.7924605368,68.121
Colombia,COL,1984,28642690.0,1335.52821812362,68.308
Colombia,COL,1985,29268470.0,1192.21849833568,65.359
Colombia,COL,1986,29879112.0,1169.46212069392,68.303
Colombia,COL,1987,30499467.0,1192.58828638182,68.166
Colombia,COL,1988,31130524.0,1259.6174112078,68.301
Colombia,COL,1989,31776279.0,1244.3269459081,68.616
Colombia,COL,1990,32440069.0,1474.8455285342,68.701
Colombia,COL,1991,33098372.0,1485.73971889208,68.772
Colombia,COL,1992,33760571.0,1730.39091795329,68.764
Colombia,COL,1993,34441473.0,1929.26721811738,69.083
Colombia,COL,1994,35127410.0,2325.91872973374,69.422
Colombia,COL,1995,35804662.0,2583.66576349858,69.81
Colombia,COL,1996,36462745.0,2664.64056059983,70.209
Colombia,COL,1997,37121149.0,2873.2814350993,70.632
Colombia,COL,1998,37792165.0,2604.87166959518,70.924
Colombia,COL,1999,38454863.0,2241.22911801216,70.913
Colombia,COL,2000,39089934.0,2555.00751039968,70.905
Colombia,COL,2001,39709262.0,2472.99084035833,71.185
Colombia,COL,2002,40324680.0,2428.92969771584,71.537
Colombia,COL,2003,40937429.0,2311.94218760291,72.309
Colombia,COL,2004,41543171.0,2818.57195413044,72.76
Colombia,COL,2005,42128977.0,3456.06610874512,73.156
Colombia,COL,2006,42691084.0,3789.85361217027,73.497
Colombia,COL,2007,43235374.0,4769.926147194,73.751
Colombia,COL,2008,43758808.0,5541.83629665898,74.206
Colombia,COL,2009,44271541.0,5250.97292433518,74.531
Colombia,COL,2010,44777319.0,6398.2958447102,74.876
Colombia,COL,2011,45259614.0,7400.9940695669,75.18
Colombia,COL,2012,45715810.0,8108.59838244229,75.611
Colombia,COL,2013,46151584.0,8279.10255642981,75.834
Colombia,COL,2014,46565429.0,8187.20824890084,75.95
Colombia,COL,2015,46969940.0,6248.51490534512,76.067
Colombia,COL,2016,47437512.0,5959.84250367574,76.228
Colombia,COL,2017,48131078.0,6479.53231292429,76.418
Colombia,COL,2018,49024465.0,6816.96818309544,76.579
Colombia,COL,2019,49907985.0,6472.54544924705,76.793
Colombia,COL,2020,50629997.0,5339.68711357943,74.757
Colombia,COL,2021,51188173.0,6222.62164397614,72.698
Colombia,COL,2022,51737944.0,6680.44506854481,76.508
Colombia,COL,2023,52321152.0,7000.83660501046,77.725
Comoros,COM,1980,337721.0,720.685109658453,50.681
Comoros,COM,1981,347382.0,613.038043236083,51.211
Comoros,COM,1982,357139.0,566.033006092361,51.75
Comoros,COM,1983,367233.0,534.247684014857,52.121
Comoros,COM,1984,377637.0,500.752665003745,52.784
Comoros,COM,1985,388352.0,494.254932645725,53.263
Comoros,COM,1986,399318.0,646.461974891796,53.756
Comoros,COM,1987,410439.0,763.310316408075,54.134
Comoros,COM,1988,421687.0,797.801503027398,54.678
Comoros,COM,1989,433103.0,758.861242815325,54.983
Comoros,COM,1990,444596.0,903.20430581841,55.62
Comoros,COM,1991,455556.0,879.348889291867,56.104
Comoros,COM,1992,465113.0,938.595399659213,56.576
Comoros,COM,1993,473682.0,903.033729112507,57.026
Comoros,COM,1994,482142.0,652.898017688557,57.458
Comoros,COM,1995,490586.0,800.623567802959,57.83
Comoros,COM,1996,499107.0,786.380773511866,58.151
Comoros,COM,1997,507777.0,714.519968676115,58.228
Comoros,COM,1998,516597.0,704.479817408486,58.301
Comoros,COM,1999,525886.0,707.228776682623,58.853
Comoros,COM,2000,536080.0,633.309032776244,58.941
Comoros,COM,2001,547220.0,681.163857619963,59.587
Comoros,COM,2002,558923.0,764.61349832543,59.723
Comoros,COM,2003,569798.0,959.691049354812,60.24
Comoros,COM,2004,580704.0,1072.28409029621,60.557
Comoros,COM,2005,592677.0,1105.78796866788,60.883
Comoros,COM,2006,604753.0,1138.47908404345,61.229
Comoros,COM,2007,616927.0,1289.73631056361,61.475
Comoros,COM,2008,629307.0,1455.02768595586,61.955
Comoros,COM,2009,641947.0,1410.30516959473,62.302
Comoros,COM,2010,654836.0,1386.5742428453,62.747
Comoros,COM,2011,668056.0,1531.43789372951,63.105
Comoros,COM,2012,681630.0,1490.31511351281,63.463
Comoros,COM,2013,696192.0,1603.32797107303,63.839
Comoros,COM,2014,711503.0,1615.71723662012,64.143
Comoros,COM,2015,726682.0,1329.37048235986,64.473
Comoros,COM,2016,741741.0,1365.48403444497,64.792
Comoros,COM,2017,756669.0,1423.9248027797,65.127
Comoros,COM,2018,771590.0,1527.40527125285,65.401
Comoros,COM,2019,786578.0,1510.23218151592,65.662
Comoros,COM,2020,802163.0,1519.34665556206,65.756
Comoros,COM,2021,818174.0,1554.97289190153,65.201
Comoros,COM,2022,834188.0,1465.479642862,66.481
Comoros,COM,2023,850387.0,1560.27378476855,66.777
"Congo, Dem. Rep.",COD,1960,15264846.0,220.074550221277,40.752
"Congo, Dem. Rep.",COD,1961,15662374.0,197.080395165053,40.161
"Congo, Dem. Rep.",COD,1962,16075724.0,235.127290601122,40.382
"Congo, Dem. Rep.",COD,1963,16507599.0,376.383370020937,40.604
"Congo, Dem. Rep.",COD,1964,16955327.0,169.949259765221,40.099
"Congo, Dem. Rep.",COD,1965,17427802.0,232.037397382746,40.767
"Congo, Dem. Rep.",COD,1966,17931929.0,252.770361839944,42.169
"Congo, Dem. Rep.",COD,1967,18462782.0,183.291086454789,42.339
"Congo, Dem. Rep.",COD,1968,19012189.0,205.645995783134,42.667
"Congo, Dem. Rep.",COD,1969,19570445.0,257.144636724402,42.959
"Congo, Dem. Rep.",COD,1970,20137436.0,242.219759763837,43.3
"Congo, Dem. Rep.",COD,1971,20695569.0,270.336629028245,43.578
"Congo, Dem. Rep.",COD,1972,21251160.0,290.511803326089,43.869
"Congo, Dem. Rep.",COD,1973,21827665.0,360.562591604638,44.09
"Congo, Dem. Rep.",COD,1974,22418878.0,428.074954493294,44.311
"Congo, Dem. Rep.",COD,1975,23021101.0,444.693899464352,44.53
"Congo, Dem. Rep.",COD,1976,23624031.0,408.42239095403,44.695
"Congo, Dem. Rep.",COD,1977,24229061.0,509.488368681423,44.866
"Congo, Dem. Rep.",COD,1978,24992689.0,615.084195317772,44.628
"Congo, Dem. Rep.",COD,1979,25886782.0,582.089432219357,45.278
"Congo, Dem. Rep.",COD,1980,26711099.0,538.911839414196,45.543
"Congo, Dem. Rep.",COD,1981,27500515.0,455.912227033575,45.726
"Congo, Dem. Rep.",COD,1982,28338190.0,481.7409782053,45.946
"Congo, Dem. Rep.",COD,1983,29250963.0,376.285479915589,46.207
"Congo, Dem. Rep.",COD,1984,30245081.0,259.801889543739,46.514
"Congo, Dem. Rep.",COD,1985,31264816.0,230.132255248427,46.663
"Congo, Dem. Rep.",COD,1986,32265196.0,250.900914044275,47.016
"Congo, Dem. Rep.",COD,1987,33298904.0,230.086415834499,47.362
"Congo, Dem. Rep.",COD,1988,34382752.0,257.725151748806,47.755
"Congo, Dem. Rep.",COD,1989,35486866.0,254.231037905154,48.149
"Congo, Dem. Rep.",COD,1990,36684063.0,254.872656292509,48.538
"Congo, Dem. Rep.",COD,1991,37925817.0,253.79642770809,48.944
"Congo, Dem. Rep.",COD,1992,39228910.0,209.726548794417,49.323
"Congo, Dem. Rep.",COD,1993,40656336.0,263.335582841074,49.621
"Congo, Dem. Rep.",COD,1994,42626876.0,136.542547670676,49.88
"Congo, Dem. Rep.",COD,1995,44433704.0,127.008078734668,50.381
"Congo, Dem. Rep.",COD,1996,45296124.0,127.416132828292,49.376
"Congo, Dem. Rep.",COD,1997,46029902.0,132.323520768553,50.461
"Congo, Dem. Rep.",COD,1998,47297600.0,131.461338858019,49.664
"Congo, Dem. Rep.",COD,1999,48912971.0,96.3192243479286,50.089
"Congo, Dem. Rep.",COD,2000,50507442.0,377.925421481395,51.887
"Congo, Dem. Rep.",COD,2001,52132646.0,142.678142604412,52.205
"Congo, Dem. Rep.",COD,2002,53750524.0,162.38052907429,52.371
"Congo, Dem. Rep.",COD,2003,55343867.0,161.491553524396,52.952
"Congo, Dem. Rep.",COD,2004,56997741.0,180.664764963633,53.534
"Congo, Dem. Rep.",COD,2005,58775724.0,214.539740473519,54.001
"Congo, Dem. Rep.",COD,2006,60615908.0,255.445229568751,54.498
"Congo, Dem. Rep.",COD,2007,62477752.0,294.101615124419,54.954
"Congo, Dem. Rep.",COD,2008,64390664.0,352.900363371995,55.388
"Congo, Dem. Rep.",COD,2009,66412044.0,280.178991035792,55.798
"Congo, Dem. Rep.",COD,2010,68563038.0,352.400398754692,56.411
"Congo, Dem. Rep.",COD,2011,70849311.0,372.514273875789,56.911
"Congo, Dem. Rep.",COD,2012,73254618.0,409.931424783784,57.35
"Congo, Dem. Rep.",COD,2013,75789395.0,460.370334930107,57.795
"Congo, Dem. Rep.",COD,2014,78403242.0,489.175952097319,58.236
"Congo, Dem. Rep.",COD,2015,81035531.0,495.826633014883,58.658
"Congo, Dem. Rep.",COD,2016,83956415.0,459.765036590388,59.081
"Congo, Dem. Rep.",COD,2017,87083398.0,431.052559128788,59.495
"Congo, Dem. Rep.",COD,2018,90047644.0,518.169626875371,59.926
"Congo, Dem. Rep.",COD,2019,92947442.0,504.00419142286,60.242
"Congo, Dem. Rep.",COD,2020,95989998.0,486.425572682256,60.428
"Congo, Dem. Rep.",COD,2021,99148932.0,595.743074403567,60.044
"Congo, Dem. Rep.",COD,2022,102396968.0,687.738587554685,60.979
"Congo, Dem. Rep.",COD,2023,105789731.0,660.21205238997,61.895
"Congo, Rep.",COG,1960,1056732.0,124.659670363931,47.595
"Congo, Rep.",COG,1961,1084389.0,139.872074436703,48.351
"Congo, Rep.",COG,1962,1113175.0,149.591249938458,49.038
"Congo, Rep.",COG,1963,1143263.0,150.65075197733,49.729
"Congo, Rep.",COG,1964,1174816.0,158.061964516344,50.363
"Congo, Rep.",COG,1965,1207880.0,164.186892761636,50.996
"Congo, Rep.",COG,1966,1242534.0,177.551344246999,51.557
"Congo, Rep.",COG,1967,1278691.0,185.656603616519,51.91
"Congo, Rep.",COG,1968,1316519.0,190.84225732065,52.62
"Congo, Rep.",COG,1969,1356182.0,195.431023577377,53.114
"Congo, Rep.",COG,1970,1397638.0,196.7324156078,53.555
"Congo, Rep.",COG,1971,1441039.0,223.538723764898,53.983
"Congo, Rep.",COG,1972,1486468.0,276.271849546575,54.361
"Congo, Rep.",COG,1973,1533680.0,353.380993825585,54.744
"Congo, Rep.",COG,1974,1582301.0,369.945183927696,55.053
"Congo, Rep.",COG,1975,1627032.0,471.473628201515,55.402
"Congo, Rep.",COG,1976,1667225.0,452.578147155598,55.699
"Congo, Rep.",COG,1977,1707568.0,448.136782421875,56.027
"Congo, Rep.",COG,1978,1748089.0,502.704251443805,56.248
"Congo, Rep.",COG,1979,1788524.0,670.245223116511,56.524
"Congo, Rep.",COG,1980,1828985.0,932.646715470458,56.803
"Congo, Rep.",COG,1981,1869759.0,1066.18677734612,57.065
"Congo, Rep.",COG,1982,1910430.0,1130.97081000634,57.236
"Congo, Rep.",COG,1983,1950321.0,1075.34825792814,57.428
"Congo, Rep.",COG,1984,1999528.0,1097.04958637388,57.54
"Congo, Rep.",COG,1985,2059311.0,1049.31821372865,57.608
"Congo, Rep.",COG,1986,2120602.0,872.048697635314,57.633
"Congo, Rep.",COG,1987,2183473.0,1052.33893542503,57.59
"Congo, Rep.",COG,1988,2247653.0,984.376285838246,57.493
"Congo, Rep.",COG,1989,2313558.0,1032.8649749016,57.292
"Congo, Rep.",COG,1990,2380560.0,1175.66709098428,57.07
"Congo, Rep.",COG,1991,2449229.0,1112.53521242945,56.764
"Congo, Rep.",COG,1992,2519465.0,1164.22442980292,56.483
"Congo, Rep.",COG,1993,2595124.0,1034.37200809816,56.041
"Congo, Rep.",COG,1994,2673144.0,661.904273689712,55.641
"Congo, Rep.",COG,1995,2749461.0,769.606794842829,55.474
"Congo, Rep.",COG,1996,2826785.0,898.794050151577,55.24
"Congo, Rep.",COG,1997,2887862.0,804.304050086499,48.575
"Congo, Rep.",COG,1998,2952061.0,660.379775085784,52.551
"Congo, Rep.",COG,1999,3032874.0,776.416349733937,54.427
"Congo, Rep.",COG,2000,3151345.0,1024.30159109181,55.371
"Congo, Rep.",COG,2001,3272537.0,854.598314408095,55.885
"Congo, Rep.",COG,2002,3350771.0,905.538135544704,56.414
"Congo, Rep.",COG,2003,3445753.0,1016.82363412143,57.131
"Congo, Rep.",COG,2004,3565554.0,1306.10136324599,57.957
"Congo, Rep.",COG,2005,3696393.0,1799.05158366154,58.73
"Congo, Rep.",COG,2006,3837409.0,2103.5821381211,59.474
"Congo, Rep.",COG,2007,3980430.0,2206.47101863414,60.05
"Congo, Rep.",COG,2008,4113517.0,2832.09177777643,60.79
"Congo, Rep.",COG,2009,4281219.0,2271.15219175966,61.215
"Congo, Rep.",COG,2010,4462290.0,2946.55798067708,61.731
"Congo, Rep.",COG,2011,4609724.0,3396.16505817952,62.286
"Congo, Rep.",COG,2012,4740450.0,3732.32737320389,62.662
"Congo, Rep.",COG,2013,4857099.0,3697.41705884249,62.969
"Congo, Rep.",COG,2014,4975880.0,3601.2365808718,63.349
"Congo, Rep.",COG,2015,5097581.0,2439.35189403696,63.662
"Congo, Rep.",COG,2016,5222536.0,2093.10728558843,63.911
"Congo, Rep.",COG,2017,5351011.0,2211.63309874797,64.203
"Congo, Rep.",COG,2018,5483118.0,2694.43413191427,64.472
"Congo, Rep.",COG,2019,5616661.0,2488.42466724916,63.152
"Congo, Rep.",COG,2020,5752791.0,1993.586671931,64.391
"Congo, Rep.",COG,2021,5892183.0,2516.16255145432,64.192
"Congo, Rep.",COG,2022,6035104.0,2620.83804267402,65.0
"Congo, Rep.",COG,2023,6182885.0,2477.97845544866,65.772
Costa Rica,CRI,1960,1327496.0,382.309121831519,63.463
Costa Rica,CRI,1961,1377920.0,355.844447873806,63.86
Costa Rica,CRI,1962,1429445.0,335.221589042255,64.232
Costa Rica,CRI,1963,1481604.0,345.505369052711,64.326
Costa Rica,CRI,1964,1533960.0,353.710896791701,64.493
Costa Rica,CRI,1965,1586208.0,373.835690063441,64.76
Costa Rica,CRI,1966,1638116.0,395.15249847305,65.096
Costa Rica,CRI,1967,1689523.0,413.996506036274,65.552
Costa Rica,CRI,1968,1739731.0,444.805256869954,65.78
Costa Rica,CRI,1969,1789276.0,477.081346742249,66.363
Costa Rica,CRI,1970,1838949.0,535.539679724977,66.787
Costa Rica,CRI,1971,1888539.0,570.360229534426,67.413
Costa Rica,CRI,1972,1938248.0,638.851011611456,68.014
Costa Rica,CRI,1973,1988343.0,768.944717412776,68.731
Costa Rica,CRI,1974,2039643.0,817.076691410389,69.446
Costa Rica,CRI,1975,2092719.0,936.993196686988,70.253
Costa Rica,CRI,1976,2147774.0,1123.28179124262,70.946
Costa Rica,CRI,1977,2205025.0,1393.37513762224,71.519
Costa Rica,CRI,1978,2264510.0,1555.83716115258,72.029
Costa Rica,CRI,1979,2326490.0,1734.59560248294,72.537
Costa Rica,CRI,1980,2390633.0,2020.99067534283,73.034
Costa Rica,CRI,1981,2456637.0,1068.04672232202,73.441
Costa Rica,CRI,1982,2524806.0,1032.40548167496,73.865
Costa Rica,CRI,1983,2595153.0,1212.55765296791,74.245
Costa Rica,CRI,1984,2667595.0,1372.20149843952,74.581
Costa Rica,CRI,1985,2741894.0,1429.37836415122,74.765
Costa Rica,CRI,1986,2817216.0,1568.5640969552,74.949
Costa Rica,CRI,1987,2892699.0,1567.0320510901,75.224
Costa Rica,CRI,1988,2968103.0,1554.74048522018,75.546
Costa Rica,CRI,1989,3043827.0,1725.13936155907,75.85
Costa Rica,CRI,1990,3121706.0,1829.6687089559,76.094
Costa Rica,CRI,1991,3202176.0,2253.38191508071,76.237
Costa Rica,CRI,1992,3284258.0,2612.38756453737,76.385
Costa Rica,CRI,1993,3367434.0,2840.38706479397,76.315
Costa Rica,CRI,1994,3451122.0,3039.56328550633,76.329
Costa Rica,CRI,1995,3535176.0,3275.25256447416,76.44
Costa Rica,CRI,1996,3619013.0,3226.96395598625,76.428
Costa Rica,CRI,1997,3701711.0,3407.776128985,76.603
Costa Rica,CRI,1998,3782838.0,3617.45756666726,76.869
Costa Rica,CRI,1999,3862101.0,3690.96154778297,77.058
Costa Rica,CRI,2000,3937739.0,3812.75388284924,77.317
Costa Rica,CRI,2001,4008947.0,3985.12984506207,77.609
Costa Rica,CRI,2002,4075705.0,4067.71851429092,77.939
Costa Rica,CRI,2003,4138784.0,4173.14856415514,78.214
Costa Rica,CRI,2004,4200078.0,4431.0117207843,78.512
Costa Rica,CRI,2005,4261240.0,4703.00721784778,78.877
Costa Rica,CRI,2006,4321340.0,5256.59640859159,79.049
Costa Rica,CRI,2007,4380248.0,6137.71199925542,79.098
Costa Rica,CRI,2008,4440056.0,6937.24261596055,79.18
Costa Rica,CRI,2009,4499791.0,6832.69829924138,79.372
Costa Rica,CRI,2010,4555962.0,8265.78820275582,79.354
Costa Rica,CRI,2011,4609833.0,9276.39107511347,79.624
Costa Rica,CRI,2012,4663934.0,10126.9991024177,79.925
Costa Rica,CRI,2013,4716147.0,10803.2401962173,80.189
Costa Rica,CRI,2014,4767119.0,10911.497878334,80.231
Costa Rica,CRI,2015,4818038.0,11714.7105980732,80.407
Costa Rica,CRI,2016,4866998.0,12091.0301606154,79.988
Costa Rica,CRI,2017,4913177.0,12317.0902771304,79.994
Costa Rica,CRI,2018,4957818.0,12590.2493781614,80.09
Costa Rica,CRI,2019,4999553.0,12884.6859951989,80.296
Costa Rica,CRI,2020,5034320.0,12394.0493969492,79.725
Costa Rica,CRI,2021,5059988.0,12838.1185358931,78.05
Costa Rica,CRI,2022,5081765.0,13625.9008491328,79.316
Costa Rica,CRI,2023,5105525.0,16942.0268119375,80.799
Cote d'Ivoire,CIV,1960,3673666.0,148.680788984181,37.244
Cote d'Ivoire,CIV,1961,3810151.0,162.262764436326,37.923
Cote d'Ivoire,CIV,1962,3956939.0,163.076679659123,38.62
Cote d'Ivoire,CIV,1963,4112061.0,185.076825958966,39.315
Cote d'Ivoire,CIV,1964,4273952.0,215.506240264261,39.966
Cote d'Ivoire,CIV,1965,4442377.0,207.044838566402,40.643
Cote d'Ivoire,CIV,1966,4617519.0,221.786392228948,41.297
Cote d'Ivoire,CIV,1967,4799744.0,225.620934131463,41.959
Cote d'Ivoire,CIV,1968,4990021.0,256.768714344803,42.648
Cote d'Ivoire,CIV,1969,5192221.0,262.192286003745,43.345
Cote d'Ivoire,CIV,1970,5411567.0,268.957733574566,44.045
Cote d'Ivoire,CIV,1971,5650868.0,280.333660150746,44.783
Cote d'Ivoire,CIV,1972,5909716.0,312.942348100524,45.575
Cote d'Ivoire,CIV,1973,6184944.0,405.568979472686,46.372
Cote d'Ivoire,CIV,1974,6474057.0,474.223861362208,47.207
Cote d'Ivoire,CIV,1975,6776297.0,574.626405877437,48.03
Cote d'Ivoire,CIV,1976,7057958.0,660.538618229175,48.863
Cote d'Ivoire,CIV,1977,7321950.0,855.655691363342,49.624
Cote d'Ivoire,CIV,1978,7603130.0,1039.11498268738,50.361
Cote d'Ivoire,CIV,1979,7902267.0,1157.00139805383,50.983
Cote d'Ivoire,CIV,1980,8220714.0,1237.80216768229,51.437
Cote d'Ivoire,CIV,1981,8556596.0,985.507547907408,51.791
Cote d'Ivoire,CIV,1982,8907936.0,849.479705391045,52.09
Cote d'Ivoire,CIV,1983,9272744.0,737.449968695419,52.352
Cote d'Ivoire,CIV,1984,9650516.0,708.940252199945,52.648
Cote d'Ivoire,CIV,1985,10040483.0,694.951691466923,52.861
Cote d'Ivoire,CIV,1986,10440917.0,877.154956751363,53.009
Cote d'Ivoire,CIV,1987,10851475.0,929.611362954514,53.118
Cote d'Ivoire,CIV,1988,11275189.0,909.534182158689,53.062
Cote d'Ivoire,CIV,1989,11719771.0,832.559837958259,52.955
Cote d'Ivoire,CIV,1990,12189778.0,885.647842214928,52.796
Cote d'Ivoire,CIV,1991,12683870.0,827.241889166985,52.621
Cote d'Ivoire,CIV,1992,13200310.0,844.902223806738,52.429
Cote d'Ivoire,CIV,1993,13735951.0,804.149657211252,52.247
Cote d'Ivoire,CIV,1994,14287201.0,581.888468577405,52.005
Cote d'Ivoire,CIV,1995,14855565.0,740.4730999133,51.713
Cote d'Ivoire,CIV,1996,15442312.0,1170.23622049666,51.596
Cote d'Ivoire,CIV,1997,16047170.0,1124.65674867927,51.498
Cote d'Ivoire,CIV,1998,16663948.0,1177.37133815342,51.22
Cote d'Ivoire,CIV,1999,17215935.0,1096.13520587572,51.273
Cote d'Ivoire,CIV,2000,17699004.0,936.636541348798,51.393
Cote d'Ivoire,CIV,2001,18178913.0,924.727294962066,51.428
Cote d'Ivoire,CIV,2002,18654771.0,967.815864415991,51.544
Cote d'Ivoire,CIV,2003,19125542.0,1111.17135087887,51.443
Cote d'Ivoire,CIV,2004,19595000.0,1199.82524528546,51.939
Cote d'Ivoire,CIV,2005,20068458.0,1197.74616979415,52.432
Cote d'Ivoire,CIV,2006,20546802.0,1230.43056838584,52.885
Cote d'Ivoire,CIV,2007,21030558.0,1367.53817722326,53.452
Cote d'Ivoire,CIV,2008,21514439.0,1583.97066701372,54.179
Cote d'Ivoire,CIV,2009,21997940.0,1540.45393569596,54.744
Cote d'Ivoire,CIV,2010,22488065.0,1553.54887048143,55.282
Cote d'Ivoire,CIV,2011,22982000.0,1596.62826565998,55.972
Cote d'Ivoire,CIV,2012,23467078.0,1546.9460184731,56.57
Cote d'Ivoire,CIV,2013,23939775.0,1786.15862031324,57.057
Cote d'Ivoire,CIV,2014,24527395.0,1991.36539423404,57.772
Cote d'Ivoire,CIV,2015,25246342.0,1814.71855088017,58.281
Cote d'Ivoire,CIV,2016,25989405.0,1862.59597081287,58.814
Cote d'Ivoire,CIV,2017,26733372.0,1964.29930338343,59.315
Cote d'Ivoire,CIV,2018,27464173.0,2130.86619381144,59.795
Cote d'Ivoire,CIV,2019,28193009.0,2141.76836170115,60.274
Cote d'Ivoire,CIV,2020,28915449.0,2179.72934832935,60.14
Cote d'Ivoire,CIV,2021,29639736.0,2455.98127641148,60.29
Cote d'Ivoire,CIV,2022,30395002.0,2333.37128301259,61.562
Cote d'Ivoire,CIV,2023,31165654.0,2591.9659048119,61.944
Croatia,HRV,1990,4777368.0,5369.10978590681,72.1704878048781
Croatia,HRV,1991,4689022.0,4000.91677428625,72.1853658536586
Croatia,HRV,1992,4575818.0,2321.15204123035,71.2414634146342
Croatia,HRV,1993,4600463.0,2447.50319141761,71.5224390243903
Croatia,HRV,1994,4652024.0,3237.92646315285,71.8034146341463
Croatia,HRV,1995,4620030.0,4929.05772183424,72.0843902439024
Croatia,HRV,1996,4557097.0,5299.6410536193,72.3653658536585
Croatia,HRV,1997,4534920.0,5331.02343858808,72.4951219512195
Croatia,HRV,1998,4532135.0,5712.58985659548,72.3170731707317
Croatia,HRV,1999,4512597.0,5269.03394637289,72.6419512195122
Croatia,HRV,2000,4468302.0,4953.65158789022,72.8078048780488
Croatia,HRV,2001,4299642.0,5364.83824691607,74.5129268292683
Croatia,HRV,2002,4302174.0,6219.58164143945,74.7173170731707
Croatia,HRV,2003,4303399.0,8190.11135193887,74.6139024390244
Croatia,HRV,2004,4304600.0,9718.97322801967,75.520243902439
Croatia,HRV,2005,4310145.0,10443.5278353294,75.2446341463415
Croatia,HRV,2006,4311159.0,11501.2099669894,75.8368292682927
Croatia,HRV,2007,4310217.0,13755.8321073292,75.7056097560976
Croatia,HRV,2008,4309705.0,15888.0606949392,75.9121951219512
Croatia,HRV,2009,4305181.0,14474.6519774194,76.1682926829268
Croatia,HRV,2010,4295427.0,13729.7654965022,76.4756097560976
Croatia,HRV,2011,4280622.0,14691.558296292,76.7756097560976
Croatia,HRV,2012,4260368.0,13507.7805260991,77.1682926829268
Croatia,HRV,2013,4233922.0,14134.9474982889,77.5707317073171
Croatia,HRV,2014,4201598.0,14186.7295493276,77.7243902439024
Croatia,HRV,2015,4151725.0,12283.7840620053,77.2756097560976
Croatia,HRV,2016,4106867.0,12820.1653893008,77.9219512195122
Croatia,HRV,2017,4041407.0,13901.7878144679,77.7268292682927
Croatia,HRV,2018,3988775.0,15460.3669595491,77.919512195122
Croatia,HRV,2019,3949390.0,15563.5987295029,78.2243902439024
Croatia,HRV,2020,3914206.0,14807.5608543265,77.5243902439024
Croatia,HRV,2021,3878981.0,17788.7865816658,76.4243902439025
Croatia,HRV,2022,3855641.0,18465.5414420364,77.5756097560976
Croatia,HRV,2023,3859686.0,22184.2279304842,78.4731707317073
Cuba,CUB,1970,8824382.0,645.144917797076,67.935
Cuba,CUB,1971,8979085.0,770.084969682323,68.432
Cuba,CUB,1972,9123891.0,891.631749208781,68.949
Cuba,CUB,1973,9255328.0,1079.13081526456,69.347
Cuba,CUB,1974,9374183.0,1216.74148211883,69.867
Cuba,CUB,1975,9479726.0,1374.2396398274,70.375
Cuba,CUB,1976,9571242.0,1440.73046137146,70.878
Cuba,CUB,1977,9648440.0,1472.37881716617,71.411
Cuba,CUB,1978,9711980.0,1837.39107006762,71.89
Cuba,CUB,1979,9763355.0,2005.91326318373,72.272
Cuba,CUB,1980,9804796.0,2030.93362280165,72.603
Cuba,CUB,1981,9849320.0,2045.85231227999,72.996
Cuba,CUB,1982,9912681.0,2113.80858874548,73.439
Cuba,CUB,1983,9991026.0,2222.48851241339,73.564
Cuba,CUB,1984,10073299.0,2386.44595066854,73.552
Cuba,CUB,1985,10157228.0,2256.56948668495,73.464
Cuba,CUB,1986,10244247.0,2364.89559789307,73.558
Cuba,CUB,1987,10335342.0,2439.58400332393,73.596
Cuba,CUB,1988,10432585.0,2632.04176839158,73.724
Cuba,CUB,1989,10533243.0,2565.54117909344,73.69
Cuba,CUB,1990,10631799.0,2694.31697957692,73.823
Cuba,CUB,1991,10717640.0,2268.83493247194,73.757
Cuba,CUB,1992,10785801.0,2047.67900346421,73.846
Cuba,CUB,1993,10841031.0,2063.20366253587,73.874
Cuba,CUB,1994,10886021.0,2613.28971869122,74.092
Cuba,CUB,1995,10925362.0,2785.24442954103,74.346
Cuba,CUB,1996,10962010.0,2282.18809324202,74.69
Cuba,CUB,1997,10997934.0,2306.42483397336,75.064
Cuba,CUB,1998,11034712.0,2332.30656133119,75.412
Cuba,CUB,1999,11072230.0,2561.77980406838,75.719
Cuba,CUB,2000,11109109.0,2751.3817714814,75.922
Cuba,CUB,2001,11144132.0,2842.96704310394,76.429
Cuba,CUB,2002,11177418.0,3005.21104247868,76.766
Cuba,CUB,2003,11209383.0,3202.78109865637,77.405
Cuba,CUB,2004,11238756.0,3399.21962893402,77.326
Cuba,CUB,2005,11262554.0,3786.33799225291,77.54
Cuba,CUB,2006,11278550.0,4329.98265964383,77.406
Cuba,CUB,2007,11287272.0,4807.43888960684,77.55
Cuba,CUB,2008,11291762.0,4986.12436479175,77.589
Cuba,CUB,2009,11294719.0,5089.23519757167,77.584
Cuba,CUB,2010,11297409.0,5272.26755824835,77.876
Cuba,CUB,2011,11301571.0,6104.46105236166,78.051
Cuba,CUB,2012,11303175.0,6470.83673392653,78.162
Cuba,CUB,2013,11298167.0,6828.36428245396,78.028
Cuba,CUB,2014,11285775.0,7146.70459051328,77.825
Cuba,CUB,2015,11275065.0,7727.91997207998,77.745
Cuba,CUB,2016,11265612.0,8110.55874283616,77.571
Cuba,CUB,2017,11247829.0,8610.60829605429,77.3
Cuba,CUB,2018,11227118.0,8911.46205998726,77.426
Cuba,CUB,2019,11202846.0,9232.26115935183,77.413
Cuba,CUB,2020,11176354.0,9605.27914559614,77.407
Curacao,CUW,2000,133860.0,15841.2612359949,73.283
Curacao,CUW,2001,129047.0,16609.8454536485,73.36
Curacao,CUW,2002,129205.0,16723.6925253468,73.472
Curacao,CUW,2003,131897.0,16695.7351137757,73.603
Curacao,CUW,2004,134192.0,16671.3403391655,73.735
Curacao,CUW,2005,137658.0,17032.3356620744,73.873
Curacao,CUW,2006,141239.0,17400.1637780186,73.978
Curacao,CUW,2007,144056.0,18005.7165850772,74.137
Curacao,CUW,2008,145880.0,19423.3352430175,74.314
Curacao,CUW,2009,146833.0,19540.2476579348,74.485
Curacao,CUW,2010,148703.0,19847.2310127979,75.117
Curacao,CUW,2011,150831.0,19426.3264002202,75.576
Curacao,CUW,2012,152088.0,19809.8223170482,75.96
Curacao,CUW,2013,153822.0,19721.292182955,76.239
Curacao,CUW,2014,155909.0,19623.0300713664,76.384
Curacao,CUW,2015,157980.0,19361.8129630226,76.482
Curacao,CUW,2016,159664.0,18944.0962772875,76.322
Curacao,CUW,2017,160175.0,18938.2440965187,76.423
Curacao,CUW,2018,159336.0,19119.1244887029,76.493
Curacao,CUW,2019,157441.0,19220.6865793075,76.492
Curacao,CUW,2020,155482.0,16299.8134349902,76.501
Curacao,CUW,2021,153948.0,17795.5826616182,75.686
Curacao,CUW,2022,153321.0,20057.1404747175,76.729
Curacao,CUW,2023,154654.0,21217.8110321785,76.8
Cyprus,CYP,1975,659405.0,976.329895019531,70.336
Cyprus,CYP,1976,662032.0,1157.41162109375,70.805
Cyprus,CYP,1977,667101.0,1476.24755859375,71.258
Cyprus,CYP,1978,672249.0,1929.39929199219,71.741
Cyprus,CYP,1979,677549.0,2559.22900390625,72.179
Cyprus,CYP,1980,683076.0,4232.02294921875,72.844
Cyprus,CYP,1981,688893.0,4033.24047851563,73.053
Cyprus,CYP,1982,696497.0,4122.78466796875,73.518
Cyprus,CYP,1983,707225.0,4091.04858398438,73.708
Cyprus,CYP,1984,719334.0,4258.74365234375,74.0
Cyprus,CYP,1985,731277.0,4488.287109375,74.64
Cyprus,CYP,1986,743105.0,5642.63134765625,74.93
Cyprus,CYP,1987,754785.0,6690.578125,75.264
Cyprus,CYP,1988,766235.0,7645.6298828125,75.39
Cyprus,CYP,1989,777420.0,8038.9140625,75.841
Cyprus,CYP,1990,788351.0,9641.5751953125,76.044
Cyprus,CYP,1991,798944.0,9696.099609375,76.246
Cyprus,CYP,1992,810341.0,11310.072265625,76.291
Cyprus,CYP,1993,826034.0,10526.1416015625,76.294
Cyprus,CYP,1994,844667.0,11617.6923828125,76.383
Cyprus,CYP,1995,862695.0,15261.4169921875,76.583
Cyprus,CYP,1996,880290.0,15139.220703125,76.88
Cyprus,CYP,1997,897568.0,14234.2412109375,77.119
Cyprus,CYP,1998,914548.0,15092.828125,77.164
Cyprus,CYP,1999,931234.0,15287.91796875,77.572
Cyprus,CYP,2000,947667.0,14388.3525390625,77.9
Cyprus,CYP,2001,964127.0,14821.44921875,78.185
Cyprus,CYP,2002,981440.0,16093.2158203125,78.758
Cyprus,CYP,2003,999590.0,20252.24609375,78.908
Cyprus,CYP,2004,1017875.0,23792.619140625,79.007
Cyprus,CYP,2005,1036151.0,24959.26171875,79.198
Cyprus,CYP,2006,1054418.0,26729.28125,79.456
Cyprus,CYP,2007,1072714.0,31244.87890625,79.798
Cyprus,CYP,2008,1091026.0,35397.296875,79.906
Cyprus,CYP,2009,1109371.0,32236.44921875,80.375
Cyprus,CYP,2010,1127816.0,31105.02734375,80.632
Cyprus,CYP,2011,1146493.0,32485.798828125,80.855
Cyprus,CYP,2012,1165397.0,28991.935546875,81.128
Cyprus,CYP,2013,1183895.0,27764.73046875,81.317
Cyprus,CYP,2014,1201801.0,26993.103515625,81.337
Cyprus,CYP,2015,1219502.0,23088.44140625,81.464
Cyprus,CYP,2016,1237112.0,24280.056640625,81.534
Cyprus,CYP,2017,1254275.0,26247.44921875,81.543
Cyprus,CYP,2018,1270737.0,29120.375,81.556
Cyprus,CYP,2019,1286671.0,29227.173828125,81.454
Cyprus,CYP,2020,1302247.0,28130.341796875,81.23
Cyprus,CYP,2021,1317309.0,32937.83984375,80.573
Cyprus,CYP,2022,1331370.0,33231.04296875,80.434
Cyprus,CYP,2023,1344976.0,36623.69140625,81.648
Czechia,CZE,1990,10333355.0,3969.36733543794,71.3839024390244
Czechia,CZE,1991,10308578.0,2917.08655474323,71.8982926829268
Czechia,CZE,1992,10319123.0,3396.70972430469,72.2717073170732
Czechia,CZE,1993,10329855.0,3984.1463439879,72.7678048780488
Czechia,CZE,1994,10333587.0,4663.28665345469,72.9726829268293
Czechia,CZE,1995,10327253.0,5865.29460556726,73.0748780487805
Czechia,CZE,1996,10315241.0,6573.19643136362,73.7146341463415
Czechia,CZE,1997,10304131.0,6069.38762357837,73.8248780487805
Czechia,CZE,1998,10294373.0,6526.59635780951,74.5146341463415
Czechia,CZE,1999,10283860.0,6377.6211077224,74.6682926829268
Czechia,CZE,2000,10255063.0,6062.92152842793,74.9682926829268
Czechia,CZE,2001,10216605.0,6669.07494847497,75.1731707317073
Czechia,CZE,2002,10196916.0,8101.26018588111,75.2219512195122
Czechia,CZE,2003,10193998.0,9852.45677945801,75.1707317073171
Czechia,CZE,2004,10197101.0,11782.5546676117,75.7219512195122
Czechia,CZE,2005,10211216.0,13442.4916284309,75.9243902439025
Czechia,CZE,2006,10238905.0,15259.0788162004,76.5243902439024
Czechia,CZE,2007,10298828.0,18452.6532812196,76.7243902439025
Czechia,CZE,2008,10384603.0,22774.7045076205,76.9756097560976
Czechia,CZE,2009,10443936.0,19817.4215836554,77.0780487804878
Czechia,CZE,2010,10474410.0,20160.4355077059,77.4243902439025
Czechia,CZE,2011,10496088.0,22049.1080788682,77.8731707317073
Czechia,CZE,2012,10510785.0,20014.0354015165,78.0756097560976
Czechia,CZE,2013,10514272.0,20260.4954999375,78.1756097560976
Czechia,CZE,2014,10525347.0,20038.4163180257,78.8243902439024
Czechia,CZE,2015,10546059.0,17931.5987670768,78.5780487804878
Czechia,CZE,2016,10566332.0,18753.9686718096,79.0268292682927
Czechia,CZE,2017,10594438.0,20913.197632212,78.9780487804878
Czechia,CZE,2018,10629928.0,23705.9329811299,79.0292682926829
Czechia,CZE,2019,10671870.0,24062.7190013343,79.2292682926829
Czechia,CZE,2020,10697858.0,23472.8915454417,78.2268292682927
Czechia,CZE,2021,10505772.0,27696.4619527544,77.2219512195122
Czechia,CZE,2022,10672118.0,28282.2236715857,78.9292682926829
Czechia,CZE,2023,10864042.0,31761.5944102491,79.8780487804878
Denmark,DNK,1960,4579603.0,1389.0213943225,72.1765853658537
Denmark,DNK,1961,4611687.0,1530.53779004389,72.4382926829268
Denmark,DNK,1962,4647727.0,1711.2181376602,72.319756097561
Denmark,DNK,1963,4684483.0,1807.25279179793,72.4004878048781
Denmark,DNK,1964,4722072.0,2049.39724281483,72.4851219512195
Denmark,DNK,1965,4759012.0,2284.22850484956,72.3707317073171
Denmark,DNK,1966,4797381.0,2487.13627144432,72.4441463414634
Denmark,DNK,1967,4835354.0,2700.74637883336,72.9221951219512
Denmark,DNK,1968,4864883.0,2776.13544525805,73.1214634146341
Denmark,DNK,1969,4891860.0,3151.13324311543,73.2209756097561
Denmark,DNK,1970,4928757.0,3464.45518278408,73.3434146341463
Denmark,DNK,1971,4963126.0,3845.59906810072,73.4146341463415
Denmark,DNK,1972,4991596.0,4653.95587889115,73.4390243902439
Denmark,DNK,1973,5021861.0,6116.89199229142,73.6821951219512
Denmark,DNK,1974,5045297.0,6763.86592918646,73.8082926829268
Denmark,DNK,1975,5059862.0,7988.15613263518,74.0751219512195
Denmark,DNK,1976,5072596.0,8773.3396162771,73.739756097561
Denmark,DNK,1977,5088419.0,9769.57864283968,74.6324390243903
Denmark,DNK,1978,5104248.0,11817.6250875179,74.3929268292683
Denmark,DNK,1979,5116801.0,13757.2343740839,74.2192682926829
Denmark,DNK,1980,5123027.0,13822.1578405912,74.1017073170732
Denmark,DNK,1981,5121572.0,12000.2103769191,74.2304878048781
Denmark,DNK,1982,5117810.0,11740.2199128271,74.5512195121951
Denmark,DNK,1983,5114297.0,11796.5691955784,74.4204878048781
Denmark,DNK,1984,5111619.0,11516.6821578436,74.5621951219512
Denmark,DNK,1985,5113691.0,12212.7873997293,74.4275609756098
Denmark,DNK,1986,5120534.0,17136.6297376226,74.579756097561
Denmark,DNK,1987,5127024.0,21295.6768566078,74.6912195121951
Denmark,DNK,1988,5129516.0,22524.5792595476,74.7717073170732
Denmark,DNK,1989,5132594.0,21882.1517463842,74.799756097561
Denmark,DNK,1990,5140939.0,26885.6994188191,74.8053658536585
Denmark,DNK,1991,5154298.0,27002.8057705804,75.1578048780488
Denmark,DNK,1992,5171370.0,29579.4913648682,75.1941463414634
Denmark,DNK,1993,5188628.0,27581.7241097459,75.1168292682927
Denmark,DNK,1994,5206180.0,29967.8303903163,75.3751219512195
Denmark,DNK,1995,5233373.0,35321.0980773087,75.2126829268293
Denmark,DNK,1996,5263074.0,35621.9878051732,75.5914634146342
Denmark,DNK,1997,5284991.0,32779.879045297,75.9451219512195
Denmark,DNK,1998,5304219.0,33346.4884298957,76.1390243902439
Denmark,DNK,1999,5321799.0,33426.2381077405,76.3414634146341
Denmark,DNK,2000,5339616.0,30722.0251837567,76.5926829268293
Denmark,DNK,2001,5358783.0,30768.4775471112,76.7926829268293
Denmark,DNK,2002,5375931.0,33257.1622586509,76.8951219512195
Denmark,DNK,2003,5390574.0,40519.0974905924,77.1439024390244
Denmark,DNK,2004,5404523.0,46625.050098011,77.4926829268293
Denmark,DNK,2005,5419432.0,48925.8076698784,77.8439024390244
Denmark,DNK,2006,5437272.0,52119.1787984282,78.0951219512195
Denmark,DNK,2007,5461438.0,58631.6566433635,78.1951219512195
Denmark,DNK,2008,5493621.0,64616.6657583663,78.4463414634146
Denmark,DNK,2009,5523095.0,58412.7472358513,78.5975609756098
Denmark,DNK,2010,5547683.0,58104.5445594981,79.1
Denmark,DNK,2011,5570572.0,61809.737898222,79.8
Denmark,DNK,2012,5591572.0,58443.7747103968,80.0512195121951
Denmark,DNK,2013,5614932.0,61377.5940590412,80.3
Denmark,DNK,2014,5643475.0,62520.4509747011,80.7
Denmark,DNK,2015,5683483.0,53094.0133607574,80.7024390243902
Denmark,DNK,2016,5728010.0,54500.9260410217,80.8536585365854
Denmark,DNK,2017,5764980.0,57521.5514992225,81.1024390243903
Denmark,DNK,2018,5793636.0,61324.7665045565,80.9536585365854
Denmark,DNK,2019,5814422.0,59404.2663247723,81.4512195121951
Denmark,DNK,2020,5831404.0,60985.4885601514,81.6024390243903
Denmark,DNK,2021,5856733.0,69340.7334922138,81.4048780487805
Denmark,DNK,2022,5903037.0,67781.0940939514,81.3048780487805
Denmark,DNK,2023,5946952.0,68043.5466971243,81.8536585365854
Djibouti,DJI,1985,402687.0,846.785538068015,54.075
Djibouti,DJI,1987,454399.0,821.682570354282,54.832
Djibouti,DJI,1988,484523.0,816.874614065329,55.133
Djibouti,DJI,1989,523355.0,781.9168386713,55.369
Djibouti,DJI,1990,579538.0,780.497719360725,55.469
Djibouti,DJI,1991,631092.0,732.733101553782,55.194
Djibouti,DJI,1992,626010.0,763.659214503152,54.375
Djibouti,DJI,1993,614245.0,758.733842733535,55.734
Djibouti,DJI,1994,626710.0,784.556207408331,55.592
Djibouti,DJI,1995,633074.0,786.201866748458,56.234
Djibouti,DJI,1996,648348.0,761.943659476655,56.33
Djibouti,DJI,1997,671817.0,748.232840194914,56.207
Djibouti,DJI,1998,699352.0,735.349107889529,56.426
Djibouti,DJI,1999,724218.0,740.21930978973,56.564
Djibouti,DJI,2000,747318.0,737.612183644052,56.734
Djibouti,DJI,2001,771313.0,742.133791107063,57.506
Djibouti,DJI,2002,795574.0,743.013270420348,57.824
Djibouti,DJI,2003,813519.0,764.634465224597,58.041
Djibouti,DJI,2004,826124.0,806.261652944964,58.103
Djibouti,DJI,2005,839167.0,844.4483573908,58.548
Djibouti,DJI,2006,855764.0,898.464628136774,58.962
Djibouti,DJI,2007,874528.0,969.573220191902,59.362
Djibouti,DJI,2008,892734.0,1119.15233346969,59.815
Djibouti,DJI,2009,911527.0,1150.9375857489,60.351
Djibouti,DJI,2010,930251.0,1213.23352553429,60.743
Djibouti,DJI,2011,948558.0,1306.34552844977,61.337
Djibouti,DJI,2012,966747.0,1400.19357858954,61.719
Djibouti,DJI,2013,984824.0,2075.94498424748,62.116
Djibouti,DJI,2014,1002717.0,2214.62084142432,62.427
Djibouti,DJI,2015,1020313.0,2376.12554719873,62.833
Djibouti,DJI,2016,1037653.0,2510.4300076241,63.335
Djibouti,DJI,2017,1054841.0,2618.95521147369,63.71
Djibouti,DJI,2018,1071882.0,2718.08338799203,64.105
Djibouti,DJI,2019,1088709.0,2837.16902340932,64.381
Djibouti,DJI,2020,1105188.0,2844.88810647853,64.2
Djibouti,DJI,2021,1121248.0,3025.91126413549,63.83
Djibouti,DJI,2022,1137096.0,3133.25779772463,65.54
Djibouti,DJI,2023,1152944.0,3381.29779710722,65.987
Dominica,DMA,1977,72406.0,633.551741670682,69.715
Dominica,DMA,1978,72724.0,785.575814800555,70.115
Dominica,DMA,1979,72959.0,754.091460805232,69.195
Dominica,DMA,1980,73083.0,996.191362332325,71.013
Dominica,DMA,1981,72986.0,1124.97453088416,71.46
Dominica,DMA,1982,72688.0,1231.66928057818,71.749
Dominica,DMA,1983,72365.0,1363.43800844996,72.005
Dominica,DMA,1984,72056.0,1514.89217748336,71.913
Dominica,DMA,1985,71744.0,1665.53207185218,71.918
Dominica,DMA,1986,71406.0,1892.86556477773,71.671
Dominica,DMA,1987,71023.0,2138.30385149099,71.368
Dominica,DMA,1988,70608.0,2423.32574317463,70.974
Dominica,DMA,1989,70153.0,2639.0495483153,70.663
Dominica,DMA,1990,69627.0,2892.9815966454,70.471
Dominica,DMA,1991,69296.0,3171.36577815405,70.398
Dominica,DMA,1992,69325.0,3376.26050139573,70.473
Dominica,DMA,1993,69433.0,3536.15609185727,70.612
Dominica,DMA,1994,69477.0,3805.20278759984,70.777
Dominica,DMA,1995,69469.0,3951.72267086358,70.832
Dominica,DMA,1996,69410.0,4210.99532034556,71.039
Dominica,DMA,1997,69299.0,4372.19712966838,71.195
Dominica,DMA,1998,69124.0,4664.24268142919,71.352
Dominica,DMA,1999,68870.0,4817.18105502046,71.527
Dominica,DMA,2000,68511.0,4867.39896323759,71.715
Dominica,DMA,2001,68288.0,5527.51527300496,71.862
Dominica,DMA,2002,68367.0,5488.02784969357,71.927
Dominica,DMA,2003,68531.0,5447.44011496284,71.942
Dominica,DMA,2004,68649.0,5778.83306546506,71.987
Dominica,DMA,2005,68734.0,5695.22442394675,72.016
Dominica,DMA,2006,68806.0,6055.78109574854,72.007
Dominica,DMA,2007,68847.0,6459.03503689609,71.901
Dominica,DMA,2008,68854.0,6971.32633839289,71.945
Dominica,DMA,2009,68864.0,7487.49010395154,71.835
Dominica,DMA,2010,68859.0,7549.61964680375,71.68
Dominica,DMA,2011,69053.0,7705.40717248319,71.517
Dominica,DMA,2012,69118.0,7528.51001990155,71.391
Dominica,DMA,2013,69715.0,7822.21797211398,71.228
Dominica,DMA,2014,70373.0,8131.74876096735,71.189
Dominica,DMA,2015,70410.0,8282.59874702141,69.968
Dominica,DMA,2016,69606.0,8802.56172041363,71.189
Dominica,DMA,2017,68496.0,8224.64896571414,68.62
Dominica,DMA,2018,68174.0,9215.3085405645,71.378
Dominica,DMA,2019,67880.0,9491.14995962374,71.305
Dominica,DMA,2020,67573.0,7827.74842680426,71.269
Dominica,DMA,2021,67202.0,8376.40414141113,69.832
Dominica,DMA,2022,66826.0,9323.66089490562,71.081
Dominica,DMA,2023,66510.0,9912.96212766668,71.132
Dominican Republic,DOM,1960,3268336.0,205.731509857004,51.705
Dominican Republic,DOM,1961,3373233.0,193.908988795022,52.447
Dominican Republic,DOM,1962,3479936.0,236.814700040461,53.199
Dominican Republic,DOM,1963,3588287.0,262.186358003136,53.754
Dominican Republic,DOM,1964,3698559.0,277.29715816349,54.653
Dominican Republic,DOM,1965,3808963.0,233.160574151022,52.842
Dominican Republic,DOM,1966,3921847.0,250.876691518053,55.965
Dominican Republic,DOM,1967,4038928.0,256.20659739416,56.646
Dominican Republic,DOM,1968,4157189.0,259.574438400563,57.272
Dominican Republic,DOM,1969,4277035.0,287.699305710615,57.886
Dominican Republic,DOM,1970,4399290.0,337.668123719964,58.493
Dominican Republic,DOM,1971,4524234.0,368.349647697268,59.09
Dominican Republic,DOM,1972,4651883.0,427.224846368664,59.661
Dominican Republic,DOM,1973,4782227.0,490.3154952703,60.228
Dominican Republic,DOM,1974,4914197.0,595.356677805143,60.757
Dominican Republic,DOM,1975,5046776.0,713.168169144024,61.254
Dominican Republic,DOM,1976,5180404.0,762.778347016951,61.739
Dominican Republic,DOM,1977,5315443.0,862.976049221109,62.2
Dominican Republic,DOM,1978,5451882.0,868.397371769969,62.624
Dominican Republic,DOM,1979,5589690.0,983.739706495351,62.425
Dominican Republic,DOM,1980,5729037.0,1180.18089253045,63.391
Dominican Republic,DOM,1981,5868453.0,1288.46563140235,63.776
Dominican Republic,DOM,1982,6007114.0,1376.26820466534,64.198
Dominican Republic,DOM,1983,6147248.0,1499.95575255789,64.63
Dominican Republic,DOM,1984,6289040.0,1843.52460788928,65.134
Dominican Republic,DOM,1985,6430404.0,784.488809604008,65.614
Dominican Republic,DOM,1986,6571208.0,931.659530115685,66.059
Dominican Republic,DOM,1987,6712515.0,868.087557831807,66.49
Dominican Republic,DOM,1988,6855734.0,783.913142122635,66.914
Dominican Republic,DOM,1989,7002295.0,954.914504449885,67.331
Dominican Republic,DOM,1990,7151166.0,989.163941207659,67.746
Dominican Republic,DOM,1991,7299853.0,1345.84673690623,68.154
Dominican Republic,DOM,1992,7447474.0,1558.29782071075,68.525
Dominican Republic,DOM,1993,7594572.0,1722.41995993981,68.86
Dominican Republic,DOM,1994,7741694.0,1891.67055679,69.16
Dominican Republic,DOM,1995,7888115.0,2109.16940728689,69.394
Dominican Republic,DOM,1996,8032894.0,2270.86558687203,69.595
Dominican Republic,DOM,1997,8174078.0,2448.89393535363,69.809
Dominican Republic,DOM,1998,8310362.0,2607.85457321405,69.875
Dominican Republic,DOM,1999,8446208.0,2620.8896817272,70.178
Dominican Republic,DOM,2000,8584190.0,2831.45883638033,70.365
Dominican Republic,DOM,2001,8720283.0,2935.89367312668,70.553
Dominican Republic,DOM,2002,8852235.0,3065.60329524196,70.719
Dominican Republic,DOM,2003,8980620.0,2383.26171780393,70.856
Dominican Republic,DOM,2004,9104892.0,2451.69161616569,70.73
Dominican Republic,DOM,2005,9225034.0,3878.31206735244,71.043
Dominican Republic,DOM,2006,9341183.0,4055.14270347371,71.054
Dominican Republic,DOM,2007,9455658.0,4649.64558875814,71.097
Dominican Republic,DOM,2008,9573130.0,5023.58513403515,71.331
Dominican Republic,DOM,2009,9695265.0,4973.95186999952,71.587
Dominican Republic,DOM,2010,9820175.0,5478.62470398954,72.039
Dominican Republic,DOM,2011,9945621.0,5826.51014109195,72.496
Dominican Republic,DOM,2012,10070411.0,6013.81965002603,72.817
Dominican Republic,DOM,2013,10193833.0,6136.59429329301,73.038
Dominican Republic,DOM,2014,10315528.0,6496.45166971142,73.145
Dominican Republic,DOM,2015,10434829.0,6800.95309395474,72.982
Dominican Republic,DOM,2016,10551430.0,7160.44200982307,72.889
Dominican Republic,DOM,2017,10666843.0,7412.71571571512,73.37
Dominican Republic,DOM,2018,10782053.0,7882.98221584944,73.555
Dominican Republic,DOM,2019,10894043.0,8183.01623600375,73.112
Dominican Republic,DOM,2020,11008300.0,7135.22273255899,72.636
Dominican Republic,DOM,2021,11123476.0,8527.0754858205,71.757
Dominican Republic,DOM,2022,11230734.0,10104.2449349081,74.211
Dominican Republic,DOM,2023,11331265.0,10630.431743829,73.72
Early-demographic dividend,EAR,1960,968909356.0,149.365548876014,46.9134137524997
Early-demographic dividend,EAR,1961,994176841.0,158.516274774966,47.4049371428945
Early-demographic dividend,EAR,1962,1020130725.0,156.289671717434,47.8504747085533
Early-demographic dividend,EAR,1963,1046697479.0,168.142193367347,48.2540310248326
Early-demographic dividend,EAR,1964,1074021283.0,187.912844563027,48.7359855859096
Early-demographic dividend,EAR,1965,1101264258.0,198.818331762015,47.7516142402706
Early-demographic dividend,EAR,1966,1128474732.0,192.18673394374,48.7556114037242
Early-demographic dividend,EAR,1967,1156817324.0,197.941783589278,49.4353473393953
Early-demographic dividend,EAR,1968,1185936827.0,210.496332209591,50.4370799998856
Early-demographic dividend,EAR,1969,1215536741.0,229.483856084865,50.8367203829321
Early-demographic dividend,EAR,1970,1245960808.0,238.291608642772,50.7562265845122
Early-demographic dividend,EAR,1971,1276141826.0,250.494530710009,50.1319645082879
Early-demographic dividend,EAR,1972,1307009646.0,269.859969061756,51.9456584454006
Early-demographic dividend,EAR,1973,1339671375.0,336.896059973761,52.3605692852105
Early-demographic dividend,EAR,1974,1373219822.0,460.725913425284,52.8062312551309
Early-demographic dividend,EAR,1975,1407636737.0,481.179666235853,53.2230312637084
Early-demographic dividend,EAR,1976,1442753987.0,512.907760931776,53.7430270036141
Early-demographic dividend,EAR,1977,1478479688.0,559.650363228133,54.3131938907929
Early-demographic dividend,EAR,1978,1514572817.0,623.757201750048,54.8255944030019
Early-demographic dividend,EAR,1979,1552194676.0,716.299464233645,55.521187561392
Early-demographic dividend,EAR,1980,1591961664.0,868.426587879801,56.0689071700147
Early-demographic dividend,EAR,1981,1634107159.0,937.459873358865,56.5244719931505
Early-demographic dividend,EAR,1982,1677532811.0,870.647608944326,57.0197488498526
Early-demographic dividend,EAR,1983,1721104015.0,856.430768502953,57.4510681138408
Early-demographic dividend,EAR,1984,1765269111.0,846.73364680674,57.9894302688143
Early-demographic dividend,EAR,1985,1810019176.0,823.462882791905,58.4763972056237
Early-demographic dividend,EAR,1986,1855391159.0,807.395724412824,58.9311533667492
Early-demographic dividend,EAR,1987,1901405537.0,800.414142936597,59.5262782264047
Early-demographic dividend,EAR,1988,1947928955.0,824.760473918877,59.9083479091239
Early-demographic dividend,EAR,1989,1994666990.0,819.312297121629,60.3479926774692
Early-demographic dividend,EAR,1990,2044241467.0,936.989879630286,60.6383261325043
Early-demographic dividend,EAR,1991,2092102478.0,971.321737310106,60.9285000051494
Early-demographic dividend,EAR,1992,2138854231.0,1032.31298955358,61.3966854252467
Early-demographic dividend,EAR,1993,2184656122.0,1090.31033442221,61.7375698841275
Early-demographic dividend,EAR,1994,2228719169.0,1122.66616303659,61.9773008421088
Early-demographic dividend,EAR,1995,2273692181.0,1150.91452190581,62.4045286349908
Early-demographic dividend,EAR,1996,2321284245.0,1221.88459499685,62.7427843008096
Early-demographic dividend,EAR,1997,2369042441.0,1278.98377914407,63.0987415789804
Early-demographic dividend,EAR,1998,2416119734.0,1209.079710361,63.4369665976201
Early-demographic dividend,EAR,1999,2462704115.0,1255.06572658008,63.7793798044262
Early-demographic dividend,EAR,2000,2509431470.0,1346.2395395696,64.2196098284934
Early-demographic dividend,EAR,2001,2556335424.0,1311.18270829395,64.55670545203
Early-demographic dividend,EAR,2002,2601917557.0,1251.30296598532,64.9680746751559
Early-demographic dividend,EAR,2003,2647109296.0,1368.47911219559,65.2791550496845
Early-demographic dividend,EAR,2004,2693184997.0,1563.10591131168,65.5132392756465
Early-demographic dividend,EAR,2005,2738846905.0,1788.28350980842,65.9797864104925
Early-demographic dividend,EAR,2006,2784726644.0,2011.10903452871,66.3919300050345
Early-demographic dividend,EAR,2007,2830531957.0,2342.68810678142,66.7605467353128
Early-demographic dividend,EAR,2008,2875943965.0,2594.55632797992,67.0218187568003
Early-demographic dividend,EAR,2009,2921563644.0,2457.28657966372,67.496408245139
Early-demographic dividend,EAR,2010,2967104472.0,2938.79859415379,67.8244434669729
Early-demographic dividend,EAR,2011,3013476947.0,3262.90999134968,68.2600380693651
Early-demographic dividend,EAR,2012,3058869436.0,3359.13086538369,68.6094630284122
Early-demographic dividend,EAR,2013,3103677284.0,3328.41752232259,68.962837783411
Early-demographic dividend,EAR,2014,3146800078.0,3347.32555792556,69.3249758824304
Early-demographic dividend,EAR,2015,3190318707.0,3174.36962020929,69.6305484421664
Early-demographic dividend,EAR,2016,3233033717.0,3223.9805446069,69.9484837084835
Early-demographic dividend,EAR,2017,3274060446.0,3457.64943157186,70.2729949393554
Early-demographic dividend,EAR,2018,3314245247.0,3463.50882263375,70.5486659921504
Early-demographic dividend,EAR,2019,3355014793.0,3483.31545469615,70.8424064605001
Early-demographic dividend,EAR,2020,3396051187.0,3187.03781234801,69.8801308490982
Early-demographic dividend,EAR,2021,3432026092.0,3698.98363187847,68.1790994839634
Early-demographic dividend,EAR,2022,3470644834.0,4043.82776331568,71.4304552508694
Early-demographic dividend,EAR,2023,3511607650.0,4252.59733415786,71.7962449795855
East Asia & Pacific,EAS,1960,1042818620.0,150.859457445814,41.7077571998044
East Asia & Pacific,EAS,1961,1044749888.0,151.759431810602,46.3219218941066
East Asia & Pacific,EAS,1962,1059216594.0,153.204628797351,53.3100671112346
East Asia & Pacific,EAS,1963,1085095424.0,166.907093854542,53.9106157683897
East Asia & Pacific,EAS,1964,1110651177.0,187.212848491953,54.5116155619844
East Asia & Pacific,EAS,1965,1136869154.0,203.577743219365,54.3828119308802
East Asia & Pacific,EAS,1966,1166223463.0,222.051460731588,55.3828850035083
East Asia & Pacific,EAS,1967,1194633135.0,235.576978819233,56.3184553539095
East Asia & Pacific,EAS,1968,1224397449.0,253.935783109729,56.7807399684129
East Asia & Pacific,EAS,1969,1256167955.0,285.408436398002,57.4977516700386
East Asia & Pacific,EAS,1970,1288721548.0,320.403969139419,58.1074187606119
East Asia & Pacific,EAS,1971,1322856516.0,346.871556973199,58.8951346655867
East Asia & Pacific,EAS,1972,1354228289.0,421.264763056711,59.4339117165802
East Asia & Pacific,EAS,1973,1384605041.0,543.111178001157,60.2382480997819
East Asia & Pacific,EAS,1974,1413496627.0,613.865677463368,60.8146155439201
East Asia & Pacific,EAS,1975,1439634332.0,659.612813010632,61.5247084281974
East Asia & Pacific,EAS,1976,1463747757.0,713.637986891867,61.8888637176415
East Asia & Pacific,EAS,1977,1486397441.0,837.48490815821,62.8630319979597
East Asia & Pacific,EAS,1978,1509073118.0,1042.00800228179,63.4162170600045
East Asia & Pacific,EAS,1979,1532261700.0,1114.65161511771,64.0552181360129
East Asia & Pacific,EAS,1980,1555055871.0,1188.17847086814,64.5196525642241
East Asia & Pacific,EAS,1981,1578588756.0,1289.27732595594,64.9915195437221
East Asia & Pacific,EAS,1982,1604460320.0,1242.66164799436,65.4523671492189
East Asia & Pacific,EAS,1983,1630462798.0,1301.62167510648,65.8821127030231
East Asia & Pacific,EAS,1984,1655263328.0,1371.62394802451,66.3052538575868
East Asia & Pacific,EAS,1985,1680467718.0,1425.07387579006,66.6870005932968
East Asia & Pacific,EAS,1986,1706848439.0,1833.48735926913,67.0393832784245
East Asia & Pacific,EAS,1987,1734703629.0,2118.31901292557,67.4117708179475
East Asia & Pacific,EAS,1988,1762936165.0,2505.86716715602,67.7134517924494
East Asia & Pacific,EAS,1989,1790597018.0,2569.5527191665,68.0497123523572
East Asia & Pacific,EAS,1990,1817735909.0,2642.45766205625,68.2825492584448
East Asia & Pacific,EAS,1991,1844189975.0,2942.86527561313,68.6751933934946
East Asia & Pacific,EAS,1992,1869074614.0,3174.20680565294,69.0651062725422
East Asia & Pacific,EAS,1993,1893258583.0,3505.51573409276,69.4645680383496
East Asia & Pacific,EAS,1994,1917389243.0,3872.66469966508,69.7609957361386
East Asia & Pacific,EAS,1995,1941185229.0,4345.04839008217,70.0243977782735
East Asia & Pacific,EAS,1996,1964830092.0,4138.00861008622,70.4333037747705
East Asia & Pacific,EAS,1997,1988067577.0,3909.67282575326,70.790128954889
East Asia & Pacific,EAS,1998,2010443502.0,3459.91050076763,71.0996369774154
East Asia & Pacific,EAS,1999,2030912462.0,3827.75756789564,71.367553266776
East Asia & Pacific,EAS,2000,2050149617.0,4103.33628080966,71.7028323240299
East Asia & Pacific,EAS,2001,2068682053.0,3783.30921974687,72.0413059988773
East Asia & Pacific,EAS,2002,2086144389.0,3813.81685560294,72.3571058107458
East Asia & Pacific,EAS,2003,2102761941.0,4162.83398166818,72.7346908938812
East Asia & Pacific,EAS,2004,2118747885.0,4634.6623943391,72.812660596894
East Asia & Pacific,EAS,2005,2134573057.0,4910.91472643792,73.2984345512681
East Asia & Pacific,EAS,2006,2150688938.0,5170.318905428,73.5640440034614
East Asia & Pacific,EAS,2007,2167046538.0,5739.38750773872,73.8948513504332
East Asia & Pacific,EAS,2008,2183472438.0,6569.11576512158,73.8481629943997
East Asia & Pacific,EAS,2009,2199148703.0,6713.65045131004,74.3683471715786
East Asia & Pacific,EAS,2010,2214613815.0,7784.344658223,74.6299790050688
East Asia & Pacific,EAS,2011,2230826576.0,8955.7486981995,74.8252830592191
East Asia & Pacific,EAS,2012,2249081393.0,9507.12974075371,75.1059726864745
East Asia & Pacific,EAS,2013,2267072102.0,9553.8618750751,75.3347729864006
East Asia & Pacific,EAS,2014,2284385542.0,9793.53363771993,75.5644270391791
East Asia & Pacific,EAS,2015,2300844269.0,9691.70576095154,75.7926010192991
East Asia & Pacific,EAS,2016,2317076058.0,9965.00400107685,75.9870166732102
East Asia & Pacific,EAS,2017,2333475520.0,10566.2828244863,76.0789923585537
East Asia & Pacific,EAS,2018,2347576325.0,11438.8584591418,76.3914229383171
East Asia & Pacific,EAS,2019,2359762190.0,11622.8915284735,76.5862412994962
East Asia & Pacific,EAS,2020,2369420882.0,11639.4853357389,76.5433946923267
East Asia & Pacific,EAS,2021,2375117716.0,13336.4841670883,76.152941315904
East Asia & Pacific,EAS,2022,2379617118.0,13139.2109813612,76.6767167147452
East Asia & Pacific,EAS,2023,2384441485.0,13176.1786055635,76.6594177267807
East Asia & Pacific (IDA & IBRD countries),TEA,1960,884252517.0,91.3802571544007,37.6087627658498
East Asia & Pacific (IDA & IBRD countries),TEA,1961,883558197.0,80.5543140095915,42.8910858220991
East Asia & Pacific (IDA & IBRD countries),TEA,1962,895224912.0,72.5209927013903,51.0883378832305
East Asia & Pacific (IDA & IBRD countries),TEA,1963,918259043.0,76.4669229998067,51.6887104308907
East Asia & Pacific (IDA & IBRD countries),TEA,1964,940909509.0,86.1944413412986,52.3384197593711
East Asia & Pacific (IDA & IBRD countries),TEA,1965,964163938.0,98.01030811847,52.1687874308125
East Asia & Pacific (IDA & IBRD countries),TEA,1966,990719244.0,104.345470535028,53.31083747888
East Asia & Pacific (IDA & IBRD countries),TEA,1967,1016529846.0,98.7397966811936,54.2096539770638
East Asia & Pacific (IDA & IBRD countries),TEA,1968,1043349620.0,97.2605818901622,54.7509307707098
East Asia & Pacific (IDA & IBRD countries),TEA,1969,1071912603.0,106.44617894735,55.5489147723591
East Asia & Pacific (IDA & IBRD countries),TEA,1970,1101240545.0,115.371975482505,56.2414919355644
East Asia & Pacific (IDA & IBRD countries),TEA,1971,1131095541.0,120.627148449905,57.0542179232734
East Asia & Pacific (IDA & IBRD countries),TEA,1972,1159220113.0,134.020481612005,57.6393408909489
East Asia & Pacific (IDA & IBRD countries),TEA,1973,1186384756.0,164.713132861926,58.5512779580457
East Asia & Pacific (IDA & IBRD countries),TEA,1974,1212035036.0,182.701577930808,59.1691881450862
East Asia & Pacific (IDA & IBRD countries),TEA,1975,1235222835.0,201.194079350329,59.9202862367276
East Asia & Pacific (IDA & IBRD countries),TEA,1976,1256698596.0,201.071871936437,60.2891742701396
East Asia & Pacific (IDA & IBRD countries),TEA,1977,1276830008.0,228.08829233148,61.3548956813247
East Asia & Pacific (IDA & IBRD countries),TEA,1978,1297059239.0,217.901256348868,61.9489305698585
East Asia & Pacific (IDA & IBRD countries),TEA,1979,1317673957.0,248.354130559149,62.6296880332687
East Asia & Pacific (IDA & IBRD countries),TEA,1980,1338009609.0,282.172716876686,63.1567595252831
East Asia & Pacific (IDA & IBRD countries),TEA,1981,1358992800.0,296.638660486771,63.6459429118303
East Asia & Pacific (IDA & IBRD countries),TEA,1982,1382326011.0,306.301092040175,64.1221435033479
East Asia & Pacific (IDA & IBRD countries),TEA,1983,1405938773.0,315.356013514066,64.6034816651287
East Asia & Pacific (IDA & IBRD countries),TEA,1984,1428557744.0,336.28597041083,65.0348840568245
East Asia & Pacific (IDA & IBRD countries),TEA,1985,1451742188.0,362.345629981071,65.4345332481052
East Asia & Pacific (IDA & IBRD countries),TEA,1986,1476236205.0,355.377868708384,65.7880180578551
East Asia & Pacific (IDA & IBRD countries),TEA,1987,1502192372.0,345.154435745665,66.1705125087584
East Asia & Pacific (IDA & IBRD countries),TEA,1988,1528559240.0,376.514745475974,66.515794255539
East Asia & Pacific (IDA & IBRD countries),TEA,1989,1554321275.0,400.299436208748,66.8586401713104
East Asia & Pacific (IDA & IBRD countries),TEA,1990,1579651917.0,422.071410076562,67.1059418173639
East Asia & Pacific (IDA & IBRD countries),TEA,1991,1604095270.0,451.285275077955,67.5238103908209
East Asia & Pacific (IDA & IBRD countries),TEA,1992,1627147885.0,499.112755101956,67.9602940182907
East Asia & Pacific (IDA & IBRD countries),TEA,1993,1649557492.0,540.427508690314,68.3913925018719
East Asia & Pacific (IDA & IBRD countries),TEA,1994,1671877438.0,641.960437587345,68.6976175849428
East Asia & Pacific (IDA & IBRD countries),TEA,1995,1693960469.0,781.740273011855,69.1413699380372
East Asia & Pacific (IDA & IBRD countries),TEA,1996,1715764488.0,886.701839756278,69.5404594603161
East Asia & Pacific (IDA & IBRD countries),TEA,1997,1737429846.0,906.493021330197,69.9134519791432
East Asia & Pacific (IDA & IBRD countries),TEA,1998,1758263635.0,818.793324750918,70.2501544733824
East Asia & Pacific (IDA & IBRD countries),TEA,1999,1777464322.0,892.251747150348,70.5482866109716
East Asia & Pacific (IDA & IBRD countries),TEA,2000,1795374943.0,972.833173916046,70.8650826611101
East Asia & Pacific (IDA & IBRD countries),TEA,2001,1812475067.0,1026.6492096959,71.2077369930428
East Asia & Pacific (IDA & IBRD countries),TEA,2002,1828744767.0,1127.25093374819,71.534352902059
East Asia & Pacific (IDA & IBRD countries),TEA,2003,1844349334.0,1266.10778867241,71.8352733706059
East Asia & Pacific (IDA & IBRD countries),TEA,2004,1859450104.0,1456.96694694124,71.8921244592524
East Asia & Pacific (IDA & IBRD countries),TEA,2005,1874487158.0,1673.19096529507,72.440234089532
East Asia & Pacific (IDA & IBRD countries),TEA,2006,1889507244.0,1999.86070779606,72.6983447331159
East Asia & Pacific (IDA & IBRD countries),TEA,2007,1904568042.0,2510.42261993326,73.0450331089394
East Asia & Pacific (IDA & IBRD countries),TEA,2008,1919570287.0,3154.16872851062,72.9707321912267
East Asia & Pacific (IDA & IBRD countries),TEA,2009,1934167856.0,3398.52989667846,73.5161019563418
East Asia & Pacific (IDA & IBRD countries),TEA,2010,1948643347.0,4104.80262362259,73.8065980873171
East Asia & Pacific (IDA & IBRD countries),TEA,2011,1964036970.0,4970.50535493565,74.0266932049917
East Asia & Pacific (IDA & IBRD countries),TEA,2012,1981382735.0,5497.15517271917,74.2971126258118
East Asia & Pacific (IDA & IBRD countries),TEA,2013,1998548872.0,6020.72398510662,74.5190033698096
East Asia & Pacific (IDA & IBRD countries),TEA,2014,2014960984.0,6446.13612359241,74.7479822020749
East Asia & Pacific (IDA & IBRD countries),TEA,2015,2030504270.0,6664.48834577557,74.9777768374826
East Asia & Pacific (IDA & IBRD countries),TEA,2016,2045816761.0,6758.74365728701,75.1832269955477
East Asia & Pacific (IDA & IBRD countries),TEA,2017,2061449949.0,7323.51364847919,75.2671640185859
East Asia & Pacific (IDA & IBRD countries),TEA,2018,2074796982.0,8136.37041895137,75.6101241544348
East Asia & Pacific (IDA & IBRD countries),TEA,2019,2086281644.0,8379.36503263574,75.8042877234534
East Asia & Pacific (IDA & IBRD countries),TEA,2020,2095759417.0,8485.32855185979,75.73384970547
East Asia & Pacific (IDA & IBRD countries),TEA,2021,2102350702.0,10086.4176067356,75.3009806060199
East Asia & Pacific (IDA & IBRD countries),TEA,2022,2107261123.0,10220.4774431567,75.9610347461336
East Asia & Pacific (IDA & IBRD countries),TEA,2023,2111139152.0,10239.8162178816,75.9085643603807
East Asia & Pacific (excluding high income),EAP,1960,895961535.0,90.2785018672539,37.8466800040122
East Asia & Pacific (excluding high income),EAP,1961,895534581.0,79.558508230374,43.0718590813637
East Asia & Pacific (excluding high income),EAP,1962,907473022.0,71.6155290537605,51.1681121036194
East Asia & Pacific (excluding high income),EAP,1963,930810837.0,75.5131219647953,51.7681450573473
East Asia & Pacific (excluding high income),EAP,1964,953783472.0,85.118184629145,52.4171588133588
East Asia & Pacific (excluding high income),EAP,1965,977366928.0,96.7854396235053,52.2581979727025
East Asia & Pacific (excluding high income),EAP,1966,1004271490.0,103.042905274641,53.3933594845253
East Asia & Pacific (excluding high income),EAP,1967,1030471073.0,97.5038099685848,54.2892150551886
East Asia & Pacific (excluding high income),EAP,1968,1057697808.0,96.0395573107908,54.8324592953438
East Asia & Pacific (excluding high income),EAP,1969,1086662478.0,105.108977265853,55.6285450052639
East Asia & Pacific (excluding high income),EAP,1970,1116395242.0,113.922517317223,56.3203931281955
East Asia & Pacific (excluding high income),EAP,1971,1146649477.0,119.112482493189,57.1303709633156
East Asia & Pacific (excluding high income),EAP,1972,1175176176.0,132.336284588938,57.7156512884068
East Asia & Pacific (excluding high income),EAP,1973,1202715705.0,162.64572508994,58.6228455805158
East Asia & Pacific (excluding high income),EAP,1974,1228688547.0,180.40828103172,59.2392889521427
East Asia & Pacific (excluding high income),EAP,1975,1252174248.0,198.672510294299,59.9868509926584
East Asia & Pacific (excluding high income),EAP,1976,1273922384.0,198.554467967616,60.3573474938734
East Asia & Pacific (excluding high income),EAP,1977,1294303118.0,225.243013756806,61.4151431159235
East Asia & Pacific (excluding high income),EAP,1978,1314775496.0,215.184312618709,62.0075440158344
East Asia & Pacific (excluding high income),EAP,1979,1335637622.0,245.267886708048,62.6851715160871
East Asia & Pacific (excluding high income),EAP,1980,1356226475.0,278.675551801578,63.211273103632
East Asia & Pacific (excluding high income),EAP,1981,1377473854.0,292.964871355699,63.6998592239519
East Asia & Pacific (excluding high income),EAP,1982,1401081634.0,302.516685584374,64.1753657541559
East Asia & Pacific (excluding high income),EAP,1983,1424971585.0,311.47279439249,64.6556776282209
East Asia & Pacific (excluding high income),EAP,1984,1447871073.0,332.153258401474,65.0863045216248
East Asia & Pacific (excluding high income),EAP,1985,1471340337.0,357.905467448196,65.4852242844023
East Asia & Pacific (excluding high income),EAP,1986,1496124294.0,351.028816056445,65.8380343385992
East Asia & Pacific (excluding high income),EAP,1987,1522374575.0,340.936766529025,66.2183226855877
East Asia & Pacific (excluding high income),EAP,1988,1549038591.0,371.9254393204,66.5626810949702
East Asia & Pacific (excluding high income),EAP,1989,1575101307.0,395.426029999221,66.9037713059909
East Asia & Pacific (excluding high income),EAP,1990,1600739173.0,416.938782261111,67.1505842545801
East Asia & Pacific (excluding high income),EAP,1991,1625498444.0,445.804753221262,67.5660002700394
East Asia & Pacific (excluding high income),EAP,1992,1648872786.0,493.06088369419,68.000610788992
East Asia & Pacific (excluding high income),EAP,1993,1671604370.0,533.886061731311,68.4232238260309
East Asia & Pacific (excluding high income),EAP,1994,1694244506.0,634.195222952685,68.7211784784976
East Asia & Pacific (excluding high income),EAP,1995,1716602413.0,772.304602057404,69.0308782434899
East Asia & Pacific (excluding high income),EAP,1996,1738632397.0,876.038021478494,69.4257385136911
East Asia & Pacific (excluding high income),EAP,1997,1760512371.0,895.628860781461,69.7948438007995
East Asia & Pacific (excluding high income),EAP,1998,1781546477.0,809.007580493479,70.1277624206179
East Asia & Pacific (excluding high income),EAP,1999,1800932833.0,881.635750156455,70.4226591214606
East Asia & Pacific (excluding high income),EAP,2000,1819011507.0,961.301422369963,70.7357071585237
East Asia & Pacific (excluding high income),EAP,2001,1836260943.0,1014.52467003618,71.0740923872156
East Asia & Pacific (excluding high income),EAP,2002,1852659155.0,1113.99915249896,71.3967499620569
East Asia & Pacific (excluding high income),EAP,2003,1868409996.0,1251.27771535816,71.80399562865
East Asia & Pacific (excluding high income),EAP,2004,1883675167.0,1439.93214543391,71.8588009229193
East Asia & Pacific (excluding high income),EAP,2005,1898853723.0,1653.6791360518,72.3983266445825
East Asia & Pacific (excluding high income),EAP,2006,1914002124.0,1976.63130651455,72.6518704363171
East Asia & Pacific (excluding high income),EAP,2007,1929185103.0,2481.38704492063,72.9937536648264
East Asia & Pacific (excluding high income),EAP,2008,1944305887.0,3117.83131105355,72.9241376220933
East Asia & Pacific (excluding high income),EAP,2009,1959017463.0,3359.51721584875,73.4677878146597
East Asia & Pacific (excluding high income),EAP,2010,1973602166.0,4057.86521472833,73.7616390609633
East Asia & Pacific (excluding high income),EAP,2011,1989106668.0,4913.89394942906,73.9857453156401
East Asia & Pacific (excluding high income),EAP,2012,2006566431.0,5434.82527120289,74.2597872053228
East Asia & Pacific (excluding high income),EAP,2013,2023850158.0,5952.7689297214,74.4859323786011
East Asia & Pacific (excluding high income),EAP,2014,2040383789.0,6373.64846984799,74.7194528121745
East Asia & Pacific (excluding high income),EAP,2015,2056050896.0,6589.77076427461,74.9511243848739
East Asia & Pacific (excluding high income),EAP,2016,2071486140.0,6683.18386700353,75.1559117663434
East Asia & Pacific (excluding high income),EAP,2017,2087238522.0,7241.92533864361,75.2396714880306
East Asia & Pacific (excluding high income),EAP,2018,2100698838.0,8045.94630458507,75.57828618156
East Asia & Pacific (excluding high income),EAP,2019,2112289891.0,8286.3981179292,75.7689690321509
East Asia & Pacific (excluding high income),EAP,2020,2121866294.0,8391.27634645493,75.6976393295064
East Asia & Pacific (excluding high income),EAP,2021,2128553744.0,9974.57829690175,75.2781418410849
East Asia & Pacific (excluding high income),EAP,2022,2133560408.0,10106.9935977814,75.9325409436903
East Asia & Pacific (excluding high income),EAP,2023,2137527754.0,10125.9095208645,75.8806830895266
Ecuador,ECU,1960,4590891.0,450.776317102259,53.396
Ecuador,ECU,1961,4722331.0,371.395176462235,54.052
Ecuador,ECU,1962,4859269.0,312.43541024174,54.681
Ecuador,ECU,1963,5001716.0,364.743594141305,55.322
Ecuador,ECU,1964,5149918.0,435.763463220837,55.95
Ecuador,ECU,1965,5303963.0,450.049782719552,56.524
Ecuador,ECU,1966,5463748.0,444.623111980641,57.019
Ecuador,ECU,1967,5629057.0,453.645285895565,57.482
Ecuador,ECU,1968,5799680.0,445.227989157148,57.946
Ecuador,ECU,1969,5975236.0,520.843984636492,58.267
Ecuador,ECU,1970,6155387.0,465.040319805007,58.85
Ecuador,ECU,1971,6340052.0,434.415880347799,59.343
Ecuador,ECU,1972,6529034.0,487.972047217986,59.816
Ecuador,ECU,1973,6722033.0,578.954930783286,60.306
Ecuador,ECU,1974,6918573.0,953.846558260516,60.7
Ecuador,ECU,1975,7118251.0,1086.17615086517,61.085
Ecuador,ECU,1976,7320912.0,1241.91098461141,61.425
Ecuador,ECU,1977,7526819.0,1464.94058354719,61.935
Ecuador,ECU,1978,7736167.0,1541.13760425322,62.397
Ecuador,ECU,1979,7948869.0,1783.29280581578,62.854
Ecuador,ECU,1980,8165877.0,2189.78417657382,63.326
Ecuador,ECU,1981,8386910.0,2600.57152797996,63.809
Ecuador,ECU,1982,8611298.0,2314.38354547989,64.271
Ecuador,ECU,1983,8840417.0,1940.23393200801,64.659
Ecuador,ECU,1984,9074782.0,1863.68213493779,65.202
Ecuador,ECU,1985,9311154.0,1841.77905481426,65.625
Ecuador,ECU,1986,9545998.0,1604.24698102055,66.123
Ecuador,ECU,1987,9779290.0,1426.01629151663,66.587
Ecuador,ECU,1988,10010808.0,1303.77906073184,67.038
Ecuador,ECU,1989,10241852.0,1356.28045636224,67.817
Ecuador,ECU,1990,10473673.0,1455.00748510871,68.445
Ecuador,ECU,1991,10702380.0,1587.36049996672,69.04
Ecuador,ECU,1992,10930128.0,1655.44613192632,69.468
Ecuador,ECU,1993,11154274.0,1697.88884141445,70.07
Ecuador,ECU,1994,11372197.0,1996.85894789444,70.876
Ecuador,ECU,1995,11590514.0,2108.00698245316,71.349
Ecuador,ECU,1996,11810950.0,2135.8479374308,71.82
Ecuador,ECU,1997,12031127.0,2340.76600026857,72.007
Ecuador,ECU,1998,12251184.0,2284.01572847769,71.949
Ecuador,ECU,1999,12470795.0,1575.30234730971,71.92
Ecuador,ECU,2000,12689206.0,1382.23421759909,72.09
Ecuador,ECU,2001,12910740.0,1791.30359685037,72.571
Ecuador,ECU,2002,13138472.0,2059.1585535974,73.164
Ecuador,ECU,2003,13372306.0,2315.62215223014,73.632
Ecuador,ECU,2004,13608701.0,2586.20914663347,73.868
Ecuador,ECU,2005,13846163.0,2909.02606014388,73.909
Ecuador,ECU,2006,14086131.0,3243.67010359339,74.01
Ecuador,ECU,2007,14328773.0,3478.92488770671,74.226
Ecuador,ECU,2008,14575202.0,4194.75750661981,74.709
Ecuador,ECU,2009,14825954.0,4053.36331139298,74.901
Ecuador,ECU,2010,15076695.0,4520.30959039763,75.188
Ecuador,ECU,2011,15326227.0,5153.6916424375,75.179
Ecuador,ECU,2012,15572194.0,5634.08393191094,75.486
Ecuador,ECU,2013,15807128.0,6109.29031510341,75.832
Ecuador,ECU,2014,16035124.0,6405.79979300441,76.141
Ecuador,ECU,2015,16266225.0,5976.1596805651,76.222
Ecuador,ECU,2016,16505139.0,5917.63771271481,76.094
Ecuador,ECU,2017,16759519.0,6233.32244797718,76.22
Ecuador,ECU,2018,17049547.0,6303.91886658338,77.248
Ecuador,ECU,2019,17340021.0,6205.05765246766,77.286
Ecuador,ECU,2020,17546065.0,5463.64515348598,72.004
Ecuador,ECU,2021,17682454.0,6061.32350181711,72.746
Ecuador,ECU,2022,17823897.0,6515.58528418336,76.577
Ecuador,ECU,2023,17980083.0,6737.84748379638,77.392
"Egypt, Arab Rep.",EGY,1960,26896479.0,156.387397481519,44.436
"Egypt, Arab Rep.",EGY,1961,27600898.0,162.841644181754,45.146
"Egypt, Arab Rep.",EGY,1962,28337013.0,142.409576739705,45.844
"Egypt, Arab Rep.",EGY,1963,29091869.0,143.928402522656,46.493
"Egypt, Arab Rep.",EGY,1964,29858922.0,157.716536507206,47.075
"Egypt, Arab Rep.",EGY,1965,30629174.0,161.567123566919,47.577
"Egypt, Arab Rep.",EGY,1966,31406541.0,168.054342944501,47.988
"Egypt, Arab Rep.",EGY,1967,32196360.0,174.103044536176,48.13
"Egypt, Arab Rep.",EGY,1968,32998319.0,179.774096694265,48.602
"Egypt, Arab Rep.",EGY,1969,33811615.0,192.964908828257,48.7
"Egypt, Arab Rep.",EGY,1970,34623990.0,232.272492342671,49.0
"Egypt, Arab Rep.",EGY,1971,35433368.0,242.971070265891,49.48
"Egypt, Arab Rep.",EGY,1972,36258328.0,256.482815640115,49.908
"Egypt, Arab Rep.",EGY,1973,37102043.0,272.182710085295,50.098
"Egypt, Arab Rep.",EGY,1974,37969667.0,243.061473902314,51.044
"Egypt, Arab Rep.",EGY,1975,38875327.0,299.217518322538,51.734
"Egypt, Arab Rep.",EGY,1976,39795557.0,334.609918474469,52.484
"Egypt, Arab Rep.",EGY,1977,40748870.0,353.403833676533,53.272
"Egypt, Arab Rep.",EGY,1978,41761431.0,354.674246269687,54.075
"Egypt, Arab Rep.",EGY,1979,42818628.0,420.85821686233,54.876
"Egypt, Arab Rep.",EGY,1980,43950413.0,493.053573271061,55.673
"Egypt, Arab Rep.",EGY,1981,45147224.0,490.308796861598,56.454
"Egypt, Arab Rep.",EGY,1982,46407611.0,595.918898169378,57.219
"Egypt, Arab Rep.",EGY,1983,47786402.0,648.013629771434,57.967
"Egypt, Arab Rep.",EGY,1984,49247334.0,689.807675510205,58.697
"Egypt, Arab Rep.",EGY,1985,50734968.0,769.755137148666,59.405
"Egypt, Arab Rep.",EGY,1986,52206295.0,790.201793698565,60.085
"Egypt, Arab Rep.",EGY,1987,53674435.0,753.722263747615,60.736
"Egypt, Arab Rep.",EGY,1988,55187681.0,633.839369496566,61.358
"Egypt, Arab Rep.",EGY,1989,56710642.0,701.037717929191,61.949
"Egypt, Arab Rep.",EGY,1990,58396618.0,735.982935028025,62.513
"Egypt, Arab Rep.",EGY,1991,60028997.0,622.829605007867,63.059
"Egypt, Arab Rep.",EGY,1992,61480660.0,680.79923864551,63.585
"Egypt, Arab Rep.",EGY,1993,62915681.0,740.334217356418,64.147
"Egypt, Arab Rep.",EGY,1994,64285589.0,807.303537230487,64.663
"Egypt, Arab Rep.",EGY,1995,65652622.0,916.326617700876,65.214
"Egypt, Arab Rep.",EGY,1996,67028048.0,1008.97637629447,65.733
"Egypt, Arab Rep.",EGY,1997,68431740.0,1146.20172117634,66.207
"Egypt, Arab Rep.",EGY,1998,69943294.0,1212.82259820477,66.635
"Egypt, Arab Rep.",EGY,1999,71520954.0,1268.30949160496,67.01
"Egypt, Arab Rep.",EGY,2000,73083284.0,1366.09274372613,67.332
"Egypt, Arab Rep.",EGY,2001,74652029.0,1295.1374184163,67.612
"Egypt, Arab Rep.",EGY,2002,76239137.0,1116.82884626213,67.846
"Egypt, Arab Rep.",EGY,2003,77853548.0,1031.27556291284,68.045
"Egypt, Arab Rep.",EGY,2004,79477443.0,991.255689145253,68.211
"Egypt, Arab Rep.",EGY,2005,81101004.0,1105.53920713903,68.355
"Egypt, Arab Rep.",EGY,2006,82700403.0,1298.97900203124,68.493
"Egypt, Arab Rep.",EGY,2007,84276225.0,1547.74170735909,68.627
"Egypt, Arab Rep.",EGY,2008,85864789.0,1896.21594269779,68.761
"Egypt, Arab Rep.",EGY,2009,87501636.0,2161.63964573927,68.915
"Egypt, Arab Rep.",EGY,2010,89196072.0,2455.08194645282,69.078
"Egypt, Arab Rep.",EGY,2011,91093059.0,2590.64384891965,69.232
"Egypt, Arab Rep.",EGY,2012,93161001.0,2996.0677072015,69.464
"Egypt, Arab Rep.",EGY,2013,95333553.0,3025.52563552448,69.632
"Egypt, Arab Rep.",EGY,2014,97528654.0,3133.39102265541,69.911
"Egypt, Arab Rep.",EGY,2015,99597342.0,3306.98159414141,70.135
"Egypt, Arab Rep.",EGY,2016,101644589.0,3270.6287768197,70.437
"Egypt, Arab Rep.",EGY,2017,103696057.0,2395.10333299491,70.709
"Egypt, Arab Rep.",EGY,2018,105682094.0,2484.70315630508,70.974
"Egypt, Arab Rep.",EGY,2019,107553158.0,2962.98892023003,71.213
"Egypt, Arab Rep.",EGY,2020,109315124.0,3511.11381026379,69.79
"Egypt, Arab Rep.",EGY,2021,110957008.0,3827.35415374308,68.976
"Egypt, Arab Rep.",EGY,2022,112618250.0,4233.30783744856,71.01
"Egypt, Arab Rep.",EGY,2023,114535772.0,3456.78968456253,71.633
El Salvador,SLV,1965,3199466.0,274.333279365994,50.208
El Salvador,SLV,1966,3290961.0,282.44637356687,50.672
El Salvador,SLV,1967,3385184.0,288.374280393621,50.844
El Salvador,SLV,1968,3480773.0,290.096510171735,50.837
El Salvador,SLV,1969,3576485.0,293.416580804896,51.279
El Salvador,SLV,1970,3668796.0,308.798853901934,51.364
El Salvador,SLV,1971,3757523.0,315.665399785976,51.665
El Salvador,SLV,1972,3846830.0,328.509448039035,51.956
El Salvador,SLV,1973,3938068.0,366.250658952563,52.782
El Salvador,SLV,1974,4029671.0,413.403476363207,52.891
El Salvador,SLV,1975,4120449.0,457.260871327372,53.422
El Salvador,SLV,1976,4210310.0,552.994933864727,54.375
El Salvador,SLV,1977,4301256.0,683.90258566335,54.047
El Salvador,SLV,1978,4394114.0,711.852264187957,54.709
El Salvador,SLV,1979,4480388.0,773.066953129952,53.805
El Salvador,SLV,1980,4540382.0,787.149605473724,48.589
El Salvador,SLV,1981,4570599.0,752.024012607538,50.889
El Salvador,SLV,1982,4622477.0,735.360954743528,53.342
El Salvador,SLV,1983,4707367.0,744.863912246485,54.373
El Salvador,SLV,1984,4798003.0,763.168218110743,56.571
El Salvador,SLV,1985,4894706.0,776.424283705702,58.031
El Salvador,SLV,1986,4992769.0,755.425135831439,59.329
El Salvador,SLV,1987,5092441.0,777.239402479086,59.402
El Salvador,SLV,1988,5195833.0,806.392353256927,59.977
El Salvador,SLV,1989,5298979.0,825.105232536306,61.254
El Salvador,SLV,1990,5399726.0,892.18271519703,61.981
El Salvador,SLV,1991,5495077.0,955.826897421092,62.542
El Salvador,SLV,1992,5585609.0,1040.78164082019,62.944
El Salvador,SLV,1993,5659957.0,1180.26854267621,63.998
El Salvador,SLV,1994,5714129.0,1343.9290572544,64.47
El Salvador,SLV,1995,5762131.0,1548.3763038362,64.903
El Salvador,SLV,1996,5805286.0,1651.31016800895,65.48
El Salvador,SLV,1997,5844578.0,1748.92111971129,66.248
El Salvador,SLV,1998,5880781.0,1859.73085887742,66.655
El Salvador,SLV,1999,5913900.0,1908.0804545224,67.285
El Salvador,SLV,2000,5943366.0,1982.87093542615,67.711
El Salvador,SLV,2001,5968060.0,2058.04459070452,67.965
El Salvador,SLV,2002,5986631.0,2115.41187355626,68.526
El Salvador,SLV,2003,5998599.0,2207.83089518069,68.792
El Salvador,SLV,2004,6004671.0,2285.68907438892,69.295
El Salvador,SLV,2005,6005578.0,2447.39140845394,69.336
El Salvador,SLV,2006,6002319.0,2665.61807194853,69.612
El Salvador,SLV,2007,6009824.0,2830.65693770733,69.82
El Salvador,SLV,2008,6029297.0,2983.24829577976,70.138
El Salvador,SLV,2009,6048279.0,2910.18651752011,70.359
El Salvador,SLV,2010,6068249.0,3040.07300952878,70.909
El Salvador,SLV,2011,6090127.0,3330.60049486653,71.192
El Salvador,SLV,2012,6113975.0,3497.91256915509,71.42
El Salvador,SLV,2013,6138839.0,3582.26694005169,71.225
El Salvador,SLV,2014,6162955.0,3666.01248913873,71.144
El Salvador,SLV,2015,6183676.0,3790.34089108162,70.952
El Salvador,SLV,2016,6200800.0,3901.34014965811,70.908
El Salvador,SLV,2017,6213533.0,4020.12671373919,71.007
El Salvador,SLV,2018,6219807.0,4183.54620971358,71.384
El Salvador,SLV,2019,6222318.0,4320.11671534627,71.725
El Salvador,SLV,2020,6234673.0,3997.19279583709,70.244
El Salvador,SLV,2021,6255782.0,4642.60743101342,69.941
El Salvador,SLV,2022,6280319.0,5074.60210221806,71.969
El Salvador,SLV,2023,6309624.0,5365.44491399171,72.099
Equatorial Guinea,GNQ,1962,280286.0,132.911859077276,43.275
Equatorial Guinea,GNQ,1963,285965.0,154.797498528375,43.54
Equatorial Guinea,GNQ,1964,291942.0,177.826417576094,43.805
Equatorial Guinea,GNQ,1965,298238.0,217.10289545039,44.069
Equatorial Guinea,GNQ,1966,304859.0,226.694963901345,44.334
Equatorial Guinea,GNQ,1967,311805.0,231.931646165774,44.595
Equatorial Guinea,GNQ,1968,318849.0,211.743758689178,44.852
Equatorial Guinea,GNQ,1969,322517.0,208.44083966338,31.0
Equatorial Guinea,GNQ,1970,320803.0,206.766858699665,31.086
Equatorial Guinea,GNQ,1971,315940.0,205.56736961701,37.229
Equatorial Guinea,GNQ,1972,309468.0,211.424761974446,44.441
Equatorial Guinea,GNQ,1973,302281.0,268.634902338667,44.658
Equatorial Guinea,GNQ,1974,294953.0,319.236836741342,41.486
Equatorial Guinea,GNQ,1975,287901.0,362.262178278078,37.32
Equatorial Guinea,GNQ,1976,281031.0,368.831374253979,30.537
Equatorial Guinea,GNQ,1977,276779.0,375.705960625002,42.008
Equatorial Guinea,GNQ,1980,288644.0,175.451008071362,48.78
Equatorial Guinea,GNQ,1981,303252.0,121.125080282047,49.107
Equatorial Guinea,GNQ,1982,322216.0,137.468802708366,49.666
Equatorial Guinea,GNQ,1983,343421.0,129.411005581021,50.046
Equatorial Guinea,GNQ,1984,364899.0,137.903678570149,50.195
Equatorial Guinea,GNQ,1985,385547.0,161.11802183767,50.599
Equatorial Guinea,GNQ,1986,404728.0,188.78702702248,50.848
Equatorial Guinea,GNQ,1987,422522.0,220.925441822509,50.99
Equatorial Guinea,GNQ,1988,439651.0,228.669232827247,51.184
Equatorial Guinea,GNQ,1989,456808.0,193.2233561169,51.292
Equatorial Guinea,GNQ,1990,474274.0,236.402188376265,51.397
Equatorial Guinea,GNQ,1991,492217.0,225.319378519763,51.497
Equatorial Guinea,GNQ,1992,510770.0,263.733547088944,51.579
Equatorial Guinea,GNQ,1993,530023.0,256.683023652574,51.671
Equatorial Guinea,GNQ,1994,550138.0,183.239482711964,51.785
Equatorial Guinea,GNQ,1995,571264.0,248.314896208855,51.926
Equatorial Guinea,GNQ,1996,593492.0,391.686868235732,52.123
Equatorial Guinea,GNQ,1997,616893.0,717.041481576821,52.365
Equatorial Guinea,GNQ,1998,641474.0,577.868525342745,52.646
Equatorial Guinea,GNQ,1999,667214.0,930.912549299779,53.001
Equatorial Guinea,GNQ,2000,703279.0,1487.3165506701,53.395
Equatorial Guinea,GNQ,2001,749836.0,1948.61145907844,53.827
Equatorial Guinea,GNQ,2002,797957.0,2264.21065580365,54.324
Equatorial Guinea,GNQ,2003,847862.0,2930.60183743733,54.791
Equatorial Guinea,GNQ,2004,899917.0,4901.30127408119,55.307
Equatorial Guinea,GNQ,2005,947367.0,8673.9026086535,55.766
Equatorial Guinea,GNQ,2006,990343.0,10184.8841248541,56.354
Equatorial Guinea,GNQ,2007,1036044.0,12616.9532942011,56.857
Equatorial Guinea,GNQ,2008,1084530.0,18210.5552970599,57.384
Equatorial Guinea,GNQ,2009,1135673.0,13232.5019378102,57.881
Equatorial Guinea,GNQ,2010,1189085.0,13720.1658723222,58.344
Equatorial Guinea,GNQ,2011,1241835.0,17198.2136668275,58.827
Equatorial Guinea,GNQ,2012,1293483.0,17308.5723924575,59.301
Equatorial Guinea,GNQ,2013,1346218.0,16304.0713196418,59.784
Equatorial Guinea,GNQ,2014,1399828.0,15548.6624656619,60.228
Equatorial Guinea,GNQ,2015,1453923.0,9068.91003238645,60.635
Equatorial Guinea,GNQ,2016,1508186.0,7453.19797948517,61.081
Equatorial Guinea,GNQ,2017,1562396.0,7809.10465655488,61.481
Equatorial Guinea,GNQ,2018,1616422.0,8102.47084834031,61.915
Equatorial Guinea,GNQ,2019,1670177.0,6804.14923073888,62.297
Equatorial Guinea,GNQ,2020,1716468.0,5764.05502912947,62.141
Equatorial Guinea,GNQ,2021,1758786.0,6945.63069794539,62.447
Equatorial Guinea,GNQ,2022,1803545.0,7589.29964909381,63.355
Equatorial Guinea,GNQ,2023,1847549.0,6677.793435386,63.707
Eritrea,ERI,1992,1798748.0,265.240962963337,52.436
Eritrea,ERI,1993,1856006.0,252.085777069472,53.189
Eritrea,ERI,1994,1913915.0,277.801423620334,54.027
Eritrea,ERI,1995,2025267.0,285.402184008331,54.822
Eritrea,ERI,1996,2128464.0,325.838705371605,55.498
Eritrea,ERI,1997,2152135.0,318.980960831984,56.155
Eritrea,ERI,1998,2180419.0,341.91736400208,49.997
Eritrea,ERI,1999,2212780.0,311.336209255125,44.506
Eritrea,ERI,2000,2247031.0,314.357396753501,56.285
Eritrea,ERI,2001,2312079.0,325.409161513593,58.359
Eritrea,ERI,2002,2392978.0,304.775756465092,58.941
Eritrea,ERI,2003,2493903.0,348.950327077742,59.455
Eritrea,ERI,2004,2598284.0,426.840947887032,60.063
Eritrea,ERI,2005,2661215.0,412.753079199423,60.628
Eritrea,ERI,2006,2703502.0,447.997404727201,61.457
Eritrea,ERI,2007,2743222.0,480.44762365456,61.998
Eritrea,ERI,2008,2816327.0,490.066956003333,62.422
Eritrea,ERI,2009,2887885.0,642.92572288007,63.203
Eritrea,ERI,2010,2945186.0,539.699512069686,63.665
Eritrea,ERI,2011,2998485.0,688.68165957684,64.231
Estonia,EST,1993,1494128.0,2685.90889287357,67.909756097561
Estonia,EST,1994,1462514.0,2819.12612100926,66.5
Estonia,EST,1995,1436634.0,3134.38975345407,67.5439024390244
Estonia,EST,1996,1415594.0,3380.92630243199,69.6121951219512
Estonia,EST,1997,1399535.0,3682.95230146695,69.809756097561
Estonia,EST,1998,1386156.0,4093.39247738765,69.3585365853659
Estonia,EST,1999,1390244.0,4140.93660232167,70.0634146341463
Estonia,EST,2000,1396985.0,4070.60902410208,70.4170731707317
Estonia,EST,2001,1388115.0,4502.66614992392,70.2585365853659
Estonia,EST,2002,1379350.0,5343.18310760735,70.9048780487805
Estonia,EST,2003,1370720.0,7205.40703313243,71.3170731707317
Estonia,EST,2004,1362550.0,8916.0728274602,71.909756097561
Estonia,EST,2005,1354775.0,10414.6381183565,72.5682926829268
Estonia,EST,2006,1346810.0,12641.4800976473,72.6914634146341
Estonia,EST,2007,1340680.0,16745.4308011148,72.8146341463415
Estonia,EST,2008,1337090.0,18205.9064113446,73.7707317073171
Estonia,EST,2009,1334515.0,14712.4494217916,74.8243902439024
Estonia,EST,2010,1331475.0,14663.7041018705,75.4292682926829
Estonia,EST,2011,1327439.0,17555.5455239426,76.2292682926829
Estonia,EST,2012,1322696.0,17568.2137969714,76.3268292682927
Estonia,EST,2013,1317997.0,19310.3874900757,77.1414634146341
Estonia,EST,2014,1314545.0,20581.7898991695,77.0341463414634
Estonia,EST,2015,1315407.0,17722.1557669523,77.590243902439
Estonia,EST,2016,1315790.0,18666.3736521706,77.6414634146342
Estonia,EST,2017,1317384.0,20851.5223496861,78.0926829268293
Estonia,EST,2018,1321977.0,23618.1361254581,78.2439024390244
Estonia,EST,2019,1326898.0,24021.2501413306,78.6463414634147
Estonia,EST,2020,1329522.0,23933.9939421065,78.5951219512195
Estonia,EST,2021,1330932.0,27951.1659277744,76.9439024390244
Estonia,EST,2022,1348840.0,28340.3826549406,77.8439024390244
Estonia,EST,2023,1370286.0,30264.0064885057,78.490243902439
Eswatini,SWZ,1960,345337.0,101.572799813694,46.389
Eswatini,SWZ,1961,353264.0,121.795718753065,46.75
Eswatini,SWZ,1962,361365.0,127.095766410182,47.145
Eswatini,SWZ,1963,369759.0,146.391131380777,47.471
Eswatini,SWZ,1964,378656.0,171.608409764479,47.922
Eswatini,SWZ,1965,388336.0,180.977225619081,48.431
Eswatini,SWZ,1966,398766.0,192.744540046073,48.99
Eswatini,SWZ,1967,409031.0,182.773359711151,49.526
Eswatini,SWZ,1968,419147.0,190.386590098492,50.084
Eswatini,SWZ,1969,429875.0,245.233981580731,50.641
Eswatini,SWZ,1970,441216.0,254.161125489597,51.208
Eswatini,SWZ,1971,453183.0,301.119152172814,51.779
Eswatini,SWZ,1972,465788.0,315.028466244508,52.352
Eswatini,SWZ,1973,479038.0,463.251615844177,52.99
Eswatini,SWZ,1974,492988.0,536.161003835798,53.656
Eswatini,SWZ,1975,507673.0,567.884816620216,54.399
Eswatini,SWZ,1976,523330.0,520.799625738095,55.172
Eswatini,SWZ,1977,540348.0,562.711578492044,55.973
Eswatini,SWZ,1978,558446.0,609.960650013647,56.785
Eswatini,SWZ,1979,577199.0,713.953305118319,57.536
Eswatini,SWZ,1980,596644.0,908.375601827987,58.227
Eswatini,SWZ,1981,616808.0,925.368712517647,58.788
Eswatini,SWZ,1982,637652.0,843.043006864844,59.467
Eswatini,SWZ,1983,658957.0,842.750203378801,58.418
Eswatini,SWZ,1984,680783.0,726.345118603826,60.439
Eswatini,SWZ,1985,706196.0,509.885951472336,61.165
Eswatini,SWZ,1986,734732.0,611.298158219647,61.598
Eswatini,SWZ,1987,763811.0,764.752134047322,61.899
Eswatini,SWZ,1988,799798.0,865.25154443731,61.934
Eswatini,SWZ,1989,837800.0,831.847150129225,61.669
Eswatini,SWZ,1990,872428.0,1277.69173005665,61.167
Eswatini,SWZ,1991,908189.0,1273.01224518903,60.392
Eswatini,SWZ,1992,943416.0,1361.8169795148,59.284
Eswatini,SWZ,1993,971318.0,1397.26593317978,58.092
Eswatini,SWZ,1994,971212.0,1461.36400128736,56.643
Eswatini,SWZ,1995,970433.0,1750.75400773784,55.08
Eswatini,SWZ,1996,989841.0,1619.19119707662,53.296
Eswatini,SWZ,1997,1006635.0,1705.39874942229,51.699
Eswatini,SWZ,1998,1019653.0,1546.51519325373,50.066
Eswatini,SWZ,1999,1030782.0,1501.66426653189,48.808
Eswatini,SWZ,2000,1041414.0,1629.67038842815,47.627
Eswatini,SWZ,2001,1051064.0,1429.85630359447,46.344
Eswatini,SWZ,2002,1059441.0,1315.73634647994,45.38
Eswatini,SWZ,2003,1066700.0,2015.21743065251,44.632
Eswatini,SWZ,2004,1073159.0,2525.5640452625,43.906
Eswatini,SWZ,2005,1079022.0,2871.06877437449,43.958
Eswatini,SWZ,2006,1084436.0,2964.95865200682,44.563
Eswatini,SWZ,2007,1090705.0,3109.11097608864,45.16
Eswatini,SWZ,2008,1098091.0,2946.8606613746,45.853
Eswatini,SWZ,2009,1105153.0,3189.79679956637,46.913
Eswatini,SWZ,2010,1111650.0,3922.74039390733,48.331
Eswatini,SWZ,2011,1117833.0,4225.06049411911,49.057
Eswatini,SWZ,2012,1123863.0,4224.54789174487,50.714
Eswatini,SWZ,2013,1129990.0,3949.94310039907,52.11
Eswatini,SWZ,2014,1136299.0,3771.07228381938,53.491
Eswatini,SWZ,2015,1142813.0,3419.82276559528,54.941
Eswatini,SWZ,2016,1149507.0,3238.17611961364,56.228
Eswatini,SWZ,2017,1158195.0,3853.09956569679,57.574
Eswatini,SWZ,2018,1168929.0,3972.65450620357,58.707
Eswatini,SWZ,2019,1179874.0,3913.14577547336,59.85
Eswatini,SWZ,2020,1192729.0,3466.56936278145,59.862
Eswatini,SWZ,2021,1206593.0,3984.00229174306,58.228
Eswatini,SWZ,2022,1218917.0,3894.1620089869,63.028
Eswatini,SWZ,2023,1230506.0,3755.52111232464,64.123
Ethiopia,ETH,1960,21376693.0,75.3396090705961,39.615
Ethiopia,ETH,1961,21906102.0,76.7301966411733,40.198
Ethiopia,ETH,1962,22465126.0,77.7901849782504,40.531
Ethiopia,ETH,1963,23051637.0,79.1726343703284,40.967
Ethiopia,ETH,1964,23666548.0,83.8368648270969,41.261
Ethiopia,ETH,1965,24310612.0,88.8500294110243,41.413
Ethiopia,ETH,1966,24952689.0,93.1549467874985,39.343
Ethiopia,ETH,1967,25620276.0,96.0864747436757,41.941
Ethiopia,ETH,1968,26337930.0,99.4743651000667,42.092
Ethiopia,ETH,1969,27072571.0,102.280177675035,42.131
Ethiopia,ETH,1970,27829128.0,109.430466337285,42.115
Ethiopia,ETH,1971,28600106.0,112.736674296624,42.216
Ethiopia,ETH,1972,29374608.0,119.839997124757,41.035
Ethiopia,ETH,1973,30166785.0,134.935511021947,41.103
Ethiopia,ETH,1974,30957273.0,147.855722504485,39.083
Ethiopia,ETH,1975,31723252.0,144.280537635495,38.941
Ethiopia,ETH,1976,32534418.0,151.95618662171,41.32
Ethiopia,ETH,1977,33167272.0,170.40414371556,41.397
Ethiopia,ETH,1978,33734592.0,178.302480574913,41.506
Ethiopia,ETH,1979,34238652.0,192.357117273999,42.376
Ethiopia,ETH,1980,34428514.0,203.685394440965,42.815
Ethiopia,ETH,1981,35304012.0,212.657517980298,43.084
Ethiopia,ETH,1982,36701290.0,215.25098547162,43.434
Ethiopia,ETH,1983,37740817.0,232.683474421159,36.319
Ethiopia,ETH,1984,38735722.0,214.228860396002,36.737
Ethiopia,ETH,1985,39842136.0,243.897382584019,37.747
Ethiopia,ETH,1986,41037656.0,245.977228769295,38.371
Ethiopia,ETH,1987,42460039.0,254.121329421554,45.892
Ethiopia,ETH,1988,44150825.0,253.248262470167,45.682
Ethiopia,ETH,1989,45879690.0,256.386475306315,45.644
Ethiopia,ETH,1990,47609755.0,262.108971053707,45.117
Ethiopia,ETH,1991,49717198.0,277.565910365091,46.657
Ethiopia,ETH,1992,51853747.0,207.406400863847,47.279
Ethiopia,ETH,1993,53708891.0,168.520401400989,47.676
Ethiopia,ETH,1994,55611508.0,127.685923459033,47.926
Ethiopia,ETH,1995,57537335.0,136.523619088963,48.156
Ethiopia,ETH,1996,59467635.0,147.327458851964,48.697
Ethiopia,ETH,1997,61404539.0,143.369531498844,49.21
Ethiopia,ETH,1998,63363524.0,126.465095781244,49.785
Ethiopia,ETH,1999,65374561.0,120.734631499865,49.486
Ethiopia,ETH,2000,67411494.0,122.269202606069,50.88
Ethiopia,ETH,2001,69487762.0,118.457204255261,51.428
Ethiopia,ETH,2002,71635517.0,109.593813612988,52.085
Ethiopia,ETH,2003,73832663.0,116.800491132777,52.877
Ethiopia,ETH,2004,76077206.0,133.169812538096,53.735
Ethiopia,ETH,2005,78367470.0,158.243458082465,54.364
Ethiopia,ETH,2006,80703490.0,189.345737521418,55.402
Ethiopia,ETH,2007,83103217.0,237.146255996319,56.566
Ethiopia,ETH,2008,85543668.0,316.410475118075,57.733
Ethiopia,ETH,2009,88007636.0,368.574712267445,58.715
Ethiopia,ETH,2010,90538514.0,330.619412798644,59.709
Ethiopia,ETH,2011,93149970.0,343.024942351887,60.595
Ethiopia,ETH,2012,95798767.0,452.101031885754,61.443
Ethiopia,ETH,2013,98438751.0,484.039833104062,62.161
Ethiopia,ETH,2014,101115610.0,549.986577082588,62.927
Ethiopia,ETH,2015,103867135.0,597.912113218663,63.592
Ethiopia,ETH,2016,106718162.0,641.651523286233,64.162
Ethiopia,ETH,2017,109666481.0,696.348429076216,64.766
Ethiopia,ETH,2018,112664152.0,739.702022272086,65.257
Ethiopia,ETH,2019,115737383.0,793.473247210264,65.741
Ethiopia,ETH,2020,118917671.0,829.790982547947,65.969
Ethiopia,ETH,2021,122138588.0,893.00983544905,65.33
Ethiopia,ETH,2022,125384287.0,982.103161506992,66.897
Ethiopia,ETH,2023,128691692.0,1055.81091592527,67.315
Euro area,EMU,1960,270148970.0,931.404759430371,69.2643837390806
Euro area,EMU,1961,272472951.0,1027.9119555993,69.6611114367746
Euro area,EMU,1962,274815182.0,1126.9207216647,69.6367436948097
Euro area,EMU,1963,277205348.0,1229.3647745555,69.7972724163529
Euro area,EMU,1964,279621056.0,1350.39539561431,70.3459672680766
Euro area,EMU,1965,282028347.0,1463.59251069044,70.4292993671416
Euro area,EMU,1966,284299197.0,1570.59049039747,70.6804275228543
Euro area,EMU,1967,286298506.0,1657.11135633377,70.8622318109633
Euro area,EMU,1968,288206171.0,1769.5279673443,70.7719681967319
Euro area,EMU,1969,290179378.0,1963.38799796288,70.6887116120244
Euro area,EMU,1970,291834356.0,2211.87403940428,71.1076329543518
Euro area,EMU,1971,293516097.0,2492.73227264391,71.2583987012538
Euro area,EMU,1972,295527442.0,2989.99899277962,71.6101459215864
Euro area,EMU,1973,297413652.0,3856.3439795314,71.7217999495399
Euro area,EMU,1974,299065145.0,4349.02059640083,72.059143247283
Euro area,EMU,1975,300516726.0,5017.25574498842,72.1282548964727
Euro area,EMU,1976,301804324.0,5212.65412729294,72.4556008875793
Euro area,EMU,1977,303021757.0,5907.56870876833,72.8923283984804
Euro area,EMU,1978,304275086.0,7203.60562888095,73.0452597271306
Euro area,EMU,1979,305541545.0,8690.83859337917,73.3842963657177
Euro area,EMU,1980,306894340.0,9689.63756123281,73.5324597139644
Euro area,EMU,1981,308127421.0,8385.37448823064,73.8077254152999
Euro area,EMU,1982,308901125.0,8096.36447538062,74.1516224797819
Euro area,EMU,1983,309543455.0,7882.88747508699,74.2225186589235
Euro area,EMU,1984,310046458.0,7550.82986545877,74.6197485732588
Euro area,EMU,1985,310617659.0,7742.59506377773,74.759320301957
Euro area,EMU,1986,311372728.0,10846.4728922026,75.0531207580425
Euro area,EMU,1987,312223048.0,13379.9532049657,75.3657424947315
Euro area,EMU,1988,313272522.0,14667.4326412971,75.5576776058842
Euro area,EMU,1989,314634075.0,14916.0812074781,75.7431084684158
Euro area,EMU,1990,316087007.0,18683.5116155586,75.8176710447045
Euro area,EMU,1991,317407910.0,19305.465017279,75.967680459718
Euro area,EMU,1992,318742973.0,21178.5256358016,76.3077212128388
Euro area,EMU,1993,320053176.0,19310.813004459,76.4132090987759
Euro area,EMU,1994,321024031.0,20344.7655226337,76.7241794048485
Euro area,EMU,1995,321808185.0,23430.2422057728,76.8823133359499
Euro area,EMU,1996,322568383.0,23652.3522705446,77.1483236763399
Euro area,EMU,1997,323306275.0,21582.2300714774,77.5088681140576
Euro area,EMU,1998,323976358.0,22144.6949274767,77.7189067294807
Euro area,EMU,1999,324781951.0,22011.2608875031,77.9456362720954
Euro area,EMU,2000,325789631.0,20039.4002655128,78.1997793340467
Euro area,EMU,2001,326861195.0,20289.6505275093,78.5435434936
Euro area,EMU,2002,328469678.0,22047.2795660791,78.6341349112633
Euro area,EMU,2003,330286340.0,27010.5876151819,78.6557621579425
Euro area,EMU,2004,332140117.0,30803.286099919,79.2321623652194
Euro area,EMU,2005,333897752.0,31781.6618833533,79.3748507782536
Euro area,EMU,2006,335499702.0,33646.2303491169,79.8077212879617
Euro area,EMU,2007,337282985.0,38544.2258256115,80.0477786971357
Euro area,EMU,2008,338978475.0,42172.9388150163,80.2510876108346
Euro area,EMU,2009,340136844.0,38464.1586390033,80.4554611719191
Euro area,EMU,2010,341002804.0,37491.6114073082,80.6989426195589
Euro area,EMU,2011,340367367.0,40569.5862836129,81.1826341807676
Euro area,EMU,2012,341100659.0,37481.4502473034,81.1827315779388
Euro area,EMU,2013,341639530.0,39097.5925470426,81.4679843013022
Euro area,EMU,2014,342228563.0,39979.3009314013,81.8932526571977
Euro area,EMU,2015,343180482.0,34471.1747135027,81.5193991217567
Euro area,EMU,2016,344132977.0,35228.4854539428,81.9075874931284
Euro area,EMU,2017,344810179.0,37243.5651015997,81.8840085594744
Euro area,EMU,2018,345864630.0,40107.5362854643,82.0027602577719
Euro area,EMU,2019,346496601.0,39220.5136743355,82.2804211551829
Euro area,EMU,2020,346986142.0,38236.5543048506,81.4873571657503
Euro area,EMU,2021,347207191.0,42984.5697414154,81.5839330415712
Euro area,EMU,2022,348200155.0,41608.7123275598,81.6232025628471
Euro area,EMU,2023,349762722.0,45330.1093015768,82.194952481038
Europe & Central Asia,ECS,1960,667887356.0,638.829792544218,67.4196024070789
Europe & Central Asia,ECS,1961,675548634.0,695.027463779439,67.7350311394087
Europe & Central Asia,ECS,1962,683341199.0,751.316541487379,67.6933235402832
Europe & Central Asia,ECS,1963,691189404.0,812.18375116517,68.0406325312611
Europe & Central Asia,ECS,1964,699058435.0,887.549892759299,68.5255322940532
Europe & Central Asia,ECS,1965,706683416.0,957.435547266057,68.5938024181629
Europe & Central Asia,ECS,1966,713443573.0,1025.58847675693,68.8080130632047
Europe & Central Asia,ECS,1967,720146318.0,1079.39361350599,68.8639036660679
Europe & Central Asia,ECS,1968,726634174.0,1126.74880888434,68.8261571131827
Europe & Central Asia,ECS,1969,733044421.0,1238.63225937362,68.6805439074408
Europe & Central Asia,ECS,1970,738724073.0,1381.85855003421,68.9792127591272
Europe & Central Asia,ECS,1971,744432963.0,1547.55468828972,69.1541549538501
Europe & Central Asia,ECS,1972,750728655.0,1839.96617758159,69.3852254169036
Europe & Central Asia,ECS,1973,756775460.0,2321.88625856893,69.4951524884982
Europe & Central Asia,ECS,1974,762546552.0,2604.15929471011,69.7092587055853
Europe & Central Asia,ECS,1975,768080678.0,3019.9081663642,69.6471268391087
Europe & Central Asia,ECS,1976,773619713.0,3116.99477203056,69.7716657665012
Europe & Central Asia,ECS,1977,779117798.0,3501.39780781125,69.9933484309869
Europe & Central Asia,ECS,1978,784556247.0,4262.6611027984,70.0704792740795
Europe & Central Asia,ECS,1979,789862141.0,5162.40736139079,70.2055155362787
Europe & Central Asia,ECS,1980,795362835.0,5795.1682033759,70.2816883304413
Europe & Central Asia,ECS,1981,800542417.0,5128.71854308382,70.5651599900075
Europe & Central Asia,ECS,1982,805247476.0,4914.32581490138,70.8722587878314
Europe & Central Asia,ECS,1983,809947364.0,4738.49651577011,70.9227626462274
Europe & Central Asia,ECS,1984,814856984.0,4527.81045694251,71.0629959165545
Europe & Central Asia,ECS,1985,819874109.0,4656.28280891539,71.3025072856373
Europe & Central Asia,ECS,1986,825034695.0,6311.90579736774,71.811678217042
Europe & Central Asia,ECS,1987,830294805.0,7746.34327897063,72.0267233130789
Europe & Central Asia,ECS,1988,835601587.0,8570.85351449003,72.1057067709846
Europe & Central Asia,ECS,1989,840881506.0,8631.06466394315,72.2249958364866
Europe & Central Asia,ECS,1990,845290251.0,10494.4746850409,72.1943874149578
Europe & Central Asia,ECS,1991,849169385.0,10760.2249451734,72.1536909891222
Europe & Central Asia,ECS,1992,852664501.0,11479.1245108075,71.8543255928137
Europe & Central Asia,ECS,1993,855554222.0,10513.65827884,71.5316165509986
Europe & Central Asia,ECS,1994,857724587.0,10969.3139384644,71.687124346357
Europe & Central Asia,ECS,1995,859504754.0,12730.8476426985,71.8302634042952
Europe & Central Asia,ECS,1996,861073426.0,12973.0558652764,72.2499222369298
Europe & Central Asia,ECS,1997,862335057.0,12300.1736663162,72.6453006921298
Europe & Central Asia,ECS,1998,863317613.0,12512.8882177513,72.9146919444558
Europe & Central Asia,ECS,1999,864306932.0,12371.8879045226,72.8390082653966
Europe & Central Asia,ECS,2000,865392479.0,11652.9290294061,73.1137949733544
Europe & Central Asia,ECS,2001,866590696.0,11757.603659314,73.3559009015306
Europe & Central Asia,ECS,2002,868234843.0,12849.7232593553,73.4464892451938
Europe & Central Asia,ECS,2003,870529446.0,15584.8646461506,73.5628132914523
Europe & Central Asia,ECS,2004,873069464.0,18114.0702003259,73.9880965104672
Europe & Central Asia,ECS,2005,875563919.0,19227.6221679028,74.1537050552507
Europe & Central Asia,ECS,2006,878166933.0,20766.9170925859,74.6398235785968
Europe & Central Asia,ECS,2007,880656346.0,24195.9334256766,75.0087044515764
Europe & Central Asia,ECS,2008,884224673.0,26524.5115468839,75.3023652452109
Europe & Central Asia,ECS,2009,887741128.0,23259.5334613272,75.6892479352627
Europe & Central Asia,ECS,2010,890990371.0,23702.4750230082,75.9954040762695
Europe & Central Asia,ECS,2011,893009595.0,26239.3600613076,76.4794121218072
Europe & Central Asia,ECS,2012,896514510.0,25164.7626116947,76.6805329995655
Europe & Central Asia,ECS,2013,899907172.0,26196.108944305,77.032472979769
Europe & Central Asia,ECS,2014,903561071.0,26473.6213384574,77.3536133592449
Europe & Central Asia,ECS,2015,907527486.0,22702.8228380066,77.3309732346625
Europe & Central Asia,ECS,2016,911579016.0,22519.6408855547,77.681322731133
Europe & Central Asia,ECS,2017,915065824.0,23814.1197034605,77.899058722117
Europe & Central Asia,ECS,2018,918689254.0,25408.6379771601,78.0318800351487
Europe & Central Asia,ECS,2019,921932163.0,25020.8648271756,78.3039072023535
Europe & Central Asia,ECS,2020,923664467.0,24167.3551199699,77.1755313183473
Europe & Central Asia,ECS,2021,924381062.0,27664.8914080918,76.728686491674
Europe & Central Asia,ECS,2022,924234471.0,27913.5882331645,77.8344787151258
Europe & Central Asia,ECS,2023,924773523.0,29988.9022903108,78.3854816068932
Europe & Central Asia (IDA & IBRD countries),TEC,1988,424466137.0,2335.03182707538,68.923100412588
Europe & Central Asia (IDA & IBRD countries),TEC,1989,428221424.0,2251.56950368039,69.0030726912282
Europe & Central Asia (IDA & IBRD countries),TEC,1990,430990546.0,2374.40408071154,68.8738472388555
Europe & Central Asia (IDA & IBRD countries),TEC,1991,433132067.0,2312.73788388468,68.6301496300886
Europe & Central Asia (IDA & IBRD countries),TEC,1992,434844449.0,2135.37505754846,67.7190874221605
Europe & Central Asia (IDA & IBRD countries),TEC,1993,436152186.0,2107.47422371283,66.9975364612732
Europe & Central Asia (IDA & IBRD countries),TEC,1994,437106291.0,1896.39718541029,66.967721554268
Europe & Central Asia (IDA & IBRD countries),TEC,1995,437796116.0,2264.47976869591,67.1259517928607
Europe & Central Asia (IDA & IBRD countries),TEC,1996,438325526.0,2329.86607015662,67.6689839886607
Europe & Central Asia (IDA & IBRD countries),TEC,1997,438638046.0,2408.22960725737,68.1346709972974
Europe & Central Asia (IDA & IBRD countries),TEC,1998,438735255.0,2165.16719527635,68.476548332671
Europe & Central Asia (IDA & IBRD countries),TEC,1999,438650260.0,1878.78922808186,68.1082557500204
Europe & Central Asia (IDA & IBRD countries),TEC,2000,438423541.0,2044.35074576548,68.3665797468115
Europe & Central Asia (IDA & IBRD countries),TEC,2001,438100368.0,2080.98419116363,68.5080250387666
Europe & Central Asia (IDA & IBRD countries),TEC,2002,437806951.0,2340.82503908743,68.5629095629382
Europe & Central Asia (IDA & IBRD countries),TEC,2003,437905932.0,2879.65363440365,68.6968166323048
Europe & Central Asia (IDA & IBRD countries),TEC,2004,438136036.0,3723.43803208933,69.0029078332647
Europe & Central Asia (IDA & IBRD countries),TEC,2005,438333196.0,4660.80836930066,69.1399718973032
Europe & Central Asia (IDA & IBRD countries),TEC,2006,438714358.0,5632.99003233827,69.6987479861711
Europe & Central Asia (IDA & IBRD countries),TEC,2007,438680283.0,7247.02729943285,70.1803431982885
Europe & Central Asia (IDA & IBRD countries),TEC,2008,439732746.0,8951.25356376805,70.5451641405676
Europe & Central Asia (IDA & IBRD countries),TEC,2009,441304973.0,7074.02354262313,71.0832338433596
Europe & Central Asia (IDA & IBRD countries),TEC,2010,442936599.0,8280.72343768265,71.4358973425353
Europe & Central Asia (IDA & IBRD countries),TEC,2011,444846366.0,10028.6545563598,71.9266644042886
Europe & Central Asia (IDA & IBRD countries),TEC,2012,446941101.0,10418.3484935481,72.3336150257883
Europe & Central Asia (IDA & IBRD countries),TEC,2013,449128604.0,10965.2487116486,72.7942035795041
Europe & Central Asia (IDA & IBRD countries),TEC,2014,451432428.0,10307.2242685414,73.0389491798356
Europe & Central Asia (IDA & IBRD countries),TEC,2015,453662073.0,8009.61874995558,73.3408132950813
Europe & Central Asia (IDA & IBRD countries),TEC,2016,455913002.0,7659.54924391363,73.6902109808947
Europe & Central Asia (IDA & IBRD countries),TEC,2017,458010325.0,8575.46129195764,74.1318681774556
Europe & Central Asia (IDA & IBRD countries),TEC,2018,459946883.0,8911.87742979014,74.2976622013592
Europe & Central Asia (IDA & IBRD countries),TEC,2019,461933206.0,9058.74177112172,74.590946255432
Europe & Central Asia (IDA & IBRD countries),TEC,2020,462842288.0,8478.35038656806,73.1492512511888
Europe & Central Asia (IDA & IBRD countries),TEC,2021,463104389.0,10014.5108823837,72.1506406826172
Europe & Central Asia (IDA & IBRD countries),TEC,2022,460942269.0,11421.1364427001,74.1883654842503
Europe & Central Asia (IDA & IBRD countries),TEC,2023,458602212.0,12129.8641155432,74.7265371994292
Europe & Central Asia (excluding high income),ECA,1987,200194022.0,1174.52679004131,67.9520523171407
Europe & Central Asia (excluding high income),ECA,1988,202990335.0,1284.36981012792,67.8511428551546
Europe & Central Asia (excluding high income),ECA,1989,205733205.0,1438.8173010524,68.2628351276386
Europe & Central Asia (excluding high income),ECA,1990,208212866.0,1700.93581132748,68.2078850416034
Europe & Central Asia (excluding high income),ECA,1991,210169114.0,1622.91351746991,68.0578562708201
Europe & Central Asia (excluding high income),ECA,1992,212032319.0,1549.06158695832,67.2516325508895
Europe & Central Asia (excluding high income),ECA,1993,213395945.0,1589.70149156538,67.0592633886878
Europe & Central Asia (excluding high income),ECA,1994,214329901.0,1239.75571509396,67.3074919162119
Europe & Central Asia (excluding high income),ECA,1995,215114964.0,1737.88574685501,67.4447367389633
Europe & Central Asia (excluding high income),ECA,1996,216002100.0,1830.59814351656,67.7208847902853
Europe & Central Asia (excluding high income),ECA,1997,216672059.0,1941.24978910286,68.0432457554526
Europe & Central Asia (excluding high income),ECA,1998,217104725.0,1940.93640820527,68.3390752647748
Europe & Central Asia (excluding high income),ECA,1999,217579952.0,1767.11233534975,68.2027797821178
Europe & Central Asia (excluding high income),ECA,2000,218486598.0,1790.77072090719,68.8570531906331
Europe & Central Asia (excluding high income),ECA,2001,219435056.0,1529.60615620796,69.0902777061194
Europe & Central Asia (excluding high income),ECA,2002,220400259.0,1771.9219856658,69.3187306210865
Europe & Central Asia (excluding high income),ECA,2003,221399692.0,2249.74301490831,69.5879019097604
Europe & Central Asia (excluding high income),ECA,2004,222413290.0,2883.55689723687,69.7911486482047
Europe & Central Asia (excluding high income),ECA,2005,223360135.0,3576.72283332319,69.9595147646973
Europe & Central Asia (excluding high income),ECA,2006,224417513.0,4142.44695498675,70.2178659389806
Europe & Central Asia (excluding high income),ECA,2007,225016072.0,5206.48238815828,70.5579786921334
Europe & Central Asia (excluding high income),ECA,2008,226524480.0,6191.07369718277,70.9743175160426
Europe & Central Asia (excluding high income),ECA,2009,228250911.0,5125.12331489484,71.442292156273
Europe & Central Asia (excluding high income),ECA,2010,230106440.0,6019.29491137959,71.9125911481178
Europe & Central Asia (excluding high income),ECA,2011,231988438.0,6785.87680428259,72.1509502224104
Europe & Central Asia (excluding high income),ECA,2012,233875199.0,7093.45607745799,72.6735984954506
Europe & Central Asia (excluding high income),ECA,2013,235905150.0,7667.03397664675,73.1258294397593
Europe & Central Asia (excluding high income),ECA,2014,237999321.0,7290.90050313923,73.4195161256746
Europe & Central Asia (excluding high income),ECA,2015,240083379.0,6291.45594655745,73.755408258866
Europe & Central Asia (excluding high income),ECA,2016,242224182.0,5986.89723080084,74.0313769065099
Europe & Central Asia (excluding high income),ECA,2017,244308649.0,6138.12063922999,74.4033539029016
Europe & Central Asia (excluding high income),ECA,2018,246400484.0,5996.28775888893,74.5927989243035
Europe & Central Asia (excluding high income),ECA,2019,248576676.0,6069.27407282315,74.8158340567546
Europe & Central Asia (excluding high income),ECA,2020,250351240.0,5776.19343817718,73.5536868675669
Europe & Central Asia (excluding high income),ECA,2021,251867727.0,6673.97429035651,72.8823762052943
Europe & Central Asia (excluding high income),ECA,2022,250514347.0,7266.022431542,74.5731684190474
Europe & Central Asia (excluding high income),ECA,2023,248721385.0,8617.0484098633,74.7923060983647
European Union,EUU,1960,357710476.0,797.15751326742,69.0671020895382
European Union,EUU,1961,360681613.0,878.773144679955,69.4392695905887
European Union,EUU,1962,363707978.0,962.977170962183,69.2909076137991
European Union,EUU,1963,366840786.0,1048.81148246515,69.6489882848285
European Union,EUU,1964,370055037.0,1153.27324710743,70.1647343396653
European Union,EUU,1965,373129199.0,1251.61101979756,70.2771902460445
European Union,EUU,1966,376058575.0,1344.28320010645,70.5914564639663
European Union,EUU,1967,378902917.0,1420.38226810128,70.5976966281429
European Union,EUU,1968,381579577.0,1513.54365997406,70.5992917183003
European Union,EUU,1969,384226226.0,1677.37128578399,70.4245972154549
European Union,EUU,1970,386406167.0,1886.4511408238,70.8238607805578
European Union,EUU,1971,388553371.0,2120.68051969328,70.9648430220726
European Union,EUU,1972,391197266.0,2540.42566943022,71.3489565159984
European Union,EUU,1973,393739994.0,3265.5063578579,71.4688868369684
European Union,EUU,1974,396124649.0,3674.5118857554,71.7828836602127
European Union,EUU,1975,398397694.0,4253.76925051968,71.8015512727738
European Union,EUU,1976,400490355.0,4432.18340481752,72.0726505674169
European Union,EUU,1977,402445831.0,4996.99888643709,72.3957408451131
European Union,EUU,1978,404312949.0,6057.75686822687,72.4874680045248
European Union,EUU,1979,406112162.0,7288.83936422884,72.7686028234294
European Union,EUU,1980,407986180.0,8116.44667188749,72.7921827190341
European Union,EUU,1981,409724709.0,7053.63977896309,73.1262054825649
European Union,EUU,1982,410988238.0,6783.32823147929,73.4060845301011
European Union,EUU,1983,412072128.0,6578.61259104974,73.4512324564333
European Union,EUU,1984,412998350.0,6326.07088890792,73.7432948733931
European Union,EUU,1985,413962998.0,6490.26717374341,73.819846761556
European Union,EUU,1986,415087013.0,9042.11917395753,74.076710462605
European Union,EUU,1987,416296769.0,11144.9676483273,74.3236926397558
European Union,EUU,1988,417653885.0,12196.9043169801,74.5308842150422
European Union,EUU,1989,419102379.0,12414.3519594263,74.6599702422021
European Union,EUU,1990,420525030.0,15470.4116881227,74.7025399644901
European Union,EUU,1991,421741276.0,15952.0353697466,74.8156196057326
European Union,EUU,1992,422968989.0,17470.0648653893,75.1320469492226
European Union,EUU,1993,424344744.0,15908.7811027866,75.2586919339716
European Union,EUU,1994,425404352.0,16826.1293837396,75.529313881825
European Union,EUU,1995,426210050.0,19470.1012385881,75.674162689793
European Union,EUU,1996,426905134.0,19755.2431380919,75.92681219796
European Union,EUU,1997,427547651.0,18093.6207027952,76.2445492728609
European Union,EUU,1998,428120105.0,18616.5119307706,76.5133291555952
European Union,EUU,1999,428825949.0,18506.5941717551,76.7479622793438
European Union,EUU,2000,429339162.0,16976.0452668705,77.0782450771112
European Union,EUU,2001,429909307.0,17230.6480095869,77.4256390326754
European Union,EUU,2002,430924112.0,18797.8116316074,77.5340746440768
European Union,EUU,2003,432512916.0,23020.9558032659,77.5923748441053
European Union,EUU,2004,434193248.0,26368.6780464334,78.1178281794517
European Union,EUU,2005,435789139.0,27431.4991030834,78.2751410316852
European Union,EUU,2006,437263803.0,29200.5809467343,78.6721282949285
European Union,EUU,2007,438796003.0,33704.6636441399,78.9060450955774
European Union,EUU,2008,440270719.0,37169.0746850842,79.1296281887549
European Union,EUU,2009,441388573.0,33632.0748456258,79.362438680677
European Union,EUU,2010,442088310.0,33119.5673211775,79.6354307923887
European Union,EUU,2011,441414078.0,35963.3147849808,80.1439505204152
European Union,EUU,2012,442069839.0,33324.7709896821,80.1657773209271
European Union,EUU,2013,442425741.0,34804.7281200996,80.4734324600181
European Union,EUU,2014,442920819.0,35590.1004559069,80.8761653859288
European Union,EUU,2015,443793218.0,30771.6568591261,80.5708966220669
European Union,EUU,2016,444676652.0,31456.8971280656,80.9530808081627
European Union,EUU,2017,445321060.0,33394.5888043692,80.9303097853099
European Union,EUU,2018,446329890.0,36054.953230113,81.0317510064821
European Union,EUU,2019,446910453.0,35374.1403676934,81.3194524901835
European Union,EUU,2020,446870959.0,34694.7035869194,80.4414754678551
European Union,EUU,2021,446227358.0,39206.9791776084,80.3071964400875
European Union,EUU,2022,447202673.0,38066.8844892624,80.7135056290876
European Union,EUU,2023,448897545.0,41566.5741100785,81.4128063717702
Faroe Islands,FRO,1965,36347.0,1594.47884066707,74.1064634146341
Faroe Islands,FRO,1966,36816.0,1749.16153532827,74.3161951219512
Faroe Islands,FRO,1967,37202.0,1780.15707646919,74.4996097560976
Faroe Islands,FRO,1968,37560.0,1735.53425630103,74.6961707317073
Faroe Islands,FRO,1969,37907.0,1849.43853817677,74.8429268292683
Faroe Islands,FRO,1970,38269.0,2219.37686726419,74.9766097560976
Faroe Islands,FRO,1971,38703.0,2563.60186171096,75.1171707317073
Faroe Islands,FRO,1972,39172.0,3046.4591497805,75.2144146341464
Faroe Islands,FRO,1973,39636.0,4067.92980683272,75.327243902439
Faroe Islands,FRO,1974,40106.0,4906.27514325385,75.3675609756098
Faroe Islands,FRO,1975,40568.0,5605.51262112203,75.4443414634146
Faroe Islands,FRO,1976,41020.0,6593.6212932559,75.5123414634146
Faroe Islands,FRO,1977,41468.0,8387.1492388171,75.633512195122
Faroe Islands,FRO,1978,41968.0,9479.43754490354,75.7200243902439
Faroe Islands,FRO,1979,42521.0,10549.3401533022,75.7627804878049
Faroe Islands,FRO,1980,43072.0,11446.2829681746,75.8484390243903
Faroe Islands,FRO,1981,43626.0,10458.0965252581,75.9368536585366
Faroe Islands,FRO,1982,44171.0,10052.9192302665,76.0023170731707
Faroe Islands,FRO,1983,44670.0,10893.3317148574,76.0578048780488
Faroe Islands,FRO,1984,45141.0,9437.29347360867,76.1203414634146
Faroe Islands,FRO,1985,45707.0,10048.9483272876,76.1981707317073
Faroe Islands,FRO,1986,46131.0,14933.8685239492,75.1634146341463
Faroe Islands,FRO,1987,46701.0,18982.6475307663,75.3634146341464
Faroe Islands,FRO,1988,47355.0,20453.530924512,75.6634146341463
Faroe Islands,FRO,1989,47958.0,18181.2283745133,75.9146341463415
Faroe Islands,FRO,1990,47740.0,20125.7940710069,76.1146341463415
Faroe Islands,FRO,1991,47447.0,19163.5554371421,76.3658536585366
Faroe Islands,FRO,1992,47287.0,19300.6621973456,76.5658536585366
Faroe Islands,FRO,1993,46474.0,16373.8260050275,76.8170731707317
Faroe Islands,FRO,1994,44695.0,16975.9297150055,77.0682926829268
Faroe Islands,FRO,1995,43611.0,20669.2052425004,77.319512195122
Faroe Islands,FRO,1996,43581.0,22705.6954787426,77.5219512195122
Faroe Islands,FRO,1997,44132.0,21158.4130199317,77.7756097560976
Faroe Islands,FRO,1998,44674.0,24729.019906458,77.9780487804878
Faroe Islands,FRO,1999,45146.0,24978.6210817538,78.1804878048781
Faroe Islands,FRO,2000,45754.0,23322.7593357515,78.3829268292683
Faroe Islands,FRO,2001,46635.0,24879.7729617864,78.5853658536585
Faroe Islands,FRO,2002,47335.0,26937.6505602847,78.7878048780488
Faroe Islands,FRO,2003,48032.0,31269.6031997217,78.9390243902439
Faroe Islands,FRO,2004,48384.0,35647.5440400531,79.190243902439
Faroe Islands,FRO,2005,48359.0,36389.081644098,79.4414634146342
Faroe Islands,FRO,2006,48335.0,41743.6812847661,79.6926829268293
Faroe Islands,FRO,2007,48378.0,48348.7393711011,79.9414634146342
Faroe Islands,FRO,2008,48547.0,51287.8911081663,80.1414634146341
Faroe Islands,FRO,2009,48791.0,47059.1947296738,80.390243902439
Faroe Islands,FRO,2010,48657.0,47923.1515374991,80.6390243902439
Faroe Islands,FRO,2011,48543.0,51618.9907766392,80.890243902439
Faroe Islands,FRO,2012,48291.0,50261.9616267693,81.090243902439
Faroe Islands,FRO,2013,48246.0,55758.2083680611,81.3414634146341
Faroe Islands,FRO,2014,48428.0,60172.0632541664,81.5926829268293
Faroe Islands,FRO,2015,48899.0,52637.1903526574,81.7926829268293
Faroe Islands,FRO,2016,49464.0,56875.2803813296,81.9926829268293
Faroe Islands,FRO,2017,50180.0,59387.353086482,82.1439024390244
Faroe Islands,FRO,2018,50996.0,62526.4908515743,82.2926829268293
Faroe Islands,FRO,2019,51792.0,63068.2872688483,82.4439024390244
Faroe Islands,FRO,2020,52565.0,62243.1905561324,82.6439024390244
Faroe Islands,FRO,2021,53296.0,69415.1853254579,82.8439024390244
Faroe Islands,FRO,2022,53912.0,67058.2022648126,82.9439024390244
Faroe Islands,FRO,2023,54414.0,72465.3769660215,83.1439024390244
Fiji,FJI,1960,404887.0,277.431535497766,58.602
Fiji,FJI,1961,417406.0,280.273366731046,59.102
Fiji,FJI,1962,430536.0,285.473073001593,59.654
Fiji,FJI,1963,444276.0,291.38357377756,60.155
Fiji,FJI,1964,458324.0,305.532203132127,60.714
Fiji,FJI,1965,472575.0,311.241072912198,61.413
Fiji,FJI,1966,486487.0,309.5744090096,61.565
Fiji,FJI,1967,498873.0,325.9865454003,61.442
Fiji,FJI,1968,510002.0,327.357416510141,61.719
Fiji,FJI,1969,520797.0,349.813973013608,61.397
Fiji,FJI,1970,531188.0,413.93721652892,61.652
Fiji,FJI,1971,541121.0,457.844599860784,61.74
Fiji,FJI,1972,550499.0,575.217482137037,61.63
Fiji,FJI,1973,559222.0,761.684067364828,60.649
Fiji,FJI,1974,567489.0,984.313523932329,61.194
Fiji,FJI,1975,575906.0,1188.18424249981,61.689
Fiji,FJI,1976,585534.0,1186.16648457757,62.1
Fiji,FJI,1977,597805.0,1203.57267969162,62.691
Fiji,FJI,1978,612091.0,1354.81144050374,63.065
Fiji,FJI,1979,626862.0,1626.66019023926,62.305
Fiji,FJI,1980,641975.0,1873.31097972432,62.406
Fiji,FJI,1981,657471.0,1879.36315139259,62.255
Fiji,FJI,1982,673414.0,1773.14392517051,62.195
Fiji,FJI,1983,689835.0,1628.04901181455,62.916
Fiji,FJI,1984,706716.0,1666.86572541062,63.238
Fiji,FJI,1985,723761.0,1576.72069091401,63.998
Fiji,FJI,1986,739306.0,1745.24126633634,63.961
Fiji,FJI,1987,750540.0,1569.46727039388,64.278
Fiji,FJI,1988,758697.0,1463.04720165947,64.951
Fiji,FJI,1989,766321.0,1543.2961719258,65.386
Fiji,FJI,1990,773316.0,1728.94076871199,65.056
Fiji,FJI,1991,779656.0,1774.99211138118,65.457
Fiji,FJI,1992,785346.0,1951.25592930351,65.407
Fiji,FJI,1993,790369.0,2070.04734110195,65.51
Fiji,FJI,1994,794771.0,2297.18005884304,65.796
Fiji,FJI,1995,798746.0,2466.74347815903,66.007
Fiji,FJI,1996,803789.0,2648.32766264,66.202
Fiji,FJI,1997,812139.0,2573.72338605678,66.293
Fiji,FJI,1998,822258.0,2010.49636073149,66.536
Fiji,FJI,1999,831828.0,2327.95720514091,66.728
Fiji,FJI,2000,840909.0,1995.72071163264,66.194
Fiji,FJI,2001,849596.0,1944.997414609,66.205
Fiji,FJI,2002,858049.0,2136.56794118683,65.492
Fiji,FJI,2003,866286.0,2655.58079586044,65.653
Fiji,FJI,2004,874366.0,3097.19096651759,65.841
Fiji,FJI,2005,882379.0,3377.69126953493,65.983
Fiji,FJI,2006,890365.0,3455.10599907349,66.126
Fiji,FJI,2007,897832.0,3762.74692789299,66.161
Fiji,FJI,2008,903399.0,3899.92231512129,66.32
Fiji,FJI,2009,907239.0,3164.13275408169,66.347
Fiji,FJI,2010,910419.0,3449.14452883369,66.778
Fiji,FJI,2011,912989.0,4139.60288609702,66.88
Fiji,FJI,2012,914918.0,4341.40338748749,65.812
Fiji,FJI,2013,916352.0,4572.44377544245,66.545
Fiji,FJI,2014,917585.0,5293.35676680464,66.581
Fiji,FJI,2015,918578.0,5097.53106864695,66.48
Fiji,FJI,2016,919166.0,5363.79026679243,66.657
Fiji,FJI,2017,918759.0,5826.84814459328,67.06
Fiji,FJI,2018,917180.0,6085.41979485376,66.965
Fiji,FJI,2019,914899.0,5842.07344577597,67.009
Fiji,FJI,2020,914963.0,4620.6457238014,66.924
Fiji,FJI,2021,916711.0,4536.73312110335,64.904
Fiji,FJI,2022,919422.0,5414.12092119088,67.148
Fiji,FJI,2023,924145.0,5926.20586394763,67.316
Finland,FIN,1960,4429634.0,1191.85508873415,68.819756097561
Finland,FIN,1961,4461005.0,1341.49900625891,68.8441463414634
Finland,FIN,1962,4491443.0,1426.6675637882,68.5778048780488
Finland,FIN,1963,4523309.0,1538.45703402737,69.0126829268293
Finland,FIN,1964,4548543.0,1725.60483489826,69.2209756097561
Finland,FIN,1965,4563732.0,1902.03847177709,68.9778048780488
Finland,FIN,1966,4580869.0,2031.52331393903,69.4770731707317
Finland,FIN,1967,4605744.0,2055.75306771186,69.6665853658537
Finland,FIN,1968,4626469.0,1927.29380452918,69.6163414634146
Finland,FIN,1969,4623785.0,2201.12415237742,69.5034146341464
Finland,FIN,1970,4606307.0,2465.86455526041,70.179512195122
Finland,FIN,1971,4612124.0,2716.43223544591,70.0175609756098
Finland,FIN,1972,4639657.0,3177.9287929756,70.7073170731707
Finland,FIN,1973,4666081.0,4173.54485169644,71.2236585365854
Finland,FIN,1974,4690574.0,5298.08008790754,71.1348780487805
Finland,FIN,1975,4711440.0,6256.10245136117,71.6736585365854
Finland,FIN,1976,4725664.0,6740.29145314637,71.8129268292683
Finland,FIN,1977,4738902.0,7069.73565139858,72.350243902439
Finland,FIN,1978,4752528.0,7629.49572475149,72.8970731707317
Finland,FIN,1979,4764690.0,9333.07695567452,73.1553658536586
Finland,FIN,1980,4779535.0,11224.9380036353,73.44
Finland,FIN,1981,4799964.0,10925.0957161181,73.7465853658537
Finland,FIN,1982,4826933.0,10935.3110588486,74.2980487804878
Finland,FIN,1983,4855787.0,10493.9626636806,74.2009756097561
Finland,FIN,1984,4881803.0,10830.2185222663,74.5190243902439
Finland,FIN,1985,4902206.0,11394.1921044246,74.2229268292683
Finland,FIN,1986,4918154.0,14946.9926198261,74.56
Finland,FIN,1987,4932123.0,18565.0264426011,74.5919512195122
Finland,FIN,1988,4946481.0,22043.7701596288,74.5770731707317
Finland,FIN,1989,4964371.0,23969.052798644,74.7921951219512
Finland,FIN,1990,4986431.0,28366.204276071,74.8131707317073
Finland,FIN,1991,5013740.0,25488.8450525604,75.2275609756098
Finland,FIN,1992,5041992.0,22320.1124695857,75.4553658536585
Finland,FIN,1993,5066447.0,17588.6781715509,75.7051219512195
Finland,FIN,1994,5088333.0,20278.29109854,76.3956097560976
Finland,FIN,1995,5107790.0,26246.2743214462,76.409512195122
Finland,FIN,1996,5124573.0,25756.6777073618,76.6934146341464
Finland,FIN,1997,5139835.0,24682.29083271,76.8785365853659
Finland,FIN,1998,5153498.0,25999.9861694953,77.0907317073171
Finland,FIN,1999,5165474.0,26180.4128562349,77.2912195121951
Finland,FIN,2000,5176209.0,24335.9225082659,77.4658536585366
Finland,FIN,2001,5188008.0,24965.202996776,77.9658536585366
Finland,FIN,2002,5200598.0,26989.389260959,78.119512195122
Finland,FIN,2003,5213014.0,32920.0857192568,78.3682926829268
Finland,FIN,2004,5228172.0,37768.1334202029,78.7146341463415
Finland,FIN,2005,5246096.0,39049.8703780223,78.8170731707317
Finland,FIN,2006,5266268.0,41214.0187765069,79.2146341463415
Finland,FIN,2007,5288720.0,48473.0240091455,79.2634146341464
Finland,FIN,2008,5313399.0,53769.4726240385,79.5682926829268
Finland,FIN,2009,5338871.0,47478.3495310999,79.719512195122
Finland,FIN,2010,5363352.0,46506.2919016566,79.8707317073171
Finland,FIN,2011,5388272.0,51060.3242589767,80.4707317073171
Finland,FIN,2012,5413971.0,47551.6740841369,80.6268292682927
Finland,FIN,2013,5438972.0,49691.0145200739,80.9756097560976
Finland,FIN,2014,5461512.0,50073.7760815871,81.1804878048781
Finland,FIN,2015,5479531.0,42560.3456767103,81.4804878048781
Finland,FIN,2016,5495303.0,43451.2562442158,81.4292682926829
Finland,FIN,2017,5508214.0,46085.0174739036,81.6317073170732
Finland,FIN,2018,5515525.0,49654.2497035329,81.7341463414634
Finland,FIN,2019,5521606.0,48358.1807773701,81.9829268292683
Finland,FIN,2020,5529543.0,48828.6846862799,81.9317073170732
Finland,FIN,2021,5541017.0,53099.1351400148,81.8853658536585
Finland,FIN,2022,5556106.0,50440.560224974,81.1878048780488
Finland,FIN,2023,5583911.0,52834.2916752703,81.6853658536585
Fragile and conflict affected situations,FCS,1960,244461631.0,139.201818517738,46.1151937443795
Fragile and conflict affected situations,FCS,1961,249737371.0,142.286927480689,46.506375141356
Fragile and conflict affected situations,FCS,1962,255228141.0,153.858258932713,46.9989517665139
Fragile and conflict affected situations,FCS,1963,260895002.0,172.023589329207,47.3091401201584
Fragile and conflict affected situations,FCS,1964,266719458.0,152.273193452149,47.6765311715615
Fragile and conflict affected situations,FCS,1965,272676376.0,163.639830903512,47.9590636215108
Fragile and conflict affected situations,FCS,1966,278749755.0,170.789635303789,48.0833224619014
Fragile and conflict affected situations,FCS,1967,284996969.0,164.750936206224,48.390547761643
Fragile and conflict affected situations,FCS,1968,291464978.0,177.988839296466,48.806159912897
Fragile and conflict affected situations,FCS,1969,298094137.0,195.316905978144,49.0394896154532
Fragile and conflict affected situations,FCS,1970,304858040.0,227.440774511902,49.4718892029713
Fragile and conflict affected situations,FCS,1971,311844505.0,228.984191448816,49.83948675888
Fragile and conflict affected situations,FCS,1972,319025117.0,259.131098166077,49.8659823168845
Fragile and conflict affected situations,FCS,1973,326527998.0,313.148765971361,50.2681419878457
Fragile and conflict affected situations,FCS,1974,334361510.0,460.337503728246,50.3642456511816
Fragile and conflict affected situations,FCS,1975,342377291.0,493.085166033968,50.512358369767
Fragile and conflict affected situations,FCS,1976,350583131.0,571.931709127015,50.9802203215419
Fragile and conflict affected situations,FCS,1977,358846637.0,616.895812231002,51.4583013644294
Fragile and conflict affected situations,FCS,1978,367727720.0,660.183026040108,51.540999912495
Fragile and conflict affected situations,FCS,1979,376996705.0,811.670500011326,51.8156269174873
Fragile and conflict affected situations,FCS,1980,385675261.0,1006.6237487225,52.0615277219064
Fragile and conflict affected situations,FCS,1981,393958598.0,1295.49731663969,52.1641006467004
Fragile and conflict affected situations,FCS,1982,402886924.0,1208.20205136792,52.1082505792941
Fragile and conflict affected situations,FCS,1983,412313057.0,1019.09796936658,51.5779417460675
Fragile and conflict affected situations,FCS,1984,422123181.0,895.47509894907,51.4963706420188
Fragile and conflict affected situations,FCS,1985,432271865.0,889.203700940944,51.7447758943044
Fragile and conflict affected situations,FCS,1986,442386405.0,801.009794575855,52.3003237604013
Fragile and conflict affected situations,FCS,1987,452678880.0,787.120009595929,53.0855088442143
Fragile and conflict affected situations,FCS,1988,463045466.0,835.813705522075,52.9941022492616
Fragile and conflict affected situations,FCS,1989,473853393.0,808.34209224195,53.3741748234438
Fragile and conflict affected situations,FCS,1990,486723712.0,1121.80132830689,53.3993677081629
Fragile and conflict affected situations,FCS,1991,497970454.0,775.977706384562,53.3709786670396
Fragile and conflict affected situations,FCS,1992,510691966.0,673.979682139604,53.5495557550048
Fragile and conflict affected situations,FCS,1993,524592905.0,668.540906266802,53.9816308429429
Fragile and conflict affected situations,FCS,1994,539513196.0,653.490982766103,54.2326346695846
Fragile and conflict affected situations,FCS,1995,554041514.0,777.742817479696,54.2256794115287
Fragile and conflict affected situations,FCS,1996,566796346.0,821.742503657984,54.2371535526448
Fragile and conflict affected situations,FCS,1997,579354582.0,899.622391059043,54.5178236598757
Fragile and conflict affected situations,FCS,1998,592889780.0,902.662957751523,54.4707221253789
Fragile and conflict affected situations,FCS,1999,607064140.0,657.920628983046,54.9034036316228
Fragile and conflict affected situations,FCS,2000,621080692.0,751.801263034453,55.4884249847297
Fragile and conflict affected situations,FCS,2001,635481068.0,719.215886038336,55.7212693010549
Fragile and conflict affected situations,FCS,2002,651226758.0,684.998396992158,56.1508566104113
Fragile and conflict affected situations,FCS,2003,667644273.0,703.739369790737,56.4469254565792
Fragile and conflict affected situations,FCS,2004,684007365.0,871.15501215152,56.7557447226362
Fragile and conflict affected situations,FCS,2005,700820603.0,1079.24067613473,57.1472781506796
Fragile and conflict affected situations,FCS,2006,717975893.0,1319.3385305318,57.5943113995222
Fragile and conflict affected situations,FCS,2007,735110300.0,1578.9042249996,58.1095746645354
Fragile and conflict affected situations,FCS,2008,753058095.0,1971.04693971359,58.1871780629647
Fragile and conflict affected situations,FCS,2009,772015937.0,1739.10283567866,58.9379605951645
Fragile and conflict affected situations,FCS,2010,791371804.0,2017.56741418682,59.3431607628088
Fragile and conflict affected situations,FCS,2011,810972272.0,2053.715805371,59.6276355887061
Fragile and conflict affected situations,FCS,2012,831065598.0,2233.12675819557,60.1008402450513
Fragile and conflict affected situations,FCS,2013,851404936.0,2144.21479332186,60.4548394321653
Fragile and conflict affected situations,FCS,2014,871345375.0,2051.54643733895,60.5536917998503
Fragile and conflict affected situations,FCS,2015,890869511.0,1663.16200127279,60.7449931085508
Fragile and conflict affected situations,FCS,2016,910836458.0,1491.08080315915,60.9861836667017
Fragile and conflict affected situations,FCS,2017,931222867.0,1549.60952933559,61.2296826870124
Fragile and conflict affected situations,FCS,2018,951851595.0,1634.92965875473,61.7825083062786
Fragile and conflict affected situations,FCS,2019,973035228.0,1861.65330453031,62.1379545505037
Fragile and conflict affected situations,FCS,2020,994901090.0,1618.4798041022,62.0663682854031
Fragile and conflict affected situations,FCS,2021,1016906998.0,1711.40128929758,61.6086810439385
Fragile and conflict affected situations,FCS,2022,1036390026.0,1850.91743054769,62.702271566254
Fragile and conflict affected situations,FCS,2023,1057033168.0,1682.75058845476,63.3499447771075
France,FRA,1960,47412964.0,1306.79629911648,69.8682926829268
France,FRA,1961,47905982.0,1401.87190432812,70.1170731707317
France,FRA,1962,48389516.0,1553.99323202639,70.3146341463415
France,FRA,1963,48877567.0,1723.23648290171,70.5146341463415
France,FRA,1964,49401492.0,1891.12061521027,70.6634146341463
France,FRA,1965,49877725.0,2023.50184544884,70.8121951219512
France,FRA,1966,50311637.0,2172.59339649824,70.9609756097561
France,FRA,1967,50722791.0,2328.11785496887,71.1609756097561
France,FRA,1968,51112980.0,2518.15825593491,71.309756097561
France,FRA,1969,51536014.0,2729.37124785377,71.4585365853659
France,FRA,1970,52007169.0,2832.54913756906,71.6585365853659
France,FRA,1971,52499553.0,3137.05929958055,71.9073170731707
France,FRA,1972,52962356.0,3809.09946046394,72.1073170731707
France,FRA,1973,53392161.0,4906.53555379458,72.3560975609756
France,FRA,1974,53746571.0,5260.60025882755,72.6048780487805
France,FRA,1975,54002853.0,6616.76722499173,72.8536585365854
France,FRA,1976,54232383.0,6792.3099035538,73.1024390243903
France,FRA,1977,54486467.0,7458.76424117602,73.3512195121951
France,FRA,1978,54734030.0,9166.59011961391,73.6024390243903
France,FRA,1979,54979851.0,11062.5731730373,73.8512195121951
France,FRA,1980,55274184.0,12565.1639377144,74.0512195121951
France,FRA,1981,55603353.0,10955.9002996167,74.3
France,FRA,1982,55806789.0,10359.8920663549,74.5
France,FRA,1983,56108330.0,9862.28449386586,74.8
France,FRA,1984,56383085.0,9311.89426452129,75.0
France,FRA,1985,56665619.0,9657.01938533723,75.3
France,FRA,1986,56956002.0,13430.4824599685,75.6
France,FRA,1987,57266167.0,16175.7090467566,75.8
France,FRA,1988,57598186.0,17549.6440487161,76.1
France,FRA,1989,57943062.0,17547.2645422514,76.3487804878049
France,FRA,1990,58261012.0,21586.4674617483,76.6
France,FRA,1991,58554242.0,21500.7778366233,76.8487804878049
France,FRA,1992,58846584.0,23615.0168565483,77.1
France,FRA,1993,59103094.0,22238.8250618434,77.3
France,FRA,1994,59324863.0,23359.8985104774,77.6487804878049
France,FRA,1995,59541294.0,26791.8151982369,77.7512195121951
France,FRA,1996,59754504.0,26757.6351494145,77.9536585365854
France,FRA,1997,59968066.0,24169.4008102822,78.3048780487805
France,FRA,1998,60190684.0,24869.4030795939,78.6048780487805
France,FRA,1999,60501986.0,24576.3152254528,78.7560975609756
France,FRA,2000,60918661.0,22340.5939516217,79.0560975609756
France,FRA,2001,61364377.0,22331.7948343036,79.1585365853659
France,FRA,2002,61812142.0,24144.5727019529,79.2609756097561
France,FRA,2003,62249855.0,29479.5222101175,79.1146341463415
France,FRA,2004,62707588.0,33644.9282220364,80.1634146341463
France,FRA,2005,63180854.0,34696.3718316971,80.1634146341463
France,FRA,2006,63622342.0,36431.5658906555,80.8121951219512
France,FRA,2007,64016890.0,41486.1907828787,81.1121951219512
France,FRA,2008,64375116.0,45464.8181385158,81.2146341463415
France,FRA,2009,64706436.0,41728.0884164132,81.4146341463415
France,FRA,2010,65026211.0,40694.8211697025,81.6634146341463
France,FRA,2011,65340830.0,43929.7840873812,82.1146341463415
France,FRA,2012,65657659.0,40863.5814412333,81.9682926829268
France,FRA,2013,65997932.0,42669.1795111893,82.219512195122
France,FRA,2014,66312067.0,43148.0459288416,82.719512195122
France,FRA,2015,66548272.0,36702.4323733379,82.3219512195122
France,FRA,2016,66724104.0,37024.2157133669,82.5731707317073
France,FRA,2017,66918020.0,38687.1626407164,82.5756097560976
France,FRA,2018,67158348.0,41418.1766484844,82.6756097560976
France,FRA,2019,67382061.0,40408.2848574751,82.8268292682927
France,FRA,2020,67601110.0,39169.8606000707,82.1756097560976
France,FRA,2021,67842811.0,43725.0999521245,82.3243902439024
France,FRA,2022,68184457.0,40988.6396406579,82.1292682926829
France,FRA,2023,68372286.0,44700.1384177544,82.9292682926829
French Polynesia,PYF,1965,96017.0,1838.57638129761,61.069
French Polynesia,PYF,1966,99320.0,2171.35978202717,61.353
French Polynesia,PYF,1967,102754.0,2150.61571935477,61.645
French Polynesia,PYF,1968,106353.0,2440.8345277325,61.931
French Polynesia,PYF,1969,110111.0,2206.35343555808,62.214
French Polynesia,PYF,1970,114010.0,2228.19051620548,62.495
French Polynesia,PYF,1971,117945.0,2516.98260839219,62.782
French Polynesia,PYF,1972,121886.0,2678.18747088327,63.082
French Polynesia,PYF,1973,125897.0,3425.44252890097,63.401
French Polynesia,PYF,1974,129960.0,4273.16745814336,63.778
French Polynesia,PYF,1975,134045.0,5149.93762191732,64.249
French Polynesia,PYF,1976,138114.0,5302.06138605756,64.761
French Polynesia,PYF,1977,142313.0,5573.60451054244,65.31
French Polynesia,PYF,1978,146821.0,6848.95100426122,65.891
French Polynesia,PYF,1979,151569.0,8016.36524403648,66.612
French Polynesia,PYF,1980,156471.0,8438.72682447341,67.405
French Polynesia,PYF,1981,161506.0,7645.18391267409,68.157
French Polynesia,PYF,1982,166646.0,7416.30736944627,68.922
French Polynesia,PYF,1983,171750.0,7477.03464924524,69.702
French Polynesia,PYF,1984,176469.0,7511.32179070332,70.559
French Polynesia,PYF,1985,180988.0,8002.08427164997,71.203
French Polynesia,PYF,1986,185669.0,11913.8267538469,71.967
French Polynesia,PYF,1987,190449.0,14061.3873698969,72.448
French Polynesia,PYF,1988,195193.0,13952.8382782589,73.088
French Polynesia,PYF,1989,199643.0,13682.8412939782,73.494
French Polynesia,PYF,1990,203776.0,16293.1823294474,73.908
French Polynesia,PYF,1991,207744.0,16414.8132696888,74.295
French Polynesia,PYF,1992,211559.0,17554.3737937032,74.746
French Polynesia,PYF,1993,215219.0,16469.7751983669,75.191
French Polynesia,PYF,1994,218738.0,16806.0592491122,75.65
French Polynesia,PYF,1995,222118.0,18850.3149185956,76.243
French Polynesia,PYF,1996,225489.0,18475.7253329475,76.813
French Polynesia,PYF,1997,229121.0,16423.0214308681,77.38
French Polynesia,PYF,1998,232891.0,16759.7141702526,77.842
French Polynesia,PYF,1999,236595.0,16532.9022343754,78.574
French Polynesia,PYF,2000,240337.0,14978.324104668,79.0
French Polynesia,PYF,2001,244097.0,14640.9360062298,79.316
French Polynesia,PYF,2002,247775.0,16004.0583292112,79.544
French Polynesia,PYF,2003,251637.0,19582.8936395312,79.71
French Polynesia,PYF,2004,255654.0,21764.2203208782,79.829
French Polynesia,PYF,2005,259507.0,21984.1936230719,79.951
French Polynesia,PYF,2006,263223.0,22330.8676659055,80.1
French Polynesia,PYF,2007,266438.0,24888.1781337361,80.328
French Polynesia,PYF,2008,268379.0,26592.0262835732,80.587
French Polynesia,PYF,2009,269481.0,24434.2197555208,80.867
French Polynesia,PYF,2010,270580.0,22494.806706186,81.141
French Polynesia,PYF,2011,271727.0,22831.5185348524,81.434
French Polynesia,PYF,2012,273084.0,20846.5457478364,81.695
French Polynesia,PYF,2013,274728.0,21955.6329264095,81.935
French Polynesia,PYF,2014,276387.0,22258.6321384251,82.151
French Polynesia,PYF,2015,277866.0,19166.9594761931,82.339
French Polynesia,PYF,2016,279178.0,19690.0775734589,82.555
French Polynesia,PYF,2017,280087.0,20826.9312492172,82.774
French Polynesia,PYF,2018,279815.0,21925.616043938,82.985
French Polynesia,PYF,2019,279034.0,21582.5892046801,83.195
French Polynesia,PYF,2020,279209.0,19966.4838503859,82.459
French Polynesia,PYF,2021,279792.0,21426.3854449835,79.571
French Polynesia,PYF,2022,280378.0,20053.9569369322,83.859
French Polynesia,PYF,2023,281118.0,21832.2831795569,84.07
Gabon,GAB,1960,512316.0,276.136169473227,46.443
Gabon,GAB,1961,518266.0,323.4592026542,47.115
Gabon,GAB,1962,524649.0,348.416820133128,47.777
Gabon,GAB,1963,531452.0,290.675816546409,48.425
Gabon,GAB,1964,538657.0,400.402956504958,48.994
Gabon,GAB,1965,546308.0,414.554218095035,49.71
Gabon,GAB,1966,554463.0,443.401599878142,50.322
Gabon,GAB,1967,563108.0,482.22309050643,50.928
Gabon,GAB,1968,572257.0,514.573983796217,51.545
Gabon,GAB,1969,583276.0,545.410237141201,52.127
Gabon,GAB,1970,595846.0,543.433161441757,52.697
Gabon,GAB,1971,608348.0,627.415677576616,53.259
Gabon,GAB,1972,620960.0,693.294831412979,53.811
Gabon,GAB,1973,633995.0,1140.0416427509,54.352
Gabon,GAB,1974,647691.0,2384.18628892572,54.911
Gabon,GAB,1975,662197.0,3258.23424153589,55.455
Gabon,GAB,1976,677628.0,4441.09448586623,55.97
Gabon,GAB,1977,693984.0,4048.1467428949,56.467
Gabon,GAB,1978,711245.0,3359.57268123664,56.954
Gabon,GAB,1979,729375.0,4154.58594015093,57.438
Gabon,GAB,1980,748389.0,5718.46719052717,57.893
Gabon,GAB,1981,768385.0,5026.47646757156,58.332
Gabon,GAB,1982,789286.0,4583.89967785445,58.644
Gabon,GAB,1983,811005.0,4181.57191575578,58.994
Gabon,GAB,1984,833501.0,4272.88216871705,59.34
Gabon,GAB,1985,856726.0,3898.46316935487,59.665
Gabon,GAB,1986,880705.0,3864.67453823981,59.956
Gabon,GAB,1987,905479.0,3624.37675865476,60.2
Gabon,GAB,1988,931020.0,4118.60473032795,60.398
Gabon,GAB,1989,957138.0,4373.88491926948,60.584
Gabon,GAB,1990,983734.0,6050.71468999523,60.736
Gabon,GAB,1991,1010818.0,5345.0965303052,60.891
Gabon,GAB,1992,1038380.0,5385.68811745078,61.013
Gabon,GAB,1993,1066405.0,4105.98701339331,61.125
Gabon,GAB,1994,1094720.0,3828.21118114454,61.183
Gabon,GAB,1995,1123213.0,4414.8755828572,61.27
Gabon,GAB,1996,1152015.0,4942.67870027615,61.265
Gabon,GAB,1997,1181439.0,4508.75340541142,61.395
Gabon,GAB,1998,1211736.0,3699.99513906504,61.506
Gabon,GAB,1999,1243016.0,3751.35318950625,61.658
Gabon,GAB,2000,1275572.0,3982.906200928,61.81
Gabon,GAB,2001,1309589.0,3835.75718279727,61.982
Gabon,GAB,2002,1345135.0,3966.48001864663,62.175
Gabon,GAB,2003,1382350.0,4710.74862768151,62.463
Gabon,GAB,2004,1421609.0,5465.79193590708,62.694
Gabon,GAB,2005,1463495.0,6547.87613955186,62.978
Gabon,GAB,2006,1508337.0,6847.00985685394,63.259
Gabon,GAB,2007,1556237.0,8003.54289696049,63.619
Gabon,GAB,2008,1607175.0,9688.64519690633,64.011
Gabon,GAB,2009,1661556.0,7290.57526093114,64.361
Gabon,GAB,2010,1719879.0,8356.74662013345,64.715
Gabon,GAB,2011,1781985.0,10219.1139339454,65.102
Gabon,GAB,2012,1846889.0,9296.96587941088,65.438
Gabon,GAB,2013,1913059.0,9197.70106323947,65.751
Gabon,GAB,2014,1978399.0,9201.36276648105,66.07
Gabon,GAB,2015,2040989.0,7047.12654634355,66.336
Gabon,GAB,2016,2100306.0,6677.07003901644,66.583
Gabon,GAB,2017,2156900.0,6921.73373135624,66.816
Gabon,GAB,2018,2212318.0,7624.2775233771,67.043
Gabon,GAB,2019,2267706.0,7441.1786472281,67.337
Gabon,GAB,2020,2322539.0,6605.80346077565,67.073
Gabon,GAB,2021,2376722.0,8181.40914134656,67.072
Gabon,GAB,2022,2430747.0,8409.2074145028,67.713
Gabon,GAB,2023,2484789.0,7802.82433276138,68.337
"Gambia, The",GMB,1966,468516.0,94.3662144947658,37.559
"Gambia, The",GMB,1967,481588.0,96.9604868849254,38.063
"Gambia, The",GMB,1968,495269.0,83.1064852758912,38.533
"Gambia, The",GMB,1969,509440.0,88.662202161031,39.004
"Gambia, The",GMB,1970,524105.0,99.7816919772448,39.532
"Gambia, The",GMB,1971,539388.0,103.318322288749,40.048
"Gambia, The",GMB,1972,555370.0,106.524604282625,40.549
"Gambia, The",GMB,1973,571991.0,131.449182060787,41.088
"Gambia, The",GMB,1974,589085.0,162.618334686551,41.676
"Gambia, The",GMB,1975,606821.0,189.808393377344,42.192
"Gambia, The",GMB,1976,625667.0,179.313963291107,42.876
"Gambia, The",GMB,1977,645770.0,213.842543162023,43.366
"Gambia, The",GMB,1978,667103.0,257.581042237291,43.573
"Gambia, The",GMB,1979,689781.0,300.258528034397,44.517
"Gambia, The",GMB,1980,713913.0,337.692534389517,44.977
"Gambia, The",GMB,1981,739125.0,295.982064548083,44.489
"Gambia, The",GMB,1982,765753.0,282.141307055388,46.25
"Gambia, The",GMB,1983,794525.0,268.649299816803,46.892
"Gambia, The",GMB,1984,825631.0,214.794357389928,47.513
"Gambia, The",GMB,1985,858874.0,262.816616745779,48.151
"Gambia, The",GMB,1986,894019.0,207.654408714945,48.798
"Gambia, The",GMB,1987,931091.0,236.954802725846,49.392
"Gambia, The",GMB,1988,970160.0,274.874465999589,50.146
"Gambia, The",GMB,1989,1011357.0,280.929809553919,50.725
"Gambia, The",GMB,1990,1054696.0,300.639895740381,51.278
"Gambia, The",GMB,1991,1099959.0,627.578919318827,51.857
"Gambia, The",GMB,1992,1145582.0,623.485927783598,52.477
"Gambia, The",GMB,1993,1188365.0,635.3611677282,53.15
"Gambia, The",GMB,1994,1227226.0,608.2774907808,53.768
"Gambia, The",GMB,1995,1264313.0,621.681391269646,54.292
"Gambia, The",GMB,1996,1301410.0,651.784945724837,54.849
"Gambia, The",GMB,1997,1338889.0,600.224023405754,55.225
"Gambia, The",GMB,1998,1376987.0,610.234711461724,56.007
"Gambia, The",GMB,1999,1415779.0,575.459893151216,56.466
"Gambia, The",GMB,2000,1455084.0,538.054072348854,56.899
"Gambia, The",GMB,2001,1495011.0,459.803068381399,57.283
"Gambia, The",GMB,2002,1535691.0,376.531026962584,57.736
"Gambia, The",GMB,2003,1577611.0,308.719123437587,58.223
"Gambia, The",GMB,2004,1621312.0,593.285346326581,58.749
"Gambia, The",GMB,2005,1667037.0,616.483657865348,59.11
"Gambia, The",GMB,2006,1715275.0,614.544307904464,59.667
"Gambia, The",GMB,2007,1765774.0,724.726407242432,60.001
"Gambia, The",GMB,2008,1817852.0,859.127671411226,60.473
"Gambia, The",GMB,2009,1871422.0,774.888030908091,60.735
"Gambia, The",GMB,2010,1926630.0,801.033372714536,61.167
"Gambia, The",GMB,2011,1983784.0,710.608411468152,61.561
"Gambia, The",GMB,2012,2043094.0,692.579361628102,61.9
"Gambia, The",GMB,2013,2103820.0,653.862713272743,62.252
"Gambia, The",GMB,2014,2164528.0,568.00453558864,62.576
"Gambia, The",GMB,2015,2224529.0,619.536364296461,62.971
"Gambia, The",GMB,2016,2283769.0,650.056501323611,63.386
"Gambia, The",GMB,2017,2342189.0,642.522641296331,63.708
"Gambia, The",GMB,2018,2399632.0,696.219806960615,64.034
"Gambia, The",GMB,2019,2456844.0,738.186751987483,64.427
"Gambia, The",GMB,2020,2515733.0,720.335143352133,64.418
"Gambia, The",GMB,2021,2576010.0,781.890925169531,63.847
"Gambia, The",GMB,2022,2636470.0,836.244875868476,64.859
"Gambia, The",GMB,2023,2697845.0,883.024111719809,65.86
Georgia,GEO,1987,4743500.0,1543.58202459728,69.219
Georgia,GEO,1988,4790700.0,1843.90343235858,68.825
Georgia,GEO,1989,4803300.0,1853.44090838675,68.635
Georgia,GEO,1990,4802000.0,1610.98027146868,68.679
Georgia,GEO,1991,4835900.0,1307.82342713006,68.202
Georgia,GEO,1992,4873500.0,757.223548505358,67.78
Georgia,GEO,1993,4911100.0,550.015542609224,67.405
Georgia,GEO,1994,4836076.0,519.815578814965,68.669
Georgia,GEO,1995,4657722.0,578.336923460866,69.398
Georgia,GEO,1996,4491699.0,689.034634153312,70.637
Georgia,GEO,1997,4349913.0,807.032285752352,69.683
Georgia,GEO,1998,4243607.0,851.515542450841,69.787
Georgia,GEO,1999,4157192.0,673.537782887275,70.012
Georgia,GEO,2000,4077131.0,749.908534993961,70.091
Georgia,GEO,2001,4014373.0,801.98383707929,70.371
Georgia,GEO,2002,3978515.0,853.526171868939,70.438
Georgia,GEO,2003,3951736.0,1010.03151630868,71.377
Georgia,GEO,2004,3927340.0,1305.04748557208,71.011
Georgia,GEO,2005,3902469.0,1642.78359414797,70.689
Georgia,GEO,2006,3880347.0,1996.02013272284,70.983
Georgia,GEO,2007,3860158.0,2635.36650276116,70.985
Georgia,GEO,2008,3848449.0,3324.7537205015,70.949
Georgia,GEO,2009,3814419.0,2822.68939668797,71.058
Georgia,GEO,2010,3786695.0,3281.72930937343,71.732
Georgia,GEO,2011,3756441.0,4119.66818307193,72.485
Georgia,GEO,2012,3728874.0,4530.69533409431,72.672
Georgia,GEO,2013,3717668.0,4712.00229382665,73.025
Georgia,GEO,2014,3719414.0,4830.33486170249,73.105
Georgia,GEO,2015,3725276.0,4086.6223465965,73.241
Georgia,GEO,2016,3727505.0,4143.40125686315,73.136
Georgia,GEO,2017,3728004.0,4418.75206546679,73.435
Georgia,GEO,2018,3726549.0,4804.0546040444,73.985
Georgia,GEO,2019,3720161.0,4741.2832715876,74.165
Georgia,GEO,2020,3722716.0,4300.85701291207,73.509
Georgia,GEO,2021,3708610.0,5083.60695484577,71.635
Georgia,GEO,2022,3712502.0,6729.84659930283,74.141
Georgia,GEO,2023,3715483.0,8283.66960652261,74.496
Germany,DEU,1960,72814900.0,1162.12266831735,69.0640731707317
Germany,DEU,1961,73377632.0,1315.90787834504,69.6448780487805
Germany,DEU,1962,74025784.0,1430.52095516263,69.7992195121951
Germany,DEU,1963,74714353.0,1502.15452905146,69.9140731707317
Germany,DEU,1964,75318337.0,1637.45522773672,70.4355609756098
Germany,DEU,1965,75963695.0,1774.1986904555,70.4103658536585
Germany,DEU,1966,76600311.0,1870.80540291774,70.5215853658537
Germany,DEU,1967,76951336.0,1885.61596607874,70.7317317073171
Germany,DEU,1968,77294314.0,2025.08159465853,70.3784634146342
Germany,DEU,1969,77909682.0,2281.27598218229,70.2288048780488
Germany,DEU,1970,78169289.0,2771.28310514754,70.4471951219512
Germany,DEU,1971,78312842.0,3203.82884836051,70.676756097561
Germany,DEU,1972,78688452.0,3823.94032602696,70.9067073170732
Germany,DEU,1973,78936666.0,5065.24523302283,71.1128048780488
Germany,DEU,1974,78967433.0,5659.73787773336,71.4189268292683
Germany,DEU,1975,78673554.0,6259.20744498342,71.259243902439
Germany,DEU,1976,78336950.0,6659.16546576017,71.7122195121951
Germany,DEU,1977,78159814.0,7711.10232025365,72.3073170731707
Germany,DEU,1978,78091820.0,9516.78283228907,72.2904146341464
Germany,DEU,1979,78126350.0,11322.3543443813,72.6301707317073
Germany,DEU,1980,78288576.0,12182.7800196802,72.8003170731707
Germany,DEU,1981,78407907.0,10246.4767623188,73.0402195121951
Germany,DEU,1982,78333366.0,9950.05926025365,73.3331463414634
Germany,DEU,1983,78128282.0,9900.48559233526,73.6221463414634
Germany,DEU,1984,77858685.0,9347.29068412377,74.0722926829268
Germany,DEU,1985,77684873.0,9464.11694710857,74.1890975609756
Germany,DEU,1986,77720436.0,13511.1520027486,74.3968292682927
Germany,DEU,1987,77839920.0,16738.6132825523,74.8070243902439
Germany,DEU,1988,78144619.0,17996.9783507619,74.9987317073171
Germany,DEU,1989,78751283.0,17829.4609524705,75.1915365853659
Germany,DEU,1990,79433029.0,22385.6778250275,75.0856341463415
Germany,DEU,1991,80013896.0,23443.3350818536,75.319512195122
Germany,DEU,1992,80624598.0,26559.8543879632,75.819512195122
Germany,DEU,1993,81156363.0,25616.6508772405,75.8707317073171
Germany,DEU,1994,81438348.0,27201.9593555204,76.2707317073171
Germany,DEU,1995,81678051.0,31747.2449398447,76.4219512195122
Germany,DEU,1996,81914831.0,30599.7891048363,76.6731707317073
Germany,DEU,1997,82034771.0,27046.9565464237,77.0731707317073
Germany,DEU,1998,82047195.0,27395.9440608051,77.4756097560976
Germany,DEU,1999,82100243.0,26965.4922773722,77.7268292682927
Germany,DEU,2000,82211508.0,23925.8559901991,77.9268292682927
Germany,DEU,2001,82349925.0,23878.3641471651,78.3292682926829
Germany,DEU,2002,82488495.0,25486.5942008748,78.2292682926829
Germany,DEU,2003,82534176.0,30711.1022511331,78.3804878048781
Germany,DEU,2004,82516260.0,34566.7359143735,78.6804878048781
Germany,DEU,2005,82469422.0,35084.4363546269,78.9317073170732
Germany,DEU,2006,82376451.0,36980.3349948954,79.1317073170732
Germany,DEU,2007,82266372.0,42350.9217211489,79.5341463414634
Germany,DEU,2008,82110097.0,46379.1647953479,79.7365853658537
Germany,DEU,2009,81902307.0,42471.8868625226,79.8365853658537
Germany,DEU,2010,81776930.0,42396.9665976293,79.9878048780488
Germany,DEU,2011,80274983.0,47630.9761883572,80.4365853658537
Germany,DEU,2012,80425823.0,44718.0159214069,80.5390243902439
Germany,DEU,2013,80645605.0,47206.8353514242,80.490243902439
Germany,DEU,2014,80982500.0,48959.5991203133,81.090243902439
Germany,DEU,2015,81686611.0,41929.7549110722,80.6414634146341
Germany,DEU,2016,82348669.0,42948.9381932694,80.990243902439
Germany,DEU,2017,82657002.0,45553.9341495339,80.9926829268293
Germany,DEU,2018,82905782.0,48916.1686612154,80.8926829268293
Germany,DEU,2019,83092962.0,47656.199739747,81.2926829268293
Germany,DEU,2020,83160871.0,47394.8734504469,81.0414634146342
Germany,DEU,2021,83196078.0,52349.2459994422,80.790243902439
Germany,DEU,2022,83177813.0,50506.5179638543,80.6080487804878
Germany,DEU,2023,83287273.0,54776.7668235491,80.5414634146342
Ghana,GHA,1960,6961215.0,174.858856531804,46.942
Ghana,GHA,1961,7162667.0,181.870010833085,47.127
Ghana,GHA,1962,7337375.0,188.421016299893,47.335
Ghana,GHA,1963,7514714.0,205.037422391885,47.476
Ghana,GHA,1964,7695739.0,224.968154393354,47.637
Ghana,GHA,1965,7882606.0,260.50559523622,47.689
Ghana,GHA,1966,8074521.0,263.334589411514,47.708
Ghana,GHA,1967,8271913.0,211.219296540365,47.734
Ghana,GHA,1968,8475729.0,196.668571830464,47.758
Ghana,GHA,1969,8690383.0,225.772621963554,47.895
Ghana,GHA,1970,8925813.0,248.159869409818,47.888
Ghana,GHA,1971,9176264.0,263.408787882235,47.949
Ghana,GHA,1972,9438187.0,223.80286383233,48.274
Ghana,GHA,1973,9714617.0,309.509552300391,48.577
Ghana,GHA,1974,10000523.0,289.425856816508,48.918
Ghana,GHA,1975,10294308.0,272.976715188503,49.323
Ghana,GHA,1976,10594913.0,260.998295813107,49.732
Ghana,GHA,1977,10911871.0,292.28979809499,50.079
Ghana,GHA,1978,11248450.0,325.598476678233,50.461
Ghana,GHA,1979,11597255.0,346.653403777697,50.787
Ghana,GHA,1980,11941448.0,372.252026367961,51.059
Ghana,GHA,1981,12281712.0,343.799126739425,51.313
Ghana,GHA,1982,12643819.0,319.206910329791,51.425
Ghana,GHA,1983,13029836.0,311.383438154949,51.78
Ghana,GHA,1984,13370590.0,329.998888863111,52.232
Ghana,GHA,1985,13661229.0,329.714604937014,52.732
Ghana,GHA,1986,13965217.0,410.711658388611,53.276
Ghana,GHA,1987,14289108.0,355.153724919203,53.818
Ghana,GHA,1988,14636568.0,355.121844932881,54.396
Ghana,GHA,1989,15006813.0,349.964941914982,54.936
Ghana,GHA,1990,15394648.0,382.54246368354,55.395
Ghana,GHA,1991,15787496.0,418.254121349986,55.722
Ghana,GHA,1992,16184855.0,396.426407640517,56.055
Ghana,GHA,1993,16589519.0,359.800844097528,56.286
Ghana,GHA,1994,16993190.0,320.50390343252,56.234
Ghana,GHA,1995,17399017.0,371.537243033836,56.662
Ghana,GHA,1996,17810181.0,389.271267898831,56.957
Ghana,GHA,1997,18238958.0,377.841935501461,57.241
Ghana,GHA,1998,18688036.0,400.366799508524,57.525
Ghana,GHA,1999,19149864.0,403.037326127273,57.835
Ghana,GHA,2000,19637087.0,253.746936203344,58.139
Ghana,GHA,2001,20167069.0,263.542156494853,58.403
Ghana,GHA,2002,20729388.0,297.46164468774,58.709
Ghana,GHA,2003,21296705.0,358.39927142073,59.014
Ghana,GHA,2004,21868298.0,406.132105329565,59.316
Ghana,GHA,2005,22449438.0,478.611909191028,59.638
Ghana,GHA,2006,23040702.0,906.441027564887,59.975
Ghana,GHA,2007,23642279.0,1050.12461524926,60.282
Ghana,GHA,2008,24249946.0,1182.65761256016,60.578
Ghana,GHA,2009,24862664.0,1047.70430093586,60.928
Ghana,GHA,2010,25474995.0,1263.89251760539,61.297
Ghana,GHA,2011,26095088.0,1507.43573198753,61.617
Ghana,GHA,2012,26734268.0,1543.77524235764,61.995
Ghana,GHA,2013,27386193.0,2294.79584693743,62.397
Ghana,GHA,2014,28041592.0,1949.90832923846,62.832
Ghana,GHA,2015,28696068.0,1722.77282833606,63.175
Ghana,GHA,2016,29356742.0,1912.47991339951,63.522
Ghana,GHA,2017,30008354.0,2012.28662641265,63.829
Ghana,GHA,2018,30637585.0,2195.32166016377,64.138
Ghana,GHA,2019,31258945.0,2186.65822682613,64.455
Ghana,GHA,2020,31887809.0,2195.45481659987,64.309
Ghana,GHA,2021,32518665.0,2445.18662529344,64.286
Ghana,GHA,2022,33149152.0,2229.89122647803,65.246
Ghana,GHA,2023,33787914.0,2383.90410483418,65.498
Greece,GRC,1960,8331725.0,513.085862390915,70.4343170731707
Greece,GRC,1961,8398050.0,582.563503591063,70.2830243902439
Greece,GRC,1962,8448233.0,608.475515462307,70.2246097560976
Greece,GRC,1963,8479625.0,685.559282001744,70.5639756097561
Greece,GRC,1964,8510429.0,772.805500770312,70.4581707317073
Greece,GRC,1965,8550333.0,886.773611071551,71.3916829268293
Greece,GRC,1966,8613651.0,983.55754915871,71.800512195122
Greece,GRC,1967,8684088.0,1053.2588863313,71.307
Greece,GRC,1968,8740765.0,1138.38219032671,71.4037317073171
Greece,GRC,1969,8772764.0,1305.64395976862,71.9788780487805
Greece,GRC,1970,8792806.0,1473.60394808707,72.6807804878049
Greece,GRC,1971,8831036.0,1629.3452793287,72.8671707317073
Greece,GRC,1972,8888628.0,1873.25412773592,72.656243902439
Greece,GRC,1973,8929086.0,2468.00395502023,72.9059268292683
Greece,GRC,1974,8962022.0,2789.40577350635,73.3943658536585
Greece,GRC,1975,9046541.0,3109.3794397892,73.4011707317073
Greece,GRC,1976,9188150.0,3343.38819444676,73.6791219512195
Greece,GRC,1977,9308479.0,3832.32110004611,73.6803414634146
Greece,GRC,1978,9429959.0,4629.33937671209,74.3631707317073
Greece,GRC,1979,9548258.0,5626.58879087082,74.5928292682927
Greece,GRC,1980,9642505.0,5811.69069600941,74.5065609756098
Greece,GRC,1981,9729350.0,5305.43729381339,74.9156829268293
Greece,GRC,1982,9789513.0,5501.63700061234,75.2026829268293
Greece,GRC,1983,9846627.0,4950.06026518761,75.4804146341463
Greece,GRC,1984,9895801.0,4785.07463033775,75.7576097560976
Greece,GRC,1985,9934300.0,4746.76035816355,76.0950487804878
Greece,GRC,1986,9967213.0,5577.83258692769,76.4882195121951
Greece,GRC,1987,10000595.0,6473.57783168117,76.0558536585366
Greece,GRC,1988,10036983.0,7492.35204811251,76.9481951219512
Greece,GRC,1989,10089498.0,7737.54385772032,76.6878048780488
Greece,GRC,1990,10196792.0,9466.66238502174,76.9390243902439
Greece,GRC,1991,10319927.0,10046.6663875475,77.1365853658537
Greece,GRC,1992,10399061.0,11021.012224607,77.3829268292683
Greece,GRC,1993,10460415.0,10257.3085789073,77.390243902439
Greece,GRC,1994,10512922.0,10937.0223808611,77.6390243902439
Greece,GRC,1995,10562153.0,12779.081491606,77.5853658536585
Greece,GRC,1996,10608800.0,13432.5262183244,77.6853658536585
Greece,GRC,1997,10661259.0,13015.9175046854,78.1365853658537
Greece,GRC,1998,10720509.0,13022.9648774809,77.8390243902439
Greece,GRC,1999,10761698.0,12742.5404388143,77.9878048780488
Greece,GRC,2000,10805808.0,11638.2010697215,77.8878048780488
Greece,GRC,2001,10862132.0,12156.9572824221,78.3878048780488
Greece,GRC,2002,10902022.0,13782.195640943,78.6414634146341
Greece,GRC,2003,10928070.0,18020.612039764,78.8414634146341
Greece,GRC,2004,10955141.0,21449.2552764245,79.0390243902439
Greece,GRC,2005,10987314.0,22054.1315756886,79.2390243902439
Greece,GRC,2006,11020362.0,24416.0232970275,79.4390243902439
Greece,GRC,2007,11048473.0,28440.7625328955,79.4390243902439
Greece,GRC,2008,11077841.0,31695.8331092209,79.9390243902439
Greece,GRC,2009,11107017.0,29425.4573200263,80.1878048780488
Greece,GRC,2010,11121341.0,26653.0488008626,80.3878048780488
Greece,GRC,2011,11104899.0,25504.7866510124,80.7317073170732
Greece,GRC,2012,11045011.0,21624.346052551,80.6341463414634
Greece,GRC,2013,10965211.0,21573.3449762805,81.2853658536585
Greece,GRC,2014,10892413.0,21474.7257123892,81.3853658536585
Greece,GRC,2015,10820883.0,17980.7298238137,81.0365853658537
Greece,GRC,2016,10775971.0,17919.2426377048,81.3878048780488
Greece,GRC,2017,10754679.0,18631.9930129293,81.2878048780488
Greece,GRC,2018,10732882.0,19873.4015238771,81.7878048780488
Greece,GRC,2019,10721582.0,19335.3602002969,81.6390243902439
Greece,GRC,2020,10698599.0,17886.733165236,81.2878048780488
Greece,GRC,2021,10569207.0,20654.7001960815,80.0829268292683
Greece,GRC,2022,10436882.0,20886.5243087629,80.7878048780488
Greece,GRC,2023,10407351.0,23343.7103964562,81.5365853658537
Greenland,GRL,1970,46400.0,1498.27643678161,63.1156585365854
Greenland,GRL,1971,47200.0,1874.29530190099,63.0539756097561
Greenland,GRL,1972,48300.0,2196.71424019198,62.7973658536585
Greenland,GRL,1973,49000.0,2860.28057640115,62.4474878048781
Greenland,GRL,1974,49500.0,3432.70603291276,62.025512195122
Greenland,GRL,1975,49600.0,4257.87561148406,61.8320243902439
Greenland,GRL,1976,49700.0,4844.65629347485,61.8058292682927
Greenland,GRL,1977,49400.0,5713.96253360554,61.8398780487805
Greenland,GRL,1978,49200.0,7235.5169393433,63.4146341463415
Greenland,GRL,1979,49600.0,8480.76253105822,63.9548780487805
Greenland,GRL,1980,50200.0,9483.10240585198,63.449756097561
Greenland,GRL,1981,51000.0,8544.09791016512,63.0748780487805
Greenland,GRL,1982,51500.0,7813.65128212172,63.1926829268293
Greenland,GRL,1983,52100.0,7988.17794662988,63.3
Greenland,GRL,1984,52700.0,7198.7078081665,63.4665853658537
Greenland,GRL,1985,53200.0,7760.83426370628,63.8336585365854
Greenland,GRL,1986,53500.0,11271.3325735884,64.2487804878049
Greenland,GRL,1987,54100.0,14554.3513669736,64.6541463414634
Greenland,GRL,1988,54800.0,16397.9501938761,64.5824390243903
Greenland,GRL,1989,55300.0,16813.7414501107,64.6675609756098
Greenland,GRL,1990,55600.0,18326.9295023252,65.0682926829268
Greenland,GRL,1991,55500.0,18315.3165631906,65.0317073170732
Greenland,GRL,1992,55300.0,18768.8275325455,65.1960975609756
Greenland,GRL,1993,55200.0,16797.3578218828,65.5853658536585
Greenland,GRL,1994,55500.0,18124.0998075763,65.9009756097561
Greenland,GRL,1995,55800.0,21665.8295173116,65.6441463414634
Greenland,GRL,1996,55900.0,21422.4609853672,65.7673170731707
Greenland,GRL,1997,56000.0,19145.614890096,65.7980487804878
Greenland,GRL,1998,56100.0,20496.578783559,66.1570731707317
Greenland,GRL,1999,56100.0,20170.322763798,66.4975609756098
Greenland,GRL,2000,56185.0,19009.0774407515,66.0990243902439
Greenland,GRL,2001,56379.0,19265.5191468738,66.1965853658537
Greenland,GRL,2002,56595.0,20657.9506323097,66.6117073170732
Greenland,GRL,2003,56751.0,27466.6494525504,67.1817073170732
Greenland,GRL,2004,56898.0,32030.9987915109,67.7263414634146
Greenland,GRL,2005,56935.0,32489.7277309899,68.2351219512195
Greenland,GRL,2006,56775.0,35457.6297578214,68.6165853658537
Greenland,GRL,2007,56555.0,39780.9441368721,69.0482926829268
Greenland,GRL,2008,56328.0,44366.7858688175,69.37
Greenland,GRL,2009,56323.0,44918.8413832155,69.779512195122
Greenland,GRL,2010,56534.0,44277.1993400972,70.0807317073171
Greenland,GRL,2011,56890.0,47186.8759969388,70.2648780487805
Greenland,GRL,2012,56810.0,45936.9562817724,70.5463414634146
Greenland,GRL,2013,56483.0,47535.4883792376,70.8385365853659
Greenland,GRL,2014,56295.0,50485.2244135291,71.0609756097561
Greenland,GRL,2015,56114.0,44536.3549705377,71.4790243902439
Greenland,GRL,2016,56186.0,48181.7453541266,71.8385365853659
Greenland,GRL,2017,56172.0,50765.7494665372,71.9321951219512
Greenland,GRL,2018,56023.0,54545.135857765,71.9675609756098
Greenland,GRL,2019,56225.0,53309.2035905065,71.9443902439024
Greenland,GRL,2020,56367.0,54812.6661771023,71.8507317073171
Greenland,GRL,2021,56653.0,58135.9939910203,71.8139024390244
Greenland,GRL,2022,56661.0,55635.0006491223,71.5404878048781
Greenland,GRL,2023,56865.0,58498.9707973609,71.549756097561
Grenada,GRD,1977,97017.0,736.927499151542,67.869
Grenada,GRD,1978,96305.0,917.111118802723,67.856
Grenada,GRD,1979,95490.0,1070.73371266334,67.941
Grenada,GRD,1980,94538.0,1173.07809597238,68.117
Grenada,GRD,1981,94052.0,1229.65932557403,68.348
Grenada,GRD,1982,94383.0,1329.00617695983,68.597
Grenada,GRD,1983,94948.0,1388.16565090599,64.333
Grenada,GRD,1984,95498.0,1523.94092798531,69.095
Grenada,GRD,1985,96111.0,1745.15357435866,69.338
Grenada,GRD,1986,96790.0,1938.10850906698,69.574
Grenada,GRD,1987,97526.0,2204.6384515886,69.808
Grenada,GRD,1988,98308.0,2404.25523562379,70.045
Grenada,GRD,1989,99121.0,2696.98290193019,70.289
Grenada,GRD,1990,99957.0,2782.18396873619,70.546
Grenada,GRD,1991,100793.0,2983.91643158641,70.823
Grenada,GRD,1992,101602.0,3052.70018744163,71.125
Grenada,GRD,1993,102382.0,3026.04154231393,71.45
Grenada,GRD,1994,103138.0,3152.2020478855,71.78
Grenada,GRD,1995,103869.0,3294.26988339657,72.094
Grenada,GRD,1996,104584.0,3508.294236637,72.373
Grenada,GRD,1997,105293.0,3724.75466168304,72.6
Grenada,GRD,1998,106009.0,4206.28052894181,72.762
Grenada,GRD,1999,106727.0,4516.28332446682,72.873
Grenada,GRD,2000,107451.0,4839.82811114248,72.955
Grenada,GRD,2001,107987.0,4819.50776653843,73.034
Grenada,GRD,2002,108404.0,4984.47405931447,73.142
Grenada,GRD,2003,108884.0,5427.96377252312,73.291
Grenada,GRD,2004,109323.0,5480.26117644588,72.447
Grenada,GRD,2005,109734.0,6338.56011405358,73.7
Grenada,GRD,2006,110135.0,6344.0383771432,73.93
Grenada,GRD,2007,110522.0,6864.54816771858,74.159
Grenada,GRD,2008,110896.0,7448.2040563865,74.374
Grenada,GRD,2009,111254.0,6932.56472176781,74.567
Grenada,GRD,2010,111586.0,6909.60169568597,74.731
Grenada,GRD,2011,112079.0,6947.38136096464,74.861
Grenada,GRD,2012,112775.0,7092.71985352677,74.961
Grenada,GRD,2013,113487.0,7424.80212287327,75.022
Grenada,GRD,2014,114132.0,7986.33421210788,75.045
Grenada,GRD,2015,114676.0,8694.12438005692,75.037
Grenada,GRD,2016,115130.0,9221.23461079424,75.01
Grenada,GRD,2017,115438.0,9751.42661155932,74.977
Grenada,GRD,2018,115691.0,10083.021279225,74.957
Grenada,GRD,2019,115981.0,10462.7929159533,74.971
Grenada,GRD,2020,116341.0,8968.55890108484,75.019
Grenada,GRD,2021,116688.0,9617.28902905373,74.522
Grenada,GRD,2022,116913.0,10469.3867012856,75.151
Grenada,GRD,2023,117081.0,11414.4781691181,75.205
Guam,GUM,2002,162315.0,20909.9590302806,75.506
Guam,GUM,2003,163137.0,21877.3178371553,75.885
Guam,GUM,2004,163810.0,23618.8266894573,76.114
Guam,GUM,2005,164365.0,25631.9776108052,76.427
Guam,GUM,2006,164839.0,25709.9351488422,76.477
Guam,GUM,2007,165267.0,26605.4324214756,76.397
Guam,GUM,2008,165693.0,28112.2316573422,76.233
Guam,GUM,2009,166173.0,29054.0581201519,76.141
Guam,GUM,2010,166522.0,29719.7967836082,76.095
Guam,GUM,2011,166543.0,29926.2052442913,76.153
Guam,GUM,2012,166331.0,31653.7506538168,76.237
Guam,GUM,2013,165966.0,32530.7593121483,76.361
Guam,GUM,2014,165486.0,33900.1486530583,76.423
Guam,GUM,2015,164905.0,35165.7014644795,76.444
Guam,GUM,2016,164233.0,35930.6594898711,76.449
Guam,GUM,2017,163490.0,36779.0078903909,76.463
Guam,GUM,2018,162679.0,37195.9503070464,76.561
Guam,GUM,2019,161808.0,39274.9431424899,76.645
Guam,GUM,2020,162158.0,36482.9363953675,75.529
Guam,GUM,2021,163730.0,38074.8793745801,75.434
Guam,GUM,2022,165180.0,41833.1517132825,77.102
Guatemala,GTM,1960,4063655.0,256.813115286608,45.76
Guatemala,GTM,1961,4186201.0,257.20215058952,46.12
Guatemala,GTM,1962,4312044.0,265.21065183936,46.492
Guatemala,GTM,1963,4440264.0,284.397504292538,46.622
Guatemala,GTM,1964,4571109.0,284.197970339364,47.055
Guatemala,GTM,1965,4704965.0,282.97764170403,47.185
Guatemala,GTM,1966,4840958.0,287.277848723331,47.511
Guatemala,GTM,1967,4978862.0,291.934180943356,47.727
Guatemala,GTM,1968,5118111.0,314.666876118943,47.758
Guatemala,GTM,1969,5257081.0,326.30273339901,47.521
Guatemala,GTM,1970,5396966.0,352.790808761812,48.507
Guatemala,GTM,1971,5538355.0,358.373560380293,50.276
Guatemala,GTM,1972,5682833.0,369.762757413424,51.817
Guatemala,GTM,1973,5831631.0,440.562871690613,52.848
Guatemala,GTM,1974,5981197.0,528.57311003132,53.023
Guatemala,GTM,1975,6128731.0,594.88660866336,52.832
Guatemala,GTM,1976,6262404.0,697.064609693019,47.617
Guatemala,GTM,1977,6401515.0,856.125495292911,55.184
Guatemala,GTM,1978,6561534.0,925.180026499901,56.412
Guatemala,GTM,1979,6727797.0,1025.98223460072,56.6
Guatemala,GTM,1980,6900212.0,1141.80549814991,55.297
Guatemala,GTM,1981,7075648.0,1216.49639722044,54.709
Guatemala,GTM,1982,7240241.0,1203.96540667638,48.863
Guatemala,GTM,1983,7419642.0,1219.73545354345,57.913
Guatemala,GTM,1984,7630682.0,1241.04242582773,59.074
Guatemala,GTM,1985,7849693.0,1238.47545209176,59.788
Guatemala,GTM,1986,8070818.0,896.063263473632,60.341
Guatemala,GTM,1987,8296485.0,853.903772501246,60.991
Guatemala,GTM,1988,8532099.0,919.070773138882,61.538
Guatemala,GTM,1989,8775546.0,958.427471156263,61.745
Guatemala,GTM,1990,9024773.0,847.688561830359,61.767
Guatemala,GTM,1991,9272584.0,1014.40279682682,61.926
Guatemala,GTM,1992,9522266.0,1096.45976992698,61.992
Guatemala,GTM,1993,9779761.0,1165.67442716224,62.442
Guatemala,GTM,1994,10043718.0,1292.67202750483,63.026
Guatemala,GTM,1995,10312996.0,1421.06177809796,63.662
Guatemala,GTM,1996,10583526.0,1481.05986750672,64.54
Guatemala,GTM,1997,10857754.0,1638.46281851789,65.249
Guatemala,GTM,1998,11139145.0,1741.20114182856,65.969
Guatemala,GTM,1999,11422965.0,1603.64776144934,66.634
Guatemala,GTM,2000,11697592.0,1648.96578971559,67.102
Guatemala,GTM,2001,11969422.0,1537.68663578252,67.436
Guatemala,GTM,2002,12246915.0,1669.33517469705,67.835
Guatemala,GTM,2003,12525842.0,1722.54701910774,68.204
Guatemala,GTM,2004,12807402.0,1840.91184884,68.245
Guatemala,GTM,2005,13087629.0,2046.46611650758,68.167
Guatemala,GTM,2006,13367459.0,2225.1234753878,68.79
Guatemala,GTM,2007,13652040.0,2458.81573919384,69.299
Guatemala,GTM,2008,13935174.0,2763.05988172926,69.493
Guatemala,GTM,2009,14215611.0,2611.64632773352,69.676
Guatemala,GTM,2010,14500112.0,2805.25960237322,69.885
Guatemala,GTM,2011,14792126.0,3168.98370607705,70.321
Guatemala,GTM,2012,15089647.0,3286.61959336267,70.722
Guatemala,GTM,2013,15387337.0,3444.15802275864,70.878
Guatemala,GTM,2014,15681725.0,3689.14510410202,70.942
Guatemala,GTM,2015,15971743.0,3893.50533299068,70.915
Guatemala,GTM,2016,16268760.0,4060.13784737643,71.215
Guatemala,GTM,2017,16567357.0,4324.99768915601,71.583
Guatemala,GTM,2018,16845685.0,4352.94593289707,71.496
Guatemala,GTM,2019,17103803.0,4511.99839552697,71.639
Guatemala,GTM,2020,17357325.0,4477.61785000665,69.971
Guatemala,GTM,2021,17598650.0,4912.62240414681,67.858
Guatemala,GTM,2022,17847877.0,5358.70156997677,71.206
Guatemala,GTM,2023,18124838.0,5758.32760847852,72.602
Guinea,GIN,1970,4277535.0,752.822503572388,39.06
Guinea,GIN,1971,4355200.0,825.289977053096,39.372
Guinea,GIN,1972,4431292.0,948.497421297055,39.683
Guinea,GIN,1973,4506324.0,1143.30003514078,39.937
Guinea,GIN,1974,4580510.0,1242.5292252039,40.229
Guinea,GIN,1975,4653876.0,1311.33051362563,40.606
Guinea,GIN,1976,4727022.0,1430.66435286764,41.028
Guinea,GIN,1977,4801128.0,1440.15766515101,41.409
Guinea,GIN,1978,4877854.0,1657.96393230706,41.882
Guinea,GIN,1979,4959283.0,1789.99554924567,42.343
Guinea,GIN,1980,5047419.0,1930.99184257949,42.842
Guinea,GIN,1981,5143288.0,1875.53966772396,43.33
Guinea,GIN,1982,5247672.0,2272.63298724274,43.863
Guinea,GIN,1983,5359814.0,2822.83932284682,44.226
Guinea,GIN,1984,5480096.0,3361.5282015455,44.858
Guinea,GIN,1985,5610373.0,4061.69867242443,45.31
Guinea,GIN,1986,5750668.0,505.876944250303,45.719
Guinea,GIN,1987,5900198.0,504.510868799406,46.107
Guinea,GIN,1988,6056574.0,574.001127225182,46.478
Guinea,GIN,1989,6215811.0,570.493417986787,46.86
Guinea,GIN,1990,6434374.0,604.304422702532,47.252
Guinea,GIN,1991,6697166.0,656.42373119518,47.781
Guinea,GIN,1992,6914366.0,692.647802662806,48.266
Guinea,GIN,1993,7128177.0,670.741778229959,48.819
Guinea,GIN,1994,7345107.0,671.576385058752,49.188
Guinea,GIN,1995,7553249.0,713.031460558683,49.836
Guinea,GIN,1996,7770035.0,726.025442583799,50.546
Guinea,GIN,1997,7931370.0,695.58174225826,51.113
Guinea,GIN,1998,8081990.0,647.379920832778,51.61
Guinea,GIN,1999,8265123.0,610.614842942762,51.987
Guinea,GIN,2000,8428832.0,518.157066924026,52.42
Guinea,GIN,2001,8539960.0,483.085120214741,52.669
Guinea,GIN,2002,8674066.0,495.916073559269,53.2
Guinea,GIN,2003,8870781.0,566.48540588068,53.589
Guinea,GIN,2004,9062726.0,584.897740538081,53.975
Guinea,GIN,2005,9245844.0,463.17768685098,54.422
Guinea,GIN,2006,9441171.0,446.980554135013,54.875
Guinea,GIN,2007,9662281.0,650.148575304743,55.233
Guinea,GIN,2008,9898870.0,703.532825784369,55.703
Guinea,GIN,2009,10143534.0,662.185914665575,56.052
Guinea,GIN,2010,10396086.0,659.235326211315,56.431
Guinea,GIN,2011,10656810.0,636.694958747648,56.778
Guinea,GIN,2012,10921581.0,699.353377212197,57.117
Guinea,GIN,2013,11191873.0,748.455020824734,57.459
Guinea,GIN,2014,11472924.0,765.146999389279,57.581
Guinea,GIN,2015,11767070.0,747.356966759448,57.899
Guinea,GIN,2016,12073030.0,711.996509782316,58.49
Guinea,GIN,2017,12385659.0,833.598621691121,58.715
Guinea,GIN,2018,12704774.0,933.273615633705,59.043
Guinea,GIN,2019,13034346.0,1031.34146480732,59.379
Guinea,GIN,2020,13371183.0,1053.66097696415,59.35
Guinea,GIN,2021,13710513.0,1244.96550477914,59.373
Guinea,GIN,2022,14055137.0,1416.59612011764,60.432
Guinea,GIN,2023,14405468.0,1555.49375806861,60.74
Guinea-Bissau,GNB,1970,584403.0,350.221594962107,37.258
Guinea-Bissau,GNB,1971,586221.0,348.277009620267,37.538
Guinea-Bissau,GNB,1972,586620.0,388.643761374553,37.82
Guinea-Bissau,GNB,1973,592808.0,391.9165756129,38.17
Guinea-Bissau,GNB,1974,613338.0,418.643114014064,41.613
Guinea-Bissau,GNB,1975,650966.0,435.217809874848,41.934
Guinea-Bissau,GNB,1976,694191.0,420.852937438178,42.253
Guinea-Bissau,GNB,1977,741789.0,402.906587803326,42.578
Guinea-Bissau,GNB,1978,791694.0,402.777525700936,42.908
Guinea-Bissau,GNB,1979,819867.0,375.845330171625,43.239
Guinea-Bissau,GNB,1980,829303.0,346.855441567554,43.57
Guinea-Bissau,GNB,1981,842432.0,477.46389637563,43.926
Guinea-Bissau,GNB,1982,855891.0,502.732266005568,44.293
Guinea-Bissau,GNB,1983,869592.0,488.993892322107,44.6
Guinea-Bissau,GNB,1984,883519.0,407.439444684912,44.943
Guinea-Bissau,GNB,1985,897697.0,416.576139998898,45.266
Guinea-Bissau,GNB,1986,912126.0,371.137575913103,45.523
Guinea-Bissau,GNB,1987,926862.0,487.551949436993,45.844
Guinea-Bissau,GNB,1988,942061.0,453.807472688208,46.279
Guinea-Bissau,GNB,1989,957789.0,578.490985831256,46.614
Guinea-Bissau,GNB,1990,973669.0,651.337640650994,46.89
Guinea-Bissau,GNB,1991,994639.0,672.07387884966,47.201
Guinea-Bissau,GNB,1992,1024356.0,574.32110641811,47.518
Guinea-Bissau,GNB,1993,1058745.0,581.612681813953,47.84
Guinea-Bissau,GNB,1994,1092031.0,560.883422537973,47.775
Guinea-Bissau,GNB,1995,1119949.0,589.487023081945,48.531
Guinea-Bissau,GNB,1996,1143535.0,614.729892454585,48.772
Guinea-Bissau,GNB,1997,1165545.0,598.953470198484,48.033
Guinea-Bissau,GNB,1998,1187473.0,497.724279563733,48.123
Guinea-Bissau,GNB,1999,1210206.0,478.733190989909,48.492
Guinea-Bissau,GNB,2000,1234741.0,316.945495037639,50.565
Guinea-Bissau,GNB,2001,1261273.0,327.138431972397,51.054
Guinea-Bissau,GNB,2002,1289307.0,362.034574570354,51.608
Guinea-Bissau,GNB,2003,1318806.0,419.78486611807,52.186
Guinea-Bissau,GNB,2004,1349563.0,431.376557669634,52.8
Guinea-Bissau,GNB,2005,1381585.0,463.073962650452,52.949
Guinea-Bissau,GNB,2006,1415303.0,448.513075469701,54.089
Guinea-Bissau,GNB,2007,1450986.0,519.069789794741,54.87
Guinea-Bissau,GNB,2008,1488054.0,640.210331101753,55.3
Guinea-Bissau,GNB,2009,1526377.0,583.190020139094,56.297
Guinea-Bissau,GNB,2010,1566347.0,600.194298540768,56.999
Guinea-Bissau,GNB,2011,1608076.0,719.539573498937,57.663
Guinea-Bissau,GNB,2012,1651417.0,635.461653303881,58.27
Guinea-Bissau,GNB,2013,1695973.0,654.304534409417,58.879
Guinea-Bissau,GNB,2014,1741122.0,652.022501029449,59.476
Guinea-Bissau,GNB,2015,1786457.0,645.066837207039,60.071
Guinea-Bissau,GNB,2016,1831893.0,679.665386626818,60.619
Guinea-Bissau,GNB,2017,1877072.0,783.123186602022,61.148
Guinea-Bissau,GNB,2018,1922168.0,808.531613218504,61.652
Guinea-Bissau,GNB,2019,1967696.0,811.216425885129,62.161
Guinea-Bissau,GNB,2020,2013255.0,846.915855715971,61.343
Guinea-Bissau,GNB,2021,2058841.0,926.780921081233,61.653
Guinea-Bissau,GNB,2022,2105529.0,883.199131457831,63.605
Guinea-Bissau,GNB,2023,2153339.0,988.087886357022,64.085
Guyana,GUY,1960,569143.0,299.074645785091,57.51
Guyana,GUY,1961,582568.0,319.017754796284,57.912
Guyana,GUY,1962,595461.0,327.392579238974,58.303
Guyana,GUY,1963,608537.0,288.820390442321,58.644
Guyana,GUY,1964,621764.0,313.261161893769,58.958
Guyana,GUY,1965,635128.0,335.73593687831,59.137
Guyana,GUY,1966,648646.0,352.589675035291,59.329
Guyana,GUY,1967,662311.0,377.732621967981,59.53
Guyana,GUY,1968,676160.0,339.786441079035,59.69
Guyana,GUY,1969,690223.0,361.187616176221,59.835
Guyana,GUY,1970,702705.0,381.098754100227,59.961
Guyana,GUY,1971,712662.0,395.769663599294,60.068
Guyana,GUY,1972,721617.0,395.474264576572,60.133
Guyana,GUY,1973,730138.0,420.533678630093,60.211
Guyana,GUY,1974,738057.0,587.968877003464,60.305
Guyana,GUY,1975,745393.0,663.799722651899,60.375
Guyana,GUY,1976,752253.0,604.105267775602,60.449
Guyana,GUY,1977,758654.0,592.99759837818,60.558
Guyana,GUY,1978,764586.0,663.208586084495,60.646
Guyana,GUY,1979,770062.0,688.827652838343,60.735
Guyana,GUY,1980,774367.0,778.958814102357,60.808
Guyana,GUY,1981,776453.0,734.567458871119,60.91
Guyana,GUY,1982,776712.0,620.564636570569,61.01
Guyana,GUY,1983,775891.0,630.672779209107,61.157
Guyana,GUY,1984,774111.0,565.33443558244,61.255
Guyana,GUY,1985,771477.0,587.818395225034,61.379
Guyana,GUY,1986,768098.0,657.014000212061,61.521
Guyana,GUY,1987,764120.0,464.052566270711,61.698
Guyana,GUY,1988,759663.0,544.715209244099,61.849
Guyana,GUY,1989,754865.0,503.109019103922,62.054
Guyana,GUY,1990,749894.0,528.851095342994,62.254
Guyana,GUY,1991,747861.0,466.039938988882,62.463
Guyana,GUY,1992,749911.0,498.156636569954,62.816
Guyana,GUY,1993,752965.0,603.084316652805,63.016
Guyana,GUY,1994,755822.0,715.611525201717,63.007
Guyana,GUY,1995,758388.0,819.668541584905,62.668
Guyana,GUY,1996,760526.0,927.523847211669,62.691
Guyana,GUY,1997,762245.0,982.804753805587,62.879
Guyana,GUY,1998,763586.0,939.685488169724,63.429
Guyana,GUY,1999,764483.0,908.790631391797,63.772
Guyana,GUY,2000,764832.0,931.796651718955,64.075
Guyana,GUY,2001,764477.0,931.574723847673,64.38
Guyana,GUY,2002,763652.0,950.866932470993,64.183
Guyana,GUY,2003,763101.0,973.742598054188,64.117
Guyana,GUY,2004,762418.0,1033.31030902188,64.214
Guyana,GUY,2005,760914.0,1084.06541388904,64.392
Guyana,GUY,2006,758966.0,3135.60553528326,64.848
Guyana,GUY,2007,756861.0,3608.28685240188,65.462
Guyana,GUY,2008,754606.0,4008.9628671603,65.721
Guyana,GUY,2009,752094.0,4209.13230624565,66.03
Guyana,GUY,2010,749256.0,4581.76179693492,66.204
Guyana,GUY,2011,746153.0,4947.22170589917,66.469
Guyana,GUY,2012,746288.0,5444.39751913913,66.443
Guyana,GUY,2013,750021.0,5556.91231156932,66.71
Guyana,GUY,2014,754229.0,5472.68820452237,67.334
Guyana,GUY,2015,758781.0,5640.41560569466,67.719
Guyana,GUY,2016,763548.0,5870.87823759835,68.069
Guyana,GUY,2017,768479.0,6178.6650437298,68.543
Guyana,GUY,2018,791556.0,6048.38697180418,68.829
Guyana,GUY,2019,807665.0,6405.82443444562,69.067
Guyana,GUY,2020,807481.0,6775.70939096303,67.751
Guyana,GUY,2021,815482.0,9860.87014834386,64.323
Guyana,GUY,2022,821637.0,17913.4928066879,69.888
Guyana,GUY,2023,826353.0,20473.7002190617,70.18
Haiti,HTI,1960,3858443.0,70.8024454423715,43.44
Haiti,HTI,1961,3929030.0,68.99056510131,43.825
Haiti,HTI,1962,4001575.0,70.4464617057034,44.196
Haiti,HTI,1963,4073068.0,72.3983493523801,42.724
Haiti,HTI,1964,4146244.0,78.4520158485608,44.928
Haiti,HTI,1965,4223820.0,83.6332514169638,45.371
Haiti,HTI,1966,4302639.0,85.7493738145357,45.565
Haiti,HTI,1967,4382999.0,84.217267674485,46.135
Haiti,HTI,1968,4465328.0,82.4057717596557,46.522
Haiti,HTI,1969,4549334.0,86.1269803448153,46.903
Haiti,HTI,1970,4635124.0,71.4543990624631,47.265
Haiti,HTI,1971,4723244.0,76.8116150679491,47.619
Haiti,HTI,1972,4813868.0,77.2765182599349,47.884
Haiti,HTI,1973,4906743.0,95.1341802581181,48.194
Haiti,HTI,1974,5001796.0,113.039260601755,48.458
Haiti,HTI,1975,5099086.0,133.631792050575,48.72
Haiti,HTI,1976,5198357.0,169.091888071558,48.972
Haiti,HTI,1977,5299476.0,178.696912675895,49.226
Haiti,HTI,1978,5402580.0,180.321253919424,49.484
Haiti,HTI,1979,5507590.0,196.20196855612,49.749
Haiti,HTI,1980,5614493.0,246.46927157982,49.971
Haiti,HTI,1981,5723725.0,258.468043101302,50.31
Haiti,HTI,1982,5835937.0,252.607250558051,50.626
Haiti,HTI,1983,5951096.0,272.823694996686,50.946
Haiti,HTI,1984,6069230.0,299.247186216373,51.254
Haiti,HTI,1985,6190862.0,324.575156092964,51.583
Haiti,HTI,1986,6316122.0,366.997344256492,51.874
Haiti,HTI,1987,6445123.0,317.635520687503,52.245
Haiti,HTI,1988,6578145.0,397.365336276412,52.554
Haiti,HTI,1989,6714730.0,407.498708064211,52.88
Haiti,HTI,1990,6854441.0,451.720249689216,53.215
Haiti,HTI,1991,6995450.0,496.545987433864,53.524
Haiti,HTI,1992,7136571.0,316.276513134354,54.041
Haiti,HTI,1993,7278181.0,258.066372258817,54.478
Haiti,HTI,1994,7419771.0,292.134224374091,54.731
Haiti,HTI,1995,7562546.0,372.006104665125,55.582
Haiti,HTI,1996,7707557.0,377.229465025972,56.111
Haiti,HTI,1997,7854298.0,425.111085879256,56.675
Haiti,HTI,1998,8002143.0,465.363306259051,57.137
Haiti,HTI,1999,8151296.0,509.578585275375,57.692
Haiti,HTI,2000,8303151.0,820.600046761464,58.175
Haiti,HTI,2001,8455918.0,748.821159844528,58.591
Haiti,HTI,2002,8607641.0,720.969568042522,59.041
Haiti,HTI,2003,8759912.0,578.995291079709,59.44
Haiti,HTI,2004,8910263.0,683.185298155273,58.517
Haiti,HTI,2005,9061273.0,775.845704056916,60.318
Haiti,HTI,2006,9216562.0,828.805700289589,60.74
Haiti,HTI,2007,9373296.0,984.566983448521,61.09
Haiti,HTI,2008,9530774.0,1094.66058421644,61.28
Haiti,HTI,2009,9689581.0,1196.8528706018,61.694
Haiti,HTI,2010,9803294.0,1209.72733503094,45.577
Haiti,HTI,2011,9914904.0,1312.03953552013,61.581
Haiti,HTI,2012,10069771.0,1361.39396587374,62.273
Haiti,HTI,2013,10222362.0,1457.83221179626,62.624
Haiti,HTI,2014,10373235.0,1460.18898613914,62.969
Haiti,HTI,2015,10523242.0,1411.12684746796,63.224
Haiti,HTI,2016,10671457.0,1318.40268167953,63.325
Haiti,HTI,2017,10817754.0,1395.23945184461,63.832
Haiti,HTI,2018,10962362.0,1496.38048970156,64.077
Haiti,HTI,2019,11105163.0,1352.17204191532,64.328
Haiti,HTI,2020,11243848.0,1290.32538667383,63.773
Haiti,HTI,2021,11374586.0,1841.33189337222,62.613
Haiti,HTI,2022,11503606.0,1760.62635668777,63.948
Haiti,HTI,2023,11637398.0,1705.75808460999,64.936
Heavily indebted poor countries (HIPC),HPC,1960,163650527.0,133.966706552323,40.7990378002816
Heavily indebted poor countries (HIPC),HPC,1961,167634887.0,134.982100905981,41.1148093229126
Heavily indebted poor countries (HIPC),HPC,1962,171771666.0,143.210707106393,41.6934168347182
Heavily indebted poor countries (HIPC),HPC,1963,176063263.0,164.108821020134,41.9318462370256
Heavily indebted poor countries (HIPC),HPC,1964,180537667.0,148.880649778661,42.2693632051809
Heavily indebted poor countries (HIPC),HPC,1965,185208644.0,164.177189590693,42.6004841398763
Heavily indebted poor countries (HIPC),HPC,1966,190048827.0,173.487384341159,42.7180006144316
Heavily indebted poor countries (HIPC),HPC,1967,195111370.0,166.513489520738,43.3601046174859
Heavily indebted poor countries (HIPC),HPC,1968,200419142.0,174.606385503424,43.6817652707095
Heavily indebted poor countries (HIPC),HPC,1969,205895893.0,187.003538090024,43.9731699216846
Heavily indebted poor countries (HIPC),HPC,1970,211549510.0,175.758084999252,44.2867877584354
Heavily indebted poor countries (HIPC),HPC,1971,217344674.0,184.49729524321,44.4356166426098
Heavily indebted poor countries (HIPC),HPC,1972,223189830.0,199.672129891292,44.2468881266678
Heavily indebted poor countries (HIPC),HPC,1973,229341403.0,237.870538064419,44.8146857789171
Heavily indebted poor countries (HIPC),HPC,1974,235791936.0,272.517186325367,44.8920060355584
Heavily indebted poor countries (HIPC),HPC,1975,242344150.0,298.545945572051,45.2638250179136
Heavily indebted poor countries (HIPC),HPC,1976,249034009.0,311.545793355116,45.9075377741118
Heavily indebted poor countries (HIPC),HPC,1977,255707170.0,351.516809204035,46.2688486660268
Heavily indebted poor countries (HIPC),HPC,1978,262985512.0,397.824622437476,46.4249126784977
Heavily indebted poor countries (HIPC),HPC,1979,270569759.0,424.769593090895,46.7745311728536
Heavily indebted poor countries (HIPC),HPC,1980,277128014.0,459.208823363419,47.1967419103469
Heavily indebted poor countries (HIPC),HPC,1981,283255371.0,451.572513740473,47.4451985927109
Heavily indebted poor countries (HIPC),HPC,1982,290471550.0,445.063803500033,47.6271933745663
Heavily indebted poor countries (HIPC),HPC,1983,298600262.0,429.410132495274,46.6141048441545
Heavily indebted poor countries (HIPC),HPC,1984,306943902.0,425.602086060453,46.5809463624301
Heavily indebted poor countries (HIPC),HPC,1985,315429759.0,434.951479538862,46.9906683290907
Heavily indebted poor countries (HIPC),HPC,1986,324025001.0,389.53568222666,47.8508764520056
Heavily indebted poor countries (HIPC),HPC,1987,333016950.0,403.910480739514,49.0909083920143
Heavily indebted poor countries (HIPC),HPC,1988,342381086.0,413.452348940116,49.3838995372104
Heavily indebted poor countries (HIPC),HPC,1989,352065913.0,409.390095483576,49.6314282369251
Heavily indebted poor countries (HIPC),HPC,1990,361657937.0,457.468692315205,49.6727678934363
Heavily indebted poor countries (HIPC),HPC,1991,371411648.0,484.673677252224,49.6397721853597
Heavily indebted poor countries (HIPC),HPC,1992,382507617.0,357.756774317661,49.8856671181609
Heavily indebted poor countries (HIPC),HPC,1993,394851493.0,359.759110518863,50.533543862444
Heavily indebted poor countries (HIPC),HPC,1994,406935718.0,298.607566037976,50.316230316138
Heavily indebted poor countries (HIPC),HPC,1995,418830100.0,337.597287128306,51.1166085033239
Heavily indebted poor countries (HIPC),HPC,1996,431006940.0,358.900827562186,51.2599923859207
Heavily indebted poor countries (HIPC),HPC,1997,443196153.0,365.376442370573,51.5932353024418
Heavily indebted poor countries (HIPC),HPC,1998,455939263.0,367.63883769207,51.6854817842437
Heavily indebted poor countries (HIPC),HPC,1999,469076891.0,359.069926606546,52.1654269382352
Heavily indebted poor countries (HIPC),HPC,2000,481984327.0,377.459385908018,53.0026707565576
Heavily indebted poor countries (HIPC),HPC,2001,495197350.0,355.171230947666,53.5348860926679
Heavily indebted poor countries (HIPC),HPC,2002,509679981.0,374.531772057964,54.0577678602154
Heavily indebted poor countries (HIPC),HPC,2003,524773987.0,412.76823992883,54.6076004659831
Heavily indebted poor countries (HIPC),HPC,2004,539803501.0,462.336970473255,55.1512913034256
Heavily indebted poor countries (HIPC),HPC,2005,555358929.0,519.647933058567,55.7773809734173
Heavily indebted poor countries (HIPC),HPC,2006,571454590.0,593.211178044594,56.5738226920515
Heavily indebted poor countries (HIPC),HPC,2007,587432384.0,688.372468350697,57.2459304003012
Heavily indebted poor countries (HIPC),HPC,2008,604007702.0,797.380456091108,57.8555615917543
Heavily indebted poor countries (HIPC),HPC,2009,621337653.0,764.823758486232,58.2392037207183
Heavily indebted poor countries (HIPC),HPC,2010,638796398.0,812.08054988398,58.7324571528893
Heavily indebted poor countries (HIPC),HPC,2011,656783491.0,873.222093086024,59.230074734651
Heavily indebted poor countries (HIPC),HPC,2012,675397557.0,881.192621901094,60.0854649142786
Heavily indebted poor countries (HIPC),HPC,2013,694622934.0,960.685520477941,60.6282276656734
Heavily indebted poor countries (HIPC),HPC,2014,714769441.0,986.983783219797,61.0402807980245
Heavily indebted poor countries (HIPC),HPC,2015,735429414.0,917.296109229182,61.561793936137
Heavily indebted poor countries (HIPC),HPC,2016,756895035.0,894.708764701024,62.0038083727554
Heavily indebted poor countries (HIPC),HPC,2017,779389964.0,943.132832332498,62.3151956659401
Heavily indebted poor countries (HIPC),HPC,2018,802020674.0,985.478210719267,62.798544258222
Heavily indebted poor countries (HIPC),HPC,2019,824649053.0,983.900062178744,63.0898004183278
Heavily indebted poor countries (HIPC),HPC,2020,847743308.0,962.590226473892,63.0726319690016
Heavily indebted poor countries (HIPC),HPC,2021,870930036.0,1061.41414950431,62.5313735700637
Heavily indebted poor countries (HIPC),HPC,2022,893906294.0,1121.48387311982,63.8404458555462
Heavily indebted poor countries (HIPC),HPC,2023,917304254.0,1155.90445279924,64.7159054177481
High income,HIC,1960,908257300.0,1203.87998018316,68.336473312021
High income,HIC,1961,919449343.0,1268.40315786502,68.709259808653
High income,HIC,1962,930832910.0,1354.85427587098,68.6639079666601
High income,HIC,1963,942141564.0,1439.77872113396,68.9450322909141
High income,HIC,1964,953477851.0,1554.93270380456,69.3851618394867
High income,HIC,1965,964459737.0,1670.88078657724,69.448311956366
High income,HIC,1966,974216640.0,1810.04819310864,69.6532091940527
High income,HIC,1967,983598764.0,1915.17916945488,69.9729220485392
High income,HIC,1968,992893702.0,2057.92985788979,69.8364946449777
High income,HIC,1969,1002359669.0,2246.86290411431,69.8974669478808
High income,HIC,1970,1011801481.0,2443.51466106049,70.2025451000168
High income,HIC,1971,1022885127.0,2685.33158987821,70.5045250936212
High income,HIC,1972,1032671994.0,3089.59648226753,70.7109006762053
High income,HIC,1973,1042151537.0,3713.8725783283,70.8639483288875
High income,HIC,1974,1051440406.0,4163.32326850978,71.2009158454006
High income,HIC,1975,1060472674.0,4605.67978691039,71.3925512081427
High income,HIC,1976,1069129380.0,4975.48207279103,71.6104409755826
High income,HIC,1977,1077728159.0,5587.75422364676,71.9279764507936
High income,HIC,1978,1086358633.0,6654.57423930975,72.0599279118154
High income,HIC,1979,1095282220.0,7628.83619389771,72.3255214299234
High income,HIC,1980,1104005914.0,8449.56205648535,72.3412335069384
High income,HIC,1981,1112639701.0,8511.11527117423,72.6873913868103
High income,HIC,1982,1120660141.0,8366.52973337001,73.0320881330442
High income,HIC,1983,1128262810.0,8585.13267423053,73.1077737690462
High income,HIC,1984,1135690050.0,8892.16783596374,73.2969534674168
High income,HIC,1985,1143179465.0,9269.59471447854,73.4666520895207
High income,HIC,1986,1150810379.0,11184.5378321116,73.8722482789471
High income,HIC,1987,1158607400.0,12880.4033626254,74.10869353416
High income,HIC,1988,1166527684.0,14398.6649680219,74.2136016096705
High income,HIC,1989,1174766407.0,14891.784569451,74.3779166691233
High income,HIC,1990,1182189938.0,16573.1448542517,74.4738730892472
High income,HIC,1991,1190620652.0,17366.3731057,74.5823871996725
High income,HIC,1992,1199265190.0,18462.7676067204,74.6091936544958
High income,HIC,1993,1207321942.0,18470.3300277875,74.4382429069317
High income,HIC,1994,1214865411.0,19634.0842734145,74.6300261214198
High income,HIC,1995,1222056186.0,21664.2004459795,74.7188270680653
High income,HIC,1996,1229173348.0,21713.2096953916,75.1829573429643
High income,HIC,1997,1236130405.0,21240.4885041756,75.5716823296065
High income,HIC,1998,1242897726.0,21090.4317620041,75.7983567207896
High income,HIC,1999,1249367360.0,21976.6114511313,75.8192276124422
High income,HIC,2000,1255696330.0,22374.3254750161,76.0418137892099
High income,HIC,2001,1262093741.0,22083.4201672758,76.3147664315926
High income,HIC,2002,1268559564.0,22929.756695357,76.4394570651819
High income,HIC,2003,1275200577.0,25606.6766440821,76.5483637518276
High income,HIC,2004,1282168195.0,28451.5065479041,76.9899666995342
High income,HIC,2005,1289125857.0,30051.3459550589,77.1097253238474
High income,HIC,2006,1296891494.0,31710.7967236991,77.5423234217224
High income,HIC,2007,1305578110.0,34666.0451564196,77.8631478397578
High income,HIC,2008,1314671040.0,36900.1405697144,78.0528745698148
High income,HIC,2009,1322754052.0,34111.8446047683,78.405012546677
High income,HIC,2010,1328657754.0,35778.2487328682,78.595698767804
High income,HIC,2011,1334557663.0,38785.8817355705,78.9211536869619
High income,HIC,2012,1342428400.0,38693.845536167,79.0753647852261
High income,HIC,2013,1350149879.0,39008.3249033591,79.312724764351
High income,HIC,2014,1357496263.0,39447.7093246608,79.5654246205344
High income,HIC,2015,1366013614.0,36586.4346902662,79.5243746206717
High income,HIC,2016,1374284415.0,37057.8096501124,79.7243724353496
High income,HIC,2017,1380319892.0,38776.5615949516,79.8538410660347
High income,HIC,2018,1385103279.0,41094.8560877186,79.9668020572923
High income,HIC,2019,1389770301.0,41342.2066107349,80.1994263126691
High income,HIC,2020,1393472875.0,40108.2348602411,79.2043116686782
High income,HIC,2021,1391814501.0,45081.6648348437,78.7999875245092
High income,HIC,2022,1398001706.0,46553.1150181383,79.4309739106372
High income,HIC,2023,1408190184.0,48608.1947665895,80.1498888009661
Honduras,HND,1960,2062060.0,230.667390861566,47.149
Honduras,HND,1961,2121242.0,237.266657929647,47.71
Honduras,HND,1962,2182064.0,244.01209130438,48.647
Honduras,HND,1963,2244878.0,246.561283063044,49.385
Honduras,HND,1964,2309855.0,255.903509094727,50.197
Honduras,HND,1965,2377157.0,273.877577290856,50.863
Honduras,HND,1966,2446751.0,282.88534468771,51.588
Honduras,HND,1967,2518648.0,298.155994803561,52.331
Honduras,HND,1968,2593057.0,314.474382938748,53.041
Honduras,HND,1969,2670289.0,316.220454040742,53.712
Honduras,HND,1970,2750715.0,328.787242589654,54.36
Honduras,HND,1971,2834616.0,338.123400136033,55.012
Honduras,HND,1972,2922064.0,352.711426613473,55.689
Honduras,HND,1973,3011459.0,374.668702396507,54.565
Honduras,HND,1974,3099836.0,400.988955544745,52.519
Honduras,HND,1975,3193234.0,416.521307238993,57.523
Honduras,HND,1976,3294457.0,482.416373927479,58.151
Honduras,HND,1977,3398655.0,559.250644740346,58.704
Honduras,HND,1978,3505463.0,682.834193371888,59.248
Honduras,HND,1979,3614981.0,768.717733232899,59.829
Honduras,HND,1980,3727173.0,854.374079228412,60.388
Honduras,HND,1981,3841778.0,911.505037511277,61.033
Honduras,HND,1982,3958728.0,914.30883859664,61.688
Honduras,HND,1983,4078174.0,941.732746077043,62.408
Honduras,HND,1984,4199850.0,959.534269081039,62.819
Honduras,HND,1985,4323342.0,1001.1467980095,63.223
Honduras,HND,1986,4448899.0,1057.81228119586,63.651
Honduras,HND,1987,4576910.0,1097.85859892373,64.066
Honduras,HND,1988,4707677.0,1039.29410284648,64.393
Honduras,HND,1989,4841838.0,903.767650161806,64.782
Honduras,HND,1990,4980488.0,749.818113552631,65.183
Honduras,HND,1991,5123792.0,722.000657931123,65.584
Honduras,HND,1992,5271431.0,782.111518709432,65.908
Honduras,HND,1993,5423249.0,772.74224772986,66.074
Honduras,HND,1994,5579242.0,735.886147157389,66.523
Honduras,HND,1995,5739637.0,814.049075569071,66.919
Honduras,HND,1996,5903954.0,812.817047602244,67.263
Honduras,HND,1997,6071454.0,917.272651200904,67.542
Honduras,HND,1998,6234431.0,988.655986927253,62.432
Honduras,HND,1999,6400463.0,999.004383328908,68.005
Honduras,HND,2000,6577773.0,1092.56400746252,68.302
Honduras,HND,2001,6757993.0,1132.1648753329,68.491
Honduras,HND,2002,6938859.0,1132.49965345317,68.714
Honduras,HND,2003,7119213.0,1156.08162681357,68.874
Honduras,HND,2004,7298994.0,1215.13995412761,69.05
Honduras,HND,2005,7478355.0,1304.70039153826,69.198
Honduras,HND,2006,7656832.0,1425.84780051892,69.364
Honduras,HND,2007,7834798.0,1577.73789197407,69.539
Honduras,HND,2008,8012587.0,1732.49062702803,69.657
Honduras,HND,2009,8189899.0,1781.15703614674,69.823
Honduras,HND,2010,8365878.0,1893.32722662035,69.77
Honduras,HND,2011,8540583.0,2073.66121088074,70.116
Honduras,HND,2012,8715076.0,2126.03474686503,70.46
Honduras,HND,2013,8889278.0,2081.12843527945,70.765
Honduras,HND,2014,9063122.0,2179.88171977271,71.032
Honduras,HND,2015,9237305.0,2271.20265980349,71.323
Honduras,HND,2016,9412380.0,2307.34468351082,71.615
Honduras,HND,2017,9588137.0,2413.0076562942,71.805
Honduras,HND,2018,9765210.0,2464.64241531918,72.001
Honduras,HND,2019,9943633.0,2502.32744328073,72.124
Honduras,HND,2020,10119640.0,2307.61494319511,70.864
Honduras,HND,2021,10289877.0,2735.14751503977,69.492
Honduras,HND,2022,10463872.0,3003.28996826399,72.715
Honduras,HND,2023,10644851.0,3227.45762509776,72.884
"Hong Kong SAR, China",HKG,1960,3094840.0,426.773807917233,65.6971219512195
"Hong Kong SAR, China",HKG,1961,3168100.0,436.754411520393,66.4416585365854
"Hong Kong SAR, China",HKG,1962,3305200.0,487.821134050813,66.9104634146342
"Hong Kong SAR, China",HKG,1963,3420900.0,565.727810358046,67.6451707317073
"Hong Kong SAR, China",HKG,1964,3504600.0,629.591525784494,68.2190975609756
"Hong Kong SAR, China",HKG,1965,3597900.0,676.805507110096,68.8668048780488
"Hong Kong SAR, China",HKG,1966,3629900.0,685.926614135084,69.2658536585366
"Hong Kong SAR, China",HKG,1967,3722800.0,723.239225616661,69.8278536585366
"Hong Kong SAR, China",HKG,1968,3802700.0,714.48296958061,70.2170243902439
"Hong Kong SAR, China",HKG,1969,3863900.0,825.523449142012,70.6271707317073
"Hong Kong SAR, China",HKG,1970,3959000.0,960.031961510704,70.9346829268293
"Hong Kong SAR, China",HKG,1971,4045300.0,1106.46971695915,71.4680487804878
"Hong Kong SAR, China",HKG,1972,4123600.0,1384.7342645141,71.4509756097561
"Hong Kong SAR, China",HKG,1973,4241600.0,1893.18124189464,72.090243902439
"Hong Kong SAR, China",HKG,1974,4377800.0,2144.61495884823,72.5978048780488
"Hong Kong SAR, China",HKG,1975,4461600.0,2252.12694057369,73.3621951219512
"Hong Kong SAR, China",HKG,1976,4518000.0,2850.0146101832,72.7890243902439
"Hong Kong SAR, China",HKG,1977,4583700.0,3429.42027607254,73.3492682926829
"Hong Kong SAR, China",HKG,1978,4667500.0,3923.9713784987,73.5407317073171
"Hong Kong SAR, China",HKG,1979,4929700.0,4569.4838495588,73.6631707317073
"Hong Kong SAR, China",HKG,1980,5063100.0,5700.43210891578,74.6534146341464
"Hong Kong SAR, China",HKG,1981,5183400.0,5991.28488804536,75.3490243902439
"Hong Kong SAR, China",HKG,1982,5264500.0,6133.7668997328,75.4385365853659
"Hong Kong SAR, China",HKG,1983,5345100.0,5595.26055343754,75.2863414634146
"Hong Kong SAR, China",HKG,1984,5397900.0,6208.22615937199,76.009512195122
"Hong Kong SAR, China",HKG,1985,5456200.0,6542.97352840976,76.4292682926829
"Hong Kong SAR, China",HKG,1986,5524600.0,7434.99925513073,76.6843902439024
"Hong Kong SAR, China",HKG,1987,5580500.0,9071.39076473445,76.8978048780488
"Hong Kong SAR, China",HKG,1988,5627600.0,10609.7456394545,77.0834146341464
"Hong Kong SAR, China",HKG,1989,5686200.0,12097.7487914553,77.0287804878049
"Hong Kong SAR, China",HKG,1990,5704500.0,13485.6314525052,77.3707317073171
"Hong Kong SAR, China",HKG,1991,5752000.0,15465.9245305858,77.8729268292683
"Hong Kong SAR, China",HKG,1992,5800500.0,17976.4688629053,77.6734146341464
"Hong Kong SAR, China",HKG,1993,5901000.0,20395.5621886121,78.0160975609756
"Hong Kong SAR, China",HKG,1994,6035400.0,22502.5302426236,78.5436585365854
"Hong Kong SAR, China",HKG,1995,6156100.0,23497.3920767477,78.6787804878049
"Hong Kong SAR, China",HKG,1996,6435500.0,24818.3021600084,79.6275609756098
"Hong Kong SAR, China",HKG,1997,6489300.0,27330.0933613355,80.1121951219512
"Hong Kong SAR, China",HKG,1998,6543700.0,25808.8609899709,80.1068292682927
"Hong Kong SAR, China",HKG,1999,6606500.0,25091.6665997966,80.3726829268293
"Hong Kong SAR, China",HKG,2000,6665000.0,25756.7728723704,80.8731707317073
"Hong Kong SAR, China",HKG,2001,6714300.0,25230.3780910304,81.4192682926829
"Hong Kong SAR, China",HKG,2002,6744100.0,24665.8362318216,81.4521951219512
"Hong Kong SAR, China",HKG,2003,6730800.0,23977.1734120477,81.3434146341464
"Hong Kong SAR, China",HKG,2004,6783500.0,24928.1003722551,81.7992682926829
"Hong Kong SAR, China",HKG,2005,6813200.0,26649.637724155,81.6090243902439
"Hong Kong SAR, China",HKG,2006,6857100.0,28224.0951563146,82.3848780487805
"Hong Kong SAR, China",HKG,2007,6916300.0,30593.9511738646,82.3668292682927
"Hong Kong SAR, China",HKG,2008,6957800.0,31515.5292103443,82.3404878048781
"Hong Kong SAR, China",HKG,2009,6972800.0,30697.5383861641,82.7751219512195
"Hong Kong SAR, China",HKG,2010,7024200.0,32550.136489179,82.9575609756098
"Hong Kong SAR, China",HKG,2011,7071600.0,35142.4879344543,83.4119512195122
"Hong Kong SAR, China",HKG,2012,7150100.0,36730.796195815,83.450243902439
"Hong Kong SAR, China",HKG,2013,7178900.0,38403.7777145477,83.8312195121951
"Hong Kong SAR, China",HKG,2014,7229500.0,40315.3739510191,83.9356097560976
"Hong Kong SAR, China",HKG,2015,7291300.0,42432.1619740441,84.2526829268293
"Hong Kong SAR, China",HKG,2016,7336600.0,43734.1980702999,84.2114634146342
"Hong Kong SAR, China",HKG,2017,7393200.0,46160.429791493,84.6956097560976
"Hong Kong SAR, China",HKG,2018,7452600.0,48537.5668888343,84.869756097561
"Hong Kong SAR, China",HKG,2019,7507900.0,48359.0011950597,85.1558536585366
"Hong Kong SAR, China",HKG,2020,7481000.0,46109.2299946609,85.4963414634146
"Hong Kong SAR, China",HKG,2021,7413100.0,49770.5642374739,85.5326829268293
"Hong Kong SAR, China",HKG,2022,7346100.0,48825.8441873536,83.6609756097561
"Hong Kong SAR, China",HKG,2023,7536100.0,50562.3633144379,85.2473170731707
Hungary,HUN,1968,10255815.0,476.434350138292,69.230243902439
Hungary,HUN,1969,10298723.0,527.231617602682,69.3146341463415
Hungary,HUN,1970,10337910.0,559.197091346639,69.1646341463415
Hungary,HUN,1971,10367537.0,606.852738581394,69.0524390243903
Hungary,HUN,1972,10398489.0,709.652502602719,69.6646341463415
Hungary,HUN,1973,10432055.0,875.981999921224,69.5180487804878
Hungary,HUN,1974,10478720.0,955.874207823024,69.2480487804878
Hungary,HUN,1975,10540525.0,1083.47473343284,69.29
Hungary,HUN,1976,10598677.0,1248.79851313891,69.5731707317073
Hungary,HUN,1977,10648031.0,1388.39509904029,69.8480487804878
Hungary,HUN,1978,10684822.0,1617.87853402771,69.3939024390244
Hungary,HUN,1979,10704152.0,1864.67188851588,69.6153658536585
Hungary,HUN,1980,10711122.0,2158.22181355246,69.0617073170732
Hungary,HUN,1981,10711848.0,2213.05267699322,69.1392682926829
Hungary,HUN,1982,10705535.0,2255.06405686887,69.3578048780488
Hungary,HUN,1983,10689463.0,2049.71617921793,68.9736585365854
Hungary,HUN,1984,10668095.0,1991.23894795513,69.0258536585366
Hungary,HUN,1985,10648713.0,2020.02286569062,68.9721951219512
Hungary,HUN,1986,10630564.0,2330.84188308476,69.1734146341463
Hungary,HUN,1987,10612741.0,2565.9739107384,69.6512195121951
Hungary,HUN,1988,10596487.0,2812.23754602897,70.0234146341463
Hungary,HUN,1989,10481719.0,2902.43508126549,69.4617073170732
Hungary,HUN,1990,10373988.0,3323.53967237633,69.3156097560976
Hungary,HUN,1991,10373400.0,3361.22268037924,69.3770731707317
Hungary,HUN,1992,10369341.0,3747.32966394956,69.1170731707317
Hungary,HUN,1993,10357523.0,3886.66608419616,69.1012195121951
Hungary,HUN,1994,10343355.0,4187.0311799663,69.469756097561
Hungary,HUN,1995,10328965.0,4509.41740910077,69.7917073170732
Hungary,HUN,1996,10311238.0,4542.0120380978,70.3287804878049
Hungary,HUN,1997,10290486.0,4606.0569733295,70.7024390243902
Hungary,HUN,1998,10266570.0,4751.7732430202,70.5578048780488
Hungary,HUN,1999,10237530.0,4801.95949584162,70.6770731707317
Hungary,HUN,2000,10210971.0,4629.91760812548,71.2463414634146
Hungary,HUN,2001,10187576.0,5280.94887987063,72.2487804878049
Hungary,HUN,2002,10158608.0,6658.04494326809,72.3487804878049
Hungary,HUN,2003,10129552.0,8410.09248198479,72.3
Hungary,HUN,2004,10107146.0,10291.2694721409,72.6487804878049
Hungary,HUN,2005,10087065.0,11212.2046968994,72.6487804878049
Hungary,HUN,2006,10071370.0,11478.4891640501,73.0975609756098
Hungary,HUN,2007,10055780.0,13934.605460375,73.1512195121951
Hungary,HUN,2008,10038188.0,15762.6322515113,73.7024390243903
Hungary,HUN,2009,10022650.0,13051.1831777184,73.9048780487805
Hungary,HUN,2010,10000023.0,13189.8433874768,74.2073170731707
Hungary,HUN,2011,9971727.0,14211.460557822,74.8585365853659
Hungary,HUN,2012,9920362.0,12950.1594488143,75.0634146341463
Hungary,HUN,2013,9872734.0,13739.4620151401,75.5658536585366
Hungary,HUN,2014,9833038.0,14352.501883174,75.7634146341463
Hungary,HUN,2015,9797755.0,12782.9412577973,75.5682926829269
Hungary,HUN,2016,9759755.0,13215.8605277789,76.0634146341464
Hungary,HUN,2017,9726756.0,14736.1668157258,75.8170731707317
Hungary,HUN,2018,9706964.0,16605.0570511887,76.0658536585366
Hungary,HUN,2019,9694824.0,17012.8598553199,76.3195121951219
Hungary,HUN,2020,9670419.0,16386.9308821258,75.419512195122
Hungary,HUN,2021,9630932.0,19030.628130329,74.0658536585366
Hungary,HUN,2022,9605074.0,18428.028825614,75.8682926829268
Hungary,HUN,2023,9592186.0,22230.6277875187,76.7707317073171
IBRD only,IBD,1960,1893704624.0,161.725811060126,45.9222319592731
IBRD only,IBD,1961,1915613080.0,161.832528192775,48.6188863777997
IBRD only,IBD,1962,1950274734.0,160.957483126443,52.5176859347976
IBRD only,IBD,1963,1996753344.0,173.464443187303,53.0470161729532
IBRD only,IBD,1964,2043309631.0,192.121587550216,53.5207236953076
IBRD only,IBD,1965,2090209567.0,205.868772123494,53.2276728664324
IBRD only,IBD,1966,2139608511.0,207.804925946862,53.9198980865839
IBRD only,IBD,1967,2188950141.0,208.878001155975,54.432445384207
IBRD only,IBD,1968,2239610101.0,216.324800138825,55.1353526955382
IBRD only,IBD,1969,2292098651.0,235.973912549971,55.589580888257
IBRD only,IBD,1970,2346056161.0,251.014570848352,56.0523232965793
IBRD only,IBD,1971,2401008150.0,267.38525500259,56.6438476455896
IBRD only,IBD,1972,2454764228.0,294.829633742321,57.0844300351355
IBRD only,IBD,1973,2508370507.0,374.106514850814,57.6915114559562
IBRD only,IBD,1974,2561343989.0,463.610665875758,58.2101440604901
IBRD only,IBD,1975,2613194091.0,490.704487092603,58.7807433838336
IBRD only,IBD,1976,2664387118.0,522.422637531815,59.1161780031591
IBRD only,IBD,1977,2714845767.0,581.017490706465,59.8495588581531
IBRD only,IBD,1978,2765565797.0,630.581127138128,60.3258132999466
IBRD only,IBD,1979,2816995104.0,723.252754208696,60.8141772600449
IBRD only,IBD,1980,2869277824.0,843.038548538932,61.2147146827509
IBRD only,IBD,1981,2923255528.0,888.932920285978,61.6530506456677
IBRD only,IBD,1982,2980033813.0,859.223117070691,62.1049280992821
IBRD only,IBD,1983,3037252917.0,832.747886904575,62.5722736568982
IBRD only,IBD,1984,3094477559.0,846.348877336452,62.9820633806123
IBRD only,IBD,1985,3152581662.0,862.742203681183,63.3920268470502
IBRD only,IBD,1986,3212177926.0,879.108556692831,63.8672195495693
IBRD only,IBD,1987,3273388723.0,888.944696065206,64.2242979588009
IBRD only,IBD,1988,3334875641.0,932.785048600875,64.5337065694299
IBRD only,IBD,1989,3395765359.0,954.468824209255,64.8906182365454
IBRD only,IBD,1990,3455533853.0,1055.09810400631,65.1082721278043
IBRD only,IBD,1991,3513390696.0,1005.75150669877,65.475124648066
IBRD only,IBD,1992,3568890021.0,1034.41148756919,65.7241729370535
IBRD only,IBD,1993,3622924380.0,1084.94479298226,65.9754422728565
IBRD only,IBD,1994,3675872938.0,1179.81986245707,66.2560726849176
IBRD only,IBD,1995,3728290191.0,1337.83541223494,66.6322482807213
IBRD only,IBD,1996,3780446473.0,1440.00819502256,67.0253044220881
IBRD only,IBD,1997,3832391543.0,1506.90781801379,67.3967409138273
IBRD only,IBD,1998,3884078902.0,1428.92521382257,67.7244400733993
IBRD only,IBD,1999,3934521819.0,1374.62285849786,67.9673264507647
IBRD only,IBD,2000,3983328255.0,1477.69257780304,68.2869649318369
IBRD only,IBD,2001,4031080605.0,1481.39193527337,68.5847135093888
IBRD only,IBD,2002,4077229003.0,1487.7220754011,68.9043764886684
IBRD only,IBD,2003,4122775918.0,1652.80701731861,69.1727555942431
IBRD only,IBD,2004,4168676771.0,1947.23386392599,69.3984001306866
IBRD only,IBD,2005,4214082145.0,2300.5592081511,69.8265165341661
IBRD only,IBD,2006,4258827055.0,2700.5582098436,70.1501236836392
IBRD only,IBD,2007,4302067550.0,3321.08117407742,70.5142450680001
IBRD only,IBD,2008,4346234014.0,3944.6530416302,70.7624457262186
IBRD only,IBD,2009,4391389527.0,3790.0835825848,71.1602132108325
IBRD only,IBD,2010,4436714947.0,4561.25191754242,71.5021795019761
IBRD only,IBD,2011,4483152627.0,5342.86138124845,71.8270333930904
IBRD only,IBD,2012,4532100585.0,5617.65268604461,72.1636704451454
IBRD only,IBD,2013,4581958556.0,5845.60507389183,72.4633474422255
IBRD only,IBD,2014,4630607878.0,5949.31912012409,72.7509651570745
IBRD only,IBD,2015,4676773551.0,5546.04775275527,73.0328490236397
IBRD only,IBD,2016,4721566970.0,5534.81953332906,73.2592309044272
IBRD only,IBD,2017,4765773411.0,6053.30921793356,73.4857607809887
IBRD only,IBD,2018,4806981820.0,6394.19484299789,73.794943952938
IBRD only,IBD,2019,4845075024.0,6476.07259783679,74.031271888226
IBRD only,IBD,2020,4878296727.0,6191.51088391849,73.2951356970762
IBRD only,IBD,2021,4905212516.0,7314.52836425796,71.974203378406
IBRD only,IBD,2022,4928196300.0,7699.23258826186,74.2512624750087
IBRD only,IBD,2023,4952212190.0,7925.3992413749,74.5206328779372
IDA & IBRD total,IBT,1960,2289192009.0,153.638557581828,45.3479418720368
IDA & IBRD total,IBT,1961,2321079191.0,154.347622138411,47.6552634424655
IDA & IBRD total,IBT,1962,2366117598.0,154.740000363539,50.9683262080383
IDA & IBRD total,IBT,1963,2423348992.0,166.754562652447,51.4611995878149
IDA & IBRD total,IBT,1964,2481068241.0,180.904527733252,51.9529729953949
IDA & IBRD total,IBT,1965,2539564344.0,194.316042765223,51.7527448936053
IDA & IBRD total,IBT,1966,2600930009.0,197.298840515101,52.4141891291855
IDA & IBRD total,IBT,1967,2662674586.0,197.77619034576,52.9136029388647
IDA & IBRD total,IBT,1968,2726203260.0,204.687489157535,53.580809712004
IDA & IBRD total,IBT,1969,2791883177.0,223.315080844557,54.0201605766692
IDA & IBRD total,IBT,1970,2859123476.0,238.146481689054,54.3092226712452
IDA & IBRD total,IBT,1971,2926951963.0,250.810008173824,54.3693807010741
IDA & IBRD total,IBT,1972,2994028911.0,274.365089101185,55.4005620600598
IDA & IBRD total,IBT,1973,3062266606.0,342.81707517253,55.9736549478937
IDA & IBRD total,IBT,1974,3130418531.0,426.328584032726,56.4251218445963
IDA & IBRD total,IBT,1975,3197494325.0,455.957616826261,56.9183612299483
IDA & IBRD total,IBT,1976,3264075702.0,482.312611999859,57.2896576080045
IDA & IBRD total,IBT,1977,3330218383.0,532.885932538139,57.9581313546901
IDA & IBRD total,IBT,1978,3397524507.0,579.188167052421,58.3952425738038
IDA & IBRD total,IBT,1979,3466649271.0,661.455350587043,58.899409577063
IDA & IBRD total,IBT,1980,3536954994.0,770.16223875312,59.3082443582707
IDA & IBRD total,IBT,1981,3609089669.0,844.662632606173,59.7137241568535
IDA & IBRD total,IBT,1982,3685043956.0,810.699541068377,60.1136023702275
IDA & IBRD total,IBT,1983,3762109361.0,768.543290213909,60.4434840532676
IDA & IBRD total,IBT,1984,3839296592.0,769.521560568943,60.7832991745997
IDA & IBRD total,IBT,1985,3918002286.0,782.446088027187,61.1507575314764
IDA & IBRD total,IBT,1986,3998725110.0,782.706292921545,61.6111937175124
IDA & IBRD total,IBT,1987,4081589183.0,790.469132838511,61.9992601846551
IDA & IBRD total,IBT,1988,4165012459.0,826.807237789215,62.2645544538715
IDA & IBRD total,IBT,1989,4248240134.0,841.747349803477,62.5947603893719
IDA & IBRD total,IBT,1990,4330689753.0,929.094250911922,62.7727156569464
IDA & IBRD total,IBT,1991,4411587746.0,893.234402848569,62.9912175771441
IDA & IBRD total,IBT,1992,4491324220.0,902.9020818762,63.2540565147511
IDA & IBRD total,IBT,1993,4570777029.0,943.566195187043,63.5028596610079
IDA & IBRD total,IBT,1994,4649243135.0,1017.95144867854,63.7265377770187
IDA & IBRD total,IBT,1995,4727566480.0,1156.75815715113,64.0771855534073
IDA & IBRD total,IBT,1996,4806199043.0,1247.97693671258,64.3993357360812
IDA & IBRD total,IBT,1997,4884731621.0,1301.06346834446,64.732429529755
IDA & IBRD total,IBT,1998,4963254080.0,1239.87033049332,65.0005906888447
IDA & IBRD total,IBT,1999,5040645749.0,1162.7426663957,65.2873896859755
IDA & IBRD total,IBT,2000,5116723507.0,1251.80798458527,65.6560955300551
IDA & IBRD total,IBT,2001,5192348770.0,1248.91735602024,65.9667602590208
IDA & IBRD total,IBT,2002,5267145775.0,1256.62539530548,66.2936838191505
IDA & IBRD total,IBT,2003,5341840046.0,1392.4121168826,66.5869021191877
IDA & IBRD total,IBT,2004,5417128229.0,1633.14212751517,66.8238305316927
IDA & IBRD total,IBT,2005,5492481030.0,1919.70312051472,67.2247322340305
IDA & IBRD total,IBT,2006,5568236362.0,2247.71696802584,67.6014865733253
IDA & IBRD total,IBT,2007,5643505923.0,2742.68959561751,67.9660838410754
IDA & IBRD total,IBT,2008,5720065907.0,3245.39485060629,68.1835059010945
IDA & IBRD total,IBT,2009,5797994405.0,3109.25120385232,68.5871126679736
IDA & IBRD total,IBT,2010,5876645582.0,3715.56679095123,68.9258375211718
IDA & IBRD total,IBT,2011,5956718993.0,4324.06826881192,69.2348841118727
IDA & IBRD total,IBT,2012,6038958543.0,4531.17008727409,69.5733107675202
IDA & IBRD total,IBT,2013,6120456890.0,4714.62155942195,69.8686478501223
IDA & IBRD total,IBT,2014,6201607778.0,4801.77950721902,70.1204467725798
IDA & IBRD total,IBT,2015,6280961830.0,4474.43525326247,70.371709207031
IDA & IBRD total,IBT,2016,6360153661.0,4447.41739069513,70.6140387670529
IDA & IBRD total,IBT,2017,6440011821.0,4831.93005964107,70.8308848986919
IDA & IBRD total,IBT,2018,6518058354.0,5085.50217477103,71.1530074814471
IDA & IBRD total,IBT,2019,6594216452.0,5167.89523774327,71.3939237835386
IDA & IBRD total,IBT,2020,6666470352.0,4923.57218418891,70.7488282427992
IDA & IBRD total,IBT,2021,6732651035.0,5754.24675079937,69.6679168391603
IDA & IBRD total,IBT,2022,6794724390.0,6036.81374407089,71.677581962506
IDA & IBRD total,IBT,2023,6858521511.0,6149.50554558946,72.0004516179201
IDA blend,IDB,1960,124475467.0,99.630086640168,42.5431247039146
IDA blend,IDB,1961,127688784.0,104.274532558611,43.1190326843742
IDA blend,IDB,1962,131049320.0,108.527202243478,43.9750474568048
IDA blend,IDB,1963,134563454.0,112.550598209092,44.5600815712563
IDA blend,IDB,1964,138208407.0,120.301169372577,45.1855337757565
IDA blend,IDB,1965,141992226.0,126.606835909544,45.6886867812749
IDA blend,IDB,1966,145904459.0,134.372492786507,46.3846575767366
IDA blend,IDB,1967,149923848.0,132.035396916859,46.6078021602607
IDA blend,IDB,1968,154080039.0,136.60097571423,47.5024041128975
IDA blend,IDB,1969,158393968.0,151.273009043362,48.0290098035867
IDA blend,IDB,1970,162852517.0,198.686299060025,48.7838526739504
IDA blend,IDB,1971,167356115.0,181.605754029018,47.6730532778321
IDA blend,IDB,1972,172011394.0,198.632670859861,49.8239662402422
IDA blend,IDB,1973,176954946.0,209.703032954816,50.2346031204067
IDA blend,IDB,1974,182138604.0,289.637202081357,50.6407109948696
IDA blend,IDB,1975,187586058.0,325.432942756318,51.0816474482981
IDA blend,IDB,1976,193252681.0,380.02709800709,51.688385894367
IDA blend,IDB,1977,199165729.0,396.757447467945,52.1478233476654
IDA blend,IDB,1978,205318127.0,424.361812850224,52.5625373286159
IDA blend,IDB,1979,211887858.0,501.251164783132,53.0009671534034
IDA blend,IDB,1980,219552133.0,612.367671988237,53.5517138048301
IDA blend,IDB,1981,227625217.0,1078.43779172704,53.9979698190557
IDA blend,IDB,1982,235282858.0,953.542282534373,54.3521614304048
IDA blend,IDB,1983,242589635.0,708.403751993462,54.6099438830929
IDA blend,IDB,1984,249868265.0,595.172664448521,54.8021457939447
IDA blend,IDB,1985,257661913.0,579.675398817695,54.9200438763528
IDA blend,IDB,1986,265801351.0,519.243541042603,54.9385202722126
IDA blend,IDB,1987,274161638.0,518.767841753053,55.0073967177056
IDA blend,IDB,1988,282708012.0,524.159879819327,55.0375298345347
IDA blend,IDB,1989,291381564.0,493.693837000496,55.0881932223756
IDA blend,IDB,1990,300366368.0,529.418516423727,54.9664973426319
IDA blend,IDB,1991,309491517.0,549.405337140446,54.8353887000916
IDA blend,IDB,1992,318337815.0,519.434174296556,54.783650974874
IDA blend,IDB,1993,327140314.0,535.686222828689,54.7603761029954
IDA blend,IDB,1994,336096421.0,568.239663876701,54.6642328964788
IDA blend,IDB,1995,345327214.0,774.076600795021,54.6459046354829
IDA blend,IDB,1996,354861820.0,925.698418754674,54.6170968700042
IDA blend,IDB,1997,364489851.0,943.89510994302,54.6534354528845
IDA blend,IDB,1998,374262946.0,964.268672872189,54.8967990190859
IDA blend,IDB,1999,384018319.0,530.021605991589,55.2249658950202
IDA blend,IDB,2000,394129957.0,619.821306002405,55.5992722966425
IDA blend,IDB,2001,404662385.0,602.892871654224,55.889906446422
IDA blend,IDB,2002,414935066.0,644.972024005813,56.270235525387
IDA blend,IDB,2003,425311302.0,712.27750643014,56.6359126305936
IDA blend,IDB,2004,436147454.0,837.139763701924,57.0294559998555
IDA blend,IDB,2005,447132945.0,957.94448356121,56.9989286118874
IDA blend,IDB,2006,458394453.0,1148.89181904758,57.7016203087693
IDA blend,IDB,2007,470476526.0,1296.21736128505,58.0600906051007
IDA blend,IDB,2008,482975881.0,1479.93269649198,58.4143046583873
IDA blend,IDB,2009,495610570.0,1350.16810903148,58.7507843707772
IDA blend,IDB,2010,508422508.0,1535.29922315138,59.0515129063523
IDA blend,IDB,2011,520984443.0,1705.64443688917,59.364406133511
IDA blend,IDB,2012,532980174.0,1844.1586935183,59.6305637403653
IDA blend,IDB,2013,544442648.0,1968.08172455739,59.8685731055257
IDA blend,IDB,2014,555868551.0,2095.07253994271,60.0998681978251
IDA blend,IDB,2015,567234056.0,1947.85246838642,60.2944946354402
IDA blend,IDB,2016,578463670.0,1790.53787826053,60.5761664527178
IDA blend,IDB,2017,590024074.0,1804.50559433385,60.818392907263
IDA blend,IDB,2018,601951913.0,1869.38204447615,61.0740542759518
IDA blend,IDB,2019,614017319.0,2205.87361894796,61.3259973798573
IDA blend,IDB,2020,626440308.0,2008.89632662853,60.8180066140619
IDA blend,IDB,2021,639196319.0,2142.31172674601,60.8765357381791
IDA blend,IDB,2022,651895919.0,2234.83616206483,62.1288641416852
IDA blend,IDB,2023,664395892.0,1915.31328433422,62.4621643327349
IDA only,IDX,1960,271011918.0,118.851190618375,42.6233204889102
IDA only,IDX,1961,277777327.0,121.575702157803,43.0951255674613
IDA only,IDX,1962,284793544.0,128.001793620415,43.5762601011737
IDA only,IDX,1963,292032194.0,140.440489411057,43.7981872948075
IDA only,IDX,1964,299550203.0,128.563280929197,44.3813436410891
IDA only,IDX,1965,307362551.0,142.900093574726,44.5239545213003
IDA only,IDX,1966,315417039.0,149.641460992252,44.9894407117259
IDA only,IDX,1967,323800597.0,148.110427110546,45.56562245494
IDA only,IDX,1968,332513120.0,152.589335265,45.9269487257258
IDA only,IDX,1969,341390558.0,165.643643396959,46.2627578801142
IDA only,IDX,1970,350214798.0,159.439975202259,45.2016933260906
IDA only,IDX,1971,358587698.0,165.000063296842,42.2653895363647
IDA only,IDX,1972,367253289.0,167.178904940029,46.7573151669074
IDA only,IDX,1973,376941153.0,196.895669450943,47.2363043889385
IDA only,IDX,1974,386935938.0,239.829322726143,47.3319075415629
IDA only,IDX,1975,396714176.0,278.273099980007,47.4105590440673
IDA only,IDX,1976,406435903.0,257.217254729527,47.9792187220371
IDA only,IDX,1977,416206887.0,276.143782985688,48.4010580681291
IDA only,IDX,1978,426640583.0,310.397459330784,48.6878672849765
IDA only,IDX,1979,437766309.0,330.192463077437,49.4329824620156
IDA only,IDX,1980,448125037.0,365.210513546295,49.9217247149648
IDA only,IDX,1981,458208924.0,373.289011494394,50.1807429581652
IDA only,IDX,1982,469727285.0,369.610785580351,50.3661385524509
IDA only,IDX,1983,482266809.0,361.339308955142,49.9710319615755
IDA only,IDX,1984,494950768.0,359.937123017399,50.0559169410694
IDA only,IDX,1985,507758711.0,370.935822998349,50.3968958529773
IDA only,IDX,1986,520745833.0,322.428174553117,51.1009785322164
IDA only,IDX,1987,534038822.0,325.953075568313,51.9503412740992
IDA only,IDX,1988,547428806.0,339.069289904144,52.1733749387557
IDA only,IDX,1989,561093211.0,342.707438106221,52.5983477519187
IDA only,IDX,1990,574789532.0,384.071674996326,52.8110363134941
IDA only,IDX,1991,588705533.0,408.151098620395,52.454920917003
IDA only,IDX,1992,604096384.0,330.664036380434,53.1246738191992
IDA only,IDX,1993,620712335.0,335.825177076188,53.6787258942408
IDA only,IDX,1994,637273776.0,322.759984808056,53.9153060697348
IDA only,IDX,1995,653949075.0,326.305726823977,54.490602164179
IDA only,IDX,1996,670890750.0,335.618927891741,54.7763219003229
IDA only,IDX,1997,687850227.0,342.519422685428,55.2289168313016
IDA only,IDX,1998,704912232.0,344.469083901452,55.3565941995343
IDA only,IDX,1999,722105611.0,345.770052362828,56.0365065691911
IDA only,IDX,2000,739265295.0,372.859415968736,56.8420457445975
IDA only,IDX,2001,756605780.0,356.727000119663,57.4081990552557
IDA only,IDX,2002,774981706.0,369.569993774013,57.9253421659891
IDA only,IDX,2003,793752826.0,405.748336914012,58.4878744013921
IDA only,IDX,2004,812304004.0,449.659876396915,58.8702110305568
IDA only,IDX,2005,831265940.0,507.001767833477,59.5354492161524
IDA only,IDX,2006,851014854.0,573.825446583335,60.1795704128966
IDA only,IDX,2007,870961847.0,666.895329303624,60.7306068061325
IDA only,IDX,2008,890856012.0,791.054232494495,60.8979431123566
IDA only,IDX,2009,910994308.0,784.340956107062,61.5349297450613
IDA only,IDX,2010,931508127.0,877.624039786351,62.0443451288407
IDA only,IDX,2011,952581923.0,961.368579226082,62.4337521235987
IDA only,IDX,2012,973877784.0,945.581958388053,62.9600748198823
IDA only,IDX,2013,994055686.0,1005.78892337076,63.3857727829593
IDA only,IDX,2014,1015131349.0,1049.32649145285,63.6082110225495
IDA only,IDX,2015,1036954223.0,1023.43894668408,63.8821179927396
IDA only,IDX,2016,1060123021.0,1054.10011053311,64.3101407903027
IDA only,IDX,2017,1084214336.0,1110.744251052,64.6098588988294
IDA only,IDX,2018,1109124621.0,1159.06134313704,65.172890099339
IDA only,IDX,2019,1135124109.0,1186.40559680864,65.5828691146811
IDA only,IDX,2020,1161733317.0,1170.98051516892,65.411479068422
IDA only,IDX,2021,1188242200.0,1256.19296430735,64.8764634139942
IDA only,IDX,2022,1214632171.0,1332.31730178708,66.3600605315493
IDA only,IDX,2023,1241913429.0,1333.20971979026,67.0538318903115
IDA total,IDA,1960,395487385.0,109.786215143617,42.5980797146975
IDA total,IDA,1961,405466111.0,113.148348084276,43.1026543611255
IDA total,IDA,1962,415842864.0,118.681819571103,43.7019345236643
IDA total,IDA,1963,426595648.0,127.889122686715,44.0385158727066
IDA total,IDA,1964,437758610.0,123.241104578945,44.6352411885011
IDA total,IDA,1965,449354777.0,134.448546429794,44.8919998492969
IDA total,IDA,1966,461321498.0,141.436522334455,45.4307129324214
IDA total,IDA,1967,473724445.0,139.64828241675,45.8954504665158
IDA total,IDA,1968,486593159.0,144.07745958733,46.4258176946135
IDA total,IDA,1969,499784526.0,157.471380749563,46.8225264125366
IDA total,IDA,1970,513067315.0,170.530519064438,46.3387052717727
IDA total,IDA,1971,525943813.0,168.344251640329,43.9861162996213
IDA total,IDA,1972,539264683.0,175.59248778685,47.7354970183526
IDA total,IDA,1973,553896099.0,198.547454196381,48.1941804077021
IDA total,IDA,1974,569074542.0,253.589374507241,48.3909266988382
IDA total,IDA,1975,584300234.0,290.679464131519,48.5891397843228
IDA total,IDA,1976,599688584.0,295.962870485839,49.1745166140675
IDA total,IDA,1977,615372616.0,314.109242401733,49.6137009756756
IDA total,IDA,1978,631958710.0,345.813028285718,49.9467153450073
IDA total,IDA,1979,649654167.0,385.400264481372,50.596697977189
IDA total,IDA,1980,667677170.0,447.22811393584,51.115373207464
IDA total,IDA,1981,685834141.0,617.027047013018,51.4476631078117
IDA total,IDA,1982,705010143.0,572.00917685256,51.6963929666465
IDA total,IDA,1983,724856444.0,480.536484961767,51.5235489587729
IDA total,IDA,1984,744819033.0,439.765198319322,51.6481587021105
IDA total,IDA,1985,765420624.0,441.606895989602,51.9195135300326
IDA total,IDA,1986,786547184.0,389.611160468923,52.3978158990766
IDA total,IDA,1987,808200460.0,391.983544690911,52.9873702902371
IDA total,IDA,1988,830136818.0,402.393570546579,53.1487798588706
IDA total,IDA,1989,852474775.0,393.644760724518,53.449393540693
IDA total,IDA,1990,875155900.0,432.610564539922,53.550822219854
IDA total,IDA,1991,898197050.0,455.285273456111,53.275158063582
IDA total,IDA,1992,922434199.0,395.150638284363,53.6971972180985
IDA total,IDA,1993,947852649.0,404.19546238004,54.0520448793209
IDA total,IDA,1994,973370197.0,407.328794485124,54.173904110681
IDA total,IDA,1995,999276289.0,482.313584865841,54.544271174775
IDA total,IDA,1996,1025752570.0,542.019450614884,54.7212375791123
IDA total,IDA,1997,1052340078.0,553.125032570024,55.0295923674161
IDA total,IDA,1998,1079175178.0,561.866003128145,55.1971351030879
IDA total,IDA,1999,1106123930.0,408.990256378247,55.7547601237497
IDA total,IDA,2000,1133395252.0,458.298938832863,56.4098803153362
IDA total,IDA,2001,1161268165.0,442.14518343609,56.8791258172766
IDA total,IDA,2002,1189916772.0,465.333742769282,57.3481910581843
IDA total,IDA,2003,1219064128.0,512.41649453404,57.8417555845873
IDA total,IDA,2004,1248451458.0,584.965672067294,58.2271418788221
IDA total,IDA,2005,1278398885.0,664.73305755977,58.6482754700347
IDA total,IDA,2006,1309409307.0,775.4811759604,59.3120963721438
IDA total,IDA,2007,1341438373.0,887.832604344602,59.7939889113586
IDA total,IDA,2008,1373831893.0,1033.2321035618,60.0248104703622
IDA total,IDA,2009,1406604878.0,983.70747485615,60.5539493023703
IDA total,IDA,2010,1439930635.0,1109.84138279455,60.9876114032048
IDA total,IDA,2011,1473566366.0,1224.50986155293,61.348574321013
IDA total,IDA,2012,1506857958.0,1263.41124156596,61.7824167764851
IDA total,IDA,2013,1538498334.0,1346.32438528916,62.1411087728605
IDA total,IDA,2014,1570999900.0,1419.34391837187,62.3668503818576
IDA total,IDA,2015,1604188279.0,1350.30758062231,62.6135498483383
IDA total,IDA,2016,1638586691.0,1314.0817741131,62.9919508459629
IDA total,IDA,2017,1674238410.0,1355.23505457315,63.2736954244909
IDA total,IDA,2018,1711076534.0,1408.95016839901,63.7309311828708
IDA total,IDA,2019,1749141428.0,1544.27890067061,64.0885399952044
IDA total,IDA,2020,1788173625.0,1464.52261402905,63.8022749850664
IDA total,IDA,2021,1827438519.0,1566.13709936781,63.4773799318061
IDA total,IDA,2022,1866528090.0,1647.52732460307,64.8822902939527
IDA total,IDA,2023,1906309321.0,1536.08719237098,65.4535223135408
Iceland,ISL,1960,175574.0,1486.46439009414,74.0400731707317
Iceland,ISL,1961,179029.0,1489.76679890669,73.5034146341464
Iceland,ISL,1962,182378.0,1641.15155373051,73.7219512195122
Iceland,ISL,1963,185653.0,1924.23982220827,73.0429268292683
Iceland,ISL,1964,188983.0,2414.00707361378,73.5417073170732
Iceland,ISL,1965,192286.0,2861.10787055081,73.8687804878049
Iceland,ISL,1966,195570.0,3378.14472198321,73.3004878048781
Iceland,ISL,1967,198751.0,3283.55115538008,73.7831707317073
Iceland,ISL,1968,201488.0,2473.42372591393,74.0058536585366
Iceland,ISL,1969,203369.0,2142.21248048432,73.7763414634147
Iceland,ISL,1970,204438.0,2666.41186614479,73.9339024390244
Iceland,ISL,1971,206098.0,3365.77524019906,73.5704878048781
Iceland,ISL,1972,209137.0,4155.18509800672,74.4558536585366
Iceland,ISL,1973,212317.0,5627.40706667636,74.4509756097561
Iceland,ISL,1974,215209.0,7286.65658517311,74.5117073170732
Iceland,ISL,1975,217979.0,6679.78429144579,75.5787804878049
Iceland,ISL,1976,220154.0,7848.3489698757,76.9721951219512
Iceland,ISL,1977,221799.0,10305.3113349502,76.3736585365854
Iceland,ISL,1978,223537.0,11629.5158682259,76.6492682926829
Iceland,ISL,1979,225735.0,13082.4948327554,76.7731707317073
Iceland,ISL,1980,228138.0,15339.9112964156,76.8465853658537
Iceland,ISL,1981,230755.0,15666.3769807272,76.5214634146341
Iceland,ISL,1982,233860.0,14191.030215493,77.0378048780488
Iceland,ISL,1983,236977.0,12079.7974639769,76.8456097560976
Iceland,ISL,1984,239511.0,12377.5860216394,77.5765853658537
Iceland,ISL,1985,241405.0,12793.2725790514,77.6024390243903
Iceland,ISL,1986,243180.0,16979.5217287811,77.9907317073171
Iceland,ISL,1987,245859.0,23238.0398336304,77.3390243902439
Iceland,ISL,1988,249740.0,25306.6926061001,77.0829268292683
Iceland,ISL,1989,252852.0,23218.5398304599,78.1409756097561
Iceland,ISL,1990,254826.0,26272.2452156659,78.0363414634146
Iceland,ISL,1991,257797.0,27739.8886025504,77.9919512195122
Iceland,ISL,1992,261057.0,28072.4041083276,78.760243902439
Iceland,ISL,1993,263725.0,24404.0275812365,78.9346341463415
Iceland,ISL,1994,266021.0,24858.2031335605,79.2470731707317
Iceland,ISL,1995,267468.0,27564.569102386,77.9843902439024
Iceland,ISL,1996,268916.0,28583.5208959793,78.7778048780488
Iceland,ISL,1997,271128.0,28461.7664095122,78.8853658536585
Iceland,ISL,1998,274047.0,31519.1647473126,79.6024390243903
Iceland,ISL,1999,277381.0,32834.4215745364,79.3512195121951
Iceland,ISL,2000,281205.0,32503.578963236,79.6536585365854
Iceland,ISL,2001,284968.0,29208.1981853568,80.690243902439
Iceland,ISL,2002,287523.0,32749.379004627,80.5024390243903
Iceland,ISL,2003,289521.0,39944.2104095591,80.9634146341464
Iceland,ISL,2004,292074.0,47809.6073050042,80.9975609756098
Iceland,ISL,2005,296734.0,57783.7745608117,81.5024390243902
Iceland,ISL,2006,303782.0,58172.1426656622,81.1585365853659
Iceland,ISL,2007,311566.0,70483.0117228535,81.4536585365854
Iceland,ISL,2008,317414.0,57489.3399795216,81.609756097561
Iceland,ISL,2009,318499.0,41483.7843682814,81.7512195121951
Iceland,ISL,2010,318041.0,43776.4677400475,81.8975609756097
Iceland,ISL,2011,319014.0,48254.953927254,82.3585365853659
Iceland,ISL,2012,320716.0,46594.9869146614,82.9170731707317
Iceland,ISL,2013,323764.0,50173.3360061057,82.0609756097561
Iceland,ISL,2014,327386.0,55140.364935793,82.8609756097561
Iceland,ISL,2015,330815.0,53505.6964079339,82.4682926829268
Iceland,ISL,2016,335439.0,62854.0906407932,82.2048780487805
Iceland,ISL,2017,343400.0,72976.3729990975,82.6609756097561
Iceland,ISL,2018,352721.0,75633.8651351915,82.8609756097561
Iceland,ISL,2019,360563.0,69296.3144361601,83.1634146341463
Iceland,ISL,2020,366463.0,60127.9393575616,83.0634146341463
Iceland,ISL,2021,372520.0,70425.4064277273,83.1658536585366
Iceland,ISL,2022,382003.0,76350.4550416502,82.119512195122
Iceland,ISL,2023,385663.0,82138.7892973557,82.6073170731707
India,IND,1960,435990338.0,84.9328084793106,45.61
India,IND,1961,446564729.0,87.8538613470205,45.824
India,IND,1962,457283090.0,92.1999583629516,46.133
India,IND,1963,468138575.0,103.435021262932,46.458
India,IND,1964,479229598.0,117.856430772855,46.742
India,IND,1965,490140146.0,121.50831902883,45.558
India,IND,1966,500740247.0,91.0276950517841,45.884
India,IND,1967,511606372.0,97.9951481214155,46.184
India,IND,1968,522716889.0,101.556802521195,47.925
India,IND,1969,533880544.0,109.477664384288,48.26
India,IND,1970,545864268.0,114.35532002008,48.585
India,IND,1971,558096387.0,120.680595539912,48.902
India,IND,1972,570482142.0,125.270705961882,49.213
India,IND,1973,583465598.0,146.568492582405,49.642
India,IND,1974,597041391.0,166.699661755332,50.259
India,IND,1975,611309535.0,161.086694022079,50.761
India,IND,1976,625861883.0,164.119999587322,51.302
India,IND,1977,640801103.0,189.585568552477,51.822
India,IND,1978,655728229.0,209.389063573463,52.42
India,IND,1979,671155747.0,227.958179873426,53.014
India,IND,1980,687354025.0,271.080945953678,53.593
India,IND,1981,703696250.0,274.964330768528,54.173
India,IND,1982,720313473.0,278.65038258267,54.735
India,IND,1983,737372681.0,295.999773299382,55.283
India,IND,1984,754875449.0,281.049867840717,55.813
India,IND,1985,772647793.0,300.928258576378,56.324
India,IND,1986,790689978.0,314.897116402542,56.819
India,IND,1987,808931270.0,344.941028293075,57.291
India,IND,1988,827342990.0,358.484539641693,57.744
India,IND,1989,846039529.0,349.915155021864,58.196
India,IND,1990,864972221.0,371.085936203765,58.618
India,IND,1991,883927600.0,305.574055928592,59.032
India,IND,1992,902957070.0,319.182472626315,59.445
India,IND,1993,922118387.0,302.884806246174,59.823
India,IND,1994,941163767.0,347.73421473994,60.237
India,IND,1995,960301044.0,375.17600537305,60.63
India,IND,1996,979678458.0,401.046754673579,61.027
India,IND,1997,999133762.0,416.228116203753,61.439
India,IND,1998,1018665080.0,413.630864056851,61.852
India,IND,1999,1038225823.0,441.927991436397,62.284
India,IND,2000,1057922733.0,442.750218937263,62.749
India,IND,2001,1077898575.0,450.357900514128,63.158
India,IND,2002,1097600380.0,469.149928973927,63.649
India,IND,2003,1116803006.0,544.143133545002,64.086
India,IND,2004,1135991513.0,624.258826510066,64.484
India,IND,2005,1154676322.0,710.488080408949,64.939
India,IND,2006,1172878890.0,801.668353659022,65.373
India,IND,2007,1190676021.0,1021.88707706826,65.803
India,IND,2008,1207930964.0,992.519584923828,66.247
India,IND,2009,1225524753.0,1094.94974598436,66.7
India,IND,2010,1243481564.0,1347.51939071367,67.162
India,IND,2011,1261224954.0,1445.46127486037,67.623
India,IND,2012,1278674502.0,1429.32199520032,68.076
India,IND,2013,1295829511.0,1432.84397512195,68.499
India,IND,2014,1312277191.0,1553.88396075118,68.932
India,IND,2015,1328024498.0,1583.99815907985,69.326
India,IND,2016,1343944296.0,1707.50892912243,69.709
India,IND,2017,1359657400.0,1950.10468280866,70.068
India,IND,2018,1374659064.0,1966.25455171679,70.415
India,IND,2019,1389030312.0,2041.42863698585,70.746
India,IND,2020,1402617695.0,1907.04251637669,70.156
India,IND,2021,1414203896.0,2239.61384367482,67.282
India,IND,2022,1425423212.0,2347.44829434623,71.698
India,IND,2023,1438069596.0,2530.12031278204,72.003
Indonesia,IDN,1967,106526393.0,53.2051866988581,51.309
Indonesia,IDN,1968,109450006.0,64.6547730642556,51.888
Indonesia,IDN,1969,112517639.0,74.0988114128793,52.588
Indonesia,IDN,1970,115657495.0,79.118823484002,53.254
Indonesia,IDN,1971,118833702.0,78.5428393869752,53.823
Indonesia,IDN,1972,122039841.0,90.1147549138956,54.364
Indonesia,IDN,1973,125288515.0,129.886231088685,54.916
Indonesia,IDN,1974,128555045.0,200.710984454591,55.443
Indonesia,IDN,1975,131843848.0,231.060120618497,55.998
Indonesia,IDN,1976,135173655.0,275.713167824796,56.445
Indonesia,IDN,1977,138533541.0,330.670214101079,57.09
Indonesia,IDN,1978,141953163.0,362.483779779007,57.607
Indonesia,IDN,1979,145434834.0,353.424175826329,58.18
Indonesia,IDN,1980,148950540.0,486.620172021155,58.701
Indonesia,IDN,1981,152485035.0,560.830336032961,59.096
Indonesia,IDN,1982,156052152.0,577.745632722784,59.7
Indonesia,IDN,1983,159651381.0,507.682945653414,60.343
Indonesia,IDN,1984,163251124.0,519.774063103241,60.891
Indonesia,IDN,1985,166776185.0,511.400883618027,61.387
Indonesia,IDN,1986,170175065.0,469.834241253429,61.736
Indonesia,IDN,1987,173511154.0,437.60655039936,62.087
Indonesia,IDN,1988,176855065.0,476.662483405818,62.386
Indonesia,IDN,1989,180201630.0,524.143027322576,62.883
Indonesia,IDN,1990,183501098.0,578.420121135382,63.249
Indonesia,IDN,1991,186778238.0,624.387495384411,63.703
Indonesia,IDN,1992,190043744.0,673.67103954742,64.182
Indonesia,IDN,1993,193305168.0,817.395116417856,64.851
Indonesia,IDN,1994,196591828.0,899.793982949817,65.041
Indonesia,IDN,1995,199888057.0,1011.22614205568,65.263
Indonesia,IDN,1996,203204348.0,1118.92133024129,65.465
Indonesia,IDN,1997,206536095.0,1044.60674832472,65.774
Indonesia,IDN,1998,209826788.0,454.877800792123,65.942
Indonesia,IDN,1999,213004668.0,657.268934667018,66.001
Indonesia,IDN,2000,216077790.0,763.711124950924,66.292
Indonesia,IDN,2001,219097902.0,732.307093405708,66.583
Indonesia,IDN,2002,222088495.0,881.002913569131,66.954
Indonesia,IDN,2003,225048008.0,1043.2105838671,67.134
Indonesia,IDN,2004,227926649.0,1126.84004447173,65.521
Indonesia,IDN,2005,230871650.0,1238.21447629488,67.531
Indonesia,IDN,2006,233951652.0,1558.31562847163,67.664
Indonesia,IDN,2007,237062337.0,1823.21976255073,67.914
Indonesia,IDN,2008,240157903.0,2124.55483920618,68.085
Indonesia,IDN,2009,243220028.0,2218.48541852977,68.267
Indonesia,IDN,2010,246305322.0,3065.68348377765,68.364
Indonesia,IDN,2011,249470032.0,3579.46442466152,68.629
Indonesia,IDN,2012,252698525.0,3632.27254030331,68.862
Indonesia,IDN,2013,255852467.0,3566.60284506078,69.064
Indonesia,IDN,2014,258877399.0,3441.06808464008,69.292
Indonesia,IDN,2015,261799249.0,3288.22269725538,69.52
Indonesia,IDN,2016,264627418.0,3521.46943457574,69.733
Indonesia,IDN,2017,267346658.0,3798.88326174526,69.953
Indonesia,IDN,2018,269951846.0,3860.95353090726,70.08
Indonesia,IDN,2019,272489381.0,4106.94856160358,70.349
Indonesia,IDN,2020,274814866.0,3853.70288774146,68.817
Indonesia,IDN,2021,276758053.0,4287.17313995098,67.452
Indonesia,IDN,2022,278830529.0,4730.83484836107,70.925
Indonesia,IDN,2023,281190067.0,4876.30774512252,71.146
"Iran, Islamic Rep.",IRN,1960,21470434.0,195.57752721271,43.297
"Iran, Islamic Rep.",IRN,1961,22125726.0,200.081529294917,43.9
"Iran, Islamic Rep.",IRN,1962,22807907.0,205.786809656996,43.769
"Iran, Islamic Rep.",IRN,1963,23519005.0,209.559376274106,45.105
"Iran, Islamic Rep.",IRN,1964,24262859.0,221.731727810865,45.735
"Iran, Islamic Rep.",IRN,1965,25036978.0,247.526675505342,46.372
"Iran, Islamic Rep.",IRN,1966,25829270.0,262.877683796365,47.072
"Iran, Islamic Rep.",IRN,1967,26628432.0,283.733705768331,47.803
"Iran, Islamic Rep.",IRN,1968,27437391.0,314.285456656503,47.946
"Iran, Islamic Rep.",IRN,1969,28273482.0,344.60168745738,49.382
"Iran, Islamic Rep.",IRN,1970,29145100.0,376.606879152564,50.222
"Iran, Islamic Rep.",IRN,1971,30029071.0,457.283638013187,51.12
"Iran, Islamic Rep.",IRN,1972,30921179.0,554.748034126016,51.729
"Iran, Islamic Rep.",IRN,1973,31839838.0,850.560177143749,52.944
"Iran, Islamic Rep.",IRN,1974,32796463.0,1408.96571902093,53.862
"Iran, Islamic Rep.",IRN,1975,33802973.0,1531.70617122603,54.819
"Iran, Islamic Rep.",IRN,1976,34837271.0,1953.51969678549,55.771
"Iran, Islamic Rep.",IRN,1977,35933181.0,2243.05559538309,56.66
"Iran, Islamic Rep.",IRN,1978,37126535.0,2100.77015324703,56.042
"Iran, Islamic Rep.",IRN,1979,38424952.0,2352.42655152643,58.453
"Iran, Islamic Rep.",IRN,1980,39842324.0,2368.39285730478,58.369
"Iran, Islamic Rep.",IRN,1981,41989312.0,2393.44985576145,56.625
"Iran, Islamic Rep.",IRN,1982,44272141.0,2844.87611384065,57.633
"Iran, Islamic Rep.",IRN,1983,46029535.0,3397.06140021273,58.518
"Iran, Islamic Rep.",IRN,1984,47793998.0,3395.33697556582,60.875
"Iran, Islamic Rep.",IRN,1985,49582289.0,3634.03209560745,61.537
"Iran, Islamic Rep.",IRN,1986,51446045.0,4064.34667297515,62.136
"Iran, Islamic Rep.",IRN,1987,53323493.0,2513.15111564745,62.685
"Iran, Islamic Rep.",IRN,1988,55072694.0,2234.46235141335,63.255
"Iran, Islamic Rep.",IRN,1989,56704914.0,2124.97214820344,65.314
"Iran, Islamic Rep.",IRN,1990,58380092.0,2137.94222739877,64.066
"Iran, Islamic Rep.",IRN,1991,59986931.0,2194.43906803657,66.233
"Iran, Islamic Rep.",IRN,1992,61184983.0,1957.48507794252,66.653
"Iran, Islamic Rep.",IRN,1993,61403543.0,1038.10985682067,67.037
"Iran, Islamic Rep.",IRN,1994,61520598.0,1167.76272513795,67.49
"Iran, Islamic Rep.",IRN,1995,62205567.0,1550.0095955025,67.904
"Iran, Islamic Rep.",IRN,1996,62881300.0,1914.78121294313,68.328
"Iran, Islamic Rep.",IRN,1997,63639638.0,1790.06617575598,68.649
"Iran, Islamic Rep.",IRN,1998,64519859.0,1709.19334096046,69.214
"Iran, Islamic Rep.",IRN,1999,65445391.0,1739.59462001458,69.686
"Iran, Islamic Rep.",IRN,2000,66418659.0,1650.01385833785,70.166
"Iran, Islamic Rep.",IRN,2001,67452005.0,1881.02266635283,70.619
"Iran, Islamic Rep.",IRN,2002,68011317.0,1891.25756091033,71.112
"Iran, Islamic Rep.",IRN,2003,68769340.0,2208.99636552406,70.464
"Iran, Islamic Rep.",IRN,2004,70256316.0,2672.4226651404,72.04
"Iran, Islamic Rep.",IRN,2005,71828455.0,3132.0508192007,72.446
"Iran, Islamic Rep.",IRN,2006,73392747.0,3618.91601364428,72.895
"Iran, Islamic Rep.",IRN,2007,74602648.0,4687.99166260718,73.299
"Iran, Islamic Rep.",IRN,2008,75514204.0,5377.4115072957,73.683
"Iran, Islamic Rep.",IRN,2009,76457825.0,5415.52280553446,74.041
"Iran, Islamic Rep.",IRN,2010,77420842.0,6291.19443655454,74.39
"Iran, Islamic Rep.",IRN,2011,78383598.0,8025.68743364356,74.721
"Iran, Islamic Rep.",IRN,2012,79370580.0,8114.08099831877,75.039
"Iran, Islamic Rep.",IRN,2013,80414686.0,6222.74194840326,75.349
"Iran, Islamic Rep.",IRN,2014,81502045.0,5672.06372896319,75.635
"Iran, Islamic Rep.",IRN,2015,82619362.0,4952.73355532178,75.907
"Iran, Islamic Rep.",IRN,2016,83812228.0,5710.59947089104,76.155
"Iran, Islamic Rep.",IRN,2017,85026754.0,6000.93346404409,76.396
"Iran, Islamic Rep.",IRN,2018,86117998.0,4783.01067340237,76.621
"Iran, Islamic Rep.",IRN,2019,87051648.0,3997.4935449585,76.855
"Iran, Islamic Rep.",IRN,2020,87723443.0,3202.50003502169,74.141
"Iran, Islamic Rep.",IRN,2021,88455488.0,4605.14881318992,73.752
"Iran, Islamic Rep.",IRN,2022,89524246.0,4721.20437099984,76.799
"Iran, Islamic Rep.",IRN,2023,90608707.0,5049.29931642754,77.654
Iraq,IRQ,1960,7022052.0,218.917802531101,51.462
Iraq,IRQ,1961,7194553.0,232.392612190864,52.339
Iraq,IRQ,1962,7413875.0,240.653442461626,53.482
Iraq,IRQ,1963,7667928.0,235.513623763733,54.36
Iraq,IRQ,1964,7929566.0,269.423092996101,55.245
Iraq,IRQ,1965,8202140.0,284.77757098584,56.387
Iraq,IRQ,1966,8485104.0,298.205666763491,57.321
Iraq,IRQ,1967,8778869.0,290.643664484678,58.422
Iraq,IRQ,1968,9085016.0,318.832552563525,58.969
Iraq,IRQ,1969,9403356.0,319.860143218706,59.64
Iraq,IRQ,1970,9735611.0,337.042912609442,60.532
Iraq,IRQ,1971,10077809.0,383.550287036941,61.333
Iraq,IRQ,1972,10430164.0,394.41834302923,61.816
Iraq,IRQ,1973,10795869.0,475.586335675674,62.344
Iraq,IRQ,1974,11167761.0,1031.25081332691,60.995
Iraq,IRQ,1975,11543639.0,1165.88163945653,61.434
Iraq,IRQ,1976,11927651.0,1488.54335200482,63.569
Iraq,IRQ,1977,12331046.0,1608.79545129648,63.896
Iraq,IRQ,1978,12753355.0,1863.21761229727,64.175
Iraq,IRQ,1979,13170365.0,2871.32952195974,64.417
Iraq,IRQ,1980,13591992.0,3867.64500744262,60.916
Iraq,IRQ,1981,14006381.0,2700.41204790874,58.652
Iraq,IRQ,1982,14406083.0,2941.9748125381,58.977
Iraq,IRQ,1983,14840555.0,2743.35449218755,59.287
Iraq,IRQ,1984,15310733.0,3065.7178266236,59.544
Iraq,IRQ,1985,15683430.0,3087.66394151806,59.8
Iraq,IRQ,1986,16074145.0,2940.40623181091,60.031
Iraq,IRQ,1987,16521049.0,3436.4763126353,60.259
Iraq,IRQ,1988,16908819.0,3707.20841763297,56.692
Iraq,IRQ,1989,17364542.0,3791.17027583399,57.501
Iraq,IRQ,1990,17581206.0,10261.4157706888,57.587
Iraq,IRQ,1991,17767253.0,22.9521327615352,61.338
Iraq,IRQ,1992,18300845.0,30.2539012636825,65.344
Iraq,IRQ,1993,19201195.0,53.7437842348819,65.31
Iraq,IRQ,1994,20139807.0,198.182101881974,65.027
Iraq,IRQ,1995,20825860.0,619.135530927038,64.761
Iraq,IRQ,1996,21501321.0,485.258492784825,64.618
Iraq,IRQ,1997,22176593.0,936.341170908421,64.241
Iraq,IRQ,1998,22884399.0,900.937142559106,64.405
Iraq,IRQ,1999,23636527.0,1560.36466710272,64.532
Iraq,IRQ,2000,24424056.0,1980.18916038782,64.86
Iraq,IRQ,2001,25197840.0,1435.695683789,65.292
Iraq,IRQ,2002,26006559.0,1266.15961275094,65.724
Iraq,IRQ,2003,26802659.0,817.887862499622,64.834
Iraq,IRQ,2004,27577878.0,1328.37157628292,64.634
Iraq,IRQ,2005,28407448.0,1762.39360423421,64.899
Iraq,IRQ,2006,28616515.0,2276.55435744086,64.029
Iraq,IRQ,2007,28391607.0,3128.99010329066,64.428
Iraq,IRQ,2008,28971036.0,4542.96609046032,66.465
Iraq,IRQ,2009,30058206.0,3714.71205987194,67.834
Iraq,IRQ,2010,31045366.0,4461.75196161555,68.092
Iraq,IRQ,2011,32161424.0,5775.54229080293,68.435
Iraq,IRQ,2012,33654842.0,6477.59618450955,68.827
Iraq,IRQ,2013,35281989.0,6650.35282247395,69.047
Iraq,IRQ,2014,36550059.0,6249.39226978969,69.679
Iraq,IRQ,2015,37560535.0,4440.14189252367,69.977
Iraq,IRQ,2016,38469627.0,4334.42096404188,68.683
Iraq,IRQ,2017,39337353.0,4759.2846435467,69.788
Iraq,IRQ,2018,40265624.0,5646.68932074742,71.116
Iraq,IRQ,2019,41192171.0,5671.8568632942,71.245
Iraq,IRQ,2020,42116605.0,4295.18945121228,69.651
Iraq,IRQ,2021,43071211.0,4868.49431080783,70.704
Iraq,IRQ,2022,44070551.0,6520.73154560584,72.037
Iraq,IRQ,2023,45074049.0,5965.31835077761,72.324
Ireland,IRL,1960,2828600.0,706.551022345168,70.1942682926829
Ireland,IRL,1961,2824400.0,761.851359570018,69.6782926829268
Ireland,IRL,1962,2836050.0,821.344113076887,69.9910487804878
Ireland,IRL,1963,2852650.0,878.156576476286,70.2300975609756
Ireland,IRL,1964,2866550.0,994.607331611746,70.4899268292683
Ireland,IRL,1965,2877300.0,1055.03624701098,70.695
Ireland,IRL,1966,2888800.0,1107.31823034754,70.2169512195122
Ireland,IRL,1967,2902450.0,1187.18321236576,71.2453658536585
Ireland,IRL,1968,2915550.0,1158.85549787929,70.941
Ireland,IRL,1969,2932650.0,1330.78329549951,70.8528292682927
Ireland,IRL,1970,2957250.0,1486.51452734638,70.9015609756098
Ireland,IRL,1971,2992050.0,1703.93218277317,71.6758536585366
Ireland,IRL,1972,3036850.0,2080.46514718169,71.021756097561
Ireland,IRL,1973,3085950.0,2424.26904706558,71.2399756097561
Ireland,IRL,1974,3137500.0,2516.92768605196,71.1755609756098
Ireland,IRL,1975,3189550.0,2973.40012301715,71.7530487804878
Ireland,IRL,1976,3238050.0,2919.58308695615,71.8566097560976
Ireland,IRL,1977,3282200.0,3427.0734359204,71.9973902439024
Ireland,IRL,1978,3329100.0,4399.98680535092,71.9963170731707
Ireland,IRL,1979,3373750.0,5429.96200087479,72.2680243902439
Ireland,IRL,1980,3412800.0,6372.43777545453,72.5954146341464
Ireland,IRL,1981,3453000.0,5986.1541089392,72.9517804878049
Ireland,IRL,1982,3485800.0,6160.63829313723,73.2090487804878
Ireland,IRL,1983,3510600.0,5915.24177164341,73.2400975609756
Ireland,IRL,1984,3532423.0,5692.02738597285,73.6637317073171
Ireland,IRL,1985,3538082.0,6011.7355464232,73.6219024390244
Ireland,IRL,1986,3539690.0,8112.17136316453,73.6655365853659
Ireland,IRL,1987,3540057.0,9581.91308572415,74.4319024390244
Ireland,IRL,1988,3524949.0,10715.8702780539,74.4394146341463
Ireland,IRL,1989,3511009.0,11175.816603647,74.4552195121951
Ireland,IRL,1990,3513974.0,14031.3025675469,74.8460731707317
Ireland,IRL,1991,3534235.0,14087.2074393708,75.025
Ireland,IRL,1992,3558430.0,15714.3847487231,75.4150975609756
Ireland,IRL,1993,3576261.0,14657.0615549805,75.2921951219512
Ireland,IRL,1994,3590386.0,15902.9296755168,75.7866341463415
Ireland,IRL,1995,3608841.0,19158.4564773907,75.4693170731707
Ireland,IRL,1996,3637510.0,20835.8977130847,75.8317073170732
Ireland,IRL,1997,3674171.0,22551.1139134126,75.9853658536585
Ireland,IRL,1998,3712696.0,24294.8547674007,76.1804878048781
Ireland,IRL,1999,3754786.0,26338.1077543817,76.0829268292683
Ireland,IRL,2000,3805174.0,26334.5672050501,76.5365853658537
Ireland,IRL,2001,3866243.0,28282.409882073,77.1341463414634
Ireland,IRL,2002,3931947.0,32705.4345565698,77.6341463414634
Ireland,IRL,2003,3996521.0,41203.5295847568,78.1390243902439
Ireland,IRL,2004,4070262.0,47754.2023194244,78.5390243902439
Ireland,IRL,2005,4159914.0,50933.0216095589,78.9439024390244
Ireland,IRL,2006,4273591.0,54329.1618599624,79.2414634146342
Ireland,IRL,2007,4398942.0,61396.417461176,79.6414634146341
Ireland,IRL,2008,4489544.0,61353.1065629523,80.0951219512195
Ireland,IRL,2009,4535375.0,52133.0906162544,80.190243902439
Ireland,IRL,2010,4560155.0,48623.9666422487,80.7439024390244
Ireland,IRL,2011,4580084.0,52613.8540355689,80.7463414634146
Ireland,IRL,2012,4599533.0,49335.8408099555,80.8463414634146
Ireland,IRL,2013,4623816.0,52537.6108648692,80.9487804878049
Ireland,IRL,2014,4657740.0,57214.5379785709,81.3487804878049
Ireland,IRL,2015,4701957.0,64250.1385181257,81.4536585365854
Ireland,IRL,2016,4762722.0,64129.5571542383,81.6536585365854
Ireland,IRL,2017,4827445.0,72161.4047531385,82.1560975609756
Ireland,IRL,2018,4898022.0,80804.1123164826,82.2048780487805
Ireland,IRL,2019,4976456.0,81827.6688873996,82.7024390243903
Ireland,IRL,2020,5039747.0,86514.0706108754,82.4560975609756
Ireland,IRL,2021,5110585.0,103783.446284479,82.2536585365854
Ireland,IRL,2022,5212836.0,105190.685952731,82.509756097561
Ireland,IRL,2023,5311538.0,106818.917130804,82.8609756097561
Isle of Man,IMN,1984,64528.0,3892.81857107699,69.754
Isle of Man,IMN,1985,64401.0,3980.23093051439,70.02
Isle of Man,IMN,1986,64695.0,5507.18003873984,70.34
Isle of Man,IMN,1987,65597.0,7012.1421130624,70.685
Isle of Man,IMN,1988,66680.0,8768.79053218172,71.057
Isle of Man,IMN,1989,67790.0,9110.77499886082,71.406
Isle of Man,IMN,1990,68916.0,11049.8949396235,71.8
Isle of Man,IMN,1991,69808.0,11768.1058977186,72.183
Isle of Man,IMN,1992,70353.0,12150.8545456352,72.544
Isle of Man,IMN,1993,70772.0,10818.5139663414,72.822
Isle of Man,IMN,1994,71168.0,11708.2857474351,73.14
Isle of Man,IMN,1995,71513.0,12896.5252829716,73.371
Isle of Man,IMN,1996,72047.0,13979.8454930411,73.634
Isle of Man,IMN,1997,72909.0,16160.7112518361,73.9
Isle of Man,IMN,1998,73861.0,18753.1202301034,74.204
Isle of Man,IMN,1999,74790.0,21042.1461816648,74.469
Isle of Man,IMN,2000,75659.0,21161.3963073772,74.842
Isle of Man,IMN,2001,76476.0,21819.7123825606,75.289
Isle of Man,IMN,2002,77275.0,24471.0798814847,75.785
Isle of Man,IMN,2003,78049.0,28861.6178062918,76.319
Isle of Man,IMN,2004,78792.0,35564.6023910146,76.876
Isle of Man,IMN,2005,79516.0,38135.8597885858,77.453
Isle of Man,IMN,2006,80294.0,42627.5089352891,77.971
Isle of Man,IMN,2007,81147.0,55040.2437046236,78.451
Isle of Man,IMN,2008,82029.0,72276.7741329461,78.899
Isle of Man,IMN,2009,82939.0,66156.105656847,79.303
Isle of Man,IMN,2010,83873.0,70587.3140283741,79.613
Isle of Man,IMN,2011,84382.0,77808.8579649376,79.836
Isle of Man,IMN,2012,84335.0,79329.2034347434,80.007
Isle of Man,IMN,2013,84141.0,83207.6588430451,80.12
Isle of Man,IMN,2014,83892.0,91885.4528718026,80.199
Isle of Man,IMN,2015,83593.0,84753.5187422732,80.267
Isle of Man,IMN,2016,83466.0,82025.9454509241,80.391
Isle of Man,IMN,2017,83609.0,83481.3038489014,80.506
Isle of Man,IMN,2018,83805.0,89393.8244248812,80.614
Isle of Man,IMN,2019,83957.0,87127.5517977404,80.74
Isle of Man,IMN,2020,84064.0,79513.5330346598,80.591
Isle of Man,IMN,2021,84106.0,94299.969348965,80.42
Isle of Man,IMN,2022,84132.0,88328.548125887,80.956
Israel,ISR,1961,2185000.0,1697.29357961733,72.0065853658537
Israel,ISR,1962,2293000.0,1293.56913708296,72.1121951219512
Israel,ISR,1966,2629000.0,1789.00726438581,72.2856097560976
Israel,ISR,1967,2745000.0,1734.93143268466,71.509756097561
Israel,ISR,1968,2803000.0,1947.35209699825,71.0565853658537
Israel,ISR,1969,2877000.0,2189.03467540307,70.9704878048781
Israel,ISR,1970,2974000.0,2490.48852601991,71.2134146341463
Israel,ISR,1971,3069000.0,2297.99413492783,71.7190243902439
Israel,ISR,1972,3148000.0,2929.65614313336,71.0780487804878
Israel,ISR,1973,3278000.0,3631.04766898453,71.6934146341464
Israel,ISR,1974,3377000.0,5085.16646080013,71.6617073170732
Israel,ISR,1975,3455000.0,4672.00213414932,72.0451219512195
Israel,ISR,1976,3533000.0,4516.37405887818,72.9560975609756
Israel,ISR,1977,3613000.0,5053.17295993573,72.9585365853659
Israel,ISR,1978,3690000.0,4797.09672278828,73.2073170731707
Israel,ISR,1979,3786000.0,5971.93371892207,73.5073170731707
Israel,ISR,1980,3878000.0,6548.54473377969,73.8756097560976
Israel,ISR,1981,3956000.0,6795.25020711467,74.2609756097561
Israel,ISR,1982,4031000.0,7257.57514298241,74.109756097561
Israel,ISR,1983,4105000.0,7959.98915032557,74.4585365853658
Israel,ISR,1984,4159000.0,7368.50379730819,74.8073170731707
Israel,ISR,1985,4233000.0,6828.66439090667,75.2073170731707
Israel,ISR,1986,4299000.0,8335.46286893748,74.9560975609756
Israel,ISR,1987,4369000.0,9853.40893452981,75.2585365853659
Israel,ISR,1988,4442000.0,11852.9826452892,74.4365853658537
Israel,ISR,1989,4518000.0,11607.6758419907,76.3073170731707
Israel,ISR,1990,4660000.0,13308.311060238,76.6073170731707
Israel,ISR,1991,4949000.0,14346.0810278646,76.7585365853659
Israel,ISR,1992,5123000.0,15509.9913638817,76.5048780487805
Israel,ISR,1993,5261000.0,15178.8399875391,77.1536585365854
Israel,ISR,1994,5399000.0,16806.8353081322,77.4024390243903
Israel,ISR,1995,5545000.0,19025.6840502517,77.4512195121951
Israel,ISR,1996,5692000.0,20224.2789080629,78.1048780487805
Israel,ISR,1997,5836000.0,20469.4699017497,78.0
Israel,ISR,1998,5971000.0,20188.8141481667,78.1487804878049
Israel,ISR,1999,6125000.0,19823.2138876277,78.6585365853659
Israel,ISR,2000,6289000.0,21706.5194056329,78.9536585365854
Israel,ISR,2001,6439000.0,20966.3052667971,79.4073170731707
Israel,ISR,2002,6570000.0,19076.4584298321,79.4512195121951
Israel,ISR,2003,6689700.0,19643.4690380742,79.6487804878049
Israel,ISR,2004,6809000.0,20568.0694088834,80.1463414634146
Israel,ISR,2005,6930100.0,21286.8388636595,80.1512195121951
Israel,ISR,2006,7053700.0,22527.2619795719,80.5536585365854
Israel,ISR,2007,7180100.0,25721.2594077311,80.5048780487805
Israel,ISR,2008,7308800.0,30269.217773489,80.9512195121951
Israel,ISR,2009,7485600.0,28508.4938886475,81.4048780487805
Israel,ISR,2010,7623600.0,31439.0887027614,81.6024390243903
Israel,ISR,2011,7765800.0,34522.5215979073,81.6560975609756
Israel,ISR,2012,7910500.0,33321.4300881602,81.7048780487805
Israel,ISR,2013,8059500.0,37034.3161080785,82.0560975609756
Israel,ISR,2014,8215700.0,38343.3046626235,82.1536585365854
Israel,ISR,2015,8380100.0,36213.1041481958,82.0512195121951
Israel,ISR,2016,8546000.0,37671.5389138798,82.4073170731707
Israel,ISR,2017,8713300.0,41138.470964272,82.5512195121951
Israel,ISR,2018,8882800.0,42362.6652754196,82.8024390243903
Israel,ISR,2019,9054000.0,44250.6313628073,82.8048780487805
Israel,ISR,2020,9215100.0,44575.5719045492,82.6487804878049
Israel,ISR,2021,9371400.0,52270.9040241956,82.5
Israel,ISR,2022,9557500.0,54949.621556429,82.7
Israel,ISR,2023,9849000.0,52003.7200729997,83.1951219512195
Italy,ITA,1960,50199700.0,836.905850281885,69.1239024390244
Italy,ITA,1961,50536350.0,923.08778375214,69.760243902439
Italy,ITA,1962,50879450.0,1030.15800343763,69.149756097561
Italy,ITA,1963,51252000.0,1171.3869628098,69.2480487804878
Italy,ITA,1964,51675350.0,1271.80119301518,70.3117073170732
Italy,ITA,1965,52112350.0,1357.0106162201,70.1717073170732
Italy,ITA,1966,52519000.0,1458.94713889011,70.9260975609756
Italy,ITA,1967,52900500.0,1595.48578129215,70.9565853658537
Italy,ITA,1968,53235750.0,1718.49646427147,70.78
Italy,ITA,1969,53537950.0,1886.45002730465,70.8119512195122
Italy,ITA,1970,53821850.0,2111.71986404332,71.5587804878049
Italy,ITA,1971,54073490.0,2310.92376058816,71.8068292682927
Italy,ITA,1972,54381345.0,2677.29372999774,72.0753658536586
Italy,ITA,1973,54751406.0,3212.63949627574,72.0263414634146
Italy,ITA,1974,55110868.0,3629.49182319594,72.7343902439025
Italy,ITA,1975,55441001.0,4116.45964933054,72.6473170731708
Italy,ITA,1976,55718260.0,4042.39482463789,72.9919512195122
Italy,ITA,1977,55955411.0,4614.21004931651,73.3646341463415
Italy,ITA,1978,56155143.0,5623.42917622719,73.6931707317073
Italy,ITA,1979,56317749.0,7006.39699054556,74.0026829268293
Italy,ITA,1980,56433883.0,8476.41045000836,73.9431707317073
Italy,ITA,1981,56501675.0,7640.40241250516,74.3539024390244
Italy,ITA,1982,56543548.0,7573.93967597775,74.8146341463415
Italy,ITA,1983,56564074.0,7850.62789042275,74.640243902439
Italy,ITA,1984,56576718.0,7757.55374836822,75.389512195122
Italy,ITA,1985,56593071.0,8009.10347642127,75.4707317073171
Italy,ITA,1986,56596155.0,11341.0939892903,75.7707317073171
Italy,ITA,1987,56601931.0,14267.5368168757,76.219512195122
Italy,ITA,1988,56629288.0,15780.9495122174,76.3707317073171
Italy,ITA,1989,56671781.0,16424.4301587005,76.819512195122
Italy,ITA,1990,56719240.0,20873.7834092719,76.9707317073171
Italy,ITA,1991,56758521.0,22007.1350964074,77.0195121951219
Italy,ITA,1992,56797087.0,23297.0460325456,77.419512195122
Italy,ITA,1993,56831821.0,18781.9529427137,77.7219512195122
Italy,ITA,1994,56843400.0,19382.2002150155,77.9219512195122
Italy,ITA,1995,56844303.0,20712.1798690324,78.1707317073171
Italy,ITA,1996,56860281.0,23122.9337219116,78.5219512195122
Italy,ITA,1997,56890372.0,21883.9872666651,78.8243902439024
Italy,ITA,1998,56906744.0,22365.1837644545,78.9756097560976
Italy,ITA,1999,56916317.0,22049.9990620261,79.4243902439024
Italy,ITA,2000,56942108.0,20190.0035636084,79.7780487804878
Italy,ITA,2001,56976981.0,20570.4385917862,80.1268292682927
Italy,ITA,2002,57089824.0,22451.3964379368,80.2292682926829
Italy,ITA,2003,57399184.0,27577.5700319855,79.9829268292683
Italy,ITA,2004,57828179.0,31348.1901841445,80.7804878048781
Italy,ITA,2005,58166682.0,32062.723833669,80.7829268292683
Italy,ITA,2006,58399861.0,33537.1286994269,81.2829268292683
Italy,ITA,2007,58756247.0,37826.1754554823,81.4341463414634
Italy,ITA,2008,59211181.0,40828.5795580937,81.4853658536585
Italy,ITA,2009,59555454.0,37099.6133958219,81.6365853658537
Italy,ITA,2010,59819407.0,35856.8625485539,82.0365853658537
Italy,ITA,2011,60026841.0,38432.3742820019,82.1878048780488
Italy,ITA,2012,60191247.0,34854.3949441965,82.2390243902439
Italy,ITA,2013,60311613.0,35701.6746002376,82.690243902439
Italy,ITA,2014,60320707.0,36028.3494022349,83.090243902439
Italy,ITA,2015,60229605.0,30639.8829751432,82.5439024390244
Italy,ITA,2016,60115223.0,31391.5692898108,83.2439024390244
Italy,ITA,2017,60002252.0,32844.115660604,82.9463414634147
Italy,ITA,2018,60148658.0,34904.1081923834,83.3463414634146
Italy,ITA,2019,59729081.0,33812.788724868,83.4975609756098
Italy,ITA,2020,59438851.0,32091.4866621366,82.1951219512195
Italy,ITA,2021,59133173.0,36852.5425414951,82.6463414634146
Italy,ITA,2022,59013667.0,35653.9042103495,82.7
Italy,ITA,2023,58984216.0,39277.0838783918,83.7
Jamaica,JAM,1960,1650005.0,423.674098184095,63.828
Jamaica,JAM,1961,1673261.0,447.057273660594,64.257
Jamaica,JAM,1962,1696932.0,458.313997796567,64.619
Jamaica,JAM,1963,1721099.0,480.336499711715,64.999
Jamaica,JAM,1964,1745568.0,514.416511313452,65.347
Jamaica,JAM,1965,1769192.0,549.493560414107,65.663
Jamaica,JAM,1966,1791475.0,612.210363692586,65.928
Jamaica,JAM,1967,1812865.0,633.259680574944,66.086
Jamaica,JAM,1968,1833765.0,591.045817173244,66.319
Jamaica,JAM,1969,1855127.0,642.133421058915,66.516
Jamaica,JAM,1970,1878196.0,747.909399172491,66.731
Jamaica,JAM,1971,1903728.0,808.866506083755,66.997
Jamaica,JAM,1972,1931542.0,970.802906405502,67.304
Jamaica,JAM,1973,1961219.0,971.802513228502,67.607
Jamaica,JAM,1974,1990906.0,1192.98569350958,67.913
Jamaica,JAM,1975,2018981.0,1416.77546764568,68.168
Jamaica,JAM,1976,2045578.0,1449.977882067,68.412
Jamaica,JAM,1977,2070657.0,1569.42127051131,68.586
Jamaica,JAM,1978,2094836.0,1262.40327239465,68.739
Jamaica,JAM,1979,2119486.0,1144.17562986584,68.813
Jamaica,JAM,1980,2145658.0,1248.74484727418,68.992
Jamaica,JAM,1981,2173818.0,1370.41277901541,69.12
Jamaica,JAM,1982,2203889.0,1494.40208283218,69.253
Jamaica,JAM,1983,2234832.0,1619.4784563122,69.546
Jamaica,JAM,1984,2264562.0,1048.13405395534,69.809
Jamaica,JAM,1985,2290656.0,916.872292838674,70.101
Jamaica,JAM,1986,2312125.0,1191.34976782142,70.446
Jamaica,JAM,1987,2329813.0,1410.84598702428,70.87
Jamaica,JAM,1988,2345777.0,1632.01481656159,71.161
Jamaica,JAM,1989,2361916.0,1864.98497550062,71.512
Jamaica,JAM,1990,2379877.0,1929.59891905857,71.705
Jamaica,JAM,1991,2400869.0,1710.30058243722,71.787
Jamaica,JAM,1992,2424701.0,1458.10146892635,71.816
Jamaica,JAM,1993,2449916.0,2220.51518327186,71.758
Jamaica,JAM,1994,2475220.0,2202.85831038471,71.624
Jamaica,JAM,1995,2500151.0,2630.84935382822,71.488
Jamaica,JAM,1996,2524463.0,2928.89692611996,71.328
Jamaica,JAM,1997,2547848.0,3296.91634805083,71.216
Jamaica,JAM,1998,2569736.0,3419.49352868739,71.17
Jamaica,JAM,1999,2589795.0,3431.56813468335,71.189
Jamaica,JAM,2000,2607826.0,3453.09252800226,71.281
Jamaica,JAM,2001,2624403.0,3503.55026688858,71.287
Jamaica,JAM,2002,2640572.0,3680.64551727724,71.478
Jamaica,JAM,2003,2656623.0,3549.70758394618,71.585
Jamaica,JAM,2004,2672225.0,3807.56293124552,71.542
Jamaica,JAM,2005,2687066.0,4184.43974867497,71.493
Jamaica,JAM,2006,2700968.0,4417.00127135363,71.395
Jamaica,JAM,2007,2713800.0,4716.48612542727,71.405
Jamaica,JAM,2008,2725635.0,5029.80095281745,71.502
Jamaica,JAM,2009,2736995.0,4428.38153333557,71.717
Jamaica,JAM,2010,2748568.0,4809.977380312,71.979
Jamaica,JAM,2011,2760494.0,5232.63644918132,72.245
Jamaica,JAM,2012,2772430.0,5340.83333232158,72.405
Jamaica,JAM,2013,2783687.0,5124.21301411137,72.435
Jamaica,JAM,2014,2793749.0,4975.11325459872,72.357
Jamaica,JAM,2015,2802534.0,5339.30718256806,72.214
Jamaica,JAM,2016,2809915.0,5302.29553353854,72.052
Jamaica,JAM,2017,2815764.0,5605.43541173019,71.879
Jamaica,JAM,2018,2820097.0,5976.90362644337,71.606
Jamaica,JAM,2019,2823271.0,6030.68896415921,71.532
Jamaica,JAM,2020,2830739.0,5299.04530804283,71.452
Jamaica,JAM,2021,2837682.0,5625.67806271236,69.085
Jamaica,JAM,2022,2839144.0,6626.47502388538,71.481
Jamaica,JAM,2023,2839786.0,7542.40084275345,71.479
Japan,JPN,1960,93216000.0,508.702779291773,67.6956097560976
Japan,JPN,1961,94055000.0,608.864581144951,68.3519512195122
Japan,JPN,1962,94933000.0,684.565509797705,68.6348780487805
Japan,JPN,1963,95900000.0,775.592123080162,69.7124390243902
Japan,JPN,1964,96903000.0,902.867721515126,70.2065853658537
Japan,JPN,1965,97952000.0,993.732722209078,70.2668292682927
Japan,JPN,1966,98851000.0,1143.60789652395,70.9158536585366
Japan,JPN,1967,99879000.0,1326.36103912253,71.4660975609756
Japan,JPN,1968,101011000.0,1553.27139379996,71.6109756097561
Japan,JPN,1969,102219000.0,1802.98028061972,71.8580487804878
Japan,JPN,1970,103403000.0,2100.74807036009,71.919756097561
Japan,JPN,1971,105697000.0,2321.39092521418,72.8090243902439
Japan,JPN,1972,107188000.0,3031.43860570759,73.1536585365854
Japan,JPN,1973,108707000.0,4061.0133895326,73.2951219512195
Japan,JPN,1974,110162000.0,4448.31965623627,73.6721951219512
Japan,JPN,1975,111573000.0,4775.89953559305,74.2470731707317
Japan,JPN,1976,112775000.0,5310.43140904992,74.6865853658537
Japan,JPN,1977,113872000.0,6472.7877874079,75.2558536585366
Japan,JPN,1978,114913000.0,9012.13603523182,75.5846341463415
Japan,JPN,1979,115890000.0,9301.14831026293,76.1087804878049
Japan,JPN,1980,116807000.0,9668.74626395709,75.9890243902439
Japan,JPN,1981,117661000.0,10583.1278908402,76.3948780487805
Japan,JPN,1982,118480000.0,9779.97490636267,76.8736585365854
Japan,JPN,1983,119307000.0,10652.0147161768,76.9219512195122
Japan,JPN,1984,120083000.0,11207.4523524293,77.2912195121951
Japan,JPN,1985,120837000.0,11809.4603450715,77.5604878048781
Japan,JPN,1986,121482000.0,17451.8349394142,78.0104878048781
Japan,JPN,1987,122069000.0,21141.7183951789,78.429512195122
Japan,JPN,1988,122578000.0,25499.8811728107,78.349756097561
Japan,JPN,1989,123069000.0,25265.9487590208,78.7685365853659
Japan,JPN,1990,123478000.0,25801.3950393094,78.8370731707317
Japan,JPN,1991,123964000.0,29428.4289039469,79.0368292682927
Japan,JPN,1992,124425000.0,31992.7902119161,79.080243902439
Japan,JPN,1993,124829000.0,36345.2441262708,79.3036585365854
Japan,JPN,1994,125178000.0,39933.5150564874,79.6968292682927
Japan,JPN,1995,125472000.0,44197.6191013908,79.5360975609756
Japan,JPN,1996,125757000.0,39150.0396308089,80.219756097561
Japan,JPN,1997,126057000.0,35638.2319556941,80.4241463414634
Japan,JPN,1998,126400000.0,32423.7556133801,80.5014634146342
Japan,JPN,1999,126631000.0,36610.1683163197,80.4609756097561
Japan,JPN,2000,126843000.0,39169.3595701504,81.0760975609756
Japan,JPN,2001,127149000.0,34406.1824638092,81.4163414634146
Japan,JPN,2002,127445000.0,32820.7936433254,81.6907317073171
Japan,JPN,2003,127718000.0,35387.0374203599,81.76
Japan,JPN,2004,127761000.0,38298.9801712303,82.030243902439
Japan,JPN,2005,127773000.0,37812.8950199948,81.9551219512195
Japan,JPN,2006,127854000.0,35991.546002862,82.3219512195122
Japan,JPN,2007,128001000.0,35779.0245416427,82.5070731707317
Japan,JPN,2008,128063000.0,39876.3039685725,82.5875609756098
Japan,JPN,2009,128047000.0,41308.9968370512,82.9314634146342
Japan,JPN,2010,128070000.0,44968.1562349739,82.8426829268293
Japan,JPN,2011,127833000.0,48760.0789494211,82.5912195121951
Japan,JPN,2012,127629000.0,49145.2804308193,83.0960975609756
Japan,JPN,2013,127445000.0,40898.6478964744,83.3319512195122
Japan,JPN,2014,127276000.0,38475.3952461838,83.5878048780488
Japan,JPN,2015,127141000.0,34960.6393843385,83.7939024390244
Japan,JPN,2016,127076000.0,39375.4731620781,83.9848780487805
Japan,JPN,2017,126972000.0,38834.0529341227,84.099756097561
Japan,JPN,2018,126811000.0,39751.1330982711,84.2109756097561
Japan,JPN,2019,126633000.0,40415.9567649547,84.3563414634146
Japan,JPN,2020,126261000.0,40028.7341726762,84.56
Japan,JPN,2021,125681593.0,40094.5599795288,84.4456097560976
Japan,JPN,2022,125124989.0,34065.6438962526,83.9963414634146
Japan,JPN,2023,124516650.0,33836.1756271617,84.0412195121951
Jordan,JOR,1965,1099440.0,545.513861689675,57.317
Jordan,JOR,1966,1178360.0,558.402981092455,57.762
Jordan,JOR,1967,1271183.0,496.922746235673,58.97
Jordan,JOR,1968,1372460.0,408.842352820548,59.767
Jordan,JOR,1969,1473100.0,474.427887073594,60.504
Jordan,JOR,1970,1565163.0,408.596257509347,59.833
Jordan,JOR,1971,1645145.0,412.218818849468,61.772
Jordan,JOR,1972,1714555.0,459.874244108895,62.477
Jordan,JOR,1973,1778094.0,530.783996638002,63.065
Jordan,JOR,1974,1839182.0,651.095948462669,63.611
Jordan,JOR,1975,1899055.0,717.7640972871,64.148
Jordan,JOR,1976,1958177.0,872.506019353732,64.654
Jordan,JOR,1977,2019002.0,1038.52230070493,65.127
Jordan,JOR,1978,2083595.0,1248.90326044987,65.602
Jordan,JOR,1979,2153882.0,1518.82451343828,66.049
Jordan,JOR,1980,2234186.0,1750.09801076564,66.493
Jordan,JOR,1981,2325517.0,1885.14842198943,66.92
Jordan,JOR,1982,2426927.0,1928.87589643338,67.36
Jordan,JOR,1983,2537307.0,1939.33654498872,67.778
Jordan,JOR,1984,2654688.0,1871.09074979987,68.206
Jordan,JOR,1985,2778810.0,1797.02877146361,68.587
Jordan,JOR,1986,2909887.0,2200.10278230881,68.962
Jordan,JOR,1987,3047634.0,2216.87045179385,69.297
Jordan,JOR,1988,3193039.0,1965.98031813995,69.605
Jordan,JOR,1989,3349627.0,1260.2518650001,69.865
Jordan,JOR,1990,3621908.0,1148.59005469899,70.094
Jordan,JOR,1991,3915149.0,1109.65564611997,70.24
Jordan,JOR,1992,4127693.0,1286.6347360596,70.4
Jordan,JOR,1993,4348020.0,1289.4145431007,70.568
Jordan,JOR,1994,4561406.0,1367.18721776691,70.738
Jordan,JOR,1995,4752096.0,1415.71151592128,70.915
Jordan,JOR,1996,4912516.0,1410.17424189419,71.105
Jordan,JOR,1997,5046285.0,1435.87593846863,71.324
Jordan,JOR,1998,5164284.0,1532.11380395602,71.521
Jordan,JOR,1999,5276444.0,1544.58750592979,71.737
Jordan,JOR,2000,5386945.0,1570.61002940477,71.926
Jordan,JOR,2001,5498894.0,1632.29454010563,72.141
Jordan,JOR,2002,5616066.0,1706.26744384401,72.359
Jordan,JOR,2003,5741828.0,1775.67625581432,72.585
Jordan,JOR,2004,5882061.0,1940.08641342805,72.788
Jordan,JOR,2005,6029587.0,2087.87079273635,72.977
Jordan,JOR,2006,6427371.0,2342.63459574933,73.225
Jordan,JOR,2007,6827227.0,2506.20599484139,73.407
Jordan,JOR,2008,6989866.0,3241.6524135556,73.563
Jordan,JOR,2009,7141753.0,3435.8337590698,73.707
Jordan,JOR,2010,7297043.0,3718.46571622945,73.797
Jordan,JOR,2011,7480424.0,3946.85503855525,73.929
Jordan,JOR,2012,7587127.0,4169.50470054618,74.087
Jordan,JOR,2013,7991809.0,4311.21916713038,74.282
Jordan,JOR,2014,8791710.0,4191.18050084986,74.606
Jordan,JOR,2015,9544729.0,4042.75678097555,75.06
Jordan,JOR,2016,10006367.0,3986.71677010853,75.55
Jordan,JOR,2017,10234226.0,4065.61628749384,76.071
Jordan,JOR,2018,10462306.0,4145.43989673265,76.491
Jordan,JOR,2019,10671891.0,4170.1144003465,76.865
Jordan,JOR,2020,10865228.0,4022.0401356135,75.583
Jordan,JOR,2021,11066356.0,4183.49998326866,74.204
Jordan,JOR,2022,11256263.0,4332.25159897931,77.088
Jordan,JOR,2023,11439213.0,4466.08314208575,77.814
Kazakhstan,KAZ,1990,17154054.0,1570.00883112591,65.701
Kazakhstan,KAZ,1991,17278600.0,1442.42455540825,65.379
Kazakhstan,KAZ,1992,17332625.0,1437.59848100913,64.978
Kazakhstan,KAZ,1993,17274487.0,1355.13493859139,64.538
Kazakhstan,KAZ,1994,17043771.0,1246.83633018218,64.108
Kazakhstan,KAZ,1995,16730536.0,1217.79138769863,63.717
Kazakhstan,KAZ,1996,16416027.0,1281.39152895397,63.455
Kazakhstan,KAZ,1997,16043251.0,1381.63593295187,63.318
Kazakhstan,KAZ,1998,15647785.0,1414.59289652597,63.349
Kazakhstan,KAZ,1999,15455874.0,1091.54727722159,63.528
Kazakhstan,KAZ,2000,15501103.0,1180.0444563226,63.793
Kazakhstan,KAZ,2001,15575550.0,1422.27331810957,64.108
Kazakhstan,KAZ,2002,15656677.0,1573.55219932325,64.441
Kazakhstan,KAZ,2003,15747380.0,1958.02050246511,64.753
Kazakhstan,KAZ,2004,15850159.0,2722.47407755402,65.04
Kazakhstan,KAZ,2005,15968117.0,3577.35804001782,65.356
Kazakhstan,KAZ,2006,16103716.0,5030.13494711519,65.722
Kazakhstan,KAZ,2007,16257214.0,6449.43931096532,66.18
Kazakhstan,KAZ,2008,16426525.0,8123.54705891736,66.759
Kazakhstan,KAZ,2009,16619846.0,6938.01175663001,67.46
Kazakhstan,KAZ,2010,16836810.0,8793.07589980782,68.257
Kazakhstan,KAZ,2011,17066002.0,11287.1464926039,69.108
Kazakhstan,KAZ,2012,17306106.0,12018.7966527993,69.939
Kazakhstan,KAZ,2013,17556502.0,13478.459627612,70.719
Kazakhstan,KAZ,2014,17816285.0,12427.7094576939,71.415
Kazakhstan,KAZ,2015,18084169.0,10196.1226255982,72.024
Kazakhstan,KAZ,2016,18363600.0,7475.56688689424,72.549
Kazakhstan,KAZ,2017,18651931.0,8943.08416791984,72.996
Kazakhstan,KAZ,2018,18932727.0,9472.48527327758,73.369
Kazakhstan,KAZ,2019,19209555.0,9457.12614657136,73.658
Kazakhstan,KAZ,2020,19482117.0,8781.50797787648,71.195
Kazakhstan,KAZ,2021,19743603.0,9983.60103576902,70.131
Kazakhstan,KAZ,2022,20034609.0,11255.3396437881,73.503
Kazakhstan,KAZ,2023,20330104.0,12879.4275257974,74.402
Kenya,KEN,1960,7695307.0,102.824417465582,48.477
Kenya,KEN,1961,7987770.0,99.2716957068382,49.33
Kenya,KEN,1962,8299308.0,104.600455936259,50.104
Kenya,KEN,1963,8627971.0,107.393655978243,50.758
Kenya,KEN,1964,8973535.0,111.300544823892,51.323
Kenya,KEN,1965,9338078.0,106.865601340262,51.886
Kenya,KEN,1966,9717816.0,119.833476389359,52.383
Kenya,KEN,1967,10111057.0,121.90214207834,52.796
Kenya,KEN,1968,10518823.0,128.654646882243,53.302
Kenya,KEN,1969,10939695.0,133.310793093247,53.734
Kenya,KEN,1970,11368791.0,141.039390962597,54.143
Kenya,KEN,1971,11788904.0,150.852979093178,54.543
Kenya,KEN,1972,12206060.0,172.642044778441,55.013
Kenya,KEN,1973,12634835.0,198.578083872556,55.5
Kenya,KEN,1974,13070078.0,227.233442066411,56.039
Kenya,KEN,1975,13511671.0,241.224426147057,56.62
Kenya,KEN,1976,13957623.0,248.935108198575,57.153
Kenya,KEN,1977,14428819.0,311.48625291648,57.684
Kenya,KEN,1978,14934126.0,355.141982232607,58.234
Kenya,KEN,1979,15460666.0,403.242079834358,58.691
Kenya,KEN,1980,16018459.0,453.558973444809,59.175
Kenya,KEN,1981,16601507.0,412.883704225392,59.562
Kenya,KEN,1982,17206175.0,373.794835688888,59.904
Kenya,KEN,1983,17846374.0,335.037151735189,60.342
Kenya,KEN,1984,18514906.0,334.40283575753,60.611
Kenya,KEN,1985,19201768.0,319.503611010714,60.856
Kenya,KEN,1986,19901646.0,363.745117772717,60.818
Kenya,KEN,1987,20616096.0,386.630929992512,60.721
Kenya,KEN,1988,21356219.0,391.238771204282,60.32
Kenya,KEN,1989,22118434.0,374.489193682103,59.99
Kenya,KEN,1990,22892651.0,374.458992895562,58.334
Kenya,KEN,1991,23646514.0,344.722642127742,57.826
Kenya,KEN,1992,24382460.0,336.68139978696,57.095
Kenya,KEN,1993,25117188.0,228.998032843434,56.668
Kenya,KEN,1994,25857130.0,276.447871981244,56.101
Kenya,KEN,1995,26601751.0,340.064842175429,55.856
Kenya,KEN,1996,27344211.0,440.527078880876,55.575
Kenya,KEN,1997,28101768.0,466.723814611399,55.478
Kenya,KEN,1998,28888057.0,487.883239905452,55.568
Kenya,KEN,1999,29733408.0,433.721235701305,55.866
Kenya,KEN,2000,30642890.0,414.626365130846,56.084
Kenya,KEN,2001,31619170.0,410.700452474814,56.501
Kenya,KEN,2002,32629808.0,402.936385605382,56.759
Kenya,KEN,2003,33652223.0,442.898457253405,57.369
Kenya,KEN,2004,34713455.0,463.662781300121,57.947
Kenya,KEN,2005,35796484.0,523.456312433863,58.51
Kenya,KEN,2006,36904008.0,699.80237063381,59.059
Kenya,KEN,2007,38036349.0,840.201439476765,59.407
Kenya,KEN,2008,39206351.0,915.54435473604,59.955
Kenya,KEN,2009,40408891.0,1047.9678324485,60.483
Kenya,KEN,2010,41598567.0,1091.51873101194,60.915
Kenya,KEN,2011,42758461.0,1096.14499807675,61.283
Kenya,KEN,2012,43888303.0,1285.00536171512,61.537
Kenya,KEN,2013,44986791.0,1370.87885214659,61.729
Kenya,KEN,2014,46051440.0,1482.81566253497,61.99
Kenya,KEN,2015,47088526.0,1489.11959777284,62.279
Kenya,KEN,2016,48139687.0,1554.12610314423,62.526
Kenya,KEN,2017,49197766.0,1667.48447230835,62.725
Kenya,KEN,2018,50207107.0,1836.45275528993,62.825
Kenya,KEN,2019,51202827.0,1960.40808854893,62.939
Kenya,KEN,2020,52217334.0,1927.66459027849,61.596
Kenya,KEN,2021,53219166.0,2061.35622089594,61.225
Kenya,KEN,2022,54252461.0,2109.56288513137,63.549
Kenya,KEN,2023,55339003.0,1942.58802756191,63.646
Kiribati,KIR,1970,57510.0,201.023774667798,54.38
Kiribati,KIR,1971,58652.0,210.668594146279,54.934
Kiribati,KIR,1972,59778.0,256.187000109277,55.313
Kiribati,KIR,1973,60824.0,421.626997094822,55.79
Kiribati,KIR,1974,61219.0,1131.29075149996,56.102
Kiribati,KIR,1975,60987.0,730.441792552945,56.358
Kiribati,KIR,1976,60661.0,548.075641711172,56.562
Kiribati,KIR,1977,60267.0,519.943894734849,56.057
Kiribati,KIR,1978,59864.0,610.783852582543,56.924
Kiribati,KIR,1979,60172.0,572.794606018137,57.106
Kiribati,KIR,1980,61148.0,542.253599617514,57.303
Kiribati,KIR,1981,62121.0,567.722497103141,57.525
Kiribati,KIR,1982,63134.0,518.62249584629,57.773
Kiribati,KIR,1983,64169.0,483.107821082637,58.05
Kiribati,KIR,1984,65228.0,527.291455228898,58.357
Kiribati,KIR,1985,66496.0,392.905065394709,58.719
Kiribati,KIR,1986,68059.0,381.918758641144,59.118
Kiribati,KIR,1987,69733.0,423.822473332128,59.576
Kiribati,KIR,1988,71427.0,535.915134580045,60.055
Kiribati,KIR,1989,73147.0,514.652948165033,60.539
Kiribati,KIR,1990,74855.0,488.067527876014,61.018
Kiribati,KIR,1991,76367.0,540.125861123481,61.502
Kiribati,KIR,1992,77641.0,791.99610105394,61.968
Kiribati,KIR,1993,78841.0,747.75302075115,62.406
Kiribati,KIR,1994,80021.0,837.971706204,62.797
Kiribati,KIR,1995,81234.0,844.429605862723,63.146
Kiribati,KIR,1996,82623.0,985.885941426854,63.47
Kiribati,KIR,1997,84147.0,953.162998384941,63.797
Kiribati,KIR,1998,85657.0,874.484349123221,64.1
Kiribati,KIR,1999,87126.0,887.496019475758,64.393
Kiribati,KIR,2000,88613.0,845.367240231973,64.674
Kiribati,KIR,2001,90335.0,718.833787096781,64.918
Kiribati,KIR,2002,92264.0,810.10870037444,65.123
Kiribati,KIR,2003,94175.0,1020.50033851394,65.287
Kiribati,KIR,2004,96085.0,1083.2688987175,65.416
Kiribati,KIR,2005,98035.0,1161.78341739977,65.517
Kiribati,KIR,2006,100017.0,1123.19258990684,65.601
Kiribati,KIR,2007,102068.0,1352.57814048911,65.677
Kiribati,KIR,2008,104222.0,1410.62246914058,65.746
Kiribati,KIR,2009,106467.0,1316.62753853678,65.808
Kiribati,KIR,2010,108704.0,1522.10068744154,65.859
Kiribati,KIR,2011,110647.0,1771.12926848792,65.896
Kiribati,KIR,2012,112284.0,1843.55336349889,65.908
Kiribati,KIR,2013,113838.0,1772.08718317132,65.898
Kiribati,KIR,2014,115326.0,1736.70535682101,65.869
Kiribati,KIR,2015,116815.0,1639.85274740652,65.831
Kiribati,KIR,2016,118478.0,1742.66799324117,65.799
Kiribati,KIR,2017,120275.0,1853.05122713319,65.787
Kiribati,KIR,2018,122084.0,1912.73809378187,65.807
Kiribati,KIR,2019,123921.0,1750.9977188915,65.866
Kiribati,KIR,2020,126099.0,1751.78249168214,65.205
Kiribati,KIR,2021,128377.0,2222.04819501897,64.148
Kiribati,KIR,2022,130469.0,2069.7671726925,66.269
Kiribati,KIR,2023,132530.0,2177.70125812262,66.473
"Korea, Rep.",KOR,1960,25012374.0,158.844150776359,53.7975609756098
"Korea, Rep.",KOR,1961,25765673.0,94.2045938667769,54.4768536585366
"Korea, Rep.",KOR,1962,26513030.0,106.623915747203,55.0549512195122
"Korea, Rep.",KOR,1963,27261747.0,147.00790480127,55.0254634146342
"Korea, Rep.",KOR,1964,27984155.0,124.24136735879,55.392243902439
"Korea, Rep.",KOR,1965,28704674.0,109.429276511316,55.8645853658537
"Korea, Rep.",KOR,1966,29435571.0,134.431383763277,55.5229756097561
"Korea, Rep.",KOR,1967,30130983.0,162.459907730169,60.9287317073171
"Korea, Rep.",KOR,1968,30838302.0,199.982134957643,60.9432682926829
"Korea, Rep.",KOR,1969,31544266.0,245.494385222026,61.4829024390244
"Korea, Rep.",KOR,1970,32240827.0,281.785631415674,62.1634146341463
"Korea, Rep.",KOR,1971,32882704.0,304.271118680953,62.6121951219512
"Korea, Rep.",KOR,1972,33505406.0,328.021411521648,63.009756097561
"Korea, Rep.",KOR,1973,34103149.0,412.499262547237,63.4073170731707
"Korea, Rep.",KOR,1974,34692266.0,572.488691764846,63.8048780487805
"Korea, Rep.",KOR,1975,35280725.0,627.142244323246,64.1536585365854
"Korea, Rep.",KOR,1976,35848523.0,847.205737881176,64.5024390243902
"Korea, Rep.",KOR,1977,36411795.0,1072.85188247153,64.9
"Korea, Rep.",KOR,1978,36969185.0,1428.88714989064,65.1975609756098
"Korea, Rep.",KOR,1979,37534236.0,1813.9142168105,65.5463414634146
"Korea, Rep.",KOR,1980,38123775.0,1745.57662116658,66.0463414634146
"Korea, Rep.",KOR,1981,38723248.0,1918.41779613494,66.5463414634146
"Korea, Rep.",KOR,1982,39326352.0,2032.25817758667,67.0951219512195
"Korea, Rep.",KOR,1983,39910403.0,2245.56009425258,67.5463414634146
"Korea, Rep.",KOR,1984,40405956.0,2468.68667303898,68.1951219512195
"Korea, Rep.",KOR,1985,40805744.0,2542.88419005153,68.7951219512195
"Korea, Rep.",KOR,1986,41213674.0,2910.82908054352,69.4463414634146
"Korea, Rep.",KOR,1987,41621690.0,3657.71773432329,69.9975609756098
"Korea, Rep.",KOR,1988,42031247.0,4888.68509195605,70.5487804878049
"Korea, Rep.",KOR,1989,42449038.0,5989.2109474999,71.0487804878049
"Korea, Rep.",KOR,1990,42869283.0,6812.9019416767,71.5975609756098
"Korea, Rep.",KOR,1991,43295704.0,7872.65052449111,72.0463414634146
"Korea, Rep.",KOR,1992,43747962.0,8387.16308258471,72.4975609756098
"Korea, Rep.",KOR,1993,44194628.0,9179.96872485152,72.9975609756098
"Korea, Rep.",KOR,1994,44641540.0,10733.9888860657,73.3975609756098
"Korea, Rep.",KOR,1995,45092991.0,13001.7205867019,73.7
"Korea, Rep.",KOR,1996,45524681.0,13864.9376534518,74.1512195121951
"Korea, Rep.",KOR,1997,45953580.0,12821.6893313675,74.6024390243903
"Korea, Rep.",KOR,1998,46286503.0,8583.43557499234,75.0048780487805
"Korea, Rep.",KOR,1999,46616677.0,11062.5019301357,75.409756097561
"Korea, Rep.",KOR,2000,47008111.0,12710.2995795579,75.909756097561
"Korea, Rep.",KOR,2001,47370164.0,11981.4828218758,76.4121951219512
"Korea, Rep.",KOR,2002,47644736.0,13642.9424537101,76.7658536585366
"Korea, Rep.",KOR,2003,47892330.0,15211.5483770422,77.2146341463415
"Korea, Rep.",KOR,2004,48082519.0,17121.6301633201,77.6658536585366
"Korea, Rep.",KOR,2005,48184561.0,20167.0474902506,78.1682926829268
"Korea, Rep.",KOR,2006,48438292.0,22609.7059431449,78.6682926829268
"Korea, Rep.",KOR,2007,48683638.0,25078.4853957105,79.119512195122
"Korea, Rep.",KOR,2008,49054708.0,22252.3125108061,79.5170731707317
"Korea, Rep.",KOR,2009,49307835.0,19937.3029137734,79.9682926829268
"Korea, Rep.",KOR,2010,49554112.0,24071.2620526362,80.1170731707317
"Korea, Rep.",KOR,2011,49936638.0,26175.2398553363,80.5682926829269
"Korea, Rep.",KOR,2012,50199853.0,26600.5477433903,80.819512195122
"Korea, Rep.",KOR,2013,50428893.0,28449.3591104972,81.2707317073171
"Korea, Rep.",KOR,2014,50746659.0,30667.0912467447,81.7219512195122
"Korea, Rep.",KOR,2015,51014947.0,30171.7906545222,82.0243902439024
"Korea, Rep.",KOR,2016,51217803.0,30832.0628072516,82.2756097560976
"Korea, Rep.",KOR,2017,51361911.0,33296.9845439195,82.6268292682927
"Korea, Rep.",KOR,2018,51585058.0,35363.9508228687,82.6268292682927
"Korea, Rep.",KOR,2019,51764822.0,33826.9443301597,83.2268292682927
"Korea, Rep.",KOR,2020,51836239.0,33645.7719545073,83.4268292682927
"Korea, Rep.",KOR,2021,51769539.0,37518.4635305697,83.5268292682927
"Korea, Rep.",KOR,2022,51672569.0,34822.4048404971,82.6804878048781
"Korea, Rep.",KOR,2023,51712619.0,35674.095995632,83.4292682926829
Kosovo,XKX,2008,1800858.0,2877.39331402724,74.711
Kosovo,XKX,2009,1794681.0,2794.86699473069,74.79
Kosovo,XKX,2010,1788743.0,2987.54519574464,74.609
Kosovo,XKX,2011,1791949.0,3538.94759838576,75.323
Kosovo,XKX,2012,1807126.0,3410.65550749316,75.75
Kosovo,XKX,2013,1818119.0,3704.55872781672,76.336
Kosovo,XKX,2014,1812788.0,3902.49424360946,76.179
Kosovo,XKX,2015,1788274.0,3520.62850699375,76.024
Kosovo,XKX,2016,1777568.0,3759.44959067104,76.748
Kosovo,XKX,2017,1791019.0,4009.32022050863,77.105
Kosovo,XKX,2018,1797086.0,4384.18796444738,77.117
Kosovo,XKX,2019,1788891.0,4415.99923011071,77.249
Kosovo,XKX,2020,1790151.0,4310.88963754863,74.212
Kosovo,XKX,2021,1786079.0,5270.43236861018,74.981
Kosovo,XKX,2022,1768096.0,5290.95006509706,77.623
Kosovo,XKX,2023,1682668.0,6221.20618847799,78.033
Kuwait,KWT,1962,384995.0,4748.39284354226,61.259512195122
Kuwait,KWT,1963,427694.0,4444.5230858112,62.2694146341463
Kuwait,KWT,1964,473115.0,4378.78429775998,63.2567073170732
Kuwait,KWT,1965,521174.0,4023.99037772478,64.217487804878
Kuwait,KWT,1966,572590.0,4176.11038180964,65.1482682926829
Kuwait,KWT,1967,628089.0,3887.34562038245,66.031
Kuwait,KWT,1968,687716.0,3871.94559219275,66.8460487804878
Kuwait,KWT,1969,749452.0,3694.96497750415,67.5747804878049
Kuwait,KWT,1970,809114.0,3551.58710706336,68.2020487804878
Kuwait,KWT,1971,865076.0,4485.60842678202,68.7147317073171
Kuwait,KWT,1972,920352.0,4835.69104574325,69.1198048780488
Kuwait,KWT,1973,977654.0,5532.43234039128,69.4439756097561
Kuwait,KWT,1974,1038346.0,12526.6031710726,69.7139512195122
Kuwait,KWT,1975,1104863.0,10881.7216440289,69.9550243902439
Kuwait,KWT,1976,1178711.0,11141.1981409668,70.2014390243903
Kuwait,KWT,1977,1258023.0,11237.7967179507,70.4684146341463
Kuwait,KWT,1978,1340319.0,11567.0653748784,70.7654146341463
Kuwait,KWT,1979,1423514.0,17385.8942886966,71.0943170731707
Kuwait,KWT,1980,1504782.0,19031.9051902,71.4554878048781
Kuwait,KWT,1981,1583426.0,15825.191918191,71.8493170731707
Kuwait,KWT,1982,1662480.0,12978.8949980867,72.2716829268293
Kuwait,KWT,1983,1744295.0,11965.3390511088,72.7137073170732
Kuwait,KWT,1984,1820688.0,11918.6168925905,73.1655609756098
Kuwait,KWT,1985,1894242.0,11321.663553949,73.6203902439024
Kuwait,KWT,1986,1972520.0,9076.70885221848,74.0703414634146
Kuwait,KWT,1987,2052994.0,10895.6500280404,74.5105365853659
Kuwait,KWT,1988,2134707.0,9692.34754600725,74.9282682926829
Kuwait,KWT,1989,2217468.0,10964.6929080372,75.3036341463415
Kuwait,KWT,1990,1684819.0,10937.5415268808,73.4171463414634
Kuwait,KWT,1991,1351399.0,8147.10807329839,73.907243902439
Kuwait,KWT,1992,1634961.0,12146.19505586,76.0023902439025
Kuwait,KWT,1993,1672151.0,14317.7209419057,76.0514878048781
Kuwait,KWT,1994,1664361.0,14929.7441110335,76.0328292682927
Kuwait,KWT,1995,1681513.0,16168.165602374,75.979756097561
Kuwait,KWT,1996,1730246.0,18201.0958607918,75.9250487804878
Kuwait,KWT,1997,1787683.0,16977.3895620399,75.9071463414634
Kuwait,KWT,1998,1844302.0,14066.9509572183,75.9642926829269
Kuwait,KWT,1999,1900030.0,15853.6264423466,76.0779512195122
Kuwait,KWT,2000,1954709.0,19296.3471698729,76.2258780487805
Kuwait,KWT,2001,2008121.0,17374.2318664227,76.3843414634146
Kuwait,KWT,2002,2059974.0,18512.7523035862,76.5316341463415
Kuwait,KWT,2003,2109881.0,22690.655175144,76.6445609756098
Kuwait,KWT,2004,2157320.0,27552.2827399787,76.7276829268293
Kuwait,KWT,2005,2236788.0,36122.6142741227,76.8007804878049
Kuwait,KWT,2006,2364733.0,42946.6374104066,76.8876829268293
Kuwait,KWT,2007,2507887.0,45709.4132876371,77.0101707317073
Kuwait,KWT,2008,2651421.0,55585.1889344442,77.1890487804878
Kuwait,KWT,2009,2795484.0,37907.1001320042,77.4333658536585
Kuwait,KWT,2010,2943372.0,39212.252220155,77.7262195121951
Kuwait,KWT,2011,3132814.0,49169.6063813095,78.052243902439
Kuwait,KWT,2012,3337109.0,52155.2225833921,78.3950243902439
Kuwait,KWT,2013,3507844.0,49651.0439275077,78.7418048780488
Kuwait,KWT,2014,3665876.0,44368.7813457751,79.0803414634146
Kuwait,KWT,2015,3834574.0,29882.2126495698,79.3765609756098
Kuwait,KWT,2016,4004096.0,27323.6890735517,79.6775853658537
Kuwait,KWT,2017,4154812.0,29047.6536135703,79.9160731707317
Kuwait,KWT,2018,4323515.0,32067.9623756889,80.1063658536585
Kuwait,KWT,2019,4442316.0,31707.8737443551,81.969756097561
Kuwait,KWT,2020,4400267.0,25236.0755848941,78.7609756097561
Kuwait,KWT,2021,4360865.0,34018.6342592913,78.7365853658537
Kuwait,KWT,2022,4589643.0,39981.7691035833,80.5878048780488
Kuwait,KWT,2023,4853420.0,34075.849012909,83.1878048780488
Kyrgyz Republic,KGZ,1990,4391236.0,605.798144966488,68.2975609756098
Kyrgyz Republic,KGZ,1991,4463634.0,569.548584035047,68.5512195121951
Kyrgyz Republic,KGZ,1992,4515400.0,512.766741120388,68.1024390243903
Kyrgyz Republic,KGZ,1993,4516777.0,448.554190878232,67.1926829268293
Kyrgyz Republic,KGZ,1994,4515069.0,372.481759948941,66.0390243902439
Kyrgyz Republic,KGZ,1995,4560454.0,364.250365258345,65.790243902439
Kyrgyz Republic,KGZ,1996,4628438.0,394.856879614212,66.5439024390244
Kyrgyz Republic,KGZ,1997,4696421.0,376.427930059811,66.8926829268293
Kyrgyz Republic,KGZ,1998,4769015.0,345.137046084246,67.0512195121951
Kyrgyz Republic,KGZ,1999,4840422.0,258.048055936976,68.6560975609756
Kyrgyz Republic,KGZ,2000,4898362.0,279.621738464365,68.5585365853659
Kyrgyz Republic,KGZ,2001,4945073.0,308.41129550148,68.7073170731707
Kyrgyz Republic,KGZ,2002,4990704.0,321.726775366804,68.1560975609756
Kyrgyz Republic,KGZ,2003,5043308.0,380.505828812441,68.2560975609756
Kyrgyz Republic,KGZ,2004,5104713.0,433.233873286,68.1536585365854
Kyrgyz Republic,KGZ,2005,5162640.0,476.548193640077,67.9560975609756
Kyrgyz Republic,KGZ,2006,5218373.0,543.113512472219,67.6951219512195
Kyrgyz Republic,KGZ,2007,5268385.0,721.771577544361,67.8951219512195
Kyrgyz Republic,KGZ,2008,5318729.0,966.388569370494,68.4512195121951
Kyrgyz Republic,KGZ,2009,5389643.0,870.198894546917,69.1024390243903
Kyrgyz Republic,KGZ,2010,5467059.0,876.954476440354,69.3
Kyrgyz Republic,KGZ,2011,5546587.0,1117.40174350185,69.6024390243903
Kyrgyz Republic,KGZ,2012,5652076.0,1168.62244675446,70.0024390243902
Kyrgyz Republic,KGZ,2013,5777150.0,1269.66303464348,70.2024390243902
Kyrgyz Republic,KGZ,2014,5905848.0,1264.52668823891,70.4024390243902
Kyrgyz Republic,KGZ,2015,6040036.0,1105.65193844261,70.6512195121951
Kyrgyz Republic,KGZ,2016,6175338.0,1103.27489428412,70.9512195121951
Kyrgyz Republic,KGZ,2017,6306696.0,1221.39046807082,71.2
Kyrgyz Republic,KGZ,2018,6444079.0,1283.5203037417,71.4
Kyrgyz Republic,KGZ,2019,6590211.0,1421.99927504102,71.6
Kyrgyz Republic,KGZ,2020,6726596.0,1229.51766602907,71.8
Kyrgyz Republic,KGZ,2021,6851224.0,1349.99730650542,71.9
Kyrgyz Republic,KGZ,2022,6975220.0,1739.72018344174,72.0487804878049
Kyrgyz Republic,KGZ,2023,7099750.0,2138.22210211478,72.2487804878049
Lao PDR,LAO,1984,3637843.0,483.017781668524,51.014
Lao PDR,LAO,1985,3739985.0,632.801098281291,51.579
Lao PDR,LAO,1986,3846715.0,461.911552367003,52.144
Lao PDR,LAO,1987,3957612.0,274.729585339944,52.597
Lao PDR,LAO,1988,4072601.0,147.070942942331,53.077
Lao PDR,LAO,1989,4190974.0,170.377296803511,53.589
Lao PDR,LAO,1990,4311955.0,200.7349054896,54.035
Lao PDR,LAO,1991,4435118.0,231.806227548139,54.7
Lao PDR,LAO,1992,4559646.0,247.345286150532,55.098
Lao PDR,LAO,1993,4685060.0,283.400573286349,55.583
Lao PDR,LAO,1994,4809220.0,320.968128951646,55.81
Lao PDR,LAO,1995,4929409.0,357.758162193406,56.344
Lao PDR,LAO,1996,5045678.0,371.341879197673,56.821
Lao PDR,LAO,1997,5152011.0,339.09319241187,57.302
Lao PDR,LAO,1998,5248266.0,243.923962451418,57.549
Lao PDR,LAO,1999,5340784.0,272.325307005412,57.866
Lao PDR,LAO,2000,5431212.0,318.749852236965,58.317
Lao PDR,LAO,2001,5521482.0,320.316005439568,58.887
Lao PDR,LAO,2002,5610889.0,313.350817148131,59.302
Lao PDR,LAO,2003,5697945.0,355.097216151461,59.643
Lao PDR,LAO,2004,5781626.0,409.296298284117,60.08
Lao PDR,LAO,2005,5869523.0,466.061506997741,60.688
Lao PDR,LAO,2006,5963200.0,579.391947440719,61.074
Lao PDR,LAO,2007,6056236.0,697.323013673925,61.694
Lao PDR,LAO,2008,6148969.0,885.747376088762,62.248
Lao PDR,LAO,2009,6241642.0,935.03237283283,63.023
Lao PDR,LAO,2010,6334194.0,1125.91610151261,63.69
Lao PDR,LAO,2011,6426590.0,1361.54704394913,64.505
Lao PDR,LAO,2012,6518978.0,1563.5650771337,65.126
Lao PDR,LAO,2013,6611385.0,1812.51774424651,65.723
Lao PDR,LAO,2014,6703172.0,1981.03910900473,66.35
Lao PDR,LAO,2015,6801645.0,2121.01339097363,66.688
Lao PDR,LAO,2016,6908802.0,2303.22156035363,67.014
Lao PDR,LAO,2017,7018147.0,2432.43059478511,67.345
Lao PDR,LAO,2018,7128045.0,2545.1075420815,67.594
Lao PDR,LAO,2019,7237636.0,2589.32081035237,67.911
Lao PDR,LAO,2020,7346533.0,2583.77730696131,68.339
Lao PDR,LAO,2021,7453194.0,2526.05105018529,67.807
Lao PDR,LAO,2022,7559007.0,2046.40440255621,68.715
Lao PDR,LAO,2023,7664993.0,2066.94979776957,68.964
Late-demographic dividend,LTE,1960,1094883717.0,167.925181243184,43.9051834271111
Late-demographic dividend,LTE,1961,1096959453.0,155.776986549366,48.2920866120114
Late-demographic dividend,LTE,1962,1111293141.0,156.659536095225,54.8569257788532
Late-demographic dividend,LTE,1963,1137056579.0,167.038005432624,55.4337152314113
Late-demographic dividend,LTE,1964,1162405292.0,179.194433111729,55.9962946718507
Late-demographic dividend,LTE,1965,1188451832.0,196.429408763943,56.4452167373343
Late-demographic dividend,LTE,1966,1217220438.0,213.596689209702,56.9361339951293
Late-demographic dividend,LTE,1967,1245130293.0,209.825430237265,57.3944375234018
Late-demographic dividend,LTE,1968,1273820149.0,208.658275641687,57.8163470238336
Late-demographic dividend,LTE,1969,1304068257.0,227.1994388028,58.3601343700733
Late-demographic dividend,LTE,1970,1334963829.0,252.369986913064,58.9764745981573
Late-demographic dividend,LTE,1971,1366487769.0,274.261113276366,59.6519703087207
Late-demographic dividend,LTE,1972,1396407513.0,308.894090320261,60.1551384261586
Late-demographic dividend,LTE,1973,1425381475.0,393.117658005952,60.9209729454539
Late-demographic dividend,LTE,1974,1452919554.0,463.357769838142,61.4483797172094
Late-demographic dividend,LTE,1975,1478265786.0,502.776267368386,62.1317767430618
Late-demographic dividend,LTE,1976,1502269051.0,533.512441527364,62.4015202687061
Late-demographic dividend,LTE,1977,1524947137.0,609.815110864477,63.3011148646941
Late-demographic dividend,LTE,1978,1547677040.0,625.390561313951,63.7973400355416
Late-demographic dividend,LTE,1979,1570272872.0,733.857770128637,64.252061038386
Late-demographic dividend,LTE,1980,1592439385.0,829.860357403746,64.6717897557729
Late-demographic dividend,LTE,1981,1615106897.0,857.608660145294,65.1610827917008
Late-demographic dividend,LTE,1982,1639793804.0,852.07370366193,65.5967191154177
Late-demographic dividend,LTE,1983,1664394629.0,777.160987891389,66.0115442708653
Late-demographic dividend,LTE,1984,1688121991.0,799.739837465727,66.3376482315143
Late-demographic dividend,LTE,1985,1712585483.0,852.160266539025,66.6808124527958
Late-demographic dividend,LTE,1986,1738504785.0,892.148642181842,67.1854541841269
Late-demographic dividend,LTE,1987,1765799733.0,927.490790277,67.5082974156621
Late-demographic dividend,LTE,1988,1793220326.0,996.541768611658,67.7870917164106
Late-demographic dividend,LTE,1989,1819952808.0,1046.86239800875,68.0507222203059
Late-demographic dividend,LTE,1990,1844718134.0,1068.50986715113,68.2431140554747
Late-demographic dividend,LTE,1991,1868272190.0,1061.06334638846,68.5532049716302
Late-demographic dividend,LTE,1992,1890820460.0,1069.29435756892,68.770129876965
Late-demographic dividend,LTE,1993,1912010271.0,1100.88927270165,68.9612707737103
Late-demographic dividend,LTE,1994,1932650915.0,1264.89434282607,69.2040561673047
Late-demographic dividend,LTE,1995,1952702058.0,1551.58337876202,69.5210327599019
Late-demographic dividend,LTE,1996,1972254664.0,1694.23721681537,69.9942023811355
Late-demographic dividend,LTE,1997,1991505992.0,1757.24066189517,70.4035763536864
Late-demographic dividend,LTE,1998,2010169496.0,1678.89693447915,70.769457575003
Late-demographic dividend,LTE,1999,2027628907.0,1539.83588141158,70.9988624371719
Late-demographic dividend,LTE,2000,2043581322.0,1677.20655312269,71.2853076947069
Late-demographic dividend,LTE,2001,2058600486.0,1722.30765767874,71.6274933298313
Late-demographic dividend,LTE,2002,2072599555.0,1814.54824372473,71.9275718160017
Late-demographic dividend,LTE,2003,2086139068.0,2054.82227278492,72.3420403334068
Late-demographic dividend,LTE,2004,2099412663.0,2453.98769875258,72.622308504374
Late-demographic dividend,LTE,2005,2112603351.0,2939.98271894785,73.007214154553
Late-demographic dividend,LTE,2006,2126122277.0,3525.67817486105,73.3817363374868
Late-demographic dividend,LTE,2007,2139958608.0,4413.77838972074,73.7749281005029
Late-demographic dividend,LTE,2008,2153941306.0,5455.12758700264,73.9252633570755
Late-demographic dividend,LTE,2009,2167303374.0,5245.33524774178,74.3481601286124
Late-demographic dividend,LTE,2010,2179525352.0,6276.4619904196,74.7108209347901
Late-demographic dividend,LTE,2011,2193171336.0,7598.75722812692,74.9999962879426
Late-demographic dividend,LTE,2012,2209319631.0,8073.2094428812,75.2993648872023
Late-demographic dividend,LTE,2013,2225005187.0,8644.25761540222,75.5790485316218
Late-demographic dividend,LTE,2014,2241122152.0,8923.25728818124,75.8239893452747
Late-demographic dividend,LTE,2015,2256126712.0,8331.63270803563,76.0762328807768
Late-demographic dividend,LTE,2016,2270841806.0,8297.33610796797,76.2928997245812
Late-demographic dividend,LTE,2017,2285870134.0,9138.44134545505,76.4174343501022
Late-demographic dividend,LTE,2018,2298394042.0,9966.81160876464,76.7781489421434
Late-demographic dividend,LTE,2019,2308878047.0,10120.3125161359,76.9979606258316
Late-demographic dividend,LTE,2020,2316152451.0,9873.93519864422,76.6935638074913
Late-demographic dividend,LTE,2021,2320127638.0,11759.7974990154,76.3060136977083
Late-demographic dividend,LTE,2022,2323799591.0,12286.0846812169,76.9543256667468
Late-demographic dividend,LTE,2023,2326296729.0,12437.9861721907,77.1297750439663
Latin America & Caribbean,LCN,1960,218624695.0,362.351255097181,55.0773141172091
Latin America & Caribbean,LCN,1961,224737321.0,390.200343747879,55.576697280404
Latin America & Caribbean,LCN,1962,231038261.0,398.84593682548,56.010257113079
Latin America & Caribbean,LCN,1963,237499676.0,421.718909453508,56.4143777814932
Latin America & Caribbean,LCN,1964,244080552.0,455.987315612864,56.8464187074668
Latin America & Caribbean,LCN,1965,250750949.0,476.958082568253,57.2897599484661
Latin America & Caribbean,LCN,1966,257488362.0,511.397057234288,57.808423676564
Latin America & Caribbean,LCN,1967,264279682.0,508.219973579363,58.2283993541018
Latin America & Caribbean,LCN,1968,271127278.0,531.647639226971,58.5512168030279
Latin America & Caribbean,LCN,1969,278039112.0,579.038747366805,58.8431982353016
Latin America & Caribbean,LCN,1970,284995920.0,616.282250917977,58.902379612124
Latin America & Caribbean,LCN,1971,292033454.0,670.818200311296,59.7342015343058
Latin America & Caribbean,LCN,1972,299187510.0,736.596936643981,60.1655753368672
Latin America & Caribbean,LCN,1973,306451409.0,956.596608068661,60.6250925963834
Latin America & Caribbean,LCN,1974,313798324.0,1210.28751844341,61.0403324699986
Latin America & Caribbean,LCN,1975,321203546.0,1239.54020749061,61.5967926063586
Latin America & Caribbean,LCN,1976,328673285.0,1328.45565670275,61.9488690494927
Latin America & Caribbean,LCN,1977,336262441.0,1426.2106219647,62.5390220637686
Latin America & Caribbean,LCN,1978,344000129.0,1668.77654647872,62.9606635576043
Latin America & Caribbean,LCN,1979,351820083.0,1830.95352044635,63.3018406741567
Latin America & Caribbean,LCN,1980,359713036.0,2177.7288647345,63.649340251584
Latin America & Caribbean,LCN,1981,367619244.0,2434.06470479822,64.0618298897904
Latin America & Caribbean,LCN,1982,375568417.0,2191.99177109396,64.3781886185532
Latin America & Caribbean,LCN,1983,383657148.0,1893.26388707614,64.922323788958
Latin America & Caribbean,LCN,1984,391832861.0,1950.31317468832,65.286613829554
Latin America & Caribbean,LCN,1985,400012327.0,1888.88683543883,65.4772065166013
Latin America & Caribbean,LCN,1986,408172564.0,1874.4681127503,66.1188432524215
Latin America & Caribbean,LCN,1987,416332693.0,1972.15072933032,66.4669291599639
Latin America & Caribbean,LCN,1988,424525590.0,2121.45481928375,66.8267411220726
Latin America & Caribbean,LCN,1989,432726590.0,2298.34872014773,67.1715502333429
Latin America & Caribbean,LCN,1990,440958144.0,2511.4430414948,67.5066051855487
Latin America & Caribbean,LCN,1991,449128999.0,2648.26964002302,67.8238040154633
Latin America & Caribbean,LCN,1992,457245250.0,2841.11960432234,68.0909397835243
Latin America & Caribbean,LCN,1993,465325731.0,3303.34471162475,68.4262943768375
Latin America & Caribbean,LCN,1994,473328616.0,3793.91317561999,68.8002934223806
Latin America & Caribbean,LCN,1995,481309028.0,4035.5479526034,69.1860038199173
Latin America & Caribbean,LCN,1996,489235073.0,4294.36513621923,69.5658524577749
Latin America & Caribbean,LCN,1997,497097004.0,4634.23789830744,69.9622221194511
Latin America & Caribbean,LCN,1998,504952583.0,4618.20564817823,70.1597429021998
Latin America & Caribbean,LCN,1999,512730984.0,4110.68211210527,70.5489161767663
Latin America & Caribbean,LCN,2000,520272118.0,4472.58404552831,70.8691414957334
Latin America & Caribbean,LCN,2001,527572583.0,4326.64007042641,71.1505464911298
Latin America & Caribbean,LCN,2002,534691591.0,3839.19615833069,71.5629004971875
Latin America & Caribbean,LCN,2003,541643365.0,3862.13747257956,71.878308455923
Latin America & Caribbean,LCN,2004,548455563.0,4385.89813693868,72.203823196463
Latin America & Caribbean,LCN,2005,555120780.0,5229.89898425288,72.5638143751286
Latin America & Caribbean,LCN,2006,561751999.0,6047.73425729833,72.8332266680253
Latin America & Caribbean,LCN,2007,568345245.0,7035.79917204558,73.0593298775944
Latin America & Caribbean,LCN,2008,574908733.0,8077.9658893562,73.2561404095911
Latin America & Caribbean,LCN,2009,581388129.0,7495.05944025108,73.4422623291815
Latin America & Caribbean,LCN,2010,587752505.0,9183.9687871441,73.4093227755616
Latin America & Caribbean,LCN,2011,594086829.0,10334.20548878,73.9248923022491
Latin America & Caribbean,LCN,2012,600420316.0,10330.3504679629,74.1643943654901
Latin America & Caribbean,LCN,2013,606683307.0,10306.1195798788,74.3809772735109
Latin America & Caribbean,LCN,2014,612849401.0,10145.7982098874,74.5608348669826
Latin America & Caribbean,LCN,2015,618868462.0,8547.2373391789,74.7432221893097
Latin America & Caribbean,LCN,2016,624737786.0,8241.45140922665,74.6774848833781
Latin America & Caribbean,LCN,2017,630414986.0,9065.54817792867,74.8318087892113
Latin America & Caribbean,LCN,2018,635778081.0,8778.37906311973,75.052717198381
Latin America & Caribbean,LCN,2019,640962372.0,8539.39776066424,75.2042598654921
Latin America & Caribbean,LCN,2020,645498186.0,7168.64740599577,73.1889367681402
Latin America & Caribbean,LCN,2021,649236072.0,8291.07156305024,71.8141762189306
Latin America & Caribbean,LCN,2022,653108120.0,9408.84820249156,74.6472095421659
Latin America & Caribbean,LCN,2023,657616517.0,10508.6472548025,75.6435273174015
Latin America & Caribbean (excluding high income),LAC,1960,192855898.0,320.820097779733,54.3590023944614
Latin America & Caribbean (excluding high income),LAC,1961,198298501.0,345.627590477943,54.8810724173351
Latin America & Caribbean (excluding high income),LAC,1962,203914785.0,347.390934795997,55.3150294759156
Latin America & Caribbean (excluding high income),LAC,1963,209675273.0,371.299199473901,55.7114194664718
Latin America & Caribbean (excluding high income),LAC,1964,215558178.0,414.120750222649,56.1532940833866
Latin America & Caribbean (excluding high income),LAC,1965,221535468.0,436.831397647258,56.5796188830269
Latin America & Caribbean (excluding high income),LAC,1966,227585310.0,470.093943784685,57.0724080886064
Latin America & Caribbean (excluding high income),LAC,1967,233696754.0,465.571531354362,57.4816818525002
Latin America & Caribbean (excluding high income),LAC,1968,239864448.0,488.116883689685,57.8045086757376
Latin America & Caribbean (excluding high income),LAC,1969,246093261.0,533.065152330404,58.1067213316865
Latin America & Caribbean (excluding high income),LAC,1970,252358538.0,565.056159993711,58.1146859601675
Latin America & Caribbean (excluding high income),LAC,1971,258688096.0,610.375797427925,59.0033862618827
Latin America & Caribbean (excluding high income),LAC,1972,265122103.0,677.387657413198,59.4421303301257
Latin America & Caribbean (excluding high income),LAC,1973,271649494.0,884.948848617663,59.9130406654356
Latin America & Caribbean (excluding high income),LAC,1974,278251796.0,1135.94277880265,60.3186933148421
Latin America & Caribbean (excluding high income),LAC,1975,284908402.0,1195.9493414531,60.8704833762747
Latin America & Caribbean (excluding high income),LAC,1976,291624269.0,1271.35414126981,61.1993150768772
Latin America & Caribbean (excluding high income),LAC,1977,298457236.0,1346.82754695593,61.8048677990806
Latin America & Caribbean (excluding high income),LAC,1978,305428657.0,1594.79688435988,62.234738062159
Latin America & Caribbean (excluding high income),LAC,1979,312477579.0,1714.15629635029,62.5762007710128
Latin America & Caribbean (excluding high income),LAC,1980,319588567.0,2025.55638792036,62.936199607394
Latin America & Caribbean (excluding high income),LAC,1981,326710408.0,2276.292721421,63.356277768647
Latin America & Caribbean (excluding high income),LAC,1982,333866128.0,2054.07052556784,63.6740953601618
Latin America & Caribbean (excluding high income),LAC,1983,341148229.0,1734.26048077865,64.2316061462714
Latin America & Caribbean (excluding high income),LAC,1984,348504110.0,1821.56140117423,64.6160335879281
Latin America & Caribbean (excluding high income),LAC,1985,355849792.0,1755.0666580486,64.8061324218478
Latin America & Caribbean (excluding high income),LAC,1986,363159117.0,1742.35358904094,65.4725621523664
Latin America & Caribbean (excluding high income),LAC,1987,370452304.0,1872.03714995567,65.8371450293828
Latin America & Caribbean (excluding high income),LAC,1988,377766659.0,1996.97701624368,66.2220384103617
Latin America & Caribbean (excluding high income),LAC,1989,385080987.0,2227.16437642355,66.5996531608713
Latin America & Caribbean (excluding high income),LAC,1990,392413347.0,2437.12236336699,66.9351736338698
Latin America & Caribbean (excluding high income),LAC,1991,399683088.0,2557.78492670118,67.2530634818704
Latin America & Caribbean (excluding high income),LAC,1992,406898894.0,2727.10443556517,67.5446632872932
Latin America & Caribbean (excluding high income),LAC,1993,414075451.0,3231.05778778257,67.8985963242144
Latin America & Caribbean (excluding high income),LAC,1994,421179547.0,3755.85473031834,68.3098931358531
Latin America & Caribbean (excluding high income),LAC,1995,428268339.0,3935.86606689693,68.706561711829
Latin America & Caribbean (excluding high income),LAC,1996,435299542.0,4229.22205234811,69.1059979436183
Latin America & Caribbean (excluding high income),LAC,1997,442282724.0,4542.6067269182,69.497863506249
Latin America & Caribbean (excluding high income),LAC,1998,449283157.0,4506.9918823642,69.7034089130365
Latin America & Caribbean (excluding high income),LAC,1999,456223550.0,3936.58409916474,70.1327577977726
Latin America & Caribbean (excluding high income),LAC,2000,462953688.0,4290.89542947118,70.4525183195819
Latin America & Caribbean (excluding high income),LAC,2001,469463143.0,4122.79587535484,70.8143276248887
Latin America & Caribbean (excluding high income),LAC,2002,475799008.0,3658.15950641339,71.1603768802393
Latin America & Caribbean (excluding high income),LAC,2003,481977727.0,3686.28727046314,71.5477623914144
Latin America & Caribbean (excluding high income),LAC,2004,488032486.0,4149.53705480589,71.8563258844043
Latin America & Caribbean (excluding high income),LAC,2005,494006571.0,4960.44969790137,72.2293807081161
Latin America & Caribbean (excluding high income),LAC,2006,499910627.0,5717.84447760414,72.5238653235671
Latin America & Caribbean (excluding high income),LAC,2007,505793340.0,6672.17705130306,72.7478219327265
Latin America & Caribbean (excluding high income),LAC,2008,511659365.0,7623.43840731336,73.0004008102304
Latin America & Caribbean (excluding high income),LAC,2009,517459947.0,6981.206567743,73.1845433768983
Latin America & Caribbean (excluding high income),LAC,2010,523147480.0,8637.63171485475,73.1190309784384
Latin America & Caribbean (excluding high income),LAC,2011,528822706.0,9979.9897262503,73.6885627028692
Latin America & Caribbean (excluding high income),LAC,2012,534503260.0,9823.2489447351,73.9499064237775
Latin America & Caribbean (excluding high income),LAC,2013,540118712.0,9971.1692721171,74.169347496487
Latin America & Caribbean (excluding high income),LAC,2014,545661592.0,9905.72193520855,74.3770523065952
Latin America & Caribbean (excluding high income),LAC,2015,551075145.0,8308.73911709951,74.5553955667316
Latin America & Caribbean (excluding high income),LAC,2016,556440282.0,7977.19727122285,74.5306460760941
Latin America & Caribbean (excluding high income),LAC,2017,561957179.0,8827.8501051856,74.7006534427421
Latin America & Caribbean (excluding high income),LAC,2018,567711159.0,8484.48335233409,74.8906731016397
Latin America & Caribbean (excluding high income),LAC,2019,573311679.0,8282.78290882792,75.0513524613511
Latin America & Caribbean (excluding high income),LAC,2020,578091505.0,6904.27677369596,72.8759217271338
Latin America & Caribbean (excluding high income),LAC,2021,581884231.0,7970.6164425206,71.4377016432982
Latin America & Caribbean (excluding high income),LAC,2022,585648822.0,9111.34927084769,74.4897262626475
Latin America & Caribbean (excluding high income),LAC,2023,589889543.0,10196.271088969,75.4986013301867
Latin America & the Caribbean (IDA & IBRD countries),TLA,1960,208671107.0,356.537386441434,54.6237085193975
Latin America & the Caribbean (IDA & IBRD countries),TLA,1961,214582669.0,383.827979445882,55.1363024542024
Latin America & the Caribbean (IDA & IBRD countries),TLA,1962,220668336.0,391.536988544919,55.5675547239002
Latin America & the Caribbean (IDA & IBRD countries),TLA,1963,226899749.0,413.595959689434,55.9953158665239
Latin America & the Caribbean (IDA & IBRD countries),TLA,1964,233255631.0,447.159736530697,56.4236324944455
Latin America & the Caribbean (IDA & IBRD countries),TLA,1965,239708690.0,467.011193441283,56.8662411157393
Latin America & the Caribbean (IDA & IBRD countries),TLA,1966,246239963.0,500.490414071407,57.3875571829013
Latin America & the Caribbean (IDA & IBRD countries),TLA,1967,252838271.0,495.819431061317,57.8107219559416
Latin America & the Caribbean (IDA & IBRD countries),TLA,1968,259494716.0,517.782198082885,58.1390275513471
Latin America & the Caribbean (IDA & IBRD countries),TLA,1969,266211242.0,563.384415455481,58.4343913931253
Latin America & the Caribbean (IDA & IBRD countries),TLA,1970,272962813.0,598.981483850136,58.4817746121117
Latin America & the Caribbean (IDA & IBRD countries),TLA,1971,279784152.0,649.767246609576,59.3291335206113
Latin America & the Caribbean (IDA & IBRD countries),TLA,1972,286726529.0,712.288818801421,59.7683128893455
Latin America & the Caribbean (IDA & IBRD countries),TLA,1973,293783764.0,932.782273310876,60.2358760845068
Latin America & the Caribbean (IDA & IBRD countries),TLA,1974,300937685.0,1190.2218432487,60.6517494551239
Latin America & the Caribbean (IDA & IBRD countries),TLA,1975,308171037.0,1214.74981069201,61.2132194951468
Latin America & the Caribbean (IDA & IBRD countries),TLA,1976,315490913.0,1302.9384934649,61.5676060333154
Latin America & the Caribbean (IDA & IBRD countries),TLA,1977,322954210.0,1400.74505217605,62.1678462793967
Latin America & the Caribbean (IDA & IBRD countries),TLA,1978,330579364.0,1637.65497516772,62.596503998235
Latin America & the Caribbean (IDA & IBRD countries),TLA,1979,338302777.0,1795.7362545953,62.9439421052639
Latin America & the Caribbean (IDA & IBRD countries),TLA,1980,346105657.0,2149.04242467187,63.2976205577304
Latin America & the Caribbean (IDA & IBRD countries),TLA,1981,353922621.0,2409.70040368266,63.7212920606903
Latin America & the Caribbean (IDA & IBRD countries),TLA,1982,361763155.0,2155.75302223233,64.0422301955847
Latin America & the Caribbean (IDA & IBRD countries),TLA,1983,369728268.0,1843.39314383712,64.6036008444099
Latin America & the Caribbean (IDA & IBRD countries),TLA,1984,377777260.0,1893.10260985086,64.984973267004
Latin America & the Caribbean (IDA & IBRD countries),TLA,1985,385830246.0,1830.61775316861,65.195270981529
Latin America & the Caribbean (IDA & IBRD countries),TLA,1986,393862440.0,1809.28901937081,65.8553153971701
Latin America & the Caribbean (IDA & IBRD countries),TLA,1987,401890697.0,1903.50395165055,66.2164162447607
Latin America & the Caribbean (IDA & IBRD countries),TLA,1988,409945610.0,2047.52068815623,66.5902292868949
Latin America & the Caribbean (IDA & IBRD countries),TLA,1989,418004229.0,2227.77365185419,66.9557980877174
Latin America & the Caribbean (IDA & IBRD countries),TLA,1990,426091608.0,2439.30313189056,67.2980432149088
Latin America & the Caribbean (IDA & IBRD countries),TLA,1991,434138780.0,2588.04586799914,67.6211130708918
Latin America & the Caribbean (IDA & IBRD countries),TLA,1992,442150885.0,2787.65239476635,67.9012759219107
Latin America & the Caribbean (IDA & IBRD countries),TLA,1993,450131381.0,3258.76580335766,68.2498924640737
Latin America & the Caribbean (IDA & IBRD countries),TLA,1994,458042874.0,3744.59975128211,68.6306176493055
Latin America & the Caribbean (IDA & IBRD countries),TLA,1995,465939463.0,3983.209208317,69.025435617002
Latin America & the Caribbean (IDA & IBRD countries),TLA,1996,473775482.0,4255.85859395714,69.4079548533645
Latin America & the Caribbean (IDA & IBRD countries),TLA,1997,481555614.0,4593.58618583537,69.8050183106203
Latin America & the Caribbean (IDA & IBRD countries),TLA,1998,489346270.0,4563.94003348545,70.0034671535312
Latin America & the Caribbean (IDA & IBRD countries),TLA,1999,497065139.0,4029.14295199903,70.394156669931
Latin America & the Caribbean (IDA & IBRD countries),TLA,2000,504556065.0,4388.92611014216,70.7184102333167
Latin America & the Caribbean (IDA & IBRD countries),TLA,2001,511809816.0,4222.97461927511,70.9952366364032
Latin America & the Caribbean (IDA & IBRD countries),TLA,2002,518881965.0,3714.3747812476,71.4081069056409
Latin America & the Caribbean (IDA & IBRD countries),TLA,2003,525787222.0,3728.72739078731,71.7199407794109
Latin America & the Caribbean (IDA & IBRD countries),TLA,2004,532556401.0,4252.838254593,72.0585594152496
Latin America & the Caribbean (IDA & IBRD countries),TLA,2005,539188798.0,5103.97068943224,72.4275917225936
Latin America & the Caribbean (IDA & IBRD countries),TLA,2006,545805913.0,5926.88266865218,72.7029489273067
Latin America & the Caribbean (IDA & IBRD countries),TLA,2007,552399650.0,6927.88249936995,72.9337716205704
Latin America & the Caribbean (IDA & IBRD countries),TLA,2008,558968822.0,7989.38067187903,73.133810817189
Latin America & the Caribbean (IDA & IBRD countries),TLA,2009,565454932.0,7386.60018995035,73.3248238756312
Latin America & the Caribbean (IDA & IBRD countries),TLA,2010,571822092.0,9115.80144590362,73.2840381673624
Latin America & the Caribbean (IDA & IBRD countries),TLA,2011,578171855.0,10277.6079254264,73.8112572375492
Latin America & the Caribbean (IDA & IBRD countries),TLA,2012,584524334.0,10263.4820243547,74.0531427389642
Latin America & the Caribbean (IDA & IBRD countries),TLA,2013,590809938.0,10231.0823830522,74.2726524054357
Latin America & the Caribbean (IDA & IBRD countries),TLA,2014,597023419.0,10058.6664815872,74.4642031483391
Latin America & the Caribbean (IDA & IBRD countries),TLA,2015,603091701.0,8404.37747196218,74.6505904118153
Latin America & the Caribbean (IDA & IBRD countries),TLA,2016,609017063.0,8082.02330614142,74.5894794269073
Latin America & the Caribbean (IDA & IBRD countries),TLA,2017,614776664.0,8918.30251254156,74.7614101353626
Latin America & the Caribbean (IDA & IBRD countries),TLA,2018,620274430.0,8620.46890240755,74.9760978010797
Latin America & the Caribbean (IDA & IBRD countries),TLA,2019,625467307.0,8362.63429845968,75.1319711493442
Latin America & the Caribbean (IDA & IBRD countries),TLA,2020,630051021.0,6964.3711102796,73.0747493617473
Latin America & the Caribbean (IDA & IBRD countries),TLA,2021,633862610.0,8075.78816650564,71.7449274626405
Latin America & the Caribbean (IDA & IBRD countries),TLA,2022,637837815.0,9174.55690452428,74.5684293540859
Latin America & the Caribbean (IDA & IBRD countries),TLA,2023,642397939.0,10260.5196915782,75.5699258379688
Latvia,LVA,1995,2485056.0,2256.77360387054,66.3912195121951
Latvia,LVA,1996,2457222.0,2360.1714816213,68.7765853658537
Latvia,LVA,1997,2432851.0,2609.89308697195,69.3492682926829
Latvia,LVA,1998,2410019.0,2893.79998716563,69.0121951219512
Latvia,LVA,1999,2390482.0,3063.89794599707,69.7429268292683
Latvia,LVA,2000,2367550.0,3278.17896440803,70.3146341463415
Latvia,LVA,2001,2337170.0,3504.61829462397,70.7609756097561
Latvia,LVA,2002,2310173.0,4003.60935783538,70.9609756097561
Latvia,LVA,2003,2287955.0,4914.57992829302,71.2658536585366
Latvia,LVA,2004,2263122.0,6109.73265186817,72.0268292682927
Latvia,LVA,2005,2238799.0,7283.78738127622,71.3560975609756
Latvia,LVA,2006,2218357.0,9211.7374468148,70.8658536585366
Latvia,LVA,2007,2200325.0,13370.9789452508,71.019512195122
Latvia,LVA,2008,2177322.0,15677.6080864506,72.419512195122
Latvia,LVA,2009,2141669.0,11996.0322729773,73.0804878048781
Latvia,LVA,2010,2097555.0,11188.4191700977,73.4829268292683
Latvia,LVA,2011,2059709.0,12902.574053337,73.5756097560976
Latvia,LVA,2012,2034319.0,13329.3499931271,73.7780487804878
Latvia,LVA,2013,2012647.0,14484.4715282132,73.9829268292683
Latvia,LVA,2014,1993782.0,15185.814581236,74.1243902439024
Latvia,LVA,2015,1977527.0,13321.9753140616,74.4804878048781
Latvia,LVA,2016,1959537.0,13838.5266823272,74.580487804878
Latvia,LVA,2017,1942248.0,15132.4958333982,74.6292682926829
Latvia,LVA,2018,1927174.0,17252.1710428626,74.7829268292683
Latvia,LVA,2019,1913822.0,17294.9751600969,75.3878048780488
Latvia,LVA,2020,1900449.0,17564.2321549354,75.1853658536585
Latvia,LVA,2021,1884490.0,20261.8887788916,72.9804878048781
Latvia,LVA,2022,1879383.0,20221.103686109,74.2780487804878
Latvia,LVA,2023,1883710.0,22710.2637544197,75.6780487804878
Least developed countries: UN classification,LDC,1960,245048596.0,114.605072503196,41.1520359463557
Least developed countries: UN classification,LDC,1961,250984924.0,116.997587222291,41.5799466559752
Least developed countries: UN classification,LDC,1962,257173413.0,123.632440981885,42.0598553024842
Least developed countries: UN classification,LDC,1963,263557766.0,138.562842264703,42.2470646042318
Least developed countries: UN classification,LDC,1964,270194662.0,122.690006239823,42.8414839181242
Least developed countries: UN classification,LDC,1965,277101968.0,134.58999627802,42.9460305997466
Least developed countries: UN classification,LDC,1966,284221585.0,142.994801870426,43.4174951170616
Least developed countries: UN classification,LDC,1967,291642814.0,141.651293790135,44.0154626569061
Least developed countries: UN classification,LDC,1968,299374569.0,147.301273985115,44.3705959726192
Least developed countries: UN classification,LDC,1969,307260565.0,158.785302169003,44.7072256399939
Least developed countries: UN classification,LDC,1970,315102512.0,149.849981858949,43.4936163409386
Least developed countries: UN classification,LDC,1971,322517398.0,153.814069319331,40.200844793235
Least developed countries: UN classification,LDC,1972,330244369.0,155.357141773248,45.1990152970844
Least developed countries: UN classification,LDC,1973,339000836.0,184.180202421678,45.6948729221452
Least developed countries: UN classification,LDC,1974,348044659.0,223.44778168285,45.7410773428533
Least developed countries: UN classification,LDC,1975,356845675.0,262.396517774294,45.6995813869259
Least developed countries: UN classification,LDC,1976,365558134.0,235.962185479491,46.2729376855283
Least developed countries: UN classification,LDC,1977,374293198.0,253.656354942367,46.6882191193734
Least developed countries: UN classification,LDC,1978,383667234.0,291.226021089849,46.9790907375322
Least developed countries: UN classification,LDC,1979,393715341.0,310.956581625425,47.7838924228965
Least developed countries: UN classification,LDC,1980,403007563.0,336.74635755618,48.2339849954404
Least developed countries: UN classification,LDC,1981,412046787.0,336.746970640719,48.5340615285468
Least developed countries: UN classification,LDC,1982,422560922.0,331.703303575517,48.7965144818787
Least developed countries: UN classification,LDC,1983,434142125.0,318.884722573194,48.189052388344
Least developed countries: UN classification,LDC,1984,445947594.0,315.42192750849,48.2722614268662
Least developed countries: UN classification,LDC,1985,457866946.0,335.654184276596,48.6215217813998
Least developed countries: UN classification,LDC,1986,469843634.0,284.844932219495,49.347442018246
Least developed countries: UN classification,LDC,1987,482075790.0,295.20966308461,50.2129943129669
Least developed countries: UN classification,LDC,1988,494400159.0,315.955792959646,50.4238798953886
Least developed countries: UN classification,LDC,1989,506991476.0,330.654245239687,50.8978918149464
Least developed countries: UN classification,LDC,1990,519693837.0,370.750124436065,51.0409315684592
Least developed countries: UN classification,LDC,1991,532595517.0,392.075323047772,50.6696418644451
Least developed countries: UN classification,LDC,1992,546905231.0,302.105097950573,51.3935561434555
Least developed countries: UN classification,LDC,1993,562489881.0,304.024899773069,52.0077465493446
Least developed countries: UN classification,LDC,1994,578028937.0,290.191695218331,52.2588917024132
Least developed countries: UN classification,LDC,1995,593609643.0,289.905722080224,52.9421810957054
Least developed countries: UN classification,LDC,1996,609407699.0,297.936216317251,53.2495668195078
Least developed countries: UN classification,LDC,1997,625267815.0,302.814162340806,53.7265829323552
Least developed countries: UN classification,LDC,1998,641401023.0,299.672387401723,53.8865853286564
Least developed countries: UN classification,LDC,1999,657616923.0,300.790832873041,54.5656191420807
Least developed countries: UN classification,LDC,2000,673630102.0,333.363886094901,55.4008039613482
Least developed countries: UN classification,LDC,2001,689878805.0,313.947863828234,55.985066997633
Least developed countries: UN classification,LDC,2002,707266809.0,337.91579001411,56.5341228566941
Least developed countries: UN classification,LDC,2003,725111768.0,373.651845746871,57.173230287028
Least developed countries: UN classification,LDC,2004,742717957.0,419.798333896443,57.7099347773222
Least developed countries: UN classification,LDC,2005,760741611.0,487.199978520551,58.3085503350914
Least developed countries: UN classification,LDC,2006,779230030.0,552.743616465105,59.0152207929191
Least developed countries: UN classification,LDC,2007,797516000.0,648.581446944078,59.6121198122483
Least developed countries: UN classification,LDC,2008,816268129.0,778.614114766785,59.8118011251717
Least developed countries: UN classification,LDC,2009,835687108.0,751.671383860855,60.5724237098988
Least developed countries: UN classification,LDC,2010,855348118.0,831.532954611079,61.0408922197594
Least developed countries: UN classification,LDC,2011,875685078.0,925.130488690388,61.5004569048315
Least developed countries: UN classification,LDC,2012,896684951.0,947.489031265643,62.2254392368731
Least developed countries: UN classification,LDC,2013,918269633.0,1006.9873103895,62.7233526127091
Least developed countries: UN classification,LDC,2014,940284138.0,1056.46705317141,62.9592572959739
Least developed countries: UN classification,LDC,2015,962508256.0,982.894810600519,63.3049002618176
Least developed countries: UN classification,LDC,2016,985414939.0,966.721782937566,63.7237270680357
Least developed countries: UN classification,LDC,2017,1008993468.0,1035.19428808636,64.0339755156235
Least developed countries: UN classification,LDC,2018,1033110314.0,1080.56177999961,64.6022757660127
Least developed countries: UN classification,LDC,2019,1058013514.0,1105.24693378698,64.9724534415541
Least developed countries: UN classification,LDC,2020,1083636132.0,1088.72161311357,64.8323585417323
Least developed countries: UN classification,LDC,2021,1109175268.0,1175.55718251136,64.267342334044
Least developed countries: UN classification,LDC,2022,1134585604.0,1299.36172423082,65.7631857632163
Least developed countries: UN classification,LDC,2023,1160824674.0,1257.69806699331,66.5161002597788
Lebanon,LBN,1988,3454649.0,959.153901867443,62.92
Lebanon,LBN,1989,3525285.0,771.001121245521,65.114
Lebanon,LBN,1990,3595175.0,789.526338484738,65.479
Lebanon,LBN,1991,3668912.0,1278.42125745633,70.865
Lebanon,LBN,1992,3747371.0,1559.38100628446,71.169
Lebanon,LBN,1993,3820647.0,2078.63864215562,71.559
Lebanon,LBN,1994,3889799.0,2467.76942720577,72.03
Lebanon,LBN,1995,3960735.0,2958.74263957462,72.383
Lebanon,LBN,1996,4034781.0,3393.05090749359,72.614
Lebanon,LBN,1997,4108405.0,3834.0590787531,72.94
Lebanon,LBN,1998,4181281.0,4124.85527892575,73.201
Lebanon,LBN,1999,4255277.0,4086.93872789633,73.513
Lebanon,LBN,2000,4329340.0,3986.83513941026,73.895
Lebanon,LBN,2001,4401918.0,4009.55929751102,74.354
Lebanon,LBN,2002,4463504.0,4290.85283803266,74.836
Lebanon,LBN,2003,4525508.0,4437.71588507526,75.275
Lebanon,LBN,2004,4599279.0,4600.68371412993,75.693
Lebanon,LBN,2005,4671102.0,4602.19804637945,76.074
Lebanon,LBN,2006,4751136.0,4635.2514117486,75.677
Lebanon,LBN,2007,4844118.0,5125.25809960149,76.732
Lebanon,LBN,2008,4925354.0,5912.04532820842,76.956
Lebanon,LBN,2009,4992287.0,7090.85493856621,77.262
Lebanon,LBN,2010,5041288.0,7625.81051551165,77.529
Lebanon,LBN,2011,5096020.0,7834.96257108993,77.768
Lebanon,LBN,2012,5235742.0,8406.98405608118,77.941
Lebanon,LBN,2013,5743436.0,8162.37929361396,78.037
Lebanon,LBN,2014,6346990.0,7577.6413302369,78.148
Lebanon,LBN,2015,6472469.0,7714.1099998804,78.275
Lebanon,LBN,2016,6323060.0,8089.012088155,78.306
Lebanon,LBN,2017,6160128.0,8608.21084982387,78.192
Lebanon,LBN,2018,5984119.0,9174.53666204759,78.263
Lebanon,LBN,2019,5794594.0,8905.88005497437,78.208
Lebanon,LBN,2020,5702398.0,5561.19166950397,76.299
Lebanon,LBN,2021,5718122.0,4045.37391066234,73.65
Lebanon,LBN,2022,5744489.0,3654.35845534878,78.003
Lebanon,LBN,2023,5773493.0,3477.72489842684,77.817
Lesotho,LSO,1960,736500.0,46.9517802688466,50.171
Lesotho,LSO,1961,758824.0,47.0464636332084,50.275
Lesotho,LSO,1962,781814.0,53.5421254364935,50.307
Lesotho,LSO,1963,805373.0,58.4076957931387,50.26
Lesotho,LSO,1964,829437.0,62.6207647163176,50.307
Lesotho,LSO,1965,854090.0,64.255497720391,50.326
Lesotho,LSO,1966,881870.0,64.2951651830872,50.377
Lesotho,LSO,1967,913982.0,64.8393253862871,50.513
Lesotho,LSO,1968,948105.0,64.809251529746,50.791
Lesotho,LSO,1969,983202.0,67.0950360280091,51.117
Lesotho,LSO,1970,1019273.0,67.4401975761263,51.501
Lesotho,LSO,1971,1056246.0,72.4076446248424,51.845
Lesotho,LSO,1972,1094063.0,73.9566189783241,52.256
Lesotho,LSO,1973,1132697.0,106.991292251913,52.62
Lesotho,LSO,1974,1172420.0,128.666618214693,52.941
Lesotho,LSO,1975,1213643.0,123.231375218727,53.454
Lesotho,LSO,1976,1253214.0,117.825077692245,53.931
Lesotho,LSO,1977,1289967.0,149.860460251124,54.526
Lesotho,LSO,1978,1327240.0,200.845413521682,55.166
Lesotho,LSO,1979,1366169.0,212.370938385373,55.843
Lesotho,LSO,1980,1406521.0,306.815565970065,56.534
Lesotho,LSO,1981,1448069.0,299.839326847018,57.307
Lesotho,LSO,1982,1490732.0,233.939892397725,57.976
Lesotho,LSO,1983,1534413.0,252.017748063376,58.495
Lesotho,LSO,1984,1578986.0,210.998495414288,58.955
Lesotho,LSO,1985,1624379.0,165.373921882027,59.211
Lesotho,LSO,1986,1666138.0,191.375758184053,59.346
Lesotho,LSO,1987,1703390.0,236.451032636079,59.557
Lesotho,LSO,1988,1739841.0,270.36712009929,59.572
Lesotho,LSO,1989,1775436.0,279.035252539421,59.505
Lesotho,LSO,1990,1809696.0,329.563785157203,59.317
Lesotho,LSO,1991,1842379.0,382.291247739142,59.061
Lesotho,LSO,1992,1873274.0,443.624297195576,58.638
Lesotho,LSO,1993,1901793.0,439.365410681482,58.06
Lesotho,LSO,1994,1927707.0,455.593586203956,57.288
Lesotho,LSO,1995,1951437.0,513.413448796175,56.368
Lesotho,LSO,1996,1972418.0,479.671394625707,55.136
Lesotho,LSO,1997,1988130.0,501.981388900965,53.733
Lesotho,LSO,1998,1998049.0,464.683745548265,52.029
Lesotho,LSO,1999,2003234.0,455.650054387377,50.385
Lesotho,LSO,2000,2003913.0,442.779545779081,48.783
Lesotho,LSO,2001,2000853.0,412.677473676821,47.153
Lesotho,LSO,2002,1994679.0,388.92334985135,45.95
Lesotho,LSO,2003,1985059.0,583.270036200288,44.921
Lesotho,LSO,2004,1971129.0,766.685820928242,44.039
Lesotho,LSO,2005,1953076.0,861.381496414995,43.611
Lesotho,LSO,2006,1945063.0,925.467485502842,43.182
Lesotho,LSO,2007,1953268.0,861.188420899563,43.66
Lesotho,LSO,2008,1966541.0,898.482517882593,44.304
Lesotho,LSO,2009,1980883.0,878.847950537772,45.055
Lesotho,LSO,2010,1996251.0,1119.47557793042,46.045
Lesotho,LSO,2011,2014009.0,1280.73390931581,46.93
Lesotho,LSO,2012,2034354.0,1217.93071228944,48.235
Lesotho,LSO,2013,2056504.0,1151.03735837227,49.547
Lesotho,LSO,2014,2080089.0,1173.5377928819,50.786
Lesotho,LSO,2015,2104611.0,1121.19851342518,51.83
Lesotho,LSO,2016,2130422.0,992.491840678465,52.908
Lesotho,LSO,2017,2157110.0,1069.36673247542,53.874
Lesotho,LSO,2018,2183603.0,1170.65569702819,54.638
Lesotho,LSO,2019,2209405.0,1082.05706777516,55.249
Lesotho,LSO,2020,2235727.0,918.582574704447,55.133
Lesotho,LSO,2021,2261542.0,1066.58645143823,54.209
Lesotho,LSO,2022,2286110.0,1030.12582947757,56.812
Lesotho,LSO,2023,2311472.0,916.282976983803,57.375
Liberia,LBR,1960,1139522.0,167.171498224694,38.073
Liberia,LBR,1961,1167717.0,157.504686495101,38.104
Liberia,LBR,1962,1197039.0,160.280325035358,38.167
Liberia,LBR,1963,1227414.0,163.131266223133,38.309
Liberia,LBR,1964,1258745.0,173.926490274043,38.451
Liberia,LBR,1965,1291156.0,177.562432424897,38.693
Liberia,LBR,1966,1324383.0,184.583689159405,38.955
Liberia,LBR,1967,1358435.0,192.150746999304,39.262
Liberia,LBR,1968,1393530.0,198.647104834485,39.588
Liberia,LBR,1969,1429605.0,214.717911590964,39.991
Liberia,LBR,1970,1466676.0,220.293848130057,40.359
Liberia,LBR,1971,1504077.0,227.078201448463,40.72
Liberia,LBR,1972,1542670.0,238.610979665126,41.199
Liberia,LBR,1973,1583588.0,244.361727924182,41.619
Liberia,LBR,1974,1626362.0,299.413660673331,42.063
Liberia,LBR,1975,1670913.0,345.648935641772,42.463
Liberia,LBR,1976,1717060.0,347.498456664298,42.851
Liberia,LBR,1977,1766019.0,381.089104930355,43.22
Liberia,LBR,1978,1818247.0,394.468078319392,43.567
Liberia,LBR,1979,1872713.0,434.69976445937,43.89
Liberia,LBR,1980,1929253.0,443.027171656595,44.088
Liberia,LBR,1981,1986867.0,426.054939761947,44.344
Liberia,LBR,1982,2045073.0,422.446142509338,44.447
Liberia,LBR,1983,2107113.0,390.759726697144,44.576
Liberia,LBR,1984,2173312.0,390.407957992226,44.683
Liberia,LBR,1985,2240539.0,379.951475961811,44.026
Liberia,LBR,1986,2308511.0,364.288669189794,44.494
Liberia,LBR,1987,2377229.0,409.215940071402,44.267
Liberia,LBR,1988,2446941.0,424.325719336919,44.065
Liberia,LBR,1989,2517858.0,312.289255390892,43.863
Liberia,LBR,1990,2223667.0,172.867610123278,37.644
Liberia,LBR,1991,1956518.0,177.867006590279,43.575
Liberia,LBR,1992,2072461.0,107.842801384441,43.566
Liberia,LBR,1993,2155126.0,74.4272028642409,43.022
Liberia,LBR,1994,2149928.0,61.490431307467,42.621
Liberia,LBR,1995,2169162.0,62.1438140627579,44.573
Liberia,LBR,1996,2232289.0,71.4065248720036,44.945
Liberia,LBR,1997,2412989.0,122.627993745516,48.302
Liberia,LBR,1998,2670124.0,134.675393352518,49.367
Liberia,LBR,1999,2821684.0,156.573166945696,50.412
Liberia,LBR,2000,2928117.0,298.485340578945,51.852
Liberia,LBR,2001,3015338.0,300.463828598983,53.109
Liberia,LBR,2002,3094782.0,299.536445539621,54.061
Liberia,LBR,2003,3119532.0,239.779556677091,53.045
Liberia,LBR,2004,3156892.0,284.140223992458,55.949
Liberia,LBR,2005,3301015.0,287.487333441381,56.765
Liberia,LBR,2006,3490787.0,320.55808618515,57.495
Liberia,LBR,2007,3669050.0,374.211308104278,58.147
Liberia,LBR,2008,3821003.0,451.713856283285,58.675
Liberia,LBR,2009,3943028.0,448.386367025545,59.106
Liberia,LBR,2010,4058890.0,492.252808033724,59.358
Liberia,LBR,2011,4221178.0,568.087865520004,59.486
Liberia,LBR,2012,4373043.0,638.368751462083,59.785
Liberia,LBR,2013,4470239.0,710.744570927863,59.992
Liberia,LBR,2014,4564293.0,706.714490064507,59.21
Liberia,LBR,2015,4659431.0,692.590082351257,59.248
Liberia,LBR,2016,4755608.0,714.613063145659,60.483
Liberia,LBR,2017,4848925.0,699.269095727404,60.777
Liberia,LBR,2018,4944726.0,692.203127129794,60.999
Liberia,LBR,2019,5043721.0,658.164180770507,61.232
Liberia,LBR,2020,5149463.0,616.787867006715,61.267
Liberia,LBR,2021,5259323.0,667.96610514319,61.166
Liberia,LBR,2022,5373294.0,744.617175237387,61.934
Liberia,LBR,2023,5493031.0,799.194470229642,62.163
Libya,LBY,1960,1492890.0,269.038073094669,40.752
Libya,LBY,1961,1555699.0,285.341580882777,42.362
Libya,LBY,1962,1621960.0,382.084505727445,44.075
Libya,LBY,1963,1690457.0,527.861939504427,45.584
Libya,LBY,1964,1753691.0,764.898389420845,47.652
Libya,LBY,1965,1804015.0,1000.53474079103,49.278
Libya,LBY,1966,1849063.0,1250.60018821673,50.946
Libya,LBY,1967,1898199.0,1436.61803256942,52.462
Libya,LBY,1968,1952781.0,1971.86632548697,53.849
Libya,LBY,1969,2014293.0,2174.95045716041,55.173
Libya,LBY,1970,2082589.0,2209.5811758058,56.379
Libya,LBY,1971,2153534.0,2442.58280826718,57.583
Libya,LBY,1972,2226091.0,2829.80145194559,58.685
Libya,LBY,1973,2314193.0,3727.38549878198,59.71
Libya,LBY,1974,2432211.0,6213.50027490617,60.709
Libya,LBY,1975,2571556.0,5720.62691135285,61.621
Libya,LBY,1976,2721237.0,7017.74340734557,62.448
Libya,LBY,1977,2881533.0,7783.46009141417,63.129
Libya,LBY,1978,3052526.0,7251.83754156259,63.796
Libya,LBY,1979,3233846.0,9442.75933267842,64.328
Libya,LBY,1980,3424378.0,11959.5222690783,64.797
Libya,LBY,1981,3621486.0,10044.0410042727,65.255
Libya,LBY,1982,3724765.0,9063.69851267735,65.768
Libya,LBY,1983,3718961.0,8927.36442785362,66.26
Libya,LBY,1984,3773633.0,7811.06937340039,66.748
Libya,LBY,1985,3898745.0,8087.36306792904,67.285
Libya,LBY,1986,4017403.0,6018.91345215523,67.806
Libya,LBY,1987,4129739.0,6464.7328401846,68.258
Libya,LBY,1988,4237755.0,5736.28243992278,68.608
Libya,LBY,1989,4342920.0,5792.5791631313,68.979
Libya,LBY,1990,4445239.0,6502.27886565421,69.312
Libya,LBY,1991,4544400.0,7039.83391970596,69.635
Libya,LBY,1992,4640352.0,7302.68908679226,69.974
Libya,LBY,1993,4733045.0,6477.87035840641,70.247
Libya,LBY,1994,4822037.0,5933.29121354077,70.472
Libya,LBY,1995,4906843.0,5205.25706378741,70.641
Libya,LBY,1996,4987393.0,5591.02027544558,70.736
Libya,LBY,1997,5064639.0,6061.81366033598,70.72
Libya,LBY,1998,5140704.0,5301.08354775559,70.657
Libya,LBY,1999,5218038.0,6894.51875534758,70.601
Libya,LBY,2000,5305021.0,7214.10040377084,70.542
Libya,LBY,2001,5403639.0,6312.80030498965,70.653
Libya,LBY,2002,5508410.0,3718.29434696755,70.788
Libya,LBY,2003,5619398.0,4674.09943200321,70.996
Libya,LBY,2004,5736693.0,5773.76333234281,71.21
Libya,LBY,2005,5858798.0,8079.24957329001,71.439
Libya,LBY,2006,5980211.0,10048.8480434289,71.632
Libya,LBY,2007,6104380.0,11144.9448413435,71.788
Libya,LBY,2008,6235430.0,13906.1407818125,71.936
Libya,LBY,2009,6366686.0,9551.05403869755,72.071
Libya,LBY,2010,6497839.0,11600.9068649472,72.196
Libya,LBY,2011,6343203.0,7593.8391525702,69.95
Libya,LBY,2012,6179328.0,14975.8902795144,72.188
Libya,LBY,2013,6304628.0,11951.7134126011,72.339
Libya,LBY,2014,6427252.0,8926.42074591474,71.3
Libya,LBY,2015,6531819.0,7458.48917756374,71.644
Libya,LBY,2016,6632126.0,7525.80299308216,71.799
Libya,LBY,2017,6738770.0,9965.83236729757,72.721
Libya,LBY,2018,6849055.0,11196.5854810844,73.151
Libya,LBY,2019,6951033.0,9963.19489084483,72.941
Libya,LBY,2020,7045399.0,6650.33810585348,72.388
Libya,LBY,2021,7135175.0,4935.82787349801,72.062
Libya,LBY,2022,7223805.0,5986.63694851258,74.462
Libya,LBY,2023,7305659.0,6026.51518708812,69.339
Liechtenstein,LIE,1970,21140.0,4262.03220640334,72.8831951219512
Liechtenstein,LIE,1971,21600.0,4856.0090432336,73.0916829268293
Liechtenstein,LIE,1972,22132.0,5645.23266418851,73.4018048780488
Liechtenstein,LIE,1973,22785.0,7282.37355960148,73.6489512195122
Liechtenstein,LIE,1974,23451.0,8271.73531542796,73.9874390243903
Liechtenstein,LIE,1975,23846.0,10332.5128681378,74.2641951219512
Liechtenstein,LIE,1976,24058.0,11326.3488431219,74.4749512195122
Liechtenstein,LIE,1977,24442.0,12416.8693020523,74.6583170731707
Liechtenstein,LIE,1978,25028.0,17456.9309487089,74.5905609756098
Liechtenstein,LIE,1979,25575.0,19674.4126839447,74.6135609756098
Liechtenstein,LIE,1980,25512.0,20958.7395302666,74.6580975609756
Liechtenstein,LIE,1981,25673.0,19929.4102802351,74.8312195121951
Liechtenstein,LIE,1982,26255.0,19885.6126562976,74.9551707317073
Liechtenstein,LIE,1983,26446.0,19814.8538489961,75.6130487804878
Liechtenstein,LIE,1984,26596.0,18898.3678693391,76.0926341463415
Liechtenstein,LIE,1985,26878.0,19684.2626852288,76.6388048780488
Liechtenstein,LIE,1986,27238.0,28612.8865004795,77.1143170731708
Liechtenstein,LIE,1987,27557.0,38206.2269467289,77.614756097561
Liechtenstein,LIE,1988,27948.0,41568.5441182755,77.8447317073171
Liechtenstein,LIE,1989,28317.0,39551.6404002324,78.1208536585366
Liechtenstein,LIE,1990,28742.0,49457.5609343203,78.3315365853659
Liechtenstein,LIE,1991,29209.0,50811.7464531317,78.4712926829268
Liechtenstein,LIE,1992,29627.0,55057.1110625654,78.4636585365854
Liechtenstein,LIE,1993,30089.0,55604.5479972049,78.2707073170732
Liechtenstein,LIE,1994,30470.0,63935.9902445462,78.4219512195122
Liechtenstein,LIE,1995,30776.0,78909.7043377718,77.390243902439
Liechtenstein,LIE,1996,31033.0,80688.7182490376,76.8365853658537
Liechtenstein,LIE,1997,31232.0,73590.8620289713,76.0463414634146
Liechtenstein,LIE,1998,31668.0,78302.9905905848,77.7463414634146
Liechtenstein,LIE,1999,32221.0,82682.284882177,79.109756097561
Liechtenstein,LIE,2000,32645.0,76087.911114202,76.8268292682927
Liechtenstein,LIE,2001,33194.0,75067.8001680043,79.2756097560976
Liechtenstein,LIE,2002,33694.0,79795.1785891101,79.6365853658537
Liechtenstein,LIE,2003,34079.0,90108.3673647008,79.9609756097561
Liechtenstein,LIE,2004,34447.0,100280.831356705,81.7707317073171
Liechtenstein,LIE,2005,34753.0,105295.057027611,80.6682926829268
Liechtenstein,LIE,2006,35037.0,114167.939211301,80.9487804878049
Liechtenstein,LIE,2007,35262.0,130492.595349517,81.2951219512195
Liechtenstein,LIE,2008,35473.0,143249.227302093,82.6829268292683
Liechtenstein,LIE,2009,35742.0,126024.714567466,81.5
Liechtenstein,LIE,2010,36022.0,141089.812849014,81.8414634146342
Liechtenstein,LIE,2011,36312.0,158066.369379163,81.7926829268293
Liechtenstein,LIE,2012,36657.0,148842.035144342,82.3829268292683
Liechtenstein,LIE,2013,36984.0,172823.607794648,82.2609756097561
Liechtenstein,LIE,2014,37248.0,178735.153020908,82.0731707317073
Liechtenstein,LIE,2015,37494.0,167187.15730982,82.6560975609756
Liechtenstein,LIE,2016,37716.0,165375.491396259,82.2585365853659
Liechtenstein,LIE,2017,37962.0,170547.092298954,83.7463414634147
Liechtenstein,LIE,2018,38246.0,174988.775083446,83.0414634146342
Liechtenstein,LIE,2019,38563.0,166907.839305016,84.1609756097561
Liechtenstein,LIE,2020,38901.0,164671.093553454,81.6585365853659
Liechtenstein,LIE,2021,39182.0,201944.830335076,84.4024390243902
Liechtenstein,LIE,2022,39493.0,188055.003235348,84.1219512195122
Liechtenstein,LIE,2023,39846.0,206780.590353385,84.8414634146342
Lithuania,LTU,1995,3629102.0,2182.69156931505,69.0063414634147
Lithuania,LTU,1996,3601613.0,2340.67545970008,70.1080487804878
Lithuania,LTU,1997,3575137.0,2844.16286797492,70.9090243902439
Lithuania,LTU,1998,3549331.0,3180.64498555255,71.219512195122
Lithuania,LTU,1999,3524238.0,3127.51176667183,71.5707317073171
Lithuania,LTU,2000,3499536.0,3300.63634928559,72.0195121951219
Lithuania,LTU,2001,3470818.0,3532.52787363242,71.6585365853659
Lithuania,LTU,2002,3443067.0,4148.13091485015,71.7609756097561
Lithuania,LTU,2003,3415213.0,5507.47434187652,72.0609756097561
Lithuania,LTU,2004,3377075.0,6734.57487061946,71.9609756097561
Lithuania,LTU,2005,3322528.0,7857.03148786492,71.2536585365854
Lithuania,LTU,2006,3269909.0,9210.10118229413,71.0560975609756
Lithuania,LTU,2007,3231294.0,12295.1212779366,70.9
Lithuania,LTU,2008,3198231.0,14955.5345462921,71.8121951219512
Lithuania,LTU,2009,3162916.0,11854.3711053096,72.9146341463415
Lithuania,LTU,2010,3097282.0,11829.122609457,73.2682926829268
Lithuania,LTU,2011,3028115.0,14261.8433787325,73.5634146341464
Lithuania,LTU,2012,2989139.0,14288.1853493139,73.8634146341464
Lithuania,LTU,2013,2961250.0,15636.5252586048,73.9146341463415
Lithuania,LTU,2014,2937253.0,16446.1647181663,74.5170731707317
Lithuania,LTU,2015,2911109.0,14269.8039878287,74.3219512195122
Lithuania,LTU,2016,2877325.0,14934.2702840428,74.6707317073171
Lithuania,LTU,2017,2842639.0,16800.1510246099,75.4804878048781
Lithuania,LTU,2018,2819200.0,19247.2315367967,75.6804878048781
Lithuania,LTU,2019,2811089.0,19608.7943945553,76.2829268292683
Lithuania,LTU,2020,2810369.0,20428.6478157394,75.0292682926829
Lithuania,LTU,2021,2808380.0,23870.4594851722,74.0365853658537
Lithuania,LTU,2022,2831639.0,25085.784063499,75.6439024390244
Lithuania,LTU,2023,2871585.0,27786.0057829276,76.9878048780488
Low & middle income,LMY,1960,2083718515.0,127.666593656787,43.4646189226128
Low & middle income,LMY,1961,2112956756.0,127.526771684906,45.9784783007295
Low & middle income,LMY,1962,2155317281.0,126.986307282778,49.6444829948439
Low & middle income,LMY,1963,2209805827.0,137.365239811527,50.1325041166154
Low & middle income,LMY,1964,2264731089.0,150.194617171414,50.6506586894163
Low & middle income,LMY,1965,2320529383.0,161.862100213643,50.4484631825421
Low & middle income,LMY,1966,2379893006.0,163.734801663215,51.19603100698
Low & middle income,LMY,1967,2439437803.0,163.964944307072,51.7630951425471
Low & middle income,LMY,1968,2500774399.0,169.564963902933,52.5043160914597
Low & middle income,LMY,1969,2564343032.0,185.041888167986,53.0421377816983
Low & middle income,LMY,1970,2629570646.0,196.913727575828,53.3551496550097
Low & middle income,LMY,1971,2695387305.0,206.592073670028,53.4249043900451
Low & middle income,LMY,1972,2760300540.0,226.600201650888,54.5646772906696
Low & middle income,LMY,1973,2826286599.0,282.164914310776,55.1963665582827
Low & middle income,LMY,1974,2892061210.0,351.030398414893,55.7098534559555
Low & middle income,LMY,1975,2956658953.0,379.82219890073,56.2891453569552
Low & middle income,LMY,1976,3020488457.0,400.027990834519,56.6804285080338
Low & middle income,LMY,1977,3084056561.0,439.846301691426,57.4176696555198
Low & middle income,LMY,1978,3148921134.0,478.322941952439,57.8967603678928
Low & middle income,LMY,1979,3215700977.0,543.012711568149,58.447336896708
Low & middle income,LMY,1980,3283910246.0,628.26586744689,58.900173851234
Low & middle income,LMY,1981,3353295180.0,689.018186931512,59.3174605825073
Low & middle income,LMY,1982,3426055936.0,664.836308502643,59.730927656136
Low & middle income,LMY,1983,3500358704.0,630.455858022242,60.1741282582881
Low & middle income,LMY,1984,3574605687.0,634.324579382646,60.5619454490018
Low & middle income,LMY,1985,3650257753.0,645.031402996121,60.9277007726384
Low & middle income,LMY,1986,3727939991.0,645.01116093056,61.3568303135293
Low & middle income,LMY,1987,3807567876.0,651.89744802442,61.6973079202672
Low & middle income,LMY,1988,3887617477.0,681.284528572487,61.9869533849737
Low & middle income,LMY,1989,3967659848.0,715.657908906606,62.3624380249629
Low & middle income,LMY,1990,4049620054.0,805.876785600705,62.5801898263738
Low & middle income,LMY,1991,4127853483.0,767.803999715513,62.8225536510724
Low & middle income,LMY,1992,4205224081.0,790.84163078592,63.160106196851
Low & middle income,LMY,1993,4282493268.0,840.389188381456,63.4889847270539
Low & middle income,LMY,1994,4358651071.0,926.054332336124,63.7443032826965
Low & middle income,LMY,1995,4434718175.0,1054.98612211496,64.0593152446134
Low & middle income,LMY,1996,4511311531.0,1151.38460074484,64.3607502518944
Low & middle income,LMY,1997,4587799929.0,1201.98723733235,64.6819729663626
Low & middle income,LMY,1998,4664177477.0,1161.1055810429,64.9465061435906
Low & middle income,LMY,1999,4739595823.0,1100.00554776472,65.29043575261
Low & middle income,LMY,2000,4814250279.0,1178.01096453065,65.6715036495209
Low & middle income,LMY,2001,4888551481.0,1162.27956492439,66.002452063376
Low & middle income,LMY,2002,4961926647.0,1168.21008818899,66.341441445276
Low & middle income,LMY,2003,5034824498.0,1289.04927474147,66.6914030649656
Low & middle income,LMY,2004,5108183576.0,1490.85593705627,66.9104722374852
Low & middle income,LMY,2005,5181562375.0,1736.10100020162,67.3229974285212
Low & middle income,LMY,2006,5255157355.0,2015.80026970912,67.6733886279651
Low & middle income,LMY,2007,5328158709.0,2442.09195354366,68.01744363595
Low & middle income,LMY,2008,5402245137.0,2860.66030359115,68.2255321106624
Low & middle income,LMY,2009,5477389130.0,2829.0413443136,68.6163517954892
Low & middle income,LMY,2010,5553257507.0,3394.26296887076,68.9547877376437
Low & middle income,LMY,2011,5630227189.0,3942.65348704731,69.2434633728345
Low & middle income,LMY,2012,5709148191.0,4133.76162366082,69.5822714703333
Low & middle income,LMY,2013,5787391504.0,4330.27496489931,69.8689891025595
Low & middle income,LMY,2014,5865202078.0,4472.91557836283,70.119532025049
Low & middle income,LMY,2015,5941222744.0,4284.85686298442,70.3675043362779
Low & middle income,LMY,2016,6017111688.0,4274.9314240157,70.605934919215
Low & middle income,LMY,2017,6093971714.0,4615.000484095,70.8079915267906
Low & middle income,LMY,2018,6169658713.0,4853.74507668345,71.1341613587801
Low & middle income,LMY,2019,6243562839.0,4943.24879858439,71.3694842016143
Low & middle income,LMY,2020,6313913801.0,4732.82727829687,70.7483333328129
Low & middle income,LMY,2021,6378323939.0,5524.24398933119,69.6714224191227
Low & middle income,LMY,2022,6437946207.0,5741.78381882952,71.684923123906
Low & middle income,LMY,2023,6498875200.0,5856.29495195922,71.9736125967917
Low income,LIC,1967,136209201.0,126.0460454558,44.1038706503094
Low income,LIC,1968,139862334.0,133.298836791172,44.5205677394601
Low income,LIC,1969,143593621.0,151.037151115031,44.9030610805894
Low income,LIC,1970,147417297.0,150.17644959645,45.3236425927956
Low income,LIC,1971,151313255.0,163.095744268922,45.6022051610548
Low income,LIC,1972,155206976.0,177.925665317966,45.5946106088878
Low income,LIC,1973,159304515.0,207.292076594679,46.2670838107947
Low income,LIC,1974,163605392.0,252.544092701884,46.8073181716101
Low income,LIC,1975,167964187.0,290.888192850264,47.1837289150693
Low income,LIC,1976,172393281.0,297.885409727264,47.5436803829785
Low income,LIC,1977,176957140.0,336.067669138536,47.9511867389979
Low income,LIC,1978,182134871.0,380.631076978014,48.1015821747555
Low income,LIC,1979,187656318.0,390.935446971681,48.3874876195109
Low income,LIC,1980,192424417.0,427.388162349425,48.7096680745407
Low income,LIC,1981,196030673.0,426.34432994898,48.851070203488
Low income,LIC,1982,200239487.0,417.936186827646,48.8074342794286
Low income,LIC,1983,205645993.0,388.44963002565,48.8354681813129
Low income,LIC,1984,211255335.0,371.974276792287,48.6137816576751
Low income,LIC,1985,216877271.0,340.081322057494,48.9848247387252
Low income,LIC,1986,222444478.0,349.298899946602,49.9627389884635
Low income,LIC,1987,228079094.0,358.20692322369,50.1756993644187
Low income,LIC,1988,233656588.0,378.985964825507,50.3923748786103
Low income,LIC,1989,239520711.0,400.174024020823,51.1117650472739
Low income,LIC,1990,245338485.0,489.354554846981,51.2860421889945
Low income,LIC,1991,250935723.0,535.636925361024,50.9584366212897
Low income,LIC,1992,257817106.0,359.503148959575,51.0972350813565
Low income,LIC,1993,265888248.0,384.847441184861,51.9563551224084
Low income,LIC,1994,273508544.0,355.069947096744,51.9737964418179
Low income,LIC,1995,281169146.0,315.843363196236,52.0595113096406
Low income,LIC,1996,289332496.0,293.224041109446,52.1285765063044
Low income,LIC,1997,297416997.0,305.583033413587,52.5468441337198
Low income,LIC,1998,305718387.0,304.491352943612,52.3246132997424
Low income,LIC,1999,314325970.0,298.372775964067,53.3037969994398
Low income,LIC,2000,322668237.0,361.877753824032,54.143054419106
Low income,LIC,2001,331269527.0,332.003849693568,54.6681038847802
Low income,LIC,2002,341035328.0,358.708085875866,55.121256271447
Low income,LIC,2003,351244442.0,389.594478375983,56.2235112162145
Low income,LIC,2004,361305645.0,442.426324281659,56.6527593859072
Low income,LIC,2005,371788197.0,520.301355916657,57.1918932752725
Low income,LIC,2006,383041001.0,586.100552264911,57.9403344764781
Low income,LIC,2007,394448347.0,689.11060676483,58.5118801084062
Low income,LIC,2008,405862712.0,799.484016576029,59.0060258681143
Low income,LIC,2009,417577386.0,752.635927287489,59.1916649819035
Low income,LIC,2010,429515596.0,825.735188857174,59.9256637801227
Low income,LIC,2011,441658754.0,869.718827485855,59.8651146290921
Low income,LIC,2012,453652889.0,773.887672422173,60.4345555796009
Low income,LIC,2013,465087882.0,772.500259604632,60.8656156397362
Low income,LIC,2014,476470767.0,794.990235916855,60.8378194343705
Low income,LIC,2015,488308267.0,740.889503942237,60.9921347017928
Low income,LIC,2016,501149314.0,633.792954627598,61.4016938292427
Low income,LIC,2017,514890519.0,634.710788724745,61.5795083857409
Low income,LIC,2018,529522043.0,645.846067078284,62.3399876414984
Low income,LIC,2019,544980983.0,645.998249720369,62.7974465200669
Low income,LIC,2020,560643073.0,605.437906755342,62.8180995019214
Low income,LIC,2021,576076618.0,651.812637638679,62.3799887227483
Low income,LIC,2022,591481496.0,734.204117595357,63.4583102800447
Low income,LIC,2023,607774703.0,714.151764242762,64.5178957936853
Lower middle income,LMC,1960,819316105.0,104.622190033308,45.8301880843954
Lower middle income,LMC,1961,839921567.0,108.790631532897,46.2154635607872
Lower middle income,LMC,1962,861015557.0,107.769873681032,46.6640236928565
Lower middle income,LMC,1963,882650423.0,116.302952459909,46.9609338102029
Lower middle income,LMC,1964,904811416.0,127.481039129592,47.400278548108
Lower middle income,LMC,1965,927102247.0,133.298779181214,46.8899649008022
Lower middle income,LMC,1966,949379894.0,118.81816686926,47.3659865936487
Lower middle income,LMC,1967,972239035.0,123.822194887829,47.6636953514124
Lower middle income,LMC,1968,995662056.0,128.312649386522,48.6643173139553
Lower middle income,LMC,1969,1019411884.0,138.741324434999,49.1001789879204
Lower middle income,LMC,1970,1043977970.0,146.717059930611,49.0115789540413
Lower middle income,LMC,1971,1068357281.0,149.347709091742,48.0561391813366
Lower middle income,LMC,1972,1093403193.0,155.71919699866,49.98842035498
Lower middle income,LMC,1973,1120170342.0,178.775570286835,50.514840047725
Lower middle income,LMC,1974,1147885460.0,215.749591497895,50.9305751053759
Lower middle income,LMC,1975,1176467266.0,230.587651294711,51.5443242025754
Lower middle income,LMC,1976,1205621573.0,237.941973092627,52.0707074707037
Lower middle income,LMC,1977,1235700491.0,260.814054703214,52.6378576307438
Lower middle income,LMC,1978,1266293483.0,287.041554596414,53.1607096092881
Lower middle income,LMC,1979,1298149128.0,324.629239764227,53.799876431882
Lower middle income,LMC,1980,1332297507.0,385.789184687462,54.3576030393423
Lower middle income,LMC,1981,1367489973.0,466.524709207347,54.8569809259877
Lower middle income,LMC,1982,1403093561.0,451.578548015008,55.3101358256883
Lower middle income,LMC,1983,1439288342.0,417.335540205782,55.7724430502801
Lower middle income,LMC,1984,1476095233.0,390.443694264012,56.1895878840451
Lower middle income,LMC,1985,1513694513.0,406.320652267942,56.5725875995119
Lower middle income,LMC,1986,1551923872.0,398.187078252626,56.9681304183651
Lower middle income,LMC,1987,1590598381.0,423.555461616382,57.3334176436798
Lower middle income,LMC,1988,1629655073.0,426.609476571407,57.6964622624068
Lower middle income,LMC,1989,1669138722.0,407.948649745992,58.0385065882827
Lower middle income,LMC,1990,1711634869.0,432.474545821421,58.3559258376725
Lower middle income,LMC,1991,1752379727.0,404.475701008687,58.5024727525332
Lower middle income,LMC,1992,1792821112.0,412.870927830986,58.9471958898584
Lower middle income,LMC,1993,1833665328.0,408.373772276605,59.2340573917331
Lower middle income,LMC,1994,1874637283.0,449.264199085402,59.5532097528184
Lower middle income,LMC,1995,1915943684.0,521.959095982764,59.8791740636161
Lower middle income,LMC,1996,1957535877.0,581.925736310282,60.1997533105934
Lower middle income,LMC,1997,1999429097.0,597.792781411356,60.5372442138196
Lower middle income,LMC,1998,2041752501.0,597.802461520308,60.8895458376279
Lower middle income,LMC,1999,2083995762.0,540.247034057987,61.3145499505144
Lower middle income,LMC,2000,2126559759.0,559.072816607957,61.746407213603
Lower middle income,LMC,2001,2169474338.0,553.497178396773,62.1266977569066
Lower middle income,LMC,2002,2211549617.0,573.648227115116,62.5595171567779
Lower middle income,LMC,2003,2253206148.0,639.329708425509,62.9752203112398
Lower middle income,LMC,2004,2295275996.0,722.628943297013,63.3016675345135
Lower middle income,LMC,2005,2336911352.0,817.846092888275,63.6745035247791
Lower middle income,LMC,2006,2378783316.0,941.244764118773,64.1041811702886
Lower middle income,LMC,2007,2421545203.0,1131.22988752611,64.4872672407541
Lower middle income,LMC,2008,2464036877.0,1229.9549188542,64.7365443618488
Lower middle income,LMC,2009,2506795582.0,1260.98799326347,65.2095484182311
Lower middle income,LMC,2010,2550264612.0,1491.30888839804,65.554398103155
Lower middle income,LMC,2011,2593815085.0,1636.38338498875,65.9915065219331
Lower middle income,LMC,2012,2637101332.0,1701.13738449151,66.3602661185582
Lower middle income,LMC,2013,2679816109.0,1769.94084181484,66.6966580151048
Lower middle income,LMC,2014,2723061855.0,1881.19816238537,67.0394397674063
Lower middle income,LMC,2015,2765011526.0,1848.28029294397,67.3495071977304
Lower middle income,LMC,2016,2806590212.0,1895.24399500136,67.679193904199
Lower middle income,LMC,2017,2847931114.0,2026.19304074045,67.9952915350318
Lower middle income,LMC,2018,2888561818.0,2085.0452543512,68.2810033644819
Lower middle income,LMC,2019,2928617292.0,2228.84805859217,68.5574256254118
Lower middle income,LMC,2020,2968398856.0,2121.61421722256,68.040356336938
Lower middle income,LMC,2021,3006243027.0,2369.9577651033,66.3662902978306
Lower middle income,LMC,2022,3043358377.0,2493.61487371356,69.3010946755529
Lower middle income,LMC,2023,3082002881.0,2493.38985253651,69.5963746571515
Luxembourg,LUX,1960,313970.0,2261.17741836594,68.8005609756098
Luxembourg,LUX,1961,316845.0,2241.36003221423,69.1529268292683
Luxembourg,LUX,1962,320750.0,2331.55685801925,68.4317317073171
Luxembourg,LUX,1963,324100.0,2461.90112384487,68.6719756097561
Luxembourg,LUX,1964,327750.0,2779.18439746326,68.8656829268293
Luxembourg,LUX,1965,331500.0,2803.85304611765,69.2268536585366
Luxembourg,LUX,1966,333895.0,2925.22204723477,68.9003658536585
Luxembourg,LUX,1967,334995.0,2934.52832111007,69.4889268292683
Luxembourg,LUX,1968,335850.0,3202.50594852825,69.974756097561
Luxembourg,LUX,1969,337500.0,3690.17182620062,69.7166829268293
Luxembourg,LUX,1970,339171.0,4298.03389742102,69.2080975609756
Luxembourg,LUX,1971,342421.0,4435.39800823681,69.2398536585366
Luxembourg,LUX,1972,346600.0,5486.72062789089,70.4433658536585
Luxembourg,LUX,1973,350450.0,7447.21301786664,70.3344390243903
Luxembourg,LUX,1974,355050.0,8966.72895879047,70.1996341463415
Luxembourg,LUX,1975,358950.0,8701.30473139249,70.3182195121951
Luxembourg,LUX,1976,360731.0,9490.6903118849,70.2204146341464
Luxembourg,LUX,1977,361358.0,10486.3357891095,71.4241463414634
Luxembourg,LUX,1978,362007.0,13034.3882079614,71.4146341463415
Luxembourg,LUX,1979,362856.0,15204.3308191994,72.1766585365854
Luxembourg,LUX,1980,364150.0,16531.1148988397,72.2581707317073
Luxembourg,LUX,1981,365225.0,13837.1299814617,71.9679268292683
Luxembourg,LUX,1982,365525.0,12590.9767956204,72.0555853658537
Luxembourg,LUX,1983,365622.0,12374.0304234408,72.8511951219512
Luxembourg,LUX,1984,365998.0,12126.9391987909,72.5807073170732
Luxembourg,LUX,1985,366706.0,12481.9658448559,73.1336097560976
Luxembourg,LUX,1986,368355.0,18149.8692500239,73.952512195122
Luxembourg,LUX,1987,370750.0,22443.4314633012,73.7223414634146
Luxembourg,LUX,1988,373450.0,25219.3542781732,74.1201951219512
Luxembourg,LUX,1989,377100.0,26618.0695774968,74.1226585365854
Luxembourg,LUX,1990,381850.0,33465.478207919,74.7754878048781
Luxembourg,LUX,1991,387000.0,35747.3377992066,75.4634146341463
Luxembourg,LUX,1992,392175.0,39570.8615665986,75.7707317073171
Luxembourg,LUX,1993,397475.0,40066.7242518773,75.7121951219512
Luxembourg,LUX,1994,402925.0,43933.235442736,76.3707317073171
Luxembourg,LUX,1995,408625.0,51032.349635318,76.5121951219512
Luxembourg,LUX,1996,414225.0,50444.3591236175,76.519512195122
Luxembourg,LUX,1997,419450.0,46641.6408754876,76.880487804878
Luxembourg,LUX,1998,424700.0,47445.3810812051,77.0170731707317
Luxembourg,LUX,1999,430475.0,50872.4492684624,77.7707317073171
Luxembourg,LUX,2000,436300.0,48659.5988753233,77.8731707317073
Luxembourg,LUX,2001,441525.0,48440.1420151355,77.8243902439025
Luxembourg,LUX,2002,446175.0,53005.7339209179,77.9658536585366
Luxembourg,LUX,2003,451630.0,65689.3214536911,77.7268292682927
Luxembourg,LUX,2004,458095.0,76544.9170868473,79.1219512195122
Luxembourg,LUX,2005,465158.0,80988.1376230858,79.4317073170732
Luxembourg,LUX,2006,472637.0,90788.8004876145,79.2878048780488
Luxembourg,LUX,2007,479993.0,107475.320297978,79.3829268292683
Luxembourg,LUX,2008,488650.0,120422.137934157,80.5390243902439
Luxembourg,LUX,2009,497783.0,109419.746953106,80.6365853658537
Luxembourg,LUX,2010,506953.0,110885.991378721,80.6317073170732
Luxembourg,LUX,2011,518347.0,119025.057203467,80.9878048780488
Luxembourg,LUX,2012,530946.0,112584.676270958,81.3926829268293
Luxembourg,LUX,2013,543360.0,120000.140729859,81.8
Luxembourg,LUX,2014,556319.0,123678.702143275,82.2292682926829
Luxembourg,LUX,2015,569604.0,105462.012584423,82.2926829268293
Luxembourg,LUX,2016,582014.0,106899.293549552,82.6853658536585
Luxembourg,LUX,2017,596336.0,110193.213797228,82.0951219512195
Luxembourg,LUX,2018,607950.0,116926.759593905,82.2951219512195
Luxembourg,LUX,2019,620001.0,112696.649059674,82.6390243902439
Luxembourg,LUX,2020,630419.0,116860.02817236,82.1439024390244
Luxembourg,LUX,2021,640064.0,134965.815442152,82.5975609756098
Luxembourg,LUX,2022,653103.0,123719.658915996,82.9463414634147
Luxembourg,LUX,2023,666430.0,133230.619178899,83.3585365853659
"Macao SAR, China",MAC,1982,254650.0,4486.541208636,73.7552926829268
"Macao SAR, China",MAC,1983,269300.0,4207.25300817099,73.906512195122
"Macao SAR, China",MAC,1984,282850.0,4611.49497355573,74.0673902439025
"Macao SAR, China",MAC,1985,289700.0,4701.66434223387,74.5358048780488
"Macao SAR, China",MAC,1986,296050.0,5175.15646068506,74.814512195122
"Macao SAR, China",MAC,1987,306850.0,6380.07114016362,74.9958292682927
"Macao SAR, China",MAC,1988,316000.0,7242.91715984991,75.3718536585366
"Macao SAR, China",MAC,1989,325100.0,8322.56380195863,76.0493658536586
"Macao SAR, China",MAC,1990,334950.0,9692.43538809962,76.3986829268293
"Macao SAR, China",MAC,1991,351650.0,10707.3786750774,76.4601219512195
"Macao SAR, China",MAC,1992,370900.0,13249.8387410349,76.8933170731707
"Macao SAR, China",MAC,1993,384000.0,14754.1825906333,77.3012682926829
"Macao SAR, China",MAC,1994,396800.0,15905.2615421482,77.2664878048781
"Macao SAR, China",MAC,1995,409300.0,17215.1178522275,76.7585365853659
"Macao SAR, China",MAC,1996,415100.0,17289.5517956917,77.5439024390244
"Macao SAR, China",MAC,1997,417300.0,17415.6982810978,77.6463414634146
"Macao SAR, China",MAC,1998,422300.0,16094.9913844594,78.2463414634146
"Macao SAR, China",MAC,1999,427400.0,15318.6006770368,78.9951219512195
"Macao SAR, China",MAC,2000,430600.0,15731.4081633771,80.1829268292683
"Macao SAR, China",MAC,2001,433900.0,15810.7227666562,80.5878048780488
"Macao SAR, China",MAC,2002,438400.0,16814.9926424134,80.9463414634146
"Macao SAR, China",MAC,2003,443600.0,18589.8998330534,81.0439024390244
"Macao SAR, China",MAC,2004,454700.0,23407.1993692194,80.9926829268293
"Macao SAR, China",MAC,2005,473500.0,25681.2167315221,81.3414634146341
"Macao SAR, China",MAC,2006,498900.0,29813.7877167933,81.7292682926829
"Macao SAR, China",MAC,2007,520900.0,35400.2334659409,81.7292682926829
"Macao SAR, China",MAC,2008,540700.0,38888.5118044503,82.0268292682927
"Macao SAR, China",MAC,2009,535000.0,40354.2810293673,82.1756097560976
"Macao SAR, China",MAC,2010,537000.0,52596.2250160214,82.2731707317073
"Macao SAR, China",MAC,2011,549600.0,67046.7284292101,82.4707317073171
"Macao SAR, China",MAC,2012,567900.0,76058.0224963659,82.4707317073171
"Macao SAR, China",MAC,2013,591900.0,87107.8313063626,82.7219512195122
"Macao SAR, China",MAC,2014,621700.0,88355.3181764446,83.0219512195122
"Macao SAR, China",MAC,2015,642900.0,69902.9605741233,83.2243902439024
"Macao SAR, China",MAC,2016,652500.0,68911.6755919628,83.2756097560976
"Macao SAR, China",MAC,2017,648400.0,77570.9876166977,83.5268292682927
"Macao SAR, China",MAC,2018,658900.0,83588.2875009014,83.6780487804878
"Macao SAR, China",MAC,2019,672000.0,81882.6964523869,83.9292682926829
"Macao SAR, China",MAC,2020,685400.0,36883.6652578543,84.1292682926829
"Macao SAR, China",MAC,2021,682500.0,44884.8961602393,83.7292682926829
"Macao SAR, China",MAC,2022,677300.0,36806.891255461,83.0804878048781
"Macao SAR, China",MAC,2023,678800.0,67216.3631112124,83.1804878048781
Madagascar,MDG,1960,5111029.0,131.69201832961,43.349
Madagascar,MDG,1961,5246158.0,133.271232882825,43.79
Madagascar,MDG,1962,5384150.0,137.308007316434,44.185
Madagascar,MDG,1963,5525185.0,137.433563533649,44.626
Madagascar,MDG,1964,5669863.0,141.534669132002,45.037
Madagascar,MDG,1965,5819116.0,143.245722030305,45.447
Madagascar,MDG,1966,5974279.0,150.690080692721,45.98
Madagascar,MDG,1967,6136486.0,155.860688364854,46.457
Madagascar,MDG,1968,6306493.0,163.588485295319,46.932
Madagascar,MDG,1969,6484716.0,162.904752589963,47.322
Madagascar,MDG,1970,6672003.0,166.645544206518,47.898
Madagascar,MDG,1971,6868868.0,174.629594145065,48.204
Madagascar,MDG,1972,7074398.0,189.640262028465,48.507
Madagascar,MDG,1973,7288048.0,226.818255725382,48.921
Madagascar,MDG,1974,7509726.0,255.336638120604,49.303
Madagascar,MDG,1975,7739336.0,294.992905767807,49.596
Madagascar,MDG,1976,7976831.0,273.522678185535,49.8
Madagascar,MDG,1977,8222240.0,286.89632096228,49.945
Madagascar,MDG,1978,8475864.0,314.983241249429,50.017
Madagascar,MDG,1979,8737581.0,396.398711932997,50.059
Madagascar,MDG,1980,9006032.0,577.592700958515,49.984
Madagascar,MDG,1981,9279011.0,512.913929983213,49.806
Madagascar,MDG,1982,9557671.0,500.642606965445,50.009
Madagascar,MDG,1983,9843044.0,476.118671340584,50.107
Madagascar,MDG,1984,10134550.0,385.408181010621,50.209
Madagascar,MDG,1985,10433142.0,364.469101913106,50.406
Madagascar,MDG,1986,10736857.0,404.959271422966,50.651
Madagascar,MDG,1987,11047291.0,290.831531079348,51.098
Madagascar,MDG,1988,11369462.0,280.528398357653,51.425
Madagascar,MDG,1989,11704998.0,271.306183276982,51.816
Madagascar,MDG,1990,12055639.0,326.099253221978,52.14
Madagascar,MDG,1991,12421412.0,262.024402380479,52.555
Madagascar,MDG,1992,12800870.0,290.2120463948,52.946
Madagascar,MDG,1993,13197345.0,307.887603096441,53.733
Madagascar,MDG,1994,13613850.0,258.723806434505,54.247
Madagascar,MDG,1995,14051275.0,273.149653945976,54.845
Madagascar,MDG,1996,14510711.0,339.877283663608,55.477
Madagascar,MDG,1997,14990814.0,284.371843967244,56.127
Madagascar,MDG,1998,15489364.0,284.192923139852,56.803
Madagascar,MDG,1999,16000506.0,267.360530991414,57.434
Madagascar,MDG,2000,16516338.0,280.282905559649,57.974
Madagascar,MDG,2001,17032939.0,319.283278235657,58.674
Madagascar,MDG,2002,17549913.0,304.941777398445,59.17
Madagascar,MDG,2003,18071854.0,352.620095849925,59.693
Madagascar,MDG,2004,18606608.0,272.20074858856,60.168
Madagascar,MDG,2005,19159707.0,305.812074924388,60.664
Madagascar,MDG,2006,19730909.0,324.146874882604,61.14
Madagascar,MDG,2007,20318583.0,419.548001431865,61.533
Madagascar,MDG,2008,20923840.0,512.579800058444,61.992
Madagascar,MDG,2009,21547280.0,446.315238370592,62.304
Madagascar,MDG,2010,22183340.0,450.009391645726,62.597
Madagascar,MDG,2011,22822300.0,506.163691559309,62.86
Madagascar,MDG,2012,23462438.0,493.511162904211,63.007
Madagascar,MDG,2013,24109290.0,515.301589361832,63.161
Madagascar,MDG,2014,24764348.0,505.684922503435,63.261
Madagascar,MDG,2015,25426702.0,445.320069480568,63.362
Madagascar,MDG,2016,26099952.0,453.970714522463,63.431
Madagascar,MDG,2017,26788375.0,491.866848718929,63.433
Madagascar,MDG,2018,27494926.0,500.45718552916,63.491
Madagascar,MDG,2019,28219554.0,499.818837622534,63.504
Madagascar,MDG,2020,28953556.0,450.771615201509,62.706
Madagascar,MDG,2021,29691083.0,483.469463351195,62.516
Madagascar,MDG,2022,30437261.0,503.51453347296,63.068
Madagascar,MDG,2023,31195932.0,508.718427705591,63.632
Malawi,MWI,1980,6265529.0,287.470822426729,44.331
Malawi,MWI,1981,6516454.0,276.407062724717,44.72
Malawi,MWI,1982,6778879.0,253.342697905133,44.84
Malawi,MWI,1983,7051709.0,252.442074600122,44.974
Malawi,MWI,1984,7332810.0,239.74828969103,44.807
Malawi,MWI,1985,7620508.0,216.054136140391,44.568
Malawi,MWI,1986,7906480.0,217.8701899466,44.298
Malawi,MWI,1987,8293174.0,207.605894737179,43.902
Malawi,MWI,1988,8753262.0,229.421843922728,43.569
Malawi,MWI,1989,9176220.0,252.19590741943,43.515
Malawi,MWI,1990,9545852.0,286.730598968269,43.575
Malawi,MWI,1991,9844227.0,325.75273105931,43.54
Malawi,MWI,1992,10135079.0,258.393430877557,43.636
Malawi,MWI,1993,10284024.0,293.016883079922,43.648
Malawi,MWI,1994,10164894.0,169.196526919639,43.8
Malawi,MWI,1995,10150117.0,200.362370007247,43.804
Malawi,MWI,1996,10352228.0,320.662735559137,44.005
Malawi,MWI,1997,10562035.0,366.954461274104,44.2
Malawi,MWI,1998,10792876.0,236.045479450504,44.3
Malawi,MWI,1999,11047804.0,233.935986197873,45.06
Malawi,MWI,2000,11315942.0,224.22415918428,46.17
Malawi,MWI,2001,11593058.0,215.474524898357,47.205
Malawi,MWI,2002,11880440.0,428.210439838398,48.176
Malawi,MWI,2003,12181574.0,383.348596852642,49.601
Malawi,MWI,2004,12500737.0,404.674248445428,51.073
Malawi,MWI,2005,12840031.0,414.361121984475,52.469
Malawi,MWI,2006,13198701.0,440.822149023873,53.652
Malawi,MWI,2007,13576343.0,475.180261659331,54.687
Malawi,MWI,2008,13976417.0,554.048820396119,55.715
Malawi,MWI,2009,14395788.0,625.869729869625,56.714
Malawi,MWI,2010,14826463.0,683.124694716799,57.787
Malawi,MWI,2011,15265022.0,763.061000394572,58.859
Malawi,MWI,2012,15709577.0,558.46208832772,59.87
Malawi,MWI,2013,16161816.0,496.947368267313,60.816
Malawi,MWI,2014,16621538.0,529.5133440206,61.651
Malawi,MWI,2015,17085587.0,539.605363240686,62.324
Malawi,MWI,2016,17557739.0,450.506105510719,63.163
Malawi,MWI,2017,18039715.0,495.769683367165,63.914
Malawi,MWI,2018,18528081.0,533.202567189331,64.464
Malawi,MWI,2019,19025752.0,580.889139762475,64.995
Malawi,MWI,2020,19533888.0,602.507478176106,65.216
Malawi,MWI,2021,20047258.0,617.446994451007,64.782
Malawi,MWI,2022,20568728.0,604.269740360317,66.037
Malawi,MWI,2023,21104482.0,633.214767978695,67.353
Malaysia,MYS,1960,7956197.0,240.847414554537,57.168
Malaysia,MYS,1961,8164443.0,232.943768818315,58.015
Malaysia,MYS,1962,8380172.0,238.836339180717,58.855
Malaysia,MYS,1963,8602160.0,291.800006993807,59.667
Malaysia,MYS,1964,8828406.0,302.933952345239,60.448
Malaysia,MYS,1965,9056408.0,326.436007443045,61.144
Malaysia,MYS,1966,9284688.0,338.570121454412,61.679
Malaysia,MYS,1967,9507099.0,335.425630582949,62.044
Malaysia,MYS,1968,9725281.0,342.444763417284,62.443
Malaysia,MYS,1969,9947597.0,368.385655484736,62.868
Malaysia,MYS,1970,10178802.0,379.626764270849,63.298
Malaysia,MYS,1971,10423453.0,407.19672797331,63.77
Malaysia,MYS,1972,10676835.0,472.363509449959,64.232
Malaysia,MYS,1973,10935621.0,700.728626010603,64.725
Malaysia,MYS,1974,11200906.0,847.806802570239,65.204
Malaysia,MYS,1975,11471914.0,810.570999701272,65.697
Malaysia,MYS,1976,11750097.0,940.437734141673,66.233
Malaysia,MYS,1977,12035713.0,1091.70837095855,66.72
Malaysia,MYS,1978,12328157.0,1326.88769798353,67.17
Malaysia,MYS,1979,12627862.0,1679.87779419937,67.607
Malaysia,MYS,1980,12983363.0,1886.12339323875,68.061
Malaysia,MYS,1981,13399203.0,1866.10246831744,68.461
Malaysia,MYS,1982,13832798.0,1937.74922725899,68.876
Malaysia,MYS,1983,14285907.0,2124.29229106221,69.205
Malaysia,MYS,1984,14759009.0,2299.80870816235,69.551
Malaysia,MYS,1985,15252258.0,2045.57471772113,69.863
Malaysia,MYS,1986,15760419.0,1759.73185736702,70.133
Malaysia,MYS,1987,16276737.0,1977.1290866202,70.351
Malaysia,MYS,1988,16796605.0,2099.95467656701,70.551
Malaysia,MYS,1989,17314997.0,2243.60219599914,70.759
Malaysia,MYS,1990,17833171.0,2468.69080320116,70.952
Malaysia,MYS,1991,18342464.0,2679.20101106745,71.219
Malaysia,MYS,1992,18834572.0,3141.43321987651,71.483
Malaysia,MYS,1993,19322664.0,3461.99504214189,71.721
Malaysia,MYS,1994,19820446.0,3757.65292858601,71.865
Malaysia,MYS,1995,20330599.0,4363.14458333034,71.979
Malaysia,MYS,1996,20850087.0,4837.16897250768,72.119
Malaysia,MYS,1997,21375218.0,4678.56390058182,72.296
Malaysia,MYS,1998,21906713.0,3294.30978444095,72.385
Malaysia,MYS,1999,22435531.0,3527.81581379249,72.428
Malaysia,MYS,2000,22967816.0,4083.52874483605,72.732
Malaysia,MYS,2001,23526538.0,3943.79943910239,73.08
Malaysia,MYS,2002,24102477.0,4184.03163773539,73.469
Malaysia,MYS,2003,24679602.0,4465.32194567208,73.727
Malaysia,MYS,2004,25256772.0,4939.24851854427,74.027
Malaysia,MYS,2005,25836071.0,5555.58179951206,74.37
Malaysia,MYS,2006,26417909.0,6158.40785533236,74.697
Malaysia,MYS,2007,26998389.0,7168.93031942508,74.961
Malaysia,MYS,2008,27570059.0,8371.82156086005,75.151
Malaysia,MYS,2009,28124778.0,7191.43287234626,75.269
Malaysia,MYS,2010,28655776.0,8899.34505544675,75.376
Malaysia,MYS,2011,29162039.0,10217.1068585031,75.488
Malaysia,MYS,2012,29662831.0,10600.5744240026,75.552
Malaysia,MYS,2013,30174265.0,10713.6407638899,75.464
Malaysia,MYS,2014,30696137.0,11013.3107334403,75.345
Malaysia,MYS,2015,31232798.0,9648.6797937523,75.288
Malaysia,MYS,2016,31789685.0,9476.53409809923,75.371
Malaysia,MYS,2017,32355644.0,9862.54806612235,75.542
Malaysia,MYS,2018,32910967.0,10901.8019954421,75.734
Malaysia,MYS,2019,33440596.0,10920.191763972,75.9
Malaysia,MYS,2020,33889558.0,9957.52626697613,76.057
Malaysia,MYS,2021,34282399.0,10903.1037480772,73.917
Malaysia,MYS,2022,34695493.0,11754.5678336248,75.444
Malaysia,MYS,2023,35126298.0,11386.0395636528,76.657
Maldives,MDV,1970,123219.0,156.859236934154,44.522
Maldives,MDV,1971,127035.0,169.767418561131,45.454
Maldives,MDV,1972,130968.0,192.238848639394,46.431
Maldives,MDV,1973,134952.0,228.689027239389,47.459
Maldives,MDV,1974,138978.0,281.484632436928,48.535
Maldives,MDV,1975,143158.0,171.425121922398,49.645
Maldives,MDV,1976,147525.0,151.835059178195,50.753
Maldives,MDV,1977,151930.0,137.259189834243,51.835
Maldives,MDV,1978,156159.0,156.053183880423,50.448
Maldives,MDV,1979,160360.0,240.230509391253,53.871
Maldives,MDV,1980,164835.0,257.612619643525,54.819
Maldives,MDV,1981,169532.0,264.147517599287,55.729
Maldives,MDV,1982,174333.0,274.826568598483,56.614
Maldives,MDV,1983,179128.0,322.84057899403,57.484
Maldives,MDV,1984,184198.0,594.488246882652,58.341
Maldives,MDV,1985,190169.0,668.830135090308,59.18
Maldives,MDV,1986,196935.0,720.452201133255,59.993
Maldives,MDV,1987,203944.0,692.459838892363,60.789
Maldives,MDV,1988,210885.0,799.082501719284,61.59
Maldives,MDV,1989,217738.0,870.378318180563,62.375
Maldives,MDV,1990,224762.0,956.763019768672,63.148
Maldives,MDV,1991,231802.0,1054.33413828759,63.911
Maldives,MDV,1992,238543.0,1194.2325242813,64.664
Maldives,MDV,1993,244884.0,1316.614548774,65.434
Maldives,MDV,1994,250822.0,1419.39276513408,66.197
Maldives,MDV,1995,256649.0,1554.60942754604,66.962
Maldives,MDV,1996,262347.0,1716.74281753716,67.734
Maldives,MDV,1997,267707.0,1898.43225010526,68.517
Maldives,MDV,1998,272723.0,1980.38448396751,69.303
Maldives,MDV,1999,277412.0,2124.06007530631,70.157
Maldives,MDV,2000,282019.0,2213.81235053178,70.892
Maldives,MDV,2001,286767.0,3033.93234507036,71.659
Maldives,MDV,2002,291616.0,3076.07007160101,72.36
Maldives,MDV,2003,296491.0,3548.5767011056,73.263
Maldives,MDV,2004,301413.0,4070.2609459446,73.008
Maldives,MDV,2005,306429.0,3796.51546524644,74.785
Maldives,MDV,2006,313851.0,5018.94335409159,75.256
Maldives,MDV,2007,324479.0,5758.10286933053,75.711
Maldives,MDV,2008,336170.0,6757.43280929292,75.999
Maldives,MDV,2009,348275.0,6734.03165601895,76.371
Maldives,MDV,2010,360792.0,7173.59601844692,76.756
Maldives,MDV,2011,373674.0,7424.520410971,77.141
Maldives,MDV,2012,386818.0,7461.29703686309,77.512
Maldives,MDV,2013,400070.0,8236.08177944126,77.847
Maldives,MDV,2014,413617.0,8939.07416571472,78.187
Maldives,MDV,2015,428154.0,9644.90655028145,78.607
Maldives,MDV,2016,443308.0,9947.80744731739,78.913
Maldives,MDV,2017,458287.0,10509.628805812,79.228
Maldives,MDV,2018,473099.0,11423.2838427029,79.433
Maldives,MDV,2019,487731.0,11740.2724029785,79.707
Maldives,MDV,2020,502118.0,7393.8886543933,78.713
Maldives,MDV,2021,516154.0,10176.143882547,78.052
Maldives,MDV,2022,524106.0,11786.0191492983,80.76
Maldives,MDV,2023,525994.0,12587.6126038651,81.041
Mali,MLI,1967,5990906.0,45.9854448702914,32.197
Mali,MLI,1968,6082979.0,56.5137530466331,32.568
Mali,MLI,1969,6177704.0,55.0226859514125,32.871
Mali,MLI,1970,6276472.0,57.3207870762744,33.396
Mali,MLI,1971,6377944.0,61.966462690907,33.804
Mali,MLI,1972,6483726.0,75.0521043387011,34.507
Mali,MLI,1973,6597106.0,85.4440876506614,35.087
Mali,MLI,1974,6715436.0,80.2252214087116,35.749
Mali,MLI,1975,6837261.0,121.497572665422,36.484
Mali,MLI,1976,6960979.0,134.927575165475,37.204
Mali,MLI,1977,7090979.0,148.052694572807,37.986
Mali,MLI,1978,7229651.0,169.123319071279,38.761
Mali,MLI,1979,7375266.0,216.320734146311,39.506
Mali,MLI,1980,7530515.0,359.12056332085,40.266
Mali,MLI,1981,7692766.0,290.478605534961,40.984
Mali,MLI,1982,7860194.0,213.773956907607,41.804
Mali,MLI,1983,8034400.0,186.276028899026,42.748
Mali,MLI,1984,8208599.0,169.067780598011,43.396
Mali,MLI,1985,8374663.0,190.377454158271,43.921
Mali,MLI,1986,8531277.0,250.013920202755,44.62
Mali,MLI,1987,8681164.0,280.723262413678,45.228
Mali,MLI,1988,8833996.0,307.019371606958,45.72
Mali,MLI,1989,8999938.0,313.871327696511,46.237
Mali,MLI,1990,9178830.0,353.903252431339,46.541
Mali,MLI,1991,9362888.0,381.993534670324,46.889
Mali,MLI,1992,9553540.0,385.278654489301,47.238
Mali,MLI,1993,9754786.0,372.412257655559,47.586
Mali,MLI,1994,9967031.0,266.455340167693,47.914
Mali,MLI,1995,10185365.0,331.193112410921,48.292
Mali,MLI,1996,10407278.0,359.662096047648,48.5
Mali,MLI,1997,10646495.0,320.75152297828,49.086
Mali,MLI,1998,10919573.0,356.647044025322,49.592
Mali,MLI,1999,11227415.0,364.415678427556,50.06
Mali,MLI,2000,11559290.0,304.652870194271,50.605
Mali,MLI,2001,11912158.0,346.224554251022,51.3
Mali,MLI,2002,12288050.0,378.191678628285,51.995
Mali,MLI,2003,12684955.0,441.910358475095,52.632
Mali,MLI,2004,13102409.0,495.006294680645,53.253
Mali,MLI,2005,13538647.0,548.730382842725,53.792
Mali,MLI,2006,13990139.0,586.985415515264,54.305
Mali,MLI,2007,14457775.0,670.853394973479,54.756
Mali,MLI,2008,14940782.0,767.19483895009,55.187
Mali,MLI,2009,15435539.0,787.482564287398,55.588
Mali,MLI,2010,15945198.0,797.151541135109,55.993
Mali,MLI,2011,16469049.0,938.292902583696,56.367
Mali,MLI,2012,16957033.0,872.506092465564,56.696
Mali,MLI,2013,17459615.0,901.920957644831,57.052
Mali,MLI,2014,18020267.0,947.915033288325,57.482
Mali,MLI,2015,18593022.0,838.11986940103,57.852
Mali,MLI,2016,19191289.0,872.468587171653,58.286
Mali,MLI,2017,19813011.0,924.057531692284,58.562
Mali,MLI,2018,20442030.0,996.379292136901,58.873
Mali,MLI,2019,21068405.0,971.949318638092,59.217
Mali,MLI,2020,21713836.0,953.242943290974,58.858
Mali,MLI,2021,22388630.0,1027.27345365357,59.116
Mali,MLI,2022,23072640.0,976.914116406452,60.035
Mali,MLI,2023,23769127.0,1043.9533853528,60.439
Malta,MLT,1970,302650.0,828.44472588263,70.2849512195122
Malta,MLT,1971,302700.0,874.061727024101,70.0765365853659
Malta,MLT,1972,302450.0,975.720378043786,70.5963170731707
Malta,MLT,1973,302200.0,1143.66679643467,71.2199268292683
Malta,MLT,1974,301996.0,1245.31823028606,71.8290731707317
Malta,MLT,1975,304222.0,1560.10519115107,71.9532195121951
Malta,MLT,1976,305774.0,1726.55944845303,72.0916097560976
Malta,MLT,1977,306970.0,2037.8641908695,72.2178048780488
Malta,MLT,1978,310182.0,2558.73455468428,72.2289268292683
Malta,MLT,1979,313342.0,3195.51431611516,72.3917073170732
Malta,MLT,1980,316645.0,3948.26572689504,72.2183902439025
Malta,MLT,1981,318982.0,3898.36853997864,72.2716585365854
Malta,MLT,1982,325898.0,3787.91647703123,72.7255853658537
Malta,MLT,1983,330524.0,3526.91395139354,73.0011463414634
Malta,MLT,1984,330593.0,3332.82018387922,73.2111707317073
Malta,MLT,1985,336452.0,3322.30879632858,73.7640731707317
Malta,MLT,1986,342121.0,4194.53480236296,74.393512195122
Malta,MLT,1987,344485.0,5083.80179308013,75.1933170731707
Malta,MLT,1988,347325.0,5814.44775940093,75.7509024390244
Malta,MLT,1989,350722.0,6040.84054229986,76.0512926829268
Malta,MLT,1990,354170.0,7192.38994693962,76.0459268292683
Malta,MLT,1991,363845.0,7558.75921583164,76.3776341463415
Malta,MLT,1992,367618.0,8220.33403924666,76.5651219512195
Malta,MLT,1993,371308.0,7296.35111127489,76.7196097560976
Malta,MLT,1994,374797.0,8000.3453286604,76.8329756097561
Malta,MLT,1995,377419.0,9828.32354719517,77.290243902439
Malta,MLT,1996,379905.0,10061.850192141,77.3414634146342
Malta,MLT,1997,382791.0,9893.18898998688,77.7390243902439
Malta,MLT,1998,385287.0,10408.1157380149,77.5878048780488
Malta,MLT,1999,387578.0,10609.1104477299,77.5
Malta,MLT,2000,390087.0,10348.4858902403,78.3487804878049
Malta,MLT,2001,393028.0,10357.7025891731,78.8439024390244
Malta,MLT,2002,395969.0,11251.2025296416,78.7390243902439
Malta,MLT,2003,398582.0,13593.9787155682,78.5463414634146
Malta,MLT,2004,401268.0,15212.1313438497,79.2536585365854
Malta,MLT,2005,403834.0,15831.344048672,79.3
Malta,MLT,2006,405308.0,16653.6036929688,79.4390243902439
Malta,MLT,2007,406724.0,19444.1741958382,79.7926829268293
Malta,MLT,2008,409379.0,22315.3104212988,79.6365853658537
Malta,MLT,2009,412477.0,21176.3218262672,80.2414634146342
Malta,MLT,2010,414508.0,21946.6069636029,81.3975609756098
Malta,MLT,2011,416268.0,23516.9691234302,80.7463414634146
Malta,MLT,2012,420028.0,22878.3130866521,80.7463414634146
Malta,MLT,2013,424810.0,25415.5566867731,81.7463414634146
Malta,MLT,2014,433481.0,27424.5765646694,82.0463414634146
Malta,MLT,2015,444220.0,25529.6813337717,81.8975609756097
Malta,MLT,2016,454505.0,26459.0770929988,82.4536585365854
Malta,MLT,2017,467106.0,30317.2443175543,82.3463414634146
Malta,MLT,2018,483903.0,33382.2677499267,82.2487804878049
Malta,MLT,2019,503912.0,32421.9179752262,82.6585365853659
Malta,MLT,2020,515490.0,31823.4363934505,82.0975609756098
Malta,MLT,2021,518150.0,38096.8360735119,82.2585365853659
Malta,MLT,2022,531113.0,35638.8869457406,82.4487804878049
Malta,MLT,2023,552747.0,40905.8059585057,83.5073170731707
Marshall Islands,MHL,1970,22530.0,373.212871726587,58.798
Marshall Islands,MHL,1971,23366.0,390.174184712831,59.133
Marshall Islands,MHL,1972,23992.0,415.707402467489,59.491
Marshall Islands,MHL,1973,24581.0,472.208860502014,59.833
Marshall Islands,MHL,1974,25296.0,601.578589500316,60.12
Marshall Islands,MHL,1975,26154.0,638.193048864418,60.273
Marshall Islands,MHL,1976,27021.0,671.834758151068,60.416
Marshall Islands,MHL,1977,27906.0,724.219486848706,60.572
Marshall Islands,MHL,1978,28809.0,770.91776875282,60.701
Marshall Islands,MHL,1979,29738.0,859.013585311722,60.845
Marshall Islands,MHL,1980,30774.0,867.961688438292,60.989
Marshall Islands,MHL,1981,32017.0,968.86029296936,61.139
Marshall Islands,MHL,1982,33397.0,1045.54301284547,61.293
Marshall Islands,MHL,1983,34811.0,1199.30481744276,61.452
Marshall Islands,MHL,1984,36264.0,1244.87094639312,61.602
Marshall Islands,MHL,1985,37761.0,1162.01901432695,61.712
Marshall Islands,MHL,1986,39286.0,1425.16418062414,61.778
Marshall Islands,MHL,1987,40828.0,1542.64230430097,61.808
Marshall Islands,MHL,1988,42321.0,1670.28189314997,61.778
Marshall Islands,MHL,1989,43586.0,1670.21520671775,61.733
Marshall Islands,MHL,1990,44629.0,1758.40820990836,61.756
Marshall Islands,MHL,1991,45568.0,1810.63465589888,61.792
Marshall Islands,MHL,1992,46388.0,1963.07234629646,61.9
Marshall Islands,MHL,1993,47093.0,2112.01240099378,62.085
Marshall Islands,MHL,1994,47712.0,2265.0695841717,62.308
Marshall Islands,MHL,1995,48266.0,2490.98744457796,62.515
Marshall Islands,MHL,1996,48775.0,2272.84469502819,62.765
Marshall Islands,MHL,1997,49259.0,2230.75377088451,63.015
Marshall Islands,MHL,1998,49717.0,2254.16054870567,63.218
Marshall Islands,MHL,1999,50202.0,2257.92000318712,63.421
Marshall Islands,MHL,2000,50706.0,2264.79114897645,63.323
Marshall Islands,MHL,2001,51123.0,2394.34501105178,63.735
Marshall Islands,MHL,2002,51425.0,2566.06708799222,63.848
Marshall Islands,MHL,2003,51639.0,2539.3307383954,63.956
Marshall Islands,MHL,2004,51791.0,2566.08291015814,64.044
Marshall Islands,MHL,2005,51906.0,2658.65217893885,64.112
Marshall Islands,MHL,2006,51992.0,2754.26988767503,64.207
Marshall Islands,MHL,2007,52035.0,2892.28403958874,64.259
Marshall Islands,MHL,2008,52030.0,2817.60522775322,64.3
Marshall Islands,MHL,2009,52019.0,2906.63026970914,64.395
Marshall Islands,MHL,2010,52044.0,3095.45768964722,64.498
Marshall Islands,MHL,2011,51907.0,3319.39815439151,64.641
Marshall Islands,MHL,2012,51419.0,3514.26515490383,64.776
Marshall Islands,MHL,2013,50681.0,3677.90690791421,64.954
Marshall Islands,MHL,2014,49796.0,3735.23977829545,65.11
Marshall Islands,MHL,2015,48800.0,3764.34426229508,65.292
Marshall Islands,MHL,2016,47709.0,4229.80988911945,65.477
Marshall Islands,MHL,2017,46529.0,4592.83457628576,65.673
Marshall Islands,MHL,2018,45285.0,4858.12079054875,65.87
Marshall Islands,MHL,2019,44007.0,5292.33985502306,66.047
Marshall Islands,MHL,2020,42706.0,5661.96787336674,65.387
Marshall Islands,MHL,2021,41367.0,6315.31279603534,65.421
Marshall Islands,MHL,2022,40077.0,6455.66062185762,66.725
Marshall Islands,MHL,2023,38827.0,6793.24495895856,66.945
Mauritania,MRT,1961,846167.0,188.158401597739,44.307
Mauritania,MRT,1962,869184.0,188.995146612769,45.047
Mauritania,MRT,1963,893423.0,188.249348047987,45.794
Mauritania,MRT,1964,918955.0,244.294599697524,46.581
Mauritania,MRT,1965,945838.0,269.962165823141,47.36
Mauritania,MRT,1966,974157.0,273.604362731912,48.135
Mauritania,MRT,1967,1003843.0,281.533377446756,48.893
Mauritania,MRT,1968,1034739.0,300.94152952866,49.507
Mauritania,MRT,1969,1066754.0,276.598267711858,50.085
Mauritania,MRT,1970,1099806.0,281.327175871626,50.544
Mauritania,MRT,1971,1133702.0,295.993927021331,50.757
Mauritania,MRT,1972,1168355.0,335.23154288786,51.037
Mauritania,MRT,1973,1203838.0,409.721138785311,51.216
Mauritania,MRT,1974,1240188.0,494.288408290337,51.432
Mauritania,MRT,1975,1277330.0,550.66258324178,51.571
Mauritania,MRT,1976,1315336.0,589.237667658903,51.77
Mauritania,MRT,1977,1353768.0,590.226698413217,51.998
Mauritania,MRT,1978,1392713.0,577.742777476832,52.349
Mauritania,MRT,1979,1432758.0,664.383619042778,52.763
Mauritania,MRT,1980,1474043.0,710.918952530534,53.204
Mauritania,MRT,1981,1516877.0,728.796521822095,53.684
Mauritania,MRT,1982,1561176.0,710.21886884239,54.229
Mauritania,MRT,1983,1606746.0,725.174522510668,54.58
Mauritania,MRT,1984,1653693.0,649.681186509673,55.195
Mauritania,MRT,1985,1702107.0,593.219654421302,55.808
Mauritania,MRT,1986,1751835.0,677.363323878901,56.323
Mauritania,MRT,1987,1803014.0,745.787178962507,56.964
Mauritania,MRT,1988,1855859.0,762.423918016846,57.483
Mauritania,MRT,1989,1903048.0,762.275580637475,57.699
Mauritania,MRT,1990,1951878.0,772.033092140219,58.087
Mauritania,MRT,1991,2009738.0,1061.67704285264,58.291
Mauritania,MRT,1992,2088135.0,1036.47437808576,58.568
Mauritania,MRT,1993,2174328.0,849.620301696661,58.733
Mauritania,MRT,1994,2249454.0,864.599478365453,58.763
Mauritania,MRT,1995,2312017.0,904.719170071042,58.861
Mauritania,MRT,1996,2358188.0,904.120879798142,58.915
Mauritania,MRT,1997,2411306.0,859.28395817576,59.417
Mauritania,MRT,1998,2474651.0,821.266378551937,59.89
Mauritania,MRT,1999,2541698.0,781.337033563197,60.443
Mauritania,MRT,2000,2613441.0,680.911061879778,61.044
Mauritania,MRT,2001,2678760.0,651.817840199777,61.662
Mauritania,MRT,2002,2738655.0,648.879643934862,62.249
Mauritania,MRT,2003,2802046.0,732.017820812675,62.805
Mauritania,MRT,2004,2868664.0,823.554457141893,63.369
Mauritania,MRT,2005,2939059.0,998.96583416747,63.92
Mauritania,MRT,2006,3013660.0,1300.60367988659,64.493
Mauritania,MRT,2007,3093059.0,1405.15016203368,64.885
Mauritania,MRT,2008,3183269.0,1635.5630623124,65.233
Mauritania,MRT,2009,3284448.0,1435.43010811893,65.485
Mauritania,MRT,2010,3390965.0,1659.96369705455,65.661
Mauritania,MRT,2011,3502811.0,1931.19975525465,65.754
Mauritania,MRT,2012,3619034.0,1859.11733247641,65.808
Mauritania,MRT,2013,3734318.0,1934.24103064714,65.89
Mauritania,MRT,2014,3848514.0,1713.00865264234,66.207
Mauritania,MRT,2015,3965959.0,1554.94897871782,66.498
Mauritania,MRT,2016,4086657.0,1565.76575722696,66.823
Mauritania,MRT,2017,4210600.0,1615.00401327323,67.088
Mauritania,MRT,2018,4337685.0,1722.93528854073,67.419
Mauritania,MRT,2019,4467708.0,1767.072710621,67.64
Mauritania,MRT,2020,4600131.0,1795.76459566714,66.794
Mauritania,MRT,2021,4734874.0,1947.78918383313,66.762
Mauritania,MRT,2022,4875637.0,1960.35240077424,68.281
Mauritania,MRT,2023,5022441.0,2135.78187606359,68.484
Mauritius,MUS,1960,680331.0,238.251033437494,58.4614146341463
Mauritius,MUS,1961,680757.0,281.683081448637,59.5666829268293
Mauritius,MUS,1962,700349.0,282.342386236302,60.4433902439024
Mauritius,MUS,1963,718861.0,353.11354761151,61.128512195122
Mauritius,MUS,1964,736381.0,297.284380211561,61.5040487804878
Mauritius,MUS,1965,753000.0,305.47697280765,62.074756097561
Mauritius,MUS,1966,768813.0,295.955041673441,62.1274878048781
Mauritius,MUS,1967,783917.0,304.163949585507,61.7451707317073
Mauritius,MUS,1968,798413.0,258.734051896237,62.0993414634146
Mauritius,MUS,1969,812405.0,272.713256163629,62.7038780487805
Mauritius,MUS,1970,826000.0,271.338746980393,63.7321951219512
Mauritius,MUS,1971,839230.0,299.604801832026,63.9004390243903
Mauritius,MUS,1972,852053.0,373.996570209941,63.8733902439024
Mauritius,MUS,1973,864819.0,467.480218496262,64.2941951219512
Mauritius,MUS,1974,878042.0,762.940758670279,64.4107073170732
Mauritius,MUS,1975,892000.0,754.833281472402,64.6136829268293
Mauritius,MUS,1976,906507.0,787.098225962589,64.3810243902439
Mauritius,MUS,1977,921379.0,905.949638747869,65.1307317073171
Mauritius,MUS,1978,933499.0,1102.34753691974,65.5920731707317
Mauritius,MUS,1979,949888.0,1292.2014302482,66.3225365853659
Mauritius,MUS,1980,966039.0,1187.35157080412,66.7709024390244
Mauritius,MUS,1981,980462.0,1180.84070937438,67.4061463414634
Mauritius,MUS,1982,992521.0,1101.15920527391,68.0819756097561
Mauritius,MUS,1983,1001691.0,1103.09124580137,68.5459024390244
Mauritius,MUS,1984,1012221.0,1041.83252378016,68.7760243902439
Mauritius,MUS,1985,1020528.0,1068.67359316099,68.855512195122
Mauritius,MUS,1986,1028360.0,1441.71452837714,68.9978048780488
Mauritius,MUS,1987,1036082.0,1839.79109565422,69.2877073170732
Mauritius,MUS,1988,1043239.0,2073.59238787189,69.5606097560976
Mauritius,MUS,1989,1051260.0,2103.48802694458,69.6791219512195
Mauritius,MUS,1990,1058775.0,2539.92846467452,69.4048780487805
Mauritius,MUS,1991,1070266.0,2705.26648158805,69.9560975609756
Mauritius,MUS,1992,1084441.0,3013.23706337167,70.0585365853659
Mauritius,MUS,1993,1097374.0,3013.83313790492,70.1073170731707
Mauritius,MUS,1994,1112846.0,3240.38624662702,70.1585365853659
Mauritius,MUS,1995,1122457.0,3648.01649622256,70.3258536585366
Mauritius,MUS,1996,1133996.0,3951.94494649336,70.3229268292683
Mauritius,MUS,1997,1148284.0,3695.73668844327,70.4048780487805
Mauritius,MUS,1998,1160421.0,3641.62142564086,70.6073170731707
Mauritius,MUS,1999,1175267.0,3745.69625069831,70.9609756097561
Mauritius,MUS,2000,1186873.0,3981.98343249582,71.6634146341463
Mauritius,MUS,2001,1196287.0,3908.55694927435,71.7658536585366
Mauritius,MUS,2002,1204621.0,4073.06053055903,71.9658536585366
Mauritius,MUS,2003,1213370.0,4858.26575549747,72.1170731707317
Mauritius,MUS,2004,1221003.0,5460.60800184198,72.2658536585366
Mauritius,MUS,2005,1228254.0,5354.02974260642,72.4321951219512
Mauritius,MUS,2006,1233996.0,5784.22491883026,72.4321951219512
Mauritius,MUS,2007,1239630.0,6677.34962448608,72.5707317073171
Mauritius,MUS,2008,1244121.0,8140.50808595895,72.5707317073171
Mauritius,MUS,2009,1247429.0,7426.88645617593,72.8824390243903
Mauritius,MUS,2010,1250400.0,8113.17670740212,72.9673170731707
Mauritius,MUS,2011,1252404.0,9324.24232310496,73.2668292682927
Mauritius,MUS,2012,1255882.0,9421.52514098225,73.8634146341464
Mauritius,MUS,2013,1258927.0,9877.13865958834,74.0170731707317
Mauritius,MUS,2014,1261208.0,10490.3315563853,74.1943902439024
Mauritius,MUS,2015,1262879.0,9630.5437837507,74.3531707317073
Mauritius,MUS,2016,1263747.0,10095.1225574156,74.3948780487805
Mauritius,MUS,2017,1264887.0,10986.7034093005,74.5146341463415
Mauritius,MUS,2018,1265577.0,11818.7480619272,74.4163414634146
Mauritius,MUS,2019,1265985.0,11568.2533399824,74.2358536585366
Mauritius,MUS,2020,1266014.0,9135.84773751062,74.1770731707317
Mauritius,MUS,2021,1266334.0,9177.71195973013,73.680243902439
Mauritius,MUS,2022,1262523.0,10246.5017455553,73.5146341463415
Mauritius,MUS,2023,1248647.0,11269.9684462139,73.4121951219512
Mexico,MEX,1960,36724615.0,355.075199563018,53.573
Mexico,MEX,1961,37890118.0,373.712216995471,54.422
Mexico,MEX,1962,39129200.0,388.456702411498,55.057
Mexico,MEX,1963,40424065.0,419.552066324849,55.501
Mexico,MEX,1964,41772049.0,480.704214437745,55.916
Mexico,MEX,1965,43174477.0,505.854419498816,56.688
Mexico,MEX,1966,44629106.0,544.935854193449,57.355
Mexico,MEX,1967,46129608.0,575.769037534418,57.959
Mexico,MEX,1968,47668303.0,615.922912128842,58.22
Mexico,MEX,1969,49233194.0,659.71750685117,58.413
Mexico,MEX,1970,50814953.0,699.006845485029,58.893
Mexico,MEX,1971,52412558.0,747.912361003254,59.415
Mexico,MEX,1972,54030168.0,836.569673446138,60.051
Mexico,MEX,1973,55667284.0,993.042879548426,60.518
Mexico,MEX,1974,57320149.0,1256.10280601329,61.18
Mexico,MEX,1975,58982400.0,1491.97048611111,61.883
Mexico,MEX,1976,60645512.0,1465.49877862474,62.475
Mexico,MEX,1977,62308493.0,1314.62044481645,62.988
Mexico,MEX,1978,63979046.0,1604.40920452482,63.435
Mexico,MEX,1979,65648865.0,2049.26468871816,63.862
Mexico,MEX,1980,67300334.0,3054.62162291784,64.282
Mexico,MEX,1981,68892108.0,3829.14437544129,64.722
Mexico,MEX,1982,70433260.0,2620.95793392947,65.256
Mexico,MEX,1983,71971240.0,2169.85285279223,65.756
Mexico,MEX,1984,73506846.0,2506.30742754755,66.215
Mexico,MEX,1985,75043414.0,2601.70825226684,66.775
Mexico,MEX,1986,76585637.0,1756.93563367491,67.377
Mexico,MEX,1987,78136651.0,1888.2631431041,67.904
Mexico,MEX,1988,79695531.0,2278.81222720992,68.299
Mexico,MEX,1989,81247182.0,2725.05572275442,68.621
Mexico,MEX,1990,82820170.0,3154.46920349038,69.034
Mexico,MEX,1991,84430572.0,3708.8420548157,69.368
Mexico,MEX,1992,86044809.0,4220.56643677057,69.663
Mexico,MEX,1993,87653807.0,6048.34840388099,69.961
Mexico,MEX,1994,89259205.0,6202.36588372862,70.302
Mexico,MEX,1995,90862455.0,4183.87847727479,70.703
Mexico,MEX,1996,92452702.0,4674.36792733681,71.088
Mexico,MEX,1997,94021207.0,5567.35599516667,71.472
Mexico,MEX,1998,95575245.0,5832.69342004468,71.792
Mexico,MEX,1999,97115707.0,6499.97182950425,72.203
Mexico,MEX,2000,98625552.0,7524.0271380091,72.562
Mexico,MEX,2001,100099099.0,7952.76479510706,72.912
Mexico,MEX,2002,101548624.0,7983.03398381759,73.106
Mexico,MEX,2003,102978515.0,7434.0746485155,73.308
Mexico,MEX,2004,104394131.0,7849.66759649565,73.432
Mexico,MEX,2005,105811504.0,8671.75891885163,73.627
Mexico,MEX,2006,107253666.0,9512.63575346699,73.746
Mexico,MEX,2007,108774360.0,10134.3327138119,73.796
Mexico,MEX,2008,110374288.0,10523.7685403244,73.695
Mexico,MEX,2009,111999721.0,8423.56933214711,73.628
Mexico,MEX,2010,113623895.0,9728.80078377082,73.718
Mexico,MEX,2011,115243504.0,10664.4944032313,73.921
Mexico,MEX,2012,116818208.0,10744.1335242686,74.128
Mexico,MEX,2013,118343573.0,11216.8008505428,74.289
Mexico,MEX,2014,119784261.0,11391.3773497683,74.404
Mexico,MEX,2015,121072306.0,10021.2386118827,74.431
Mexico,MEX,2016,122251351.0,9097.92397674769,74.376
Mexico,MEX,2017,123400057.0,9649.27816772402,74.261
Mexico,MEX,2018,124573711.0,10084.7937562021,74.301
Mexico,MEX,2019,125762982.0,10369.5553585271,74.53
Mexico,MEX,2020,126799054.0,8841.27075039868,70.449
Mexico,MEX,2021,127648148.0,10314.0506722115,69.75
Mexico,MEX,2022,128613117.0,11405.7940473759,73.973
Mexico,MEX,2023,129739759.0,13860.9597809326,75.069
"Micronesia, Fed. Sts.",FSM,1970,58922.0,337.4957740742,59.774
"Micronesia, Fed. Sts.",FSM,1971,60636.0,359.244640147767,60.182
"Micronesia, Fed. Sts.",FSM,1972,62278.0,403.046469058094,60.608
"Micronesia, Fed. Sts.",FSM,1973,63986.0,544.204466602069,60.955
"Micronesia, Fed. Sts.",FSM,1974,65749.0,701.077963162938,61.319
"Micronesia, Fed. Sts.",FSM,1975,67428.0,683.97674556564,61.617
"Micronesia, Fed. Sts.",FSM,1976,69049.0,677.970615070457,61.885
"Micronesia, Fed. Sts.",FSM,1977,70753.0,668.601472729072,62.118
"Micronesia, Fed. Sts.",FSM,1978,72754.0,737.510432416087,62.306
"Micronesia, Fed. Sts.",FSM,1979,75054.0,803.032190156421,62.46
"Micronesia, Fed. Sts.",FSM,1980,77407.0,829.209813066002,62.556
"Micronesia, Fed. Sts.",FSM,1981,79794.0,958.37442664862,62.668
"Micronesia, Fed. Sts.",FSM,1982,82219.0,973.688636446563,62.747
"Micronesia, Fed. Sts.",FSM,1983,84680.0,993.272945205479,62.829
"Micronesia, Fed. Sts.",FSM,1984,87176.0,971.323735890612,62.923
"Micronesia, Fed. Sts.",FSM,1985,89707.0,1136.27633295061,63.028
"Micronesia, Fed. Sts.",FSM,1986,92266.0,1216.15763119676,63.151
"Micronesia, Fed. Sts.",FSM,1987,94844.0,1230.44156720509,63.206
"Micronesia, Fed. Sts.",FSM,1988,97097.0,1284.2827275817,63.461
"Micronesia, Fed. Sts.",FSM,1989,99003.0,1365.61518337828,63.617
"Micronesia, Fed. Sts.",FSM,1990,100888.0,1459.04369201491,63.722
"Micronesia, Fed. Sts.",FSM,1991,102754.0,1617.45528154622,63.881
"Micronesia, Fed. Sts.",FSM,1992,104806.0,1699.3301910196,63.996
"Micronesia, Fed. Sts.",FSM,1993,107066.0,1853.06259690284,64.041
"Micronesia, Fed. Sts.",FSM,1994,109075.0,1856.5207426083,64.082
"Micronesia, Fed. Sts.",FSM,1995,110230.0,1995.19190194111,64.142
"Micronesia, Fed. Sts.",FSM,1996,110710.0,1955.97504197565,64.253
"Micronesia, Fed. Sts.",FSM,1997,111071.0,1840.23883354727,64.371
"Micronesia, Fed. Sts.",FSM,1998,111377.0,1944.03333786902,64.509
"Micronesia, Fed. Sts.",FSM,1999,111680.0,1944.83228089695,64.626
"Micronesia, Fed. Sts.",FSM,2000,112044.0,2049.3453246655,64.317
"Micronesia, Fed. Sts.",FSM,2001,112365.0,2103.74859460914,64.801
"Micronesia, Fed. Sts.",FSM,2002,112448.0,2113.45987332485,63.907
"Micronesia, Fed. Sts.",FSM,2003,112285.0,2145.87755337517,64.915
"Micronesia, Fed. Sts.",FSM,2004,111925.0,2104.42804750084,64.898
"Micronesia, Fed. Sts.",FSM,2005,111412.0,2207.16844533875,64.906
"Micronesia, Fed. Sts.",FSM,2006,110729.0,2244.97227274486,64.859
"Micronesia, Fed. Sts.",FSM,2007,109880.0,2293.51341684075,64.844
"Micronesia, Fed. Sts.",FSM,2008,108936.0,2369.50811741318,64.849
"Micronesia, Fed. Sts.",FSM,2009,107957.0,2544.11114550961,64.865
"Micronesia, Fed. Sts.",FSM,2010,107540.0,2702.61165204772,64.892
"Micronesia, Fed. Sts.",FSM,2011,107698.0,2848.70077003105,64.969
"Micronesia, Fed. Sts.",FSM,2012,107890.0,2992.28916099077,65.08
"Micronesia, Fed. Sts.",FSM,2013,108121.0,2893.13437410825,65.179
"Micronesia, Fed. Sts.",FSM,2014,108396.0,2896.73082002714,65.294
"Micronesia, Fed. Sts.",FSM,2015,108716.0,2853.07643587028,65.306
"Micronesia, Fed. Sts.",FSM,2016,109075.0,2979.60119184048,65.576
"Micronesia, Fed. Sts.",FSM,2017,109481.0,3279.10779039285,65.761
"Micronesia, Fed. Sts.",FSM,2018,109909.0,3566.58690371125,65.943
"Micronesia, Fed. Sts.",FSM,2019,110282.0,3572.65918282222,66.196
"Micronesia, Fed. Sts.",FSM,2020,110916.0,3362.02802120524,65.878
"Micronesia, Fed. Sts.",FSM,2021,111624.0,3508.22314197664,66.152
"Micronesia, Fed. Sts.",FSM,2022,112114.0,3710.12451611752,66.961
"Micronesia, Fed. Sts.",FSM,2023,112630.0,3919.64307910859,67.198
"Middle East, North Africa, Afghanistan & Pakistan",MEA,1960,157933392.0,183.776176064767,43.5165882446898
"Middle East, North Africa, Afghanistan & Pakistan",MEA,1961,162068656.0,191.196978177693,44.66657764804
"Middle East, North Africa, Afghanistan & Pakistan",MEA,1962,166390935.0,185.301767181033,45.1704889543003
"Middle East, North Africa, Afghanistan & Pakistan",MEA,1963,170881281.0,198.857517059403,45.8218282735477
"Middle East, North Africa, Afghanistan & Pakistan",MEA,1964,175548682.0,215.760727187524,46.5863458235392
"Middle East, North Africa, Afghanistan & Pakistan",MEA,1965,180361095.0,230.939907201185,47.2003777959251
"Middle East, North Africa, Afghanistan & Pakistan",MEA,1966,185366083.0,241.833569316645,48.3303645839876
"Middle East, North Africa, Afghanistan & Pakistan",MEA,1967,190664582.0,255.436435035555,48.9812446411898
"Middle East, North Africa, Afghanistan & Pakistan",MEA,1968,196098319.0,282.282140077867,49.5740194698905
"Middle East, North Africa, Afghanistan & Pakistan",MEA,1969,201742643.0,304.591700866561,50.2626317051794
"Middle East, North Africa, Afghanistan & Pakistan",MEA,1970,207569650.0,334.685311330393,50.8897364738511
"Middle East, North Africa, Afghanistan & Pakistan",MEA,1971,213438350.0,370.997128769102,50.2523103760476
"Middle East, North Africa, Afghanistan & Pakistan",MEA,1972,219448355.0,425.142980883399,52.0674454232199
"Middle East, North Africa, Afghanistan & Pakistan",MEA,1973,225808044.0,538.008696465296,52.5801137731139
"Middle East, North Africa, Afghanistan & Pakistan",MEA,1974,232392106.0,949.627449051638,53.1770726497956
"Middle East, North Africa, Afghanistan & Pakistan",MEA,1975,239405806.0,1013.13262030814,53.7544820056235
"Middle East, North Africa, Afghanistan & Pakistan",MEA,1976,246821883.0,1220.75859998216,54.2746056765249
"Middle East, North Africa, Afghanistan & Pakistan",MEA,1977,254463059.0,1373.88100465532,55.2198587430077
"Middle East, North Africa, Afghanistan & Pakistan",MEA,1978,262393904.0,1415.9747311151,55.6743938344268
"Middle East, North Africa, Afghanistan & Pakistan",MEA,1979,270666000.0,1785.00658364678,56.5636397281383
"Middle East, North Africa, Afghanistan & Pakistan",MEA,1980,279347788.0,2223.90274787428,57.0787235305079
"Middle East, North Africa, Afghanistan & Pakistan",MEA,1981,288391729.0,2219.61499344124,57.4107677857204
"Middle East, North Africa, Afghanistan & Pakistan",MEA,1982,297671219.0,2156.09021445524,57.8338316375122
"Middle East, North Africa, Afghanistan & Pakistan",MEA,1983,307301861.0,2113.54114414754,58.8714900626031
"Middle East, North Africa, Afghanistan & Pakistan",MEA,1984,317366458.0,2068.31795747118,59.5113171801841
"Middle East, North Africa, Afghanistan & Pakistan",MEA,1985,327681501.0,2039.1574879861,60.0636597951026
"Middle East, North Africa, Afghanistan & Pakistan",MEA,1986,338209596.0,2000.41414631101,60.6806427414193
"Middle East, North Africa, Afghanistan & Pakistan",MEA,1987,348933449.0,1810.61784034747,61.2032330602589
"Middle East, North Africa, Afghanistan & Pakistan",MEA,1988,359728415.0,1755.78284468907,61.5756088635228
"Middle East, North Africa, Afghanistan & Pakistan",MEA,1989,370724431.0,1756.45372733816,62.2977472202342
"Middle East, North Africa, Afghanistan & Pakistan",MEA,1990,383279026.0,2183.54170524632,62.4064340378254
"Middle East, North Africa, Afghanistan & Pakistan",MEA,1991,394251647.0,1708.90497550516,63.1853756813512
"Middle East, North Africa, Afghanistan & Pakistan",MEA,1992,405847278.0,1752.02956170843,63.6456887458733
"Middle East, North Africa, Afghanistan & Pakistan",MEA,1993,417150344.0,1598.25278331231,64.0085648294676
"Middle East, North Africa, Afghanistan & Pakistan",MEA,1994,428117445.0,1643.168624246,64.1689718038005
"Middle East, North Africa, Afghanistan & Pakistan",MEA,1995,438968860.0,1775.49074159851,64.4488985183879
"Middle East, North Africa, Afghanistan & Pakistan",MEA,1996,449859387.0,1918.37750328186,64.7646967701053
"Middle East, North Africa, Afghanistan & Pakistan",MEA,1997,460864078.0,1954.53257122915,65.0220554619783
"Middle East, North Africa, Afghanistan & Pakistan",MEA,1998,472047033.0,1868.51735331272,65.3905262967863
"Middle East, North Africa, Afghanistan & Pakistan",MEA,1999,483430509.0,1974.9071869837,65.8481545626508
"Middle East, North Africa, Afghanistan & Pakistan",MEA,2000,494850317.0,2220.38439290516,66.2225138150545
"Middle East, North Africa, Afghanistan & Pakistan",MEA,2001,506478256.0,2153.19332542263,66.597196122581
"Middle East, North Africa, Afghanistan & Pakistan",MEA,2002,518193093.0,2092.42427637017,66.9641479857025
"Middle East, North Africa, Afghanistan & Pakistan",MEA,2003,530338988.0,2279.51886072397,67.083794061249
"Middle East, North Africa, Afghanistan & Pakistan",MEA,2004,543086512.0,2624.1893550003,67.5318434649335
"Middle East, North Africa, Afghanistan & Pakistan",MEA,2005,556210211.0,3050.86086272731,67.529947021124
"Middle East, North Africa, Afghanistan & Pakistan",MEA,2006,569898499.0,3482.47657906214,68.0590796974229
"Middle East, North Africa, Afghanistan & Pakistan",MEA,2007,583743828.0,4010.05228061244,68.346588319376
"Middle East, North Africa, Afghanistan & Pakistan",MEA,2008,597799097.0,4834.32204392542,68.7041650814368
"Middle East, North Africa, Afghanistan & Pakistan",MEA,2009,612128501.0,4256.64048356928,68.9987213130448
"Middle East, North Africa, Afghanistan & Pakistan",MEA,2010,624828664.0,4867.92943497015,69.2105446964534
"Middle East, North Africa, Afghanistan & Pakistan",MEA,2011,639053870.0,5731.46333788345,69.3940300698411
"Middle East, North Africa, Afghanistan & Pakistan",MEA,2012,653273442.0,6048.09249990772,69.4551250054338
"Middle East, North Africa, Afghanistan & Pakistan",MEA,2013,667464006.0,5866.59647635813,69.708340253746
"Middle East, North Africa, Afghanistan & Pakistan",MEA,2014,680716578.0,5810.23874019206,69.9898830097692
"Middle East, North Africa, Afghanistan & Pakistan",MEA,2015,694232973.0,5125.68064083245,70.1511049169228
"Middle East, North Africa, Afghanistan & Pakistan",MEA,2016,707023525.0,5126.05331639032,70.4289278068118
"Middle East, North Africa, Afghanistan & Pakistan",MEA,2017,718887744.0,5279.47951180077,70.7097575308251
"Middle East, North Africa, Afghanistan & Pakistan",MEA,2018,730362334.0,5545.88899607591,70.9403213532696
"Middle East, North Africa, Afghanistan & Pakistan",MEA,2019,742714463.0,5412.42875673528,71.2438695042576
"Middle East, North Africa, Afghanistan & Pakistan",MEA,2020,756405281.0,4742.76402632259,69.9110789555644
"Middle East, North Africa, Afghanistan & Pakistan",MEA,2021,767578451.0,5615.91186098726,69.7113193479505
"Middle East, North Africa, Afghanistan & Pakistan",MEA,2022,782349366.0,6430.53553485753,71.6918319737772
"Middle East, North Africa, Afghanistan & Pakistan",MEA,2023,797801454.0,6149.061198935,72.0839412410497
"Middle East, North Africa, Afghanistan & Pakistan (IDA & IBRD)",TMN,1960,151883053.0,143.393040951574,43.4132691936275
"Middle East, North Africa, Afghanistan & Pakistan (IDA & IBRD)",TMN,1961,155796245.0,145.817065186938,44.1901236960878
"Middle East, North Africa, Afghanistan & Pakistan (IDA & IBRD)",TMN,1962,159849264.0,144.685687589361,44.6818278051315
"Middle East, North Africa, Afghanistan & Pakistan (IDA & IBRD)",TMN,1963,164082777.0,155.280736761407,45.7147486310035
"Middle East, North Africa, Afghanistan & Pakistan (IDA & IBRD)",TMN,1964,168474397.0,168.932648246982,46.4765810322621
"Middle East, North Africa, Afghanistan & Pakistan (IDA & IBRD)",TMN,1965,173012080.0,182.388053187481,47.0827464675415
"Middle East, North Africa, Afghanistan & Pakistan (IDA & IBRD)",TMN,1966,177756891.0,189.597625219742,47.8638222252998
"Middle East, North Africa, Afghanistan & Pakistan (IDA & IBRD)",TMN,1967,182734055.0,202.572601496596,48.5220142283659
"Middle East, North Africa, Afghanistan & Pakistan (IDA & IBRD)",TMN,1968,187877692.0,221.249359600286,49.1206749502756
"Middle East, North Africa, Afghanistan & Pakistan (IDA & IBRD)",TMN,1969,193184368.0,239.295698903982,49.8104905207651
"Middle East, North Africa, Afghanistan & Pakistan (IDA & IBRD)",TMN,1970,198631041.0,261.436377707704,50.4288464604734
"Middle East, North Africa, Afghanistan & Pakistan (IDA & IBRD)",TMN,1971,204099318.0,287.79209351657,49.7207505731107
"Middle East, North Africa, Afghanistan & Pakistan (IDA & IBRD)",TMN,1972,209697605.0,318.212372492379,51.5964140713433
"Middle East, North Africa, Afghanistan & Pakistan (IDA & IBRD)",TMN,1973,215569107.0,381.763756329013,52.0852184715503
"Middle East, North Africa, Afghanistan & Pakistan (IDA & IBRD)",TMN,1974,221668657.0,570.82580757342,52.6754004537141
"Middle East, North Africa, Afghanistan & Pakistan (IDA & IBRD)",TMN,1975,228187384.0,637.023415871345,53.241892897475
"Middle East, North Africa, Afghanistan & Pakistan (IDA & IBRD)",TMN,1976,235058983.0,762.903755138821,53.7369267532141
"Middle East, North Africa, Afghanistan & Pakistan (IDA & IBRD)",TMN,1977,242098387.0,855.608667563269,54.6943820299513
"Middle East, North Africa, Afghanistan & Pakistan (IDA & IBRD)",TMN,1978,249392069.0,891.618213886749,55.1315666869342
"Middle East, North Africa, Afghanistan & Pakistan (IDA & IBRD)",TMN,1979,256976193.0,1075.7452940078,56.0270274264862
"Middle East, North Africa, Afghanistan & Pakistan (IDA & IBRD)",TMN,1980,264948525.0,1266.96167788146,56.5268479659775
"Middle East, North Africa, Afghanistan & Pakistan (IDA & IBRD)",TMN,1981,273288518.0,1199.39736360866,56.8378946741224
"Middle East, North Africa, Afghanistan & Pakistan (IDA & IBRD)",TMN,1982,281844787.0,1299.72997759091,57.2532226400128
"Middle East, North Africa, Afghanistan & Pakistan (IDA & IBRD)",TMN,1983,290721921.0,1379.31215391935,58.3124515698044
"Middle East, North Africa, Afghanistan & Pakistan (IDA & IBRD)",TMN,1984,300042126.0,1396.08438796471,58.9549368285972
"Middle East, North Africa, Afghanistan & Pakistan (IDA & IBRD)",TMN,1985,309566339.0,1453.88640035665,59.5039633453074
"Middle East, North Africa, Afghanistan & Pakistan (IDA & IBRD)",TMN,1986,319257806.0,1515.49739425418,60.1307379648158
"Middle East, North Africa, Afghanistan & Pakistan (IDA & IBRD)",TMN,1987,329101677.0,1287.16915200135,60.6506835404093
"Middle East, North Africa, Afghanistan & Pakistan (IDA & IBRD)",TMN,1988,339013669.0,1211.75021712663,61.0276496492712
"Middle East, North Africa, Afghanistan & Pakistan (IDA & IBRD)",TMN,1989,349120795.0,1181.70229392391,61.7427304403537
"Middle East, North Africa, Afghanistan & Pakistan (IDA & IBRD)",TMN,1990,359343952.0,1551.33182483379,61.8297161964841
"Middle East, North Africa, Afghanistan & Pakistan (IDA & IBRD)",TMN,1991,369541810.0,1021.78047542013,62.6362276004953
"Middle East, North Africa, Afghanistan & Pakistan (IDA & IBRD)",TMN,1992,379832349.0,1019.88704638035,63.0897539212781
"Middle East, North Africa, Afghanistan & Pakistan (IDA & IBRD)",TMN,1993,390108809.0,875.599089415656,63.4463230673086
"Middle East, North Africa, Afghanistan & Pakistan (IDA & IBRD)",TMN,1994,400109102.0,897.479717030969,63.5925284748733
"Middle East, North Africa, Afghanistan & Pakistan (IDA & IBRD)",TMN,1995,409972623.0,975.846138056246,63.8697421757794
"Middle East, North Africa, Afghanistan & Pakistan (IDA & IBRD)",TMN,1996,419780929.0,1056.46578559905,64.1739479085054
"Middle East, North Africa, Afghanistan & Pakistan (IDA & IBRD)",TMN,1997,429628398.0,1075.36776792627,64.4229011265335
"Middle East, North Africa, Afghanistan & Pakistan (IDA & IBRD)",TMN,1998,439699399.0,1072.89061340122,64.7871175627443
"Middle East, North Africa, Afghanistan & Pakistan (IDA & IBRD)",TMN,1999,449944988.0,1135.62755537135,65.2399180377491
"Middle East, North Africa, Afghanistan & Pakistan (IDA & IBRD)",TMN,2000,460058369.0,1246.01975069059,65.6072409047927
"Middle East, North Africa, Afghanistan & Pakistan (IDA & IBRD)",TMN,2001,470225878.0,1225.81474139888,65.9712698137957
"Middle East, North Africa, Afghanistan & Pakistan (IDA & IBRD)",TMN,2002,480465143.0,1168.35927304729,66.3239554028688
"Middle East, North Africa, Afghanistan & Pakistan (IDA & IBRD)",TMN,2003,491133637.0,1263.9157454015,66.4165076290855
"Middle East, North Africa, Afghanistan & Pakistan (IDA & IBRD)",TMN,2004,502381957.0,1463.3046705277,66.8602521893277
"Middle East, North Africa, Afghanistan & Pakistan (IDA & IBRD)",TMN,2005,513920381.0,1657.84296915154,66.8201250398649
"Middle East, North Africa, Afghanistan & Pakistan (IDA & IBRD)",TMN,2006,525752130.0,1885.14870247669,67.3526959987589
"Middle East, North Africa, Afghanistan & Pakistan (IDA & IBRD)",TMN,2007,537343609.0,2240.98836783175,67.6216572647968
"Middle East, North Africa, Afghanistan & Pakistan (IDA & IBRD)",TMN,2008,549090016.0,2656.83046140986,67.9635063066435
"Middle East, North Africa, Afghanistan & Pakistan (IDA & IBRD)",TMN,2009,561349152.0,2512.84382036535,68.2479599816693
"Middle East, North Africa, Afghanistan & Pakistan (IDA & IBRD)",TMN,2010,573609877.0,2817.90380218571,68.4594967501144
"Middle East, North Africa, Afghanistan & Pakistan (IDA & IBRD)",TMN,2011,585763053.0,3234.88259884042,68.6299635824863
"Middle East, North Africa, Afghanistan & Pakistan (IDA & IBRD)",TMN,2012,597586990.0,3414.87165876956,68.6578262057094
"Middle East, North Africa, Afghanistan & Pakistan (IDA & IBRD)",TMN,2013,609074579.0,3147.24679176234,68.8786484698568
"Middle East, North Africa, Afghanistan & Pakistan (IDA & IBRD)",TMN,2014,620390664.0,3071.92771988993,69.147274936726
"Middle East, North Africa, Afghanistan & Pakistan (IDA & IBRD)",TMN,2015,631082594.0,2799.45441811583,69.2515348606398
"Middle East, North Africa, Afghanistan & Pakistan (IDA & IBRD)",TMN,2016,641470827.0,2858.61689096826,69.4961826399098
"Middle East, North Africa, Afghanistan & Pakistan (IDA & IBRD)",TMN,2017,652312809.0,2854.66192638041,69.7772409464567
"Middle East, North Africa, Afghanistan & Pakistan (IDA & IBRD)",TMN,2018,663878345.0,2804.12633142444,70.0368444388331
"Middle East, North Africa, Afghanistan & Pakistan (IDA & IBRD)",TMN,2019,675805691.0,2688.96932958269,70.3800917806817
"Middle East, North Africa, Afghanistan & Pakistan (IDA & IBRD)",TMN,2020,687728758.0,2402.73480964451,69.0090964026373
"Middle East, North Africa, Afghanistan & Pakistan (IDA & IBRD)",TMN,2021,699536053.0,2746.96809945183,68.893103228232
"Middle East, North Africa, Afghanistan & Pakistan (IDA & IBRD)",TMN,2022,711465045.0,3010.19656726913,70.965432550888
"Middle East, North Africa, Afghanistan & Pakistan (IDA & IBRD)",TMN,2023,723911670.0,2868.88626501212,71.3194560888195
"Middle East, North Africa, Afghanistan & Pakistan (excluding high income)",MNA,1960,151883053.0,144.528783640979,43.4132691936275
"Middle East, North Africa, Afghanistan & Pakistan (excluding high income)",MNA,1961,155796245.0,146.972007328324,44.1901236960878
"Middle East, North Africa, Afghanistan & Pakistan (excluding high income)",MNA,1962,159849264.0,145.831668669409,44.6818278051315
"Middle East, North Africa, Afghanistan & Pakistan (excluding high income)",MNA,1963,164082777.0,156.510635788666,45.7147486310035
"Middle East, North Africa, Afghanistan & Pakistan (excluding high income)",MNA,1964,168474397.0,170.270677059085,46.4765810322621
"Middle East, North Africa, Afghanistan & Pakistan (excluding high income)",MNA,1965,173012080.0,183.832655356929,47.0827464675415
"Middle East, North Africa, Afghanistan & Pakistan (excluding high income)",MNA,1966,177756891.0,191.099330709373,47.8638222252998
"Middle East, North Africa, Afghanistan & Pakistan (excluding high income)",MNA,1967,182734055.0,204.177075114679,48.5220142283659
"Middle East, North Africa, Afghanistan & Pakistan (excluding high income)",MNA,1968,187877692.0,223.001762234569,49.1206749502756
"Middle East, North Africa, Afghanistan & Pakistan (excluding high income)",MNA,1969,193184368.0,241.191037330677,49.8104905207651
"Middle East, North Africa, Afghanistan & Pakistan (excluding high income)",MNA,1970,198631041.0,263.507081088814,50.4288464604734
"Middle East, North Africa, Afghanistan & Pakistan (excluding high income)",MNA,1971,204099318.0,290.071546997093,49.7207505731107
"Middle East, North Africa, Afghanistan & Pakistan (excluding high income)",MNA,1972,209697605.0,320.732769391266,51.5964140713434
"Middle East, North Africa, Afghanistan & Pakistan (excluding high income)",MNA,1973,215569107.0,384.787511125291,52.0852184715503
"Middle East, North Africa, Afghanistan & Pakistan (excluding high income)",MNA,1974,221668657.0,575.347025852723,52.6754004537141
"Middle East, North Africa, Afghanistan & Pakistan (excluding high income)",MNA,1975,228187384.0,642.068951433979,53.241892897475
"Middle East, North Africa, Afghanistan & Pakistan (excluding high income)",MNA,1976,235058983.0,768.946324268176,53.7369267532141
"Middle East, North Africa, Afghanistan & Pakistan (excluding high income)",MNA,1977,242098387.0,862.38550472864,54.6943820299513
"Middle East, North Africa, Afghanistan & Pakistan (excluding high income)",MNA,1978,249392069.0,898.680264188785,55.1315666869342
"Middle East, North Africa, Afghanistan & Pakistan (excluding high income)",MNA,1979,256976193.0,1084.26572041917,56.0270274264861
"Middle East, North Africa, Afghanistan & Pakistan (excluding high income)",MNA,1980,264948525.0,1276.99663113903,56.5268479659775
"Middle East, North Africa, Afghanistan & Pakistan (excluding high income)",MNA,1981,273288518.0,1208.89717460626,56.8378946741224
"Middle East, North Africa, Afghanistan & Pakistan (excluding high income)",MNA,1982,281844787.0,1310.02447173409,57.2532226400128
"Middle East, North Africa, Afghanistan & Pakistan (excluding high income)",MNA,1983,290721921.0,1390.23697764039,58.3124515698044
"Middle East, North Africa, Afghanistan & Pakistan (excluding high income)",MNA,1984,300042126.0,1407.14205594428,58.9549368285972
"Middle East, North Africa, Afghanistan & Pakistan (excluding high income)",MNA,1985,309566339.0,1465.40188841291,59.5039633453074
"Middle East, North Africa, Afghanistan & Pakistan (excluding high income)",MNA,1986,319257806.0,1527.50087137492,60.1307379648158
"Middle East, North Africa, Afghanistan & Pakistan (excluding high income)",MNA,1987,329101677.0,1297.36415829114,60.6506835404093
"Middle East, North Africa, Afghanistan & Pakistan (excluding high income)",MNA,1988,339013669.0,1221.34786873756,61.0276496492712
"Middle East, North Africa, Afghanistan & Pakistan (excluding high income)",MNA,1989,349120795.0,1191.06195135547,61.7427304403537
"Middle East, North Africa, Afghanistan & Pakistan (excluding high income)",MNA,1990,361322200.0,1555.05827461027,61.8624200733501
"Middle East, North Africa, Afghanistan & Pakistan (excluding high income)",MNA,1991,371610655.0,1024.13992334534,62.6673249254626
"Middle East, North Africa, Afghanistan & Pakistan (excluding high income)",MNA,1992,381995940.0,1022.14274575119,63.120272467422
"Middle East, North Africa, Afghanistan & Pakistan (excluding high income)",MNA,1993,392371485.0,877.444978569883,63.4769595101973
"Middle East, North Africa, Afghanistan & Pakistan (excluding high income)",MNA,1994,402475400.0,899.269793129222,63.6262493800491
"Middle East, North Africa, Afghanistan & Pakistan (excluding high income)",MNA,1995,412447289.0,977.954473374118,63.9040214770717
"Middle East, North Africa, Afghanistan & Pakistan (excluding high income)",MNA,1996,422368926.0,1058.06607840369,64.2095358044498
"Middle East, North Africa, Afghanistan & Pakistan (excluding high income)",MNA,1997,432334916.0,1077.33623074357,64.4598684308186
"Middle East, North Africa, Afghanistan & Pakistan (excluding high income)",MNA,1998,442475967.0,1075.35859706641,64.8233679087773
"Middle East, North Africa, Afghanistan & Pakistan (excluding high income)",MNA,1999,452793419.0,1137.92232755084,65.2748261800046
"Middle East, North Africa, Afghanistan & Pakistan (excluding high income)",MNA,2000,462980522.0,1247.47238123443,65.6368471519478
"Middle East, North Africa, Afghanistan & Pakistan (excluding high income)",MNA,2001,473223662.0,1226.50991412098,65.9952073676464
"Middle East, North Africa, Afghanistan & Pakistan (excluding high income)",MNA,2002,483540516.0,1168.28204981285,66.3529323677295
"Middle East, North Africa, Afghanistan & Pakistan (excluding high income)",MNA,2003,494288606.0,1263.87606211705,66.4455527298438
"Middle East, North Africa, Afghanistan & Pakistan (excluding high income)",MNA,2004,505618583.0,1463.04148806759,66.8873537609515
"Middle East, North Africa, Afghanistan & Pakistan (excluding high income)",MNA,2005,517240777.0,1657.11024431574,66.8534026128009
"Middle East, North Africa, Afghanistan & Pakistan (excluding high income)",MNA,2006,529158464.0,1883.1206783718,67.3815240346302
"Middle East, North Africa, Afghanistan & Pakistan (excluding high income)",MNA,2007,540838105.0,2237.26188319836,67.650360399386
"Middle East, North Africa, Afghanistan & Pakistan (excluding high income)",MNA,2008,552681993.0,2652.79039146265,67.9910660173055
"Middle East, North Africa, Afghanistan & Pakistan (excluding high income)",MNA,2009,565038251.0,2510.74762666028,68.2744546682628
"Middle East, North Africa, Afghanistan & Pakistan (excluding high income)",MNA,2010,577396038.0,2816.19347268465,68.4912505131132
"Middle East, North Africa, Afghanistan & Pakistan (excluding high income)",MNA,2011,589646039.0,3232.55085445141,68.6624095113408
"Middle East, North Africa, Afghanistan & Pakistan (excluding high income)",MNA,2012,601566988.0,3412.57302470262,68.6913310388784
"Middle East, North Africa, Afghanistan & Pakistan (excluding high income)",MNA,2013,613151287.0,3148.36412420635,68.9136300385634
"Middle East, North Africa, Afghanistan & Pakistan (excluding high income)",MNA,2014,624564062.0,3073.79994256301,69.1715558421355
"Middle East, North Africa, Afghanistan & Pakistan (excluding high income)",MNA,2015,635352686.0,2802.63134980954,69.2873263613117
"Middle East, North Africa, Afghanistan & Pakistan (excluding high income)",MNA,2016,645837915.0,2863.14057781135,69.5328376363007
"Middle East, North Africa, Afghanistan & Pakistan (excluding high income)",MNA,2017,656767614.0,2859.85560174494,69.8141316373328
"Middle East, North Africa, Afghanistan & Pakistan (excluding high income)",MNA,2018,668447432.0,2809.30894215325,70.0733668958653
"Middle East, North Africa, Afghanistan & Pakistan (excluding high income)",MNA,2019,680490997.0,2695.63342343004,70.417484585256
"Middle East, North Africa, Afghanistan & Pakistan (excluding high income)",MNA,2020,692532027.0,2408.49731335268,69.0506342866219
"Middle East, North Africa, Afghanistan & Pakistan (excluding high income)",MNA,2021,704458802.0,2753.47858029524,68.9280214782652
"Middle East, North Africa, Afghanistan & Pakistan (excluding high income)",MNA,2022,716508657.0,3015.7557973385,71.0055315443397
"Middle East, North Africa, Afghanistan & Pakistan (excluding high income)",MNA,2023,729077445.0,2873.03929302735,71.2758849884582
Middle income,MIC,1960,1968969477.0,129.194896984232,43.5721990652604
Middle income,MIC,1961,1995507534.0,129.14824371912,46.2170930024691
Middle income,MIC,1962,2035069774.0,128.056853970694,50.0792897693299
Middle income,MIC,1963,2086651982.0,137.598466510279,50.5822680844846
Middle income,MIC,1964,2138527555.0,152.791374147283,51.1028835306539
Middle income,MIC,1965,2191141157.0,164.286188140847,50.8726279687459
Middle income,MIC,1966,2247185714.0,166.089735494019,51.6384529611049
Middle income,MIC,1967,2303228602.0,166.79561848936,52.2160492468256
Middle income,MIC,1968,2360912065.0,172.362814647394,52.977279779999
Middle income,MIC,1969,2420749411.0,187.84250453974,53.5249302135783
Middle income,MIC,1970,2482153349.0,200.388416355737,53.8321480090498
Middle income,MIC,1971,2544074050.0,209.989315803016,53.8901731125591
Middle income,MIC,1972,2605093564.0,230.379842575033,55.0990983738264
Middle income,MIC,1973,2666982084.0,287.54850772253,55.7297316175833
Middle income,MIC,1974,2728455818.0,358.010460033725,56.2436729026111
Middle income,MIC,1975,2788694766.0,386.595950953224,56.8375681849406
Middle income,MIC,1976,2848095176.0,407.607453059609,57.2334697126332
Middle income,MIC,1977,2907099421.0,447.840571894009,57.9939009775949
Middle income,MIC,1978,2966786263.0,486.395472627906,58.4980991090346
Middle income,MIC,1979,3028044659.0,554.272572005284,59.0707736314942
Middle income,MIC,1980,3091485829.0,642.569231783784,59.5344650113684
Middle income,MIC,1981,3157264507.0,706.741931365568,59.9673058980743
Middle income,MIC,1982,3225816449.0,681.610498263494,60.4089931147822
Middle income,MIC,1983,3294712711.0,646.859499640296,60.8818530936081
Middle income,MIC,1984,3363350352.0,651.894465142062,61.3124213376854
Middle income,MIC,1985,3433380482.0,664.929613257678,61.6820996444517
Middle income,MIC,1986,3505495513.0,664.555821393631,62.0798529754295
Middle income,MIC,1987,3579488782.0,671.488290927628,62.4314457262173
Middle income,MIC,1988,3653960889.0,701.623160326822,62.7283815872434
Middle income,MIC,1989,3728139137.0,737.045036015593,63.0852568607998
Middle income,MIC,1990,3804281569.0,828.178421407122,63.3085504959153
Middle income,MIC,1991,3876917760.0,785.342588322895,63.590465422465
Middle income,MIC,1992,3947406975.0,820.059169692785,63.9479688471286
Middle income,MIC,1993,4016605020.0,871.717592246639,64.2524132108465
Middle income,MIC,1994,4085142527.0,965.05441920224,64.5323624916257
Middle income,MIC,1995,4153549029.0,1105.20646514846,64.8716264996405
Middle income,MIC,1996,4221979035.0,1209.98978256185,65.1990219088538
Middle income,MIC,1997,4290382932.0,1263.93755302408,65.5232017407672
Middle income,MIC,1998,4358459090.0,1221.1178559528,65.8318522352774
Middle income,MIC,1999,4425269853.0,1156.99314507115,66.141844136344
Middle income,MIC,2000,4491582042.0,1237.10225471924,66.4996894321111
Middle income,MIC,2001,4557281954.0,1222.94251438049,66.8263475778242
Middle income,MIC,2002,4620891319.0,1228.47350986789,67.169524009184
Middle income,MIC,2003,4683580056.0,1357.07541063235,67.4764411741404
Middle income,MIC,2004,4746877931.0,1571.30392795214,67.6912316359649
Middle income,MIC,2005,4809774178.0,1830.92630559246,68.1061163042439
Middle income,MIC,2006,4872116354.0,2129.12103739521,68.4385917828347
Middle income,MIC,2007,4933710362.0,2583.28146959331,68.7774099788513
Middle income,MIC,2008,4996382425.0,3029.34246580388,68.9744447215503
Middle income,MIC,2009,5059811744.0,3001.53141895573,69.3941546629876
Middle income,MIC,2010,5123741911.0,3610.66323367037,69.7116856504068
Middle income,MIC,2011,5188568435.0,4205.16300649743,70.0417625323479
Middle income,MIC,2012,5255495302.0,4424.22119652774,70.3718997552264
Middle income,MIC,2013,5322303622.0,4641.4999159695,70.6557461521519
Middle income,MIC,2014,5388731311.0,4798.48322756442,70.9402195787459
Middle income,MIC,2015,5452914477.0,4602.51682691609,71.2070683012016
Middle income,MIC,2016,5515962374.0,4605.60639396078,71.4421804907715
Middle income,MIC,2017,5579081195.0,4982.00575599033,71.6596834645843
Middle income,MIC,2018,5640136670.0,5248.39737081301,71.9597989462594
Middle income,MIC,2019,5698581856.0,5353.79775844374,72.1892666738244
Middle income,MIC,2020,5753270728.0,5134.62007912707,71.5211164808267
Middle income,MIC,2021,5802247321.0,6007.32308658147,70.3953530328654
Middle income,MIC,2022,5846464711.0,6248.00962014697,72.5172020330295
Middle income,MIC,2023,5891100497.0,6386.30246387838,72.7428060722667
Moldova,MDA,1990,2977912.0,1206.50208704977,67.92
Moldova,MDA,1991,2981566.0,1037.89950336245,67.554
Moldova,MDA,1992,2980965.0,778.017667420102,66.749
Moldova,MDA,1993,2975966.0,796.989388848336,66.66
Moldova,MDA,1994,2966745.0,573.798647201304,66.319
Moldova,MDA,1995,2953200.0,593.593177049161,66.218
Moldova,MDA,1996,2947293.0,575.145455139019,66.248
Moldova,MDA,1997,2936413.0,657.29213459795,66.484
Moldova,MDA,1998,2935227.0,578.734627562193,66.84
Moldova,MDA,1999,2930622.0,399.499818596336,67.205
Moldova,MDA,2000,2924668.0,440.538683980372,67.462
Moldova,MDA,2001,2918135.0,507.404076252819,67.672
Moldova,MDA,2002,2911385.0,570.799866188293,67.793
Moldova,MDA,2003,2903198.0,682.319095965299,67.9
Moldova,MDA,2004,2896023.0,897.178494749468,68.017
Moldova,MDA,2005,2888985.0,1034.39197746993,68.197
Moldova,MDA,2006,2880967.0,1183.02481442894,68.423
Moldova,MDA,2007,2874299.0,1531.21618590748,68.674
Moldova,MDA,2008,2868833.0,2110.55305353857,69.0
Moldova,MDA,2009,2865213.0,1898.43975710988,69.406
Moldova,MDA,2010,2862354.0,2436.79935102421,69.876
Moldova,MDA,2011,2860699.0,2941.36224066021,70.173
Moldova,MDA,2012,2860324.0,3044.8084324815,70.344
Moldova,MDA,2013,2859558.0,3321.04397795719,70.291
Moldova,MDA,2014,2857815.0,3289.95758568777,70.241
Moldova,MDA,2015,2835978.0,2749.55137054338,70.118
Moldova,MDA,2016,2803186.0,2847.08794770479,70.179
Moldova,MDA,2017,2755189.0,3453.26727720294,70.375
Moldova,MDA,2018,2707203.0,4156.44981956646,70.236
Moldova,MDA,2019,2664224.0,4405.33418162155,70.181
Moldova,MDA,2020,2635130.0,4375.7788930524,69.914
Moldova,MDA,2021,2595809.0,5274.60582195352,68.991
Moldova,MDA,2022,2528654.0,5744.29618434435,71.546
Moldova,MDA,2023,2457783.0,6799.58594644576,71.198
Monaco,MCO,1970,24229.0,12098.2018753587,73.349
Monaco,MCO,1971,24576.0,13334.3998386726,73.365
Monaco,MCO,1972,24862.0,16187.4306500397,73.381
Monaco,MCO,1973,25072.0,20882.02134665,73.374
Monaco,MCO,1974,25235.0,22347.8999054501,73.421
Monaco,MCO,1975,25500.0,27920.7436036735,73.523
Monaco,MCO,1976,25895.0,28396.3794040315,73.797
Monaco,MCO,1977,26273.0,30875.4764291964,74.193
Monaco,MCO,1978,26605.0,37607.7886875432,74.656
Monaco,MCO,1979,26892.0,44989.9653239249,74.87
Monaco,MCO,1980,27122.0,50813.9342272643,74.948
Monaco,MCO,1981,27293.0,44157.4267369518,74.953
Monaco,MCO,1982,27561.0,41479.49844229,75.255
Monaco,MCO,1983,27960.0,39075.8356409009,75.697
Monaco,MCO,1984,28356.0,36582.3672009832,76.394
Monaco,MCO,1985,28731.0,37689.8648613491,77.363
Monaco,MCO,1986,29093.0,52082.4508807502,78.4
Monaco,MCO,1987,29446.0,62456.0708848997,79.257
Monaco,MCO,1988,29781.0,67180.5763713568,79.408
Monaco,MCO,1989,30084.0,66815.7104498273,79.416
Monaco,MCO,1990,30358.0,81734.8664968011,79.436
Monaco,MCO,1991,30625.0,80997.2520924871,79.749
Monaco,MCO,1992,30887.0,88614.926367223,80.065
Monaco,MCO,1993,31136.0,82685.4559266948,80.365
Monaco,MCO,1994,31375.0,86703.8130529474,80.654
Monaco,MCO,1995,31609.0,99032.2375054091,80.902
Monaco,MCO,1996,31837.0,98561.0137425657,81.133
Monaco,MCO,1997,32063.0,88581.7044683607,81.358
Monaco,MCO,1998,32267.0,90947.2051224438,81.605
Monaco,MCO,1999,32410.0,89698.1993575302,81.826
Monaco,MCO,2000,32455.0,81789.0206522549,82.121
Monaco,MCO,2001,32447.0,82402.7809570189,82.485
Monaco,MCO,2002,32422.0,90051.4459877468,83.055
Monaco,MCO,2003,32374.0,111110.451312249,83.613
Monaco,MCO,2004,32307.0,125160.228087598,84.151
Monaco,MCO,2005,32210.0,130538.742587117,84.34
Monaco,MCO,2006,32057.0,143083.461107202,84.194
Monaco,MCO,2007,31837.0,184558.556593338,83.903
Monaco,MCO,2008,31836.0,204263.797114294,83.827
Monaco,MCO,2009,32364.0,169150.267344616,84.187
Monaco,MCO,2010,33163.0,161853.920622244,84.644
Monaco,MCO,2011,33946.0,179363.984221513,85.01
Monaco,MCO,2012,34711.0,165444.651378771,85.045
Monaco,MCO,2013,35447.0,184940.663804718,85.056
Monaco,MCO,2014,36128.0,195693.570738894,85.093
Monaco,MCO,2015,36757.0,170437.101188261,85.323
Monaco,MCO,2016,37276.0,173604.753555915,85.63
Monaco,MCO,2017,37678.0,170663.375247872,85.878
Monaco,MCO,2018,38154.0,188298.315668437,86.084
Monaco,MCO,2019,38109.0,193746.785647412,86.151
Monaco,MCO,2020,38050.0,176891.886538492,86.089
Monaco,MCO,2021,38527.0,223823.363960226,85.113
Monaco,MCO,2022,38931.0,226052.001905201,85.746
Monaco,MCO,2023,38956.0,256799.788612806,86.372
Mongolia,MNG,1980,1701335.0,1235.14422497627,55.1848780487805
Mongolia,MNG,1981,1742857.0,1325.46680536613,55.3730487804878
Mongolia,MNG,1982,1785364.0,1429.62551800828,55.5940243902439
Mongolia,MNG,1983,1829092.0,1490.21297634746,55.8454146341464
Mongolia,MNG,1984,1874349.0,1119.71388466075,56.1206097560976
Mongolia,MNG,1985,1921514.0,1137.90764730312,56.416756097561
Mongolia,MNG,1986,1970965.0,1469.42176378914,56.7378048780488
Mongolia,MNG,1987,2022800.0,1493.28238085822,57.0928536585366
Mongolia,MNG,1988,2076322.0,1543.33555521093,57.4803414634146
Mongolia,MNG,1989,2124185.0,1683.92432862486,58.1020243902439
Mongolia,MNG,1990,2098710.0,1220.17127664137,58.8011951219512
Mongolia,MNG,1991,2165342.0,1098.68017445549,59.8047317073171
Mongolia,MNG,1992,2167790.0,607.813424662797,60.4307073170732
Mongolia,MNG,1993,2165130.0,354.898613087701,60.8242195121951
Mongolia,MNG,1994,2189395.0,422.864349383041,60.859
Mongolia,MNG,1995,2224945.0,652.67456284915,60.892512195122
Mongolia,MNG,1996,2259507.0,595.5810149554,60.994
Mongolia,MNG,1997,2291750.0,515.298004947316,61.414512195122
Mongolia,MNG,1998,2323809.0,483.878066074871,62.0830731707317
Mongolia,MNG,1999,2356813.0,448.660368337533,62.7895365853659
Mongolia,MNG,2000,2388299.0,476.02755082717,63.2104878048781
Mongolia,MNG,2001,2417751.0,524.453483552485,63.3917073170732
Mongolia,MNG,2002,2449027.0,570.249213248399,63.540243902439
Mongolia,MNG,2003,2480374.0,643.168068921658,63.5753658536585
Mongolia,MNG,2004,2508412.0,794.154552001815,64.630243902439
Mongolia,MNG,2005,2536407.0,994.90010913241,65.2807317073171
Mongolia,MNG,2006,2567168.0,1329.89179579053,65.9021951219512
Mongolia,MNG,2007,2601850.0,1627.68787743359,66.5934146341464
Mongolia,MNG,2008,2643201.0,2127.42678594737,67.2460975609756
Mongolia,MNG,2009,2691115.0,1703.32756790019,67.9690243902439
Mongolia,MNG,2010,2738622.0,2625.21881402433,68.5056097560976
Mongolia,MNG,2011,2786317.0,3736.04201455077,69.109268292683
Mongolia,MNG,2012,2839705.0,4328.89001905655,69.500243902439
Mongolia,MNG,2013,2899011.0,4340.14310544449,70.0980487804878
Mongolia,MNG,2014,2963113.0,4126.23975800524,70.5831707317073
Mongolia,MNG,2015,3026864.0,3838.92126989984,70.810243902439
Mongolia,MNG,2016,3088856.0,3619.90026383792,70.2239024390244
Mongolia,MNG,2017,3148917.0,3645.96708669551,70.5434146341463
Mongolia,MNG,2018,3208189.0,4107.64288528468,70.8270731707317
Mongolia,MNG,2019,3267673.0,4347.54610314873,71.0531707317073
Mongolia,MNG,2020,3327204.0,4001.25193077703,71.3490243902439
Mongolia,MNG,2021,3383741.0,4517.61578018785,71.6451219512195
Mongolia,MNG,2022,3433748.0,4993.51487463495,71.9007317073171
Mongolia,MNG,2023,3481145.0,5838.63108083902,72.1224390243902
Montenegro,MNE,1997,609520.0,1375.32616813442,73.3429756097561
Montenegro,MNE,1998,607662.0,1405.81632669854,73.2877804878049
Montenegro,MNE,1999,606001.0,1367.90257335097,73.1438780487805
Montenegro,MNE,2000,604950.0,1627.06511911987,73.3968048780488
Montenegro,MNE,2001,607389.0,1909.59870186179,73.5801951219512
Montenegro,MNE,2002,609828.0,2106.6350684523,73.9652195121951
Montenegro,MNE,2003,612267.0,2789.15906483509,74.0557317073171
Montenegro,MNE,2004,613353.0,3380.16512135859,74.2056097560976
Montenegro,MNE,2005,614261.0,3674.6179242797,73.9829268292683
Montenegro,MNE,2006,615025.0,4418.84951521682,73.8390243902439
Montenegro,MNE,2007,615875.0,5971.84638953467,74.3390243902439
Montenegro,MNE,2008,616969.0,7359.95118960869,75.1365853658537
Montenegro,MNE,2009,618294.0,6700.11405052395,75.1439024390244
Montenegro,MNE,2010,619428.0,6678.63930800758,75.990243902439
Montenegro,MNE,2011,620345.0,7265.51668681954,76.0829268292683
Montenegro,MNE,2012,621418.0,6552.48071710904,76.3
Montenegro,MNE,2013,622587.0,7102.77882895852,76.490243902439
Montenegro,MNE,2014,623744.0,7342.17339453427,76.3390243902439
Montenegro,MNE,2015,624651.0,6421.00307345999,76.6024390243903
Montenegro,MNE,2016,625353.0,6968.01539365317,76.5414634146342
Montenegro,MNE,2017,625982.0,7674.2813940676,76.6853658536585
Montenegro,MNE,2018,626438.0,8673.59128084795,77.8853658536585
Montenegro,MNE,2019,626753.0,8749.02375172644,76.6829268292683
Montenegro,MNE,2020,626590.0,7538.53635992191,75.9317073170732
Montenegro,MNE,2021,625053.0,9317.15520065156,73.8243902439024
Montenegro,MNE,2022,623591.0,10024.5435616209,76.1878048780488
Montenegro,MNE,2023,623529.0,12259.8775034436,77.5878048780488
Morocco,MAR,1960,11624933.0,174.784133911133,41.73
Morocco,MAR,1961,11931085.0,169.318435668945,43.694
Morocco,MAR,1962,12253092.0,193.647811889648,44.226
Morocco,MAR,1963,12577502.0,210.635650634766,44.768
Morocco,MAR,1964,12898886.0,216.263046264648,45.346
Morocco,MAR,1965,13239171.0,221.967697143555,45.922
Morocco,MAR,1966,13597065.0,210.824432373047,46.495
Morocco,MAR,1967,13968175.0,217.304306030273,47.099
Morocco,MAR,1968,14347899.0,227.120864868164,47.659
Morocco,MAR,1969,14734255.0,246.799652099609,48.187
Morocco,MAR,1970,15129449.0,260.26513671875,48.691
Morocco,MAR,1971,15527225.0,279.167236328125,49.169
Morocco,MAR,1972,15924692.0,317.074066162109,49.706
Morocco,MAR,1973,16326269.0,380.527801513672,50.22
Morocco,MAR,1974,16733842.0,456.592529296875,50.762
Morocco,MAR,1975,17150786.0,521.838928222656,51.356
Morocco,MAR,1976,17574182.0,543.368469238281,52.048
Morocco,MAR,1977,18014756.0,610.750366210938,52.791
Morocco,MAR,1978,18477385.0,712.879638671875,53.554
Morocco,MAR,1979,18955589.0,834.812133789063,54.376
Morocco,MAR,1980,19459943.0,1109.88220214844,55.219
Morocco,MAR,1981,19985401.0,884.443237304688,56.023
Morocco,MAR,1982,20520318.0,856.569763183594,56.869
Morocco,MAR,1983,21060696.0,766.529602050781,57.685
Morocco,MAR,1984,21593778.0,681.909729003906,58.438
Morocco,MAR,1985,22113953.0,673.2900390625,59.208
Morocco,MAR,1986,22600803.0,855.169311523438,59.951
Morocco,MAR,1987,23054392.0,937.457153320313,60.62
Morocco,MAR,1988,23500524.0,1086.03527832031,61.231
Morocco,MAR,1989,23939414.0,1091.27624511719,61.824
Morocco,MAR,1990,24375551.0,1229.07104492188,62.396
Morocco,MAR,1991,24799014.0,1292.23376464844,62.919
Morocco,MAR,1992,25212468.0,1327.02954101563,63.388
Morocco,MAR,1993,25614586.0,1226.43054199219,63.868
Morocco,MAR,1994,26000822.0,1358.79443359375,64.346
Morocco,MAR,1995,26399429.0,1466.78820800781,64.725
Morocco,MAR,1996,26808107.0,1596.83239746094,65.226
Morocco,MAR,1997,27213337.0,1426.30114746094,65.616
Morocco,MAR,1998,27621648.0,1668.49755859375,66.008
Morocco,MAR,1999,28027179.0,1635.65673828125,66.404
Morocco,MAR,2000,28423435.0,1499.107421875,66.794
Morocco,MAR,2001,28814643.0,1506.24523925781,67.2
Morocco,MAR,2002,29198142.0,1596.02062988281,67.582
Morocco,MAR,2003,29571415.0,1941.87255859375,67.958
Morocco,MAR,2004,29953018.0,2183.55541992188,68.272
Morocco,MAR,2005,30358144.0,2242.98828125,68.748
Morocco,MAR,2006,30771178.0,2438.12646484375,69.157
Morocco,MAR,2007,31186468.0,2755.5859375,69.62
Morocco,MAR,2008,31606767.0,3183.20043945313,70.051
Morocco,MAR,2009,32030778.0,3119.58862304688,70.454
Morocco,MAR,2010,32467016.0,3067.9853515625,70.821
Morocco,MAR,2011,32912588.0,3301.98876953125,71.263
Morocco,MAR,2012,33355241.0,3164.17724609375,71.674
Morocco,MAR,2013,33787571.0,3379.7431640625,72.117
Morocco,MAR,2014,34204780.0,3435.40698242188,72.522
Morocco,MAR,2015,34607588.0,3146.24780273438,72.894
Morocco,MAR,2016,35023457.0,3140.85546875,73.228
Morocco,MAR,2017,35446392.0,3296.52661132813,73.608
Morocco,MAR,2018,35839760.0,3501.69799804688,73.946
Morocco,MAR,2019,36210898.0,3508.09765625,74.245
Morocco,MAR,2020,36584208.0,3268.0302734375,73.133
Morocco,MAR,2021,36954442.0,3785.93627929688,73.385
Morocco,MAR,2022,37329064.0,3463.1376953125,75.161
Morocco,MAR,2023,37712505.0,3813.72607421875,75.313
Mozambique,MOZ,1991,13352090.0,288.708092484444,44.705
Mozambique,MOZ,1992,13613316.0,205.585216062094,45.095
Mozambique,MOZ,1993,14051192.0,205.189844208699,45.675
Mozambique,MOZ,1994,15033853.0,196.763143175646,46.086
Mozambique,MOZ,1995,15960530.0,191.826096861406,46.546
Mozambique,MOZ,1996,16492480.0,244.362651012498,47.121
Mozambique,MOZ,1997,16949982.0,287.532091475389,47.8
Mozambique,MOZ,1998,17340464.0,320.125121723292,48.212
Mozambique,MOZ,1999,17734506.0,354.406245723711,48.837
Mozambique,MOZ,2000,18129653.0,327.12623979157,49.476
Mozambique,MOZ,2001,18537729.0,304.792138621913,50.259
Mozambique,MOZ,2002,18958338.0,313.886661721198,50.879
Mozambique,MOZ,2003,19392475.0,339.488737800648,51.383
Mozambique,MOZ,2004,19840313.0,400.056973161545,51.855
Mozambique,MOZ,2005,20304569.0,436.773856167384,52.322
Mozambique,MOZ,2006,20787087.0,457.487647833183,52.748
Mozambique,MOZ,2007,21287635.0,507.874923914304,53.255
Mozambique,MOZ,2008,21819036.0,592.159111184122,53.799
Mozambique,MOZ,2009,22391745.0,547.697144193651,54.4
Mozambique,MOZ,2010,22999235.0,496.185839392659,55.04
Mozambique,MOZ,2011,23649039.0,618.17649286789,55.733
Mozambique,MOZ,2012,24337846.0,685.685748199513,56.46
Mozambique,MOZ,2013,25051611.0,686.505672517351,57.189
Mozambique,MOZ,2014,25788475.0,697.142680444123,57.965
Mozambique,MOZ,2015,26547572.0,610.563774706589,58.711
Mozambique,MOZ,2016,27337105.0,441.489734819071,59.455
Mozambique,MOZ,2017,28166393.0,470.93856305196,60.148
Mozambique,MOZ,2018,29018644.0,517.507260258101,60.79
Mozambique,MOZ,2019,29884380.0,519.09255091362,61.306
Mozambique,MOZ,2020,30783688.0,462.433876479921,61.39
Mozambique,MOZ,2021,31707800.0,509.907829475551,60.268
Mozambique,MOZ,2022,32656246.0,578.251663751351,63.011
Mozambique,MOZ,2023,33635160.0,622.000297682823,63.611
Myanmar,MMR,1960,21730250.0,25.0847757223623,44.086
Myanmar,MMR,1961,22210581.0,27.2654541223873,44.603
Myanmar,MMR,1962,22704719.0,27.9470039695431,45.264
Myanmar,MMR,1963,23213408.0,25.8039844353997,45.951
Myanmar,MMR,1964,23737315.0,17.3322006236435,46.653
Myanmar,MMR,1965,24279431.0,15.1178632326484,47.405
Myanmar,MMR,1966,24836496.0,11.8013216738981,48.181
Myanmar,MMR,1967,25406429.0,16.5453805372426,48.86
Myanmar,MMR,1968,25989662.0,21.5453410007264,49.4
Myanmar,MMR,1969,26585112.0,21.5103180527937,50.02
Myanmar,MMR,1970,27193016.0,20.7242782768026,50.47
Myanmar,MMR,1971,27807219.0,21.1257517513266,51.027
Myanmar,MMR,1972,28428324.0,23.2941302744944,51.397
Myanmar,MMR,1973,29026388.0,24.7965628847435,51.763
Myanmar,MMR,1974,29598167.0,41.4076276435663,52.092
Myanmar,MMR,1975,30176565.0,35.163291569876,52.493
Myanmar,MMR,1976,30758811.0,39.1660083715823,52.908
Myanmar,MMR,1977,31355966.0,27.8600867193791,53.266
Myanmar,MMR,1978,31972976.0,29.2562311044151,53.522
Myanmar,MMR,1979,32596550.0,29.2136757858848,54.026
Myanmar,MMR,1980,33227204.0,31.2462392881093,54.374
Myanmar,MMR,1981,33858783.0,32.8127790443581,54.699
Myanmar,MMR,1982,34482965.0,42.9535414901862,55.033
Myanmar,MMR,1983,35162715.0,39.2908686161265,55.308
Myanmar,MMR,1984,35899313.0,36.3255768443636,55.596
Myanmar,MMR,1985,36622827.0,40.3821412603663,55.816
Myanmar,MMR,1986,37314878.0,42.4193735892874,56.084
Myanmar,MMR,1987,37971594.0,41.1478137224602,56.353
Myanmar,MMR,1988,38600927.0,39.9236088878004,56.57
Myanmar,MMR,1989,39214618.0,51.3443285034615,56.889
Myanmar,MMR,1990,39817251.0,53.1225401094506,57.159
Myanmar,MMR,1991,40394154.0,51.2408970610106,57.395
Myanmar,MMR,1992,40950342.0,58.8896739558883,57.681
Myanmar,MMR,1993,41502429.0,76.212889482598,58.032
Myanmar,MMR,1994,42055143.0,105.391561114159,58.326
Myanmar,MMR,1995,42605338.0,124.14348039051,58.671
Myanmar,MMR,1996,43154860.0,141.897267580367,59.169
Myanmar,MMR,1997,43708798.0,108.039770292032,59.523
Myanmar,MMR,1998,44257793.0,145.950830383757,59.896
Myanmar,MMR,1999,44787724.0,189.490155849067,60.107
Myanmar,MMR,2000,45290841.0,196.619580625284,60.357
Myanmar,MMR,2001,45771139.0,141.525660705722,60.64
Myanmar,MMR,2002,46232653.0,146.598390364449,60.925
Myanmar,MMR,2003,46667192.0,224.292688912409,61.196
Myanmar,MMR,2004,47068772.0,224.508811413327,61.443
Myanmar,MMR,2005,47438365.0,252.685193060728,61.72
Myanmar,MMR,2006,47785135.0,303.495087119254,62.026
Myanmar,MMR,2007,48125043.0,419.375780725042,62.367
Myanmar,MMR,2008,48390793.0,658.442487229705,56.364
Myanmar,MMR,2009,48660459.0,758.442935789255,63.095
Myanmar,MMR,2010,49024382.0,1010.53417343401,63.479
Myanmar,MMR,2011,49419820.0,1213.62898703376,63.859
Myanmar,MMR,2012,49837446.0,1202.6658960055,64.251
Myanmar,MMR,2013,50262658.0,1199.09561597055,64.617
Myanmar,MMR,2014,50681634.0,1293.00042319714,64.994
Myanmar,MMR,2015,51089056.0,1166.73305547935,65.288
Myanmar,MMR,2016,51495696.0,1229.19713491328,65.64
Myanmar,MMR,2017,51894938.0,1272.82241815234,65.909
Myanmar,MMR,2018,52272247.0,1298.21310327675,66.232
Myanmar,MMR,2019,52640713.0,1425.98954241668,66.457
Myanmar,MMR,2020,53016522.0,1490.21683599469,66.612
Myanmar,MMR,2021,53387102.0,1242.7213439951,65.553
Myanmar,MMR,2022,53756787.0,1158.05005055976,66.506
Myanmar,MMR,2023,54133798.0,1233.19666209269,66.889
Namibia,NAM,1980,981434.0,2467.80765504439,56.572
Namibia,NAM,1981,992500.0,2266.91040607673,56.912
Namibia,NAM,1982,1010308.0,2097.09340946461,57.335
Namibia,NAM,1983,1037511.0,2214.33863115715,57.637
Namibia,NAM,1984,1065989.0,1830.46920554097,58.097
Namibia,NAM,1985,1096890.0,1466.17924353732,58.472
Namibia,NAM,1986,1131081.0,1599.39785666132,58.725
Namibia,NAM,1987,1167889.0,1969.42364982372,59.123
Namibia,NAM,1988,1209696.0,2062.57997582884,59.033
Namibia,NAM,1989,1288947.0,1966.82702819252,60.773
Namibia,NAM,1990,1369303.0,2037.47589359778,61.359
Namibia,NAM,1991,1415684.0,2116.90552516214,60.833
Namibia,NAM,1992,1461322.0,2346.86242963741,60.16
Namibia,NAM,1993,1508697.0,2154.96473655435,59.26
Namibia,NAM,1994,1556304.0,2355.90445673153,58.441
Namibia,NAM,1995,1602170.0,2483.20353415161,57.518
Namibia,NAM,1996,1646103.0,2423.3982907313,56.639
Namibia,NAM,1997,1689264.0,2459.64511763936,55.844
Namibia,NAM,1998,1732745.0,2235.24515468625,54.767
Namibia,NAM,1999,1776368.0,2177.78733370092,53.983
Namibia,NAM,2000,1818647.0,2156.67590512714,52.946
Namibia,NAM,2001,1857048.0,1915.58926594875,51.98
Namibia,NAM,2002,1889970.0,1772.07565537493,51.988
Namibia,NAM,2003,1917464.0,2569.24739317883,51.918
Namibia,NAM,2004,1942082.0,3403.15496192955,52.175
Namibia,NAM,2005,1966582.0,3685.77299991587,52.557
Namibia,NAM,2006,1991888.0,4017.1834716928,53.183
Namibia,NAM,2007,2018600.0,4379.04313682732,54.026
Namibia,NAM,2008,2047056.0,4204.78555422749,54.74
Namibia,NAM,2009,2077394.0,4302.91374148376,55.347
Namibia,NAM,2010,2109811.0,5418.21633365814,56.093
Namibia,NAM,2011,2146325.0,5834.7917675794,56.647
Namibia,NAM,2012,2194654.0,5942.64680978673,57.733
Namibia,NAM,2013,2252508.0,5346.62131149967,58.468
Namibia,NAM,2014,2312139.0,5378.32326241205,59.311
Namibia,NAM,2015,2374300.0,4774.10650865775,60.008
Namibia,NAM,2016,2439213.0,4395.68776162376,60.81
Namibia,NAM,2017,2506853.0,5143.96072323076,61.661
Namibia,NAM,2018,2577327.0,5308.60813408705,62.579
Namibia,NAM,2019,2650494.0,4731.9210318831,63.546
Namibia,NAM,2020,2728762.0,3878.58982993966,64.071
Namibia,NAM,2021,2810548.0,4412.8355693052,60.85
Namibia,NAM,2022,2889662.0,4349.79908493314,64.19
Namibia,NAM,2023,2963095.0,4187.60500396525,67.385
Nauru,NRU,1970,6710.0,2618.53445937725,58.449
Nauru,NRU,1971,6762.0,2811.2146269153,58.427
Nauru,NRU,1972,6812.0,3190.58553898837,58.405
Nauru,NRU,1973,6866.0,3863.94069095729,58.362
Nauru,NRU,1974,6923.0,5199.26497504766,58.31
Nauru,NRU,1975,6987.0,5740.19978696317,58.251
Nauru,NRU,1976,7064.0,5703.20317140765,58.215
Nauru,NRU,1977,7163.0,5646.3355809661,58.144
Nauru,NRU,1978,7298.0,5721.31368927221,58.288
Nauru,NRU,1979,7468.0,5949.5621623368,58.374
Nauru,NRU,1980,7649.0,6137.68129611495,58.471
Nauru,NRU,1981,7839.0,6593.90695188717,58.555
Nauru,NRU,1982,8040.0,6576.83364047027,58.635
Nauru,NRU,1983,8216.0,5895.70266811075,58.694
Nauru,NRU,1984,8377.0,5653.96100020028,58.658
Nauru,NRU,1985,8551.0,4858.93351745825,58.598
Nauru,NRU,1986,8742.0,4568.67887653491,58.591
Nauru,NRU,1987,8946.0,4484.50814586951,58.625
Nauru,NRU,1988,9165.0,5011.58031484611,58.725
Nauru,NRU,1989,9390.0,5722.7674219742,58.9
Nauru,NRU,1990,9622.0,5775.55347423089,59.102
Nauru,NRU,1991,9850.0,5333.37954889626,59.312
Nauru,NRU,1992,10021.0,5102.59685913907,59.518
Nauru,NRU,1993,10102.0,4310.24433298623,59.761
Nauru,NRU,1994,10137.0,3920.53972987914,59.954
Nauru,NRU,1995,10165.0,3932.0910939209,60.063
Nauru,NRU,1996,10183.0,3678.56242894634,60.07
Nauru,NRU,1997,10197.0,3661.02846701327,59.985
Nauru,NRU,1998,10198.0,2908.84986525428,59.86
Nauru,NRU,1999,10187.0,2682.69486680046,59.701
Nauru,NRU,2000,10168.0,2648.60152860938,59.574
Nauru,NRU,2001,10130.0,2232.30874026726,59.482
Nauru,NRU,2002,10082.0,2084.64824520971,59.427
Nauru,NRU,2003,10059.0,2463.28259078079,59.359
Nauru,NRU,2004,10060.0,3040.51349889,59.346
Nauru,NRU,2005,10049.0,2992.40382776926,59.361
Nauru,NRU,2006,10034.0,2910.14145794684,59.409
Nauru,NRU,2007,10020.0,2272.15291307045,59.49
Nauru,NRU,2008,10009.0,3756.84531228766,59.675
Nauru,NRU,2009,10016.0,4410.56764668962,59.852
Nauru,NRU,2010,10043.0,4735.92000502092,60.074
Nauru,NRU,2011,10098.0,6444.03642094634,60.287
Nauru,NRU,2012,10267.0,9842.77032731856,60.533
Nauru,NRU,2013,10517.0,8974.51886874433,60.701
Nauru,NRU,2014,10742.0,9230.05440328927,60.834
Nauru,NRU,2015,10954.0,7747.25584993607,60.897
Nauru,NRU,2016,11150.0,8748.15632605428,60.996
Nauru,NRU,2017,11324.0,9656.97976571484,61.101
Nauru,NRU,2018,11477.0,11413.7463016389,61.238
Nauru,NRU,2019,11587.0,10801.7705659635,61.393
Nauru,NRU,2020,11643.0,10709.068810538,61.527
Nauru,NRU,2021,11709.0,14979.099896799,61.331
Nauru,NRU,2022,11801.0,12911.9086441381,61.93
Nauru,NRU,2023,11875.0,12752.4723855838,62.109
Nepal,NPL,1960,10123658.0,50.2125233749587,38.652
Nepal,NPL,1961,10318396.0,51.5544820747585,38.966
Nepal,NPL,1962,10521116.0,54.565608932967,39.333
Nepal,NPL,1963,10729818.0,46.3146629740628,39.608
Nepal,NPL,1964,10946392.0,45.320757315163,40.229
Nepal,NPL,1965,11173411.0,65.8050690424137,40.688
Nepal,NPL,1966,11408710.0,79.484178651631,41.239
Nepal,NPL,1967,11652716.0,72.255603368576,41.71
Nepal,NPL,1968,11906266.0,64.8592419247839,42.173
Nepal,NPL,1969,12167036.0,64.8179199463286,42.722
Nepal,NPL,1970,12436190.0,69.6334897297304,43.151
Nepal,NPL,1971,12710061.0,69.4540704096493,43.616
Nepal,NPL,1972,12989099.0,78.842912842237,44.068
Nepal,NPL,1973,13275239.0,73.2266835267801,44.485
Nepal,NPL,1974,13568435.0,89.7637455591626,44.919
Nepal,NPL,1975,13870695.0,113.605645172746,45.499
Nepal,NPL,1976,14177649.0,102.470373251774,45.991
Nepal,NPL,1977,14499175.0,95.3433557426543,46.628
Nepal,NPL,1978,14839695.0,108.099425052837,47.202
Nepal,NPL,1979,15190590.0,121.86820974915,47.766
Nepal,NPL,1980,15553105.0,125.114347478097,48.333
Nepal,NPL,1981,15922423.0,142.916898807843,48.662
Nepal,NPL,1982,16297987.0,146.976662933749,49.181
Nepal,NPL,1983,16689119.0,146.632953086254,49.676
Nepal,NPL,1984,17085242.0,151.078187115939,50.227
Nepal,NPL,1985,17477692.0,149.900453418882,50.922
Nepal,NPL,1986,17868124.0,159.545682806044,51.594
Nepal,NPL,1987,18250505.0,162.036906898913,52.382
Nepal,NPL,1988,18638661.0,187.084777621975,53.109
Nepal,NPL,1989,19057807.0,184.975416457251,54.013
Nepal,NPL,1990,19524573.0,185.794600449903,54.771
Nepal,NPL,1991,20036500.0,195.716621410462,55.65
Nepal,NPL,1992,20609707.0,165.02959412726,56.686
Nepal,NPL,1993,21180159.0,172.805202579767,57.597
Nepal,NPL,1994,21717479.0,187.258176246151,58.631
Nepal,NPL,1995,22245439.0,197.843001330326,59.323
Nepal,NPL,1996,22741862.0,198.821907435345,60.044
Nepal,NPL,1997,23219463.0,211.834869589153,60.823
Nepal,NPL,1998,23680357.0,205.075246306069,61.532
Nepal,NPL,1999,24125199.0,208.646667913743,62.035
Nepal,NPL,2000,24546509.0,223.830289183078,62.642
Nepal,NPL,2001,24946748.0,240.795114544664,63.288
Nepal,NPL,2002,25328981.0,238.89140296106,63.507
Nepal,NPL,2003,25688758.0,246.429706587633,64.229
Nepal,NPL,2004,26016656.0,279.587750044428,64.744
Nepal,NPL,2005,26309458.0,309.024168339372,65.275
Nepal,NPL,2006,26565425.0,340.431796437968,65.891
Nepal,NPL,2007,26788492.0,385.449767660642,66.169
Nepal,NPL,2008,26990037.0,464.817391891529,66.442
Nepal,NPL,2009,27173035.0,473.078751198621,66.6
Nepal,NPL,2010,27341952.0,585.278491984574,66.772
Nepal,NPL,2011,27464494.0,785.518656222132,67.123
Nepal,NPL,2012,27534915.0,788.202937148377,67.364
Nepal,NPL,2013,27589996.0,803.269595420477,67.598
Nepal,NPL,2014,27672370.0,821.455224911731,67.812
Nepal,NPL,2015,27823629.0,875.543635474862,67.374
Nepal,NPL,2016,27955462.0,877.256454696737,68.444
Nepal,NPL,2017,28011258.0,1034.28374906846,68.74
Nepal,NPL,2018,28079689.0,1179.19843190389,69.036
Nepal,NPL,2019,28414064.0,1203.14294706401,69.299
Nepal,NPL,2020,28966574.0,1154.21517578318,69.106
Nepal,NPL,2021,29475010.0,1252.75076731986,68.385
Nepal,NPL,2022,29715436.0,1385.91066274851,70.087
Nepal,NPL,2023,29694614.0,1382.33055769304,70.354
Netherlands,NLD,1960,11486631.0,1156.38597727767,73.3926829268293
Netherlands,NLD,1961,11638712.0,1254.42028262131,73.6526829268293
Netherlands,NLD,1962,11805689.0,1342.36827187015,73.3239024390244
Netherlands,NLD,1963,11965966.0,1436.88726083934,73.3370731707317
Netherlands,NLD,1964,12127120.0,1668.33086114697,73.7041463414634
Netherlands,NLD,1965,12294732.0,1848.09801532427,73.5687804878049
Netherlands,NLD,1966,12456251.0,1986.2702443166,73.5129268292683
Netherlands,NLD,1967,12598201.0,2154.57969743046,73.8041463414634
Netherlands,NLD,1968,12729721.0,2364.3594192663,73.6126829268293
Netherlands,NLD,1969,12877984.0,2646.84581766825,73.539512195122
Netherlands,NLD,1970,13038526.0,2931.38078026525,73.5856097560976
Netherlands,NLD,1971,13194497.0,3383.58715579996,73.809512195122
Netherlands,NLD,1972,13328593.0,4110.49164551948,73.7270731707317
Netherlands,NLD,1973,13439322.0,5353.44265154981,74.1439024390244
Netherlands,NLD,1974,13545056.0,6450.45770236493,74.5368292682927
Netherlands,NLD,1975,13666335.0,7346.3047476862,74.4987804878049
Netherlands,NLD,1976,13774037.0,7937.35246713998,74.6470731707317
Netherlands,NLD,1977,13856185.0,9180.29918461772,75.2214634146342
Netherlands,NLD,1978,13941700.0,11195.8424872959,75.1451219512195
Netherlands,NLD,1979,14038270.0,12817.3790153401,75.6060975609756
Netherlands,NLD,1980,14149800.0,13812.1600098191,75.7431707317073
Netherlands,NLD,1981,14247208.0,11537.4026865092,75.9343902439025
Netherlands,NLD,1982,14312690.0,11088.9543150885,75.9885365853659
Netherlands,NLD,1983,14367070.0,10696.0774958682,76.1641463414634
Netherlands,NLD,1984,14424211.0,9991.84377655651,76.2331707317073
Netherlands,NLD,1985,14491632.0,9940.73843593795,76.2846341463415
Netherlands,NLD,1986,14572278.0,13804.1360603265,76.2704878048781
Netherlands,NLD,1987,14665037.0,16734.1514052316,76.7051219512195
Netherlands,NLD,1988,14760094.0,17770.6162376388,76.890243902439
Netherlands,NLD,1989,14848907.0,17423.2961585523,76.7341463414634
Netherlands,NLD,1990,14951510.0,21322.1944802703,76.8780487804878
Netherlands,NLD,1991,15069798.0,21764.2144987258,77.0
Netherlands,NLD,1992,15184166.0,23939.2173482108,77.2170731707317
Netherlands,NLD,1993,15290368.0,23156.4404444568,76.9165853658537
Netherlands,NLD,1994,15382838.0,24682.5866742863,77.3751219512195
Netherlands,NLD,1995,15459006.0,29301.1940492376,77.4046341463415
Netherlands,NLD,1996,15530498.0,29063.6236532536,77.4356097560976
Netherlands,NLD,1997,15610650.0,26744.9601318097,77.7943902439024
Netherlands,NLD,1998,15707209.0,27924.281808994,77.8829268292683
Netherlands,NLD,1999,15812088.0,28318.7466538357,77.8365853658537
Netherlands,NLD,2000,15925513.0,26225.1697734149,77.9878048780488
Netherlands,NLD,2001,16046180.0,26955.7128032278,78.190243902439
Netherlands,NLD,2002,16148929.0,29446.5330872868,78.2926829268293
Netherlands,NLD,2003,16225302.0,35896.7504630706,78.4926829268293
Netherlands,NLD,2004,16281779.0,40611.3414353091,79.0951219512195
Netherlands,NLD,2005,16319868.0,42165.396168388,79.3463414634146
Netherlands,NLD,2006,16346101.0,45123.5432406426,79.6975609756098
Netherlands,NLD,2007,16381696.0,52100.7996285947,80.0975609756098
Netherlands,NLD,2008,16445593.0,58246.7026905874,80.2512195121951
Netherlands,NLD,2009,16530388.0,53172.0261581418,80.5487804878049
Netherlands,NLD,2010,16615394.0,51305.7338533973,80.7024390243902
Netherlands,NLD,2011,16693074.0,54701.7728030611,81.2048780487805
Netherlands,NLD,2012,16754962.0,50473.9442002689,81.1048780487805
Netherlands,NLD,2013,16804432.0,52602.2860520766,81.3048780487805
Netherlands,NLD,2014,16865008.0,53457.2234864322,81.7073170731707
Netherlands,NLD,2015,16939923.0,45793.8135434697,81.509756097561
Netherlands,NLD,2016,17030314.0,46808.5291492503,81.5609756097561
Netherlands,NLD,2017,17131296.0,49513.6817346384,81.7609756097561
Netherlands,NLD,2018,17231624.0,53955.0770024266,81.8121951219512
Netherlands,NLD,2019,17344874.0,53554.9007491475,82.1121951219512
Netherlands,NLD,2020,17441500.0,53467.9277413737,81.3585365853659
Netherlands,NLD,2021,17533044.0,60141.9880911492,81.309756097561
Netherlands,NLD,2022,17700982.0,59123.318556487,81.6146341463415
Netherlands,NLD,2023,17877117.0,63515.6030780019,81.9146341463415
New Caledonia,NCL,1965,93159.0,1713.14089313598,56.066
New Caledonia,NCL,1966,95820.0,1713.69793827137,56.871
New Caledonia,NCL,1967,98587.0,1826.17147949386,57.688
New Caledonia,NCL,1968,101441.0,2124.4581832684,58.503
New Caledonia,NCL,1969,104849.0,2509.40725556196,59.3
New Caledonia,NCL,1970,109338.0,3281.71069593272,60.057
New Caledonia,NCL,1971,114514.0,3615.1542919613,60.785
New Caledonia,NCL,1972,119931.0,4225.83816273241,61.413
New Caledonia,NCL,1973,125585.0,4318.13831160265,62.1
New Caledonia,NCL,1974,131452.0,4848.9446983879,62.69
New Caledonia,NCL,1975,137462.0,5940.93032547352,63.239
New Caledonia,NCL,1976,142091.0,5618.32573273327,63.751
New Caledonia,NCL,1977,144599.0,5792.71036838794,64.236
New Caledonia,NCL,1978,146392.0,5779.03633913119,64.702
New Caledonia,NCL,1979,148132.0,7069.54421444295,65.154
New Caledonia,NCL,1980,149817.0,7892.72212911846,65.601
New Caledonia,NCL,1981,151441.0,6422.06638106676,65.987
New Caledonia,NCL,1982,153001.0,5912.37880618972,66.51
New Caledonia,NCL,1983,155003.0,5315.10934087161,66.972
New Caledonia,NCL,1984,157583.0,5051.72635841793,67.419
New Caledonia,NCL,1985,160234.0,5334.82839832455,67.843
New Caledonia,NCL,1986,162898.0,7374.68547045802,68.239
New Caledonia,NCL,1987,165650.0,8983.35708724875,68.597
New Caledonia,NCL,1988,168502.0,12301.1923190702,68.92
New Caledonia,NCL,1989,172029.0,12701.8289877333,69.221
New Caledonia,NCL,1990,176456.0,14334.6807372176,69.526
New Caledonia,NCL,1991,181238.0,14642.5179713722,69.82
New Caledonia,NCL,1992,186072.0,15713.7198562158,70.143
New Caledonia,NCL,1993,190857.0,14787.2165075183,70.504
New Caledonia,NCL,1994,195614.0,15534.3093278924,70.897
New Caledonia,NCL,1995,200379.0,18107.8880778022,71.314
New Caledonia,NCL,1996,205034.0,17592.0502745845,71.75
New Caledonia,NCL,1997,209560.0,15704.9593483537,72.204
New Caledonia,NCL,1998,214047.0,16614.5978812179,72.677
New Caledonia,NCL,1999,218527.0,16692.6835119189,73.141
New Caledonia,NCL,2000,223098.0,15329.7297200058,73.574
New Caledonia,NCL,2001,227707.0,14482.3606263602,73.958
New Caledonia,NCL,2002,232236.0,16104.5520406819,74.278
New Caledonia,NCL,2003,236678.0,20768.1061488848,74.5
New Caledonia,NCL,2004,240852.0,24475.6488547037,74.713
New Caledonia,NCL,2005,244381.0,25528.2918353444,74.867
New Caledonia,NCL,2006,247547.0,28193.2537573387,75.016
New Caledonia,NCL,2007,250725.0,35177.6535261448,75.181
New Caledonia,NCL,2008,253825.0,35723.9033194947,75.398
New Caledonia,NCL,2009,257250.0,33836.494080472,75.676
New Caledonia,NCL,2010,261582.0,35798.9084757829,75.992
New Caledonia,NCL,2011,266543.0,38835.9401851385,76.315
New Caledonia,NCL,2012,271633.0,35559.5672006157,76.615
New Caledonia,NCL,2013,276822.0,36671.1566752621,76.867
New Caledonia,NCL,2014,281224.0,37816.9558599295,77.053
New Caledonia,NCL,2015,283168.0,30858.7237060533,77.206
New Caledonia,NCL,2016,283423.0,30782.8544433514,77.359
New Caledonia,NCL,2017,283546.0,32354.7102832901,77.504
New Caledonia,NCL,2018,283541.0,34902.8968780031,77.557
New Caledonia,NCL,2019,283606.0,33411.3358835672,77.262
New Caledonia,NCL,2020,284176.0,33270.330597637,77.049
New Caledonia,NCL,2021,285214.0,35311.5543551452,77.113
New Caledonia,NCL,2022,287123.0,33516.363085906,77.698
New Caledonia,NCL,2023,289870.0,33701.8923322781,78.766
New Zealand,NZL,1960,2371800.0,2334.1337214332,71.2365853658537
New Zealand,NZL,1961,2419700.0,2364.75383900097,70.9853658536585
New Zealand,NZL,1962,2482000.0,2471.05500895111,71.2317073170732
New Zealand,NZL,1963,2531800.0,2646.23652937762,71.280487804878
New Zealand,NZL,1964,2585400.0,2839.31554692453,71.3292682926829
New Zealand,NZL,1965,2628400.0,2170.99809777651,71.2268292682927
New Zealand,NZL,1966,2675900.0,2211.38222406465,71.1243902439025
New Zealand,NZL,1967,2724100.0,2208.44213762022,71.4731707317073
New Zealand,NZL,1968,2748100.0,1902.42182426883,71.1243902439025
New Zealand,NZL,1969,2772800.0,2096.92646729301,71.4731707317073
New Zealand,NZL,1970,2810700.0,2311.02761979013,71.2731707317073
New Zealand,NZL,1971,2853000.0,2772.9185969396,71.7731707317073
New Zealand,NZL,1972,2903900.0,3294.64894268304,71.8292682926829
New Zealand,NZL,1973,2961300.0,4323.19653458655,71.6682926829268
New Zealand,NZL,1974,3023700.0,4610.57042634013,71.9243902439024
New Zealand,NZL,1975,3083100.0,4171.76973967475,72.219512195122
New Zealand,NZL,1976,3110500.0,4373.84099791231,72.4219512195122
New Zealand,NZL,1977,3120200.0,4950.58820538927,72.1682926829268
New Zealand,NZL,1978,3121200.0,5936.98526036423,73.019512195122
New Zealand,NZL,1979,3109000.0,6668.1386662247,73.0682926829269
New Zealand,NZL,1980,3112900.0,7467.16803773805,72.8292682926829
New Zealand,NZL,1981,3124900.0,7813.88754336067,73.6219512195122
New Zealand,NZL,1982,3156100.0,7656.47573238963,73.7243902439024
New Zealand,NZL,1983,3199300.0,7598.31203875006,73.7756097560976
New Zealand,NZL,1984,3227100.0,6713.76013104154,74.3707317073171
New Zealand,NZL,1985,3247100.0,7600.56524172937,73.8292682926829
New Zealand,NZL,1986,3246300.0,9427.55394035348,74.1219512195122
New Zealand,NZL,1987,3274400.0,12330.9168305483,74.1780487804878
New Zealand,NZL,1988,3283400.0,13759.1556295922,74.4243902439024
New Zealand,NZL,1989,3299200.0,13312.3855858113,74.8243902439024
New Zealand,NZL,1990,3329800.0,13663.0216184298,75.3780487804878
New Zealand,NZL,1991,3495100.0,12230.0734548834,76.0317073170732
New Zealand,NZL,1992,3531700.0,11793.1392416214,76.1243902439025
New Zealand,NZL,1993,3572200.0,13094.3454502639,76.4341463414634
New Zealand,NZL,1994,3620000.0,15280.3127842922,76.8829268292683
New Zealand,NZL,1995,3673400.0,17400.4201848172,76.7341463414634
New Zealand,NZL,1996,3732000.0,18794.436039393,76.7878048780488
New Zealand,NZL,1997,3781300.0,17474.187029724,77.3341463414634
New Zealand,NZL,1998,3815000.0,14738.4455703918,78.0853658536585
New Zealand,NZL,1999,3835100.0,15322.2238340267,77.890243902439
New Zealand,NZL,2000,3857700.0,13641.1027183822,78.6365853658537
New Zealand,NZL,2001,3880500.0,13882.8568268586,78.6926829268293
New Zealand,NZL,2002,3948500.0,16874.1874918196,78.8463414634146
New Zealand,NZL,2003,4027200.0,21913.7081719961,79.1463414634146
New Zealand,NZL,2004,4087500.0,25420.234882944,79.5487804878049
New Zealand,NZL,2005,4133900.0,27751.0654708859,79.8512195121951
New Zealand,NZL,2006,4184600.0,26654.5932018985,80.0487804878049
New Zealand,NZL,2007,4223800.0,32479.9817381467,80.1512195121951
New Zealand,NZL,2008,4259800.0,31324.7397977102,80.3512195121951
New Zealand,NZL,2009,4302600.0,28276.7255416225,80.7024390243902
New Zealand,NZL,2010,4350700.0,33761.9009639947,80.9048780487805
New Zealand,NZL,2011,4384000.0,38431.7766788499,81.1560975609756
New Zealand,NZL,2012,4408100.0,40053.6991536369,81.4073170731707
New Zealand,NZL,2013,4442100.0,43000.4646849189,81.4048780487805
New Zealand,NZL,2014,4516500.0,44618.266973847,81.4568292682927
New Zealand,NZL,2015,4609400.0,38665.3723018158,81.6124390243903
New Zealand,NZL,2016,4714100.0,40113.7195382428,81.6585365853659
New Zealand,NZL,2017,4813600.0,42950.3841711138,81.8585365853659
New Zealand,NZL,2018,4900600.0,43257.0769238879,81.7073170731707
New Zealand,NZL,2019,4970300.0,42855.831861632,82.0560975609756
New Zealand,NZL,2020,5072400.0,41997.7830324279,82.2560975609756
New Zealand,NZL,2021,5084600.0,49950.4251691316,82.2073170731707
New Zealand,NZL,2022,5081700.0,49099.7090423358,81.9585365853658
New Zealand,NZL,2023,5200000.0,49075.9562832927,83.0048780487805
Nicaragua,NIC,1960,1782370.0,127.483812082529,46.399
Nicaragua,NIC,1961,1836451.0,132.943507152279,47.289
Nicaragua,NIC,1962,1892320.0,142.303523551421,47.981
Nicaragua,NIC,1963,1950159.0,152.461498316554,48.752
Nicaragua,NIC,1964,2010176.0,172.68135633824,49.586
Nicaragua,NIC,1965,2072681.0,272.251263163163,50.647
Nicaragua,NIC,1966,2137820.0,283.999593265889,51.579
Nicaragua,NIC,1967,2205567.0,297.946065908473,52.348
Nicaragua,NIC,1968,2275836.0,304.441965331491,52.865
Nicaragua,NIC,1969,2348398.0,319.366650327118,53.35
Nicaragua,NIC,1970,2423065.0,321.316159006971,53.815
Nicaragua,NIC,1971,2499825.0,331.451182972568,54.219
Nicaragua,NIC,1972,2573578.0,341.380772391976,47.957
Nicaragua,NIC,1973,2649278.0,412.527494204714,55.023
Nicaragua,NIC,1974,2732075.0,556.866122465391,55.401
Nicaragua,NIC,1975,2816943.0,561.459695350208,55.774
Nicaragua,NIC,1976,2903851.0,632.573778388006,56.118
Nicaragua,NIC,1977,2992534.0,744.185320440322,56.126
Nicaragua,NIC,1978,3080314.0,690.741261696299,53.533
Nicaragua,NIC,1979,3164525.0,495.366597419221,50.828
Nicaragua,NIC,1980,3252403.0,659.297143121648,57.953
Nicaragua,NIC,1981,3345674.0,739.671655710215,58.278
Nicaragua,NIC,1982,3438745.0,713.777809066357,58.685
Nicaragua,NIC,1983,3530282.0,779.852730684977,56.851
Nicaragua,NIC,1984,3619104.0,861.428649767358,56.126
Nicaragua,NIC,1985,3706479.0,724.056425347288,56.4
Nicaragua,NIC,1986,3794157.0,760.59055909276,57.558
Nicaragua,NIC,1987,3882164.0,992.024066415935,57.329
Nicaragua,NIC,1988,3972320.0,662.308196621167,59.833
Nicaragua,NIC,1989,4066476.0,249.155474069011,61.884
Nicaragua,NIC,1990,4162559.0,242.508390600822,62.473
Nicaragua,NIC,1991,4259637.0,349.514318640612,63.31
Nicaragua,NIC,1992,4357026.0,411.473330661786,63.672
Nicaragua,NIC,1993,4453732.0,394.378074021071,64.093
Nicaragua,NIC,1994,4549316.0,849.179331364895,64.549
Nicaragua,NIC,1995,4642931.0,891.779352309996,64.869
Nicaragua,NIC,1996,4729974.0,910.861645917295,65.215
Nicaragua,NIC,1997,4809573.0,912.757429788533,65.523
Nicaragua,NIC,1998,4883655.0,949.155373494771,64.111
Nicaragua,NIC,1999,4954018.0,980.219744675246,65.892
Nicaragua,NIC,2000,5022633.0,1017.3124434882,66.36
Nicaragua,NIC,2001,5087825.0,1051.874235891,67.028
Nicaragua,NIC,2002,5149909.0,1014.3339042591,67.95
Nicaragua,NIC,2003,5210963.0,1021.35216668794,68.749
Nicaragua,NIC,2004,5272912.0,1098.62118662335,69.51
Nicaragua,NIC,2005,5342105.0,1183.30214010175,70.374
Nicaragua,NIC,2006,5418855.0,1248.17371577788,70.958
Nicaragua,NIC,2007,5497243.0,1350.38145753377,71.197
Nicaragua,NIC,2008,5576593.0,1523.68437086409,71.404
Nicaragua,NIC,2009,5656601.0,1467.08288052845,71.499
Nicaragua,NIC,2010,5737450.0,1526.56706951408,71.761
Nicaragua,NIC,2011,5819051.0,1679.71192084633,72.033
Nicaragua,NIC,2012,5901287.0,1784.69836017555,72.435
Nicaragua,NIC,2013,5983845.0,1835.43996363715,72.551
Nicaragua,NIC,2014,6066492.0,1958.37047579547,72.792
Nicaragua,NIC,2015,6149417.0,2074.45620634731,72.899
Nicaragua,NIC,2016,6232666.0,2131.68704828322,73.18
Nicaragua,NIC,2017,6316231.0,2182.61380995674,73.389
Nicaragua,NIC,2018,6400080.0,2035.16549390507,73.879
Nicaragua,NIC,2019,6483657.0,1958.62051528095,73.764
Nicaragua,NIC,2020,6565267.0,1938.44704754382,70.766
Nicaragua,NIC,2021,6644741.0,2138.38588469449,70.478
Nicaragua,NIC,2022,6730654.0,2322.89053964583,74.463
Nicaragua,NIC,2023,6823613.0,2609.44492072931,74.947
Niger,NER,1960,3505050.0,128.251201351162,36.193
Niger,NER,1961,3608162.0,134.635094261008,36.287
Niger,NER,1962,3714520.0,143.150824130834,36.319
Niger,NER,1963,3823873.0,153.324882584919,36.437
Niger,NER,1964,3935814.0,148.080269139855,36.464
Niger,NER,1965,4049695.0,166.280055859235,36.404
Niger,NER,1966,4165544.0,168.596485499415,36.331
Niger,NER,1967,4283590.0,155.380620524944,36.243
Niger,NER,1968,4403637.0,145.610145933803,36.128
Niger,NER,1969,4525725.0,138.291209756182,36.003
Niger,NER,1970,4650275.0,139.75875001865,35.919
Niger,NER,1971,4776225.0,145.213783611591,35.294
Niger,NER,1972,4904845.0,151.437947747318,35.813
Niger,NER,1973,5037865.0,187.854399670045,35.938
Niger,NER,1974,5174953.0,198.28916531089,36.195
Niger,NER,1975,5317019.0,197.232873008404,36.568
Niger,NER,1976,5464962.0,194.789570593583,37.101
Niger,NER,1977,5619716.0,229.808417625006,37.689
Niger,NER,1978,5782932.0,306.828022482047,38.267
Niger,NER,1979,5955556.0,354.169730869649,38.889
Niger,NER,1980,6135971.0,408.822779755471,39.344
Niger,NER,1981,6322006.0,343.386800706738,39.637
Niger,NER,1982,6512732.0,309.795062345471,39.844
Niger,NER,1983,6708644.0,268.772580748131,39.979
Niger,NER,1984,6909971.0,211.468807340699,39.989
Niger,NER,1985,7118457.0,202.372740665362,40.12
Niger,NER,1986,7335811.0,259.561894151866,40.251
Niger,NER,1987,7561150.0,295.326253933298,40.468
Niger,NER,1988,7793748.0,292.587878484489,40.791
Niger,NER,1989,8034780.0,271.266557931133,41.188
Niger,NER,1990,8286059.0,423.887460599302,41.732
Niger,NER,1991,8546900.0,384.44311679922,42.289
Niger,NER,1992,8817633.0,384.029657304316,43.064
Niger,NER,1993,9100789.0,335.429581902384,43.838
Niger,NER,1994,9398258.0,206.214617135856,44.586
Niger,NER,1995,9714529.0,237.01998956862,45.504
Niger,NER,1996,10044852.0,239.494513213973,46.313
Niger,NER,1997,10383969.0,220.562957209,47.097
Niger,NER,1998,10741413.0,246.090855923026,47.807
Niger,NER,1999,11117411.0,228.271656116064,48.48
Niger,NER,2000,11509630.0,194.771959898935,49.172
Niger,NER,2001,11920647.0,205.417936120931,49.872
Niger,NER,2002,12349144.0,225.294391147438,50.645
Niger,NER,2003,12796984.0,265.225363452469,51.545
Niger,NER,2004,13265836.0,283.468281798296,52.402
Niger,NER,2005,13756192.0,318.643121918273,53.32
Niger,NER,2006,14268581.0,333.345078419447,54.223
Niger,NER,2007,14803610.0,387.168065883301,55.063
Niger,NER,2008,15361915.0,475.044955398162,55.852
Niger,NER,2009,15943675.0,461.131533961487,56.487
Niger,NER,2010,16548835.0,474.425692340831,57.08
Niger,NER,2011,17176283.0,510.75956176268,57.6
Niger,NER,2012,17836769.0,528.510104469655,57.987
Niger,NER,2013,18519898.0,552.103334363117,58.364
Niger,NER,2014,19215909.0,565.30989731175,58.693
Niger,NER,2015,19939498.0,485.662574175279,58.85
Niger,NER,2016,20685753.0,502.706475406446,59.228
Niger,NER,2017,21435446.0,521.804130023434,59.524
Niger,NER,2018,22188069.0,578.568035680892,59.765
Niger,NER,2019,22947757.0,561.691304349698,60.031
Niger,NER,2020,23717613.0,579.512495758236,59.89
Niger,NER,2021,24502140.0,608.722439593808,59.542
Niger,NER,2022,25311973.0,609.745147574878,60.398
Niger,NER,2023,26159867.0,638.336080897887,61.183
Nigeria,NGA,1960,45053782.0,93.1370090424417,37.207
Nigeria,NGA,1961,45989310.0,97.1375281143562,37.427
Nigeria,NGA,1962,46965292.0,104.532495533943,37.606
Nigeria,NGA,1963,47973575.0,107.675741358944,37.806
Nigeria,NGA,1964,49012016.0,113.297345671875,37.98
Nigeria,NGA,1965,50086764.0,117.287226824734,38.221
Nigeria,NGA,1966,51188234.0,124.382440176253,38.355
Nigeria,NGA,1967,52293065.0,99.5014906604697,37.497
Nigeria,NGA,1968,53432783.0,97.3372081255964,38.642
Nigeria,NGA,1969,54631914.0,121.436663307697,38.946
Nigeria,NGA,1970,55893838.0,224.46293599595,40.008
Nigeria,NGA,1971,57214684.0,160.479255841113,40.606
Nigeria,NGA,1972,58601748.0,209.454776294345,41.273
Nigeria,NGA,1973,60082139.0,252.369032452868,41.831
Nigeria,NGA,1974,61679144.0,402.836999782685,42.489
Nigeria,NGA,1975,63410815.0,438.078813916795,43.054
Nigeria,NGA,1976,65258009.0,556.389687719878,44.186
Nigeria,NGA,1977,67234590.0,535.965307817329,44.847
Nigeria,NGA,1978,69326532.0,526.895852928476,45.348
Nigeria,NGA,1979,71498242.0,660.994040864293,45.738
Nigeria,NGA,1980,73764641.0,870.359934682057,45.959
Nigeria,NGA,1981,76068103.0,2162.20995436075,46.309
Nigeria,NGA,1982,78378701.0,1821.53265482387,46.437
Nigeria,NGA,1983,80438260.0,1207.07374565349,46.442
Nigeria,NGA,1984,82526443.0,890.434106332302,46.339
Nigeria,NGA,1985,84897973.0,868.640540548893,46.193
Nigeria,NGA,1986,87235953.0,628.248453718536,45.953
Nigeria,NGA,1987,89591716.0,587.956613434089,45.89
Nigeria,NGA,1988,92020090.0,539.539468397166,45.834
Nigeria,NGA,1989,94531014.0,465.488089532188,45.83
Nigeria,NGA,1990,97120925.0,556.376449130902,45.733
Nigeria,NGA,1991,99720162.0,596.938795710722,45.483
Nigeria,NGA,1992,102372770.0,508.515905682785,45.587
Nigeria,NGA,1993,105122069.0,539.573202297542,45.783
Nigeria,NGA,1994,107935714.0,744.884247151377,45.748
Nigeria,NGA,1995,110819428.0,1271.61617353199,45.87
Nigeria,NGA,1996,113754779.0,1632.72469370276,45.833
Nigeria,NGA,1997,116754792.0,1720.27540949396,45.96
Nigeria,NGA,1998,119846254.0,1822.46998452473,46.148
Nigeria,NGA,1999,123047320.0,480.669363941805,46.609
Nigeria,NGA,2000,126382494.0,547.318298903379,47.143
Nigeria,NGA,2001,129862595.0,566.428231812933,47.549
Nigeria,NGA,2002,133471989.0,712.164852077686,48.02
Nigeria,NGA,2003,137202644.0,763.388745367223,48.618
Nigeria,NGA,2004,141057045.0,962.48104194733,49.148
Nigeria,NGA,2005,145017253.0,1211.37703504386,49.538
Nigeria,NGA,2006,149077334.0,1599.53891556365,49.876
Nigeria,NGA,2007,153267261.0,1815.52697545827,50.381
Nigeria,NGA,2008,157595014.0,2154.10543545364,50.748
Nigeria,NGA,2009,162049464.0,1820.48633854782,51.08
Nigeria,NGA,2010,166642886.0,2202.25672957344,51.315
Nigeria,NGA,2011,171379598.0,2418.41316975875,51.49
Nigeria,NGA,2012,176200625.0,2633.19734671361,51.688
Nigeria,NGA,2013,181049443.0,2872.79083379398,51.827
Nigeria,NGA,2014,185896915.0,3088.72131316169,51.94
Nigeria,NGA,2015,190671878.0,2585.73360671797,51.939
Nigeria,NGA,2016,195443700.0,2070.4127339595,52.189
Nigeria,NGA,2017,200254579.0,1876.34027111773,52.397
Nigeria,NGA,2018,204938755.0,2057.87944554011,52.669
Nigeria,NGA,2019,209485641.0,3189.81286498516,53.009
Nigeria,NGA,2020,213996181.0,2797.18458068686,53.072
Nigeria,NGA,2021,218529286.0,2787.48779224428,53.455
Nigeria,NGA,2022,223150896.0,2899.16047470324,54.079
Nigeria,NGA,2023,227882945.0,2138.76383719983,54.462
North America,NAC,1960,198622564.0,2933.32612076162,69.8928809447431
North America,NAC,1961,202005123.0,2985.34509534559,70.3674111103082
North America,NAC,1962,205196239.0,3148.48034494887,70.2322004358455
North America,NAC,1963,208251340.0,3276.24057329535,70.0498732749243
North America,NAC,1964,211260410.0,3473.15658682108,70.3125870410997
North America,NAC,1965,214028461.0,3722.17913835061,70.3664482428266
North America,NAC,1966,216656534.0,4035.88185355802,70.3774745800766
North America,NAC,1967,219173514.0,4223.19167135647,70.7137220587
North America,NAC,1968,221500404.0,4570.75388903652,70.1757231439513
North America,NAC,1969,223756306.0,4902.69124991101,70.6941667067473
North America,NAC,1970,226428124.0,5130.46496658829,70.9850542794544
North America,NAC,1971,229675639.0,5506.31995735305,71.2906105325876
North America,NAC,1972,232167266.0,5999.16290039623,71.325889782303
North America,NAC,1973,234453723.0,6642.71747804851,71.5291863757895
North America,NAC,1974,236715025.0,7209.11056718541,72.0793243629389
North America,NAC,1975,239169404.0,7775.52950366746,72.6932766943585
North America,NAC,1976,241538018.0,8615.91036395796,72.9528469578295
North America,NAC,1977,244018165.0,9403.39083487762,73.3490323734962
North America,NAC,1978,246601634.0,10427.5235353317,73.4698455920373
North America,NAC,1979,249310061.0,11518.7542483322,73.9076174873992
North America,NAC,1980,251794340.0,12441.4904083867,73.7548645377218
North America,NAC,1981,254339912.0,13820.1932805098,74.1547309404066
North America,NAC,1982,256835329.0,14247.3479863069,74.4941013567384
North America,NAC,1983,259213228.0,15341.7852470968,74.6194447243444
North America,NAC,1984,261487222.0,16808.9173401045,74.7363519363636
North America,NAC,1985,263821663.0,17838.5825446095,74.7359434817121
North America,NAC,1986,266289167.0,18625.6594397012,74.7956281535059
North America,NAC,1987,268791866.0,19679.3370907984,74.9636321926897
North America,NAC,1988,271347446.0,21180.3472351774,74.9722477585484
North America,NAC,1989,274152910.0,22652.6630458719,75.2265211544613
North America,NAC,1990,277371697.0,23653.5020058697,75.4361985040414
North America,NAC,1991,281076404.0,24094.1306916521,75.5878135699287
North America,NAC,1992,284943671.0,24974.7405630878,75.837971168818
North America,NAC,1993,288662580.0,25772.0724370973,75.6464787218972
North America,NAC,1994,292185857.0,26931.65092829,75.8429823471392
North America,NAC,1995,295639837.0,27897.9346077139,75.8554630666128
North America,NAC,1996,299064031.0,29112.2451436921,76.2440970663798
North America,NAC,1997,302623125.0,30518.0718884439,76.6253579363396
North America,NAC,1998,306069812.0,31691.9492537212,76.7819490135195
North America,NAC,1999,309502410.0,33320.9396278081,76.8047860395782
North America,NAC,2000,312909691.0,35151.3613936987,76.8850332429286
North America,NAC,2001,316051677.0,35831.4569213799,77.0883485337654
North America,NAC,2002,319046534.0,36652.0186585008,77.1919358768587
North America,NAC,2003,321812780.0,38395.5205652019,77.3002796759891
North America,NAC,2004,324806660.0,40788.4744089861,77.7343375427686
North America,NAC,2005,327822042.0,43368.5783940626,77.7462382909607
North America,NAC,2006,331013939.0,45741.2633538401,77.9690402937581
North America,NAC,2007,334183103.0,47727.7701044725,78.2395331531403
North America,NAC,2008,337404564.0,48398.3601410965,78.3038592516027
North America,NAC,2009,340465163.0,46581.4062631638,78.6547128363776
North America,NAC,2010,343447854.0,48545.7752706944,78.8169547045614
North America,NAC,2011,346242415.0,50251.9815319984,78.9234323511493
North America,NAC,2012,349116140.0,51812.8921210048,79.0322253270364
North America,NAC,2013,351870848.0,53133.8537338421,79.0411295925553
North America,NAC,2014,354755155.0,54580.8673039295,79.135655352291
North America,NAC,2015,357583083.0,55285.5686917861,79.0036254654542
North America,NAC,2016,360527592.0,56112.2253713869,78.8800103845064
North America,NAC,2017,363217262.0,58184.8571647569,78.8688036246685
North America,NAC,2018,365666028.0,60890.5689258698,78.9607960728398
North America,NAC,2019,367908829.0,62874.6117089583,79.1334134419141
North America,NAC,2020,369670740.0,61468.3372208474,77.4498099795241
North America,NAC,2021,370404272.0,68424.560031595,76.8657678890549
North America,NAC,2022,373018004.0,74535.6365392629,77.8327679594239
North America,NAC,2023,376954413.0,78190.0640735535,78.7328213732191
North Macedonia,MKD,1990,2063689.0,2277.30372314314,71.1720975609756
North Macedonia,MKD,1991,2055994.0,2402.13517656378,71.5829024390244
North Macedonia,MKD,1992,2032523.0,1198.92829846257,71.1484634146342
North Macedonia,MKD,1993,2006854.0,1336.64775641463,71.5965609756098
North Macedonia,MKD,1994,1992666.0,1786.35488334914,71.6926829268293
North Macedonia,MKD,1995,1998534.0,2355.24705371138,71.8487804878049
North Macedonia,MKD,1996,2012553.0,2306.53366957635,72.4951219512195
North Macedonia,MKD,1997,1996869.0,1959.56073782188,72.4463414634146
North Macedonia,MKD,1998,2007523.0,1875.81662735988,72.2975609756098
North Macedonia,MKD,1999,2017142.0,1915.39281060996,72.790243902439
North Macedonia,MKD,2000,2026350.0,1861.89899780644,72.9463414634147
North Macedonia,MKD,2001,2034882.0,1823.02267682636,73.4365853658537
North Macedonia,MKD,2002,2020157.0,1989.13537265159,73.0390243902439
North Macedonia,MKD,2003,2022725.0,2445.36286400013,73.2414634146342
North Macedonia,MKD,2004,2016186.0,2818.5814561242,73.5975609756098
North Macedonia,MKD,2005,2005330.0,3120.98401394233,73.6975609756098
North Macedonia,MKD,2006,1994287.0,3440.4411057968,73.8951219512195
North Macedonia,MKD,2007,1982933.0,4204.11328760452,73.8
North Macedonia,MKD,2008,1971493.0,5026.4202989873,74.4
North Macedonia,MKD,2009,1958782.0,4799.78722768888,74.4463414634146
North Macedonia,MKD,2010,1946298.0,4833.36586759968,74.9975609756098
North Macedonia,MKD,2011,1937398.0,5416.86672931659,75.1
North Macedonia,MKD,2012,1929821.0,5049.8265386157,74.9024390243903
North Macedonia,MKD,2013,1922716.0,5626.26115664893,75.4
North Macedonia,MKD,2014,1917557.0,5925.38592218015,75.4512195121951
North Macedonia,MKD,2015,1912430.0,5262.68671928674,75.4024390243902
North Macedonia,MKD,2016,1906313.0,5598.48622617967,75.4
North Macedonia,MKD,2017,1898657.0,5955.2973863451,75.9536585365854
North Macedonia,MKD,2018,1889051.0,6713.98925398989,76.6487804878049
North Macedonia,MKD,2019,1876262.0,6718.85826635458,76.6024390243903
North Macedonia,MKD,2020,1856124.0,6659.59651070776,74.3951219512195
North Macedonia,MKD,2021,1837114.0,7620.80296977508,73.2463414634146
North Macedonia,MKD,2022,1831712.0,7606.2375253797,74.4248780487805
North Macedonia,MKD,2023,1827816.0,8674.35846327485,75.3160975609756
Northern Mariana Islands,MNP,2002,66778.0,19227.8894246608,75.934
Northern Mariana Islands,MNP,2003,65421.0,18938.8728389967,76.505
Northern Mariana Islands,MNP,2004,63938.0,18924.5831899653,76.789
Northern Mariana Islands,MNP,2005,62354.0,17015.7487891715,77.307
Northern Mariana Islands,MNP,2006,60682.0,16314.5578590027,77.688
Northern Mariana Islands,MNP,2007,58941.0,15914.2193040498,77.863
Northern Mariana Islands,MNP,2008,57150.0,16430.4461942257,77.938
Northern Mariana Islands,MNP,2009,55325.0,14369.6339810212,77.903
Northern Mariana Islands,MNP,2010,54091.0,14771.4037455399,77.8
Northern Mariana Islands,MNP,2011,53608.0,13598.7166094613,77.688
Northern Mariana Islands,MNP,2012,53234.0,14013.6003306158,77.566
Northern Mariana Islands,MNP,2013,52758.0,14632.8518897608,77.452
Northern Mariana Islands,MNP,2014,52178.0,15945.417608954,77.377
Northern Mariana Islands,MNP,2015,51514.0,17665.1007493109,77.36
Northern Mariana Islands,MNP,2016,50773.0,24225.474169342,77.392
Northern Mariana Islands,MNP,2017,49959.0,31225.6049960968,77.47
Northern Mariana Islands,MNP,2018,49077.0,26509.3628379893,77.51
Northern Mariana Islands,MNP,2019,48129.0,24496.6652122421,77.844
Northern Mariana Islands,MNP,2020,47528.0,18220.8382427201,78.03
Northern Mariana Islands,MNP,2021,46979.0,19455.50139424,78.16
Northern Mariana Islands,MNP,2022,46078.0,23785.754590043,78.531
Norway,NOR,1960,3581239.0,1451.2850779894,73.549756097561
Norway,NOR,1961,3609800.0,1570.63804374719,73.5504878048781
Norway,NOR,1962,3638918.0,1678.26725653992,73.4480487804878
Norway,NOR,1963,3666537.0,1787.31853394909,73.0775609756098
Norway,NOR,1964,3694339.0,1950.69324222931,73.5958536585366
Norway,NOR,1965,3723168.0,2178.77508111808,73.7231707317073
Norway,NOR,1966,3753012.0,2332.51059866098,73.9953658536585
Norway,NOR,1967,3784539.0,2530.66057799458,74.0665853658537
Norway,NOR,1968,3816486.0,2679.71300438189,73.9419512195122
Norway,NOR,1969,3847707.0,2894.23998236681,73.6634146341463
Norway,NOR,1970,3875763.0,3306.21947607769,74.0880487804878
Norway,NOR,1971,3903039.0,3736.34873749991,74.1792682926829
Norway,NOR,1972,3933004.0,4413.57569168528,74.3446341463415
Norway,NOR,1973,3960612.0,5689.5888066967,74.4421951219512
Norway,NOR,1974,3985258.0,6811.52733653232,74.7536585365854
Norway,NOR,1975,4007313.0,8204.45151152979,74.8175609756098
Norway,NOR,1976,4026152.0,8927.20162734477,75.039512195122
Norway,NOR,1977,4043205.0,10266.1206718698,75.3868292682927
Norway,NOR,1978,4058671.0,11462.5945916053,75.4185365853659
Norway,NOR,1979,4072517.0,13046.5372210653,75.4139024390244
Norway,NOR,1980,4085620.0,15772.2409073814,75.6717073170732
Norway,NOR,1981,4099702.0,15512.5067043575,75.8690243902439
Norway,NOR,1982,4114787.0,15224.8939100982,76.0109756097561
Norway,NOR,1983,4128432.0,14927.5174766339,76.0668292682927
Norway,NOR,1984,4140099.0,14989.4857665906,76.2243902439024
Norway,NOR,1985,4152516.0,15753.5527652129,75.9168292682927
Norway,NOR,1986,4167354.0,18883.2333523873,76.2412195121951
Norway,NOR,1987,4186905.0,22505.8622623684,76.0817073170732
Norway,NOR,1988,4209488.0,24207.281468963,76.2204878048781
Norway,NOR,1989,4226901.0,24281.1304051396,76.500487804878
Norway,NOR,1990,4241473.0,28242.981402822,76.5373170731707
Norway,NOR,1991,4261732.0,28596.9330036444,76.9807317073171
Norway,NOR,1992,4286401.0,30523.9850558974,77.1843902439025
Norway,NOR,1993,4311991.0,27963.6979095744,77.1517073170732
Norway,NOR,1994,4336613.0,29315.8092337732,77.689756097561
Norway,NOR,1995,4359184.0,34875.7043347536,77.7365853658537
Norway,NOR,1996,4381336.0,37321.9741993473,78.1504878048781
Norway,NOR,1997,4405157.0,36629.0309036621,78.1426829268293
Norway,NOR,1998,4431464.0,34803.4634058738,78.3292682926829
Norway,NOR,1999,4461913.0,36393.2927471088,78.2829268292683
Norway,NOR,2000,4490967.0,38178.2368777076,78.6341463414634
Norway,NOR,2001,4513751.0,38601.897639231,78.7853658536585
Norway,NOR,2002,4538159.0,43170.557174499,78.9878048780488
Norway,NOR,2003,4564855.0,50250.3298214345,79.390243902439
Norway,NOR,2004,4591910.0,57768.6980958462,79.8414634146342
Norway,NOR,2005,4623291.0,67047.1704558264,80.0414634146342
Norway,NOR,2006,4660677.0,74434.4996835671,80.3439024390244
Norway,NOR,2007,4709153.0,85502.2677087731,80.3951219512195
Norway,NOR,2008,4768212.0,97503.5407803783,80.5926829268293
Norway,NOR,2009,4828726.0,80347.5700665184,80.7951219512195
Norway,NOR,2010,4889252.0,88163.2085931423,80.9975609756098
Norway,NOR,2011,4953088.0,101221.813476644,81.2951219512195
Norway,NOR,2012,5018573.0,102175.919298374,81.4512195121951
Norway,NOR,2013,5079623.0,103553.840134417,81.7512195121951
Norway,NOR,2014,5137232.0,97666.6951838749,82.1
Norway,NOR,2015,5188607.0,74809.9658049898,82.3048780487805
Norway,NOR,2016,5234519.0,70867.3609970749,82.4073170731707
Norway,NOR,2017,5276968.0,76131.8384032764,82.609756097561
Norway,NOR,2018,5311916.0,82792.8427113304,82.7585365853659
Norway,NOR,2019,5347896.0,76430.5889473338,82.9585365853659
Norway,NOR,2020,5379475.0,68340.0181033702,83.209756097561
Norway,NOR,2021,5408320.0,93072.8925119571,83.1634146341463
Norway,NOR,2022,5457127.0,109269.520580298,82.509756097561
Norway,NOR,2023,5519601.0,87497.2179649556,83.1121951219512
OECD members,OED,1960,809580211.0,1311.17893215607,67.214675804737
OECD members,OED,1961,820795966.0,1379.30179320983,67.6239161043531
OECD members,OED,1962,832227425.0,1470.94736235899,67.634730644146
OECD members,OED,1963,843650775.0,1561.7900587487,67.8322296440742
OECD members,OED,1964,855135046.0,1686.10645607716,68.2408325847987
OECD members,OED,1965,866300939.0,1808.25250458159,68.3636268247411
OECD members,OED,1966,877030636.0,1955.39339306377,68.5822045163458
OECD members,OED,1967,887553832.0,2065.10872661645,69.025105031354
OECD members,OED,1968,897869478.0,2214.14937800704,68.8914030370739
OECD members,OED,1969,908238681.0,2412.17249188675,69.0385118621778
OECD members,OED,1970,918489195.0,2613.45086482186,69.3365985983267
OECD members,OED,1971,930596384.0,2857.71711558076,69.6364527131522
OECD members,OED,1972,941467841.0,3281.03297212865,69.9184179691612
OECD members,OED,1973,952000973.0,3927.60473339204,70.0952045478606
OECD members,OED,1974,962281658.0,4358.59467744636,70.4973625348169
OECD members,OED,1975,972242932.0,4834.40243101262,70.8130519668422
OECD members,OED,1976,981612322.0,5188.50863424851,71.1195410157041
OECD members,OED,1977,990951247.0,5796.51329896157,71.5352131238266
OECD members,OED,1978,1000355869.0,6911.98538256439,71.7226081084638
OECD members,OED,1979,1009880602.0,7904.73805822461,72.0878760519218
OECD members,OED,1980,1019332414.0,8697.79852547106,72.152259840394
OECD members,OED,1981,1028615740.0,8777.03323718415,72.5185547374403
OECD members,OED,1982,1037419356.0,8567.90771442788,72.868508853242
OECD members,OED,1983,1046094679.0,8783.63797290203,73.0046213132604
OECD members,OED,1984,1054395892.0,9108.52947442265,73.2977077375509
OECD members,OED,1985,1062728299.0,9513.4336195632,73.3462328831744
OECD members,OED,1986,1071222636.0,11438.7298803863,73.6956598540526
OECD members,OED,1987,1079813087.0,13143.0606690674,73.9828600223715
OECD members,OED,1988,1088587717.0,14699.4122913473,74.1284019607245
OECD members,OED,1989,1097876374.0,15248.4399776717,74.3750880767806
OECD members,OED,1990,1107695519.0,17019.8138229679,74.538567072286
OECD members,OED,1991,1118410105.0,17848.8288080181,74.7215702802415
OECD members,OED,1992,1129039882.0,19022.1602500181,74.9803149628922
OECD members,OED,1993,1139203498.0,19145.0608082069,75.0829574190709
OECD members,OED,1994,1148779736.0,20297.3652322185,75.3716055852652
OECD members,OED,1995,1158068699.0,22257.1540058272,75.4722903820898
OECD members,OED,1996,1167149370.0,22275.1958552208,75.8475207335284
OECD members,OED,1997,1176191803.0,21776.2051995173,76.179185888832
OECD members,OED,1998,1184928348.0,21771.4465206304,76.3849265675108
OECD members,OED,1999,1193682861.0,22708.4528563704,76.4944403452378
OECD members,OED,2000,1202226474.0,23049.6329362256,76.8195165967813
OECD members,OED,2001,1211109104.0,22671.1632008523,77.1207466135963
OECD members,OED,2002,1220101353.0,23479.8118974849,77.2833606924084
OECD members,OED,2003,1229012217.0,26073.4116073956,77.4260355491099
OECD members,OED,2004,1237896576.0,28822.9827767557,77.8261405899935
OECD members,OED,2005,1246656490.0,30274.0543423729,77.9539871455081
OECD members,OED,2006,1255746646.0,31719.3360872902,78.2501352258837
OECD members,OED,2007,1264728255.0,34485.4326856798,78.4729454763553
OECD members,OED,2008,1274711058.0,36330.0253989704,78.6146332445559
OECD members,OED,2009,1283973216.0,33747.3871210811,78.8670589595977
OECD members,OED,2010,1292701737.0,35162.1991743522,79.0473008520596
OECD members,OED,2011,1299644689.0,37631.4111773315,79.2685938676768
OECD members,OED,2012,1307733583.0,37353.4975162109,79.4298859829549
OECD members,OED,2013,1315427979.0,37640.7879025687,79.6249276178205
OECD members,OED,2014,1323459714.0,38191.0527518506,79.8766518985509
OECD members,OED,2015,1331675197.0,35779.9123271942,79.761947694534
OECD members,OED,2016,1340142055.0,36229.3490773616,79.8914226918913
OECD members,OED,2017,1348127258.0,37605.2706249889,79.931058371801
OECD members,OED,2018,1356470975.0,39552.695671629,80.0281711116686
OECD members,OED,2019,1364146219.0,39708.8864576635,80.2450659060679
OECD members,OED,2020,1369310195.0,38597.246423496,78.958005085165
OECD members,OED,2021,1371785073.0,43027.7494275705,78.5885513303119
OECD members,OED,2022,1378565677.0,43950.173710934,79.5212545784247
OECD members,OED,2023,1387897706.0,46580.4448807226,80.1614352591851
Oman,OMN,1960,530485.0,83.3853105243323,35.429
Oman,OMN,1961,539854.0,84.5311646369716,36.386
Oman,OMN,1962,549941.0,102.325889863048,37.413
Oman,OMN,1963,560827.0,106.829311959455,38.498
Oman,OMN,1964,572577.0,108.059747071369,39.628
Oman,OMN,1965,585236.0,108.127276326149,40.791
Oman,OMN,1966,598804.0,113.158851470616,41.975
Oman,OMN,1967,613318.0,174.708442422448,43.177
Oman,OMN,1968,628798.0,300.382394498902,44.395
Oman,OMN,1969,645255.0,371.945677290612,45.624
Oman,OMN,1970,662680.0,386.792712839023,46.64
Oman,OMN,1971,681119.0,441.935384423256,47.868
Oman,OMN,1972,700593.0,523.675726630998,48.717
Oman,OMN,1973,721179.0,669.829529995212,49.964
Oman,OMN,1974,746988.0,2203.40591346986,51.228
Oman,OMN,1975,778864.0,2691.99653514052,52.511
Oman,OMN,1976,814701.0,3142.52717836645,54.448
Oman,OMN,1977,855314.0,3204.86972958061,55.524
Oman,OMN,1978,900304.0,3043.75121036129,57.037
Oman,OMN,1979,949116.0,3933.50510857105,58.328
Oman,OMN,1980,1001248.0,5974.30434611467,59.601
Oman,OMN,1981,1057320.0,6865.58482819779,60.802
Oman,OMN,1982,1117678.0,6759.29870293907,62.049
Oman,OMN,1983,1181459.0,6714.19125910699,63.192
Oman,OMN,1984,1247716.0,7070.07295804885,64.272
Oman,OMN,1985,1325480.0,7548.69588410284,65.281
Oman,OMN,1986,1413419.0,5181.87980290561,66.168
Oman,OMN,1987,1500996.0,5203.99994065839,66.979
Oman,OMN,1988,1588568.0,5279.10411437183,67.718
Oman,OMN,1989,1676228.0,5591.22723847558,68.393
Oman,OMN,1990,1763954.0,7545.70305230441,69.012
Oman,OMN,1991,1851473.0,6977.3285922345,69.584
Oman,OMN,1992,1938238.0,7317.78815838166,70.114
Oman,OMN,1993,2021675.0,7038.9301587736,70.608
Oman,OMN,1994,2081834.0,7068.38996979073,71.072
Oman,OMN,1995,2120528.0,7414.30279204109,71.56
Oman,OMN,1996,2156926.0,8068.00076784612,72.023
Oman,OMN,1997,2190720.0,8234.64063759005,72.463
Oman,OMN,1998,2222489.0,7219.02932432025,72.882
Oman,OMN,1999,2252909.0,7915.44169380534,73.276
Oman,OMN,2000,2282131.0,9753.84755185404,73.643
Oman,OMN,2001,2310217.0,9611.96360191054,73.979
Oman,OMN,2002,2337140.0,9869.13050219438,74.276
Oman,OMN,2003,2363796.0,10463.5425832141,74.521
Oman,OMN,2004,2404821.0,11800.8507411171,74.82
Oman,OMN,2005,2459802.0,14434.8577924647,75.07
Oman,OMN,2006,2514795.0,16930.8565071853,75.354
Oman,OMN,2007,2570174.0,18792.653772482,75.596
Oman,OMN,2008,2626529.0,26576.779241509,76.124
Oman,OMN,2009,2684659.0,20655.9180249218,76.631
Oman,OMN,2010,2757446.0,23570.1798147325,77.184
Oman,OMN,2011,3076763.0,25188.0074151885,77.74
Oman,OMN,2012,3547106.0,24642.2978768596,78.187
Oman,OMN,2013,3833913.0,23458.0233840053,78.633
Oman,OMN,2014,4002439.0,23160.6502252547,79.03
Oman,OMN,2015,4184895.0,18808.3077921839,79.346
Oman,OMN,2016,4390877.0,17110.1897460545,79.581
Oman,OMN,2017,4537396.0,17820.0661809335,79.748
Oman,OMN,2018,4597877.0,19901.7615642016,79.864
Oman,OMN,2019,4591241.0,19180.1864152801,79.946
Oman,OMN,2020,4522497.0,16784.8630630058,77.763
Oman,OMN,2021,4500424.0,19403.4600160211,75.969
Oman,OMN,2022,4730226.0,23223.5829405935,77.911
Oman,OMN,2023,5049269.0,21027.7384778886,80.031
Other small states,OSS,1975,6790788.0,1109.83809300147,60.3488722806292
Other small states,OSS,1976,6913443.0,1266.59792646945,60.6333722123236
Other small states,OSS,1977,7044675.0,1526.12975983573,60.7796533206685
Other small states,OSS,1978,7176063.0,1737.21605574619,60.748617166034
Other small states,OSS,1979,7309677.0,2242.72935981237,61.0748824858755
Other small states,OSS,1980,7444817.0,3286.78459445228,61.9013466490488
Other small states,OSS,1981,7577614.0,3011.87340195636,62.156949190062
Other small states,OSS,1982,7711694.0,2836.77204394683,62.5909352102746
Other small states,OSS,1983,7843045.0,2559.29489706228,62.763713174576
Other small states,OSS,1984,7975015.0,2486.49373071247,63.2256221043334
Other small states,OSS,1985,8118973.0,2379.80193160861,63.4782035877973
Other small states,OSS,1986,8271747.0,2329.74925875711,63.8199486245255
Other small states,OSS,1987,8429468.0,2860.79960151015,64.2525039136168
Other small states,OSS,1988,8592255.0,3025.7530579756,64.4049864822448
Other small states,OSS,1989,8765561.0,3031.12852460855,65.130828157496
Other small states,OSS,1990,8949306.0,3570.55788974992,65.0247123780379
Other small states,OSS,1991,9131087.0,3674.36136996381,65.0261916750851
Other small states,OSS,1992,9201490.0,3949.4087886711,64.9885654346304
Other small states,OSS,1993,9249106.0,3762.44885385124,64.9694843018552
Other small states,OSS,1994,9328189.0,3950.98003696727,64.7556285715005
Other small states,OSS,1995,9389918.0,4659.34188114157,64.8449297144334
Other small states,OSS,1996,9493131.0,4739.0769500531,65.1970463137825
Other small states,OSS,1997,9618823.0,4678.51999052447,65.1946385702487
Other small states,OSS,1998,9746302.0,4635.15882617706,65.02521574486
Other small states,OSS,1999,9758520.0,4829.25338074138,65.1053065248799
Other small states,OSS,2000,9788238.0,4847.45033301194,66.4385365444731
Other small states,OSS,2001,9961679.0,4780.95492978974,66.6129499326785
Other small states,OSS,2002,10136134.0,5142.08694078179,66.8105993387088
Other small states,OSS,2003,10269557.0,6311.76435003034,67.0073081269231
Other small states,OSS,2004,10371059.0,7419.39387365304,67.2249688020829
Other small states,OSS,2005,10479844.0,8233.33980947954,67.5574840535073
Other small states,OSS,2006,10601352.0,9046.58680529661,67.8310957913256
Other small states,OSS,2007,10730365.0,10758.3750236866,68.1699901591827
Other small states,OSS,2008,10862640.0,11515.1421303682,68.5798272966725
Other small states,OSS,2009,10989567.0,9809.38880958963,69.0687004196222
Other small states,OSS,2010,11112466.0,10149.5632621314,69.566524844548
Other small states,OSS,2011,11226214.0,11469.9518928722,69.9373436903887
Other small states,OSS,2012,11346082.0,11084.1020617547,70.3920318149408
Other small states,OSS,2013,11466589.0,11421.795928003,70.8040790092001
Other small states,OSS,2014,11591200.0,11682.6165859401,71.0998162246591
Other small states,OSS,2015,11722398.0,10359.1182462574,71.4795830574543
Other small states,OSS,2016,11851918.0,10813.3826960431,71.7745690542754
Other small states,OSS,2017,11989367.0,11950.9740553004,72.1237658150048
Other small states,OSS,2018,12135267.0,13025.990833966,72.4217850423792
Other small states,OSS,2019,12281907.0,12907.6162560274,72.6570116424877
Other small states,OSS,2020,12417333.0,11770.4564127379,72.5097097789427
Other small states,OSS,2021,12541889.0,13717.0894877353,71.7699719301416
Other small states,OSS,2022,12699005.0,14320.7706776288,72.9049248661262
Other small states,OSS,2023,12822134.0,15334.1046502228,73.5594214776897
Pacific island small states,PSS,1970,1181537.0,358.687331175362,59.7238453421264
Pacific island small states,PSS,1971,1205879.0,395.810012764913,60.0905410435044
Pacific island small states,PSS,1972,1229695.0,460.183843709943,60.33925414676
Pacific island small states,PSS,1973,1253169.0,604.320910189444,60.2171181628336
Pacific island small states,PSS,1974,1277600.0,804.436169034547,60.7610584071697
Pacific island small states,PSS,1975,1303608.0,872.139831893069,60.9573558684819
Pacific island small states,PSS,1976,1331351.0,854.424460640589,61.7153836020704
Pacific island small states,PSS,1977,1360619.0,879.523805566507,62.1451428313143
Pacific island small states,PSS,1978,1390784.0,986.17530347436,62.6361500980742
Pacific island small states,PSS,1979,1422234.0,1162.2101205448,62.558034413465
Pacific island small states,PSS,1980,1454476.0,1299.84947305632,62.7968232016204
Pacific island small states,PSS,1981,1487561.0,1314.59553013966,62.9126548854131
Pacific island small states,PSS,1982,1521261.0,1265.72256598649,63.0472054302319
Pacific island small states,PSS,1983,1555284.0,1185.33657065957,63.5345023789867
Pacific island small states,PSS,1984,1590058.0,1219.06037971704,63.8161524409801
Pacific island small states,PSS,1985,1625654.0,1145.73022924272,64.2798024591949
Pacific island small states,PSS,1986,1660533.0,1222.70707456586,64.2700212799143
Pacific island small states,PSS,1987,1692234.0,1173.87310359514,64.6139925518575
Pacific island small states,PSS,1988,1721206.0,1188.98390796449,65.1117846695863
Pacific island small states,PSS,1989,1748900.0,1219.29470793172,65.4218695734462
Pacific island small states,PSS,1990,1775607.0,1343.27719993773,65.4079695743484
Pacific island small states,PSS,1991,1801531.0,1404.20977100088,65.712646615018
Pacific island small states,PSS,1992,1827395.0,1519.64824897657,65.8184307733139
Pacific island small states,PSS,1993,1853148.0,1573.63525576083,65.9809205557246
Pacific island small states,PSS,1994,1878007.0,1818.22509065982,66.2175038703264
Pacific island small states,PSS,1995,1901782.0,1947.90073365074,66.3962764207464
Pacific island small states,PSS,1996,1926342.0,2060.80457831478,66.5580295814554
Pacific island small states,PSS,1997,1954642.0,2035.88564452676,66.6807208082094
Pacific island small states,PSS,1998,1984859.0,1728.10547677798,66.8765066591632
Pacific island small states,PSS,1999,2014289.0,1857.38928924737,66.999001761912
Pacific island small states,PSS,2000,2042274.0,1686.60570445369,66.8914832838297
Pacific island small states,PSS,2001,2069097.0,1637.06349284566,67.0167243338519
Pacific island small states,PSS,2002,2095273.0,1695.01149741751,66.7584824574172
Pacific island small states,PSS,2003,2120592.0,1997.28052538689,66.9599297545214
Pacific island small states,PSS,2004,2145505.0,2270.72657843606,67.1038169577792
Pacific island small states,PSS,2005,2170029.0,2492.38724073066,67.2332794133166
Pacific island small states,PSS,2006,2194265.0,2586.87375078468,67.3577049121232
Pacific island small states,PSS,2007,2218230.0,2819.69749738645,67.3668379536838
Pacific island small states,PSS,2008,2240739.0,2989.2238467677,67.5747311016589
Pacific island small states,PSS,2009,2262456.0,2668.40106360978,67.4527929020498
Pacific island small states,PSS,2010,2289399.0,2900.92919415648,67.9059171883101
Pacific island small states,PSS,2011,2320899.0,3339.33261214487,68.0222810195532
Pacific island small states,PSS,2012,2351924.0,3493.08705679511,67.6660532253593
Pacific island small states,PSS,2013,2382931.0,3584.6215764592,68.0054625635405
Pacific island small states,PSS,2014,2414338.0,3846.91150223659,68.0376132124002
Pacific island small states,PSS,2015,2445989.0,3722.7745565917,68.1166096033138
Pacific island small states,PSS,2016,2477794.0,3856.70459060951,68.2856508563666
Pacific island small states,PSS,2017,2509999.0,4099.79965867267,68.5192875005129
Pacific island small states,PSS,2018,2542009.0,4247.0901276249,68.5825887890247
Pacific island small states,PSS,2019,2568656.0,4136.34140894161,68.6421578303985
Pacific island small states,PSS,2020,2595522.0,3592.04110507296,68.3568108792759
Pacific island small states,PSS,2021,2625493.0,3600.81254375167,67.4810209240703
Pacific island small states,PSS,2022,2656049.0,3896.81060847355,69.1004348993561
Pacific island small states,PSS,2023,2689224.0,4173.79964748513,69.2745949035856
Pakistan,PAK,1960,45709310.0,82.0241000071912,44.101
Pakistan,PAK,1961,46921277.0,87.7778246966181,44.956
Pakistan,PAK,1962,48156128.0,89.5039525753413,45.85
Pakistan,PAK,1963,49447776.0,93.6508728613463,46.761
Pakistan,PAK,1964,50799999.0,102.45976384531,47.831
Pakistan,PAK,1965,52209010.0,113.567206414596,48.495
Pakistan,PAK,1966,53678667.0,122.229353754713,49.797
Pakistan,PAK,1967,55214768.0,135.190474942968,50.763
Pakistan,PAK,1968,56810507.0,141.558306459346,51.624
Pakistan,PAK,1969,58460939.0,148.528512990071,52.316
Pakistan,PAK,1970,60166719.0,166.662061958389,52.943
Pakistan,PAK,1971,61847899.0,172.453662202274,49.002
Pakistan,PAK,1972,63583194.0,148.073976270617,53.824
Pakistan,PAK,1973,65461912.0,97.5136425928243,54.09
Pakistan,PAK,1974,67415487.0,132.005156607293,54.266
Pakistan,PAK,1975,69461175.0,161.681774899518,54.722
Pakistan,PAK,1976,71620254.0,183.859733422347,55.069
Pakistan,PAK,1977,73901827.0,204.677762649367,55.482
Pakistan,PAK,1978,76307379.0,233.41799161409,56.072
Pakistan,PAK,1979,78997039.0,249.229389957057,56.614
Pakistan,PAK,1980,82291010.0,287.448707270022,57.199
Pakistan,PAK,1981,85802049.0,327.505069961745,57.764
Pakistan,PAK,1982,89089246.0,344.889792466995,58.291
Pakistan,PAK,1983,92227711.0,311.098361356703,58.663
Pakistan,PAK,1984,95164936.0,327.345625152291,58.921
Pakistan,PAK,1985,98229285.0,317.063499386432,59.075
Pakistan,PAK,1986,101606764.0,313.946324043906,59.167
Pakistan,PAK,1987,105130717.0,317.23867416111,59.222
Pakistan,PAK,1988,108724739.0,353.85454278549,59.36
Pakistan,PAK,1989,112336629.0,357.595796105007,59.528
Pakistan,PAK,1990,116155576.0,344.45547384189,59.728
Pakistan,PAK,1991,120060406.0,380.019843346229,59.864
Pakistan,PAK,1992,123546848.0,395.67720859593,59.983
Pakistan,PAK,1993,127020117.0,407.888140688466,60.083
Pakistan,PAK,1994,130748083.0,399.955927561352,60.197
Pakistan,PAK,1995,134582253.0,450.550279346206,60.273
Pakistan,PAK,1996,138557092.0,456.996961832943,60.466
Pakistan,PAK,1997,142531804.0,438.030942680153,60.623
Pakistan,PAK,1998,146522356.0,424.453697798497,61.134
Pakistan,PAK,1999,150565377.0,418.249257055367,61.54
Pakistan,PAK,2000,154879127.0,642.338346499898,61.903
Pakistan,PAK,2001,159270907.0,609.939506905073,62.241
Pakistan,PAK,2002,163222549.0,599.937345723927,62.556
Pakistan,PAK,2003,167110248.0,672.44178669894,62.834
Pakistan,PAK,2004,171286000.0,771.902247348954,63.097
Pakistan,PAK,2005,175453212.0,827.619861189926,62.416
Pakistan,PAK,2006,179682690.0,900.873564984808,63.624
Pakistan,PAK,2007,184493231.0,998.090114197524,63.807
Pakistan,PAK,2008,189499113.0,1067.04324565284,64.002
Pakistan,PAK,2009,194376534.0,963.788066395225,64.206
Pakistan,PAK,2010,199239047.0,987.304571124485,64.378
Pakistan,PAK,2011,203746065.0,1131.73513834324,64.659
Pakistan,PAK,2012,207667125.0,1204.36475491585,64.883
Pakistan,PAK,2013,211073978.0,1225.4340119198,65.129
Pakistan,PAK,2014,214264647.0,1266.61340849959,65.374
Pakistan,PAK,2015,217290883.0,1380.47020838317,65.641
Pakistan,PAK,2016,220138869.0,1424.69161195897,65.943
Pakistan,PAK,2017,223273967.0,1519.23459514248,66.223
Pakistan,PAK,2018,226928892.0,1569.33814626355,66.481
Pakistan,PAK,2019,230800899.0,1390.41690981745,66.729
Pakistan,PAK,2020,235001746.0,1278.39735206896,65.701
Pakistan,PAK,2021,239477801.0,1455.31922370186,65.773
Pakistan,PAK,2022,243700667.0,1538.3228133171,67.417
Pakistan,PAK,2023,247504495.0,1360.32417758419,67.649
Palau,PLW,1970,11368.0,1017.15701970443,57.674
Palau,PLW,1971,11759.0,1080.60838506676,58.108
Palau,PLW,1972,12194.0,1144.53616532721,58.557
Palau,PLW,1973,12552.0,1221.46980560867,59.024
Palau,PLW,1974,12687.0,1328.03334121542,59.492
Palau,PLW,1975,12655.0,1463.541050968,59.998
Palau,PLW,1976,12598.0,1616.48039371329,60.469
Palau,PLW,1977,12525.0,1781.08614770459,60.899
Palau,PLW,1978,12440.0,1971.86615755627,61.294
Palau,PLW,1979,12337.0,2188.88311583043,61.616
Palau,PLW,1980,12271.0,2422.62684377801,61.909
Palau,PLW,1981,12402.0,2638.81583615546,62.142
Palau,PLW,1982,12694.0,2838.1584213014,62.333
Palau,PLW,1983,13006.0,3049.47947101338,62.477
Palau,PLW,1984,13337.0,3360.14538501912,62.638
Palau,PLW,1985,13688.0,3728.1295295149,62.72
Palau,PLW,1986,14024.0,4143.56203650884,62.752
Palau,PLW,1987,14334.0,4616.29028882378,62.771
Palau,PLW,1988,14645.0,5145.00614544213,62.779
Palau,PLW,1989,14945.0,5741.0868517899,62.777
Palau,PLW,1990,15259.0,6402.929615309,62.79
Palau,PLW,1991,15614.0,6824.34353785065,62.849
Palau,PLW,1992,15989.0,6552.7112389768,62.926
Palau,PLW,1993,16372.0,5891.50378695334,62.98
Palau,PLW,1994,16770.0,6329.06976744186,63.104
Palau,PLW,1995,17195.0,7038.00523407967,63.255
Palau,PLW,1996,17654.0,7788.29726974057,63.455
Palau,PLW,1997,18108.0,7944.59907223327,63.707
Palau,PLW,1998,18524.0,8047.91621679983,63.951
Palau,PLW,1999,18901.0,7629.56986402836,64.23
Palau,PLW,2000,19178.0,7798.07504193852,64.499
Palau,PLW,2001,19352.0,8239.26354006532,64.8
Palau,PLW,2002,19503.0,8340.18981304558,65.076
Palau,PLW,2003,19659.0,7862.3931898737,65.446
Palau,PLW,2004,19820.0,8393.73052541231,65.816
Palau,PLW,2005,19819.0,9635.28357539048,66.219
Palau,PLW,2006,19593.0,9881.65970716981,66.633
Palau,PLW,2007,19302.0,10402.5367528907,67.113
Palau,PLW,2008,19009.0,10577.501907762,67.562
Palau,PLW,2009,18709.0,10147.7741092815,67.99
Palau,PLW,2010,18396.0,10221.9163762354,68.347
Palau,PLW,2011,18078.0,10993.6038613491,68.638
Palau,PLW,2012,17765.0,12137.1732239921,68.863
Palau,PLW,2013,17648.0,12698.9240118945,68.981
Palau,PLW,2014,17715.0,13863.4544155068,69.062
Palau,PLW,2015,17770.0,16154.0532152373,69.07
Palau,PLW,2016,17797.0,17150.4759377239,69.046
Palau,PLW,2017,17812.0,16401.7847567871,69.019
Palau,PLW,2018,17814.0,16166.9671073752,68.989
Palau,PLW,2019,17798.0,15846.7968470167,68.982
Palau,PLW,2020,17792.0,14708.2119536914,68.689
Palau,PLW,2021,17783.0,13009.2481630213,68.563
Palau,PLW,2022,17759.0,13729.7602761496,68.922
Palau,PLW,2023,17727.0,15610.8231931032,69.269
Panama,PAN,1960,1126005.0,477.037935000289,60.278
Panama,PAN,1961,1159870.0,516.459861881073,60.914
Panama,PAN,1962,1195301.0,545.570446272529,61.428
Panama,PAN,1963,1232124.0,586.61668793076,61.814
Panama,PAN,1964,1270065.0,611.100612960754,62.101
Panama,PAN,1965,1308835.0,651.331374848625,62.337
Panama,PAN,1966,1348388.0,688.846978762789,62.629
Panama,PAN,1967,1388628.0,744.890928311974,62.887
Panama,PAN,1968,1429447.0,778.476641666323,63.242
Panama,PAN,1969,1470886.0,830.319752856442,63.66
Panama,PAN,1970,1513070.0,892.890877487492,64.068
Panama,PAN,1971,1556081.0,979.3302533737,64.666
Panama,PAN,1972,1599723.0,1046.06341222824,65.183
Panama,PAN,1973,1643690.0,1164.32745834068,65.783
Panama,PAN,1974,1687926.0,1296.44759308169,66.552
Panama,PAN,1975,1732389.0,1405.74899748267,67.243
Panama,PAN,1976,1776935.0,1456.50009707727,67.794
Panama,PAN,1977,1821543.0,1503.26503409472,68.252
Panama,PAN,1978,1866311.0,1738.48763684081,68.687
Panama,PAN,1979,1911552.0,1937.98107506361,69.09
Panama,PAN,1980,1957534.0,2357.09131999751,69.451
Panama,PAN,1981,2004418.0,2605.45529924397,69.79
Panama,PAN,1982,2052271.0,2811.40643706411,69.9
Panama,PAN,1983,2101106.0,2819.35128451397,70.133
Panama,PAN,1984,2150782.0,2874.94832112227,70.403
Panama,PAN,1985,2200915.0,2972.18070666064,70.544
Panama,PAN,1986,2251325.0,3019.48150533575,70.669
Panama,PAN,1987,2301970.0,2966.00967866653,70.811
Panama,PAN,1988,2352848.0,2508.78229277879,70.945
Panama,PAN,1989,2403820.0,2462.11022455924,70.137
Panama,PAN,1990,2455583.0,2620.13827266274,71.266
Panama,PAN,1991,2508265.0,2820.54547665418,71.331
Panama,PAN,1992,2561336.0,3139.89952899581,71.461
Panama,PAN,1993,2615099.0,3358.41411740053,71.805
Panama,PAN,1994,2669546.0,3508.19570069218,71.943
Panama,PAN,1995,2724557.0,3513.89737854631,71.994
Panama,PAN,1996,2780227.0,3308.18430390528,72.199
Panama,PAN,1997,2836695.0,3545.97670392453,72.541
Panama,PAN,1998,2893914.0,3807.83868807701,72.785
Panama,PAN,1999,2951822.0,3950.34144236614,73.124
Panama,PAN,2000,3010369.0,3975.09310275544,73.443
Panama,PAN,2001,3069537.0,3991.77672094655,73.82
Panama,PAN,2002,3129344.0,4090.58616456082,74.195
Panama,PAN,2003,3189807.0,4264.66428949623,74.567
Panama,PAN,2004,3251155.0,4644.56581177581,74.845
Panama,PAN,2005,3313026.0,5017.74110414832,75.16
Panama,PAN,2006,3375024.0,5528.76705854901,75.429
Panama,PAN,2007,3437490.0,6317.8173051466,75.675
Panama,PAN,2008,3500648.0,7347.59049046839,75.937
Panama,PAN,2009,3564381.0,7796.92618363433,76.228
Panama,PAN,2010,3628535.0,8331.46422259967,76.417
Panama,PAN,2011,3693505.0,9662.29590911979,76.659
Panama,PAN,2012,3759256.0,11064.8063662003,76.877
Panama,PAN,2013,3825329.0,12273.3224983788,77.129
Panama,PAN,2014,3892101.0,13213.1989591137,77.365
Panama,PAN,2015,3960035.0,14082.6548434996,77.583
Panama,PAN,2016,4029086.0,14832.3611652459,77.772
Panama,PAN,2017,4098707.0,15694.6297518495,77.901
Panama,PAN,2018,4167860.0,16151.3273433486,78.266
Panama,PAN,2019,4234700.0,16477.9066268111,78.514
Panama,PAN,2020,4293261.0,13290.5608397749,76.33
Panama,PAN,2021,4345405.0,15509.8069124139,77.004
Panama,PAN,2022,4400773.0,17378.6070017557,79.324
Panama,PAN,2023,4458759.0,18797.1933994045,79.594
Papua New Guinea,PNG,1960,1995110.0,115.530490488928,45.805
Papua New Guinea,PNG,1961,2046127.0,119.656325913849,46.425
Papua New Guinea,PNG,1962,2093919.0,124.734548848091,46.706
Papua New Guinea,PNG,1963,2141376.0,128.874165095194,47.674
Papua New Guinea,PNG,1964,2188325.0,139.518603886501,48.295
Papua New Guinea,PNG,1965,2235820.0,153.93728254876,48.927
Papua New Guinea,PNG,1966,2285774.0,171.054558569102,49.566
Papua New Guinea,PNG,1967,2337532.0,188.972036608059,50.247
Papua New Guinea,PNG,1968,2390803.0,202.937753394767,50.884
Papua New Guinea,PNG,1969,2446927.0,225.288234672395,51.523
Papua New Guinea,PNG,1970,2505628.0,257.647270580834,52.144
Papua New Guinea,PNG,1971,2566421.0,279.669733884528,52.593
Papua New Guinea,PNG,1972,2628432.0,326.720237042343,53.25
Papua New Guinea,PNG,1973,2690629.0,482.816252421415,53.853
Papua New Guinea,PNG,1974,2752671.0,533.088651774956,54.441
Papua New Guinea,PNG,1975,2814820.0,481.950394020557,54.984
Papua New Guinea,PNG,1976,2877327.0,525.433235600649,55.53
Papua New Guinea,PNG,1977,2940327.0,558.015016249782,56.05
Papua New Guinea,PNG,1978,3003714.0,648.490112781654,56.523
Papua New Guinea,PNG,1979,3067341.0,747.800949082904,56.967
Papua New Guinea,PNG,1980,3131512.0,812.964617578981,57.391
Papua New Guinea,PNG,1981,3197019.0,781.41257446286,57.76
Papua New Guinea,PNG,1982,3264291.0,725.645992789394,58.075
Papua New Guinea,PNG,1983,3333633.0,768.636364904269,58.294
Papua New Guinea,PNG,1984,3405198.0,749.637059926778,58.583
Papua New Guinea,PNG,1985,3478936.0,696.574806636325,58.804
Papua New Guinea,PNG,1986,3554793.0,744.908522742949,59.017
Papua New Guinea,PNG,1987,3632543.0,865.468569563314,59.232
Papua New Guinea,PNG,1988,3711880.0,984.993556016427,59.381
Papua New Guinea,PNG,1989,3796078.0,934.246494854331,59.598
Papua New Guinea,PNG,1990,3896481.0,826.317152082832,59.778
Papua New Guinea,PNG,1991,4021837.0,941.707721616563,59.94
Papua New Guinea,PNG,1992,4166699.0,1050.7071689258,60.26
Papua New Guinea,PNG,1993,4320872.0,1151.28388116601,60.466
Papua New Guinea,PNG,1994,4480208.0,1228.24343638772,60.726
Papua New Guinea,PNG,1995,4644278.0,998.229967376131,60.929
Papua New Guinea,PNG,1996,4813361.0,1071.04185150251,61.071
Papua New Guinea,PNG,1997,4987883.0,989.721550965343,61.27
Papua New Guinea,PNG,1998,5166390.0,733.479860137662,60.435
Papua New Guinea,PNG,1999,5349333.0,649.994719718763,61.505
Papua New Guinea,PNG,2000,5537064.0,635.957919047725,61.609
Papua New Guinea,PNG,2001,5728435.0,537.847459634131,61.647
Papua New Guinea,PNG,2002,5924003.0,506.331789534482,61.643
Papua New Guinea,PNG,2003,6123997.0,577.467922387259,61.741
Papua New Guinea,PNG,2004,6328041.0,620.596147680561,61.795
Papua New Guinea,PNG,2005,6535905.0,744.486489977433,61.868
Papua New Guinea,PNG,2006,6747720.0,1238.18282926706,62.018
Papua New Guinea,PNG,2007,6963345.0,1370.753415829,62.211
Papua New Guinea,PNG,2008,7183002.0,1624.79319935188,62.511
Papua New Guinea,PNG,2009,7406438.0,1568.83193368607,62.772
Papua New Guinea,PNG,2010,7633523.0,1866.86889851208,63.056
Papua New Guinea,PNG,2011,7859346.0,2288.37591141234,63.382
Papua New Guinea,PNG,2012,8081390.0,2635.0873631547,63.639
Papua New Guinea,PNG,2013,8302698.0,2560.77458976327,63.927
Papua New Guinea,PNG,2014,8523441.0,2723.17529825196,64.198
Papua New Guinea,PNG,2015,8743246.0,2484.5963398603,64.473
Papua New Guinea,PNG,2016,8961718.0,2316.39479758492,64.7
Papua New Guinea,PNG,2017,9178714.0,2477.76530986323,64.923
Papua New Guinea,PNG,2018,9394513.0,2566.36833735041,65.114
Papua New Guinea,PNG,2019,9609010.0,2575.77274140393,65.331
Papua New Guinea,PNG,2020,9815746.0,2429.61134585269,65.075
Papua New Guinea,PNG,2021,10012896.0,2607.57861874444,64.358
Papua New Guinea,PNG,2022,10203169.0,3102.28968594061,65.274
Papua New Guinea,PNG,2023,10389635.0,2966.06830432055,66.134
Paraguay,PRY,1960,1883514.0,153.375216758109,60.197
Paraguay,PRY,1961,1927394.0,167.092827495951,60.517
Paraguay,PRY,1962,1973130.0,182.805194132375,60.816
Paraguay,PRY,1963,2021909.0,189.872423489268,61.101
Paraguay,PRY,1964,2073119.0,196.973355774177,61.368
Paraguay,PRY,1965,2125177.0,208.729579506696,61.606
Paraguay,PRY,1966,2177584.0,213.947608399441,61.832
Paraguay,PRY,1967,2229994.0,220.930909757875,62.025
Paraguay,PRY,1968,2282391.0,226.80197812329,62.208
Paraguay,PRY,1969,2334992.0,238.242208450243,62.385
Paraguay,PRY,1970,2388028.0,248.996708209079,62.554
Paraguay,PRY,1971,2442537.0,272.082440745597,62.726
Paraguay,PRY,1972,2499881.0,307.630516228445,62.89
Paraguay,PRY,1973,2561102.0,388.712259813059,63.059
Paraguay,PRY,1974,2625621.0,507.87047971714,63.231
Paraguay,PRY,1975,2691648.0,561.522396286823,63.435
Paraguay,PRY,1976,2758836.0,615.825049934218,63.654
Paraguay,PRY,1977,2827874.0,739.83449409653,63.86
Paraguay,PRY,1978,2899269.0,882.931919341442,64.078
Paraguay,PRY,1979,2973968.0,1148.89527317637,64.298
Paraguay,PRY,1980,3053235.0,1456.84406918803,64.553
Paraguay,PRY,1981,3137604.0,1792.61496129399,64.811
Paraguay,PRY,1982,3226189.0,1679.81843739033,65.076
Paraguay,PRY,1983,3318068.0,1709.80484009501,65.293
Paraguay,PRY,1984,3412936.0,1319.23446766653,65.609
Paraguay,PRY,1985,3510671.0,934.991981806694,65.893
Paraguay,PRY,1986,3611474.0,1031.15623781062,66.172
Paraguay,PRY,1987,3714889.0,1068.95380287336,66.454
Paraguay,PRY,1988,3820546.0,1113.89406863138,66.71
Paraguay,PRY,1989,3927802.0,1211.29634333964,66.922
Paraguay,PRY,1990,4035747.0,1440.15829610029,67.341
Paraguay,PRY,1991,4144364.0,1685.26890082621,67.676
Paraguay,PRY,1992,4253600.0,1682.67444777611,67.961
Paraguay,PRY,1993,4362696.0,1661.70955306218,68.234
Paraguay,PRY,1994,4471417.0,1760.28807083292,68.504
Paraguay,PRY,1995,4579806.0,1978.71514099575,68.778
Paraguay,PRY,1996,4687543.0,2088.17109102236,69.05
Paraguay,PRY,1997,4794412.0,2078.50841313824,69.284
Paraguay,PRY,1998,4900025.0,1889.88455618586,69.507
Paraguay,PRY,1999,5003135.0,1766.30657288259,69.774
Paraguay,PRY,2000,5100868.0,1736.11729210765,70.026
Paraguay,PRY,2001,5187689.0,1637.68615122932,70.281
Paraguay,PRY,2002,5261328.0,1367.76506935997,70.539
Paraguay,PRY,2003,5326436.0,1443.99885236205,70.795
Paraguay,PRY,2004,5388175.0,1786.21533938543,71.054
Paraguay,PRY,2005,5448097.0,1970.87169852378,71.317
Paraguay,PRY,2006,5505148.0,2439.43124694576,71.584
Paraguay,PRY,2007,5559386.0,3211.93621659546,71.817
Paraguay,PRY,2008,5613574.0,4384.95469437803,72.047
Paraguay,PRY,2009,5671236.0,3941.84815479431,72.282
Paraguay,PRY,2010,5737971.0,4750.96273669458,72.551
Paraguay,PRY,2011,5814626.0,5805.40154542925,72.787
Paraguay,PRY,2012,5897008.0,5642.16991672846,73.105
Paraguay,PRY,2013,5982445.0,6435.68342733004,73.292
Paraguay,PRY,2014,6069811.0,6652.25478942461,73.415
Paraguay,PRY,2015,6159103.0,5879.33792308762,73.454
Paraguay,PRY,2016,6249126.0,5775.15963399596,73.487
Paraguay,PRY,2017,6338660.0,6152.2671153779,73.45
Paraguay,PRY,2018,6427382.0,6258.44991640984,73.627
Paraguay,PRY,2019,6515058.0,5821.18199548738,73.668
Paraguay,PRY,2020,6603739.0,5365.47220721104,72.72
Paraguay,PRY,2021,6684182.0,5976.93179789949,68.108
Paraguay,PRY,2022,6760464.0,6205.62595379319,72.319
Paraguay,PRY,2023,6844146.0,6299.99026533713,73.844
Peru,PER,1960,10174127.0,252.796782675034,50.597
Peru,PER,1961,10475123.0,276.641400132003,51.192
Peru,PER,1962,10784612.0,304.537817519843,51.532
Peru,PER,1963,11102099.0,324.107404672837,52.597
Peru,PER,1964,11427978.0,380.965457465866,53.302
Peru,PER,1965,11761085.0,438.990796969303,53.871
Peru,PER,1966,12101297.0,504.825948542419,54.4
Peru,PER,1967,12448814.0,497.58475625699,54.893
Peru,PER,1968,12803993.0,447.99179719095,55.384
Peru,PER,1969,13166767.0,487.660318575547,55.816
Peru,PER,1970,13501237.0,550.484609442545,47.728
Peru,PER,1971,13838067.0,599.041967615617,56.493
Peru,PER,1972,14210147.0,646.679686654992,56.989
Peru,PER,1973,14582867.0,753.924581161999,57.333
Peru,PER,1974,14956552.0,926.57995047717,57.769
Peru,PER,1975,15333957.0,1104.16133001287,58.205
Peru,PER,1976,15716809.0,1026.41438542928,58.57
Peru,PER,1977,16109806.0,902.860901025509,58.895
Peru,PER,1978,16516059.0,756.347306761911,59.261
Peru,PER,1979,16933139.0,942.176901705359,59.624
Peru,PER,1980,17360949.0,1044.69165468575,59.982
Peru,PER,1981,17798805.0,1216.27350223135,60.325
Peru,PER,1982,18246503.0,1194.45000618562,60.559
Peru,PER,1983,18705957.0,927.258656933852,60.764
Peru,PER,1984,19174716.0,917.896274683145,61.066
Peru,PER,1985,19648204.0,767.43588754407,61.71
Peru,PER,1986,20117122.0,1086.60913755382,62.154
Peru,PER,1987,20582320.0,1792.30070238361,62.544
Peru,PER,1988,21054702.0,733.299784874657,62.995
Peru,PER,1989,21532589.0,1044.90725784847,63.405
Peru,PER,1990,22014771.0,1199.66666756615,63.979
Peru,PER,1991,22483775.0,1527.38879472866,64.248
Peru,PER,1992,22946340.0,1567.40910765128,65.031
Peru,PER,1993,23413783.0,1487.67404314175,65.732
Peru,PER,1994,23881493.0,1879.36657757919,66.544
Peru,PER,1995,24348919.0,2189.53431515311,67.22
Peru,PER,1996,24811171.0,2226.91682429265,67.85
Peru,PER,1997,25274147.0,2300.67200774461,68.324
Peru,PER,1998,25738095.0,2156.39377651613,68.724
Peru,PER,1999,26186504.0,1916.53397367908,69.302
Peru,PER,2000,26598331.0,1945.41338451698,69.821
Peru,PER,2001,26964601.0,1929.57273038846,70.315
Peru,PER,2002,27288217.0,2007.37019626753,70.815
Peru,PER,2003,27580490.0,2129.44114197634,71.278
Peru,PER,2004,27852190.0,2397.25147277714,71.447
Peru,PER,2005,28101180.0,2706.66947297608,71.988
Peru,PER,2006,28324491.0,3129.55996496982,72.337
Peru,PER,2007,28530699.0,3581.0893081917,72.746
Peru,PER,2008,28719041.0,4197.58444634142,72.743
Peru,PER,2009,28896811.0,4181.18755462253,72.631
Peru,PER,2010,29086019.0,5072.11494019615,72.886
Peru,PER,2011,29304086.0,5861.35793645245,73.327
Peru,PER,2012,29550366.0,6519.37852981527,73.979
Peru,PER,2013,29817919.0,6746.80025696601,74.591
Peru,PER,2014,30115826.0,6667.13410360861,75.26
Peru,PER,2015,30457600.0,6231.71150338894,75.732
Peru,PER,2016,30866494.0,6217.03599995447,75.951
Peru,PER,2017,31324637.0,6736.16693725487,75.958
Peru,PER,2018,31897584.0,6978.49121548627,76.018
Peru,PER,2019,32449303.0,7037.00803692604,76.275
Peru,PER,2020,32838579.0,6133.32552410183,73.832
Peru,PER,2021,33155882.0,6826.20255614477,71.596
Peru,PER,2022,33475438.0,7350.63034300417,76.834
Peru,PER,2023,33845617.0,7887.54185920108,77.74
Philippines,PHL,1960,27891897.0,269.465146474794,59.175
Philippines,PHL,1961,28792621.0,283.794741192369,59.469
Philippines,PHL,1962,29723536.0,166.689221357377,59.755
Philippines,PHL,1963,30674731.0,179.464434045296,60.018
Philippines,PHL,1964,31643032.0,188.153783582113,60.13
Philippines,PHL,1965,32625316.0,199.763575376063,60.41
Philippines,PHL,1966,33617170.0,213.849586020843,60.623
Philippines,PHL,1967,34621320.0,223.124766332659,60.804
Philippines,PHL,1968,35638342.0,242.232067627814,60.917
Philippines,PHL,1969,36660799.0,261.090890369413,60.981
Philippines,PHL,1970,37622204.0,200.921655645037,60.827
Philippines,PHL,1971,38518659.0,217.429055093343,61.065
Philippines,PHL,1972,39408560.0,230.097611314044,60.911
Philippines,PHL,1973,40294130.0,283.228592733126,60.741
Philippines,PHL,1974,41174341.0,379.068181207602,60.816
Philippines,PHL,1975,42120826.0,400.638883090952,60.904
Philippines,PHL,1976,43201488.0,448.620084504484,60.869
Philippines,PHL,1977,44367962.0,502.23424288346,61.431
Philippines,PHL,1978,45575281.0,565.267487053598,61.531
Philippines,PHL,1979,46807103.0,666.956386771672,61.727
Philippines,PHL,1980,48043740.0,766.969451146209,61.884
Philippines,PHL,1981,49311727.0,821.293256858092,61.942
Philippines,PHL,1982,50695707.0,832.536200258054,62.175
Philippines,PHL,1983,52194620.0,723.430497138016,62.349
Philippines,PHL,1984,53726181.0,665.042349344043,62.426
Philippines,PHL,1985,55213006.0,633.211065310196,62.735
Philippines,PHL,1986,56645077.0,600.002843935462,62.875
Philippines,PHL,1987,58157496.0,649.812857590607,63.299
Philippines,PHL,1988,59739052.0,722.343718454247,63.711
Philippines,PHL,1989,61265260.0,791.864324425833,64.105
Philippines,PHL,1990,62854666.0,803.572588255813,64.382
Philippines,PHL,1991,64382249.0,804.323330530547,64.622
Philippines,PHL,1992,65926125.0,916.515694532029,65.353
Philippines,PHL,1993,67530621.0,918.642953796961,65.661
Philippines,PHL,1994,69019291.0,1059.9838951587,66.0
Philippines,PHL,1995,70546246.0,1199.84171414993,66.311
Philippines,PHL,1996,72190242.0,1311.09249403865,66.691
Philippines,PHL,1997,73908810.0,1273.27604875636,66.994
Philippines,PHL,1998,75791024.0,982.865943728564,67.212
Philippines,PHL,1999,77753257.0,1101.43515975318,67.503
Philippines,PHL,2000,79625397.0,1050.79273107952,67.789
Philippines,PHL,2001,81401488.0,969.530611744453,67.829
Philippines,PHL,2002,83068889.0,1014.90879320106,67.886
Philippines,PHL,2003,84731835.0,1027.2301192843,68.049
Philippines,PHL,2004,86394504.0,1099.63013023758,68.301
Philippines,PHL,2005,88015962.0,1220.46018559867,68.423
Philippines,PHL,2006,89508986.0,1426.14649179546,68.172
Philippines,PHL,2007,91075184.0,1712.65543282793,68.549
Philippines,PHL,2008,92699095.0,1959.29233534978,68.643
Philippines,PHL,2009,94384250.0,1864.45043406471,68.631
Philippines,PHL,2010,96337125.0,2162.91375885614,68.883
Philippines,PHL,2011,98248614.0,2383.91892522087,69.096
Philippines,PHL,2012,100175512.0,2614.61644401308,69.237
Philippines,PHL,2013,102076336.0,2781.27957677397,69.283
Philippines,PHL,2014,103767130.0,2866.83803761407,69.311
Philippines,PHL,2015,105312992.0,2909.85818010301,69.45
Philippines,PHL,2016,106735719.0,2985.19564024046,69.49
Philippines,PHL,2017,108119693.0,3038.12124959289,69.966
Philippines,PHL,2018,109465287.0,3168.51036609727,69.761
Philippines,PHL,2019,110804683.0,3400.78949767074,69.68
Philippines,PHL,2020,112081264.0,3227.57910235199,70.097
Philippines,PHL,2021,113100950.0,3484.38593882819,66.675
Philippines,PHL,2022,113964338.0,3548.06930572116,69.472
Philippines,PHL,2023,114891199.0,3804.08274131097,69.833
Poland,POL,1990,38110782.0,1731.2095094382,70.890243902439
Poland,POL,1991,38246193.0,2235.54108862522,70.5878048780488
Poland,POL,1992,38363667.0,2459.02068468253,71.090243902439
Poland,POL,1993,38461408.0,2497.13055936127,71.5951219512195
Poland,POL,1994,38542652.0,2874.83163555069,71.6951219512195
Poland,POL,1995,38594998.0,3700.95956775144,71.8926829268293
Poland,POL,1996,38624370.0,4163.51195431959,72.2463414634146
Poland,POL,1997,38649660.0,4137.00831823145,72.6463414634146
Poland,POL,1998,38663481.0,4533.5356551781,72.9975609756098
Poland,POL,1999,38660271.0,4415.50067547826,73.0439024390244
Poland,POL,2000,38258629.0,4520.64100449111,73.7487804878049
Poland,POL,2001,38248076.0,5015.23790036613,74.2
Poland,POL,2002,38230364.0,5223.45178967082,74.4975609756098
Poland,POL,2003,38204570.0,5720.81366178104,74.5975609756098
Poland,POL,2004,38182222.0,6711.72715262967,74.8463414634146
Poland,POL,2005,38165445.0,8043.92332253757,74.9951219512195
Poland,POL,2006,38141267.0,9068.85528307627,75.1439024390244
Poland,POL,2007,38120560.0,11272.5293683383,75.2439024390244
Poland,POL,2008,38125759.0,14048.5604672654,75.5439024390244
Poland,POL,2009,38151603.0,11556.3026866026,75.6951219512195
Poland,POL,2010,38042794.0,12567.7317676382,76.2463414634146
Poland,POL,2011,38063255.0,13867.6669408192,76.6951219512195
Poland,POL,2012,38063164.0,13087.420943321,76.7463414634146
Poland,POL,2013,38040196.0,13621.9023794031,77.0
Poland,POL,2014,38011735.0,14262.2841914116,77.6024390243903
Poland,POL,2015,37986412.0,12637.5220324406,77.4512195121951
Poland,POL,2016,37970087.0,12464.0110508476,77.8512195121951
Poland,POL,2017,37974826.0,13913.3402919927,77.7536585365854
Poland,POL,2018,37974750.0,15658.2120316794,77.6024390243903
Poland,POL,2019,37965475.0,15874.5220531254,77.9048780487805
Poland,POL,2020,37515748.0,16150.9304813473,76.4
Poland,POL,2021,36981559.0,18635.5104895754,75.3512195121951
Poland,POL,2022,36821749.0,18891.2121169279,77.1560975609756
Poland,POL,2023,36687353.0,22145.2660647429,78.5073170731707
Portugal,PRT,1960,8857716.0,376.976430250874,64.0074634146342
Portugal,PRT,1961,8929316.0,400.223162057827,62.666512195122
Portugal,PRT,1962,8993985.0,426.49433629823,64.1810243902439
Portugal,PRT,1963,9030355.0,452.280291618213,64.7883902439024
Portugal,PRT,1964,9035365.0,490.207385856289,64.9833902439024
Portugal,PRT,1965,8998595.0,544.71961987576,65.9604634146341
Portugal,PRT,1966,8930990.0,601.289222261876,65.4876585365854
Portugal,PRT,1967,8874520.0,676.386669887118,66.3340731707317
Portugal,PRT,1968,8836650.0,751.947085624465,66.6781951219512
Portugal,PRT,1969,8757705.0,832.130682107245,66.2781707317073
Portugal,PRT,1970,8680431.0,934.082156096117,67.0731707317073
Portugal,PRT,1971,8643756.0,1064.53771257341,66.7707317073171
Portugal,PRT,1972,8630430.0,1302.2662677393,68.3243902439024
Portugal,PRT,1973,8633100.0,1747.98904060266,67.5243902439024
Portugal,PRT,1974,8754365.0,2000.41824574682,68.019512195122
Portugal,PRT,1975,9093470.0,2127.6375072593,68.309756097561
Portugal,PRT,1976,9355810.0,2173.28393425975,68.8609756097561
Portugal,PRT,1977,9455675.0,2267.37100319478,70.0121951219512
Portugal,PRT,1978,9558250.0,2457.31321644599,70.3170731707317
Portugal,PRT,1979,9661265.0,2755.6246177008,71.1682926829268
Portugal,PRT,1980,9766312.0,3368.36666940279,71.2146341463415
Portugal,PRT,1981,9851362.0,3245.97521367748,71.6146341463415
Portugal,PRT,1982,9911771.0,3079.94956634271,72.4146341463415
Portugal,PRT,1983,9957865.0,2735.49106580047,72.2658536585366
Portugal,PRT,1984,9996232.0,2522.74747620658,72.5146341463415
Portugal,PRT,1985,10023613.0,2705.19300197317,72.8146341463415
Portugal,PRT,1986,10032734.0,3861.9484333688,73.2658536585366
Portugal,PRT,1987,10030031.0,4803.86609546941,73.6658536585366
Portugal,PRT,1988,10019610.0,5623.69699982123,73.7146341463415
Portugal,PRT,1989,10005000.0,6056.38102771889,74.2658536585366
Portugal,PRT,1990,9983218.0,7884.61798756332,73.9658536585366
Portugal,PRT,1991,9960235.0,8958.9853330247,74.0146341463415
Portugal,PRT,1992,9952494.0,10810.5665079626,74.3121951219512
Portugal,PRT,1993,9964675.0,9534.6563637308,74.5121951219512
Portugal,PRT,1994,9991525.0,9977.31990905771,74.9146341463415
Portugal,PRT,1995,10026176.0,11781.3618502221,75.3121951219512
Portugal,PRT,1996,10063945.0,12185.0914010629,75.2609756097561
Portugal,PRT,1997,10108977.0,11575.5071124358,75.4121951219512
Portugal,PRT,1998,10160196.0,12199.206385024,75.7121951219512
Portugal,PRT,1999,10217828.0,12475.2917701476,75.9634146341463
Portugal,PRT,2000,10289898.0,11526.3720667968,76.3146341463415
Portugal,PRT,2001,10362722.0,11734.7649743954,76.8146341463415
Portugal,PRT,2002,10419631.0,12936.6928204482,77.0658536585366
Portugal,PRT,2003,10458821.0,15797.7821340276,77.219512195122
Portugal,PRT,2004,10483861.0,18064.1580932987,77.6707317073171
Portugal,PRT,2005,10503330.0,18780.12751241,78.0707317073171
Portugal,PRT,2006,10522288.0,19839.4540499032,78.419512195122
Portugal,PRT,2007,10542964.0,22811.0564844365,78.3219512195122
Portugal,PRT,2008,10558177.0,24949.0413566739,78.5243902439025
Portugal,PRT,2009,10568247.0,23151.2154130712,78.7268292682927
Portugal,PRT,2010,10573100.0,22551.935098809,79.0268292682927
Portugal,PRT,2011,10557560.0,23246.5425416481,80.4707317073171
Portugal,PRT,2012,10514844.0,20593.4274224109,80.3731707317073
Portugal,PRT,2013,10457295.0,21676.4859642714,80.7219512195122
Portugal,PRT,2014,10401062.0,22120.6850127107,81.1219512195122
Portugal,PRT,2015,10358076.0,19215.7813014347,81.1243902439025
Portugal,PRT,2016,10325452.0,19980.2808866516,81.1243902439025
Portugal,PRT,2017,10300300.0,21442.3842768879,81.4243902439025
Portugal,PRT,2018,10283822.0,23541.1401075289,81.3243902439024
Portugal,PRT,2019,10286263.0,23343.3628970034,81.6756097560976
Portugal,PRT,2020,10297081.0,22299.4044062173,81.3292682926829
Portugal,PRT,2021,10361831.0,24711.4510062111,81.3780487804878
Portugal,PRT,2022,10434332.0,24620.5197587181,81.6317073170732
Portugal,PRT,2023,10578174.0,27634.6183139773,82.2804878048781
Post-demographic dividend,PST,1960,756359099.0,1370.83880659399,68.8399200533405
Post-demographic dividend,PST,1961,765442136.0,1442.99574317349,69.2688281977515
Post-demographic dividend,PST,1962,774678780.0,1542.43788883719,69.2703494749647
Post-demographic dividend,PST,1963,783736508.0,1640.35023794655,69.444966986002
Post-demographic dividend,PST,1964,792735136.0,1771.80146780409,69.8899746188658
Post-demographic dividend,PST,1965,801451274.0,1905.77794888474,69.9655681168663
Post-demographic dividend,PST,1966,809623605.0,2063.98255975691,70.1417541718071
Post-demographic dividend,PST,1967,817437528.0,2184.64834110308,70.5859707055814
Post-demographic dividend,PST,1968,825029113.0,2347.57123043067,70.3989176622243
Post-demographic dividend,PST,1969,832633761.0,2562.60917046577,70.5519226992632
Post-demographic dividend,PST,1970,840190480.0,2786.24978158553,70.8485134676882
Post-demographic dividend,PST,1971,849553629.0,3058.81713989308,71.1394974898806
Post-demographic dividend,PST,1972,857513072.0,3518.5594752851,71.3541322725004
Post-demographic dividend,PST,1973,865015884.0,4218.45613852176,71.5095030685449
Post-demographic dividend,PST,1974,872247955.0,4673.94163306876,71.8692328583235
Post-demographic dividend,PST,1975,879088327.0,5197.31808411018,72.155310229648
Post-demographic dividend,PST,1976,885244462.0,5598.93227088066,72.4149061630143
Post-demographic dividend,PST,1977,891301791.0,6284.05068306661,72.8043725845809
Post-demographic dividend,PST,1978,897398355.0,7518.53375451935,72.9422374499268
Post-demographic dividend,PST,1979,903773491.0,8578.25921246045,73.2767101491464
Post-demographic dividend,PST,1980,909919829.0,9428.38816453979,73.3189938394268
Post-demographic dividend,PST,1981,916024683.0,9474.07361240578,73.6518467661203
Post-demographic dividend,PST,1982,921558505.0,9374.34907320372,73.9750726994584
Post-demographic dividend,PST,1983,926768139.0,9673.91830631036,74.0735190567252
Post-demographic dividend,PST,1984,931624894.0,10055.2031286677,74.3583522324779
Post-demographic dividend,PST,1985,936480384.0,10531.6489476392,74.4975404732636
Post-demographic dividend,PST,1986,941566838.0,12805.7247263693,74.7603390194632
Post-demographic dividend,PST,1987,946817118.0,14764.815364129,75.0383219389569
Post-demographic dividend,PST,1988,952284317.0,16538.1506068162,75.1354402525022
Post-demographic dividend,PST,1989,958176572.0,17164.8452545418,75.3645532807694
Post-demographic dividend,PST,1990,964371624.0,19133.9838313942,75.473991731623
Post-demographic dividend,PST,1991,971291914.0,20038.9599781189,75.6090759076253
Post-demographic dividend,PST,1992,978087877.0,21351.2309519189,75.7166150305185
Post-demographic dividend,PST,1993,984398082.0,21368.6769875873,75.7231520791668
Post-demographic dividend,PST,1994,990028770.0,22758.8730271059,76.0312406656581
Post-demographic dividend,PST,1995,995338472.0,25120.8119457481,76.0734629753437
Post-demographic dividend,PST,1996,1000836719.0,25102.7012317803,76.4365491203333
Post-demographic dividend,PST,1997,1006102041.0,24482.6157813598,76.7755552244692
Post-demographic dividend,PST,1998,1011086034.0,24458.4576370477,76.9698452316563
Post-demographic dividend,PST,1999,1015990094.0,25570.8524745238,77.092735203919
Post-demographic dividend,PST,2000,1021150563.0,25890.8986396573,77.3513756471437
Post-demographic dividend,PST,2001,1026105872.0,25517.8708554,77.6340698596268
Post-demographic dividend,PST,2002,1031302538.0,26484.3378337689,77.771842585777
Post-demographic dividend,PST,2003,1036498631.0,29550.1857442906,77.8873480039422
Post-demographic dividend,PST,2004,1041890752.0,32671.0834694674,78.3070690267903
Post-demographic dividend,PST,2005,1047140108.0,34219.0204237417,78.410884260835
Post-demographic dividend,PST,2006,1052866351.0,35820.4258144709,78.7291498117515
Post-demographic dividend,PST,2007,1059147302.0,38870.3636110318,78.9805173339684
Post-demographic dividend,PST,2008,1065603711.0,40922.2537544049,79.1456240590947
Post-demographic dividend,PST,2009,1071118156.0,38339.4065630367,79.4684041481196
Post-demographic dividend,PST,2010,1076208648.0,39801.8641147794,79.6785405516336
Post-demographic dividend,PST,2011,1079468050.0,42635.8220864603,79.9443824717695
Post-demographic dividend,PST,2012,1084193277.0,42374.8223653419,80.088710974095
Post-demographic dividend,PST,2013,1088424167.0,42643.099618304,80.273441566298
Post-demographic dividend,PST,2014,1093025476.0,43322.2029738924,80.5390454613178
Post-demographic dividend,PST,2015,1097890139.0,40775.9479386213,80.4400997313335
Post-demographic dividend,PST,2016,1102966925.0,41502.2222895522,80.6112411501517
Post-demographic dividend,PST,2017,1107161559.0,43114.2688521392,80.6650553844053
Post-demographic dividend,PST,2018,1111377470.0,45535.8018785923,80.7442826647034
Post-demographic dividend,PST,2019,1114898817.0,45840.3536114764,80.9700846681541
Post-demographic dividend,PST,2020,1117007476.0,44743.7389324311,80.0658791727843
Post-demographic dividend,PST,2021,1116582773.0,49855.2269396596,79.7955238788416
Post-demographic dividend,PST,2022,1117394729.0,50969.801641014,80.1977878300116
Post-demographic dividend,PST,2023,1121315547.0,53813.7418308678,80.8230563837636
Pre-demographic dividend,PRE,1960,188920253.0,128.965295180455,39.8872149694242
Pre-demographic dividend,PRE,1961,193342737.0,130.63188360831,40.1557412424342
Pre-demographic dividend,PRE,1962,198004977.0,139.724963338914,40.7161322580846
Pre-demographic dividend,PRE,1963,202879347.0,157.647405752148,41.06419109333
Pre-demographic dividend,PRE,1964,207958469.0,145.551638158562,41.3703078886871
Pre-demographic dividend,PRE,1965,213246024.0,156.396247285528,41.6972828877457
Pre-demographic dividend,PRE,1966,218721527.0,166.712837899083,42.0778101587916
Pre-demographic dividend,PRE,1967,224392810.0,154.614839965865,42.2000933707412
Pre-demographic dividend,PRE,1968,230300956.0,162.474091588099,42.7826088727482
Pre-demographic dividend,PRE,1969,236419165.0,178.017001416652,43.1232769220592
Pre-demographic dividend,PRE,1970,242769169.0,195.305004758919,43.7102244877231
Pre-demographic dividend,PRE,1971,249344292.0,188.073499385562,44.104567856428
Pre-demographic dividend,PRE,1972,256080715.0,215.177731973705,44.345172469231
Pre-demographic dividend,PRE,1973,263238228.0,257.950696795063,45.0180748962647
Pre-demographic dividend,PRE,1974,270820390.0,345.607853291771,45.4490386388226
Pre-demographic dividend,PRE,1975,278656584.0,382.578437780366,45.843188724588
Pre-demographic dividend,PRE,1976,286692896.0,434.720610576905,46.4668620873082
Pre-demographic dividend,PRE,1977,295051411.0,466.206407407095,46.9506847635445
Pre-demographic dividend,PRE,1978,304240149.0,513.142065602647,47.2172678324254
Pre-demographic dividend,PRE,1979,313887702.0,613.967097677942,47.53657400238
Pre-demographic dividend,PRE,1980,322965422.0,737.592382448643,47.6860850129492
Pre-demographic dividend,PRE,1981,330988678.0,982.406374054837,47.8424148985604
Pre-demographic dividend,PRE,1982,339575832.0,907.611047024129,48.0051328622085
Pre-demographic dividend,PRE,1983,349226289.0,732.138927725284,47.8502512738123
Pre-demographic dividend,PRE,1984,359259708.0,665.139328584365,47.7209668228089
Pre-demographic dividend,PRE,1985,369570962.0,670.636596004781,47.9318212814566
Pre-demographic dividend,PRE,1986,379883689.0,565.833192274468,48.5260421553925
Pre-demographic dividend,PRE,1987,390374024.0,592.46744900635,48.5337121371196
Pre-demographic dividend,PRE,1988,400820214.0,604.357525676561,48.4936755343681
Pre-demographic dividend,PRE,1989,411682495.0,595.019758951012,48.9435219331854
Pre-demographic dividend,PRE,1990,422471117.0,939.805533338588,48.9344439307457
Pre-demographic dividend,PRE,1991,433111892.0,518.875898396304,48.8506822009196
Pre-demographic dividend,PRE,1992,445411988.0,392.59155606961,49.0261459098267
Pre-demographic dividend,PRE,1993,459529211.0,397.603669222058,49.5803557864203
Pre-demographic dividend,PRE,1994,475022693.0,401.058986551584,50.0168569585538
Pre-demographic dividend,PRE,1995,490118620.0,571.946464976273,50.1315595013713
Pre-demographic dividend,PRE,1996,503373634.0,675.003973069927,50.1556883221142
Pre-demographic dividend,PRE,1997,516729805.0,720.575466777837,50.4042012355219
Pre-demographic dividend,PRE,1998,531450214.0,741.382596228637,50.3291415313175
Pre-demographic dividend,PRE,1999,546890075.0,448.838902293491,51.0387224062605
Pre-demographic dividend,PRE,2000,562428025.0,503.562641272677,51.7515478288284
Pre-demographic dividend,PRE,2001,578587390.0,465.954902190537,52.2521572447682
Pre-demographic dividend,PRE,2002,596114535.0,523.615860228603,52.7423973946282
Pre-demographic dividend,PRE,2003,614269146.0,554.26625446439,53.2939035756388
Pre-demographic dividend,PRE,2004,632445407.0,670.783711150831,53.8000182623905
Pre-demographic dividend,PRE,2005,651320620.0,815.454464076119,54.3659843800477
Pre-demographic dividend,PRE,2006,670229212.0,997.421514005206,54.971924730304
Pre-demographic dividend,PRE,2007,688722596.0,1173.40020441153,55.5507681291351
Pre-demographic dividend,PRE,2008,708796270.0,1423.20106621059,56.1357406037774
Pre-demographic dividend,PRE,2009,730293963.0,1252.32925493054,56.5093390786225
Pre-demographic dividend,PRE,2010,752046672.0,1421.48905142231,57.1219983597813
Pre-demographic dividend,PRE,2011,774567417.0,1596.90914437848,57.3118533177816
Pre-demographic dividend,PRE,2012,798002725.0,1686.96007926334,58.0153462397337
Pre-demographic dividend,PRE,2013,822138419.0,1796.00337097112,58.4503631169364
Pre-demographic dividend,PRE,2014,846420736.0,1848.07094913552,58.6086588197397
Pre-demographic dividend,PRE,2015,870587800.0,1524.98608713796,58.93626650033
Pre-demographic dividend,PRE,2016,895239872.0,1316.74567214685,59.2363562400827
Pre-demographic dividend,PRE,2017,920568701.0,1338.96011884626,59.5402350736624
Pre-demographic dividend,PRE,2018,946317177.0,1449.85562070843,60.2074724802348
Pre-demographic dividend,PRE,2019,972302503.0,1681.19065754666,60.5568008955552
Pre-demographic dividend,PRE,2020,998624261.0,1496.33767488397,60.501207001444
Pre-demographic dividend,PRE,2021,1024960313.0,1594.14229813292,60.2752505117259
Pre-demographic dividend,PRE,2022,1051201551.0,1770.15579032781,61.3832880029503
Pre-demographic dividend,PRE,2023,1078224044.0,1558.34344693401,62.1636298902791
Puerto Rico (US),PRI,1960,2358000.0,717.514843087362,68.627
Puerto Rico (US),PRI,1961,2399722.0,777.215027407341,68.528
Puerto Rico (US),PRI,1962,2450322.0,854.74480496849,68.863
Puerto Rico (US),PRI,1963,2504530.0,931.751665981242,68.727
Puerto Rico (US),PRI,1964,2554066.0,1006.43444609497,68.242
Puerto Rico (US),PRI,1965,2594000.0,1110.83269082498,69.289
Puerto Rico (US),PRI,1966,2624995.0,1207.81182440348,70.223
Puerto Rico (US),PRI,1967,2645674.0,1335.27411162524,70.699
Puerto Rico (US),PRI,1968,2662064.0,1480.69317642251,70.566
Puerto Rico (US),PRI,1969,2684150.0,1661.86688523369,70.511
Puerto Rico (US),PRI,1970,2718000.0,1852.35467255335,70.352
Puerto Rico (US),PRI,1971,2762190.0,2044.31990558216,71.084
Puerto Rico (US),PRI,1972,2817256.0,2246.4767135113,70.813
Puerto Rico (US),PRI,1973,2878786.0,2432.41421904928,70.949
Puerto Rico (US),PRI,1974,2939299.0,2614.50094053038,71.324
Puerto Rico (US),PRI,1975,2994000.0,2738.24315297261,71.963
Puerto Rico (US),PRI,1976,3043854.0,2946.46195251152,72.08
Puerto Rico (US),PRI,1977,3088690.0,3208.77135614128,72.401
Puerto Rico (US),PRI,1978,3129421.0,3567.7526290007,72.528
Puerto Rico (US),PRI,1979,3168088.0,4024.50942019287,72.718
Puerto Rico (US),PRI,1980,3206000.0,4502.8384279476,73.101
Puerto Rico (US),PRI,1981,3242552.0,4920.72293674859,72.981
Puerto Rico (US),PRI,1982,3277453.0,5115.00851423346,72.949
Puerto Rico (US),PRI,1983,3311138.0,5217.72272856039,73.375
Puerto Rico (US),PRI,1984,3344190.0,5730.11700890201,73.427
Puerto Rico (US),PRI,1985,3377000.0,6008.05448623038,72.633
Puerto Rico (US),PRI,1986,3409554.0,6455.18446107614,73.272
Puerto Rico (US),PRI,1987,3441850.0,6980.49014338219,73.402
Puerto Rico (US),PRI,1988,3473898.0,7595.44465611829,73.153
Puerto Rico (US),PRI,1989,3505650.0,8033.08944133042,72.479
Puerto Rico (US),PRI,1990,3537000.0,8652.50749222505,72.827
Puerto Rico (US),PRI,1991,3562110.0,9064.01851711486,73.877
Puerto Rico (US),PRI,1992,3585176.0,9659.33889995916,73.387
Puerto Rico (US),PRI,1993,3615497.0,10212.2767630564,73.309
Puerto Rico (US),PRI,1994,3649237.0,10876.4188239898,73.622
Puerto Rico (US),PRI,1995,3683103.0,11579.1849969985,73.571
Puerto Rico (US),PRI,1996,3724655.0,12173.163688986,73.995
Puerto Rico (US),PRI,1997,3759430.0,12817.6449621352,74.674
Puerto Rico (US),PRI,1998,3781101.0,14304.4049868015,74.556
Puerto Rico (US),PRI,1999,3800081.0,15220.9913420267,75.278
Puerto Rico (US),PRI,2000,3810605.0,16192.1269719638,75.514
Puerto Rico (US),PRI,2001,3818774.0,18123.1987019918,75.972
Puerto Rico (US),PRI,2002,3823701.0,18731.4593897378,76.819
Puerto Rico (US),PRI,2003,3826095.0,19557.1202492358,76.941
Puerto Rico (US),PRI,2004,3826878.0,20988.9923326534,76.913
Puerto Rico (US),PRI,2005,3821362.0,21959.322696986,76.703
Puerto Rico (US),PRI,2006,3805214.0,22935.9411586313,77.561
Puerto Rico (US),PRI,2007,3782995.0,23664.8823485096,77.659
Puerto Rico (US),PRI,2008,3760866.0,24898.3345857045,78.111
Puerto Rico (US),PRI,2009,3740410.0,25768.7258883384,78.377
Puerto Rico (US),PRI,2010,3724465.0,26414.8810634548,78.717
Puerto Rico (US),PRI,2011,3693464.0,27170.0766543278,78.766
Puerto Rico (US),PRI,2012,3661045.0,27742.024476618,79.258
Puerto Rico (US),PRI,2013,3631427.0,28212.0499737431,80.318
Puerto Rico (US),PRI,2014,3585017.0,28576.0988023209,80.039
Puerto Rico (US),PRI,2015,3535167.0,29242.041465085,80.677
Puerto Rico (US),PRI,2016,3480432.0,29978.0889268918,80.355
Puerto Rico (US),PRI,2017,3410837.0,30328.479490518,79.07
Puerto Rico (US),PRI,2018,3290690.0,30679.9181934488,81.086
Puerto Rico (US),PRI,2019,3302691.0,31830.5284993358,81.438
Puerto Rico (US),PRI,2020,3281590.0,31427.1130762831,80.009
Puerto Rico (US),PRI,2021,3262711.0,32619.0704601174,79.77
Puerto Rico (US),PRI,2022,3220137.0,35353.6821570014,79.427
Puerto Rico (US),PRI,2023,3203792.0,36980.7884784287,81.69
Qatar,QAT,1970,116350.0,2593.82296339752,64.889
Qatar,QAT,1971,131346.0,2951.769414533,65.49
Qatar,QAT,1972,146506.0,3482.877835561,66.07
Qatar,QAT,1973,161841.0,4905.34265094329,66.629
Qatar,QAT,1974,177362.0,13539.5587974924,67.165
Qatar,QAT,1975,193087.0,13013.6838099496,67.679
Qatar,QAT,1976,209052.0,15710.3208135683,68.172
Qatar,QAT,1977,225285.0,16057.7252719384,68.639
Qatar,QAT,1978,241808.0,16757.0982461328,69.083
Qatar,QAT,1979,258670.0,21776.6381753833,69.507
Qatar,QAT,1980,275913.0,28375.4852501113,69.915
Qatar,QAT,1981,293553.0,29504.9403812472,70.313
Qatar,QAT,1982,311537.0,24384.5938501228,70.704
Qatar,QAT,1983,329709.0,19616.0320394418,71.089
Qatar,QAT,1984,347878.0,19272.2616094603,71.465
Qatar,QAT,1985,365940.0,16815.0419632835,71.831
Qatar,QAT,1986,382422.0,13213.2093617769,72.184
Qatar,QAT,1987,397005.0,13718.7911520477,72.52
Qatar,QAT,1988,411264.0,14682.0218472004,72.836
Qatar,QAT,1989,425646.0,15242.5068904961,73.131
Qatar,QAT,1990,440175.0,16721.6207714589,73.405
Qatar,QAT,1991,454853.0,15133.4969397069,73.654
Qatar,QAT,1992,469657.0,16280.2938815273,73.876
Qatar,QAT,1993,484545.0,14769.7193322522,74.071
Qatar,QAT,1994,499459.0,14764.8771355222,74.245
Qatar,QAT,1995,514325.0,15822.5090711554,74.404
Qatar,QAT,1996,529019.0,17124.7920861356,74.558
Qatar,QAT,1997,550500.0,20522.8012995179,74.713
Qatar,QAT,1998,580540.0,17665.4408438222,74.872
Qatar,QAT,1999,612500.0,20233.6846826643,75.048
Qatar,QAT,2000,644989.0,27535.182940934,75.25
Qatar,QAT,2001,677925.0,25870.7991864314,75.486
Qatar,QAT,2002,711205.0,27226.6593510117,75.766
Qatar,QAT,2003,744682.0,31602.470865136,76.097
Qatar,QAT,2004,773332.0,41035.5008380177,76.484
Qatar,QAT,2005,825408.0,53949.6764091147,76.909
Qatar,QAT,2006,972831.0,62582.4453138755,77.323
Qatar,QAT,2007,1208595.0,65954.3419525051,77.741
Qatar,QAT,2008,1426938.0,80781.4039187792,78.262
Qatar,QAT,2009,1608903.0,60785.7351551657,78.837
Qatar,QAT,2010,1616832.0,76462.6119486736,79.444
Qatar,QAT,2011,1624761.0,103261.510293068,79.994
Qatar,QAT,2012,1722438.0,108470.387023229,80.499
Qatar,QAT,2013,1916426.0,103697.062789144,80.974
Qatar,QAT,2014,2151745.0,95840.6898934238,81.395
Qatar,QAT,2015,2344557.0,68985.2433380102,81.785
Qatar,QAT,2016,2477113.0,61253.6217997091,82.147
Qatar,QAT,2017,2545820.0,63279.8767486216,82.458
Qatar,QAT,2018,2580734.0,71039.9308240078,82.714
Qatar,QAT,2019,2638657.0,66841.3623185691,82.945
Qatar,QAT,2020,2794148.0,51683.5681078949,80.409
Qatar,QAT,2021,2504910.0,71751.9363398856,81.083
Qatar,QAT,2022,2657333.0,88701.4689763536,81.857
Qatar,QAT,2023,2656032.0,81816.9797967481,82.368
Romania,ROU,1987,22949430.0,1658.75873899995,69.2268292682927
Romania,ROU,1988,23057662.0,1753.19285632198,69.3880487804878
Romania,ROU,1989,23161458.0,1789.64455528113,69.5307317073171
Romania,ROU,1990,23201835.0,1648.48522974542,69.7412195121951
Romania,ROU,1991,23001155.0,1254.3124421298,69.7843902439024
Romania,ROU,1992,22794284.0,1102.10378473246,69.7843902439024
Romania,ROU,1993,22763280.0,1158.05632799712,69.5634146341464
Romania,ROU,1994,22730211.0,1323.03237766927,69.509756097561
Romania,ROU,1995,22684270.0,1650.04922365201,69.4560975609756
Romania,ROU,1996,22619004.0,1633.01064354117,69.1048780487805
Romania,ROU,1997,22553978.0,1577.33656023974,69.0048780487805
Romania,ROU,1998,22507344.0,1852.5549693339,69.8073170731708
Romania,ROU,1999,22472040.0,1599.90622808339,70.5121951219512
Romania,ROU,2000,22442971.0,1659.92904910528,71.1634146341463
Romania,ROU,2001,22131970.0,1825.19299373184,71.1609756097561
Romania,ROU,2002,21730496.0,2119.85509684554,71.009756097561
Romania,ROU,2003,21574326.0,2679.40626016154,71.309756097561
Romania,ROU,2004,21451748.0,3494.99056448955,71.5609756097561
Romania,ROU,2005,21319685.0,4618.00350802913,71.9121951219512
Romania,ROU,2006,21193760.0,5757.53127301178,72.1634146341463
Romania,ROU,2007,20882982.0,8360.33775916596,72.5658536585366
Romania,ROU,2008,20537875.0,10435.1561230787,72.5658536585366
Romania,ROU,2009,20367487.0,8548.4543409242,73.309756097561
Romania,ROU,2010,20246871.0,8399.5374234284,73.4585365853659
Romania,ROU,2011,20147528.0,9560.6755277458,74.409756097561
Romania,ROU,2012,20058035.0,8929.95366231474,74.4121951219512
Romania,ROU,2013,19983693.0,9497.67411615237,75.0634146341463
Romania,ROU,2014,19908979.0,10031.7710755404,74.909756097561
Romania,ROU,2015,19815616.0,8977.01748158196,74.9121951219512
Romania,ROU,2016,19702267.0,9404.54005870715,75.209756097561
Romania,ROU,2017,19588715.0,10727.9822007426,75.209756097561
Romania,ROU,2018,19473970.0,12416.134317959,75.3585365853659
Romania,ROU,2019,19371648.0,12909.6104013244,75.6073170731707
Romania,ROU,2020,19265250.0,13009.1770573223,74.2536585365854
Romania,ROU,2021,19122059.0,14907.9803652143,72.809756097561
Romania,ROU,2022,19048502.0,15503.551804598,75.1536585365854
Romania,ROU,2023,19061062.0,18244.4186876321,76.6073170731707
Russian Federation,RUS,1988,146857000.0,3778.01977539063,69.4643902439024
Russian Federation,RUS,1989,147721000.0,3429.64990234375,69.1717073170732
Russian Federation,RUS,1990,147969406.0,3494.06323242188,68.8860975609756
Russian Federation,RUS,1991,148394216.0,3490.45239257813,68.4743902439024
Russian Federation,RUS,1992,148538197.0,3098.802734375,66.8731707317073
Russian Federation,RUS,1993,148458777.0,2930.67016601563,64.9358536585366
Russian Federation,RUS,1994,148407912.0,2662.10400390625,64.4670731707317
Russian Federation,RUS,1995,148375787.0,2665.77978515625,64.6907317073171
Russian Federation,RUS,1996,148160129.0,2643.92919921875,65.8541463414634
Russian Federation,RUS,1997,147915361.0,2737.57202148438,66.6987804878049
Russian Federation,RUS,1998,147670784.0,1834.86181640625,67.029756097561
Russian Federation,RUS,1999,147214776.0,1330.75720214844,65.9821951219512
Russian Federation,RUS,2000,146596869.0,1771.59411621094,65.4836585365854
Russian Federation,RUS,2001,145976482.0,2100.3525390625,65.3834146341463
Russian Federation,RUS,2002,145306497.0,2377.52954101563,65.1287804878049
Russian Federation,RUS,2003,144648618.0,2975.123046875,65.0275609756098
Russian Federation,RUS,2004,144067316.0,4102.36474609375,65.4709756097561
Russian Federation,RUS,2005,143518814.0,5323.455078125,65.529756097561
Russian Federation,RUS,2006,143049637.0,6920.19970703125,66.7275609756098
Russian Federation,RUS,2007,142805114.0,9101.2392578125,67.5868292682927
Russian Federation,RUS,2008,142742366.0,11635.2841796875,67.9492682926829
Russian Federation,RUS,2009,142785348.0,8562.82421875,68.6846341463415
Russian Federation,RUS,2010,142849468.0,10674.990234375,68.8412195121951
Russian Federation,RUS,2011,143018195.0,14305.33203125,69.6839024390244
Russian Federation,RUS,2012,143378447.0,15401.8515625,70.0721951219512
Russian Federation,RUS,2013,143805638.0,15941.4482421875,70.5787804878049
Russian Federation,RUS,2014,144237223.0,14055.47265625,70.7436585365854
Russian Federation,RUS,2015,144640716.0,9277.7138671875,71.1834146341463
Russian Federation,RUS,2016,145015460.0,8663.158203125,71.6512195121951
Russian Federation,RUS,2017,145293260.0,10658.9130859375,72.4514634146342
Russian Federation,RUS,2018,145398106.0,11211.8876953125,72.6621951219512
Russian Federation,RUS,2019,145453291.0,11447.701171875,73.0839024390244
Russian Federation,RUS,2020,145245148.0,10108.3271484375,71.3387804878049
Russian Federation,RUS,2021,144746762.0,12425.029296875,69.900243902439
Russian Federation,RUS,2022,144236933.0,15619.6142578125,72.5456097560976
Russian Federation,RUS,2023,143826130.0,14159.3876953125,73.2546341463415
Rwanda,RWA,1960,3022294.0,39.3740728069473,47.022
Rwanda,RWA,1961,3106779.0,39.2689714974898,47.458
Rwanda,RWA,1962,3186025.0,39.2338440533266,47.802
Rwanda,RWA,1963,3258890.0,39.2771771983712,43.998
Rwanda,RWA,1964,3334834.0,38.9824483017745,48.131
Rwanda,RWA,1965,3423210.0,43.4679672003763,48.203
Rwanda,RWA,1966,3521626.0,35.3602860886258,48.084
Rwanda,RWA,1967,3629577.0,43.9610505576821,47.987
Rwanda,RWA,1968,3744010.0,45.9934717054709,47.731
Rwanda,RWA,1969,3861271.0,48.8699283215294,47.437
Rwanda,RWA,1970,3980669.0,55.2419721408638,47.116
Rwanda,RWA,1971,4100044.0,54.3780760416401,46.755
Rwanda,RWA,1972,4220335.0,58.397695523384,46.343
Rwanda,RWA,1973,4345047.0,66.9143871506847,45.944
Rwanda,RWA,1974,4474228.0,68.9411498886186,45.566
Rwanda,RWA,1975,4607728.0,124.109648019297,45.324
Rwanda,RWA,1976,4745954.0,134.378431212254,45.312
Rwanda,RWA,1977,4888240.0,152.744262359212,45.579
Rwanda,RWA,1978,5035171.0,179.876527812666,46.165
Rwanda,RWA,1979,5189541.0,213.765751335745,47.087
Rwanda,RWA,1980,5353259.0,234.392851442674,48.122
Rwanda,RWA,1981,5527230.0,254.569201374867,49.216
Rwanda,RWA,1982,5711549.0,246.385549568864,50.188
Rwanda,RWA,1983,5905311.0,250.568951735636,50.944
Rwanda,RWA,1984,6107627.0,259.906684530767,51.445
Rwanda,RWA,1985,6317228.0,271.578979038705,51.704
Rwanda,RWA,1986,6531881.0,297.725981822308,51.706
Rwanda,RWA,1987,6749493.0,319.643663252334,51.465
Rwanda,RWA,1988,6968071.0,343.781325819105,50.914
Rwanda,RWA,1989,7184706.0,334.741963422255,49.485
Rwanda,RWA,1990,7375307.0,345.773495134655,47.763
Rwanda,RWA,1991,7526966.0,253.966902025944,46.243
Rwanda,RWA,1992,7683266.0,264.083914517464,44.397
Rwanda,RWA,1993,7981132.0,247.023318476014,42.937
Rwanda,RWA,1994,6792352.0,110.953668251372,12.158
Rwanda,RWA,1995,5674118.0,227.971147849318,41.518
Rwanda,RWA,1996,6708764.0,206.04911417485,42.486
Rwanda,RWA,1997,7755238.0,238.749371368214,41.978
Rwanda,RWA,1998,8081681.0,246.154673288384,43.099
Rwanda,RWA,1999,8147912.0,264.74368682977,45.749
Rwanda,RWA,2000,8213931.0,251.86926386091,47.798
Rwanda,RWA,2001,8287094.0,237.308846200901,49.49
Rwanda,RWA,2002,8400180.0,234.043016755733,51.262
Rwanda,RWA,2003,8586875.0,249.012274982252,53.529
Rwanda,RWA,2004,8816844.0,269.540446333402,55.52
Rwanda,RWA,2005,9054528.0,324.016863847189,56.968
Rwanda,RWA,2006,9299246.0,356.995022901154,58.342
Rwanda,RWA,2007,9549933.0,426.234183487629,59.504
Rwanda,RWA,2008,9804269.0,528.326391755502,60.641
Rwanda,RWA,2009,10060432.0,564.039095842449,61.813
Rwanda,RWA,2010,10317553.0,593.624927744346,62.804
Rwanda,RWA,2011,10573733.0,651.133677964662,63.476
Rwanda,RWA,2012,10829901.0,706.817269168561,64.189
Rwanda,RWA,2013,11093340.0,704.92421851123,64.651
Rwanda,RWA,2014,11364757.0,724.957526520906,65.088
Rwanda,RWA,2015,11640022.0,733.998629882494,65.419
Rwanda,RWA,2016,11919183.0,729.519133812945,65.733
Rwanda,RWA,2017,12202060.0,758.300966509647,66.14
Rwanda,RWA,2018,12487996.0,771.773511207309,66.354
Rwanda,RWA,2019,12776103.0,810.051412137354,66.691
Rwanda,RWA,2020,13065837.0,778.701498925026,66.953
Rwanda,RWA,2021,13355260.0,829.544845263697,66.85
Rwanda,RWA,2022,13651030.0,975.469323735369,67.528
Rwanda,RWA,2023,13954471.0,1027.03446826565,67.785
Samoa,WSM,1970,140400.0,321.996706619559,60.388
Samoa,WSM,1971,142503.0,376.971495094961,60.879
Samoa,WSM,1972,144538.0,432.869670090088,61.36
Samoa,WSM,1973,146516.0,562.757551160649,61.863
Samoa,WSM,1974,149431.0,626.0388469155,62.34
Samoa,WSM,1975,153344.0,609.670300459943,62.839
Samoa,WSM,1976,157113.0,541.03147223181,63.301
Samoa,WSM,1977,159753.0,615.297809957995,63.742
Samoa,WSM,1978,161375.0,670.633271871531,64.132
Samoa,WSM,1979,162882.0,750.588726090539,64.543
Samoa,WSM,1980,164322.0,765.24773288828,64.961
Samoa,WSM,1981,165678.0,713.375672542904,65.296
Samoa,WSM,1982,166484.0,728.127937935873,65.647
Samoa,WSM,1983,166714.0,670.98638131758,65.991
Samoa,WSM,1984,166796.0,654.697560664036,66.284
Samoa,WSM,1985,166849.0,572.806387713236,66.557
Samoa,WSM,1986,167061.0,604.257418815764,66.819
Samoa,WSM,1987,167661.0,666.308337309081,67.047
Samoa,WSM,1988,168346.0,790.134992313838,67.328
Samoa,WSM,1989,168768.0,728.151128858805,67.607
Samoa,WSM,1990,169042.0,743.994213008355,67.808
Samoa,WSM,1991,169368.0,741.563963808482,68.039
Samoa,WSM,1992,170331.0,776.740824409711,68.532
Samoa,WSM,1993,171774.0,774.988631552282,68.818
Samoa,WSM,1994,173159.0,1276.85021574897,69.162
Samoa,WSM,1995,174571.0,1288.10473321401,69.469
Samoa,WSM,1996,176071.0,1419.35849045228,69.767
Samoa,WSM,1997,177547.0,1607.88744330521,70.045
Samoa,WSM,1998,178905.0,1506.30359215846,70.308
Samoa,WSM,1999,180275.0,1416.76915966987,70.555
Samoa,WSM,2000,181685.0,1424.75240002471,70.791
Samoa,WSM,2001,183166.0,1453.87021324606,71.028
Samoa,WSM,2002,184471.0,1527.55790455937,71.233
Samoa,WSM,2003,185430.0,1798.12429714048,71.441
Samoa,WSM,2004,186249.0,2189.26042607992,71.508
Samoa,WSM,2005,186978.0,2550.04221437511,71.487
Samoa,WSM,2006,187709.0,2663.29135939532,71.62
Samoa,WSM,2007,188753.0,3038.61904093377,71.605
Samoa,WSM,2008,190107.0,3373.60639884263,71.531
Samoa,WSM,2009,191513.0,3279.18269477295,69.486
Samoa,WSM,2010,193023.0,3524.2479246203,71.451
Samoa,WSM,2011,194713.0,3821.50678264479,71.393
Samoa,WSM,2012,196498.0,3934.60320799981,71.159
Samoa,WSM,2013,198268.0,4023.5254013825,71.229
Samoa,WSM,2014,200037.0,3982.68080202084,71.142
Samoa,WSM,2015,201782.0,4084.36083819933,71.06
Samoa,WSM,2016,203499.0,4147.07097674888,71.003
Samoa,WSM,2017,205415.0,4307.59381964907,70.991
Samoa,WSM,2018,207582.0,4231.81409469194,71.052
Samoa,WSM,2019,209780.0,4351.94234943706,70.269
Samoa,WSM,2020,211944.0,4099.59660548583,70.727
Samoa,WSM,2021,213779.0,4021.55934894283,71.096
Samoa,WSM,2022,215261.0,4132.44717734444,71.55
Samoa,WSM,2023,216663.0,4822.74084650019,71.698
San Marino,SMR,1997,25800.0,37852.9810311,79.677
San Marino,SMR,1998,26125.0,40126.93686908,79.918
San Marino,SMR,1999,26459.0,41931.7951488407,80.2
San Marino,SMR,2000,26799.0,37600.7077379601,80.504
San Marino,SMR,2001,27143.0,39035.1034290445,80.803
San Marino,SMR,2002,27491.0,41790.8432718184,81.061
San Marino,SMR,2003,27843.0,52529.9093701059,81.33
San Marino,SMR,2004,29457.0,58232.0176184948,81.592
San Marino,SMR,2005,29836.0,59877.8005839737,81.926
San Marino,SMR,2006,30184.0,63270.7780755157,82.258
San Marino,SMR,2007,31211.0,70124.4634385624,82.605
San Marino,SMR,2008,31662.0,75902.1320521765,82.894
San Marino,SMR,2009,33066.0,62428.9943269418,83.224
San Marino,SMR,2010,33270.0,56543.1898204098,83.464
San Marino,SMR,2011,32620.0,55601.3929703047,83.713
San Marino,SMR,2012,33469.0,47945.8991734281,83.943
San Marino,SMR,2013,33041.0,50807.8289138024,84.175
San Marino,SMR,2014,32655.0,51260.4938347125,84.394
San Marino,SMR,2015,32897.0,43146.8240435428,84.596
San Marino,SMR,2016,33101.0,44359.4797662688,84.775
San Marino,SMR,2017,33825.0,45192.0279766943,84.933
San Marino,SMR,2018,34522.0,47950.6880557136,85.095
San Marino,SMR,2019,34663.0,46630.1443120725,85.257
San Marino,SMR,2020,34770.0,44326.9556746411,82.65
San Marino,SMR,2021,34252.0,54176.4798021628,83.539
San Marino,SMR,2022,33755.0,54190.8417700372,85.708
San Marino,SMR,2023,33860.0,59879.7173015651,85.706
Sao Tome and Principe,STP,1970,77626.0,479.373226585893,56.267
Sao Tome and Principe,STP,1971,79330.0,470.047210516664,56.965
Sao Tome and Principe,STP,1972,81041.0,511.225883278212,57.448
Sao Tome and Principe,STP,1973,82798.0,676.480648564475,57.896
Sao Tome and Principe,STP,1974,84672.0,682.841924804006,58.262
Sao Tome and Principe,STP,1975,86708.0,693.150687886501,58.561
Sao Tome and Principe,STP,1976,88922.0,585.225491976985,58.782
Sao Tome and Principe,STP,1977,91301.0,538.961153996478,58.979
Sao Tome and Principe,STP,1978,93794.0,586.866567172971,59.141
Sao Tome and Principe,STP,1979,96252.0,683.1642785186,59.273
Sao Tome and Principe,STP,1980,98544.0,828.688007722406,59.361
Sao Tome and Principe,STP,1981,100615.0,829.888818772033,59.432
Sao Tome and Principe,STP,1982,102508.0,783.429221364288,59.533
Sao Tome and Principe,STP,1983,104380.0,719.585065944304,59.679
Sao Tome and Principe,STP,1984,106394.0,735.13352186245,59.893
Sao Tome and Principe,STP,1985,108658.0,761.407990592529,60.139
Sao Tome and Principe,STP,1986,111150.0,1042.99511241999,57.605
Sao Tome and Principe,STP,1987,113919.0,1017.85413731046,60.663
Sao Tome and Principe,STP,1988,116939.0,846.60177007008,60.808
Sao Tome and Principe,STP,1989,119979.0,821.355129173615,59.731
Sao Tome and Principe,STP,1990,122980.0,970.059625606155,60.707
Sao Tome and Principe,STP,1991,125697.0,855.105075821698,60.792
Sao Tome and Principe,STP,1992,128110.0,740.471318576498,60.706
Sao Tome and Principe,STP,1993,130467.0,963.785698734091,60.618
Sao Tome and Principe,STP,1994,132732.0,989.500757799244,60.552
Sao Tome and Principe,STP,1995,134895.0,768.710751184259,60.536
Sao Tome and Principe,STP,1996,136962.0,987.048712395264,60.576
Sao Tome and Principe,STP,1997,138922.0,661.668232822488,60.648
Sao Tome and Principe,STP,1998,140751.0,513.569380269738,60.785
Sao Tome and Principe,STP,1999,142442.0,542.692548018387,60.976
Sao Tome and Principe,STP,2000,144018.0,529.089383412262,61.207
Sao Tome and Principe,STP,2001,146375.0,518.88050130005,61.5
Sao Tome and Principe,STP,2002,149922.0,568.10257252271,61.826
Sao Tome and Principe,STP,2003,153814.0,663.696211810494,62.158
Sao Tome and Principe,STP,2004,157705.0,726.560882130444,62.56
Sao Tome and Principe,STP,2005,161639.0,844.169181884274,62.434
Sao Tome and Principe,STP,2006,165638.0,861.970707697664,63.041
Sao Tome and Principe,STP,2007,169700.0,878.885791918745,63.336
Sao Tome and Principe,STP,2008,173793.0,1081.8684584729,63.448
Sao Tome and Principe,STP,2009,177853.0,1128.28046213305,63.669
Sao Tome and Principe,STP,2010,181802.0,1045.20958234528,63.867
Sao Tome and Principe,STP,2011,185649.0,1219.80189089671,64.122
Sao Tome and Principe,STP,2012,189439.0,1192.0202911189,64.505
Sao Tome and Principe,STP,2013,193148.0,1382.5757842916,64.93
Sao Tome and Principe,STP,2014,196767.0,1489.67633417608,65.478
Sao Tome and Principe,STP,2015,200291.0,1298.10946596396,66.023
Sao Tome and Principe,STP,2016,203689.0,1434.87018050521,66.563
Sao Tome and Principe,STP,2017,206970.0,1555.79477812888,67.074
Sao Tome and Principe,STP,2018,210187.0,1825.59971753966,67.602
Sao Tome and Principe,STP,2019,213392.0,1935.2931816596,68.043
Sao Tome and Principe,STP,2020,217435.0,2167.22001796925,67.979
Sao Tome and Principe,STP,2021,221961.0,2362.58827248102,68.026
Sao Tome and Principe,STP,2022,226305.0,2389.73729784737,69.237
Sao Tome and Principe,STP,2023,230871.0,2990.6606143535,69.718
Saudi Arabia,SAU,1960,2435403.0,717.796628958557,45.31
Saudi Arabia,SAU,1961,2526347.0,760.311740320004,45.88
Saudi Arabia,SAU,1962,2620910.0,812.926247668855,46.469
Saudi Arabia,SAU,1963,2719341.0,811.738274661234,47.086
Saudi Arabia,SAU,1964,2821968.0,840.480371460232,47.732
Saudi Arabia,SAU,1965,2928771.0,904.118334125664,48.436
Saudi Arabia,SAU,1966,3039887.0,960.744776733843,49.187
Saudi Arabia,SAU,1967,3157242.0,1031.60360297585,49.994
Saudi Arabia,SAU,1968,3282711.0,1275.70709426176,50.857
Saudi Arabia,SAU,1969,3417114.0,1312.73865737123,51.773
Saudi Arabia,SAU,1970,3562470.0,1509.43961165521,52.729
Saudi Arabia,SAU,1971,3724031.0,1929.30910330483,53.727
Saudi Arabia,SAU,1972,3905722.0,2474.38683208975,54.742
Saudi Arabia,SAU,1973,4106344.0,3640.08361192413,55.765
Saudi Arabia,SAU,1974,4323632.0,10503.4280777085,56.785
Saudi Arabia,SAU,1975,4556287.0,10265.6414406471,57.78
Saudi Arabia,SAU,1976,4807933.0,13312.5119926546,58.782
Saudi Arabia,SAU,1977,5083048.0,14595.3739933329,59.749
Saudi Arabia,SAU,1978,5381902.0,14914.1542686138,60.685
Saudi Arabia,SAU,1979,5703698.0,19611.565126033,61.518
Saudi Arabia,SAU,1980,6047997.0,27205.6452285141,62.444
Saudi Arabia,SAU,1981,6420551.0,28703.35585508,63.252
Saudi Arabia,SAU,1982,6824486.0,22454.4843169614,64.008
Saudi Arabia,SAU,1983,7252941.0,17809.5527471054,64.719
Saudi Arabia,SAU,1984,7697307.0,15541.1312184609,65.391
Saudi Arabia,SAU,1985,8151779.0,12745.41992535,66.027
Saudi Arabia,SAU,1986,8628639.0,10078.2896080512,66.648
Saudi Arabia,SAU,1987,9130194.0,9385.98469519899,67.242
Saudi Arabia,SAU,1988,9629165.0,9165.49615323397,67.814
Saudi Arabia,SAU,1989,10128394.0,9413.58119352769,68.359
Saudi Arabia,SAU,1990,10640691.0,11054.7495049666,68.874
Saudi Arabia,SAU,1991,11160744.0,11847.1699534218,69.341
Saudi Arabia,SAU,1992,11686676.0,11730.2687665244,69.799
Saudi Arabia,SAU,1993,12215862.0,10884.8607880777,70.208
Saudi Arabia,SAU,1994,12750040.0,10601.9196697805,70.587
Saudi Arabia,SAU,1995,13289245.0,10786.4008952769,70.944
Saudi Arabia,SAU,1996,13831009.0,11471.5045960191,71.288
Saudi Arabia,SAU,1997,14374943.0,11545.3455998551,71.624
Saudi Arabia,SAU,1998,14922185.0,9836.05729768574,71.957
Saudi Arabia,SAU,1999,15472075.0,10452.1899400479,72.29
Saudi Arabia,SAU,2000,16177722.0,11714.5623675159,72.607
Saudi Arabia,SAU,2001,17041397.0,10805.311325122,72.951
Saudi Arabia,SAU,2002,17910910.0,10586.0543471363,73.296
Saudi Arabia,SAU,2003,18786767.0,11487.220410693,73.657
Saudi Arabia,SAU,2004,19669480.0,13154.4978989446,74.027
Saudi Arabia,SAU,2005,20559890.0,15975.7473782258,74.4
Saudi Arabia,SAU,2006,21459144.0,17563.6145370639,74.762
Saudi Arabia,SAU,2007,22368313.0,18596.1502627898,75.066
Saudi Arabia,SAU,2008,23287877.0,22320.4888964331,75.301
Saudi Arabia,SAU,2009,24217654.0,17718.3911648365,75.447
Saudi Arabia,SAU,2010,23978487.0,22028.3901426586,75.616
Saudi Arabia,SAU,2011,25091867.0,27126.7498747702,75.808
Saudi Arabia,SAU,2012,26168861.0,28733.4375513452,76.09
Saudi Arabia,SAU,2013,27624004.0,27865.465604962,76.517
Saudi Arabia,SAU,2014,28309273.0,27805.4850319422,77.116
Saudi Arabia,SAU,2015,29816382.0,23256.1549553531,77.776
Saudi Arabia,SAU,2016,30954198.0,22267.7217050387,78.354
Saudi Arabia,SAU,2017,30977355.0,23929.2907135982,78.721
Saudi Arabia,SAU,2018,30196281.0,29360.0658968566,78.75
Saudi Arabia,SAU,2019,30063799.0,29566.7933827436,78.313
Saudi Arabia,SAU,2020,31552510.0,24338.8307301067,77.596
Saudi Arabia,SAU,2021,30784383.0,31920.7653655643,77.089
Saudi Arabia,SAU,2022,32175224.0,38510.2276211037,77.31
Saudi Arabia,SAU,2023,33702731.0,36156.848337701,78.732
Senegal,SEN,1960,3340907.0,300.425115236279,39.668
Senegal,SEN,1961,3436375.0,308.166383753301,39.715
Senegal,SEN,1962,3534686.0,307.092565107939,39.738
Senegal,SEN,1963,3635876.0,308.629849224244,39.745
Senegal,SEN,1964,3740535.0,317.850426568454,39.755
Senegal,SEN,1965,3849788.0,314.318146394326,39.761
Senegal,SEN,1966,3964299.0,314.534344145945,39.848
Senegal,SEN,1967,4083870.0,305.22048105837,39.992
Senegal,SEN,1968,4207587.0,311.196146846683,40.15
Senegal,SEN,1969,4334974.0,287.253148792203,40.398
Senegal,SEN,1970,4466328.0,290.486425297989,40.789
Senegal,SEN,1971,4601864.0,291.08835742165,41.243
Senegal,SEN,1972,4741631.0,341.835352336553,41.77
Senegal,SEN,1973,4885181.0,381.439007163828,42.429
Senegal,SEN,1974,5029437.0,417.407600285381,43.104
Senegal,SEN,1975,5170810.0,547.378148664851,43.938
Senegal,SEN,1976,5308564.0,540.594007051938,44.809
Senegal,SEN,1977,5439549.0,540.126849249781,45.714
Senegal,SEN,1978,5568096.0,589.134045255614,46.596
Senegal,SEN,1979,5702895.0,716.281436518959,47.478
Senegal,SEN,1980,5845638.0,771.533969550579,48.294
Senegal,SEN,1981,5997160.0,682.972070210382,49.083
Senegal,SEN,1982,6156961.0,651.93712330983,49.863
Senegal,SEN,1983,6324504.0,564.369336303935,50.811
Senegal,SEN,1984,6499364.0,536.231765402514,51.694
Senegal,SEN,1985,6683287.0,571.417166069201,52.586
Senegal,SEN,1986,6878192.0,783.940524706279,53.718
Senegal,SEN,1987,7081530.0,916.09484148409,54.632
Senegal,SEN,1988,7289618.0,880.487755138196,55.546
Senegal,SEN,1989,7502207.0,848.555548058968,56.209
Senegal,SEN,1990,7720523.0,957.314337438177,56.674
Senegal,SEN,1991,7943085.0,913.399575796737,57.037
Senegal,SEN,1992,8168395.0,951.204960087807,57.287
Senegal,SEN,1993,8396288.0,877.52900343803,57.348
Senegal,SEN,1994,8624078.0,583.782776032181,57.479
Senegal,SEN,1995,8848101.0,714.994396357297,57.336
Senegal,SEN,1996,9067014.0,723.469950081149,57.129
Senegal,SEN,1997,9283495.0,650.776321407448,57.107
Senegal,SEN,1998,9502952.0,684.588105785786,57.076
Senegal,SEN,1999,9730887.0,677.516338727268,57.315
Senegal,SEN,2000,9968260.0,603.233162455158,57.615
Senegal,SEN,2001,10212942.0,637.213530563724,58.158
Senegal,SEN,2002,10466214.0,669.430447319209,58.912
Senegal,SEN,2003,10721176.0,817.888034221442,59.474
Senegal,SEN,2004,10975704.0,918.102079522155,60.308
Senegal,SEN,2005,11235472.0,979.846101520171,60.98
Senegal,SEN,2006,11500094.0,1017.20196747987,61.801
Senegal,SEN,2007,11770344.0,1188.93877808175,62.653
Senegal,SEN,2008,12048959.0,1398.79218010021,63.201
Senegal,SEN,2009,12337389.0,1308.69404336205,63.751
Senegal,SEN,2010,12635413.0,1275.88357492357,64.221
Senegal,SEN,2011,12958897.0,1374.67591873844,64.799
Senegal,SEN,2012,13310495.0,1326.83798848379,65.229
Senegal,SEN,2013,13710849.0,1379.83196553924,65.638
Senegal,SEN,2014,14152102.0,1398.89137601382,66.001
Senegal,SEN,2015,14593331.0,1218.00613555438,66.451
Senegal,SEN,2016,15034521.0,1266.43957151587,66.724
Senegal,SEN,2017,15475002.0,1356.80518449031,67.059
Senegal,SEN,2018,15914498.0,1452.55612562445,67.379
Senegal,SEN,2019,16352922.0,1431.18128932159,67.668
Senegal,SEN,2020,16789219.0,1461.08720350553,67.496
Senegal,SEN,2021,17220867.0,1598.10676952274,66.868
Senegal,SEN,2022,17651103.0,1574.0281059306,67.788
Senegal,SEN,2023,18077573.0,1698.03387300843,68.683
Serbia,SRB,1995,7628264.0,2349.40645150289,72.6157317073171
Serbia,SRB,1996,7622185.0,3053.90516860949,72.7948536585366
Serbia,SRB,1997,7598538.0,3573.50440240049,72.8280975609756
Serbia,SRB,1998,7567745.0,2775.47372982047,72.1948780487805
Serbia,SRB,1999,7540401.0,2768.91041346166,69.9271463414634
Serbia,SRB,2000,7516346.0,974.725469278615,71.5829268292683
Serbia,SRB,2001,7503433.0,1812.42088281393,72.2341463414634
Serbia,SRB,2002,7500031.0,2390.73459447107,72.2853658536585
Serbia,SRB,2003,7480591.0,3153.9011312754,72.4365853658537
Serbia,SRB,2004,7463157.0,3597.08798057009,72.6829268292683
Serbia,SRB,2005,7440769.0,3807.97417321786,72.8341463414634
Serbia,SRB,2006,7411569.0,4492.7136699046,73.3853658536585
Serbia,SRB,2007,7381579.0,6081.08765700202,73.6317073170732
Serbia,SRB,2008,7350222.0,7376.73517910716,73.8853658536585
Serbia,SRB,2009,7320807.0,6414.0448463847,73.9853658536585
Serbia,SRB,2010,7291436.0,5970.92660940072,74.3365853658537
Serbia,SRB,2011,7236519.0,7082.2861666075,74.5365853658537
Serbia,SRB,2012,7201497.0,6263.04086072815,74.8365853658537
Serbia,SRB,2013,7166553.0,7040.41812068781,75.1853658536585
Serbia,SRB,2014,7131787.0,6886.67809068704,75.3365853658537
Serbia,SRB,2015,7095383.0,5820.3215576888,75.2878048780488
Serbia,SRB,2016,7058322.0,5982.37030126471,75.6878048780488
Serbia,SRB,2017,7020858.0,6548.03653824187,75.5390243902439
Serbia,SRB,2018,6982604.0,7559.86165747394,75.890243902439
Serbia,SRB,2019,6945235.0,7755.632986437,75.9365853658537
Serbia,SRB,2020,6899126.0,8098.70955668849,74.4780487804878
Serbia,SRB,2021,6834326.0,9680.52798074468,72.780487804878
Serbia,SRB,2022,6664449.0,10024.8191112596,75.2365853658537
Serbia,SRB,2023,6623183.0,12281.707946167,76.2209756097561
Seychelles,SYC,1960,41700.0,288.058144476031,60.5314390243903
Seychelles,SYC,1961,42889.0,270.279646614487,60.6061219512195
Seychelles,SYC,1962,44042.0,287.04477353783,60.6882926829268
Seychelles,SYC,1963,45176.0,308.195248410849,60.936756097561
Seychelles,SYC,1964,46322.0,332.304985875279,61.1964146341464
Seychelles,SYC,1965,47500.0,328.484883920328,61.4950975609756
Seychelles,SYC,1966,48699.0,337.64622904411,61.727
Seychelles,SYC,1967,49911.0,333.233798841887,62.1034634146342
Seychelles,SYC,1968,51134.0,314.351070663894,62.6659512195122
Seychelles,SYC,1969,52365.0,314.179858636278,63.2811219512195
Seychelles,SYC,1970,53600.0,343.88118849057,63.992243902439
Seychelles,SYC,1971,54695.0,401.608022143052,64.6586097560976
Seychelles,SYC,1972,56029.0,546.951095334072,65.3703902439024
Seychelles,SYC,1973,56892.0,648.531963657638,65.9660487804878
Seychelles,SYC,1974,57937.0,744.506898260813,66.4828780487805
Seychelles,SYC,1975,59292.0,806.232644338165,66.9132195121951
Seychelles,SYC,1976,60504.0,814.47477447888,67.2967073170732
Seychelles,SYC,1977,61786.0,1044.35311338903,67.6752195121951
Seychelles,SYC,1978,62150.0,1376.5465132826,68.0320731707317
Seychelles,SYC,1979,62686.0,2030.13590313409,68.3445853658537
Seychelles,SYC,1980,63261.0,2478.36470343969,69.5975609756098
Seychelles,SYC,1981,64035.0,2557.20665504671,70.1878048780488
Seychelles,SYC,1982,64413.0,2440.6841742286,69.3243902439024
Seychelles,SYC,1983,64335.0,2426.33460826276,70.3829268292683
Seychelles,SYC,1984,64717.0,2487.64499220084,69.5536585365854
Seychelles,SYC,1985,65244.0,2754.14571028218,69.6975609756098
Seychelles,SYC,1986,65652.0,3368.4740950781,68.6560975609756
Seychelles,SYC,1987,68499.0,3871.77851995844,68.2365853658537
Seychelles,SYC,1988,68755.0,4392.19864861545,68.7024390243902
Seychelles,SYC,1989,69167.0,4689.1345079999,67.9707317073171
Seychelles,SYC,1990,69507.0,5642.072897243,68.1073170731707
Seychelles,SYC,1991,70439.0,5654.63975724251,70.7121951219512
Seychelles,SYC,1992,70763.0,6520.48950519188,71.2146341463415
Seychelles,SYC,1993,72253.0,6978.68075445824,69.4682926829268
Seychelles,SYC,1994,74205.0,6974.86770636796,70.7292682926829
Seychelles,SYC,1995,75304.0,7180.66832748656,72.4829268292683
Seychelles,SYC,1996,76417.0,7004.33603896356,71.5609756097561
Seychelles,SYC,1997,77319.0,7746.69851330444,71.2121951219512
Seychelles,SYC,1998,78846.0,8209.51444287,71.7463414634146
Seychelles,SYC,1999,80410.0,8243.23610099084,72.6682926829268
Seychelles,SYC,2000,81131.0,8063.65500575169,72.7780487804878
Seychelles,SYC,2001,81202.0,8153.2986369879,73.2536585365854
Seychelles,SYC,2002,83723.0,8864.16919495467,71.0878048780488
Seychelles,SYC,2003,82781.0,9070.28460757013,71.0292682926829
Seychelles,SYC,2004,82475.0,10827.671636033,72.6609756097561
Seychelles,SYC,2005,82858.0,11802.1118276833,72.1317073170732
Seychelles,SYC,2006,84600.0,12782.9938926475,72.2170731707317
Seychelles,SYC,2007,85033.0,12669.3026687222,73.1439024390244
Seychelles,SYC,2008,86956.0,11265.4376270005,73.1634146341463
Seychelles,SYC,2009,87298.0,9747.09180546291,73.0829268292683
Seychelles,SYC,2010,89770.0,10934.79494629,73.1975609756098
Seychelles,SYC,2011,87441.0,12110.0937461973,72.7243902439024
Seychelles,SYC,2012,88303.0,12337.1554669388,74.2756097560976
Seychelles,SYC,2013,89949.0,14821.2921476077,73.119512195122
Seychelles,SYC,2014,91359.0,15188.1902175113,73.2292682926829
Seychelles,SYC,2015,93419.0,15333.1051727105,74.2951219512195
Seychelles,SYC,2016,94677.0,16566.9946042294,74.309756097561
Seychelles,SYC,2017,95843.0,17480.3651911372,74.3
Seychelles,SYC,2018,96762.0,18440.2340460932,72.8414634146341
Seychelles,SYC,2019,97625.0,19141.5118743615,74.0463414634146
Seychelles,SYC,2020,98462.0,14041.4754074575,77.2365853658537
Seychelles,SYC,2021,99258.0,14982.9111487767,73.3975609756097
Seychelles,SYC,2022,119878.0,16836.6721895387,73.7024390243903
Seychelles,SYC,2023,119773.0,18262.7115849287,74.9585365853659
Sierra Leone,SLE,1960,2268356.0,141.957418300764,33.09
Sierra Leone,SLE,1961,2304227.0,142.275127657602,33.633
Sierra Leone,SLE,1962,2342242.0,146.32194986298,34.155
Sierra Leone,SLE,1963,2382258.0,146.309626743915,34.705
Sierra Leone,SLE,1964,2424390.0,153.377740974545,35.298
Sierra Leone,SLE,1965,2468666.0,145.576540628849,35.93
Sierra Leone,SLE,1966,2514638.0,149.317655188564,36.64
Sierra Leone,SLE,1967,2562384.0,136.121402178747,37.281
Sierra Leone,SLE,1968,2611532.0,126.308899122773,37.761
Sierra Leone,SLE,1969,2661365.0,153.564115961571,38.23
Sierra Leone,SLE,1970,2712286.0,160.164147056907,38.619
Sierra Leone,SLE,1971,2763222.0,151.83336869958,39.104
Sierra Leone,SLE,1972,2814388.0,165.357917863636,39.505
Sierra Leone,SLE,1973,2866955.0,200.641699774769,39.96
Sierra Leone,SLE,1974,2920459.0,222.085173234717,40.412
Sierra Leone,SLE,1975,2974657.0,228.374681042069,40.99
Sierra Leone,SLE,1976,3028820.0,196.411784759207,41.425
Sierra Leone,SLE,1977,3085354.0,224.21335896988,41.826
Sierra Leone,SLE,1978,3145517.0,305.427800560744,42.192
Sierra Leone,SLE,1979,3207499.0,345.86913707629,42.53
Sierra Leone,SLE,1980,3272089.0,336.386279506102,42.839
Sierra Leone,SLE,1981,3338940.0,333.887542728491,43.086
Sierra Leone,SLE,1982,3408183.0,380.074041189746,43.302
Sierra Leone,SLE,1983,3481646.0,285.814326139727,43.455
Sierra Leone,SLE,1984,3558758.0,305.576232491583,43.561
Sierra Leone,SLE,1985,3638438.0,235.510529343624,43.556
Sierra Leone,SLE,1986,3728380.0,131.473041005587,43.502
Sierra Leone,SLE,1987,3829718.0,172.364214833661,43.748
Sierra Leone,SLE,1988,3934517.0,268.160979625957,43.765
Sierra Leone,SLE,1989,4034037.0,231.275622974338,43.741
Sierra Leone,SLE,1990,4196828.0,154.794072467618,43.72
Sierra Leone,SLE,1991,4246267.0,183.686515027567,43.287
Sierra Leone,SLE,1992,4166366.0,163.197571684381,43.451
Sierra Leone,SLE,1993,4157130.0,184.951609154872,43.428
Sierra Leone,SLE,1994,4173105.0,218.507275126222,42.808
Sierra Leone,SLE,1995,4179179.0,208.351997250955,42.579
Sierra Leone,SLE,1996,4199210.0,224.258711163044,43.528
Sierra Leone,SLE,1997,4253716.0,199.880001395777,43.649
Sierra Leone,SLE,1998,4295785.0,156.51811883387,42.714
Sierra Leone,SLE,1999,4318043.0,155.020833269007,41.962
Sierra Leone,SLE,2000,4423611.0,143.743743239644,44.834
Sierra Leone,SLE,2001,4692716.0,358.315716051546,45.448
Sierra Leone,SLE,2002,4971435.0,388.995111216836,46.174
Sierra Leone,SLE,2003,5177687.0,413.817607346927,46.784
Sierra Leone,SLE,2004,5355717.0,417.749983329227,47.485
Sierra Leone,SLE,2005,5501712.0,462.633324427945,48.306
Sierra Leone,SLE,2006,5624466.0,580.26796974773,49.547
Sierra Leone,SLE,2007,5749352.0,631.889926264998,50.024
Sierra Leone,SLE,2008,5894722.0,705.359014080005,50.693
Sierra Leone,SLE,2009,6055646.0,652.845806767943,51.312
Sierra Leone,SLE,2010,6222714.0,685.039673490948,51.927
Sierra Leone,SLE,2011,6387251.0,761.146365577281,52.594
Sierra Leone,SLE,2012,6551080.0,937.504428180231,53.159
Sierra Leone,SLE,2013,6714051.0,1117.47183075115,54.051
Sierra Leone,SLE,2014,6876385.0,1117.7586465721,54.281
Sierra Leone,SLE,2015,7037655.0,964.575980888989,55.454
Sierra Leone,SLE,2016,7205328.0,844.416411175476,56.937
Sierra Leone,SLE,2017,7379299.0,779.186007841728,57.761
Sierra Leone,SLE,2018,7554563.0,845.914540460932,59.059
Sierra Leone,SLE,2019,7731991.0,843.712517809977,59.593
Sierra Leone,SLE,2020,7912558.0,845.277557920549,59.694
Sierra Leone,SLE,2021,8094602.0,885.396401885395,60.26
Sierra Leone,SLE,2022,8276807.0,860.371067916096,61.275
Sierra Leone,SLE,2023,8460512.0,758.329137378248,61.786
Singapore,SGP,1960,1646400.0,428.056183371291,65.5621951219512
Singapore,SGP,1961,1702400.0,449.148136820776,65.9597073170732
Singapore,SGP,1962,1750200.0,472.082740153988,66.3726341463415
Singapore,SGP,1963,1795000.0,511.202235371449,66.7795365853659
Singapore,SGP,1964,1841600.0,485.530686047381,67.0024146341463
Singapore,SGP,1965,1886900.0,516.531928636745,67.2328536585366
Singapore,SGP,1966,1934400.0,566.803974405961,67.5478292682927
Singapore,SGP,1967,1977600.0,626.029437593984,67.6523902439025
Singapore,SGP,1968,2012000.0,708.601436896422,67.9807804878049
Singapore,SGP,1969,2042500.0,812.677487316618,68.3339756097561
Singapore,SGP,1970,2074507.0,925.797864348214,68.724756097561
Singapore,SGP,1971,2112900.0,1071.41154035538,69.0002195121951
Singapore,SGP,1972,2152400.0,1264.37510720987,69.1635609756098
Singapore,SGP,1973,2193000.0,1685.45979632163,69.5304634146342
Singapore,SGP,1974,2229800.0,2341.70551423633,69.894512195122
Singapore,SGP,1975,2262600.0,2489.91157517591,70.405512195122
Singapore,SGP,1976,2293300.0,2758.94038028476,70.7470487804878
Singapore,SGP,1977,2325300.0,2846.33598832854,71.0261219512195
Singapore,SGP,1978,2353600.0,3193.90565722355,71.2835609756098
Singapore,SGP,1979,2383500.0,3900.53355310873,71.461756097561
Singapore,SGP,1980,2413945.0,4928.13911785754,72.190243902439
Singapore,SGP,1981,2532835.0,5596.58597723068,72.5878048780488
Singapore,SGP,1982,2646466.0,6077.63424070932,72.6878048780488
Singapore,SGP,1983,2681061.0,6633.23667366491,73.0365853658537
Singapore,SGP,1984,2732221.0,7228.31758410647,73.290243902439
Singapore,SGP,1985,2735957.0,7001.7667477117,73.890243902439
Singapore,SGP,1986,2733373.0,6799.93036332671,74.2463414634146
Singapore,SGP,1987,2774789.0,7539.02930212443,74.5487804878049
Singapore,SGP,1988,2846108.0,8914.44122574729,74.6975609756098
Singapore,SGP,1989,2930901.0,10394.5389962406,74.9463414634146
Singapore,SGP,1990,3047132.0,11861.7561591366,75.2951219512195
Singapore,SGP,1991,3135083.0,14502.3799938606,75.6463414634146
Singapore,SGP,1992,3230698.0,16136.2405377661,75.9463414634146
Singapore,SGP,1993,3313471.0,18290.130113185,76.0463414634146
Singapore,SGP,1994,3419048.0,21552.4100366948,76.1975609756098
Singapore,SGP,1995,3524506.0,24914.8507020358,76.2951219512195
Singapore,SGP,1996,3670704.0,26232.866096827,76.5951219512195
Singapore,SGP,1997,3796038.0,26375.8653668113,76.8975609756097
Singapore,SGP,1998,3927213.0,21829.2737831583,77.3
Singapore,SGP,1999,3958723.0,21796.6373891001,77.5512195121951
Singapore,SGP,2000,4027887.0,23852.8389514753,77.9512195121951
Singapore,SGP,2001,4138012.0,21699.7414868907,78.2512195121951
Singapore,SGP,2002,4175950.0,22159.8373710639,78.5512195121951
Singapore,SGP,2003,4114826.0,23730.3840054566,79.0390243902439
Singapore,SGP,2004,4166664.0,27608.080013423,79.490243902439
Singapore,SGP,2005,4265762.0,29961.3172812732,79.990243902439
Singapore,SGP,2006,4401365.0,33768.4528234651,80.1414634146341
Singapore,SGP,2007,4588599.0,39432.8860198877,80.4414634146342
Singapore,SGP,2008,4839396.0,40008.5720489092,80.790243902439
Singapore,SGP,2009,4987573.0,38926.8054365453,81.2414634146342
Singapore,SGP,2010,5076732.0,47236.683084953,81.5414634146342
Singapore,SGP,2011,5183688.0,53891.4570264372,81.7439024390244
Singapore,SGP,2012,5312437.0,55547.5553077786,81.9951219512195
Singapore,SGP,2013,5399162.0,56967.4257940383,82.2463414634147
Singapore,SGP,2014,5469724.0,57564.8023114977,82.4951219512195
Singapore,SGP,2015,5535002.0,55645.6068614606,82.7439024390244
Singapore,SGP,2016,5607283.0,57005.5887176547,82.8463414634146
Singapore,SGP,2017,5612253.0,61236.251270627,83.0951219512195
Singapore,SGP,2018,5638676.0,66881.6067035265,83.2975609756098
Singapore,SGP,2019,5703569.0,65952.0378959293,83.5951219512195
Singapore,SGP,2020,5685807.0,61410.0792630788,83.5439024390244
Singapore,SGP,2021,5453566.0,80056.1288247844,83.0926829268293
Singapore,SGP,2022,5637022.0,90299.0694637269,82.8951219512195
Singapore,SGP,2023,5917648.0,85412.230345235,82.8951219512195
Sint Maarten (Dutch part),SXM,2009,33491.0,25528.412619483,74.796
Sint Maarten (Dutch part),SXM,2010,33794.0,26403.8143692163,74.821
Sint Maarten (Dutch part),SXM,2011,34267.0,27317.5178881974,74.868
Sint Maarten (Dutch part),SXM,2012,35023.0,28149.0997855041,75.125
Sint Maarten (Dutch part),SXM,2013,35854.0,28529.7324687053,75.391
Sint Maarten (Dutch part),SXM,2014,36672.0,37134.912423099,75.735
Sint Maarten (Dutch part),SXM,2015,37471.0,37839.6283815163,75.899
Sint Maarten (Dutch part),SXM,2016,38249.0,37308.6147795736,75.952
Sint Maarten (Dutch part),SXM,2017,38996.0,34701.3058494468,75.455
Sint Maarten (Dutch part),SXM,2018,39712.0,31708.3110124742,75.693
Sint Maarten (Dutch part),SXM,2019,40385.0,34861.469528968,75.68
Sint Maarten (Dutch part),SXM,2020,41008.0,30150.8998380477,75.002
Sint Maarten (Dutch part),SXM,2021,41571.0,32548.4366854902,74.505
Sint Maarten (Dutch part),SXM,2022,42139.0,37793.1284399157,76.18
Sint Maarten (Dutch part),SXM,2023,42749.0,39451.8223361963,76.371
Slovak Republic,SVK,1990,5299187.0,2437.17517010845,70.9326829268293
Slovak Republic,SVK,1991,5303294.0,2726.59305498582,70.8829268292683
Slovak Republic,SVK,1992,5305016.0,2959.33644860111,71.7951219512195
Slovak Republic,SVK,1993,5325305.0,3143.10143068756,72.4487804878049
Slovak Republic,SVK,1994,5346331.0,3820.96427542658,72.3
Slovak Republic,SVK,1995,5361999.0,4882.51158238228,72.2536585365854
Slovak Republic,SVK,1996,5373361.0,5247.70081044708,72.6536585365854
Slovak Republic,SVK,1997,5383291.0,5172.41757491248,72.7048780487805
Slovak Republic,SVK,1998,5390516.0,5560.916177503,72.5512195121951
Slovak Republic,SVK,1999,5396020.0,5651.62327514236,72.9024390243902
Slovak Republic,SVK,2000,5388720.0,5421.6448441887,73.0512195121951
Slovak Republic,SVK,2001,5378867.0,5712.47802761654,73.4024390243903
Slovak Republic,SVK,2002,5376912.0,6554.62808369461,73.6048780487805
Slovak Republic,SVK,2003,5373374.0,8675.39633696465,73.6048780487805
Slovak Republic,SVK,2004,5372280.0,10650.1290097126,73.9585365853659
Slovak Republic,SVK,2005,5372807.0,11641.5410321763,73.9048780487805
Slovak Republic,SVK,2006,5373054.0,13167.8954730379,74.2048780487805
Slovak Republic,SVK,2007,5374622.0,16110.4817265237,74.2073170731707
Slovak Republic,SVK,2008,5379233.0,18744.3192278346,74.7048780487805
Slovak Republic,SVK,2009,5386406.0,16586.7527805228,74.909756097561
Slovak Republic,SVK,2010,5391428.0,16899.448680529,75.1121951219512
Slovak Republic,SVK,2011,5398384.0,18469.4354316836,75.9585365853659
Slovak Republic,SVK,2012,5407579.0,17516.9691054078,76.109756097561
Slovak Republic,SVK,2013,5413393.0,18312.7805149823,76.4121951219512
Slovak Republic,SVK,2014,5418649.0,18770.9289896545,76.8121951219512
Slovak Republic,SVK,2015,5423801.0,16442.0760860018,76.5634146341463
Slovak Republic,SVK,2016,5430798.0,16636.0769133073,77.1658536585366
Slovak Republic,SVK,2017,5439232.0,17645.5298716761,77.1658536585366
Slovak Republic,SVK,2018,5446771.0,19573.3717031314,77.2658536585366
Slovak Republic,SVK,2019,5454147.0,19406.0589683582,77.6658536585366
Slovak Republic,SVK,2020,5458827.0,19735.4858280801,76.8658536585366
Slovak Republic,SVK,2021,5447247.0,22123.3342114545,74.6146341463415
Slovak Republic,SVK,2022,5431752.0,21317.7943982363,76.9658536585366
Slovak Republic,SVK,2023,5426740.0,24614.8734642794,78.0170731707317
Slovenia,SVN,1990,1998161.0,9925.14071044684,73.2048780487805
Slovenia,SVN,1991,1999429.0,7229.31149788617,73.3536585365854
Slovenia,SVN,1992,1996498.0,7151.15243829224,73.3048780487805
Slovenia,SVN,1993,1991746.0,7254.58887417768,73.2536585365854
Slovenia,SVN,1994,1989443.0,8243.89895545106,73.4048780487805
Slovenia,SVN,1995,1989872.0,10738.0887611468,73.9585365853659
Slovenia,SVN,1996,1988628.0,10796.7399446283,74.4585365853658
Slovenia,SVN,1997,1985956.0,10436.7260661871,74.7073170731707
Slovenia,SVN,1998,1981629.0,11131.5666628231,74.8073170731708
Slovenia,SVN,1999,1983045.0,11401.4906790909,75.009756097561
Slovenia,SVN,2000,1988925.0,10135.7219109212,75.4121951219512
Slovenia,SVN,2001,1992060.0,10375.6255869861,75.7585365853659
Slovenia,SVN,2002,1994530.0,11639.1297780477,76.0073170731707
Slovenia,SVN,2003,1995733.0,14711.674874253,76.8585365853659
Slovenia,SVN,2004,1997012.0,17103.8297783905,77.2073170731707
Slovenia,SVN,2005,2000474.0,17969.7095907161,77.6121951219512
Slovenia,SVN,2006,2006868.0,19563.005059144,78.0865853658537
Slovenia,SVN,2007,2018122.0,23725.1596001515,78.5609756097561
Slovenia,SVN,2008,2021316.0,27461.9764165315,78.7658536585366
Slovenia,SVN,2009,2039669.0,24501.7897290425,78.9707317073171
Slovenia,SVN,2010,2048583.0,23329.8417691156,79.4219512195122
Slovenia,SVN,2011,2052843.0,24940.6284841605,79.9707317073171
Slovenia,SVN,2012,2057159.0,22442.1417859955,80.1243902439024
Slovenia,SVN,2013,2059953.0,23236.9655321695,80.3219512195122
Slovenia,SVN,2014,2061980.0,24013.0682060959,81.0780487804878
Slovenia,SVN,2015,2063531.0,20697.2748530619,80.7756097560976
Slovenia,SVN,2016,2065042.0,21447.8377796036,81.1756097560976
Slovenia,SVN,2017,2066388.0,23303.077705959,81.0292682926829
Slovenia,SVN,2018,2073894.0,25888.0481065655,81.3780487804878
Slovenia,SVN,2019,2088385.0,25814.1687167572,81.5292682926829
Slovenia,SVN,2020,2102419.0,25392.0651093612,80.5317073170732
Slovenia,SVN,2021,2108079.0,29192.8401933019,80.6756097560976
Slovenia,SVN,2022,2112076.0,28360.3041467268,81.2829268292683
Slovenia,SVN,2023,2120461.0,32660.4753581346,81.9780487804878
Small states,SST,1970,10526671.0,464.618823649029,61.3076956756887
Small states,SST,1971,10702728.0,510.955694695086,61.5237472166203
Small states,SST,1972,10876065.0,583.969376858542,61.7485263354406
Small states,SST,1973,11041388.0,722.345048935436,62.0012122479617
Small states,SST,1974,11199859.0,1133.71962149617,61.2298049170236
Small states,SST,1975,11364129.0,1210.54410634502,61.6081624215837
Small states,SST,1976,11541204.0,1303.64327803315,61.9357697665411
Small states,SST,1977,11728016.0,1544.66966710141,62.1259964339902
Small states,SST,1978,11915233.0,1751.15849591736,62.1986460787079
Small states,SST,1979,12105153.0,2205.76399030155,62.4396806469697
Small states,SST,1980,12298380.0,3032.74092442574,63.0023015664447
Small states,SST,1981,12490529.0,2968.66696580703,63.208566296824
Small states,SST,1982,12683850.0,2968.4407341809,63.5128513789948
Small states,SST,1983,12874950.0,2777.2630814362,63.6894763823
Small states,SST,1984,13067491.0,2770.5186777053,64.0785702762979
Small states,SST,1985,13275197.0,2693.95828565609,64.3273770015488
Small states,SST,1986,13492150.0,2491.67827849373,64.5590631654757
Small states,SST,1987,13707720.0,2825.11103257746,64.903647442077
Small states,SST,1988,13924070.0,2946.35966263778,65.0979559983539
Small states,SST,1989,14148870.0,2933.31818737147,65.6276190934717
Small states,SST,1990,14379862.0,3333.50757381486,65.585573984719
Small states,SST,1991,14610383.0,3423.52643740564,65.6629094328245
Small states,SST,1992,14735408.0,3614.08631163198,65.6862994591054
Small states,SST,1993,14837410.0,3469.66607817133,65.7266880347173
Small states,SST,1994,14970002.0,3675.23861681821,65.6344676001217
Small states,SST,1995,15087617.0,4180.97411712487,65.7224503098331
Small states,SST,1996,15248657.0,4316.17395236976,65.9790280185203
Small states,SST,1997,15435138.0,4473.96160624632,66.018781748514
Small states,SST,1998,15624755.0,4496.03901702663,65.9979318054306
Small states,SST,1999,15698038.0,4730.62919742795,66.1245021369021
Small states,SST,2000,15786741.0,4846.98212617811,66.9881018420458
Small states,SST,2001,16017863.0,4839.48717828642,67.1751397089871
Small states,SST,2002,16250203.0,5133.13224592248,67.320533039585
Small states,SST,2003,16441139.0,6060.64034085427,67.5137796957376
Small states,SST,2004,16597133.0,6954.01090826418,67.7344645790668
Small states,SST,2005,16699341.0,7779.765881341,68.0184220231352
Small states,SST,2006,16868546.0,8649.72106282857,68.2773677005452
Small states,SST,2007,17047450.0,10056.3574835992,68.5761118394504
Small states,SST,2008,17228345.0,10974.8922038731,68.9208192339965
Small states,SST,2009,17398922.0,9296.64440865481,69.2706797451225
Small states,SST,2010,17575200.0,9813.58319583758,69.6933118913694
Small states,SST,2011,17748220.0,10893.6298369854,70.0014375655617
Small states,SST,2012,17926451.0,10844.5207585756,70.2725959153837
Small states,SST,2013,18107202.0,11132.3602165915,70.6156980246326
Small states,SST,2014,18292084.0,11413.5892863022,70.8536154373809
Small states,SST,2015,18482578.0,10446.850341907,71.1242805019157
Small states,SST,2016,18671045.0,10486.2161094903,71.3759850327933
Small states,SST,2017,18865506.0,11304.5050810878,71.6556194082547
Small states,SST,2018,19084934.0,12057.788581183,71.8640735615265
Small states,SST,2019,19293697.0,11990.4670996465,72.0009607335469
Small states,SST,2020,19472157.0,10723.093901861,71.8255552822673
Small states,SST,2021,19646549.0,12428.6087674544,70.7756825891382
Small states,SST,2022,19852364.0,13636.4661190787,72.3794678577605
Small states,SST,2023,20031262.0,14346.3202783396,72.8966788653862
Solomon Islands,SLB,1967,164245.0,153.450784088184,53.059
Solomon Islands,SLB,1968,168282.0,166.888037688373,54.142
Solomon Islands,SLB,1969,172476.0,165.857344778641,55.099
Solomon Islands,SLB,1971,180637.0,277.11312090761,57.015
Solomon Islands,SLB,1972,184994.0,219.502859825935,57.913
Solomon Islands,SLB,1973,189774.0,291.252272932738,58.777
Solomon Islands,SLB,1974,195041.0,433.443902987382,59.611
Solomon Islands,SLB,1975,200744.0,371.718806188648,58.404
Solomon Islands,SLB,1976,207194.0,401.077416855387,61.153
Solomon Islands,SLB,1977,214418.0,434.409813335233,61.528
Solomon Islands,SLB,1978,222029.0,500.058223062566,62.536
Solomon Islands,SLB,1979,229953.0,657.858329669684,63.134
Solomon Islands,SLB,1980,238135.0,767.850616345384,63.669
Solomon Islands,SLB,1981,246555.0,785.830912783879,64.077
Solomon Islands,SLB,1982,255200.0,755.885653343722,64.456
Solomon Islands,SLB,1983,264068.0,686.264140182978,64.771
Solomon Islands,SLB,1984,273163.0,664.696440482807,65.049
Solomon Islands,SLB,1985,282455.0,586.02235220521,65.288
Solomon Islands,SLB,1986,291842.0,505.821806525665,64.718
Solomon Islands,SLB,1987,301414.0,514.6693332731,65.683
Solomon Islands,SLB,1988,311265.0,567.022935580171,65.866
Solomon Islands,SLB,1989,321282.0,538.101762870503,66.051
Solomon Islands,SLB,1990,331435.0,648.325212624098,66.194
Solomon Islands,SLB,1991,341738.0,665.833104132659,66.357
Solomon Islands,SLB,1992,352205.0,763.857968549522,66.471
Solomon Islands,SLB,1993,362839.0,828.869997791691,66.558
Solomon Islands,SLB,1994,373675.0,1078.0410925874,66.661
Solomon Islands,SLB,1995,384733.0,1220.17919311126,66.717
Solomon Islands,SLB,1996,396009.0,1289.33036923435,66.739
Solomon Islands,SLB,1997,407474.0,1292.23951946469,66.768
Solomon Islands,SLB,1998,419071.0,1091.89096889326,66.89
Solomon Islands,SLB,1999,430500.0,1133.62256531791,67.001
Solomon Islands,SLB,2000,440469.0,953.17190137706,67.116
Solomon Islands,SLB,2001,449125.0,911.791935385411,67.237
Solomon Islands,SLB,2002,457671.0,756.890296490792,67.35
Solomon Islands,SLB,2003,466154.0,895.984242546501,67.479
Solomon Islands,SLB,2004,474611.0,986.070953503889,67.628
Solomon Islands,SLB,2005,483080.0,1144.49233397681,67.79
Solomon Islands,SLB,2006,491594.0,1255.62447417684,67.968
Solomon Islands,SLB,2007,500156.0,1390.14870956707,67.845
Solomon Islands,SLB,2008,508790.0,1525.84666261203,68.336
Solomon Islands,SLB,2009,518141.0,1554.70671006386,68.397
Solomon Islands,SLB,2010,532968.0,1685.14535823757,68.669
Solomon Islands,SLB,2011,552945.0,1924.05795643133,68.824
Solomon Islands,SLB,2012,573606.0,2066.25738638356,68.961
Solomon Islands,SLB,2013,594945.0,2161.38627543917,69.007
Solomon Islands,SLB,2014,616908.0,2164.95289873002,68.984
Solomon Islands,SLB,2015,639415.0,2045.47721526649,69.323
Solomon Islands,SLB,2016,662379.0,2082.62383124213,69.501
Solomon Islands,SLB,2017,685672.0,2143.57670489272,69.652
Solomon Islands,SLB,2018,709101.0,2278.19908624102,69.806
Solomon Islands,SLB,2019,728147.0,2223.65890942466,69.981
Solomon Islands,SLB,2020,744498.0,2063.32780991967,69.258
Solomon Islands,SLB,2021,762591.0,2043.44413170658,68.89
Solomon Islands,SLB,2022,781066.0,1877.78104490956,70.409
Solomon Islands,SLB,2023,800005.0,1882.64394148042,70.528
"Somalia, Fed. Rep.",SOM,1960,2876331.0,62.7396279412993,43.543
"Somalia, Fed. Rep.",SOM,1961,2952054.0,64.9242576104754,43.667
"Somalia, Fed. Rep.",SOM,1962,3030091.0,67.1702359919979,43.972
"Somalia, Fed. Rep.",SOM,1963,3110361.0,69.4922344839154,44.194
"Somalia, Fed. Rep.",SOM,1964,3192796.0,71.8899399360419,44.393
"Somalia, Fed. Rep.",SOM,1965,3277874.0,74.3548708796131,44.631
"Somalia, Fed. Rep.",SOM,1966,3365106.0,76.4837413887233,44.843
"Somalia, Fed. Rep.",SOM,1967,3454537.0,78.6738966197917,45.051
"Somalia, Fed. Rep.",SOM,1968,3546590.0,80.8438204901175,45.254
"Somalia, Fed. Rep.",SOM,1969,3641015.0,84.1406268777878,45.453
"Somalia, Fed. Rep.",SOM,1970,3738448.0,93.0828499649358,45.644
"Somalia, Fed. Rep.",SOM,1971,3837691.0,90.4292309374489,45.837
"Somalia, Fed. Rep.",SOM,1972,3939436.0,113.69240195555,46.032
"Somalia, Fed. Rep.",SOM,1973,4045592.0,119.562133453537,46.224
"Somalia, Fed. Rep.",SOM,1974,4151842.0,137.891575811774,44.259
"Somalia, Fed. Rep.",SOM,1975,4257535.0,177.806143412254,44.49
"Somalia, Fed. Rep.",SOM,1976,4365812.0,199.583547142014,44.727
"Somalia, Fed. Rep.",SOM,1977,4484050.0,111.183132355277,47.004
"Somalia, Fed. Rep.",SOM,1978,4814892.0,117.255345126001,47.013
"Somalia, Fed. Rep.",SOM,1979,5449117.0,108.194947756464,47.405
"Somalia, Fed. Rep.",SOM,1980,5936154.0,101.499312257078,47.611
"Somalia, Fed. Rep.",SOM,1981,5982849.0,116.884526594286,47.817
"Somalia, Fed. Rep.",SOM,1982,6003840.0,129.013919752012,48.02
"Somalia, Fed. Rep.",SOM,1983,6198430.0,118.644340868341,48.23
"Somalia, Fed. Rep.",SOM,1984,6428389.0,122.493293689734,48.438
"Somalia, Fed. Rep.",SOM,1985,6693289.0,130.832875614815,48.279
"Somalia, Fed. Rep.",SOM,1986,6974788.0,131.414859681198,48.431
"Somalia, Fed. Rep.",SOM,1987,7228302.0,140.969852181578,49.002
"Somalia, Fed. Rep.",SOM,1988,7235360.0,145.341346820158,43.933
"Somalia, Fed. Rep.",SOM,1989,7114817.0,166.042337271006,46.648
"Somalia, Fed. Rep.",SOM,1990,7082811.0,145.603501373513,46.896
"Somalia, Fed. Rep.",SOM,1991,6813760.0,105.37132651622,25.418
"Somalia, Fed. Rep.",SOM,1992,6495107.0,109.204910481074,25.034
"Somalia, Fed. Rep.",SOM,1993,6681399.0,188.603158677914,50.551
"Somalia, Fed. Rep.",SOM,1994,7026797.0,210.793779581384,50.303
"Somalia, Fed. Rep.",SOM,1995,7285007.0,210.673254610492,50.65
"Somalia, Fed. Rep.",SOM,1996,7554474.0,237.241440951671,50.524
"Somalia, Fed. Rep.",SOM,1997,7824525.0,280.112724233259,50.278
"Somalia, Fed. Rep.",SOM,1998,8155417.0,363.200013489992,50.755
"Somalia, Fed. Rep.",SOM,1999,8492059.0,358.658780828071,50.611
"Somalia, Fed. Rep.",SOM,2000,8838713.0,386.119274401275,50.747
"Somalia, Fed. Rep.",SOM,2001,9198493.0,244.914842538455,50.829
"Somalia, Fed. Rep.",SOM,2002,9550063.0,229.598918310039,50.82
"Somalia, Fed. Rep.",SOM,2003,9909157.0,286.273025198975,50.721
"Somalia, Fed. Rep.",SOM,2004,10280998.0,375.410326225387,50.685
"Somalia, Fed. Rep.",SOM,2005,10644228.0,439.979907805478,50.894
"Somalia, Fed. Rep.",SOM,2006,10975502.0,457.996662206659,50.915
"Somalia, Fed. Rep.",SOM,2007,11322582.0,479.635628065289,50.885
"Somalia, Fed. Rep.",SOM,2008,11663084.0,507.03744334738,51.456
"Somalia, Fed. Rep.",SOM,2009,11961201.0,246.513251675105,52.101
"Somalia, Fed. Rep.",SOM,2010,12261756.0,219.202453852397,48.9
"Somalia, Fed. Rep.",SOM,2011,12348830.0,235.325945610434,32.453
"Somalia, Fed. Rep.",SOM,2012,12461160.0,350.261946720512,49.138
"Somalia, Fed. Rep.",SOM,2013,12869594.0,393.398703952979,54.016
"Somalia, Fed. Rep.",SOM,2014,13339491.0,429.431656725102,54.442
"Somalia, Fed. Rep.",SOM,2015,13806963.0,445.583080073396,55.056
"Somalia, Fed. Rep.",SOM,2016,14348740.0,460.928490585175,55.283
"Somalia, Fed. Rep.",SOM,2017,14916629.0,510.939952317726,52.19
"Somalia, Fed. Rep.",SOM,2018,15452487.0,509.497273804534,54.767
"Somalia, Fed. Rep.",SOM,2019,16030971.0,539.954816211694,57.249
"Somalia, Fed. Rep.",SOM,2020,16651191.0,518.16113333875,57.095
"Somalia, Fed. Rep.",SOM,2021,17271431.0,549.056994756254,55.703
"Somalia, Fed. Rep.",SOM,2022,17801897.0,573.141165798229,53.931
"Somalia, Fed. Rep.",SOM,2023,18358615.0,596.885985135589,58.816
South Africa,ZAF,1960,16440172.0,532.147504330332,52.575
South Africa,ZAF,1961,16908035.0,545.657511922673,53.067
South Africa,ZAF,1962,17418522.0,563.423008817945,53.566
South Africa,ZAF,1963,17954564.0,604.536855270991,53.895
South Africa,ZAF,1964,18511361.0,645.873375685446,54.215
South Africa,ZAF,1965,19089380.0,684.62122774035,54.427
South Africa,ZAF,1966,19690087.0,721.75375941418,54.731
South Africa,ZAF,1967,20314066.0,778.839335829791,54.955
South Africa,ZAF,1968,20957287.0,817.128340614066,55.191
South Africa,ZAF,1969,21614676.0,890.922089102936,55.44
South Africa,ZAF,1970,22279984.0,952.352188073537,55.681
South Africa,ZAF,1971,22942143.0,1020.43983590718,56.02
South Africa,ZAF,1972,23609456.0,1038.39407468283,56.377
South Africa,ZAF,1973,24294263.0,1369.16160033933,56.72
South Africa,ZAF,1974,24989108.0,1656.2890557998,57.11
South Africa,ZAF,1975,25690940.0,1670.11816898954,57.591
South Africa,ZAF,1976,26395450.0,1558.99824733487,58.0
South Africa,ZAF,1977,27118952.0,1671.46618837272,58.48
South Africa,ZAF,1978,27869507.0,1851.75191300848,58.991
South Africa,ZAF,1979,28634162.0,2201.51922339868,59.472
South Africa,ZAF,1980,29518857.0,3028.97447561832,59.961
South Africa,ZAF,1981,30541044.0,3049.71474333882,60.445
South Africa,ZAF,1982,31615339.0,2717.16388710425,60.936
South Africa,ZAF,1983,32739304.0,2938.48980239675,61.393
South Africa,ZAF,1984,33892788.0,2504.07736790289,61.837
South Africa,ZAF,1985,35042093.0,1839.4841908184,62.195
South Africa,ZAF,1986,36180515.0,2027.4662038189,62.421
South Africa,ZAF,1987,37326190.0,2586.27423314228,62.694
South Africa,ZAF,1988,38480649.0,2702.05504774508,62.902
South Africa,ZAF,1989,39628575.0,2726.70980679488,63.017
South Africa,ZAF,1990,40746268.0,3093.48920352334,62.942
South Africa,ZAF,1991,41687898.0,3243.23616023953,62.983
South Africa,ZAF,1992,42443509.0,3462.39400202835,62.839
South Africa,ZAF,1993,43297156.0,3399.64009566241,62.618
South Africa,ZAF,1994,44004139.0,3488.59711541763,62.069
South Africa,ZAF,1995,44541554.0,3855.6340871567,61.603
South Africa,ZAF,1996,45123018.0,3617.55336002932,61.079
South Africa,ZAF,1997,45666838.0,3700.23554789867,60.538
South Africa,ZAF,1998,46223880.0,3309.60933087472,59.912
South Africa,ZAF,1999,46730335.0,3242.36830483958,59.19
South Africa,ZAF,2000,47159719.0,3217.84693448467,58.368
South Africa,ZAF,2001,47566800.0,2847.15191945908,57.161
South Africa,ZAF,2002,48019415.0,2688.23676032806,55.58
South Africa,ZAF,2003,48500348.0,4062.21755993786,54.245
South Africa,ZAF,2004,48991421.0,5221.46333731721,53.963
South Africa,ZAF,2005,49490033.0,5836.87663325127,53.914
South Africa,ZAF,2006,49998277.0,6077.38293388876,54.22
South Africa,ZAF,2007,50528584.0,6591.85535960564,54.948
South Africa,ZAF,2008,51114599.0,6184.75474328399,55.982
South Africa,ZAF,2009,51728516.0,6374.70560042992,57.413
South Africa,ZAF,2010,52344051.0,7973.47195771517,58.886
South Africa,ZAF,2011,52995205.0,8646.05571071635,60.602
South Africa,ZAF,2012,53782567.0,8076.97678479741,61.737
South Africa,ZAF,2013,54678791.0,7331.65467384919,62.388
South Africa,ZAF,2014,55594838.0,6856.73137092522,63.184
South Africa,ZAF,2015,56723537.0,6112.27382485974,64.053
South Africa,ZAF,2016,57259551.0,5651.20585165749,64.749
South Africa,ZAF,2017,57635162.0,6618.33508255701,65.422
South Africa,ZAF,2018,58613001.0,6914.1780318076,65.726
South Africa,ZAF,2019,59587885.0,6533.71121032856,66.071
South Africa,ZAF,2020,60562381.0,5580.60383075189,65.15
South Africa,ZAF,2021,61502603.0,6828.75624590017,62.01
South Africa,ZAF,2022,62378410.0,6534.24867783397,65.454
South Africa,ZAF,2023,63212384.0,6034.27208964673,66.139
South Asia,SAS,1960,507919318.0,85.1907206631683,45.5847588043855
South Asia,SAS,1961,520416897.0,88.537440136904,45.8783720172752
South Asia,SAS,1962,533162544.0,92.475978400802,46.2503760431791
South Asia,SAS,1963,546111213.0,101.699730347077,46.5383740922089
South Asia,SAS,1964,559361410.0,113.953993552671,46.9081118471866
South Asia,SAS,1965,572498343.0,118.725582639515,45.8384667855239
South Asia,SAS,1966,585381018.0,93.5095090778818,46.3047754098716
South Asia,SAS,1967,598618725.0,100.49023197921,46.625128808535
South Asia,SAS,1968,612171905.0,103.257624279526,48.1648330098961
South Asia,SAS,1969,625773349.0,111.460473459612,48.4984203842372
South Asia,SAS,1970,640078209.0,116.640107755321,48.1392393573673
South Asia,SAS,1971,654081362.0,121.457638271028,46.6849157165649
South Asia,SAS,1972,668383197.0,121.825770983221,49.4510270246545
South Asia,SAS,1973,684000704.0,142.63419231482,49.8567012037096
South Asia,SAS,1974,700247383.0,167.031856543517,50.3588160401222
South Asia,SAS,1975,717092514.0,172.084670696833,50.9170029754766
South Asia,SAS,1976,734217635.0,160.699674402499,51.4312144791619
South Asia,SAS,1977,751760482.0,181.897614762572,51.9303839573028
South Asia,SAS,1978,769329109.0,201.52609182316,52.4943779205513
South Asia,SAS,1979,787440583.0,220.868328829727,53.0633065883042
South Asia,SAS,1980,806369775.0,261.180795941491,53.6107546114151
South Asia,SAS,1981,825638560.0,267.20705190365,54.1561519201744
South Asia,SAS,1982,845349352.0,268.048426266136,54.6883182010921
South Asia,SAS,1983,865442337.0,281.59105118681,55.2088462287673
South Asia,SAS,1984,885894499.0,270.882249205897,55.7095935881379
South Asia,SAS,1985,906622025.0,290.836561595941,56.1693922205464
South Asia,SAS,1986,927646189.0,302.215568474208,56.6763008968854
South Asia,SAS,1987,948802143.0,330.263803635955,57.1271988267727
South Asia,SAS,1988,970044151.0,344.39140735961,57.5562821301481
South Asia,SAS,1989,991571016.0,338.645008018599,57.9676675968098
South Asia,SAS,1990,1013297018.0,359.953973128088,58.406615379707
South Asia,SAS,1991,1035058149.0,303.81805683771,58.5496193401874
South Asia,SAS,1992,1057074570.0,315.53713133931,59.2393230868812
South Asia,SAS,1993,1079256381.0,302.994994507191,59.6399172274896
South Asia,SAS,1994,1101305517.0,342.723111684397,60.0784359785787
South Asia,SAS,1995,1123515559.0,370.570693920918,60.4870544448028
South Asia,SAS,1996,1145998648.0,400.095114023544,60.9188482954284
South Asia,SAS,1997,1168625898.0,415.002724170031,61.3682134088457
South Asia,SAS,1998,1191405930.0,413.676322288749,61.8215419198501
South Asia,SAS,1999,1214263809.0,437.982047564941,62.2946275399582
South Asia,SAS,2000,1237185482.0,440.467918910931,62.8036305165364
South Asia,SAS,2001,1260149056.0,446.418919348871,63.2621106390743
South Asia,SAS,2002,1282584796.0,462.898836496672,63.7751981046195
South Asia,SAS,2003,1304347790.0,532.66154684429,64.2408303344517
South Asia,SAS,2004,1325950587.0,606.478041696258,64.5911610689622
South Asia,SAS,2005,1346886384.0,686.338193475473,65.131596636791
South Asia,SAS,2006,1367187349.0,769.378704313512,65.5691020177667
South Asia,SAS,2007,1386949456.0,967.697911561283,65.9890229742236
South Asia,SAS,2008,1406047164.0,958.275511460297,66.4314116387286
South Asia,SAS,2009,1425370200.0,1054.43555885745,66.84109704634
South Asia,SAS,2010,1444967010.0,1294.02734404973,67.3525068406787
South Asia,SAS,2011,1464372623.0,1397.00682550999,67.8108394834024
South Asia,SAS,2012,1483553073.0,1387.18205956625,68.2629615309516
South Asia,SAS,2013,1501661991.0,1405.8407235793,68.6853288301062
South Asia,SAS,2014,1519839246.0,1528.49208733408,69.1208563538772
South Asia,SAS,2015,1537370078.0,1570.54142462917,69.5110334122263
South Asia,SAS,2016,1555111864.0,1722.90703415144,69.9184707063298
South Asia,SAS,2017,1572520427.0,1956.06707554186,70.2904723380061
South Asia,SAS,2018,1589164714.0,1988.3663331799,70.6523573971364
South Asia,SAS,2019,1605412986.0,2067.05975687637,70.9975623145981
South Asia,SAS,2020,1621073417.0,1957.20343722686,70.3622206982499
South Asia,SAS,2021,1634785356.0,2273.72055798689,67.8215299767513
South Asia,SAS,2022,1648009565.0,2385.08341896271,72.0115731308447
South Asia,SAS,2023,1662580579.0,2532.38988993306,72.3247648783903
South Asia (IDA & IBRD),TSA,1960,507919318.0,85.1907206631683,45.5847588043855
South Asia (IDA & IBRD),TSA,1961,520416897.0,88.537440136904,45.8783720172752
South Asia (IDA & IBRD),TSA,1962,533162544.0,92.475978400802,46.2503760431791
South Asia (IDA & IBRD),TSA,1963,546111213.0,101.699730347077,46.5383740922089
South Asia (IDA & IBRD),TSA,1964,559361410.0,113.953993552671,46.9081118471866
South Asia (IDA & IBRD),TSA,1965,572498343.0,118.725582639515,45.8384667855239
South Asia (IDA & IBRD),TSA,1966,585381018.0,93.5095090778818,46.3047754098716
South Asia (IDA & IBRD),TSA,1967,598618725.0,100.49023197921,46.625128808535
South Asia (IDA & IBRD),TSA,1968,612171905.0,103.257624279526,48.1648330098961
South Asia (IDA & IBRD),TSA,1969,625773349.0,111.460473459612,48.4984203842372
South Asia (IDA & IBRD),TSA,1970,640078209.0,116.640107755321,48.1392393573673
South Asia (IDA & IBRD),TSA,1971,654081362.0,121.457638271028,46.6849157165649
South Asia (IDA & IBRD),TSA,1972,668383197.0,121.825770983221,49.4510270246546
South Asia (IDA & IBRD),TSA,1973,684000704.0,142.63419231482,49.8567012037096
South Asia (IDA & IBRD),TSA,1974,700247383.0,167.031856543517,50.3588160401222
South Asia (IDA & IBRD),TSA,1975,717092514.0,172.084670696833,50.9170029754766
South Asia (IDA & IBRD),TSA,1976,734217635.0,160.699674402499,51.4312144791619
South Asia (IDA & IBRD),TSA,1977,751760482.0,181.897614762572,51.9303839573028
South Asia (IDA & IBRD),TSA,1978,769329109.0,201.52609182316,52.4943779205513
South Asia (IDA & IBRD),TSA,1979,787440583.0,220.868328829727,53.0633065883042
South Asia (IDA & IBRD),TSA,1980,806369775.0,261.180795941491,53.6107546114151
South Asia (IDA & IBRD),TSA,1981,825638560.0,267.20705190365,54.1561519201744
South Asia (IDA & IBRD),TSA,1982,845349352.0,268.048426266136,54.6883182010921
South Asia (IDA & IBRD),TSA,1983,865442337.0,281.59105118681,55.2088462287673
South Asia (IDA & IBRD),TSA,1984,885894499.0,270.882249205897,55.7095935881379
South Asia (IDA & IBRD),TSA,1985,906622025.0,290.836561595941,56.1693922205464
South Asia (IDA & IBRD),TSA,1986,927646189.0,302.215568474208,56.6763008968854
South Asia (IDA & IBRD),TSA,1987,948802143.0,330.263803635955,57.1271988267727
South Asia (IDA & IBRD),TSA,1988,970044151.0,344.39140735961,57.5562821301481
South Asia (IDA & IBRD),TSA,1989,991571016.0,338.645008018599,57.9676675968098
South Asia (IDA & IBRD),TSA,1990,1013297018.0,359.953973128088,58.406615379707
South Asia (IDA & IBRD),TSA,1991,1035058149.0,303.81805683771,58.5496193401874
South Asia (IDA & IBRD),TSA,1992,1057074570.0,315.53713133931,59.2393230868812
South Asia (IDA & IBRD),TSA,1993,1079256381.0,302.994994507191,59.6399172274896
South Asia (IDA & IBRD),TSA,1994,1101305517.0,342.723111684397,60.0784359785787
South Asia (IDA & IBRD),TSA,1995,1123515559.0,370.570693920918,60.4870544448028
South Asia (IDA & IBRD),TSA,1996,1145998648.0,400.095114023544,60.9188482954284
South Asia (IDA & IBRD),TSA,1997,1168625898.0,415.002724170031,61.3682134088457
South Asia (IDA & IBRD),TSA,1998,1191405930.0,413.676322288749,61.8215419198501
South Asia (IDA & IBRD),TSA,1999,1214263809.0,437.982047564941,62.2946275399582
South Asia (IDA & IBRD),TSA,2000,1237185482.0,440.467918910931,62.8036305165364
South Asia (IDA & IBRD),TSA,2001,1260149056.0,446.418919348871,63.2621106390743
South Asia (IDA & IBRD),TSA,2002,1282584796.0,462.898836496672,63.7751981046195
South Asia (IDA & IBRD),TSA,2003,1304347790.0,532.66154684429,64.2408303344517
South Asia (IDA & IBRD),TSA,2004,1325950587.0,606.478041696258,64.5911610689622
South Asia (IDA & IBRD),TSA,2005,1346886384.0,686.338193475473,65.131596636791
South Asia (IDA & IBRD),TSA,2006,1367187349.0,769.378704313512,65.5691020177667
South Asia (IDA & IBRD),TSA,2007,1386949456.0,967.697911561283,65.9890229742236
South Asia (IDA & IBRD),TSA,2008,1406047164.0,958.275511460297,66.4314116387286
South Asia (IDA & IBRD),TSA,2009,1425370200.0,1054.43555885745,66.84109704634
South Asia (IDA & IBRD),TSA,2010,1444967010.0,1294.02734404973,67.3525068406787
South Asia (IDA & IBRD),TSA,2011,1464372623.0,1397.00682550999,67.8108394834024
South Asia (IDA & IBRD),TSA,2012,1483553073.0,1387.18205956625,68.2629615309516
South Asia (IDA & IBRD),TSA,2013,1501661991.0,1405.8407235793,68.6853288301062
South Asia (IDA & IBRD),TSA,2014,1519839246.0,1528.49208733408,69.1208563538772
South Asia (IDA & IBRD),TSA,2015,1537370078.0,1570.54142462917,69.5110334122263
South Asia (IDA & IBRD),TSA,2016,1555111864.0,1722.90703415144,69.9184707063298
South Asia (IDA & IBRD),TSA,2017,1572520427.0,1956.06707554186,70.2904723380061
South Asia (IDA & IBRD),TSA,2018,1589164714.0,1988.3663331799,70.6523573971364
South Asia (IDA & IBRD),TSA,2019,1605412986.0,2067.05975687637,70.9975623145981
South Asia (IDA & IBRD),TSA,2020,1621073417.0,1957.20343722686,70.3622206982499
South Asia (IDA & IBRD),TSA,2021,1634785356.0,2273.72055798689,67.8215299767513
South Asia (IDA & IBRD),TSA,2022,1648009565.0,2385.08341896271,72.0115731308447
South Asia (IDA & IBRD),TSA,2023,1662580579.0,2532.38988993306,72.3247648783903
South Sudan,SSD,2008,8817647.0,1654.21153546555,56.28
South Sudan,SSD,2009,9243556.0,1323.22068747862,56.848
South Sudan,SSD,2010,9745953.0,1498.27034985194,57.485
South Sudan,SSD,2011,10288109.0,1448.98435006408,57.674
South Sudan,SSD,2012,10756240.0,1109.26050083408,58.241
South Sudan,SSD,2013,11166275.0,1650.18943353528,58.285
South Sudan,SSD,2014,11235073.0,1242.73450181032,45.625
South Sudan,SSD,2015,11107561.0,1080.14718624765,39.757
Spain,ESP,1960,30455000.0,407.96302786933,69.1092682926829
Spain,ESP,1961,30739250.0,463.19044087717,69.4804878048781
Spain,ESP,1962,31023366.0,535.391059454488,69.5190243902439
Spain,ESP,1963,31296651.0,627.278450964262,69.6812195121951
Spain,ESP,1964,31609195.0,694.952086797899,70.399756097561
Spain,ESP,1965,31954292.0,797.377066170904,70.8092682926829
Spain,ESP,1966,32283194.0,915.62923367863,71.0551219512195
Spain,ESP,1967,32682947.0,996.571863525297,71.2529268292683
Spain,ESP,1968,33113134.0,978.292373768035,71.5378048780488
Spain,ESP,1969,33441054.0,1109.13637135526,71.0575609756098
Spain,ESP,1970,33814531.0,1211.42343321309,72.0273170731707
Spain,ESP,1971,34224490.0,1361.19251917206,71.630243902439
Spain,ESP,1972,34604469.0,1707.58800052655,72.8180487804878
Spain,ESP,1973,34988947.0,2245.9479911066,72.6107317073171
Spain,ESP,1974,35373335.0,2747.96036737994,72.969756097561
Spain,ESP,1975,35757900.0,3207.54465082024,73.3187804878049
Spain,ESP,1976,36137812.0,3276.97023260494,73.6426829268293
Spain,ESP,1977,36511638.0,3624.99940255962,74.1319512195122
Spain,ESP,1978,36864898.0,4353.3273744052,74.2956097560976
Spain,ESP,1979,37191330.0,5766.09296672485,74.8187804878049
Spain,ESP,1980,37491165.0,6204.14321544225,75.3492682926829
Spain,ESP,1981,37758631.0,5367.32976278411,75.5285365853659
Spain,ESP,1982,37986012.0,5156.02303792945,76.1341463414634
Spain,ESP,1983,38171525.0,4475.30126831295,75.9090243902439
Spain,ESP,1984,38330364.0,4486.78173863382,76.2953658536586
Spain,ESP,1985,38469512.0,4696.29879620729,76.259512195122
Spain,ESP,1986,38584624.0,6508.8506547565,76.5104878048781
Spain,ESP,1987,38684815.0,8233.72822993027,76.7280487804878
Spain,ESP,1988,38766939.0,9696.1928538538,76.7470731707317
Spain,ESP,1989,38827764.0,10674.3410230107,76.8136585365854
Spain,ESP,1990,38867322.0,13795.0159385128,76.8375609756098
Spain,ESP,1991,38966376.0,14801.3226152172,76.9712195121951
Spain,ESP,1992,39157685.0,16100.6799428032,77.41
Spain,ESP,1993,39361262.0,13330.3798192211,77.5465853658537
Spain,ESP,1994,39549108.0,13405.704414883,77.9014634146342
Spain,ESP,1995,39724050.0,15460.9110266653,77.9807317073171
Spain,ESP,1996,39889852.0,16100.6215831114,78.1204878048781
Spain,ESP,1997,40057389.0,14722.3717633536,78.6041463414634
Spain,ESP,1998,40223509.0,15382.3348573373,78.6658536585366
Spain,ESP,1999,40386875.0,15707.9473068138,78.7170731707317
Spain,ESP,2000,40567864.0,14743.2671031455,78.9658536585366
Spain,ESP,2001,40850412.0,15368.2337984435,79.3682926829268
Spain,ESP,2002,41431558.0,17111.0685058941,79.5682926829268
Spain,ESP,2003,42187645.0,21522.0170990262,79.619512195122
Spain,ESP,2004,42921895.0,24925.0267844576,79.8707317073171
Spain,ESP,2005,43653155.0,26450.9530130382,80.1707317073171
Spain,ESP,2006,44397319.0,28421.686527407,80.8219512195122
Spain,ESP,2007,45226803.0,32652.015594702,80.8731707317073
Spain,ESP,2008,45954106.0,35603.248328071,81.1756097560976
Spain,ESP,2009,46362946.0,32279.8208476151,81.4756097560976
Spain,ESP,2010,46576897.0,30658.7422282912,81.6268292682927
Spain,ESP,2011,46742697.0,31824.6219134777,82.4756097560976
Spain,ESP,2012,46773055.0,28456.4438151477,82.4268292682927
Spain,ESP,2013,46604197.0,29228.846559842,83.0780487804878
Spain,ESP,2014,46460733.0,29707.765509467,83.2292682926829
Spain,ESP,2015,46422303.0,25982.4416197775,82.8317073170732
Spain,ESP,2016,46458139.0,26755.6061149398,83.3292682926829
Spain,ESP,2017,46571232.0,28381.3425596906,83.2829268292683
Spain,ESP,2018,46782011.0,30602.4212881113,83.4317073170732
Spain,ESP,2019,47118501.0,29786.5245689007,83.8317073170732
Spain,ESP,2020,47359424.0,27233.9426461608,82.2317073170732
Spain,ESP,2021,47443821.0,30799.4775937775,83.1780487804878
Spain,ESP,2022,47786102.0,30319.4987196616,83.1341463414634
Spain,ESP,2023,48352528.0,33493.2225409111,83.8829268292683
Sri Lanka,LKA,1960,9661389.0,145.928701305768,60.602
Sri Lanka,LKA,1961,9899372.0,145.900945139998,61.158
Sri Lanka,LKA,1962,10143754.0,141.383197837884,61.627
Sri Lanka,LKA,1963,10395040.0,119.352332353465,62.031
Sri Lanka,LKA,1964,10653397.0,122.941808998544,62.376
Sri Lanka,LKA,1965,10916965.0,155.566984755479,62.793
Sri Lanka,LKA,1966,11183928.0,156.606032177183,63.156
Sri Lanka,LKA,1967,11457328.0,162.294823066611,63.556
Sri Lanka,LKA,1968,11736088.0,153.48764748655,63.869
Sri Lanka,LKA,1969,12013858.0,163.60657987529,64.138
Sri Lanka,LKA,1970,12287110.0,186.900791824546,64.352
Sri Lanka,LKA,1971,12551910.0,188.760802167739,64.24
Sri Lanka,LKA,1972,12809205.0,199.38289288123,64.625
Sri Lanka,LKA,1973,13060916.0,220.170239208337,64.785
Sri Lanka,LKA,1974,13305693.0,268.650905004753,64.966
Sri Lanka,LKA,1975,13548984.0,279.82158260032,65.355
Sri Lanka,LKA,1976,13796770.0,260.301495010261,65.84
Sri Lanka,LKA,1977,14049371.0,292.148992496788,66.391
Sri Lanka,LKA,1978,14310128.0,190.996464636951,66.844
Sri Lanka,LKA,1979,14579614.0,230.775069370251,67.514
Sri Lanka,LKA,1980,14847974.0,271.055290073685,68.006
Sri Lanka,LKA,1981,15099414.0,292.45135975768,68.38
Sri Lanka,LKA,1982,15286567.0,311.957878889278,68.665
Sri Lanka,LKA,1983,15388794.0,335.823151714647,68.726
Sri Lanka,LKA,1984,15441860.0,391.369617569858,68.761
Sri Lanka,LKA,1985,15544154.0,384.611537689196,68.881
Sri Lanka,LKA,1986,15731256.0,407.164600454213,68.962
Sri Lanka,LKA,1987,15916576.0,419.824409443665,69.009
Sri Lanka,LKA,1988,16078621.0,434.015552780537,68.995
Sri Lanka,LKA,1989,16248557.0,430.02388973818,67.284
Sri Lanka,LKA,1990,16352458.0,491.213686238493,69.239
Sri Lanka,LKA,1991,16475354.0,546.292515570886,69.131
Sri Lanka,LKA,1992,16739284.0,579.655117618283,69.619
Sri Lanka,LKA,1993,17025918.0,607.231847102846,70.049
Sri Lanka,LKA,1994,17275773.0,678.268012020205,70.211
Sri Lanka,LKA,1995,17564068.0,741.838255293455,69.746
Sri Lanka,LKA,1996,17905018.0,776.192371057587,69.841
Sri Lanka,LKA,1997,18248200.0,827.035756058631,69.934
Sri Lanka,LKA,1998,18596003.0,847.533577843861,70.134
Sri Lanka,LKA,1999,18944731.0,829.356379527539,70.427
Sri Lanka,LKA,2000,19293054.0,860.199884304769,71.179
Sri Lanka,LKA,2001,19600362.0,803.544026627385,71.804
Sri Lanka,LKA,2002,19805752.0,834.936014905338,72.271
Sri Lanka,LKA,2003,19951521.0,946.382255128072,72.442
Sri Lanka,LKA,2004,20087605.0,1028.62068132555,68.022
Sri Lanka,LKA,2005,20216524.0,1207.21994764165,73.073
Sri Lanka,LKA,2006,20352411.0,1388.89739119932,72.825
Sri Lanka,LKA,2007,20492545.0,1578.63451125392,72.983
Sri Lanka,LKA,2008,20629378.0,1973.58476901287,72.556
Sri Lanka,LKA,2009,20756435.0,2026.65939950702,70.298
Sri Lanka,LKA,2010,20879089.0,2808.36244503709,74.463
Sri Lanka,LKA,2011,21009048.0,3224.95745150496,74.74
Sri Lanka,LKA,2012,21169458.0,3327.77613691283,75.187
Sri Lanka,LKA,2013,20585000.0,3739.43181100202,75.546
Sri Lanka,LKA,2014,20778000.0,3972.04375736464,75.757
Sri Lanka,LKA,2015,20970000.0,4057.7158346231,75.99
Sri Lanka,LKA,2016,21209000.0,4149.19190775593,76.136
Sri Lanka,LKA,2017,21453000.0,4398.88828068715,76.239
Sri Lanka,LKA,2018,21670000.0,4358.56095906047,76.485
Sri Lanka,LKA,2019,21803000.0,4081.94772722003,76.698
Sri Lanka,LKA,2020,21919000.0,3847.60137695639,76.928
Sri Lanka,LKA,2021,22156000.0,3996.96240014909,76.278
Sri Lanka,LKA,2022,22181000.0,3342.63650253855,77.3
Sri Lanka,LKA,2023,22037000.0,3798.89016573011,77.483
St. Kitts and Nevis,KNA,1960,55810.0,221.584586097067,56.84
St. Kitts and Nevis,KNA,1961,55334.0,225.599127572162,57.338
St. Kitts and Nevis,KNA,1962,54461.0,230.286541058342,57.84
St. Kitts and Nevis,KNA,1963,53441.0,240.139616588017,58.43
St. Kitts and Nevis,KNA,1964,52326.0,256.40471515277,59.04
St. Kitts and Nevis,KNA,1965,51139.0,265.823194079933,59.595
St. Kitts and Nevis,KNA,1966,49898.0,289.973108735753,60.081
St. Kitts and Nevis,KNA,1967,48605.0,344.457118650064,60.445
St. Kitts and Nevis,KNA,1968,47245.0,309.027410307969,60.776
St. Kitts and Nevis,KNA,1969,45731.0,346.592027290022,61.079
St. Kitts and Nevis,KNA,1970,44606.0,365.421692149038,61.372
St. Kitts and Nevis,KNA,1971,44206.0,443.938525320189,61.74
St. Kitts and Nevis,KNA,1972,44033.0,521.083031260752,62.137
St. Kitts and Nevis,KNA,1973,43880.0,551.413363188761,62.517
St. Kitts and Nevis,KNA,1974,43738.0,720.537205812844,62.888
St. Kitts and Nevis,KNA,1975,43606.0,765.12533365911,63.191
St. Kitts and Nevis,KNA,1976,43482.0,692.139328790191,63.49
St. Kitts and Nevis,KNA,1977,43358.0,1026.25343180719,63.73
St. Kitts and Nevis,KNA,1978,43217.0,1143.84000123408,63.995
St. Kitts and Nevis,KNA,1979,43033.0,1367.339965625,64.198
St. Kitts and Nevis,KNA,1980,42850.0,1597.6489908812,64.385
St. Kitts and Nevis,KNA,1981,42698.0,1894.44210241437,64.62
St. Kitts and Nevis,KNA,1982,42532.0,2022.52944188428,64.868
St. Kitts and Nevis,KNA,1983,42334.0,2052.11116535348,65.118
St. Kitts and Nevis,KNA,1984,42113.0,2341.40772929271,65.334
St. Kitts and Nevis,KNA,1985,41874.0,2650.9864691075,65.482
St. Kitts and Nevis,KNA,1986,41618.0,3140.11209537184,65.554
St. Kitts and Nevis,KNA,1987,41348.0,3573.284031831,65.516
St. Kitts and Nevis,KNA,1988,41062.0,4205.65468298165,65.451
St. Kitts and Nevis,KNA,1989,40758.0,4723.45351878204,65.45
St. Kitts and Nevis,KNA,1990,40432.0,5373.44824048425,65.641
St. Kitts and Nevis,KNA,1991,40358.0,5464.61025672087,65.958
St. Kitts and Nevis,KNA,1992,40715.0,5947.1211356266,66.339
St. Kitts and Nevis,KNA,1993,41242.0,6395.31437746849,66.708
St. Kitts and Nevis,KNA,1994,41776.0,7065.28291984056,67.002
St. Kitts and Nevis,KNA,1995,42326.0,7406.44486096454,67.23
St. Kitts and Nevis,KNA,1996,42877.0,7788.42839854571,67.488
St. Kitts and Nevis,KNA,1997,43428.0,8626.72257471312,67.811
St. Kitts and Nevis,KNA,1998,43998.0,8710.78984057184,67.891
St. Kitts and Nevis,KNA,1999,44601.0,9116.28627997718,68.725
St. Kitts and Nevis,KNA,2000,45248.0,9319.65545093525,69.249
St. Kitts and Nevis,KNA,2001,45761.0,10022.5919235637,69.767
St. Kitts and Nevis,KNA,2002,46020.0,10453.6587064313,70.194
St. Kitts and Nevis,KNA,2003,46176.0,10175.6295449989,70.614
St. Kitts and Nevis,KNA,2004,46315.0,10944.6183741768,70.92
St. Kitts and Nevis,KNA,2005,46437.0,11783.7867154145,71.151
St. Kitts and Nevis,KNA,2006,46569.0,13837.8495311219,71.356
St. Kitts and Nevis,KNA,2007,46706.0,14757.9579751035,71.437
St. Kitts and Nevis,KNA,2008,46835.0,16604.9448615905,71.479
St. Kitts and Nevis,KNA,2009,46916.0,16503.4119292794,71.488
St. Kitts and Nevis,KNA,2010,46846.0,16622.9457908577,71.452
St. Kitts and Nevis,KNA,2011,46886.0,17832.4572919975,71.4
St. Kitts and Nevis,KNA,2012,47033.0,17532.0559008608,71.362
St. Kitts and Nevis,KNA,2013,47069.0,18580.1301949935,71.29
St. Kitts and Nevis,KNA,2014,47089.0,20219.3954237956,71.228
St. Kitts and Nevis,KNA,2015,47087.0,20328.8003530109,71.211
St. Kitts and Nevis,KNA,2016,47075.0,21387.5415511103,71.227
St. Kitts and Nevis,KNA,2017,47050.0,22464.9899633959,71.284
St. Kitts and Nevis,KNA,2018,47008.0,22901.3816403197,71.336
St. Kitts and Nevis,KNA,2019,46952.0,23595.4923231291,71.54
St. Kitts and Nevis,KNA,2020,46870.0,18859.0190361046,71.181
St. Kitts and Nevis,KNA,2021,46763.0,18361.1449697886,69.271
St. Kitts and Nevis,KNA,2022,46709.0,21011.5744209816,70.313
St. Kitts and Nevis,KNA,2023,46758.0,22576.9248439166,72.145
St. Lucia,LCA,1980,119290.0,1428.20328921427,67.801
St. Lucia,LCA,1981,121166.0,1604.77728442339,68.688
St. Lucia,LCA,1982,123087.0,1489.46138368254,68.977
St. Lucia,LCA,1983,125044.0,1575.74163524069,69.987
St. Lucia,LCA,1984,127067.0,1979.12504018731,70.522
St. Lucia,LCA,1985,129159.0,2202.28125368301,70.308
St. Lucia,LCA,1986,131239.0,2590.69331524928,70.229
St. Lucia,LCA,1987,133227.0,2818.91475118073,69.671
St. Lucia,LCA,1988,135000.0,3182.44170096022,69.736
St. Lucia,LCA,1989,136512.0,3565.01015783716,70.028
St. Lucia,LCA,1990,137857.0,4204.57161863111,70.008
St. Lucia,LCA,1991,139520.0,4398.67906897723,70.309
St. Lucia,LCA,1992,141617.0,4759.83867808296,70.734
St. Lucia,LCA,1993,143726.0,4764.72464839218,71.05
St. Lucia,LCA,1994,145890.0,4892.06733637469,71.076
St. Lucia,LCA,1995,148208.0,5147.92024022295,71.172
St. Lucia,LCA,1996,150436.0,5244.01665086076,70.963
St. Lucia,LCA,1997,152569.0,5282.37011402006,70.778
St. Lucia,LCA,1998,154677.0,5672.51373770766,70.68
St. Lucia,LCA,1999,156702.0,5882.83398968649,70.692
St. Lucia,LCA,2000,158616.0,5879.56191426207,70.779
St. Lucia,LCA,2001,160237.0,5570.45247098106,71.367
St. Lucia,LCA,2002,161641.0,5567.89428424719,71.707
St. Lucia,LCA,2003,162976.0,6058.60622059326,72.188
St. Lucia,LCA,2004,164239.0,6494.60034867886,72.453
St. Lucia,LCA,2005,165450.0,6863.43641919345,72.544
St. Lucia,LCA,2006,166639.0,7611.17856675319,72.794
St. Lucia,LCA,2007,167758.0,7964.38211480117,72.86
St. Lucia,LCA,2008,168808.0,8516.96075488787,72.963
St. Lucia,LCA,2009,169869.0,8250.52180732734,72.946
St. Lucia,LCA,2010,170906.0,8673.68720340529,72.768
St. Lucia,LCA,2011,171801.0,9128.99442011613,72.962
St. Lucia,LCA,2012,172587.0,9260.30006551714,72.86
St. Lucia,LCA,2013,173369.0,9577.21733754358,72.687
St. Lucia,LCA,2014,174138.0,10044.8218377677,72.676
St. Lucia,LCA,2015,174905.0,10334.9860823918,72.932
St. Lucia,LCA,2016,175646.0,10638.1269396653,72.552
St. Lucia,LCA,2017,176342.0,11333.1123822102,72.522
St. Lucia,LCA,2018,177017.0,11642.6984727769,72.655
St. Lucia,LCA,2019,177661.0,11794.0597229805,72.249
St. Lucia,LCA,2020,178250.0,8411.07474936367,72.308
St. Lucia,LCA,2021,178522.0,10459.1321248092,69.119
St. Lucia,LCA,2022,178781.0,13103.8243147472,72.67
St. Lucia,LCA,2023,179285.0,13554.7684784933,72.697
St. Martin (French part),MAF,2011,37069.0,20930.5821177758,79.016
St. Martin (French part),MAF,2014,37450.0,20638.7705882379,79.727
St. Martin (French part),MAF,2019,34267.0,19033.0649634889,80.078
St. Martin (French part),MAF,2021,29961.0,21668.3776525323,80.206
St. Vincent and the Grenadines,VCT,1960,84388.0,154.839953548866,58.566
St. Vincent and the Grenadines,VCT,1961,85870.0,163.036741587138,59.272
St. Vincent and the Grenadines,VCT,1962,87236.0,166.501945155564,59.924
St. Vincent and the Grenadines,VCT,1963,88523.0,154.855789598022,60.521
St. Vincent and the Grenadines,VCT,1964,89749.0,164.439675512733,61.071
St. Vincent and the Grenadines,VCT,1965,90927.0,166.1585179605,61.61
St. Vincent and the Grenadines,VCT,1966,92052.0,174.900705580548,62.102
St. Vincent and the Grenadines,VCT,1967,93124.0,170.043233030992,62.541
St. Vincent and the Grenadines,VCT,1968,94123.0,163.084474570509,63.064
St. Vincent and the Grenadines,VCT,1969,95058.0,175.156220412801,63.529
St. Vincent and the Grenadines,VCT,1970,95964.0,192.259597349006,64.029
St. Vincent and the Grenadines,VCT,1971,96872.0,206.99399543877,64.432
St. Vincent and the Grenadines,VCT,1972,97790.0,282.092288222755,64.752
St. Vincent and the Grenadines,VCT,1973,98691.0,305.651792826921,65.095
St. Vincent and the Grenadines,VCT,1974,99556.0,330.705359076164,65.422
St. Vincent and the Grenadines,VCT,1975,100387.0,331.090937950783,65.873
St. Vincent and the Grenadines,VCT,1976,101197.0,324.049573435426,66.466
St. Vincent and the Grenadines,VCT,1977,101999.0,483.859271677682,66.883
St. Vincent and the Grenadines,VCT,1978,102775.0,592.019182500428,67.273
St. Vincent and the Grenadines,VCT,1979,103478.0,687.067392389007,69.345
St. Vincent and the Grenadines,VCT,1980,104213.0,790.115816929074,67.977
St. Vincent and the Grenadines,VCT,1981,105073.0,971.577277314431,68.292
St. Vincent and the Grenadines,VCT,1982,105969.0,1073.51398364931,68.584
St. Vincent and the Grenadines,VCT,1983,106838.0,1144.30586148776,68.796
St. Vincent and the Grenadines,VCT,1984,107687.0,1253.86525558125,69.244
St. Vincent and the Grenadines,VCT,1985,108506.0,1342.2456378927,69.771
St. Vincent and the Grenadines,VCT,1986,109281.0,1471.86296489478,70.104
St. Vincent and the Grenadines,VCT,1987,110001.0,1596.17319303831,70.428
St. Vincent and the Grenadines,VCT,1988,110658.0,1813.93765107441,70.607
St. Vincent and the Grenadines,VCT,1989,111272.0,1929.91050958212,70.647
St. Vincent and the Grenadines,VCT,1990,111812.0,2149.73944358984,70.647
St. Vincent and the Grenadines,VCT,1991,112222.0,2270.76357246912,70.64
St. Vincent and the Grenadines,VCT,1992,112509.0,2470.51840791008,70.745
St. Vincent and the Grenadines,VCT,1993,112735.0,2539.64968649849,70.621
St. Vincent and the Grenadines,VCT,1994,112918.0,2563.24976564442,70.602
St. Vincent and the Grenadines,VCT,1995,113047.0,2795.36305613955,70.575
St. Vincent and the Grenadines,VCT,1996,113119.0,2930.44394742606,70.466
St. Vincent and the Grenadines,VCT,1997,113141.0,3073.7784743848,70.382
St. Vincent and the Grenadines,VCT,1998,113180.0,3301.10018129103,70.263
St. Vincent and the Grenadines,VCT,1999,113366.0,3446.52293031878,70.312
St. Vincent and the Grenadines,VCT,2000,113545.0,3768.95536604022,70.35
St. Vincent and the Grenadines,VCT,2001,113501.0,4071.08601098962,70.382
St. Vincent and the Grenadines,VCT,2002,113347.0,4303.27976789727,70.658
St. Vincent and the Grenadines,VCT,2003,113141.0,4499.61454193342,70.43
St. Vincent and the Grenadines,VCT,2004,112835.0,4873.48947742443,70.445
St. Vincent and the Grenadines,VCT,2005,112450.0,5157.39373878102,70.454
St. Vincent and the Grenadines,VCT,2006,112014.0,5744.8278621257,70.434
St. Vincent and the Grenadines,VCT,2007,111531.0,6398.19123532172,70.446
St. Vincent and the Grenadines,VCT,2008,111028.0,6598.90531450859,70.611
St. Vincent and the Grenadines,VCT,2009,110508.0,6463.78777336717,70.712
St. Vincent and the Grenadines,VCT,2010,109959.0,6551.96835992405,70.66
St. Vincent and the Grenadines,VCT,2011,109349.0,6527.68996854448,70.609
St. Vincent and the Grenadines,VCT,2012,108736.0,6713.80768643865,70.539
St. Vincent and the Grenadines,VCT,2013,108135.0,7072.46737188939,70.091
St. Vincent and the Grenadines,VCT,2014,107535.0,7168.82875342911,70.355
St. Vincent and the Grenadines,VCT,2015,106960.0,7353.73556054184,70.463
St. Vincent and the Grenadines,VCT,2016,106349.0,7656.90042881178,70.7
St. Vincent and the Grenadines,VCT,2017,105663.0,7988.04445019298,71.013
St. Vincent and the Grenadines,VCT,2018,104926.0,8428.12677153069,71.017
St. Vincent and the Grenadines,VCT,2019,104167.0,8740.59425232061,70.994
St. Vincent and the Grenadines,VCT,2020,103526.0,8351.20324040982,69.605
St. Vincent and the Grenadines,VCT,2021,102841.0,8641.27904024443,69.132
St. Vincent and the Grenadines,VCT,2022,102046.0,9693.55867833025,71.191
St. Vincent and the Grenadines,VCT,2023,101323.0,10582.3656725229,71.23
Sub-Saharan Africa,SSF,1960,227706653.0,158.066623264321,41.4298887419235
Sub-Saharan Africa,SSF,1961,233241597.0,160.870330859825,41.7287263390954
Sub-Saharan Africa,SSF,1962,239026415.0,169.661209577902,42.2375875851933
Sub-Saharan Africa,SSF,1963,245034711.0,188.247660251779,42.5168097817683
Sub-Saharan Africa,SSF,1964,251292534.0,182.61985429987,42.8510896648394
Sub-Saharan Africa,SSF,1965,257806104.0,196.052907840159,43.1164726168028
Sub-Saharan Africa,SSF,1966,264528156.0,207.086227369075,43.2228876153914
Sub-Saharan Africa,SSF,1967,271499400.0,202.000081009945,43.5439384775619
Sub-Saharan Africa,SSF,1968,278774032.0,210.515656880994,44.032026628393
Sub-Saharan Africa,SSF,1969,286291766.0,231.436186928761,44.3086800254961
Sub-Saharan Africa,SSF,1970,294071521.0,251.635573386979,44.7694765853369
Sub-Saharan Africa,SSF,1971,302095262.0,251.837152474141,45.09007091812
Sub-Saharan Africa,SSF,1972,310303050.0,276.271075877442,45.1796589281654
Sub-Saharan Africa,SSF,1973,318974077.0,342.597615628812,45.736173216604
Sub-Saharan Africa,SSF,1974,328098223.0,422.561744482754,45.9732500763121
Sub-Saharan Africa,SSF,1975,337484491.0,451.044954629341,46.3255594107969
Sub-Saharan Africa,SSF,1976,347140248.0,474.37449880929,47.0036478662147
Sub-Saharan Africa,SSF,1977,356939418.0,506.974853644566,47.4272046346911
Sub-Saharan Africa,SSF,1978,367476902.0,551.471446603229,47.7120083712455
Sub-Saharan Africa,SSF,1979,378695833.0,630.91316426834,48.1551440811002
Sub-Saharan Africa,SSF,1980,389959247.0,769.565371849649,48.5430503046262
Sub-Saharan Africa,SSF,1981,401805572.0,1007.86068218968,48.8200984112774
Sub-Saharan Africa,SSF,1982,414407128.0,908.491836566255,49.1042093457257
Sub-Saharan Africa,SSF,1983,426899800.0,791.585856027712,48.382750114588
Sub-Saharan Africa,SSF,1984,439338948.0,687.251169971653,48.5119195187103
Sub-Saharan Africa,SSF,1985,452261445.0,637.484872898001,48.8073449381138
Sub-Saharan Africa,SSF,1986,465510912.0,580.523381886051,49.2139103725853
Sub-Saharan Africa,SSF,1987,479171693.0,631.57325018827,49.8883393110629
Sub-Saharan Africa,SSF,1988,492983652.0,646.450584676321,49.8679346475843
Sub-Saharan Africa,SSF,1989,507001395.0,639.820980128762,50.1510167097872
Sub-Saharan Africa,SSF,1990,521314712.0,728.527589410931,50.0362525535802
Sub-Saharan Africa,SSF,1991,535621670.0,759.299379290791,49.9323096320009
Sub-Saharan Africa,SSF,1992,550274082.0,664.940115247967,49.9010190613144
Sub-Saharan Africa,SSF,1993,565570780.0,653.9561441408,50.1822375532185
Sub-Saharan Africa,SSF,1994,580801913.0,651.137004627086,50.1198955189797
Sub-Saharan Africa,SSF,1995,596382250.0,806.661765849349,50.4948951919511
Sub-Saharan Africa,SSF,1996,612553970.0,877.522517236211,50.4514360464676
Sub-Saharan Africa,SSF,1997,628853819.0,898.909546886988,50.6238137510063
Sub-Saharan Africa,SSF,1998,645803591.0,877.691028047643,50.5660477844902
Sub-Saharan Africa,SSF,1999,663257231.0,610.097793801745,51.007162915265
Sub-Saharan Africa,SSF,2000,681125107.0,629.529731613317,51.6452445598305
Sub-Saharan Africa,SSF,2001,699588585.0,587.39704857074,51.9871852409843
Sub-Saharan Africa,SSF,2002,718662153.0,625.468994411853,52.3573943143863
Sub-Saharan Africa,SSF,2003,738316131.0,766.500842930002,52.8273758116531
Sub-Saharan Africa,SSF,2004,758653144.0,926.435499820006,53.3464613070226
Sub-Saharan Africa,SSF,2005,779665113.0,1073.52977403181,53.8932697449503
Sub-Saharan Africa,SSF,2006,801269368.0,1234.13340009531,54.5901258302239
Sub-Saharan Africa,SSF,2007,823564883.0,1390.58865074962,55.263324559654
Sub-Saharan Africa,SSF,2008,846656872.0,1536.66763137174,55.8873142457425
Sub-Saharan Africa,SSF,2009,870347292.0,1426.96916919949,56.3679630366864
Sub-Saharan Africa,SSF,2010,894666657.0,1642.64134193596,57.1070604462138
Sub-Saharan Africa,SSF,2011,919528126.0,1795.43814856316,57.4734418430734
Sub-Saharan Africa,SSF,2012,944970310.0,1817.30125816633,58.2281190131813
Sub-Saharan Africa,SSF,2013,971232906.0,1879.5587312692,58.7179604310977
Sub-Saharan Africa,SSF,2014,997961037.0,1906.79596971017,58.9855723923094
Sub-Saharan Africa,SSF,2015,1025251114.0,1646.44941139316,59.398721466191
Sub-Saharan Africa,SSF,2016,1052824144.0,1455.03525304571,59.8121001978138
Sub-Saharan Africa,SSF,2017,1080941647.0,1546.91774199323,60.1584015341066
Sub-Saharan Africa,SSF,2018,1109997000.0,1620.54140805919,60.7667275136709
Sub-Saharan Africa,SSF,2019,1139315618.0,1795.5612786554,61.1293218424873
Sub-Saharan Africa,SSF,2020,1169015451.0,1627.34569596297,61.1675270829902
Sub-Saharan Africa,SSF,2021,1199011925.0,1785.46664916614,60.7034363660672
Sub-Saharan Africa,SSF,2022,1229208573.0,1865.11635260699,61.8571795894802
Sub-Saharan Africa,SSF,2023,1259889959.0,1680.77966672218,62.6028071536951
Sub-Saharan Africa (IDA & IBRD countries),TSS,1960,227706653.0,158.066623264322,41.4298887419235
Sub-Saharan Africa (IDA & IBRD countries),TSS,1961,233241597.0,160.870330859826,41.7287263390954
Sub-Saharan Africa (IDA & IBRD countries),TSS,1962,239026415.0,169.661209577902,42.2375875851933
Sub-Saharan Africa (IDA & IBRD countries),TSS,1963,245034711.0,188.24766025178,42.5168097817683
Sub-Saharan Africa (IDA & IBRD countries),TSS,1964,251292534.0,182.61985429987,42.8510896648394
Sub-Saharan Africa (IDA & IBRD countries),TSS,1965,257806104.0,196.052907840159,43.1164726168028
Sub-Saharan Africa (IDA & IBRD countries),TSS,1966,264528156.0,207.086227369075,43.2228876153914
Sub-Saharan Africa (IDA & IBRD countries),TSS,1967,271499400.0,202.000081009946,43.5439384775619
Sub-Saharan Africa (IDA & IBRD countries),TSS,1968,278774032.0,210.515656880994,44.032026628393
Sub-Saharan Africa (IDA & IBRD countries),TSS,1969,286291766.0,231.436186928761,44.3086800254961
Sub-Saharan Africa (IDA & IBRD countries),TSS,1970,294071521.0,251.635573386979,44.7694765853369
Sub-Saharan Africa (IDA & IBRD countries),TSS,1971,302095262.0,251.837152474141,45.09007091812
Sub-Saharan Africa (IDA & IBRD countries),TSS,1972,310303050.0,276.271075877443,45.1796589281654
Sub-Saharan Africa (IDA & IBRD countries),TSS,1973,318974077.0,342.597615628812,45.736173216604
Sub-Saharan Africa (IDA & IBRD countries),TSS,1974,328098223.0,422.561744482754,45.9732500763121
Sub-Saharan Africa (IDA & IBRD countries),TSS,1975,337484491.0,451.044954629342,46.3255594107969
Sub-Saharan Africa (IDA & IBRD countries),TSS,1976,347140248.0,474.37449880929,47.0036478662147
Sub-Saharan Africa (IDA & IBRD countries),TSS,1977,356939418.0,506.974853644567,47.4272046346911
Sub-Saharan Africa (IDA & IBRD countries),TSS,1978,367476902.0,551.471446603229,47.7120083712455
Sub-Saharan Africa (IDA & IBRD countries),TSS,1979,378695833.0,630.913164268341,48.1551440811002
Sub-Saharan Africa (IDA & IBRD countries),TSS,1980,389959247.0,769.565371849649,48.5430503046263
Sub-Saharan Africa (IDA & IBRD countries),TSS,1981,401805572.0,1007.86068218968,48.8200984112774
Sub-Saharan Africa (IDA & IBRD countries),TSS,1982,414407128.0,908.491836566255,49.1042093457257
Sub-Saharan Africa (IDA & IBRD countries),TSS,1983,426899800.0,791.585856027712,48.382750114588
Sub-Saharan Africa (IDA & IBRD countries),TSS,1984,439338948.0,687.251169971653,48.5119195187103
Sub-Saharan Africa (IDA & IBRD countries),TSS,1985,452261445.0,637.484872898002,48.8073449381137
Sub-Saharan Africa (IDA & IBRD countries),TSS,1986,465510912.0,580.523381886051,49.2139103725853
Sub-Saharan Africa (IDA & IBRD countries),TSS,1987,479171693.0,631.57325018827,49.8883393110629
Sub-Saharan Africa (IDA & IBRD countries),TSS,1988,492983652.0,646.450584676321,49.8679346475843
Sub-Saharan Africa (IDA & IBRD countries),TSS,1989,507001395.0,639.820980128762,50.1510167097872
Sub-Saharan Africa (IDA & IBRD countries),TSS,1990,521314712.0,728.527589410931,50.0362525535802
Sub-Saharan Africa (IDA & IBRD countries),TSS,1991,535621670.0,759.299379290791,49.9323096320009
Sub-Saharan Africa (IDA & IBRD countries),TSS,1992,550274082.0,664.940115247967,49.9010190613144
Sub-Saharan Africa (IDA & IBRD countries),TSS,1993,565570780.0,653.9561441408,50.1822375532185
Sub-Saharan Africa (IDA & IBRD countries),TSS,1994,580801913.0,651.137004627086,50.1198955189797
Sub-Saharan Africa (IDA & IBRD countries),TSS,1995,596382250.0,806.66176584935,50.494895191951
Sub-Saharan Africa (IDA & IBRD countries),TSS,1996,612553970.0,877.522517236211,50.4514360464676
Sub-Saharan Africa (IDA & IBRD countries),TSS,1997,628853819.0,898.909546886989,50.6238137510062
Sub-Saharan Africa (IDA & IBRD countries),TSS,1998,645803591.0,877.691028047644,50.5660477844902
Sub-Saharan Africa (IDA & IBRD countries),TSS,1999,663257231.0,610.097793801745,51.007162915265
Sub-Saharan Africa (IDA & IBRD countries),TSS,2000,681125107.0,629.529731613317,51.6452445598305
Sub-Saharan Africa (IDA & IBRD countries),TSS,2001,699588585.0,587.39704857074,51.9871852409843
Sub-Saharan Africa (IDA & IBRD countries),TSS,2002,718662153.0,625.468994411853,52.3573943143863
Sub-Saharan Africa (IDA & IBRD countries),TSS,2003,738316131.0,766.500842930002,52.8273758116531
Sub-Saharan Africa (IDA & IBRD countries),TSS,2004,758653144.0,926.435499820007,53.3464613070226
Sub-Saharan Africa (IDA & IBRD countries),TSS,2005,779665113.0,1073.52977403181,53.8932697449503
Sub-Saharan Africa (IDA & IBRD countries),TSS,2006,801269368.0,1234.13340009531,54.5901258302239
Sub-Saharan Africa (IDA & IBRD countries),TSS,2007,823564883.0,1390.58865074962,55.263324559654
Sub-Saharan Africa (IDA & IBRD countries),TSS,2008,846656872.0,1536.66763137174,55.8873142457425
Sub-Saharan Africa (IDA & IBRD countries),TSS,2009,870347292.0,1426.96916919949,56.3679630366864
Sub-Saharan Africa (IDA & IBRD countries),TSS,2010,894666657.0,1642.64134193596,57.1070604462139
Sub-Saharan Africa (IDA & IBRD countries),TSS,2011,919528126.0,1795.43814856316,57.4734418430734
Sub-Saharan Africa (IDA & IBRD countries),TSS,2012,944970310.0,1817.30125816633,58.2281190131813
Sub-Saharan Africa (IDA & IBRD countries),TSS,2013,971232906.0,1879.55873126921,58.7179604310977
Sub-Saharan Africa (IDA & IBRD countries),TSS,2014,997961037.0,1906.79596971017,58.9855723923094
Sub-Saharan Africa (IDA & IBRD countries),TSS,2015,1025251114.0,1646.44941139316,59.398721466191
Sub-Saharan Africa (IDA & IBRD countries),TSS,2016,1052824144.0,1455.03525304571,59.8121001978138
Sub-Saharan Africa (IDA & IBRD countries),TSS,2017,1080941647.0,1546.91774199323,60.1584015341065
Sub-Saharan Africa (IDA & IBRD countries),TSS,2018,1109997000.0,1620.54140805919,60.7667275136709
Sub-Saharan Africa (IDA & IBRD countries),TSS,2019,1139315618.0,1795.5612786554,61.1293218424873
Sub-Saharan Africa (IDA & IBRD countries),TSS,2020,1169015451.0,1627.34569596297,61.1675270829902
Sub-Saharan Africa (IDA & IBRD countries),TSS,2021,1199011925.0,1785.46664916614,60.7034363660672
Sub-Saharan Africa (IDA & IBRD countries),TSS,2022,1229208573.0,1865.11635260699,61.8571795894802
Sub-Saharan Africa (IDA & IBRD countries),TSS,2023,1259889959.0,1680.77966672218,62.6028071536951
Sub-Saharan Africa (excluding high income),SSA,1960,206288260.0,166.362261985158,41.6140959518659
Sub-Saharan Africa (excluding high income),SSA,1961,211292606.0,169.315685292769,41.883595055599
Sub-Saharan Africa (excluding high income),SSA,1962,216517247.0,178.940820853321,42.4109044904165
Sub-Saharan Africa (excluding high income),SSA,1963,221937898.0,199.39230771098,42.674031749391
Sub-Saharan Africa (excluding high income),SSA,1964,227579664.0,192.611504561715,43.0127128107194
Sub-Saharan Africa (excluding high income),SSA,1965,233447992.0,206.935300583305,43.290127899967
Sub-Saharan Africa (excluding high income),SSA,1966,239526768.0,218.668754585632,43.6233125785538
Sub-Saharan Africa (excluding high income),SSA,1967,245829213.0,212.689011873384,43.7072282724043
Sub-Saharan Africa (excluding high income),SSA,1968,252384968.0,221.75372280299,44.2307050949993
Sub-Saharan Africa (excluding high income),SSA,1969,259166830.0,244.637862489874,44.5323271071233
Sub-Saharan Africa (excluding high income),SSA,1970,266188793.0,266.208132173233,45.0431223219481
Sub-Saharan Africa (excluding high income),SSA,1971,273440461.0,266.058283575359,45.3867659696911
Sub-Saharan Africa (excluding high income),SSA,1972,280872413.0,292.273906466396,45.6090939998956
Sub-Saharan Africa (excluding high income),SSA,1973,288750400.0,363.946125469476,46.2162315029734
Sub-Saharan Africa (excluding high income),SSA,1974,297083013.0,450.894118871282,46.6872427216433
Sub-Saharan Africa (excluding high income),SSA,1975,305701947.0,482.654337914885,47.0878756401893
Sub-Saharan Africa (excluding high income),SSA,1976,314545326.0,507.496605255139,47.5876220950202
Sub-Saharan Africa (excluding high income),SSA,1977,323710360.0,541.141279228963,48.0411929960374
Sub-Saharan Africa (excluding high income),SSA,1978,333680160.0,588.866373097918,48.3356422975936
Sub-Saharan Africa (excluding high income),SSA,1979,344394495.0,674.141635658371,48.7260141460652
Sub-Saharan Africa (excluding high income),SSA,1980,355467472.0,824.148876981371,49.0940889963071
Sub-Saharan Africa (excluding high income),SSA,1981,366437525.0,1084.43386106418,49.3690023644446
Sub-Saharan Africa (excluding high income),SSA,1982,377641425.0,975.755126412414,49.6518228789762
Sub-Saharan Africa (excluding high income),SSA,1983,389094648.0,845.557742043703,49.5492539623599
Sub-Saharan Africa (excluding high income),SSA,1984,400538509.0,732.705041568774,49.6472616658622
Sub-Saharan Africa (excluding high income),SSA,1985,412354065.0,675.07596436795,49.872703190314
Sub-Saharan Africa (excluding high income),SSA,1986,424407604.0,612.290345475843,50.2593468898719
Sub-Saharan Africa (excluding high income),SSA,1987,436643155.0,667.631775029137,50.2740727974803
Sub-Saharan Africa (excluding high income),SSA,1988,448764072.0,684.428660072219,50.2768744740741
Sub-Saharan Africa (excluding high income),SSA,1989,461052538.0,677.218041239499,50.5968400732899
Sub-Saharan Africa (excluding high income),SSA,1990,473635450.0,774.580966599021,50.5280830180809
Sub-Saharan Africa (excluding high income),SSA,1991,485834033.0,807.752713490534,50.2644714242388
Sub-Saharan Africa (excluding high income),SSA,1992,498349572.0,711.638059637478,50.1708162182593
Sub-Saharan Africa (excluding high income),SSA,1993,511789636.0,703.970630626046,50.442527631122
Sub-Saharan Africa (excluding high income),SSA,1994,525116200.0,705.690345152701,50.3493238239877
Sub-Saharan Africa (excluding high income),SSA,1995,538769611.0,877.380053747795,50.7416017743956
Sub-Saharan Africa (excluding high income),SSA,1996,553009918.0,955.24506094557,50.6371814217565
Sub-Saharan Africa (excluding high income),SSA,1997,567371961.0,979.802484553982,50.7740198140676
Sub-Saharan Africa (excluding high income),SSA,1998,582361221.0,958.505961105787,50.6481616974327
Sub-Saharan Africa (excluding high income),SSA,1999,597802260.0,662.590169433438,51.1706008827801
Sub-Saharan Africa (excluding high income),SSA,2000,613632482.0,684.279233995118,51.7265175611419
Sub-Saharan Africa (excluding high income),SSA,2001,630019621.0,638.142786998755,52.0461193591249
Sub-Saharan Africa (excluding high income),SSA,2002,646942913.0,681.544934837755,52.3851323744449
Sub-Saharan Africa (excluding high income),SSA,2003,664400687.0,837.714582574766,52.8195933741308
Sub-Saharan Africa (excluding high income),SSA,2004,682493463.0,1013.73402157662,53.3008170562853
Sub-Saharan Africa (excluding high income),SSA,2005,701214785.0,1174.63116054875,53.838506011466
Sub-Saharan Africa (excluding high income),SSA,2006,720481278.0,1349.88715192875,54.4971153374699
Sub-Saharan Africa (excluding high income),SSA,2007,740376633.0,1518.8219699939,55.1150527827157
Sub-Saharan Africa (excluding high income),SSA,2008,761026248.0,1672.71983508686,55.6778747022329
Sub-Saharan Africa (excluding high income),SSA,2009,782252358.0,1545.11577892078,56.1020432787877
Sub-Saharan Africa (excluding high income),SSA,2010,804038373.0,1789.34374213402,56.8122732906384
Sub-Saharan Africa (excluding high income),SSA,2011,826290715.0,1958.08105419725,57.1199263048405
Sub-Saharan Africa (excluding high income),SSA,2012,849083240.0,1970.23745756606,57.8637275594482
Sub-Saharan Africa (excluding high income),SSA,2013,872704206.0,2035.63571636535,58.3281102187957
Sub-Saharan Africa (excluding high income),SSA,2014,896754068.0,2058.4331234679,58.5396963590644
Sub-Saharan Africa (excluding high income),SSA,2015,921290560.0,1763.27463036367,58.9244569362249
Sub-Saharan Africa (excluding high income),SSA,2016,946011305.0,1545.27948291265,59.3199433875513
Sub-Saharan Africa (excluding high income),SSA,2017,971179323.0,1641.39239957439,59.6367115940116
Sub-Saharan Africa (excluding high income),SSA,2018,997236086.0,1718.42346098448,60.2582610385453
Sub-Saharan Africa (excluding high income),SSA,2019,1023480610.0,1907.22499436387,60.6065912895076
Sub-Saharan Africa (excluding high income),SSA,2020,1049999318.0,1716.50863861427,60.6222294256854
Sub-Saharan Africa (excluding high income),SSA,2021,1076774079.0,1885.48155965903,60.1774746494858
Sub-Saharan Africa (excluding high income),SSA,2022,1103704408.0,1963.80330032374,61.2833535992957
Sub-Saharan Africa (excluding high income),SSA,2023,1131078494.0,1750.13136836946,62.0653555476155
Sudan,SDN,1960,8364489.0,99.7131195068359,49.566
Sudan,SDN,1961,8634941.0,105.313102722168,49.964
Sudan,SDN,1962,8919028.0,111.213455200195,50.419
Sudan,SDN,1963,9218077.0,109.939208984375,50.816
Sudan,SDN,1964,9531109.0,109.650077819824,50.879
Sudan,SDN,1965,9858030.0,110.889373779297,51.031
Sudan,SDN,1966,10197578.0,110.502571105957,51.253
Sudan,SDN,1967,10550597.0,116.241035461426,51.495
Sudan,SDN,1968,10917999.0,117.824935913086,51.762
Sudan,SDN,1969,11298936.0,125.984886169434,52.04
Sudan,SDN,1970,11695771.0,139.038482666016,52.294
Sudan,SDN,1971,12105539.0,146.931610107422,52.541
Sudan,SDN,1972,12527856.0,154.511581420898,52.803
Sudan,SDN,1973,13049315.0,184.524200439453,52.988
Sudan,SDN,1974,13580723.0,228.787322998047,53.156
Sudan,SDN,1975,14064798.0,269.652893066406,53.31
Sudan,SDN,1976,14569716.0,325.185607910156,53.342
Sudan,SDN,1977,15086614.0,392.399383544922,53.522
Sudan,SDN,1978,15695003.0,410.072082519531,53.29
Sudan,SDN,1979,16355352.0,408.899627685547,53.374
Sudan,SDN,1980,17058905.0,418.348785400391,54.072
Sudan,SDN,1981,17780572.0,483.802581787109,54.369
Sudan,SDN,1982,18486645.0,378.945373535156,54.375
Sudan,SDN,1983,19109770.0,346.221649169922,49.562
Sudan,SDN,1984,19546528.0,429.993377685547,49.807
Sudan,SDN,1985,19905872.0,326.402770996094,50.014
Sudan,SDN,1986,20288238.0,400.333557128906,54.558
Sudan,SDN,1987,20704904.0,471.1572265625,54.747
Sudan,SDN,1988,21138431.0,553.07861328125,54.984
Sudan,SDN,1989,21578022.0,814.267517089844,54.883
Sudan,SDN,1990,22021481.0,1257.1875,55.497
Sudan,SDN,1991,22470676.0,1617.55676269531,55.553
Sudan,SDN,1992,22927355.0,252.610092163086,55.952
Sudan,SDN,1993,23445592.0,312.693908691406,56.102
Sudan,SDN,1994,24043948.0,439.420806884766,57.022
Sudan,SDN,1995,24672143.0,462.585235595703,57.447
Sudan,SDN,1996,25231528.0,294.826965332031,57.638
Sudan,SDN,1997,25799821.0,373.09375,58.058
Sudan,SDN,1998,26458999.0,350.702880859375,58.308
Sudan,SDN,1999,27130613.0,324.659606933594,58.607
Sudan,SDN,2000,27816745.0,362.116882324219,58.946
Sudan,SDN,2001,28516770.0,451.293304443359,59.264
Sudan,SDN,2002,29228727.0,506.262634277344,59.308
Sudan,SDN,2003,29896035.0,580.320251464844,58.319
Sudan,SDN,2004,30556637.0,705.113342285156,56.773
Sudan,SDN,2005,31262444.0,905.543640136719,57.226
Sudan,SDN,2006,31992435.0,1132.474609375,60.4
Sudan,SDN,2007,32764135.0,1444.37219238281,61.442
Sudan,SDN,2008,33623980.0,1527.58239746094,61.261
Sudan,SDN,2009,34569113.0,1178.22180175781,62.676
Sudan,SDN,2010,35414399.0,1305.63598632813,62.979
Sudan,SDN,2011,36140806.0,1332.6572265625,63.181
Sudan,SDN,2012,36923178.0,1019.22210693359,63.427
Sudan,SDN,2013,37785849.0,1138.62780761719,63.443
Sudan,SDN,2014,38823318.0,1275.43835449219,63.99
Sudan,SDN,2015,40024431.0,1292.37963867188,64.375
Sudan,SDN,2016,41259892.0,1033.21594238281,64.677
Sudan,SDN,2017,42714306.0,966.505676269531,65.146
Sudan,SDN,2018,44230596.0,731.027465820313,65.501
Sudan,SDN,2019,45548175.0,709.975280761719,65.803
Sudan,SDN,2020,46789231.0,577.795227050781,65.124
Sudan,SDN,2021,48066924.0,712.122009277344,64.46
Sudan,SDN,2022,49383346.0,1046.24084472656,65.695
Sudan,SDN,2023,50042791.0,797.283447265625,66.331
Suriname,SUR,1960,263918.0,377.579399662016,56.595
Suriname,SUR,1961,272791.0,394.80774658988,57.29
Suriname,SUR,1962,283912.0,409.105638366818,58.023
Suriname,SUR,1963,297034.0,424.025532430631,58.496
Suriname,SUR,1964,309041.0,434.893751961714,58.908
Suriname,SUR,1965,320000.0,481.71875,59.137
Suriname,SUR,1966,331135.0,574.84107690217,59.232
Suriname,SUR,1967,342679.0,644.042967325106,59.172
Suriname,SUR,1968,354616.0,680.595348207639,59.292
Suriname,SUR,1969,366906.0,707.674445225753,59.394
Suriname,SUR,1970,379442.0,724.484901513275,59.494
Suriname,SUR,1971,391932.0,767.990365675678,59.59
Suriname,SUR,1972,397413.0,784.951674957789,59.685
Suriname,SUR,1973,395772.0,857.69079166793,59.793
Suriname,SUR,1974,393676.0,1041.08454668306,59.914
Suriname,SUR,1975,391170.0,1190.01968453614,60.035
Suriname,SUR,1976,388289.0,1301.86536317022,60.155
Suriname,SUR,1977,385067.0,1665.94384873282,60.277
Suriname,SUR,1978,381502.0,1927.90601359888,60.401
Suriname,SUR,1979,377602.0,2072.28775271317,60.527
Suriname,SUR,1980,375377.0,2117.87083385503,60.654
Suriname,SUR,1981,375459.0,2367.76851800063,60.795
Suriname,SUR,1982,376555.0,2429.92391549707,60.934
Suriname,SUR,1983,378746.0,2332.69790308016,61.072
Suriname,SUR,1984,382193.0,2260.63794993629,61.211
Suriname,SUR,1985,386972.0,2255.97717664327,61.358
Suriname,SUR,1986,392330.0,2271.04733260266,61.159
Suriname,SUR,1987,396911.0,2469.06737278634,61.314
Suriname,SUR,1988,402227.0,2886.42980207694,61.477
Suriname,SUR,1989,408409.0,1328.57013435061,61.982
Suriname,SUR,1990,412493.0,941.591736102188,62.088
Suriname,SUR,1991,415013.0,1079.72521342705,62.151
Suriname,SUR,1992,417589.0,968.895253466926,62.246
Suriname,SUR,1993,419352.0,1022.44583519896,62.382
Suriname,SUR,1994,422375.0,1433.54255652781,62.542
Suriname,SUR,1995,429606.0,1609.82504373206,62.779
Suriname,SUR,1996,438830.0,1962.88495820295,63.079
Suriname,SUR,1997,448067.0,2067.59814938391,63.385
Suriname,SUR,1998,457406.0,2428.58641994202,63.706
Suriname,SUR,1999,466916.0,1898.1801816053,64.035
Suriname,SUR,2000,476643.0,1988.22172925433,64.409
Suriname,SUR,2001,486560.0,1714.64846637242,64.82
Suriname,SUR,2002,496551.0,2202.340682196,65.274
Suriname,SUR,2003,506414.0,2516.10404020956,65.778
Suriname,SUR,2004,513923.0,2887.7721728844,66.362
Suriname,SUR,2005,519313.0,3453.42865937765,66.997
Suriname,SUR,2006,524997.0,5002.65798695759,67.643
Suriname,SUR,2007,531016.0,5530.17615638309,68.307
Suriname,SUR,2008,537245.0,6576.08546307249,68.873
Suriname,SUR,2009,543568.0,7129.5768626291,69.323
Suriname,SUR,2010,549923.0,7943.60482816915,69.626
Suriname,SUR,2011,556269.0,7949.88867218383,69.82
Suriname,SUR,2012,562633.0,8851.24050668908,69.957
Suriname,SUR,2013,569020.0,9043.19281529222,70.11
Suriname,SUR,2014,575373.0,9108.18905406764,70.33
Suriname,SUR,2015,581627.0,8813.61705392067,70.567
Suriname,SUR,2016,587757.0,5644.2061057532,70.979
Suriname,SUR,2017,593713.0,6049.52128553675,71.247
Suriname,SUR,2018,599513.0,6665.74180472239,71.468
Suriname,SUR,2019,605768.0,6629.66775248603,71.773
Suriname,SUR,2020,612317.0,4755.39221710693,72.321
Suriname,SUR,2021,617896.0,5029.84838543953,68.943
Suriname,SUR,2022,623164.0,6084.43876736445,73.254
Suriname,SUR,2023,628886.0,5521.97602122638,73.631
Sweden,SWE,1960,7484656.0,2128.36441205712,73.0056097560976
Sweden,SWE,1961,7519998.0,2304.47143531351,73.4743902439024
Sweden,SWE,1962,7561588.0,2485.46561781218,73.3504878048781
Sweden,SWE,1963,7604328.0,2675.07291656901,73.5553658536585
Sweden,SWE,1964,7661354.0,2961.02884624727,73.7331707317073
Sweden,SWE,1965,7733853.0,3227.87974049912,73.8617073170732
Sweden,SWE,1966,7807797.0,3477.89737890027,74.0785365853659
Sweden,SWE,1967,7867931.0,3746.2048797826,74.1224390243903
Sweden,SWE,1968,7912273.0,3953.08297234501,73.9729268292683
Sweden,SWE,1969,7968072.0,4262.92603293035,74.0848780487805
Sweden,SWE,1970,8042801.0,4729.35071602705,74.6492682926829
Sweden,SWE,1971,8098334.0,5125.27034757101,74.6239024390244
Sweden,SWE,1972,8122300.0,6018.39052977191,74.7180487804878
Sweden,SWE,1973,8136312.0,7290.6303239401,74.8673170731707
Sweden,SWE,1974,8159955.0,8078.18604272449,74.9804878048781
Sweden,SWE,1975,8192437.0,10102.6388909372,74.9846341463415
Sweden,SWE,1976,8222286.0,10852.5192441428,74.9692682926829
Sweden,SWE,1977,8251540.0,11432.0214920218,75.379756097561
Sweden,SWE,1978,8275599.0,12602.2217238449,75.4690243902439
Sweden,SWE,1979,8293678.0,14855.5957561141,75.5241463414634
Sweden,SWE,1980,8310531.0,17073.0446711494,75.7409756097561
Sweden,SWE,1981,8320503.0,15563.8332773497,76.0260975609756
Sweden,SWE,1982,8325263.0,13719.0538964279,76.3273170731707
Sweden,SWE,1983,8329033.0,12589.950077442,76.5517073170732
Sweden,SWE,1984,8336605.0,13080.0302290066,76.8158536585366
Sweden,SWE,1985,8350386.0,13647.0439039697,76.6678048780488
Sweden,SWE,1986,8369829.0,17954.9510185679,76.9312195121951
Sweden,SWE,1987,8397804.0,21760.9646490625,77.0921951219512
Sweden,SWE,1988,8436489.0,24499.1240758517,76.9792682926829
Sweden,SWE,1989,8492964.0,25625.0162127747,77.7268292682927
Sweden,SWE,1990,8558835.0,30549.3185706762,77.5368292682927
Sweden,SWE,1991,8617375.0,31776.6680192213,77.6668292682927
Sweden,SWE,1992,8668067.0,32753.4287003642,77.9987804878049
Sweden,SWE,1993,8718561.0,24389.8738124128,78.0604878048781
Sweden,SWE,1994,8780745.0,26045.5196995275,78.650243902439
Sweden,SWE,1995,8826939.0,30254.0273028727,78.7404878048781
Sweden,SWE,1996,8840998.0,33022.2444768661,78.9590243902439
Sweden,SWE,1997,8846062.0,30324.1845796306,79.1975609756098
Sweden,SWE,1998,8850974.0,30605.3669074811,79.3390243902439
Sweden,SWE,1999,8857874.0,30968.8710702052,79.4414634146342
Sweden,SWE,2000,8872109.0,29632.5890811623,79.6439024390244
Sweden,SWE,2001,8895960.0,27259.3174300217,79.7951219512195
Sweden,SWE,2002,8924958.0,29957.7776664916,79.8463414634146
Sweden,SWE,2003,8958229.0,37292.2419727801,80.0951219512195
Sweden,SWE,2004,8993531.0,42758.0048564929,80.4975609756098
Sweden,SWE,2005,9029572.0,43378.4077394363,80.5463414634146
Sweden,SWE,2006,9080505.0,46531.3762240485,80.7487804878049
Sweden,SWE,2007,9148092.0,53568.3057787832,80.9
Sweden,SWE,2008,9219637.0,55817.1759726485,81.1
Sweden,SWE,2009,9298515.0,46707.6425044751,81.3512195121951
Sweden,SWE,2010,9378126.0,52542.5759090299,81.4512195121951
Sweden,SWE,2011,9449213.0,60379.4814599322,81.8024390243903
Sweden,SWE,2012,9519374.0,57749.5615420853,81.7048780487805
Sweden,SWE,2013,9600379.0,60843.9888799369,81.9560975609756
Sweden,SWE,2014,9696110.0,59583.4584491714,82.2536585365854
Sweden,SWE,2015,9799186.0,51188.1652120493,82.2048780487805
Sweden,SWE,2016,9923085.0,51703.5088332851,82.3073170731707
Sweden,SWE,2017,10057698.0,53210.2233318965,82.409756097561
Sweden,SWE,2018,10175214.0,54018.4554391861,82.5585365853659
Sweden,SWE,2019,10278887.0,51648.9892820514,83.109756097561
Sweden,SWE,2020,10353442.0,52568.5726980146,82.3560975609756
Sweden,SWE,2021,10415811.0,60647.5416365347,83.0560975609756
Sweden,SWE,2022,10486941.0,54836.8907235124,83.0585365853659
Sweden,SWE,2023,10536632.0,54950.2834725622,83.309756097561
Switzerland,CHE,1960,5327827.0,1954.3113206427,71.3134146341463
Switzerland,CHE,1961,5434294.0,2155.44996908648,71.6448780487805
Switzerland,CHE,1962,5573815.0,2330.47736501501,71.1960975609756
Switzerland,CHE,1963,5694247.0,2508.47430732203,71.1875609756098
Switzerland,CHE,1964,5789228.0,2734.93009044177,72.0778048780488
Switzerland,CHE,1965,5856472.0,2865.2448479366,72.2017073170732
Switzerland,CHE,1966,5918002.0,3044.84560389449,72.3356097560976
Switzerland,CHE,1967,5991785.0,3237.27315217356,72.6365853658537
Switzerland,CHE,1968,6067714.0,3413.49358157003,72.590243902439
Switzerland,CHE,1969,6136387.0,3657.20794240553,72.6126829268293
Switzerland,CHE,1970,6180877.0,4044.42068227245,73.020243902439
Switzerland,CHE,1971,6213399.0,4834.74049399485,73.1307317073171
Switzerland,CHE,1972,6260956.0,5884.77524107186,73.6443902439024
Switzerland,CHE,1973,6307347.0,7855.91887040854,73.9409756097561
Switzerland,CHE,1974,6341405.0,9004.788599,74.2870731707317
Switzerland,CHE,1975,6338632.0,10328.1089388433,74.6656097560976
Switzerland,CHE,1976,6302504.0,10864.971231108,74.7853658536585
Switzerland,CHE,1977,6281174.0,11643.6467397732,75.2380487804878
Switzerland,CHE,1978,6281738.0,16282.1932458492,75.1873170731707
Switzerland,CHE,1979,6294365.0,18265.5588649103,75.4660975609756
Switzerland,CHE,1980,6319408.0,19393.8805480097,75.4592682926829
Switzerland,CHE,1981,6354074.0,17665.0138979789,75.6931707317073
Switzerland,CHE,1982,6391309.0,17999.969257078,76.0339024390244
Switzerland,CHE,1983,6418773.0,17859.2323695837,76.0312195121951
Switzerland,CHE,1984,6441865.0,16991.2458841517,76.6085365853659
Switzerland,CHE,1985,6470365.0,17152.0948495991,76.7336585365854
Switzerland,CHE,1986,6504124.0,24459.8536348433,76.8990243902439
Switzerland,CHE,1987,6545106.0,30440.5108240499,77.1975609756098
Switzerland,CHE,1988,6593386.0,32690.4302734561,77.2265853658537
Switzerland,CHE,1989,6646912.0,31308.6508343136,77.4212195121951
Switzerland,CHE,1990,6715519.0,39574.5398083788,77.2424390243902
Switzerland,CHE,1991,6799978.0,39544.4946826768,77.5146341463415
Switzerland,CHE,1992,6875364.0,40713.6881521435,77.8060975609756
Switzerland,CHE,1993,6938265.0,39237.1186558781,78.0853658536586
Switzerland,CHE,1994,6993795.0,43091.7770970073,78.35
Switzerland,CHE,1995,7040687.0,50113.8321221345,78.4170731707317
Switzerland,CHE,1996,7071850.0,48092.6433036512,78.8960975609756
Switzerland,CHE,1997,7088906.0,41584.441782159,79.079512195122
Switzerland,CHE,1998,7110001.0,42680.5867322391,79.3243902439025
Switzerland,CHE,1999,7143991.0,41695.6912912021,79.580487804878
Switzerland,CHE,2000,7184250.0,38865.021939688,79.6804878048781
Switzerland,CHE,2001,7229854.0,39638.7911061864,80.1804878048781
Switzerland,CHE,2002,7284753.0,42458.7384679187,80.3853658536585
Switzerland,CHE,2003,7339001.0,49335.7456291067,80.5365853658537
Switzerland,CHE,2004,7389625.0,54659.4571488233,81.0878048780488
Switzerland,CHE,2005,7437115.0,56242.8933645639,81.2365853658537
Switzerland,CHE,2006,7483934.0,59011.0324592016,81.490243902439
Switzerland,CHE,2007,7551117.0,64989.1553256031,81.7414634146342
Switzerland,CHE,2008,7647675.0,74175.1927898555,81.9926829268293
Switzerland,CHE,2009,7743831.0,71568.3123885672,82.0439024390244
Switzerland,CHE,2010,7824909.0,76531.3729407691,82.2463414634147
Switzerland,CHE,2011,7912398.0,90476.7589651577,82.6951219512195
Switzerland,CHE,2012,7996861.0,85836.2076767359,82.6975609756098
Switzerland,CHE,2013,8089346.0,87304.3305813557,82.7975609756098
Switzerland,CHE,2014,8188649.0,88724.9909402638,83.1975609756098
Switzerland,CHE,2015,8282396.0,83806.4476003837,82.8975609756098
Switzerland,CHE,2016,8373338.0,82153.0745447889,83.6024390243903
Switzerland,CHE,2017,8451840.0,82254.3769269767,83.5512195121951
Switzerland,CHE,2018,8514329.0,85217.3691512274,83.7536585365854
Switzerland,CHE,2019,8575280.0,84121.9310304414,83.9048780487805
Switzerland,CHE,2020,8638167.0,85897.7843338323,83.0
Switzerland,CHE,2021,8704546.0,93664.7736696111,83.7512195121951
Switzerland,CHE,2022,8777088.0,94394.5106803525,83.6048780487805
Switzerland,CHE,2023,8888822.0,100623.549627296,84.0560975609756
Syrian Arab Republic,SYR,1960,4673500.0,183.525069735278,52.723
Syrian Arab Republic,SYR,1961,4815466.0,196.293561633919,53.652
Syrian Arab Republic,SYR,1962,4959340.0,223.934209140492,54.569
Syrian Arab Republic,SYR,1963,5110467.0,234.899747591945,55.394
Syrian Arab Republic,SYR,1964,5269087.0,254.217527062223,56.17
Syrian Arab Republic,SYR,1965,5435267.0,270.830584796164,56.901
Syrian Arab Republic,SYR,1966,5609047.0,239.30759595908,57.55
Syrian Arab Republic,SYR,1967,5790198.0,272.914639434944,58.045
Syrian Arab Republic,SYR,1968,5978742.0,293.330341001656,59.118
Syrian Arab Republic,SYR,1969,6175166.0,363.554844445761,59.844
Syrian Arab Republic,SYR,1970,6380609.0,335.451366800943,60.608
Syrian Arab Republic,SYR,1971,6598094.0,392.515069525448,61.334
Syrian Arab Republic,SYR,1972,6826024.0,448.237758556479,61.969
Syrian Arab Republic,SYR,1973,7060321.0,458.830061186419,60.826
Syrian Arab Republic,SYR,1974,7302160.0,706.579580221326,63.441
Syrian Arab Republic,SYR,1975,7554364.0,903.713462066405,64.187
Syrian Arab Republic,SYR,1976,7817320.0,976.48924016597,64.844
Syrian Arab Republic,SYR,1977,8090501.0,951.240398587355,65.398
Syrian Arab Republic,SYR,1978,8372759.0,1107.78304477534,65.932
Syrian Arab Republic,SYR,1979,8661909.0,1146.36179260974,66.244
Syrian Arab Republic,SYR,1980,8957663.0,1458.23976434095,66.545
Syrian Arab Republic,SYR,1981,9260189.0,1675.79747403807,64.598
Syrian Arab Republic,SYR,1982,9572511.0,1702.68062491316,60.839
Syrian Arab Republic,SYR,1983,9904809.0,1775.83203705709,67.35
Syrian Arab Republic,SYR,1984,10258398.0,1706.21944810524,67.723
Syrian Arab Republic,SYR,1985,10625672.0,1543.7649395519,68.048
Syrian Arab Republic,SYR,1986,11002844.0,1208.16084262217,68.415
Syrian Arab Republic,SYR,1987,11388923.0,997.128134355135,68.797
Syrian Arab Republic,SYR,1988,11782264.0,897.70876335774,69.172
Syrian Arab Republic,SYR,1989,12179060.0,809.044028162459,69.486
Syrian Arab Republic,SYR,1990,12579208.0,978.489616979607,69.83
Syrian Arab Republic,SYR,1991,12980821.0,1000.07798684947,70.075
Syrian Arab Republic,SYR,1992,13385571.0,990.138251191708,70.243
Syrian Arab Republic,SYR,1993,13795686.0,992.771367475098,70.309
Syrian Arab Republic,SYR,1994,14208583.0,712.387716635783,70.296
Syrian Arab Republic,SYR,1995,14616801.0,779.699100153744,70.209
Syrian Arab Republic,SYR,1996,15018104.0,918.195857362788,70.156
Syrian Arab Republic,SYR,1997,15417542.0,940.826589804978,70.158
Syrian Arab Republic,SYR,1998,15820413.0,960.837504927725,70.237
Syrian Arab Republic,SYR,1999,16228061.0,978.17453169496,70.507
Syrian Arab Republic,SYR,2000,16637888.0,1138.1884854278,70.856
Syrian Arab Republic,SYR,2001,17051338.0,1186.82913474027,71.296
Syrian Arab Republic,SYR,2002,17468332.0,1183.2473451033,71.742
Syrian Arab Republic,SYR,2003,17889296.0,1220.179077256,72.188
Syrian Arab Republic,SYR,2004,18336875.0,1368.1148230028,72.494
Syrian Arab Republic,SYR,2005,18814091.0,1533.90166536568,72.797
Syrian Arab Republic,SYR,2006,19637022.0,1718.78347217338,73.04
Syrian Arab Republic,SYR,2007,20884125.0,1937.61138578027,73.256
Syrian Arab Republic,SYR,2008,21636564.0,2429.12477087189,73.368
Syrian Arab Republic,SYR,2009,21976969.0,2462.20193643202,73.496
Syrian Arab Republic,SYR,2010,22482421.0,2730.61477118949,73.542
Syrian Arab Republic,SYR,2011,22878098.0,2952.14349372257,72.259
Syrian Arab Republic,SYR,2012,22759763.0,1897.66115018696,66.206
Syrian Arab Republic,SYR,2013,21666917.0,985.892669227054,65.146
Syrian Arab Republic,SYR,2014,20273659.0,1060.59105886854,65.492
Syrian Arab Republic,SYR,2015,19424618.0,847.731631942565,63.265
Syrian Arab Republic,SYR,2016,19193834.0,656.3490586313,65.19
Syrian Arab Republic,SYR,2017,19224668.0,851.502005254153,65.651
Syrian Arab Republic,SYR,2018,19577845.0,1098.0668642357,67.371
Syrian Arab Republic,SYR,2019,20353534.0,1109.53926036049,70.97
Syrian Arab Republic,SYR,2020,21049429.0,572.355289831901,71.944
Syrian Arab Republic,SYR,2021,21628839.0,663.614245706815,72.418
Syrian Arab Republic,SYR,2022,22462173.0,1051.67149587463,72.79
Tajikistan,TJK,1990,5398768.0,487.03612866309,61.636
Tajikistan,TJK,1991,5541205.0,457.767825924805,61.679
Tajikistan,TJK,1992,5649400.0,337.833145514813,57.085
Tajikistan,TJK,1993,5724993.0,287.620123754917,55.512
Tajikistan,TJK,1994,5825368.0,261.271254544865,60.093
Tajikistan,TJK,1995,5948584.0,207.034457343036,61.389
Tajikistan,TJK,1996,6066523.0,172.035088688368,60.806
Tajikistan,TJK,1997,6139829.0,150.088550171239,61.928
Tajikistan,TJK,1998,6176397.0,213.749145581577,62.404
Tajikistan,TJK,1999,6208370.0,175.023764735625,63.114
Tajikistan,TJK,2000,6284735.0,136.925716400723,63.542
Tajikistan,TJK,2001,6407377.0,168.676285365186,64.197
Tajikistan,TJK,2002,6531669.0,186.951638285222,64.898
Tajikistan,TJK,2003,6658575.0,233.58124845289,65.874
Tajikistan,TJK,2004,6790547.0,305.745158587502,66.604
Tajikistan,TJK,2005,6924720.0,333.927150941684,66.531
Tajikistan,TJK,2006,7057566.0,401.018403316427,66.997
Tajikistan,TJK,2007,7194477.0,516.997210618914,67.405
Tajikistan,TJK,2008,7338403.0,703.327375898643,67.924
Tajikistan,TJK,2009,7490230.0,664.795655734657,68.248
Tajikistan,TJK,2010,7652141.0,737.338883219356,68.37
Tajikistan,TJK,2011,7824785.0,833.601978202852,68.698
Tajikistan,TJK,2012,8014084.0,952.452819695469,69.13
Tajikistan,TJK,2013,8216724.0,1028.19704279396,69.579
Tajikistan,TJK,2014,8425552.0,1081.54402932039,69.697
Tajikistan,TJK,2015,8643840.0,956.916310930656,69.665
Tajikistan,TJK,2016,8865631.0,788.710481734485,69.982
Tajikistan,TJK,2017,9085946.0,829.45714764957,70.524
Tajikistan,TJK,2018,9307333.0,834.288404578801,70.737
Tajikistan,TJK,2019,9529966.0,871.022372934846,70.962
Tajikistan,TJK,2020,9749310.0,834.311715460625,68.605
Tajikistan,TJK,2021,9966908.0,896.748053372182,69.594
Tajikistan,TJK,2022,10182222.0,1052.17949484894,71.562
Tajikistan,TJK,2023,10389799.0,1178.47990060249,71.79
Tanzania,TZA,1960,9901419.0,275.296020507813,42.596
Tanzania,TZA,1961,10187886.0,285.156799316406,42.841
Tanzania,TZA,1962,10487756.0,303.997436523438,43.215
Tanzania,TZA,1963,10799528.0,329.010589599609,43.616
Tanzania,TZA,1964,11127826.0,346.301818847656,44.075
Tanzania,TZA,1965,11470728.0,342.077941894531,44.542
Tanzania,TZA,1966,11827459.0,380.497924804688,44.941
Tanzania,TZA,1967,12200109.0,384.642944335938,45.163
Tanzania,TZA,1968,12602076.0,399.301635742188,45.626
Tanzania,TZA,1969,13036700.0,405.450805664063,46.043
Tanzania,TZA,1970,13492677.0,217.235641479492,46.495
Tanzania,TZA,1971,13971451.0,224.451416015625,46.972
Tanzania,TZA,1972,14479308.0,246.546295166016,47.436
Tanzania,TZA,1973,15010101.0,283.801849365234,47.912
Tanzania,TZA,1974,15561630.0,328.783599853516,48.422
Tanzania,TZA,1975,16138361.0,364.969940185547,48.922
Tanzania,TZA,1976,16736211.0,397.542755126953,49.459
Tanzania,TZA,1977,17352929.0,458.058349609375,49.969
Tanzania,TZA,1978,17976566.0,529.603637695313,50.351
Tanzania,TZA,1979,18592038.0,542.11474609375,50.791
Tanzania,TZA,1980,19189769.0,611.211791992188,51.272
Tanzania,TZA,1981,19784703.0,683.913269042969,51.703
Tanzania,TZA,1982,20398571.0,701.959838867188,51.99
Tanzania,TZA,1983,21079874.0,685.276489257813,52.178
Tanzania,TZA,1984,21779066.0,609.331420898438,52.151
Tanzania,TZA,1985,22501693.0,700.450073242188,52.184
Tanzania,TZA,1986,23258959.0,479.281768798828,52.207
Tanzania,TZA,1987,24030378.0,334.822784423828,52.182
Tanzania,TZA,1988,24769686.0,307.50634765625,52.224
Tanzania,TZA,1989,25438759.0,259.502227783203,52.09
Tanzania,TZA,1990,26110207.0,243.611557006836,51.985
Tanzania,TZA,1991,26780436.0,276.452453613281,51.837
Tanzania,TZA,1992,27457588.0,250.329925537109,51.432
Tanzania,TZA,1993,28332692.0,224.491546630859,51.215
Tanzania,TZA,1994,29442356.0,228.890029907227,51.077
Tanzania,TZA,1995,30383497.0,258.418334960938,51.005
Tanzania,TZA,1996,30945762.0,313.658386230469,51.132
Tanzania,TZA,1997,31578089.0,363.597686767578,51.246
Tanzania,TZA,1998,32420458.0,386.378448486328,51.807
Tanzania,TZA,1999,33300330.0,392.621765136719,52.399
Tanzania,TZA,2000,34260139.0,401.698150634766,53.244
Tanzania,TZA,2001,35198299.0,396.638732910156,54.124
Tanzania,TZA,2002,36121304.0,402.649047851563,54.94
Tanzania,TZA,2003,37089555.0,422.18359375,55.929
Tanzania,TZA,2004,38109668.0,450.385284423828,56.836
Tanzania,TZA,2005,39182076.0,483.334869384766,57.675
Tanzania,TZA,2006,40294902.0,475.746734619141,58.512
Tanzania,TZA,2007,41435512.0,543.198303222656,59.26
Tanzania,TZA,2008,42570728.0,675.977233886719,59.896
Tanzania,TZA,2009,43633982.0,693.823547363281,60.494
Tanzania,TZA,2010,44758488.0,736.530151367188,61.127
Tanzania,TZA,2011,46029367.0,775.392761230469,61.618
Tanzania,TZA,2012,47374260.0,861.969909667969,62.286
Tanzania,TZA,2013,48824128.0,963.05712890625,62.788
Tanzania,TZA,2014,50351512.0,1022.74841308594,63.364
Tanzania,TZA,2015,52020962.0,939.127319335938,63.928
Tanzania,TZA,2016,53824013.0,953.0107421875,64.404
Tanzania,TZA,2017,55652890.0,986.674011230469,64.963
Tanzania,TZA,2018,57437145.0,1023.10626220703,65.488
Tanzania,TZA,2019,59174891.0,1063.32250976563,66.007
Tanzania,TZA,2020,60972798.0,1117.41528320313,66.771
Tanzania,TZA,2021,62830412.0,1159.85656738281,66.131
Tanzania,TZA,2022,64711821.0,1207.52062988281,66.879
Tanzania,TZA,2023,66617606.0,1224.00219726563,66.995
Thailand,THA,1960,26851747.0,102.814571454958,50.608
Thailand,THA,1961,27650334.0,109.728794269464,51.065
Thailand,THA,1962,28481040.0,116.179493337844,51.444
Thailand,THA,1963,29342322.0,120.658598748696,51.988
Thailand,THA,1964,30232141.0,128.642226903734,52.539
Thailand,THA,1965,31149337.0,140.899873696781,53.131
Thailand,THA,1966,32086071.0,164.533414431069,53.729
Thailand,THA,1967,33037801.0,170.666971518706,54.316
Thailand,THA,1968,34002560.0,178.839752885801,54.977
Thailand,THA,1969,34973782.0,191.438734515692,55.705
Thailand,THA,1970,35954408.0,197.097903475424,56.47
Thailand,THA,1971,36937387.0,199.662201986255,57.1
Thailand,THA,1972,37933929.0,215.582022917854,57.746
Thailand,THA,1973,38947787.0,278.285062967675,58.323
Thailand,THA,1974,39952891.0,342.978897633446,59.031
Thailand,THA,1975,40940005.0,363.526350179478,59.713
Thailand,THA,1976,41896504.0,405.408734060752,60.371
Thailand,THA,1977,42843974.0,461.659141640678,60.906
Thailand,THA,1978,43788976.0,548.233113208345,61.266
Thailand,THA,1979,44718434.0,612.08876018577,61.696
Thailand,THA,1980,45650022.0,708.729450091584,62.186
Thailand,THA,1981,46575855.0,748.156726132308,62.856
Thailand,THA,1982,47494577.0,770.398953205891,63.603
Thailand,THA,1983,48423309.0,826.932302137698,64.5
Thailand,THA,1984,49351708.0,846.934168430884,65.55
Thailand,THA,1985,50270753.0,773.823923674613,66.543
Thailand,THA,1986,51177834.0,842.098436226451,67.308
Thailand,THA,1987,52074105.0,970.452522513385,67.833
Thailand,THA,1988,52969595.0,1164.20096229495,68.194
Thailand,THA,1989,53848956.0,1341.72978395303,68.557
Thailand,THA,1990,54738329.0,1559.11209344755,68.924
Thailand,THA,1991,55637434.0,1765.62267359529,69.132
Thailand,THA,1992,56528834.0,1971.60879910694,69.353
Thailand,THA,1993,57408198.0,2245.13688708983,69.568
Thailand,THA,1994,58260854.0,2517.70732641683,69.661
Thailand,THA,1995,59098232.0,2864.36515719866,69.757
Thailand,THA,1996,59920064.0,3054.65690806473,69.94
Thailand,THA,1997,60724584.0,2473.14096982086,70.362
Thailand,THA,1998,61522630.0,1847.70379269771,70.703
Thailand,THA,1999,62299043.0,2033.24490520569,70.979
Thailand,THA,2000,63007815.0,2005.97694514234,71.205
Thailand,THA,2001,63651141.0,1889.93432467144,71.52
Thailand,THA,2002,64266437.0,2089.75183111554,71.775
Thailand,THA,2003,64868166.0,2347.54001286066,72.101
Thailand,THA,2004,65452047.0,2641.56268717857,72.1
Thailand,THA,2005,66017420.0,2867.70383436062,72.894
Thailand,THA,2006,66567687.0,3331.32043511773,73.341
Thailand,THA,2007,67102394.0,3918.52817434581,73.779
Thailand,THA,2008,67619830.0,4309.13509292986,74.221
Thailand,THA,2009,68121080.0,4135.43986952819,74.669
Thailand,THA,2010,68579447.0,4973.86288823778,75.012
Thailand,THA,2011,69007208.0,5373.6232832898,75.302
Thailand,THA,2012,69436098.0,5725.52802835463,75.59
Thailand,THA,2013,69845114.0,6018.08244729255,75.96
Thailand,THA,2014,70216367.0,5801.1978916205,76.279
Thailand,THA,2015,70540795.0,5688.85335397884,76.563
Thailand,THA,2016,70859841.0,5833.57715617098,76.769
Thailand,THA,2017,71160187.0,6413.09182530343,76.989
Thailand,THA,2018,71376079.0,7099.77650081458,77.19
Thailand,THA,2019,71522271.0,7605.69657797759,77.197
Thailand,THA,2020,71641484.0,6985.64393892574,77.331
Thailand,THA,2021,71727332.0,7057.20754802279,77.606
Thailand,THA,2022,71735329.0,6909.35281815827,75.291
Thailand,THA,2023,71702435.0,7195.10130919449,76.412
Timor-Leste,TLS,1990,760345.0,168.621010199317,45.185
Timor-Leste,TLS,1991,778278.0,189.794649212749,45.076
Timor-Leste,TLS,1992,799318.0,235.064767714477,46.19
Timor-Leste,TLS,1993,821437.0,264.066994790836,47.008
Timor-Leste,TLS,1994,844493.0,283.058000480762,47.861
Timor-Leste,TLS,1995,868146.0,302.736982028369,47.543
Timor-Leste,TLS,1996,892282.0,344.013327625123,48.26
Timor-Leste,TLS,1997,917184.0,348.86424098109,48.968
Timor-Leste,TLS,1998,942530.0,345.59090957317,48.583
Timor-Leste,TLS,1999,834697.0,269.987312761397,45.246
Timor-Leste,TLS,2000,745088.0,492.457637913906,58.097
Timor-Leste,TLS,2001,812249.0,587.700634429079,58.772
Timor-Leste,TLS,2002,879159.0,533.982465942154,59.477
Timor-Leste,TLS,2003,916878.0,534.901171348385,60.13
Timor-Leste,TLS,2004,929074.0,474.420726695663,60.743
Timor-Leste,TLS,2005,948311.0,487.464506929223,61.272
Timor-Leste,TLS,2006,976597.0,464.667016791076,61.881
Timor-Leste,TLS,2007,1004889.0,540.154630518785,62.396
Timor-Leste,TLS,2008,1032429.0,628.153191495026,62.858
Timor-Leste,TLS,2009,1058782.0,686.579329690731,63.265
Timor-Leste,TLS,2010,1084679.0,813.060220670369,63.66
Timor-Leste,TLS,2011,1110207.0,939.045238884406,64.022
Timor-Leste,TLS,2012,1134885.0,1022.61906675901,64.384
Timor-Leste,TLS,2013,1158695.0,1204.56843320518,64.719
Timor-Leste,TLS,2014,1181903.0,1224.74956308733,65.027
Timor-Leste,TLS,2015,1205131.0,1319.59295003154,65.326
Timor-Leste,TLS,2016,1228312.0,1335.54391073349,65.61
Timor-Leste,TLS,2017,1251703.0,1266.17771143471,65.898
Timor-Leste,TLS,2018,1275959.0,1219.46599728983,66.204
Timor-Leste,TLS,2019,1300945.0,1562.36458068032,66.496
Timor-Leste,TLS,2020,1326053.0,1630.86938521256,66.919
Timor-Leste,TLS,2021,1350139.0,2684.92676774277,66.199
Timor-Leste,TLS,2022,1369295.0,2343.24954740187,67.368
Timor-Leste,TLS,2023,1384286.0,1502.41147438211,67.689
Togo,TGO,1960,1673110.0,102.238985564471,43.536
Togo,TGO,1961,1702717.0,104.830748893841,43.745
Togo,TGO,1962,1732959.0,107.761209503061,44.001
Togo,TGO,1963,1765072.0,114.616211257053,44.274
Togo,TGO,1964,1803440.0,130.069304471372,44.6
Togo,TGO,1965,1853771.0,142.685102972499,44.917
Togo,TGO,1966,1918513.0,159.095922113344,45.227
Togo,TGO,1967,1995890.0,163.944828440613,45.615
Togo,TGO,1968,2080226.0,164.256944901945,46.022
Togo,TGO,1969,2164814.0,174.653254091407,46.354
Togo,TGO,1970,2244773.0,159.778184212523,46.782
Togo,TGO,1971,2317976.0,174.569696910771,47.232
Togo,TGO,1972,2384994.0,198.7610542599,47.692
Togo,TGO,1973,2448749.0,234.418057538789,48.139
Togo,TGO,1974,2511760.0,315.097902810358,48.593
Togo,TGO,1975,2574622.0,338.605700917386,49.046
Togo,TGO,1976,2637796.0,331.595624501807,49.509
Togo,TGO,1977,2701894.0,406.342301359026,50.163
Togo,TGO,1978,2768148.0,420.507009475158,50.902
Togo,TGO,1979,2839854.0,443.461428487243,51.515
Togo,TGO,1980,2920894.0,549.433466591605,52.146
Togo,TGO,1981,3013043.0,451.047897242509,52.781
Togo,TGO,1982,3115042.0,372.494829726432,53.273
Togo,TGO,1983,3222899.0,335.532470799693,53.769
Togo,TGO,1984,3332837.0,304.296330488676,54.094
Togo,TGO,1985,3441091.0,312.867204158294,54.361
Togo,TGO,1986,3547952.0,422.277296555811,54.614
Togo,TGO,1987,3657508.0,482.289598775121,54.821
Togo,TGO,1988,3769742.0,516.536238879357,54.901
Togo,TGO,1989,3883411.0,491.999321055752,54.732
Togo,TGO,1990,3998761.0,575.094511928654,54.557
Togo,TGO,1991,4115560.0,549.808011573,54.255
Togo,TGO,1992,4233617.0,564.71733648074,54.077
Togo,TGO,1993,4207453.0,414.013995214907,53.852
Togo,TGO,1994,4222940.0,328.600956079736,53.707
Togo,TGO,1995,4410832.0,419.220334892756,53.692
Togo,TGO,1996,4577860.0,452.068436882428,53.817
Togo,TGO,1997,4725030.0,448.001096915436,53.845
Togo,TGO,1998,4860913.0,461.158245854911,53.956
Togo,TGO,1999,5000269.0,445.291484100954,54.31
Togo,TGO,2000,5140037.0,409.889802792768,54.577
Togo,TGO,2001,5277382.0,396.692654520135,54.746
Togo,TGO,2002,5413274.0,445.238691488925,55.032
Togo,TGO,2003,5552167.0,538.16537776929,55.299
Togo,TGO,2004,5696508.0,560.266308533382,55.594
Togo,TGO,2005,5844631.0,551.259850017077,55.916
Togo,TGO,2006,6010668.0,552.50227125256,56.142
Togo,TGO,2007,6188344.0,607.587886721352,56.382
Togo,TGO,2008,6368812.0,718.948386717473,56.651
Togo,TGO,2009,6551865.0,720.693768151415,56.927
Togo,TGO,2010,6732590.0,704.986772286079,57.227
Togo,TGO,2011,6916474.0,783.988944671672,57.612
Togo,TGO,2012,7100736.0,762.39162379069,57.94
Togo,TGO,2013,7285442.0,826.542799987227,58.345
Togo,TGO,2014,7472450.0,855.584809246574,58.766
Togo,TGO,2015,7663195.0,751.051987587248,59.22
Togo,TGO,2016,7858289.0,772.581357620609,59.669
Togo,TGO,2017,8057140.0,792.765700965864,60.135
Togo,TGO,2018,8258778.0,851.120561233595,60.601
Togo,TGO,2019,8463068.0,826.255209019798,61.055
Togo,TGO,2020,8669720.0,863.468665870276,61.123
Togo,TGO,2021,8878379.0,962.075187515872,61.328
Togo,TGO,2022,9089738.0,951.232378690387,62.29
Togo,TGO,2023,9304337.0,1055.01727877926,62.739
Tonga,TON,1975,93017.0,349.470975414391,65.122
Tonga,TON,1976,95325.0,315.094854046623,65.418
Tonga,TON,1977,96725.0,352.953092694597,65.625
Tonga,TON,1978,97204.0,427.631287521076,65.854
Tonga,TON,1979,97544.0,457.916448085709,66.039
Tonga,TON,1980,97769.0,544.754241437563,66.186
Tonga,TON,1981,97909.0,635.712889829014,66.357
Tonga,TON,1982,97980.0,633.477863554833,66.327
Tonga,TON,1983,97998.0,621.073531745178,66.652
Tonga,TON,1984,97990.0,655.66235882708,66.806
Tonga,TON,1985,97984.0,612.943575629463,66.928
Tonga,TON,1986,98010.0,695.805077185729,67.058
Tonga,TON,1987,98376.0,830.153019585043,67.189
Tonga,TON,1988,98969.0,1077.6835915018,67.321
Tonga,TON,1989,99403.0,1069.83546760253,67.445
Tonga,TON,1990,99700.0,1139.0553819198,67.539
Tonga,TON,1991,99895.0,1323.40098550339,67.749
Tonga,TON,1992,100022.0,1370.36142598699,67.927
Tonga,TON,1993,100103.0,1383.47386584881,68.157
Tonga,TON,1994,100166.0,1956.66180354821,68.371
Tonga,TON,1995,100225.0,2084.02759539718,68.592
Tonga,TON,1996,100275.0,2214.91474789811,68.803
Tonga,TON,1997,100674.0,2135.52111086276,69.012
Tonga,TON,1998,101388.0,1888.83194028282,69.224
Tonga,TON,1999,102046.0,1952.14626248861,69.431
Tonga,TON,2000,102677.0,1995.07667546271,69.635
Tonga,TON,2001,103288.0,1753.51667576626,69.8
Tonga,TON,2002,103874.0,1759.4805324576,70.03
Tonga,TON,2003,104464.0,1936.04104012389,70.228
Tonga,TON,2004,105071.0,2195.44890047673,70.433
Tonga,TON,2005,105671.0,2477.72620144825,70.56
Tonga,TON,2006,106253.0,2750.34778600857,70.71
Tonga,TON,2007,106726.0,2797.06560109144,70.887
Tonga,TON,2008,107020.0,3218.45303993196,71.041
Tonga,TON,2009,107203.0,2914.23774004564,70.949
Tonga,TON,2010,107400.0,3416.08356601207,71.319
Tonga,TON,2011,107570.0,3849.99375750134,71.437
Tonga,TON,2012,107460.0,4384.17058724217,71.546
Tonga,TON,2013,107078.0,4219.24670113014,71.65
Tonga,TON,2014,106609.0,4136.59013792529,71.721
Tonga,TON,2015,106095.0,4123.90323993332,71.851
Tonga,TON,2016,105524.0,3987.98626206287,71.951
Tonga,TON,2017,105356.0,4365.92932788383,72.066
Tonga,TON,2018,105567.0,4675.04791274385,72.169
Tonga,TON,2019,105669.0,4788.83342304684,72.292
Tonga,TON,2020,105704.0,4792.35854741522,72.379
Tonga,TON,2021,105490.0,4922.80171378368,72.13
Tonga,TON,2022,105042.0,5298.01941509951,72.635
Tonga,TON,2023,104597.0,5651.59373063157,72.895
Trinidad and Tobago,TTO,1960,844943.0,633.975608394336,62.505
Trinidad and Tobago,TTO,1961,863144.0,677.713824022157,62.965
Trinidad and Tobago,TTO,1962,880194.0,703.620804079905,63.429
Trinidad and Tobago,TTO,1963,896804.0,756.284906625836,63.633
Trinidad and Tobago,TTO,1964,912963.0,779.766014894579,63.978
Trinidad and Tobago,TTO,1965,928425.0,793.357738715678,64.195
Trinidad and Tobago,TTO,1966,942937.0,767.537870840813,64.316
Trinidad and Tobago,TTO,1967,956418.0,796.703860051473,64.471
Trinidad and Tobago,TTO,1968,969006.0,783.173633599792,64.626
Trinidad and Tobago,TTO,1969,980706.0,794.529655166788,64.753
Trinidad and Tobago,TTO,1970,991471.0,828.919857464313,64.869
Trinidad and Tobago,TTO,1971,1002585.0,894.45305348288,64.934
Trinidad and Tobago,TTO,1972,1014921.0,1067.46412567566,65.183
Trinidad and Tobago,TTO,1973,1027851.0,1273.3221357336,65.412
Trinidad and Tobago,TTO,1974,1040761.0,1962.02689234886,65.512
Trinidad and Tobago,TTO,1975,1053469.0,2318.69169815563,65.647
Trinidad and Tobago,TTO,1976,1066311.0,2344.93028321949,66.032
Trinidad and Tobago,TTO,1977,1079554.0,2907.3734770717,66.17
Trinidad and Tobago,TTO,1978,1093380.0,3258.0927567116,66.198
Trinidad and Tobago,TTO,1979,1107639.0,4155.1594201721,66.422
Trinidad and Tobago,TTO,1980,1121744.0,5559.05209507101,66.507
Trinidad and Tobago,TTO,1981,1135132.0,6159.70947284839,66.459
Trinidad and Tobago,TTO,1982,1147927.0,7091.40621892043,66.382
Trinidad and Tobago,TTO,1983,1160534.0,6689.80831238034,66.44
Trinidad and Tobago,TTO,1984,1172984.0,6613.11947420709,66.556
Trinidad and Tobago,TTO,1985,1187366.0,6212.00065299742,66.748
Trinidad and Tobago,TTO,1986,1203124.0,3984.99609719733,66.903
Trinidad and Tobago,TTO,1987,1217364.0,3941.12013972631,67.135
Trinidad and Tobago,TTO,1988,1230069.0,3655.81977035897,67.379
Trinidad and Tobago,TTO,1989,1241600.0,3481.84505761067,67.518
Trinidad and Tobago,TTO,1990,1252208.0,4047.25093594674,67.591
Trinidad and Tobago,TTO,1991,1262171.0,4205.37778348016,67.782
Trinidad and Tobago,TTO,1992,1271674.0,4277.47436935604,67.78
Trinidad and Tobago,TTO,1993,1280466.0,3646.71231742803,67.825
Trinidad and Tobago,TTO,1994,1288341.0,3839.96290233114,67.837
Trinidad and Tobago,TTO,1995,1295169.0,4114.68908475464,67.995
Trinidad and Tobago,TTO,1996,1300928.0,4427.27832448289,68.039
Trinidad and Tobago,TTO,1997,1305836.0,4393.94496943068,68.143
Trinidad and Tobago,TTO,1998,1310225.0,4612.70900312686,68.331
Trinidad and Tobago,TTO,1999,1314708.0,5179.08350809274,68.509
Trinidad and Tobago,TTO,2000,1319774.0,6178.58975559687,68.629
Trinidad and Tobago,TTO,2001,1325567.0,6657.41466937221,68.874
Trinidad and Tobago,TTO,2002,1332011.0,6762.93080808096,69.232
Trinidad and Tobago,TTO,2003,1338709.0,8445.04653518298,69.454
Trinidad and Tobago,TTO,2004,1345380.0,9871.03419820086,69.879
Trinidad and Tobago,TTO,2005,1294494.0,12346.4373094075,70.185
Trinidad and Tobago,TTO,2006,1297944.0,14152.6607422113,70.437
Trinidad and Tobago,TTO,2007,1303188.0,16606.675360681,70.797
Trinidad and Tobago,TTO,2008,1308587.0,21298.9945258063,71.117
Trinidad and Tobago,TTO,2009,1310106.0,14634.0565003912,71.404
Trinidad and Tobago,TTO,2010,1317714.0,16815.424737361,71.809
Trinidad and Tobago,TTO,2011,1328019.0,19151.0870229722,72.232
Trinidad and Tobago,TTO,2012,1335194.0,20332.1389531925,72.513
Trinidad and Tobago,TTO,2013,1340557.0,21304.9777496628,72.785
Trinidad and Tobago,TTO,2014,1345343.0,21908.3014555644,72.898
Trinidad and Tobago,TTO,2015,1349667.0,19887.2327716498,72.882
Trinidad and Tobago,TTO,2016,1353895.0,17449.1538801956,72.935
Trinidad and Tobago,TTO,2017,1356633.0,17566.0999700656,72.984
Trinidad and Tobago,TTO,2018,1359193.0,17571.498737278,72.658
Trinidad and Tobago,TTO,2019,1363985.0,17212.6128892163,72.836
Trinidad and Tobago,TTO,2020,1366725.0,15283.6270531554,72.645
Trinidad and Tobago,TTO,2021,1367558.0,17712.5674104655,71.111
Trinidad and Tobago,TTO,2022,1365805.0,20750.5202434652,73.331
Trinidad and Tobago,TTO,2023,1367510.0,18308.4536298575,73.49
Tunisia,TUN,1961,4316278.0,200.671835449762,44.257
Tunisia,TUN,1962,4369136.0,201.419166932165,45.562
Tunisia,TUN,1963,4427131.0,231.91940785127,46.412
Tunisia,TUN,1964,4489869.0,228.484793689273,47.272
Tunisia,TUN,1965,4561385.0,217.269013478937,48.204
Tunisia,TUN,1966,4652287.0,223.750680246593,49.158
Tunisia,TUN,1967,4760970.0,228.044765187406,50.157
Tunisia,TUN,1968,4879899.0,248.91225549272,51.342
Tunisia,TUN,1969,5004697.0,257.738832521682,52.297
Tunisia,TUN,1970,5131396.0,280.476910228346,53.792
Tunisia,TUN,1971,5261658.0,320.272102901124,54.906
Tunisia,TUN,1972,5396557.0,414.626612581104,56.095
Tunisia,TUN,1973,5537242.0,493.172121667472,57.115
Tunisia,TUN,1974,5684674.0,623.75935280482,58.251
Tunisia,TUN,1975,5839262.0,741.35491566103,59.306
Tunisia,TUN,1976,5996994.0,751.741946408618,60.313
Tunisia,TUN,1977,6155931.0,829.983963323177,61.256
Tunisia,TUN,1978,6309390.0,945.964678061001,62.147
Tunisia,TUN,1979,6456419.0,1113.44445018775,62.929
Tunisia,TUN,1980,6606195.0,1323.62643763339,63.669
Tunisia,TUN,1981,6758284.0,1247.12801268551,64.374
Tunisia,TUN,1982,6908642.0,1177.30518554913,65.01
Tunisia,TUN,1983,7053800.0,1183.8417233031,65.696
Tunisia,TUN,1984,7220044.0,1143.2812867658,66.294
Tunisia,TUN,1985,7409903.0,1134.99813055736,66.877
Tunisia,TUN,1986,7600301.0,1186.50651525734,67.429
Tunisia,TUN,1987,7789987.0,1244.76663577347,68.011
Tunisia,TUN,1988,7974440.0,1266.07583258953,68.456
Tunisia,TUN,1989,8151660.0,1239.23860226784,68.825
Tunisia,TUN,1990,8324509.0,1476.43160477311,69.092
Tunisia,TUN,1991,8501827.0,1537.87916511306,69.398
Tunisia,TUN,1992,8682512.0,1784.81850188268,69.684
Tunisia,TUN,1993,8857910.0,1649.18537309075,69.992
Tunisia,TUN,1994,9018448.0,1733.46614673506,70.363
Tunisia,TUN,1995,9161258.0,1968.16600944373,70.785
Tunisia,TUN,1996,9294432.0,2107.40815649257,71.247
Tunisia,TUN,1997,9421270.0,2202.06090620956,71.67
Tunisia,TUN,1998,9541667.0,2285.01933541864,72.067
Tunisia,TUN,1999,9655963.0,2376.06566791596,72.344
Tunisia,TUN,2000,9764935.0,2199.04465936314,72.604
Tunisia,TUN,2001,9869677.0,2235.71981624751,72.822
Tunisia,TUN,2002,9971515.0,2320.7723805785,73.07
Tunisia,TUN,2003,10071632.0,2725.8643148859,73.304
Tunisia,TUN,2004,10166163.0,3067.41936376975,73.519
Tunisia,TUN,2005,10255472.0,3146.8260743927,73.712
Tunisia,TUN,2006,10346410.0,3322.56933570096,73.888
Tunisia,TUN,2007,10441702.0,3726.91672935667,74.039
Tunisia,TUN,2008,10542635.0,4255.05008019523,74.192
Tunisia,TUN,2009,10650681.0,4080.09032448781,74.32
Tunisia,TUN,2010,10765980.0,4291.86120891575,74.438
Tunisia,TUN,2011,10886035.0,4420.64772206537,74.471
Tunisia,TUN,2012,11009647.0,4297.26782454273,74.599
Tunisia,TUN,2013,11141361.0,4369.79345826358,74.674
Tunisia,TUN,2014,11274288.0,4458.97895464547,74.784
Tunisia,TUN,2015,11402264.0,4014.94773686432,74.875
Tunisia,TUN,2016,11528674.0,3847.80354448809,75.007
Tunisia,TUN,2017,11650498.0,3619.03247319953,75.177
Tunisia,TUN,2018,11765514.0,3628.10366464236,75.37
Tunisia,TUN,2019,11875081.0,3528.87213306798,75.599
Tunisia,TUN,2020,11974057.0,3548.65363663803,75.004
Tunisia,TUN,2021,12048622.0,3906.93926319391,72.893
Tunisia,TUN,2022,12119334.0,3707.29283414381,76.05
Tunisia,TUN,2023,12200431.0,3951.11683376921,76.508
Turkiye,TUR,1960,28329898.0,267.091207552765,50.799
Turkiye,TUR,1961,29119238.0,274.350890943262,51.558
Turkiye,TUR,1962,29916147.0,298.241020884883,52.347
Turkiye,TUR,1963,30726841.0,337.019856859205,53.12
Turkiye,TUR,1964,31543072.0,354.365541117168,53.6
Turkiye,TUR,1965,32345220.0,369.967082204625,54.105
Turkiye,TUR,1966,33177672.0,424.984610131778,54.57
Turkiye,TUR,1967,34050421.0,459.449369053159,55.183
Turkiye,TUR,1968,34921684.0,501.12130904111,55.639
Turkiye,TUR,1969,35787774.0,543.947401329478,56.179
Turkiye,TUR,1970,36638465.0,487.565086682435,56.702
Turkiye,TUR,1971,37518611.0,430.897259673783,57.223
Turkiye,TUR,1972,38430221.0,537.337529232528,57.971
Turkiye,TUR,1973,39329533.0,661.080821885172,58.455
Turkiye,TUR,1974,40210234.0,880.728167716848,59.019
Turkiye,TUR,1975,41053126.0,1121.54326914976,59.513
Turkiye,TUR,1976,41899984.0,1227.92409658199,60.014
Turkiye,TUR,1977,42773298.0,1371.96185651463,60.846
Turkiye,TUR,1978,43645306.0,1510.18531064944,61.614
Turkiye,TUR,1979,44510429.0,2013.37374286503,62.161
Turkiye,TUR,1980,45408815.0,1515.64589850068,62.739
Turkiye,TUR,1981,46321190.0,1536.66562064101,63.194
Turkiye,TUR,1982,47322096.0,1360.23825219775,63.74
Turkiye,TUR,1983,48447410.0,1275.68337617131,64.269
Turkiye,TUR,1984,49574069.0,1209.05149383313,64.81
Turkiye,TUR,1985,50687115.0,1326.42701445307,65.344
Turkiye,TUR,1986,51777772.0,1461.49658654754,65.87
Turkiye,TUR,1987,52843670.0,1649.96264794402,66.379
Turkiye,TUR,1988,53909626.0,1685.69479240535,66.902
Turkiye,TUR,1989,54976723.0,1948.59179454794,67.365
Turkiye,TUR,1990,56015628.0,2689.52621921233,67.835
Turkiye,TUR,1991,57009887.0,2649.27259974439,68.287
Turkiye,TUR,1992,57990118.0,2743.65320297936,68.603
Turkiye,TUR,1993,58999167.0,3057.93737480422,69.018
Turkiye,TUR,1994,60033836.0,2176.2801813809,69.402
Turkiye,TUR,1995,61024503.0,3845.98997887841,69.734
Turkiye,TUR,1996,61951134.0,4041.36210281686,70.245
Turkiye,TUR,1997,62852966.0,4197.37636165642,70.668
Turkiye,TUR,1998,63734383.0,4331.02761275037,71.144
Turkiye,TUR,1999,64591923.0,3973.77763854116,70.752
Turkiye,TUR,2000,65425961.0,4199.3798635759,71.931
Turkiye,TUR,2001,66245128.0,3052.2256706793,72.271
Turkiye,TUR,2002,67048795.0,3591.08628982587,72.605
Turkiye,TUR,2003,67831730.0,4649.63668068586,72.906
Turkiye,TUR,2004,68592617.0,5979.6054216148,73.223
Turkiye,TUR,2005,69329557.0,7331.85429430255,73.51
Turkiye,TUR,2006,70045349.0,7990.08251407245,73.804
Turkiye,TUR,2007,70158112.0,9766.91734545294,74.129
Turkiye,TUR,2008,71051678.0,10913.4079047769,74.38
Turkiye,TUR,2009,72039206.0,9076.92472236977,74.679
Turkiye,TUR,2010,73142150.0,10698.9699409757,74.964
Turkiye,TUR,2011,74223629.0,11373.6355760885,74.823
Turkiye,TUR,2012,75175827.0,11776.7593362033,75.552
Turkiye,TUR,2013,76147624.0,12635.5570016068,76.171
Turkiye,TUR,2014,77181884.0,12209.3862327674,76.452
Turkiye,TUR,2015,78218479.0,11064.6494504662,76.539
Turkiye,TUR,2016,79277962.0,10984.3643169061,76.595
Turkiye,TUR,2017,80312698.0,10756.3877677883,77.037
Turkiye,TUR,2018,81407204.0,9684.11819884721,77.454
Turkiye,TUR,2019,82579440.0,9395.23378001368,77.737
Turkiye,TUR,2020,83384680.0,8798.11791709313,76.525
Turkiye,TUR,2021,84147318.0,9981.76398411336,75.722
Turkiye,TUR,2022,84979913.0,10897.8397861365,77.591
Turkiye,TUR,2023,85325965.0,13375.0947282864,77.156
Turkmenistan,TKM,1987,3452731.0,675.221678074412,63.531
Turkmenistan,TKM,1988,3559363.0,845.932942002334,63.699
Turkmenistan,TKM,1989,3662459.0,821.029864511916,63.782
Turkmenistan,TKM,1990,3760562.0,848.155047388424,63.867
Turkmenistan,TKM,1991,3855894.0,831.99873207474,63.842
Turkmenistan,TKM,1992,3944689.0,811.354156451902,63.753
Turkmenistan,TKM,1993,4032407.0,788.418914207107,63.586
Turkmenistan,TKM,1994,4116662.0,622.13478015809,63.515
Turkmenistan,TKM,1995,4191203.0,592.247247321132,63.514
Turkmenistan,TKM,1996,4263819.0,557.894220051334,63.538
Turkmenistan,TKM,1997,4336730.0,565.022638048501,63.667
Turkmenistan,TKM,1998,4410507.0,590.791293266381,63.966
Turkmenistan,TKM,1999,4492170.0,545.519003106054,64.475
Turkmenistan,TKM,2000,4582677.0,633.835487638011,64.931
Turkmenistan,TKM,2001,4675409.0,756.034976276398,65.325
Turkmenistan,TKM,2002,4769465.0,935.540801478466,65.593
Turkmenistan,TKM,2003,4863865.0,1228.94870289404,65.854
Turkmenistan,TKM,2004,4958093.0,1379.23009682692,66.055
Turkmenistan,TKM,2005,5052257.0,1604.01618452312,66.275
Turkmenistan,TKM,2006,5147105.0,1996.59310717308,66.574
Turkmenistan,TKM,2007,5244046.0,2414.96071986964,67.02
Turkmenistan,TKM,2008,5345029.0,3605.50395120549,67.584
Turkmenistan,TKM,2009,5451592.0,3707.97850699617,68.155
Turkmenistan,TKM,2010,5564356.0,4058.53937000739,68.608
Turkmenistan,TKM,2011,5683417.0,5143.61929334647,68.87
Turkmenistan,TKM,2012,5808546.0,6053.8748468749,68.961
Turkmenistan,TKM,2013,5939341.0,6599.64529055481,68.968
Turkmenistan,TKM,2014,6075283.0,7164.14536184006,69.001
Turkmenistan,TKM,2015,6215770.0,5759.497903834,69.061
Turkmenistan,TKM,2016,6360041.0,5686.98040962764,69.142
Turkmenistan,TKM,2017,6507061.0,5828.4816623489,69.19
Turkmenistan,TKM,2018,6655524.0,6125.05169712085,69.272
Turkmenistan,TKM,2019,6803944.0,5998.0017434754,69.405
Turkmenistan,TKM,2020,6949912.0,5972.72356566861,68.846
Turkmenistan,TKM,2021,7092043.0,5723.30227157906,69.353
Turkmenistan,TKM,2022,7230193.0,5837.84224538947,69.913
Turkmenistan,TKM,2023,7364438.0,6231.91323839698,70.073
Turks and Caicos Islands,TCA,2001,19576.0,18325.7458111974,74.409
Turks and Caicos Islands,TCA,2002,20597.0,17803.9471767733,74.843
Turks and Caicos Islands,TCA,2003,21727.0,18859.1890274773,75.262
Turks and Caicos Islands,TCA,2004,22856.0,21246.00980049,75.63
Turks and Caicos Islands,TCA,2005,23988.0,24122.3028180757,75.954
Turks and Caicos Islands,TCA,2006,25123.0,28734.2873064523,76.197
Turks and Caicos Islands,TCA,2007,26270.0,29443.8523030072,76.427
Turks and Caicos Islands,TCA,2008,27427.0,31453.8228752689,76.084
Turks and Caicos Islands,TCA,2009,28588.0,24596.8938015951,76.672
Turks and Caicos Islands,TCA,2010,29739.0,23093.8498268267,76.784
Turks and Caicos Islands,TCA,2011,30846.0,27327.4006354146,76.87
Turks and Caicos Islands,TCA,2012,32127.0,25923.6156503875,76.969
Turks and Caicos Islands,TCA,2013,33653.0,25653.819867471,77.1
Turks and Caicos Islands,TCA,2014,35050.0,27292.5820256776,77.212
Turks and Caicos Islands,TCA,2015,36605.0,29457.0140691162,77.321
Turks and Caicos Islands,TCA,2016,38315.0,31373.5612684327,77.437
Turks and Caicos Islands,TCA,2017,39913.0,30014.2309523213,77.505
Turks and Caicos Islands,TCA,2018,41559.0,31625.616593277,77.596
Turks and Caicos Islands,TCA,2019,43166.0,31780.5217068989,77.691
Turks and Caicos Islands,TCA,2020,44386.0,20690.9160546118,77.499
Turks and Caicos Islands,TCA,2021,45243.0,27329.2885087196,77.234
Turks and Caicos Islands,TCA,2022,45847.0,31280.5418020808,77.918
Turks and Caicos Islands,TCA,2023,46198.0,35470.2151608295,78.008
Tuvalu,TUV,1970,5663.0,456.640627603398,55.347
Tuvalu,TUV,1971,5685.0,477.922530255047,55.971
Tuvalu,TUV,1972,5692.0,521.514044962269,54.694
Tuvalu,TUV,1973,5681.0,600.583601271126,57.197
Tuvalu,TUV,1974,5822.0,708.060574746717,57.693
Tuvalu,TUV,1975,6117.0,656.326312583979,58.253
Tuvalu,TUV,1976,6404.0,611.972553080204,58.773
Tuvalu,TUV,1977,6686.0,548.821356812662,59.201
Tuvalu,TUV,1978,6957.0,546.037352781083,59.571
Tuvalu,TUV,1979,7184.0,565.932549315669,59.879
Tuvalu,TUV,1980,7366.0,571.0192959143,60.217
Tuvalu,TUV,1981,7526.0,634.203764501491,60.489
Tuvalu,TUV,1982,7664.0,537.440652615639,60.746
Tuvalu,TUV,1983,7789.0,533.130094256608,60.938
Tuvalu,TUV,1984,7902.0,567.195381239419,61.052
Tuvalu,TUV,1985,8046.0,480.095933768573,61.137
Tuvalu,TUV,1986,8217.0,556.736790985481,61.207
Tuvalu,TUV,1987,8371.0,599.750746530394,61.286
Tuvalu,TUV,1988,8518.0,823.087505442832,61.367
Tuvalu,TUV,1989,8662.0,976.047477175313,61.506
Tuvalu,TUV,1990,8798.0,1084.66707221699,61.643
Tuvalu,TUV,1991,8928.0,1134.33175551477,61.809
Tuvalu,TUV,1992,9038.0,1165.63710360353,60.29
Tuvalu,TUV,1993,9126.0,1141.17904410247,62.11
Tuvalu,TUV,1994,9207.0,1278.65870076399,62.317
Tuvalu,TUV,1995,9280.0,1284.76446104166,62.505
Tuvalu,TUV,1996,9342.0,1427.80960501753,62.709
Tuvalu,TUV,1997,9400.0,1461.08618049276,62.942
Tuvalu,TUV,1998,9451.0,1459.64937141718,63.162
Tuvalu,TUV,1999,9496.0,1558.60396569869,63.346
Tuvalu,TUV,2000,9544.0,1579.41906275542,63.536
Tuvalu,TUV,2001,9586.0,1456.78409421177,63.709
Tuvalu,TUV,2002,9623.0,1750.25175052348,63.825
Tuvalu,TUV,2003,9695.0,2006.84249941442,63.897
Tuvalu,TUV,2004,9816.0,2322.56265072892,63.989
Tuvalu,TUV,2005,9940.0,2304.82694329052,64.096
Tuvalu,TUV,2006,10056.0,2396.26844307702,64.247
Tuvalu,TUV,2007,10182.0,2794.16310084119,64.402
Tuvalu,TUV,2008,10321.0,3088.30877413836,64.516
Tuvalu,TUV,2009,10461.0,2683.96749549583,64.693
Tuvalu,TUV,2010,10614.0,3024.8170790571,64.834
Tuvalu,TUV,2011,10780.0,3636.08139989792,64.96
Tuvalu,TUV,2012,10934.0,3598.46163091053,65.079
Tuvalu,TUV,2013,11001.0,3510.21640142483,65.171
Tuvalu,TUV,2014,10984.0,3528.85858102782,65.278
Tuvalu,TUV,2015,10963.0,3357.83417700071,65.365
Tuvalu,TUV,2016,10930.0,3808.69755015909,65.51
Tuvalu,TUV,2017,10869.0,4165.66338700106,65.683
Tuvalu,TUV,2018,10751.0,4466.12034928245,65.871
Tuvalu,TUV,2019,10581.0,5115.13075950206,66.109
Tuvalu,TUV,2020,10399.0,4976.11254109571,66.357
Tuvalu,TUV,2021,10194.0,5905.08198095343,65.824
Tuvalu,TUV,2022,9992.0,5911.32727055301,66.852
Tuvalu,TUV,2023,9816.0,6344.7750188689,67.105
Uganda,UGA,1960,7640973.0,55.3784976132181,45.633
Uganda,UGA,1961,7862217.0,56.1759278091596,46.271
Uganda,UGA,1962,8092231.0,55.5048704604887,46.821
Uganda,UGA,1963,8333663.0,61.9553768191835,47.378
Uganda,UGA,1964,8586363.0,68.6259930194368,47.846
Uganda,UGA,1965,8849203.0,99.9527652325075,48.303
Uganda,UGA,1966,9122864.0,101.435414620908,48.463
Uganda,UGA,1967,9408924.0,102.80034732844,49.006
Uganda,UGA,1968,9708632.0,106.851228104531,49.285
Uganda,UGA,1969,10014858.0,116.682296330854,49.505
Uganda,UGA,1970,10321603.0,122.030929585629,49.621
Uganda,UGA,1971,10618206.0,133.468088316131,47.147
Uganda,UGA,1972,10885796.0,136.964736487473,47.162
Uganda,UGA,1973,11144236.0,152.709417587824,46.992
Uganda,UGA,1974,11424846.0,183.71757196626,46.861
Uganda,UGA,1975,11725240.0,201.237292844799,46.517
Uganda,UGA,1976,12037294.0,203.309813650809,46.169
Uganda,UGA,1977,12359669.0,237.584889064205,45.84
Uganda,UGA,1978,12692113.0,190.690145097606,45.596
Uganda,UGA,1979,13002163.0,164.513012181127,45.385
Uganda,UGA,1980,13275741.0,93.7506991135184,43.453
Uganda,UGA,1981,13556452.0,98.6467550654109,43.456
Uganda,UGA,1982,13873631.0,156.952422909331,43.309
Uganda,UGA,1983,14221881.0,157.527216922525,43.489
Uganda,UGA,1984,14607677.0,247.516937638636,43.706
Uganda,UGA,1985,15023681.0,234.276502777526,45.496
Uganda,UGA,1986,15467579.0,253.643058810817,45.651
Uganda,UGA,1987,15954170.0,392.97074320479,47.36
Uganda,UGA,1988,16470483.0,395.187660960924,47.476
Uganda,UGA,1989,17010698.0,310.186025249445,47.488
Uganda,UGA,1990,17569897.0,244.987168126806,47.561
Uganda,UGA,1991,18155901.0,182.955897348348,47.549
Uganda,UGA,1992,18785032.0,152.113542415537,47.671
Uganda,UGA,1993,19445161.0,165.616476211716,47.681
Uganda,UGA,1994,20108801.0,198.441987998795,47.675
Uganda,UGA,1995,20665667.0,278.520835668767,47.706
Uganda,UGA,1996,21231550.0,284.698259285733,47.759
Uganda,UGA,1997,21856046.0,286.846637912964,48.026
Uganda,UGA,1998,22515806.0,292.453037058835,48.263
Uganda,UGA,1999,23257281.0,257.921949601357,48.977
Uganda,UGA,2000,24000150.0,258.050338731086,49.64
Uganda,UGA,2001,24745676.0,236.021188853993,50.576
Uganda,UGA,2002,25532870.0,241.984688408335,51.443
Uganda,UGA,2003,26352124.0,250.71543664681,52.414
Uganda,UGA,2004,27154515.0,292.38185796262,53.699
Uganda,UGA,2005,27963289.0,330.405402707025,54.926
Uganda,UGA,2006,28794003.0,346.518255310647,56.118
Uganda,UGA,2007,29653430.0,401.389130865581,57.248
Uganda,UGA,2008,30539553.0,472.842681495852,58.253
Uganda,UGA,2009,31451151.0,798.947089938247,59.157
Uganda,UGA,2010,32390802.0,823.488144282,59.959
Uganda,UGA,2011,33354543.0,835.620060555838,60.791
Uganda,UGA,2012,34337438.0,795.222867553127,61.579
Uganda,UGA,2013,35337042.0,818.285427416713,62.353
Uganda,UGA,2014,36395539.0,896.054795546394,63.057
Uganda,UGA,2015,37531446.0,862.934610355811,63.831
Uganda,UGA,2016,38799152.0,752.696571725656,64.494
Uganda,UGA,2017,40177388.0,765.218332297361,65.174
Uganda,UGA,2018,41565831.0,792.16570022814,65.775
Uganda,UGA,2019,42999637.0,822.171150036357,66.354
Uganda,UGA,2020,44457152.0,845.766463890124,66.41
Uganda,UGA,2021,45910930.0,882.791717542504,66.45
Uganda,UGA,2022,47312719.0,963.067314117178,67.675
Uganda,UGA,2023,48656601.0,1002.30913917142,68.252
Ukraine,UKR,1987,51515732.0,1244.04125976563,71.179
Ukraine,UKR,1988,51724853.0,1444.248046875,71.04
Ukraine,UKR,1989,51917817.0,1593.07861328125,70.839
Ukraine,UKR,1990,52054092.0,1563.63415527344,70.354
Ukraine,UKR,1991,52170961.0,1482.6396484375,69.688
Ukraine,UKR,1992,52323671.0,1413.24011230469,68.947
Ukraine,UKR,1993,52350126.0,1254.02868652344,68.287
Ukraine,UKR,1994,52075998.0,1009.09405517578,67.534
Ukraine,UKR,1995,51665539.0,933.191772460938,67.114
Ukraine,UKR,1996,51226109.0,869.846069335938,67.097
Ukraine,UKR,1997,50786885.0,987.489807128906,67.658
Ukraine,UKR,1998,50379731.0,831.336791992188,67.993
Ukraine,UKR,1999,49976446.0,631.910461425781,68.004
Ukraine,UKR,2000,49556660.0,653.294311523438,67.786
Ukraine,UKR,2001,49106855.0,800.49072265625,67.675
Ukraine,UKR,2002,48677281.0,903.011901855469,67.699
Ukraine,UKR,2003,48315136.0,1076.48156738281,67.638
Ukraine,UKR,2004,47979507.0,1401.01806640625,67.472
Ukraine,UKR,2005,47585556.0,1875.33508300781,67.517
Ukraine,UKR,2006,47278694.0,2366.494140625,67.49
Ukraine,UKR,2007,47062798.0,3160.32763671875,67.715
Ukraine,UKR,2008,46819175.0,4017.806640625,68.262
Ukraine,UKR,2009,46623731.0,2607.08764648438,69.159
Ukraine,UKR,2010,46456003.0,3039.63232421875,70.188
Ukraine,UKR,2011,46307853.0,3656.69799804688,70.711
Ukraine,UKR,2012,46210056.0,3951.34228515625,71.09
Ukraine,UKR,2013,46126770.0,4129.89697265625,71.474
Ukraine,UKR,2014,45972380.0,3054.908203125,71.803
Ukraine,UKR,2015,45784896.0,2094.47387695313,72.686
Ukraine,UKR,2016,45616832.0,2158.46118164063,73.389
Ukraine,UKR,2017,45436041.0,2604.28759765625,73.993
Ukraine,UKR,2018,45208907.0,3059.0517578125,73.569
Ukraine,UKR,2019,44957458.0,3619.86157226563,73.92
Ukraine,UKR,2020,44680014.0,3709.76928710938,73.283
Ukraine,UKR,2021,44298640.0,4775.94580078125,71.631
Ukraine,UKR,2022,41048766.0,4199.6708984375,72.658
Ukraine,UKR,2023,37732836.0,5139.59814453125,73.422
United Arab Emirates,ARE,1970,286536.0,2394.06811471055,60.78
United Arab Emirates,ARE,1971,335027.0,2805.42642722587,61.753
United Arab Emirates,ARE,1972,385014.0,3675.41681419534,62.675
United Arab Emirates,ARE,1973,436399.0,9695.81418807304,63.542
United Arab Emirates,ARE,1974,489087.0,23822.9715560307,64.351
United Arab Emirates,ARE,1975,542856.0,27117.1880729614,65.105
United Arab Emirates,ARE,1976,615866.0,31196.9791785759,65.806
United Arab Emirates,ARE,1977,710209.0,35020.3604355962,66.471
United Arab Emirates,ARE,1978,809274.0,29379.1277424991,67.083
United Arab Emirates,ARE,1979,912010.0,34238.2864453187,67.645
United Arab Emirates,ARE,1980,1015700.0,42925.2338784407,68.157
United Arab Emirates,ARE,1981,1099855.0,44854.4800315615,68.622
United Arab Emirates,ARE,1982,1166370.0,39972.4946674594,69.056
United Arab Emirates,ARE,1983,1235305.0,34650.0041245988,69.448
United Arab Emirates,ARE,1984,1305996.0,32012.3141540273,69.802
United Arab Emirates,ARE,1985,1377911.0,29467.5419758929,70.123
United Arab Emirates,ARE,1986,1467383.0,23132.0739675988,70.41
United Arab Emirates,ARE,1987,1574244.0,23112.623420646,70.623
United Arab Emirates,ARE,1988,1681788.0,21569.7068852997,70.808
United Arab Emirates,ARE,1989,1789851.0,23166.7305903787,70.96
United Arab Emirates,ARE,1990,1898220.0,26709.993440327,71.074
United Arab Emirates,ARE,1991,2006626.0,25690.9686321448,71.144
United Arab Emirates,ARE,1992,2114730.0,25648.2727760844,71.166
United Arab Emirates,ARE,1993,2222093.0,25032.7822702907,71.159
United Arab Emirates,ARE,1994,2328188.0,25472.6396578979,71.204
United Arab Emirates,ARE,1995,2434662.0,27003.2006807782,71.392
United Arab Emirates,ARE,1996,2597564.0,28323.1650870532,71.82
United Arab Emirates,ARE,1997,2817410.0,27982.7957040564,72.559
United Arab Emirates,ARE,1998,3040421.0,24889.4269192279,73.66
United Arab Emirates,ARE,1999,3266009.0,25855.8605046587,74.982
United Arab Emirates,ARE,2000,3493575.0,29865.502347066,76.347
United Arab Emirates,ARE,2001,3723590.0,27745.1708087672,77.621
United Arab Emirates,ARE,2002,3956826.0,27753.6089526346,78.721
United Arab Emirates,ARE,2003,4192457.0,29659.5428567811,79.6
United Arab Emirates,ARE,2004,4428967.0,33376.7152295209,80.272
United Arab Emirates,ARE,2005,4664790.0,38719.3138307623,80.779
United Arab Emirates,ARE,2006,5009100.0,44342.6048322482,81.155
United Arab Emirates,ARE,2007,5624635.0,45854.7325158162,81.438
United Arab Emirates,ARE,2008,6302664.0,50054.1700681803,81.591
United Arab Emirates,ARE,2009,6707058.0,37803.0663738777,81.679
United Arab Emirates,ARE,2010,6869838.0,44795.2949302268,81.886
United Arab Emirates,ARE,2011,7104538.0,51921.904511613,81.898
United Arab Emirates,ARE,2012,7391448.0,53141.6124340099,81.913
United Arab Emirates,ARE,2013,7693031.0,53247.2409495441,81.95
United Arab Emirates,ARE,2014,8059440.0,52725.2358407934,81.99
United Arab Emirates,ARE,2015,8505237.0,44910.334995523,82.076
United Arab Emirates,ARE,2016,8935095.0,42721.0999383185,82.195
United Arab Emirates,ARE,2017,9223225.0,43733.6192287435,82.388
United Arab Emirates,ARE,2018,9346701.0,47135.3591943971,82.449
United Arab Emirates,ARE,2019,9445785.0,45938.6073581994,82.596
United Arab Emirates,ARE,2020,9401038.0,37991.7492971665,81.936
United Arab Emirates,ARE,2021,9575152.0,44118.5047192771,79.083
United Arab Emirates,ARE,2022,10074977.0,50759.7589231191,80.487
United Arab Emirates,ARE,2023,10483751.0,49850.6872175164,82.909
United Kingdom,GBR,1960,52400000.0,1397.5948032844,71.1268292682927
United Kingdom,GBR,1961,52800000.0,1472.38571407868,70.8780487804878
United Kingdom,GBR,1962,53250000.0,1525.77585271032,70.9268292682927
United Kingdom,GBR,1963,53650000.0,1613.45688373392,70.8268292682927
United Kingdom,GBR,1964,54000000.0,1748.2881176141,71.6243902439024
United Kingdom,GBR,1965,54348050.0,1873.56777435421,71.6243902439024
United Kingdom,GBR,1966,54648500.0,1986.74715869685,71.5731707317073
United Kingdom,GBR,1967,54943600.0,2058.78188198056,72.1243902439024
United Kingdom,GBR,1968,55211700.0,1951.75859587532,71.7243902439025
United Kingdom,GBR,1969,55441750.0,2100.66786858672,71.7219512195122
United Kingdom,GBR,1970,55663250.0,2347.54431773747,71.9731707317073
United Kingdom,GBR,1971,55896223.0,2649.80151387223,72.2731707317073
United Kingdom,GBR,1972,56086065.0,3030.43251411977,72.1243902439024
United Kingdom,GBR,1973,56194527.0,3426.27622050378,72.3243902439024
United Kingdom,GBR,1974,56229974.0,3665.8627976419,72.5243902439024
United Kingdom,GBR,1975,56225800.0,4299.74561799284,72.7243902439024
United Kingdom,GBR,1976,56211968.0,4138.16778761535,72.7756097560976
United Kingdom,GBR,1977,56193492.0,4681.43993173038,73.2243902439024
United Kingdom,GBR,1978,56196504.0,5976.93816899991,73.1756097560976
United Kingdom,GBR,1979,56246951.0,7804.76208051155,73.2756097560976
United Kingdom,GBR,1980,56314216.0,10032.062080015,73.6756097560976
United Kingdom,GBR,1981,56333829.0,9599.30622221965,74.0268292682927
United Kingdom,GBR,1982,56313641.0,9146.07735701852,74.1780487804878
United Kingdom,GBR,1983,56332848.0,8691.51881306514,74.3780487804878
United Kingdom,GBR,1984,56422072.0,8179.19444064991,74.7780487804878
United Kingdom,GBR,1985,56550268.0,8652.21654247593,74.6292682926829
United Kingdom,GBR,1986,56681396.0,10611.112210096,74.9292682926829
United Kingdom,GBR,1987,56802050.0,13118.586534629,75.280487804878
United Kingdom,GBR,1988,56928327.0,15987.1680775688,75.3804878048781
United Kingdom,GBR,1989,57076711.0,16239.2821960944,75.5829268292683
United Kingdom,GBR,1990,57247586.0,19095.4669984608,75.8804878048781
United Kingdom,GBR,1991,57424897.0,19900.7266505069,76.0829268292683
United Kingdom,GBR,1992,57580402.0,20487.1707852878,76.4341463414634
United Kingdom,GBR,1993,57718614.0,18389.0195675099,76.3853658536585
United Kingdom,GBR,1994,57865745.0,19709.2380983653,76.8853658536585
United Kingdom,GBR,1995,58019030.0,23252.6157127423,76.8365853658537
United Kingdom,GBR,1996,58166950.0,24503.3829602903,77.0878048780488
United Kingdom,GBR,1997,58316954.0,26910.1381529902,77.2109756097561
United Kingdom,GBR,1998,58487141.0,28396.3523548013,77.190243902439
United Kingdom,GBR,1999,58682466.0,28858.0065333126,77.390243902439
United Kingdom,GBR,2000,58892514.0,28383.8761094996,77.7414634146342
United Kingdom,GBR,2001,59119673.0,28013.8729635508,77.9926829268293
United Kingdom,GBR,2002,59370479.0,30158.7017807858,78.1439024390244
United Kingdom,GBR,2003,59647577.0,34556.7726095905,78.4463414634146
United Kingdom,GBR,2004,59987905.0,40504.4118103928,78.7463414634146
United Kingdom,GBR,2005,60401206.0,42240.2462987547,79.0487804878049
United Kingdom,GBR,2006,60846820.0,44695.161023424,79.2487804878049
United Kingdom,GBR,2007,61322463.0,50629.0799172887,79.4487804878049
United Kingdom,GBR,2008,61806995.0,47652.4030691881,79.6
United Kingdom,GBR,2009,62276270.0,39009.3715547821,80.0512195121951
United Kingdom,GBR,2010,62766365.0,39778.3220528565,80.4024390243902
United Kingdom,GBR,2011,63258810.0,42295.9273835322,80.9512195121951
United Kingdom,GBR,2012,63711000.0,42688.3263728372,80.9048780487805
United Kingdom,GBR,2013,64139000.0,43606.9837896348,81.0048780487805
United Kingdom,GBR,2014,64620000.0,47746.2421759562,81.3048780487805
United Kingdom,GBR,2015,65088000.0,45255.3449216209,80.9560975609756
United Kingdom,GBR,2016,65607000.0,41257.9085545556,81.1560975609756
United Kingdom,GBR,2017,65966000.0,40916.8115070354,81.2560975609756
United Kingdom,GBR,2018,66289000.0,43702.9976303165,81.2560975609756
United Kingdom,GBR,2019,66631000.0,43158.7411267323,81.3691219512195
United Kingdom,GBR,2020,66744000.0,40812.6794663879,80.331756097561
United Kingdom,GBR,2021,66984000.0,47691.3768799404,80.6473170731707
United Kingdom,GBR,2022,67604000.0,47057.043229179,81.0112195121951
United Kingdom,GBR,2023,68492000.0,49944.4702124201,81.2380975609756
United States,USA,1960,180671000.0,2999.86487154495,69.7707317073171
United States,USA,1961,183691000.0,3059.16082086127,70.2707317073171
United States,USA,1962,186538000.0,3236.01311150062,70.119512195122
United States,USA,1963,189242000.0,3366.36978960346,69.9170731707317
United States,USA,1964,191889000.0,3565.31443016356,70.1658536585366
United States,USA,1965,194303000.0,3818.28825117968,70.2146341463415
United States,USA,1966,196560000.0,4136.30829579106,70.2121951219512
United States,USA,1967,198712000.0,4325.95935063186,70.5609756097561
United States,USA,1968,200706000.0,4684.58840293763,69.9512195121951
United States,USA,1969,202677000.0,5019.99818634473,70.5073170731708
United States,USA,1970,205052000.0,5234.2966662115,70.8073170731707
United States,USA,1971,207661000.0,5609.38259952519,71.1073170731707
United States,USA,1972,209896000.0,6094.01798986165,71.1560975609756
United States,USA,1973,211909000.0,6726.35895596695,71.3560975609756
United States,USA,1974,213854000.0,7225.69135952566,71.9560975609756
United States,USA,1975,215973000.0,7801.45666356443,72.6048780487805
United States,USA,1976,218035000.0,8592.25353727612,72.8560975609756
United States,USA,1977,220239000.0,9452.57651914511,73.2560975609756
United States,USA,1978,222585000.0,10564.9482220275,73.3560975609756
United States,USA,1979,225055000.0,11674.1818666548,73.8048780487805
United States,USA,1980,227225000.0,12574.7915062163,73.609756097561
United States,USA,1981,229466000.0,13976.10539252,74.009756097561
United States,USA,1982,231664000.0,14433.787727053,74.3609756097561
United States,USA,1983,233792000.0,15543.8937174925,74.4634146341463
United States,USA,1984,235825000.0,17121.2254849995,74.5634146341464
United States,USA,1985,237924000.0,18236.8277265009,74.5634146341464
United States,USA,1986,240133000.0,19071.2271949295,74.6146341463415
United States,USA,1987,242289000.0,20038.9410992658,74.7658536585366
United States,USA,1988,244499000.0,21417.0119305191,74.7658536585366
United States,USA,1989,246819000.0,22857.1544330056,75.0170731707317
United States,USA,1990,249623000.0,23888.6000088133,75.2146341463415
United States,USA,1991,252981000.0,24342.2589048189,75.3658536585366
United States,USA,1992,256514000.0,25418.9907763319,75.6170731707317
United States,USA,1993,259919000.0,26387.2937338171,75.419512195122
United States,USA,1994,263126000.0,27694.853416234,75.619512195122
United States,USA,1995,266278000.0,28690.8757013347,75.6219512195122
United States,USA,1996,269394000.0,29967.7127181749,76.0268292682927
United States,USA,1997,272657000.0,31459.1389804773,76.4292682926829
United States,USA,1998,275854000.0,32853.6769523009,76.5804878048781
United States,USA,1999,279040000.0,34515.3902272076,76.5829268292683
United States,USA,2000,282162411.0,36329.9560727102,76.6365853658537
United States,USA,2001,284968955.0,37133.623113437,76.8365853658537
United States,USA,2002,287625193.0,37997.7596573051,76.9365853658537
United States,USA,2003,290107933.0,39490.2749557007,77.0365853658537
United States,USA,2004,292805298.0,41724.6316287624,77.4878048780488
United States,USA,2005,295516599.0,44123.4070679055,77.4878048780488
United States,USA,2006,298379912.0,46302.0008800056,77.6878048780488
United States,USA,2007,301231207.0,48050.2237771135,77.9878048780488
United States,USA,2008,304093966.0,48570.0459804586,78.0390243902439
United States,USA,2009,306771529.0,47194.9433547336,78.390243902439
United States,USA,2010,309378227.0,48642.6100179312,78.5414634146342
United States,USA,2011,311839461.0,50024.868799398,78.6414634146341
United States,USA,2012,314339099.0,51708.4011556577,78.7414634146342
United States,USA,2013,316726282.0,53179.0127634561,78.7414634146342
United States,USA,2014,319257560.0,54973.4207515712,78.8414634146341
United States,USA,2015,321815121.0,56572.9188996063,78.690243902439
United States,USA,2016,324353340.0,57638.1018367192,78.5390243902439
United States,USA,2017,326608609.0,59635.0984397965,78.5390243902439
United States,USA,2018,328529577.0,62499.8744390068,78.6390243902439
United States,USA,2019,330226227.0,64746.4506778863,78.7878048780488
United States,USA,2020,331577720.0,63515.9491807833,76.9804878048781
United States,USA,2021,332099760.0,70205.050916026,76.3292682926829
United States,USA,2022,334017321.0,76657.2488844403,77.4341463414634
United States,USA,2023,336806231.0,81032.262117545,78.3853658536585
Upper middle income,UMC,1960,1149653372.0,146.39297675606,41.9630124935965
Upper middle income,UMC,1961,1155585967.0,143.582203301007,46.2182773394634
Upper middle income,UMC,1962,1174054217.0,142.565521305467,52.5839417526531
Upper middle income,UMC,1963,1204001559.0,152.804995944899,53.2370588570763
Upper middle income,UMC,1964,1233716139.0,170.933195229739,53.8183860285474
Upper middle income,UMC,1965,1264038910.0,186.628403051966,53.7936898523034
Upper middle income,UMC,1966,1297805820.0,200.582234098055,54.7638771228289
Upper middle income,UMC,1967,1330989567.0,198.015953117188,55.5413767084306
Upper middle income,UMC,1968,1365250009.0,204.31216350293,56.1226766289888
Upper middle income,UMC,1969,1401337527.0,223.37113209288,56.74374359456
Upper middle income,UMC,1970,1438175379.0,239.146971010432,57.3314207471159
Upper middle income,UMC,1971,1475716769.0,253.702322322823,58.1137699157901
Upper middle income,UMC,1972,1511690371.0,284.215777698313,58.7956434940451
Upper middle income,UMC,1973,1546811742.0,366.190095241849,59.5062525184061
Upper middle income,UMC,1974,1580570358.0,461.198114251014,60.1022975301928
Upper middle income,UMC,1975,1612227500.0,500.306924849695,60.7001299364329
Upper middle income,UMC,1976,1642473603.0,532.040164342313,61.0230816271086
Upper middle income,UMC,1977,1671398930.0,585.992448922881,61.9537368221238
Upper middle income,UMC,1978,1700492780.0,634.678930260753,62.4726537906261
Upper middle income,UMC,1979,1729895531.0,726.417259423815,63.0261631222682
Upper middle income,UMC,1980,1759188322.0,836.735431868119,63.455091480496
Upper middle income,UMC,1981,1789774534.0,889.089615341322,63.8718860702381
Upper middle income,UMC,1982,1822722888.0,857.461902827683,64.3339857057491
Upper middle income,UMC,1983,1855424369.0,823.925727665102,64.8453206607734
Upper middle income,UMC,1984,1887255119.0,855.952611875676,65.3191875476391
Upper middle income,UMC,1985,1919685969.0,868.179956174679,65.7110087845032
Upper middle income,UMC,1986,1953571641.0,875.756759565109,66.1406225407004
Upper middle income,UMC,1987,1988890401.0,868.390301826451,66.5085508348244
Upper middle income,UMC,1988,2024305816.0,921.812027727811,66.7792976048885
Upper middle income,UMC,1989,2059000415.0,1003.34956238491,67.1764295671066
Upper middle income,UMC,1990,2092646700.0,1151.7887372852,67.3594421529339
Upper middle income,UMC,1991,2124538033.0,1099.45464846937,67.7871872826629
Upper middle income,UMC,1992,2154585863.0,1158.85298770779,68.1090893149057
Upper middle income,UMC,1993,2182939692.0,1260.95164933191,68.46782287278
Upper middle income,UMC,1994,2210505244.0,1402.50456500445,68.7549742168208
Upper middle income,UMC,1995,2237605345.0,1604.5960539726,69.1464007505357
Upper middle income,UMC,1996,2264443158.0,1752.90714613617,69.5207235180466
Upper middle income,UMC,1997,2290953835.0,1845.29469515271,69.8746942953019
Upper middle income,UMC,1998,2316706589.0,1770.42756924785,70.1875900296196
Upper middle income,UMC,1999,2341274091.0,1705.94773687031,70.438675790471
Upper middle income,UMC,2000,2365022283.0,1846.75293360867,70.7737035763786
Upper middle income,UMC,2001,2387807616.0,1831.16075225617,71.0962768701794
Upper middle income,UMC,2002,2409341702.0,1829.51821405556,71.4010777486735
Upper middle income,UMC,2003,2430373908.0,2022.46978917982,71.6495350706839
Upper middle income,UMC,2004,2451601935.0,2365.83446249947,71.8008960032206
Upper middle income,UMC,2005,2472862826.0,2788.28442311953,72.2940907050527
Upper middle income,UMC,2006,2493333038.0,3262.39559875801,72.5738691375552
Upper middle income,UMC,2007,2512165159.0,3982.92205517928,72.912796750858
Upper middle income,UMC,2008,2532345548.0,4780.19249304455,73.0980299785479
Upper middle income,UMC,2009,2553016162.0,4710.56351783068,73.5030015253387
Upper middle income,UMC,2010,2573477299.0,5710.9010671794,73.8314745903693
Upper middle income,UMC,2011,2594753350.0,6773.01375512825,74.0905539667731
Upper middle income,UMC,2012,2618393970.0,7166.76033698733,74.4121948857387
Upper middle income,UMC,2013,2642487513.0,7553.62352185493,74.6707615928737
Upper middle income,UMC,2014,2665669456.0,7778.57802636616,74.9249839632063
Upper middle income,UMC,2015,2687902951.0,7435.76486473308,75.1752922690271
Upper middle income,UMC,2016,2709372162.0,7413.22237473365,75.3401910593772
Upper middle income,UMC,2017,2731150081.0,8064.20583627107,75.4807608424492
Upper middle income,UMC,2018,2751574852.0,8569.23675625056,75.8217431147146
Upper middle income,UMC,2019,2769964564.0,8657.73234539015,76.0291253616976
Upper middle income,UMC,2020,2784871872.0,8346.18727671434,75.2312636272767
Upper middle income,UMC,2021,2796004294.0,9918.6994774671,74.7273713271635
Upper middle income,UMC,2022,2803106334.0,10324.5193124329,76.0089594269564
Upper middle income,UMC,2023,2809097616.0,10657.9686111279,76.1949149028821
Uruguay,URY,1960,2529957.0,491.031760304596,67.683
Uruguay,URY,1961,2562044.0,603.966513233705,67.81
Uruguay,URY,1962,2593298.0,659.393716891716,67.911
Uruguay,URY,1963,2623766.0,586.821191669431,68.023
Uruguay,URY,1964,2653180.0,744.654270146069,68.112
Uruguay,URY,1965,2681169.0,705.202527526694,68.2
Uruguay,URY,1966,2707646.0,668.17637665776,68.302
Uruguay,URY,1967,2732277.0,584.75530449369,68.407
Uruguay,URY,1968,2754606.0,578.548868536136,68.514
Uruguay,URY,1969,2773974.0,722.586254907569,68.581
Uruguay,URY,1970,2790807.0,765.763011986694,68.734
Uruguay,URY,1971,2806462.0,1000.28365412257,68.926
Uruguay,URY,1972,2821644.0,775.937251050835,69.169
Uruguay,URY,1973,2837133.0,1397.28960304383,69.348
Uruguay,URY,1974,2853944.0,1433.17797475063,69.524
Uruguay,URY,1975,2872320.0,1231.85370953179,69.705
Uruguay,URY,1976,2891392.0,1268.30303240921,69.887
Uruguay,URY,1977,2909461.0,1414.23789985403,70.081
Uruguay,URY,1978,2925715.0,1678.30925622568,70.265
Uruguay,URY,1979,2939903.0,2442.65957894266,70.255
Uruguay,URY,1980,2951953.0,3442.81230620351,70.505
Uruguay,URY,1981,2963246.0,3728.4455696996,70.952
Uruguay,URY,1982,2975492.0,3084.79407002174,71.528
Uruguay,URY,1983,2988778.0,1707.14462849135,71.595
Uruguay,URY,1984,3002488.0,1615.40647277136,71.708
Uruguay,URY,1985,3017037.0,1568.43216486363,71.861
Uruguay,URY,1986,3032845.0,1938.8108486947,72.187
Uruguay,URY,1987,3049896.0,2415.6541994875,72.196
Uruguay,URY,1988,3067961.0,2677.19777690993,72.408
Uruguay,URY,1989,3086255.0,2734.36623871535,72.628
Uruguay,URY,1990,3104403.0,2995.36105663465,72.994
Uruguay,URY,1991,3122354.0,3589.01541942634,73.198
Uruguay,URY,1992,3139702.0,4101.71054155291,73.185
Uruguay,URY,1993,3156345.0,4753.00924682647,73.147
Uruguay,URY,1994,3172834.0,5507.56481300056,73.162
Uruguay,URY,1995,3189440.0,6050.48632253644,73.493
Uruguay,URY,1996,3206324.0,6398.43575184095,73.812
Uruguay,URY,1997,3223345.0,7436.29342620682,73.92
Uruguay,URY,1998,3239280.0,7836.89183322307,74.029
Uruguay,URY,1999,3254015.0,7370.56995453931,74.293
Uruguay,URY,2000,3266206.0,6987.70098766257,74.693
Uruguay,URY,2001,3274251.0,6382.76104740859,74.987
Uruguay,URY,2002,3278867.0,4149.76140312687,74.979
Uruguay,URY,2003,3281186.0,3671.12329256883,75.086
Uruguay,URY,2004,3283148.0,4168.66065438387,75.319
Uruguay,URY,2005,3285771.0,5284.25677987129,75.829
Uruguay,URY,2006,3289506.0,6001.33294783172,75.888
Uruguay,URY,2007,3295153.0,7222.05403645877,76.15
Uruguay,URY,2008,3302177.0,9423.96562595893,76.275
Uruguay,URY,2009,3310091.0,9881.39573127081,76.67
Uruguay,URY,2010,3318580.0,12641.0576849008,76.691
Uruguay,URY,2011,3326825.0,15132.2675725587,76.614
Uruguay,URY,2012,3335401.0,16259.5940814256,76.691
Uruguay,URY,2013,3345337.0,18335.2594772322,76.953
Uruguay,URY,2014,3356334.0,18322.4276767157,77.194
Uruguay,URY,2015,3368017.0,17125.9016800298,77.285
Uruguay,URY,2016,3379283.0,17009.7584207276,77.351
Uruguay,URY,2017,3388438.0,19184.6502617082,77.618
Uruguay,URY,2018,3394534.0,19249.9404677501,77.527
Uruguay,URY,2019,3397206.0,18315.7316980028,77.503
Uruguay,URY,2020,3398968.0,15757.5355995779,78.381
Uruguay,URY,2021,3396695.0,17881.818721099,75.434
Uruguay,URY,2022,3390913.0,20818.6146091144,76.468
Uruguay,URY,2023,3388081.0,23019.4221560046,78.138
Uzbekistan,UZB,1987,18930070.0,450.244536476152,65.486
Uzbekistan,UZB,1988,19460630.0,550.999615085024,65.757
Uzbekistan,UZB,1989,19977183.0,598.123131680436,65.844
Uzbekistan,UZB,1990,20464956.0,652.9376529256,65.772
Uzbekistan,UZB,1991,20962910.0,658.313550528068,65.529
Uzbekistan,UZB,1992,21485090.0,602.920525827048,65.236
Uzbekistan,UZB,1993,21987955.0,595.777099596612,64.924
Uzbekistan,UZB,1994,22463291.0,574.229079896619,64.681
Uzbekistan,UZB,1995,22917589.0,582.54213674034,64.67
Uzbekistan,UZB,1996,23351981.0,597.33228695111,64.78
Uzbekistan,UZB,1997,23758960.0,620.59129581366,65.028
Uzbekistan,UZB,1998,24134929.0,621.048904301242,65.169
Uzbekistan,UZB,1999,24476008.0,697.763539790812,65.307
Uzbekistan,UZB,2000,24787054.0,555.149231099186,65.456
Uzbekistan,UZB,2001,25090283.0,454.415812256778,65.853
Uzbekistan,UZB,2002,25399980.0,381.409296889283,66.376
Uzbekistan,UZB,2003,25711259.0,394.164028897235,66.852
Uzbekistan,UZB,2004,26029350.0,462.171492867885,67.203
Uzbekistan,UZB,2005,26356975.0,542.835808692209,67.481
Uzbekistan,UZB,2006,26699043.0,649.118167003925,67.905
Uzbekistan,UZB,2007,27076008.0,824.028192334768,68.483
Uzbekistan,UZB,2008,27494774.0,1074.72928796701,69.035
Uzbekistan,UZB,2009,27939328.0,1205.7993547038,69.517
Uzbekistan,UZB,2010,28385506.0,1753.20730243278,69.836
Uzbekistan,UZB,2011,28823196.0,2087.86386135694,70.143
Uzbekistan,UZB,2012,29261903.0,2307.34649117185,70.411
Uzbekistan,UZB,2013,29724065.0,2461.97947403595,70.692
Uzbekistan,UZB,2014,30222994.0,2674.9628382103,70.973
Uzbekistan,UZB,2015,30749346.0,2803.19018021751,71.33
Uzbekistan,UZB,2016,31284568.0,2753.37951427589,71.58
Uzbekistan,UZB,2017,31819178.0,2190.60411562888,71.737
Uzbekistan,UZB,2018,32373490.0,1813.08530813664,71.999
Uzbekistan,UZB,2019,32964701.0,2041.38480729431,72.093
Uzbekistan,UZB,2020,33586372.0,1978.28051860763,71.461
Uzbekistan,UZB,2021,34243696.0,2258.51964119278,71.681
Uzbekistan,UZB,2022,34938955.0,2578.66689394219,72.147
Uzbekistan,UZB,2023,35652307.0,2878.96879292451,72.388
Vanuatu,VUT,1979,113040.0,1055.01446687478,60.893
Vanuatu,VUT,1980,115660.0,1047.77362587983,61.322
Vanuatu,VUT,1981,118249.0,962.222055354043,61.95
Vanuatu,VUT,1982,121035.0,946.023154648384,62.54
Vanuatu,VUT,1983,123998.0,946.705222595573,63.075
Vanuatu,VUT,1984,127109.0,1136.68202384045,63.519
Vanuatu,VUT,1985,130356.0,1011.51017753831,63.927
Vanuatu,VUT,1986,133720.0,945.998619022206,64.618
Vanuatu,VUT,1987,137187.0,1016.59904763078,64.439
Vanuatu,VUT,1988,140756.0,1125.00616977712,65.699
Vanuatu,VUT,1989,144393.0,1066.62512806351,66.023
Vanuatu,VUT,1990,148063.0,1140.59020311724,66.684
Vanuatu,VUT,1991,151793.0,1326.37321256212,67.114
Vanuatu,VUT,1992,155608.0,1343.68942861831,67.433
Vanuatu,VUT,1993,159463.0,1257.29387486656,67.724
Vanuatu,VUT,1994,163314.0,1430.99367776483,67.984
Vanuatu,VUT,1995,167137.0,1491.78967004617,68.104
Vanuatu,VUT,1996,170911.0,1529.27573115021,68.176
Vanuatu,VUT,1997,174626.0,1562.03090670153,68.309
Vanuatu,VUT,1998,178313.0,1470.97189048658,68.372
Vanuatu,VUT,1999,182048.0,1472.17751741462,67.924
Vanuatu,VUT,2000,186281.0,1460.23817692229,68.586
Vanuatu,VUT,2001,191031.0,1350.18338238522,68.722
Vanuatu,VUT,2002,195863.0,1340.71537528287,68.836
Vanuatu,VUT,2003,200746.0,1566.51396790858,68.933
Vanuatu,VUT,2004,205711.0,1774.31867585894,68.985
Vanuatu,VUT,2005,210760.0,1873.99142640619,69.166
Vanuatu,VUT,2006,215923.0,2034.79289624351,69.126
Vanuatu,VUT,2007,221276.0,2333.70506748914,69.144
Vanuatu,VUT,2008,226896.0,2603.60883136724,69.302
Vanuatu,VUT,2009,232731.0,2546.38324565986,69.422
Vanuatu,VUT,2010,238248.0,2815.18828985779,69.57
Vanuatu,VUT,2011,243474.0,3163.1861645138,69.729
Vanuatu,VUT,2012,248883.0,3004.78416664293,69.898
Vanuatu,VUT,2013,254482.0,2979.79608084399,69.986
Vanuatu,VUT,2014,260240.0,2973.09026493408,70.043
Vanuatu,VUT,2015,266101.0,2854.89412272653,70.163
Vanuatu,VUT,2016,272087.0,2956.12644801489,70.397
Vanuatu,VUT,2017,278507.0,3159.86055790126,70.5
Vanuatu,VUT,2018,285259.0,3206.65748718811,70.626
Vanuatu,VUT,2019,291985.0,3207.44650452083,70.783
Vanuatu,VUT,2020,298858.0,3042.98711598286,70.385
Vanuatu,VUT,2021,305868.0,3107.20312858002,69.952
Vanuatu,VUT,2022,313046.0,3370.21191956953,71.302
Vanuatu,VUT,2023,320409.0,3482.61458237637,71.477
"Venezuela, RB",VEN,1960,8160090.0,939.197766577539,58.376
"Venezuela, RB",VEN,1961,8455915.0,954.038330638213,59.115
"Venezuela, RB",VEN,1962,8756870.0,1006.55940812318,59.667
"Venezuela, RB",VEN,1963,9064021.0,1060.09433210388,60.502
"Venezuela, RB",VEN,1964,9377712.0,873.604754880876,61.168
"Venezuela, RB",VEN,1965,9697790.0,869.041067890496,61.909
"Venezuela, RB",VEN,1966,10024854.0,875.956231715029,62.894
"Venezuela, RB",VEN,1967,10358513.0,892.985315556393,63.55
"Venezuela, RB",VEN,1968,10697530.0,938.015078662499,63.908
"Venezuela, RB",VEN,1969,11040280.0,931.598755748143,63.84
"Venezuela, RB",VEN,1970,11387790.0,1015.21990755986,64.816
"Venezuela, RB",VEN,1971,11741008.0,1106.08824294225,65.184
"Venezuela, RB",VEN,1972,12099180.0,1155.26236263344,65.555
"Venezuela, RB",VEN,1973,12463537.0,1366.83361997071,65.74
"Venezuela, RB",VEN,1974,12835351.0,2033.51900797712,66.223
"Venezuela, RB",VEN,1975,13215892.0,2078.1534203511,66.686
"Venezuela, RB",VEN,1976,13606284.0,2309.19293494983,67.266
"Venezuela, RB",VEN,1977,14006812.0,2585.22051087846,67.726
"Venezuela, RB",VEN,1978,14416684.0,2727.13746585327,68.108
"Venezuela, RB",VEN,1979,14834552.0,3256.64908738452,68.226
"Venezuela, RB",VEN,1980,15258218.0,3874.40470623155,68.179
"Venezuela, RB",VEN,1981,15687297.0,4228.0988152685,68.697
"Venezuela, RB",VEN,1982,16121874.0,4201.54283466342,68.985
"Venezuela, RB",VEN,1983,16562205.0,4078.94233103427,69.541
"Venezuela, RB",VEN,1984,17008841.0,3519.80146489308,69.672
"Venezuela, RB",VEN,1985,17461434.0,3548.70434276284,69.961
"Venezuela, RB",VEN,1986,17923536.0,3376.34960597843,70.528
"Venezuela, RB",VEN,1987,18394963.0,2610.98837126004,70.673
"Venezuela, RB",VEN,1988,18871020.0,3191.47633742656,70.762
"Venezuela, RB",VEN,1989,19348921.0,2250.08459665588,70.805
"Venezuela, RB",VEN,1990,19827010.0,2451.5523114567,70.964
"Venezuela, RB",VEN,1991,20304896.0,2632.53969814106,71.172
"Venezuela, RB",VEN,1992,20780948.0,2907.30334439434,71.177
"Venezuela, RB",VEN,1993,21254520.0,2824.69144366441,71.385
"Venezuela, RB",VEN,1994,21725188.0,2688.98325145295,71.283
"Venezuela, RB",VEN,1995,22193821.0,3486.98350635919,71.714
"Venezuela, RB",VEN,1996,22662113.0,3112.825848106,71.92
"Venezuela, RB",VEN,1997,23131685.0,3710.82688355096,72.56
"Venezuela, RB",VEN,1998,23601337.0,3869.98258848894,72.446
"Venezuela, RB",VEN,1999,24066593.0,4070.90619189484,72.088
"Venezuela, RB",VEN,2000,24526708.0,4776.2816763938,72.388
"Venezuela, RB",VEN,2001,24979922.0,4920.39313600453,71.019
"Venezuela, RB",VEN,2002,25435671.0,3652.09896501865,72.823
"Venezuela, RB",VEN,2003,25892703.0,3229.50557082079,72.056
"Venezuela, RB",VEN,2004,26340838.0,4269.08970872392,72.752
"Venezuela, RB",VEN,2005,26785804.0,5432.4854184654,73.075
"Venezuela, RB",VEN,2006,27224686.0,6739.38065342218,72.972
"Venezuela, RB",VEN,2007,27649363.0,8331.62096991844,73.348
"Venezuela, RB",VEN,2008,28053696.0,11262.4514256759,72.578
"Venezuela, RB",VEN,2009,28438298.0,11596.6021921731,72.785
"Venezuela, RB",VEN,2010,28813101.0,13646.3046622664,73.092
"Venezuela, RB",VEN,2011,29185212.0,10843.9229703167,73.09
"Venezuela, RB",VEN,2012,29553826.0,12607.2361246243,73.086
"Venezuela, RB",VEN,2013,29912198.0,8656.35669723668,73.076
"Venezuela, RB",VEN,2014,30254079.0,7096.22047105512,72.837
"Venezuela, RB",VEN,2015,30573972.0,4103.1384987005,73.004
"Venezuela, RB",VEN,2016,30765720.0,3670.15737848208,72.002
"Venezuela, RB",VEN,2017,30565323.0,3791.33160682077,71.903
"Venezuela, RB",VEN,2018,29807592.0,3422.65467014854,72.641
"Venezuela, RB",VEN,2019,28938098.0,2523.11275230667,72.766
"Venezuela, RB",VEN,2020,28444077.0,1506.0436210041,72.369
"Venezuela, RB",VEN,2021,28237826.0,2004.93397949792,71.536
"Venezuela, RB",VEN,2022,28213017.0,3155.04207099687,72.566
"Venezuela, RB",VEN,2023,28300854.0,3617.43594578269,72.514
Viet Nam,VNM,1985,59060622.0,238.647805313403,67.192
Viet Nam,VNM,1986,60347048.0,436.419296772225,67.55
Viet Nam,VNM,1987,61584651.0,595.247488701606,68.005
Viet Nam,VNM,1988,62843228.0,404.559305078888,68.585
Viet Nam,VNM,1989,64147348.0,98.1070172159577,68.805
Viet Nam,VNM,1990,65504552.0,98.7983370311401,69.027
Viet Nam,VNM,1991,66891775.0,143.715270231936,69.303
Viet Nam,VNM,1992,68260337.0,144.549392371677,69.62
Viet Nam,VNM,1993,69586384.0,189.418573584332,69.957
Viet Nam,VNM,1994,70854391.0,229.857787265757,70.379
Viet Nam,VNM,1995,72049940.0,287.802661028593,70.871
Viet Nam,VNM,1996,73156447.0,337.051231790277,71.296
Viet Nam,VNM,1997,74226889.0,361.643884085566,71.67
Viet Nam,VNM,1998,75299660.0,361.350928411167,72.283
Viet Nam,VNM,1999,76287452.0,375.994455900496,72.575
Viet Nam,VNM,2000,77154011.0,404.029784055118,72.746
Viet Nam,VNM,2001,77969361.0,419.205677580901,72.984
Viet Nam,VNM,2002,78772224.0,445.132861817313,73.138
Viet Nam,VNM,2003,79563777.0,497.117089249256,73.236
Viet Nam,VNM,2004,80338971.0,565.452284586212,73.062
Viet Nam,VNM,2005,81088313.0,710.746759994861,73.198
Viet Nam,VNM,2006,82167897.0,807.756645117054,73.293
Viet Nam,VNM,2007,83633375.0,925.640338348717,73.385
Viet Nam,VNM,2008,85175788.0,1163.83195772873,73.455
Viet Nam,VNM,2009,86460018.0,1226.16976051536,73.525
Viet Nam,VNM,2010,87455152.0,1683.16182443979,73.611
Viet Nam,VNM,2011,88468314.0,1950.92504174913,73.713
Viet Nam,VNM,2012,89510356.0,2185.11767654291,73.762
Viet Nam,VNM,2013,90573104.0,2359.51736472828,73.821
Viet Nam,VNM,2014,91679578.0,2546.38464459903,73.886
Viet Nam,VNM,2015,92823254.0,2577.56885340113,73.955
Viet Nam,VNM,2016,94000117.0,2735.0604380416,73.984
Viet Nam,VNM,2017,95176977.0,2956.10992127753,74.026
Viet Nam,VNM,2018,96237319.0,3222.31003125366,74.1
Viet Nam,VNM,2019,97173776.0,3440.90025375434,74.211
Viet Nam,VNM,2020,98079191.0,3534.03953482647,75.383
Viet Nam,VNM,2021,98935098.0,3704.1935590038,74.145
Viet Nam,VNM,2022,99680655.0,4147.69777213621,74.502
Viet Nam,VNM,2023,100352192.0,4323.35031982451,74.588
Virgin Islands (U.S.),VIR,2002,108509.0,30062.0225050457,77.5219512195122
Virgin Islands (U.S.),VIR,2003,108505.0,31731.2566241187,77.5219512195122
Virgin Islands (U.S.),VIR,2004,108466.0,35006.3614404514,77.7731707317073
Virgin Islands (U.S.),VIR,2005,108453.0,40828.7460927775,77.4219512195122
Virgin Islands (U.S.),VIR,2006,108369.0,41377.1466009652,78.3243902439024
Virgin Islands (U.S.),VIR,2007,108337.0,44158.5054044325,76.8634146341463
Virgin Islands (U.S.),VIR,2008,108397.0,39152.3750657306,77.1634146341463
Virgin Islands (U.S.),VIR,2009,108404.0,38753.1825393897,77.5146341463415
Virgin Islands (U.S.),VIR,2010,108357.0,39905.1284180994,77.8658536585366
Virgin Islands (U.S.),VIR,2011,108290.0,38997.1373164651,78.3170731707317
Virgin Islands (U.S.),VIR,2012,108188.0,37795.3192590675,78.5170731707317
Virgin Islands (U.S.),VIR,2013,108041.0,34597.9766940328,78.7170731707317
Virgin Islands (U.S.),VIR,2014,107882.0,33045.3643795999,78.8682926829268
Virgin Islands (U.S.),VIR,2015,107712.0,34007.3529411765,79.0170731707317
Virgin Islands (U.S.),VIR,2016,107516.0,35324.9748874586,79.1682926829268
Virgin Islands (U.S.),VIR,2017,107281.0,35365.0693039774,79.3682926829268
Virgin Islands (U.S.),VIR,2018,107001.0,36663.2087550584,79.5195121951219
Virgin Islands (U.S.),VIR,2019,106669.0,38633.5298915336,79.6682926829268
Virgin Islands (U.S.),VIR,2020,106290.0,39787.3741650202,79.819512195122
Virgin Islands (U.S.),VIR,2021,105870.0,42571.0777368471,80.0682926829268
Virgin Islands (U.S.),VIR,2022,105413.0,44320.909185774,80.319512195122
West Bank and Gaza,PSE,1994,2366298.0,1201.58154213882,69.328
West Bank and Gaza,PSE,1995,2474666.0,1326.56285737146,69.583
West Bank and Gaza,PSE,1996,2587997.0,1317.46675131385,69.982
West Bank and Gaza,PSE,1997,2706518.0,1389.16497137651,70.328
West Bank and Gaza,PSE,1998,2776568.0,1465.04605685868,70.564
West Bank and Gaza,PSE,1999,2848431.0,1499.49217657019,70.789
West Bank and Gaza,PSE,2000,2922153.0,1476.17185000238,70.298
West Bank and Gaza,PSE,2001,2997784.0,1335.55319529359,69.75
West Bank and Gaza,PSE,2002,3075373.0,1156.21747345769,70.88
West Bank and Gaza,PSE,2003,3154969.0,1257.69857009689,70.967
West Bank and Gaza,PSE,2004,3236626.0,1422.19088643544,71.094
West Bank and Gaza,PSE,2005,3320396.0,1543.70141392774,72.004
West Bank and Gaza,PSE,2006,3406334.0,1570.10439962728,71.831
West Bank and Gaza,PSE,2007,3494496.0,1664.24571669276,72.064
West Bank and Gaza,PSE,2008,3591977.0,2035.20234121766,72.204
West Bank and Gaza,PSE,2009,3689099.0,2191.78178736868,72.306
West Bank and Gaza,PSE,2010,3786161.0,2557.07562356699,73.302
West Bank and Gaza,PSE,2011,3882986.0,2880.79843707909,73.557
West Bank and Gaza,PSE,2012,3979998.0,3067.43872735614,73.722
West Bank and Gaza,PSE,2013,4076708.0,3315.29753909282,74.14
West Bank and Gaza,PSE,2014,4173398.0,3352.11259506043,72.781
West Bank and Gaza,PSE,2015,4270092.0,3272.15432360708,74.577
West Bank and Gaza,PSE,2016,4367088.0,3527.61382413178,74.917
West Bank and Gaza,PSE,2017,4454805.0,3620.36048715937,75.216
West Bank and Gaza,PSE,2018,4569087.0,3562.33094270256,75.38
West Bank and Gaza,PSE,2019,4685306.0,3656.85827137011,75.811
West Bank and Gaza,PSE,2020,4803269.0,3233.56863835858,74.998
West Bank and Gaza,PSE,2021,4922749.0,3678.63565662194,73.89
West Bank and Gaza,PSE,2022,5043612.0,3799.95527015163,76.662
West Bank and Gaza,PSE,2023,5165775.0,3455.02852911712,65.17
World,WLD,1960,3021512598.0,452.253084186565,50.9418860745353
World,WLD,1961,3062768116.0,471.458659222586,52.7972301278289
World,WLD,1962,3117372187.0,495.578743305208,55.2860734026534
World,WLD,1963,3184063049.0,524.598449902349,55.6522285444853
World,WLD,1964,3251253200.0,563.176772281603,56.0966979719765
World,WLD,1965,3318997522.0,601.155818711732,55.926447643924
World,WLD,1966,3389087189.0,638.138650082703,56.4490075635882
World,WLD,1967,3459015356.0,663.446920048249,56.9037526493978
World,WLD,1968,3530703561.0,702.357250344395,57.3352975180805
World,WLD,1969,3604815552.0,759.851347244496,57.6800785564018
World,WLD,1970,3680589045.0,816.243922926329,57.9370058876749
World,WLD,1971,3758613546.0,883.27704745992,58.0244668517985
World,WLD,1972,3834446322.0,999.939292970036,58.8441211130805
World,WLD,1973,3911068458.0,1198.79202881573,59.2960784406295
World,WLD,1974,3987294240.0,1359.19595292831,59.6995632328215
World,WLD,1975,4062070771.0,1485.7304279419,60.1304898805725
World,WLD,1976,4135758539.0,1586.20808865228,60.4539569952357
World,WLD,1977,4208958804.0,1762.06116583042,61.0411765312782
World,WLD,1978,4283431043.0,2049.67972097619,61.3940866427936
World,WLD,1979,4360056401.0,2329.20448022386,61.8407172981247
World,WLD,1980,4437602892.0,2580.84574495937,62.1512081191639
World,WLD,1981,4516926190.0,2622.01342168238,62.5165275005898
World,WLD,1982,4599539241.0,2547.9240514252,62.8741022956614
World,WLD,1983,4682924536.0,2554.59482699534,63.1311212956406
World,WLD,1984,4766040300.0,2607.60648184783,63.4354202912027
World,WLD,1985,4850740788.0,2683.50402889705,63.7248894859918
World,WLD,1986,4937711562.0,3108.41144802427,64.1159967641844
World,WLD,1987,5027030278.0,3475.65832276632,64.4571752738082
World,WLD,1988,5117167006.0,3815.55297783922,64.6658654777791
World,WLD,1989,5207654866.0,3916.50646692665,64.95702210046
World,WLD,1990,5299246757.0,4325.66214326506,65.1079831133031
World,WLD,1991,5388496229.0,4439.25408220989,65.3032697408837
World,WLD,1992,5477123966.0,4664.3017809973,65.547051593159
World,WLD,1993,5564778621.0,4667.73707542885,65.7420496995443
World,WLD,1994,5650853178.0,4948.18171319114,65.9579138049276
World,WLD,1995,5736505517.0,5446.76886240778,66.2002309386063
World,WLD,1996,5822614627.0,5490.48018554204,66.5147981694736
World,WLD,1997,5908466558.0,5394.04933498749,66.8302940905088
World,WLD,1998,5994040064.0,5294.21706064972,67.0659534434212
World,WLD,1999,6078404337.0,5393.3279117337,67.3114785085325
World,WLD,2000,6161884811.0,5501.26421816454,67.6497257264509
World,WLD,2001,6245112906.0,5394.68512526725,67.9443984335696
World,WLD,2002,6327557399.0,5530.02104262965,68.230563704585
World,WLD,2003,6409750441.0,6122.43446098028,68.5149610664907
World,WLD,2004,6492769815.0,6811.48195762271,68.7702524523832
World,WLD,2005,6575841506.0,7284.31331023763,69.1105758161451
World,WLD,2006,6659977025.0,7796.34931015336,69.4681165505109
World,WLD,2007,6744489399.0,8677.57102707632,69.8040978740415
World,WLD,2008,6830513541.0,9415.35786125182,70.0034739280642
World,WLD,2009,6916589116.0,8816.8105604156,70.3795251115458
World,WLD,2010,7001266876.0,9542.72886249208,70.6818433466141
World,WLD,2011,7087120034.0,10485.1771943036,70.9680134853525
World,WLD,2012,7176929184.0,10583.9966715989,71.2637168591001
World,WLD,2013,7265892332.0,10739.8911620948,71.5326006637734
World,WLD,2014,7354068030.0,10885.7966024868,71.7754456060807
World,WLD,2015,7441677465.0,10161.9445773234,71.9646261474589
World,WLD,2016,7528879985.0,10204.9287763386,72.1847345079995
World,WLD,2017,7614523410.0,10747.764306505,72.3651515431591
World,WLD,2018,7697233736.0,11309.3830773178,72.6433904952398
World,WLD,2019,7778008621.0,11376.0818134476,72.8686568501624
World,WLD,2020,7854748424.0,10937.6846205191,72.1819792006819
World,WLD,2021,7920514854.0,12390.6686716727,71.2152192461602
World,WLD,2022,7989545217.0,12798.1658465319,72.9682902550636
World,WLD,2023,8064057930.0,13236.7163960917,73.3289501544845
"Yemen, Rep.",YEM,1990,13887862.0,910.422465960748,58.528
"Yemen, Rep.",YEM,1991,14430201.0,1016.30223044813,58.805
"Yemen, Rep.",YEM,1992,14989494.0,1198.13031674085,59.26
"Yemen, Rep.",YEM,1993,15563914.0,1396.61544419009,59.655
"Yemen, Rep.",YEM,1994,16149147.0,1735.04419543214,59.828
"Yemen, Rep.",YEM,1995,16740058.0,764.414656090937,60.532
"Yemen, Rep.",YEM,1996,17313177.0,375.214994663363,60.884
"Yemen, Rep.",YEM,1997,17873936.0,382.584928722421,61.34
"Yemen, Rep.",YEM,1998,18446013.0,342.73940747773,61.788
"Yemen, Rep.",YEM,1999,19029420.0,401.448141660801,62.275
"Yemen, Rep.",YEM,2000,19624141.0,493.235182634814,62.761
"Yemen, Rep.",YEM,2001,20226147.0,487.141257946318,63.286
"Yemen, Rep.",YEM,2002,20835086.0,513.241486570603,63.807
"Yemen, Rep.",YEM,2003,21456379.0,548.905883049973,64.407
"Yemen, Rep.",YEM,2004,22095167.0,627.632023395762,64.881
"Yemen, Rep.",YEM,2005,22790085.0,734.159908450927,65.356
"Yemen, Rep.",YEM,2006,23543083.0,809.713127624703,65.8
"Yemen, Rep.",YEM,2007,24318082.0,890.305768114988,66.23
"Yemen, Rep.",YEM,2008,25111941.0,1071.63583282105,66.609
"Yemen, Rep.",YEM,2009,25927724.0,969.243509864478,66.905
"Yemen, Rep.",YEM,2010,26754387.0,1155.20305261418,67.223
"Yemen, Rep.",YEM,2011,27582897.0,1186.47500581215,67.412
"Yemen, Rep.",YEM,2012,28433647.0,1245.05068272078,67.569
"Yemen, Rep.",YEM,2013,29312952.0,1378.75002954928,67.961
"Yemen, Rep.",YEM,2014,30226309.0,1430.16420964026,68.003
"Yemen, Rep.",YEM,2015,31159379.0,1362.1738120601,66.761
"Yemen, Rep.",YEM,2016,32109010.0,975.359417003225,67.105
"Yemen, Rep.",YEM,2017,33090921.0,811.165970405745,67.12
"Yemen, Rep.",YEM,2018,34085182.0,633.887202451545,65.915
Zambia,ZMB,1960,3153729.0,221.559848922849,50.648
Zambia,ZMB,1961,3254086.0,209.693206426951,51.041
Zambia,ZMB,1962,3358099.0,202.28103119051,51.331
Zambia,ZMB,1963,3465907.0,203.219451227586,51.605
Zambia,ZMB,1964,3577017.0,229.979245632097,51.17
Zambia,ZMB,1965,3692086.0,287.42547598963,52.079
Zambia,ZMB,1966,3812003.0,325.025847276562,52.29
Zambia,ZMB,1967,3936343.0,340.579940386412,52.512
Zambia,ZMB,1968,4065593.0,387.087288652294,52.719
Zambia,ZMB,1969,4197116.0,458.981650783744,53.044
Zambia,ZMB,1970,4321718.0,413.904675224945,53.404
Zambia,ZMB,1971,4442525.0,372.144071511389,53.887
Zambia,ZMB,1972,4569309.0,409.781146356948,54.375
Zambia,ZMB,1973,4702693.0,517.630055161873,54.913
Zambia,ZMB,1974,4842746.0,601.101371432691,55.377
Zambia,ZMB,1975,4990086.0,489.505018740558,55.742
Zambia,ZMB,1976,5143842.0,533.231631721853,56.102
Zambia,ZMB,1977,5302480.0,474.362362443019,56.281
Zambia,ZMB,1978,5465374.0,514.334878626644,56.335
Zambia,ZMB,1979,5631728.0,595.455849101956,56.05
Zambia,ZMB,1980,5802833.0,669.419722015371,55.496
Zambia,ZMB,1981,5983289.0,669.886829361684,54.986
Zambia,ZMB,1982,6178637.0,626.532533448195,54.361
Zambia,ZMB,1983,6381038.0,520.45583354177,53.674
Zambia,ZMB,1984,6580490.0,413.269974271735,52.877
Zambia,ZMB,1985,6780953.0,332.173737253298,52.001
Zambia,ZMB,1986,6986471.0,238.23379616097,51.149
Zambia,ZMB,1987,7191282.0,314.999602622841,50.421
Zambia,ZMB,1988,7391440.0,504.486020154114,49.674
Zambia,ZMB,1989,7589216.0,526.361769256072,48.882
Zambia,ZMB,1990,7786169.0,422.336298804219,48.204
Zambia,ZMB,1991,7981650.0,423.071256835592,47.443
Zambia,ZMB,1992,8176680.0,389.254665832226,46.968
Zambia,ZMB,1993,8373921.0,390.916673784646,46.678
Zambia,ZMB,1994,8576269.0,426.386598390102,46.344
Zambia,ZMB,1995,8785763.0,433.312782642118,46.051
Zambia,ZMB,1996,9004053.0,399.511304742449,45.757
Zambia,ZMB,1997,9237063.0,465.871942164799,45.743
Zambia,ZMB,1998,9482408.0,373.084763057408,45.709
Zambia,ZMB,1999,9740005.0,349.515723095687,45.924
Zambia,ZMB,2000,10017631.0,359.429500988221,46.577
Zambia,ZMB,2001,10325185.0,396.548952993504,47.408
Zambia,ZMB,2002,10647949.0,393.864625518616,48.461
Zambia,ZMB,2003,10983595.0,446.290104839041,49.616
Zambia,ZMB,2004,11338198.0,548.685974566277,50.54
Zambia,ZMB,2005,11718819.0,710.982068171696,51.615
Zambia,ZMB,2006,12129553.0,1051.71714895686,52.693
Zambia,ZMB,2007,12565085.0,1118.73162626953,53.73
Zambia,ZMB,2008,13021324.0,1375.50211006997,54.835
Zambia,ZMB,2009,13490389.0,1136.24168316848,55.886
Zambia,ZMB,2010,13965594.0,1451.10616017155,56.896
Zambia,ZMB,2011,14437796.0,1624.86817763443,57.843
Zambia,ZMB,2012,14913629.0,1710.05061343728,58.704
Zambia,ZMB,2013,15398997.0,1820.71854827391,59.445
Zambia,ZMB,2014,15895315.0,1707.48573136694,60.109
Zambia,ZMB,2015,16399089.0,1295.87788680068,60.728
Zambia,ZMB,2016,16914423.0,1239.08527877713,61.129
Zambia,ZMB,2017,17441320.0,1483.46577328065,61.564
Zambia,ZMB,2018,17973569.0,1463.89997855593,62.138
Zambia,ZMB,2019,18513839.0,1258.98619844462,62.914
Zambia,ZMB,2020,19059395.0,951.644316655957,63.361
Zambia,ZMB,2021,19603607.0,1127.16077872857,62.363
Zambia,ZMB,2022,20152938.0,1447.12310138035,65.279
Zambia,ZMB,2023,20723965.0,1330.72780576709,66.349
Zimbabwe,ZWE,1960,3809389.0,276.560896360952,53.492
Zimbabwe,ZWE,1961,3930401.0,279.158927151344,53.966
Zimbabwe,ZWE,1962,4055959.0,275.686274355878,54.453
Zimbabwe,ZWE,1963,4185877.0,277.147112572228,54.942
Zimbabwe,ZWE,1964,4320006.0,281.888369368235,55.431
Zimbabwe,ZWE,1965,4458462.0,294.295520209542,55.905
Zimbabwe,ZWE,1966,4601217.0,278.709727530089,56.359
Zimbabwe,ZWE,1967,4748307.0,294.360765229111,56.766
Zimbabwe,ZWE,1968,4900440.0,302.086211635024,57.145
Zimbabwe,ZWE,1969,5058181.0,345.754984688223,57.481
Zimbabwe,ZWE,1970,5215918.0,361.425992338609,57.761
Zimbabwe,ZWE,1971,5374712.0,405.571258550669,57.996
Zimbabwe,ZWE,1972,5542445.0,483.378111388597,58.175
Zimbabwe,ZWE,1973,5720404.0,578.81284112321,58.087
Zimbabwe,ZWE,1974,5908328.0,674.335381210306,58.194
Zimbabwe,ZWE,1975,6098658.0,717.130326238498,58.249
Zimbabwe,ZWE,1976,6287105.0,687.212457369771,57.628
Zimbabwe,ZWE,1977,6449512.0,677.045095606361,56.996
Zimbabwe,ZWE,1978,6543575.0,665.358361846219,54.73
Zimbabwe,ZWE,1979,6647556.0,779.249232367068,54.918
Zimbabwe,ZWE,1980,7041303.0,949.011610530352,59.062
Zimbabwe,ZWE,1981,7498635.0,1068.92311090177,59.446
Zimbabwe,ZWE,1982,7796496.0,1095.88472887835,59.859
Zimbabwe,ZWE,1983,8098404.0,959.205194217604,59.989
Zimbabwe,ZWE,1984,8391488.0,757.359025240321,60.622
Zimbabwe,ZWE,1985,8686813.0,649.27581323637,60.901
Zimbabwe,ZWE,1986,8982578.0,692.529276865648,60.982
Zimbabwe,ZWE,1987,9284644.0,726.43141011947,60.724
Zimbabwe,ZWE,1988,9583094.0,815.89246404532,60.241
Zimbabwe,ZWE,1989,9864798.0,840.417972601175,59.446
Zimbabwe,ZWE,1990,10137281.0,866.928868406131,58.319
Zimbabwe,ZWE,1991,10404816.0,830.961354818769,57.037
Zimbabwe,ZWE,1992,10702700.0,631.149149280088,55.602
Zimbabwe,ZWE,1993,10860288.0,604.70311652877,53.976
Zimbabwe,ZWE,1994,10873148.0,634.062003018813,52.537
Zimbabwe,ZWE,1995,10974599.0,648.315259628165,51.144
Zimbabwe,ZWE,1996,11158360.0,766.913775859535,48.981
Zimbabwe,ZWE,1997,11369827.0,750.583100340929,48.536
Zimbabwe,ZWE,1998,11594297.0,552.448328691252,47.551
Zimbabwe,ZWE,1999,11783458.0,582.299355588147,46.379
Zimbabwe,ZWE,2000,11892055.0,562.833757496076,46.034
Zimbabwe,ZWE,2001,11971901.0,566.388746448872,44.525
Zimbabwe,ZWE,2002,12087653.0,524.936478570323,45.938
Zimbabwe,ZWE,2003,12232323.0,468.471932927213,45.373
Zimbabwe,ZWE,2004,12365896.0,469.719298949304,46.043
Zimbabwe,ZWE,2005,12483432.0,461.271387547912,46.57
Zimbabwe,ZWE,2006,12636445.0,431.034994414964,47.056
Zimbabwe,ZWE,2007,12804058.0,413.521244592925,47.576
Zimbabwe,ZWE,2008,12959149.0,340.917447588572,48.456
Zimbabwe,ZWE,2009,13142790.0,735.821693871697,49.75
Zimbabwe,ZWE,2010,13356548.0,902.010759067388,51.925
Zimbabwe,ZWE,2011,13595424.0,1037.77565157218,53.911
Zimbabwe,ZWE,2012,13817887.0,1239.22709745709,55.386
Zimbabwe,ZWE,2013,14013808.0,1362.99498323368,56.842
Zimbabwe,ZWE,2014,14207359.0,1372.91526173161,58.106
Zimbabwe,ZWE,2015,14399013.0,1387.12632595026,58.989
Zimbabwe,ZWE,2016,14600294.0,1408.13945253431,59.76
Zimbabwe,ZWE,2017,14812482.0,3445.44941020134,60.263
Zimbabwe,ZWE,2018,15034452.0,2270.89531874302,60.906
Zimbabwe,ZWE,2019,15271368.0,2184.32923855469,61.06
Zimbabwe,ZWE,2020,15526888.0,2059.67445384499,61.53
Zimbabwe,ZWE,2021,15797210.0,2613.60542083552,60.135
Zimbabwe,ZWE,2022,16069056.0,2536.40050223076,62.36
Zimbabwe,ZWE,2023,16340822.0,2195.22492079245,62.775
