country_name,country_code,wb_region,feature_year,target_year,actual_gdp_next_year,pred_ols,pred_ridge,pred_elastic_net,pred_random_forest,pred_xgboost,spec,split
Afghanistan,AFG,"Middle East, North Africa, Afghanistan & Pakistan",2018,2019,496.6025,528.7907,527.1467247264974,527.4128555707905,530.8640399901691,537.0414,Model 1,test
Afghanistan,AFG,"Middle East, North Africa, Afghanistan & Pakistan",2019,2020,510.7871,534.9637,533.4519133402704,533.7144015293301,517.7142435947407,553.29,Model 1,test
Afghanistan,AFG,"Middle East, North Africa, Afghanistan & Pakistan",2020,2021,356.4962,547.9079,545.7589439444805,546.0591682871038,532.0589633610128,556.4369,Model 1,test
Afghanistan,AFG,"Middle East, North Africa, Afghanistan & Pakistan",2021,2022,357.2612,384.2508,382.6788425708156,382.9065505757712,386.0625948040094,376.673,Model 1,test
Afghanistan,AFG,"Middle East, North Africa, Afghanistan & Pakistan",2022,2023,413.7579,389.9617,389.73779773055014,389.8984152548322,382.41372653300016,390.6165,Model 1,test
Angola,AGO,Sub-Saharan Africa ,2018,2019,2493.6788,2970.8469,2954.3531884092263,2955.687934968814,2902.6517207466163,2774.076,Model 1,test
Angola,AGO,Sub-Saharan Africa ,2019,2020,1759.3562,2600.1196,2586.887330829022,2588.035310432734,2336.9924500664742,2639.965,Model 1,test
Angola,AGO,Sub-Saharan Africa ,2020,2021,2303.9081,1847.8327,1839.4461153906352,1840.2754314730755,1871.7228742058555,1798.0957,Model 1,test
Angola,AGO,Sub-Saharan Africa ,2021,2022,3682.1132,2405.3588,2393.0641751987864,2394.1623871709803,2329.5684184450843,2421.4734,Model 1,test
Angola,AGO,Sub-Saharan Africa ,2022,2023,2916.1366,3819.2009,3800.046048479732,3801.6161596721295,3616.708114747928,3932.9363,Model 1,test
Albania,ALB,Europe & Central Asia,2018,2019,6069.439,6310.572,6360.371694579389,6356.745540196561,6703.669975050428,6693.0215,Model 1,test
Albania,ALB,Europe & Central Asia,2019,2020,6027.9135,6494.3436,6546.450542031622,6542.645708921443,7021.946564003081,7004.34,Model 1,test
Albania,ALB,Europe & Central Asia,2020,2021,7242.4551,6425.1941,6469.692012507999,6466.29379255614,6629.83841238297,6667.411,Model 1,test
Albania,ALB,Europe & Central Asia,2021,2022,7756.9619,7672.5828,7718.471962110224,7714.651315362661,7803.96627174661,8203.927,Model 1,test
Albania,ALB,Europe & Central Asia,2022,2023,9730.8692,8244.8822,8304.358294378448,8299.650429443842,8273.0472054038,8867.9375,Model 1,test
United Arab Emirates,ARE,"Middle East, North Africa, Afghanistan & Pakistan",2018,2019,45938.6074,48607.5529,48856.17899949395,48832.208187981145,49479.8369365225,49084.758,Model 1,test
United Arab Emirates,ARE,"Middle East, North Africa, Afghanistan & Pakistan",2019,2020,37991.7493,47414.6218,47663.20784761647,47639.67170911712,48859.91611209766,47509.652,Model 1,test
United Arab Emirates,ARE,"Middle East, North Africa, Afghanistan & Pakistan",2020,2021,44118.5047,39302.6592,39503.03641013566,39484.50891111971,39387.91275386611,40149.4,Model 1,test
United Arab Emirates,ARE,"Middle East, North Africa, Afghanistan & Pakistan",2021,2022,50759.7589,45184.212,45314.48518678922,45297.90215320138,44585.24545119141,43995.684,Model 1,test
United Arab Emirates,ARE,"Middle East, North Africa, Afghanistan & Pakistan",2022,2023,49850.6872,52009.8739,52194.771486834674,52173.43131784813,50066.30665032457,49210.277,Model 1,test
Argentina,ARG,Latin America & Caribbean ,2018,2019,9955.9748,12267.8639,12284.881053364055,12284.788652862935,13485.256787241038,12826.463,Model 1,test
Argentina,ARG,Latin America & Caribbean ,2019,2020,8535.5994,10429.5931,10447.252037941556,10447.176520008832,11460.080094431256,10803.818,Model 1,test
Argentina,ARG,Latin America & Caribbean ,2020,2021,10738.0179,8948.7171,8960.069118357887,8960.336225086272,8832.965588472056,9238.801,Model 1,test
Argentina,ARG,Latin America & Caribbean ,2021,2022,13962.1894,11152.1551,11147.527237475912,11148.602865943045,11225.265980628295,10722.165,Model 1,test
Argentina,ARG,Latin America & Caribbean ,2022,2023,14261.8466,14488.1421,14494.43870698861,14494.841098103225,13162.780092771518,13907.56,Model 1,test
Armenia,ARM,Europe & Central Asia,2018,2019,4597.2289,4480.6232,4506.512153498386,4504.639691171042,4442.209767292978,4525.366,Model 1,test
Armenia,ARM,Europe & Central Asia,2019,2020,4268.6809,4907.0851,4936.7680588935855,4934.604118289851,4679.0881161354055,4692.1567,Model 1,test
Armenia,ARM,Europe & Central Asia,2020,2021,4685.18,4531.7815,4550.88634340852,4549.356270727968,4668.775481982522,4596.604,Model 1,test
Armenia,ARM,Europe & Central Asia,2021,2022,6571.9745,4951.185,4967.604025764063,4966.123146223788,4902.982334133216,4957.243,Model 1,test
Armenia,ARM,Europe & Central Asia,2022,2023,8159.0872,6938.9472,6970.031534953267,6967.312980253627,7203.298334866113,7298.345,Model 1,test
Australia,AUS,East Asia & Pacific,2018,2019,55194.7585,58913.254,59132.50919163122,59112.59896575296,54905.82172331674,53966.418,Model 1,test
Australia,AUS,East Asia & Pacific,2019,2020,51983.4524,56705.1617,56924.515832588455,56905.20998201211,54222.32129997596,53106.9,Model 1,test
Australia,AUS,East Asia & Pacific,2020,2021,60758.9044,53509.7977,53732.012582258896,53713.36343143552,54082.21766756856,50983.496,Model 1,test
Australia,AUS,East Asia & Pacific,2021,2022,65169.5191,62357.9892,62605.66537883047,62583.620826568585,57371.33660000459,57590.45,Model 1,test
Australia,AUS,East Asia & Pacific,2022,2023,65058.3773,66770.8429,67022.92253456528,66999.65623570971,67539.59034834671,66745.086,Model 1,test
Austria,AUT,Europe & Central Asia,2018,2019,49885.9947,52611.2428,52850.00642265171,52824.95169241499,48807.69781480606,51858.97,Model 1,test
Austria,AUT,Europe & Central Asia,2019,2020,48716.4099,51319.155,51560.98500281972,51536.22332615539,47259.01059607294,49847.035,Model 1,test
Austria,AUT,Europe & Central Asia,2020,2021,53648.6438,50054.2595,50267.65154183233,50244.81682334234,47974.444178138074,49168.387,Model 1,test
Austria,AUT,Europe & Central Asia,2021,2022,52336.7725,55012.1894,55237.89073152919,55212.7851877097,52754.0600230292,54429.945,Model 1,test
Austria,AUT,Europe & Central Asia,2022,2023,56579.5042,53707.1586,53932.802605348945,53908.191079968994,54937.35761675442,51676.895,Model 1,test
Azerbaijan,AZE,Europe & Central Asia,2018,2019,4805.7537,5006.8874,5018.00753745212,5017.410635948534,5458.992398371565,5246.018,Model 1,test
Azerbaijan,AZE,Europe & Central Asia,2019,2020,4229.9106,5078.4449,5090.5079935215,5089.859330187225,5586.415407113796,5307.133,Model 1,test
Azerbaijan,AZE,Europe & Central Asia,2020,2021,5408.0454,4449.1873,4451.563873613251,4451.48028247316,4449.035563421142,4271.524,Model 1,test
Azerbaijan,AZE,Europe & Central Asia,2021,2022,7770.5942,5669.2183,5672.668861769598,5672.412405673934,5767.116123271944,5516.5874,Model 1,test
Azerbaijan,AZE,Europe & Central Asia,2022,2023,7133.0284,8147.3157,8164.99238301475,8163.682031323129,7971.009469795044,8030.6147,Model 1,test
Burundi,BDI,Sub-Saharan Africa ,2018,2019,234.3106,268.2529,267.99031496484344,268.082249389338,258.21129164886713,261.63397,Model 1,test
Burundi,BDI,Sub-Saharan Africa ,2019,2020,255.8325,256.3266,256.1492128004424,256.2352338814698,252.5940309961301,249.47725,Model 1,test
Burundi,BDI,Sub-Saharan Africa ,2020,2021,264.9804,279.618,279.44925877156874,279.54034105296387,271.76176641909524,240.17758,Model 1,test
Burundi,BDI,Sub-Saharan Africa ,2021,2022,302.9925,289.0648,288.7718857214269,288.8720472926197,282.4495096911997,272.53476,Model 1,test
Burundi,BDI,Sub-Saharan Africa ,2022,2023,250.6273,330.2371,329.99672343036036,330.1030291187842,334.5048444638138,339.96304,Model 1,test
Belgium,BEL,Europe & Central Asia,2018,2019,46716.6227,48845.1787,49053.011226426665,49032.10474515074,48123.0391633904,46493.35,Model 1,test
Belgium,BEL,Europe & Central Asia,2019,2020,45906.2876,48115.1747,48333.99663721559,48312.76122661791,48431.04904085862,47406.508,Model 1,test
Belgium,BEL,Europe & Central Asia,2020,2021,51658.2383,47147.5793,47321.06391972454,47302.50784530264,47842.27481866172,45467.773,Model 1,test
Belgium,BEL,Europe & Central Asia,2021,2022,50605.7497,53067.7645,53292.60397869401,53269.59600693418,51831.28045627571,50359.35,Model 1,test
Belgium,BEL,Europe & Central Asia,2022,2023,55291.4755,52002.5955,52222.59445334032,52200.20903247403,49584.85848140041,47947.94,Model 1,test
Benin,BEN,Sub-Saharan Africa ,2018,2019,1130.8214,1212.0908,1206.1566717818694,1206.6488519074485,1208.4409329664654,1210.2731,Model 1,test
Benin,BEN,Sub-Saharan Africa ,2019,2020,1200.1943,1190.9869,1185.2921009611389,1185.7739966866436,1206.062581942887,1131.709,Model 1,test
Benin,BEN,Sub-Saharan Africa ,2020,2021,1318.6516,1263.2709,1257.2967112038036,1257.8008252981851,1240.5700872719888,1231.1777,Model 1,test
Benin,BEN,Sub-Saharan Africa ,2021,2022,1266.4271,1383.38,1376.0756976735136,1376.6587476816285,1406.7366043355144,1339.0308,Model 1,test
Benin,BEN,Sub-Saharan Africa ,2022,2023,1394.1778,1332.4467,1326.2343065296848,1326.761685933855,1284.0105432700375,1244.6746,Model 1,test
Burkina Faso,BFA,Sub-Saharan Africa ,2018,2019,764.8531,824.6891,820.7723844889816,821.173078714764,801.9452238482515,817.4347,Model 1,test
Burkina Faso,BFA,Sub-Saharan Africa ,2019,2020,825.237,811.9692,808.2240315774337,808.6161132433027,709.8048715408486,794.05945,Model 1,test
Burkina Faso,BFA,Sub-Saharan Africa ,2020,2021,895.5353,875.2486,871.2396891229833,871.6568319765546,888.4298895728514,850.05316,Model 1,test
Burkina Faso,BFA,Sub-Saharan Africa ,2021,2022,827.3308,947.235,942.4830343723604,942.950949577162,955.033929981041,931.1093,Model 1,test
Burkina Faso,BFA,Sub-Saharan Africa ,2022,2023,873.4826,877.8833,873.9521225626033,874.3698355863208,896.5998675606285,849.3546,Model 1,test
Bangladesh,BGD,South Asia,2018,2019,2129.799,2099.6949,2098.334290010639,2099.170061942404,2067.5576075511985,2278.4263,Model 1,test
Bangladesh,BGD,South Asia,2019,2020,2248.8508,2274.5106,2273.5027086715177,2274.368750637857,2401.112998061317,2520.4985,Model 1,test
Bangladesh,BGD,South Asia,2020,2021,2482.8492,2391.9074,2388.6532999827486,2389.667660448524,2538.9219934155985,2535.8992,Model 1,test
Bangladesh,BGD,South Asia,2021,2022,2716.4859,2633.3525,2628.7601997080797,2629.907086900418,2496.7357090619607,2785.77,Model 1,test
Bangladesh,BGD,South Asia,2022,2023,2551.0177,2898.0429,2898.7846944188623,2899.724910970628,3206.7310594791784,3145.458,Model 1,test
Bulgaria,BGR,Europe & Central Asia,2018,2019,10353.7205,10304.669,10334.621234689272,10331.90242086998,11164.222550678269,10959.865,Model 1,test
Bulgaria,BGR,Europe & Central Asia,2019,2020,10760.212,10825.3913,10857.30154176894,10854.355693249683,11344.499156643982,11059.475,Model 1,test
Bulgaria,BGR,Europe & Central Asia,2020,2021,12966.1458,11193.6672,11212.6868812389,11210.322034973318,10923.256938087115,10902.03,Model 1,test
Bulgaria,BGR,Europe & Central Asia,2021,2022,13999.195,13367.0141,13366.334626673644,13364.493662037465,11526.289005089297,12892.552,Model 1,test
Bulgaria,BGR,Europe & Central Asia,2022,2023,15853.2086,14513.4168,14540.260791720117,14536.70268607542,13757.936384227338,14156.646,Model 1,test
Bahrain,BHR,"Middle East, North Africa, Afghanistan & Pakistan",2018,2019,27259.7439,27418.2698,27611.266844160735,27591.33415645037,26039.4054919207,27057.305,Model 1,test
Bahrain,BHR,"Middle East, North Africa, Afghanistan & Pakistan",2019,2020,24342.8445,28376.8044,28576.603405140475,28555.840037102767,26103.094087665017,28072.082,Model 1,test
Bahrain,BHR,"Middle East, North Africa, Afghanistan & Pakistan",2020,2021,27147.8084,25289.1721,25440.999764223157,25424.13198122037,25459.40914930816,25213.088,Model 1,test
Bahrain,BHR,"Middle East, North Africa, Afghanistan & Pakistan",2021,2022,30470.5219,28097.9828,28249.44097995583,28231.38425791325,28087.337543723315,28291.443,Model 1,test
Bahrain,BHR,"Middle East, North Africa, Afghanistan & Pakistan",2022,2023,29290.1284,31685.5456,31913.23335136241,31889.562039726046,30706.19013822675,31679.99,Model 1,test
"Bahamas, The",BHS,Latin America & Caribbean ,2018,2019,33640.337,33401.5507,33538.4939866014,33514.144216385575,34278.00179685798,34778.6,Model 1,test
"Bahamas, The",BHS,Latin America & Caribbean ,2019,2020,26178.7538,34179.3465,34255.551662606194,34233.93533973031,35147.05108438833,33284.547,Model 1,test
"Bahamas, The",BHS,Latin America & Caribbean ,2020,2021,30367.8606,26838.9539,26938.48105821704,26920.04918455433,26604.8704934343,26073.592,Model 1,test
"Bahamas, The",BHS,Latin America & Caribbean ,2021,2022,34957.1613,30869.7129,30929.528521017237,30910.790772222255,25881.92640876672,29443.82,Model 1,test
"Bahamas, The",BHS,Latin America & Caribbean ,2022,2023,38231.7745,35756.6043,35909.250630590126,35882.67851711811,38382.59019487523,35591.91,Model 1,test
Bosnia and Herzegovina,BIH,Europe & Central Asia,2018,2019,6122.3754,6444.8034,6487.45426370836,6484.3411601096905,6695.342374710169,6448.831,Model 1,test
Bosnia and Herzegovina,BIH,Europe & Central Asia,2019,2020,6130.3119,6514.0051,6554.641578174381,6551.609539690706,6797.029289117696,6438.7954,Model 1,test
Bosnia and Herzegovina,BIH,Europe & Central Asia,2020,2021,7295.3438,6500.9284,6535.549390621738,6532.8257664481725,6664.219034487061,6460.6006,Model 1,test
Bosnia and Herzegovina,BIH,Europe & Central Asia,2021,2022,7655.5942,7681.381,7712.578962779098,7709.732800764992,7446.278439800476,7721.354,Model 1,test
Bosnia and Herzegovina,BIH,Europe & Central Asia,2022,2023,8663.0233,8096.3874,8141.04655590039,8137.380098447217,8194.81765940978,8477.831,Model 1,test
Belarus,BLR,Europe & Central Asia,2018,2019,6837.7734,6697.4625,6714.979566205776,6713.822723154802,6488.948925082027,6637.1753,Model 1,test
Belarus,BLR,Europe & Central Asia,2019,2020,6542.8558,7190.7659,7209.01855422242,7207.755224003388,7310.334523480598,7497.1084,Model 1,test
Belarus,BLR,Europe & Central Asia,2020,2021,7489.7189,6851.9301,6860.060537349847,6859.36701960837,7067.3538656655555,6857.658,Model 1,test
Belarus,BLR,Europe & Central Asia,2021,2022,7994.6481,7820.6117,7827.945009877684,7827.149683246258,8164.421275473508,7811.0674,Model 1,test
Belarus,BLR,Europe & Central Asia,2022,2023,7896.7539,8378.1818,8396.89102240092,8395.412672169568,8540.118718122298,8599.47,Model 1,test
Belize,BLZ,Latin America & Caribbean ,2018,2019,6171.6145,6342.6395,6378.393519012325,6374.241597486087,6366.040268768129,6474.5957,Model 1,test
Belize,BLZ,Latin America & Caribbean ,2019,2020,5238.5408,6511.4328,6548.881332275058,6544.573353291347,6486.014896187913,6741.207,Model 1,test
Belize,BLZ,Latin America & Caribbean ,2020,2021,6142.9893,5532.0372,5561.418390564261,5557.97953467921,5453.330989748582,5800.8794,Model 1,test
Belize,BLZ,Latin America & Caribbean ,2021,2022,7068.2173,6455.4167,6485.037341420928,6481.181768098234,6170.8986109257075,6478.7466,Model 1,test
Belize,BLZ,Latin America & Caribbean ,2022,2023,7424.7582,7429.134,7467.869351312776,7463.102927223843,7623.356376521292,7423.642,Model 1,test
Bolivia,BOL,Latin America & Caribbean ,2018,2019,4203.1549,4396.3964,4390.198859177625,4390.623207966709,4351.037835232426,4310.8516,Model 1,test
Bolivia,BOL,Latin America & Caribbean ,2019,2020,3580.9676,4393.8045,4387.898361678917,4388.314098641121,4340.059363388038,4310.8516,Model 1,test
Bolivia,BOL,Latin America & Caribbean ,2020,2021,4010.7605,3710.9299,3694.416557976059,3695.427701246093,3501.9823565001243,3667.83,Model 1,test
Bolivia,BOL,Latin America & Caribbean ,2021,2022,4219.4611,4131.667,4108.342986108217,4109.685922444019,3615.579423738024,3747.4622,Model 1,test
Bolivia,BOL,Latin America & Caribbean ,2022,2023,4274.7082,4406.107,4398.80319496771,4399.305805770789,4387.609123811917,4310.8516,Model 1,test
Brazil,BRA,Latin America & Caribbean ,2018,2019,9029.833,9703.9176,9694.100742192668,9696.96408607747,9921.03407256399,11229.855,Model 1,test
Brazil,BRA,Latin America & Caribbean ,2019,2020,7074.1941,9431.0115,9422.961978493344,9425.699646848,9662.84355914368,10122.81,Model 1,test
Brazil,BRA,Latin America & Caribbean ,2020,2021,7972.537,7401.9863,7391.894035940562,7394.412003055501,7258.499877388394,7864.721,Model 1,test
Brazil,BRA,Latin America & Caribbean ,2021,2022,9281.3328,8291.7195,8270.517611682344,8273.762617545872,8187.128888163232,8439.723,Model 1,test
Brazil,BRA,Latin America & Caribbean ,2022,2023,10377.5898,9665.8994,9650.888021613471,9654.03360562107,9874.59661197602,11112.432,Model 1,test
Barbados,BRB,Latin America & Caribbean ,2018,2019,21912.1501,22206.4704,22357.488554197844,22338.243536116643,22767.826836296208,21909.918,Model 1,test
Barbados,BRB,Latin America & Caribbean ,2019,2020,19194.492,22752.835,22908.45609437739,22888.642087656797,23663.187394419667,22786.861,Model 1,test
Brunei Darussalam,BRN,East Asia & Pacific,2018,2019,30426.5731,31809.1784,31957.962604116216,31934.310205480873,32380.47466058636,32539.318,Model 1,test
Brunei Darussalam,BRN,East Asia & Pacific,2019,2020,26834.3592,31248.2645,31396.100847370115,31372.86585155618,30246.1859277973,32539.318,Model 1,test
Brunei Darussalam,BRN,East Asia & Pacific,2020,2021,31006.9636,27634.1222,27771.22191674467,27750.693745091365,28562.472941575037,28463.373,Model 1,test
Brunei Darussalam,BRN,East Asia & Pacific,2021,2022,36632.9281,31816.9686,31961.774108065227,31938.428295782185,31875.176040022496,32539.318,Model 1,test
Brunei Darussalam,BRN,East Asia & Pacific,2022,2023,32890.5492,37283.1059,37392.70434969664,37367.972400873,35136.59190464519,35667.105,Model 1,test
Bhutan,BTN,South Asia,2018,2019,3576.8799,3619.9635,3638.8491018420705,3637.010025487885,3683.6508137903174,3853.984,Model 1,test
Bhutan,BTN,South Asia,2019,2020,3191.6691,3806.786,3827.074171973366,3825.1020860520193,3823.8318105910257,4010.7437,Model 1,test
Bhutan,BTN,South Asia,2020,2021,3570.6126,3406.7935,3426.1163569716477,3424.328858802633,3610.882224298732,3610.9104,Model 1,test
Bhutan,BTN,South Asia,2021,2022,3711.3277,3804.2741,3825.64663130339,3823.6239667901727,3833.3936654263366,4079.0898,Model 1,test
Bhutan,BTN,South Asia,2022,2023,3831.3254,3953.9643,3976.728409179603,3974.585593274285,3892.2122242687774,4323.5903,Model 1,test
Botswana,BWA,Sub-Saharan Africa ,2018,2019,7172.0896,7647.5191,7639.014498015128,7637.977080775044,7400.791186579993,7468.2505,Model 1,test
Botswana,BWA,Sub-Saharan Africa ,2019,2020,6323.2975,7423.1625,7419.1764943912385,7417.9791518033235,7210.197052411429,7219.0493,Model 1,test
Botswana,BWA,Sub-Saharan Africa ,2020,2021,7807.8879,6569.0691,6568.858495663431,6567.712186768624,6118.990936429793,6501.8896,Model 1,test
Botswana,BWA,Sub-Saharan Africa ,2021,2022,8328.7091,7991.1222,7964.434320518927,7964.277369057144,7821.706038761591,7672.109,Model 1,test
Botswana,BWA,Sub-Saharan Africa ,2022,2023,7826.3538,8626.4267,8628.555737761515,8626.729036464758,9015.578154907043,8465.962,Model 1,test
Central African Republic,CAF,Sub-Saharan Africa ,2018,2019,449.2285,480.2954,476.80986456066927,477.0598137935896,432.0654003431959,473.1874,Model 1,test
Central African Republic,CAF,Sub-Saharan Africa ,2019,2020,462.8791,450.6644,441.1025864690443,441.6615084570952,427.19837688235015,458.6714,Model 1,test
Central African Republic,CAF,Sub-Saharan Africa ,2022,2023,495.9789,454.155,440.6361609321487,441.3964278200478,470.4397552061167,495.7926,Model 1,test
Canada,CAN,North America,2018,2019,46352.8693,47823.457,47961.87436724458,47950.662506145985,46324.826247192475,45874.754,Model 1,test
Canada,CAN,North America,2019,2020,43537.8393,47676.0321,47824.990990965714,47813.32748483232,45999.21660437295,45827.094,Model 1,test
Canada,CAN,North America,2020,2021,52886.6616,44768.8465,44893.284059289435,44883.454149279656,45129.35864748192,43363.152,Model 1,test
Canada,CAN,North America,2021,2022,56256.8007,54162.3409,54295.12024680214,54283.20176374408,51269.91890803963,49721.977,Model 1,test
Canada,CAN,North America,2022,2023,54220.3285,57500.9932,57624.30243947713,57612.34758367634,52964.607168343835,52009.24,Model 1,test
Switzerland,CHE,Europe & Central Asia,2018,2019,84121.931,87106.735,87558.87855750429,87509.89382643938,91611.05269377257,80689.19,Model 1,test
Switzerland,CHE,Europe & Central Asia,2019,2020,85897.7843,86040.5728,86497.06911555742,86448.32977668355,91778.89122746566,79933.016,Model 1,test
Switzerland,CHE,Europe & Central Asia,2020,2021,93664.7737,87624.7008,88031.5010965262,87984.82221227561,83516.12952872294,79414.44,Model 1,test
Switzerland,CHE,Europe & Central Asia,2021,2022,94394.5107,95551.8228,96030.52806178627,95977.07240853552,89285.36665056014,89456.805,Model 1,test
Switzerland,CHE,Europe & Central Asia,2022,2023,100623.5496,96245.2803,96715.57228967428,96662.3672094676,82105.25204933455,87223.266,Model 1,test
Chile,CHL,Latin America & Caribbean ,2018,2019,14495.7167,16423.4122,16499.75688076599,16494.943691287775,15436.47464155336,16405.498,Model 1,test
Chile,CHL,Latin America & Caribbean ,2019,2020,13114.8155,15217.8828,15287.720694117555,15283.443533224834,14962.3408857727,15930.261,Model 1,test
Chile,CHL,Latin America & Caribbean ,2020,2021,16206.8325,13763.56,13819.556528191588,13816.206276114455,14399.270921287063,14890.1,Model 1,test
Chile,CHL,Latin America & Caribbean ,2021,2022,15405.6166,16915.1265,16972.687729738707,16968.832126904577,17394.014577140657,18509.2,Model 1,test
Chile,CHL,Latin America & Caribbean ,2022,2023,17067.0365,16107.2876,16166.598724939717,16162.77614528564,15771.556359767432,16767.514,Model 1,test
China,CHN,East Asia & Pacific,2018,2019,10342.901,10525.9836,10502.612145703746,10508.350290390565,10539.659309463625,10673.134,Model 1,test
China,CHN,East Asia & Pacific,2019,2020,10627.4638,10794.8863,10772.13639161184,10777.936601591971,10629.68248179998,9418.19,Model 1,test
China,CHN,East Asia & Pacific,2020,2021,12887.4357,11087.7978,11064.517746729522,11070.445397318554,11006.25827564225,11255.877,Model 1,test
China,CHN,East Asia & Pacific,2021,2022,12970.6056,13395.7198,13364.398084041672,13371.484792739388,14520.75607164266,14020.087,Model 1,test
China,CHN,East Asia & Pacific,2022,2023,12951.1782,13483.186,13452.305199760263,13459.396513893806,14799.102549430554,14181.632,Model 1,test
Cote d'Ivoire,CIV,Sub-Saharan Africa ,2018,2019,2141.7684,2211.9714,2196.8487829129435,2198.0210049853267,2448.1806618284413,2161.7375,Model 1,test
Cote d'Ivoire,CIV,Sub-Saharan Africa ,2019,2020,2179.7293,2225.5585,2210.972073436479,2212.1238005895607,2471.925915164308,2254.196,Model 1,test
Cote d'Ivoire,CIV,Sub-Saharan Africa ,2020,2021,2455.9813,2263.3554,2248.179095675915,2249.370172789905,2496.4485864532444,2252.1255,Model 1,test
Cote d'Ivoire,CIV,Sub-Saharan Africa ,2021,2022,2333.3713,2544.7939,2527.4309336509573,2528.763744925109,2377.3309211540695,2585.628,Model 1,test
Cote d'Ivoire,CIV,Sub-Saharan Africa ,2022,2023,2591.9659,2427.7116,2413.3566459096387,2414.5315709262513,2409.5123994296596,2412.226,Model 1,test
Cameroon,CMR,Sub-Saharan Africa ,2018,2019,1555.2266,1687.641,1678.6625960754798,1679.451061556399,1645.996980962392,1535.8683,Model 1,test
Cameroon,CMR,Sub-Saharan Africa ,2019,2020,1555.6037,1632.6334,1624.5394131507296,1625.2814666319052,1741.8756602736585,1592.9858,Model 1,test
Cameroon,CMR,Sub-Saharan Africa ,2020,2021,1672.3266,1632.8654,1624.688695133379,1625.4395499297975,1757.6772128678538,1609.0964,Model 1,test
Cameroon,CMR,Sub-Saharan Africa ,2021,2022,1604.8773,1750.4498,1740.797686089556,1741.6414243424365,1733.9653431342574,1654.1904,Model 1,test
Cameroon,CMR,Sub-Saharan Africa ,2022,2023,1720.4751,1686.5226,1678.7593262299065,1679.5036560040498,1735.0714942408492,1574.4247,Model 1,test
"Congo, Rep.",COG,Sub-Saharan Africa ,2018,2019,2488.4247,2822.8317,2817.356082339524,2817.6113430060145,2903.6955603434862,2844.408,Model 1,test
"Congo, Rep.",COG,Sub-Saharan Africa ,2019,2020,1993.5867,2602.775,2595.6332513965685,2596.0033776374444,2498.1784716398347,2553.5227,Model 1,test
"Congo, Rep.",COG,Sub-Saharan Africa ,2020,2021,2516.1626,2100.9667,2097.6429850924765,2097.863162776016,1992.5973129582237,2065.574,Model 1,test
"Congo, Rep.",COG,Sub-Saharan Africa ,2021,2022,2620.838,2637.6633,2632.082236015941,2632.3811220835937,2622.401730751788,2615.0203,Model 1,test
"Congo, Rep.",COG,Sub-Saharan Africa ,2022,2023,2477.9785,2750.401,2745.8317728228812,2746.0744767260994,2682.6277616348516,2721.8086,Model 1,test
Colombia,COL,Latin America & Caribbean ,2018,2019,6472.5454,7191.304,7205.667053741585,7205.819392937691,7527.373195578607,7665.578,Model 1,test
Colombia,COL,Latin America & Caribbean ,2019,2020,5339.6871,6838.6091,6853.670228436739,6853.787584602241,7293.962253207564,6883.5137,Model 1,test
Colombia,COL,Latin America & Caribbean ,2020,2021,6222.6216,5635.8357,5642.019325799424,5642.550900007119,6088.879220154189,5952.88,Model 1,test
Colombia,COL,Latin America & Caribbean ,2021,2022,6680.4451,6514.2395,6510.565939355114,6511.65809574141,6680.263898901496,6429.432,Model 1,test
Colombia,COL,Latin America & Caribbean ,2022,2023,7000.8366,7048.3758,7061.841598226311,7062.074949392897,7519.257491220684,7615.323,Model 1,test
Comoros,COM,Sub-Saharan Africa ,2019,2020,1519.3467,1610.8333,1614.5669132653234,1614.1226377147689,1636.056739672931,1648.3912,Model 1,test
Comoros,COM,Sub-Saharan Africa ,2020,2021,1554.9729,1620.6746,1624.478137819733,1624.0310008690874,1662.6264393199704,1679.3718,Model 1,test
Comoros,COM,Sub-Saharan Africa ,2021,2022,1465.4796,1655.5929,1658.7468436375614,1658.328203606465,1650.4108328976615,1634.7338,Model 1,test
Comoros,COM,Sub-Saharan Africa ,2022,2023,1560.2738,1567.042,1571.5062154668117,1571.044153886398,1605.2713059599714,1621.2637,Model 1,test
Cabo Verde,CPV,Sub-Saharan Africa ,2018,2019,4380.7812,4588.4359,4622.882470597518,4619.711642852357,4744.764231534804,4641.783,Model 1,test
Cabo Verde,CPV,Sub-Saharan Africa ,2019,2020,3539.2266,4685.1557,4722.133701862203,4718.7924695898655,4916.216598055544,4671.0923,Model 1,test
Cabo Verde,CPV,Sub-Saharan Africa ,2020,2021,3971.4441,3786.6514,3813.574369148841,3811.1071143600425,3851.506768142565,3946.8574,Model 1,test
Cabo Verde,CPV,Sub-Saharan Africa ,2021,2022,4323.3136,4245.2857,4276.436992333018,4273.575368499911,4138.989846237111,4167.289,Model 1,test
Cabo Verde,CPV,Sub-Saharan Africa ,2022,2023,4794.9012,4630.0341,4668.066268259822,4664.696503131608,4862.991897241939,4522.4497,Model 1,test
Costa Rica,CRI,Latin America & Caribbean ,2018,2019,12884.686,13277.3428,13362.66704978741,13355.989167877358,13248.945348119449,14217.775,Model 1,test
Costa Rica,CRI,Latin America & Caribbean ,2019,2020,12394.0494,13588.0379,13676.631357108809,13669.712239035478,13858.725841205582,15454.34,Model 1,test
Costa Rica,CRI,Latin America & Caribbean ,2020,2021,12838.1185,13062.6976,13143.433864873588,13137.072798103687,13002.339198834774,13933.381,Model 1,test
Costa Rica,CRI,Latin America & Caribbean ,2021,2022,13625.9008,13465.7372,13532.65015870786,13526.914278043854,13872.491818681516,14729.852,Model 1,test
Costa Rica,CRI,Latin America & Caribbean ,2022,2023,16942.0268,14318.5922,14400.738609623331,14393.986661151934,14774.655696782453,15792.806,Model 1,test
Cyprus,CYP,Europe & Central Asia,2018,2019,29227.1738,30360.4238,30599.810469871383,30575.568137258673,30132.573727057716,29598.186,Model 1,test
Cyprus,CYP,Europe & Central Asia,2019,2020,28130.3418,30461.289,30698.65889617999,30674.51339450335,30050.264402757333,29598.186,Model 1,test
Cyprus,CYP,Europe & Central Asia,2020,2021,32937.8398,29324.5863,29549.90662903801,29526.973065237387,27442.5005904804,29186.81,Model 1,test
Cyprus,CYP,Europe & Central Asia,2021,2022,33231.043,34169.7238,34407.74669257733,34381.85503603322,35695.23958512322,34698.062,Model 1,test
Cyprus,CYP,Europe & Central Asia,2022,2023,36623.6914,34455.3495,34691.106563232686,34665.23245656266,36861.79135402852,34616.723,Model 1,test
Czechia,CZE,Europe & Central Asia,2018,2019,24062.719,24582.7898,24673.62179619369,24665.246215035804,24836.64739740418,24366.941,Model 1,test
Czechia,CZE,Europe & Central Asia,2019,2020,23472.8915,24957.1272,25052.039790726776,25043.369952826364,26321.865850806935,24767.643,Model 1,test
Czechia,CZE,Europe & Central Asia,2020,2021,27696.462,24298.2345,24374.848058215317,24367.299461005103,23501.327502857377,24288.152,Model 1,test
Czechia,CZE,Europe & Central Asia,2021,2022,28282.2237,28504.0062,28567.48928972403,28559.52465801845,26954.86360659382,27410.602,Model 1,test
Czechia,CZE,Europe & Central Asia,2022,2023,31761.5944,29214.9485,29312.564480610305,29302.681286237766,30734.01584834314,28690.992,Model 1,test
Germany,DEU,Europe & Central Asia,2018,2019,47656.1997,50037.2952,50094.2664934689,50091.00981704473,45158.07553161305,48040.625,Model 1,test
Germany,DEU,Europe & Central Asia,2019,2020,47394.8735,48821.9814,48892.78013973872,48888.937714822714,44947.690494668874,47159.582,Model 1,test
Germany,DEU,Europe & Central Asia,2020,2021,52349.246,48529.949,48592.36734268107,48588.9930506636,46305.19151416017,47159.582,Model 1,test
Germany,DEU,Europe & Central Asia,2021,2022,50506.518,53460.8777,53512.02526556107,53508.73342995645,52509.16708113692,50687.715,Model 1,test
Germany,DEU,Europe & Central Asia,2022,2023,54776.7668,51594.0794,51639.963206633736,51637.140147104416,47308.47083026877,48204.926,Model 1,test
Djibouti,DJI,"Middle East, North Africa, Afghanistan & Pakistan",2018,2019,2837.169,2852.0897,2851.863970177827,2851.3687801012497,2903.122516390345,2869.013,Model 1,test
Djibouti,DJI,"Middle East, North Africa, Afghanistan & Pakistan",2019,2020,2844.8881,2976.3535,2976.4161426885316,2975.8765330811034,2968.8800058532943,3115.4456,Model 1,test
Djibouti,DJI,"Middle East, North Africa, Afghanistan & Pakistan",2020,2021,3025.9113,2982.8956,2982.518894088833,2982.004924957355,2950.965329037199,2999.1821,Model 1,test
Djibouti,DJI,"Middle East, North Africa, Afghanistan & Pakistan",2021,2022,3133.2578,3165.7535,3164.186803623768,3163.6888287045413,3223.580612579802,3250.5186,Model 1,test
Djibouti,DJI,"Middle East, North Africa, Afghanistan & Pakistan",2022,2023,3381.2978,3289.325,3291.292703368972,3290.5808486770693,3495.2314914153753,3344.2441,Model 1,test
Denmark,DNK,Europe & Central Asia,2018,2019,59404.2663,62719.1122,62988.69464369952,62955.84694793829,58769.44515757857,61057.848,Model 1,test
Denmark,DNK,Europe & Central Asia,2019,2020,60985.4886,60868.0828,61153.25028675596,61120.334997369486,61327.435631558714,60734.777,Model 1,test
Denmark,DNK,Europe & Central Asia,2020,2021,69340.7335,62477.3073,62773.64359889219,62739.53107974273,60284.95830879977,61648.16,Model 1,test
Denmark,DNK,Europe & Central Asia,2021,2022,67781.0941,70815.3044,71126.7610501867,71088.5613153113,67277.10117427107,70013.65,Model 1,test
Denmark,DNK,Europe & Central Asia,2022,2023,68043.5467,69237.0724,69538.63166923872,69501.64283833386,68149.15911994112,70031.81,Model 1,test
Dominican Republic,DOM,Latin America & Caribbean ,2018,2019,8183.0162,8250.4229,8264.262290936334,8263.18840603669,8487.253749973139,7796.168,Model 1,test
Dominican Republic,DOM,Latin America & Caribbean ,2019,2020,7135.2227,8548.4955,8559.627038630766,8558.661335390974,8444.302966432884,8270.882,Model 1,test
Dominican Republic,DOM,Latin America & Caribbean ,2020,2021,8527.0755,7466.1075,7474.919963875465,7474.227907017064,6465.105283822382,7045.871,Model 1,test
Dominican Republic,DOM,Latin America & Caribbean ,2021,2022,10104.2449,8870.7398,8873.26636914132,8872.720935794803,9440.379497815422,8853.775,Model 1,test
Dominican Republic,DOM,Latin America & Caribbean ,2022,2023,10630.4317,10537.6019,10555.29810505548,10553.724089981642,10725.390655108911,10153.333,Model 1,test
Algeria,DZA,"Middle East, North Africa, Afghanistan & Pakistan",2018,2019,4468.4534,4857.1926,4867.463775781749,4867.647641229496,4749.729131297602,4785.7964,Model 1,test
Algeria,DZA,"Middle East, North Africa, Afghanistan & Pakistan",2019,2020,3743.542,4745.4524,4755.966007851525,4756.14027118275,4632.407273326587,4813.576,Model 1,test
Algeria,DZA,"Middle East, North Africa, Afghanistan & Pakistan",2020,2021,4160.5593,3966.4491,3969.6888088667943,3970.1965087527233,4317.784810599162,4184.565,Model 1,test
Algeria,DZA,"Middle East, North Africa, Afghanistan & Pakistan",2021,2022,4960.3033,4419.6042,4428.271546357947,4428.537120835085,4662.298976874224,4505.768,Model 1,test
Algeria,DZA,"Middle East, North Africa, Afghanistan & Pakistan",2022,2023,5370.4772,5261.8216,5273.878728533763,5274.0259777619685,5458.4831307319855,5342.247,Model 1,test
Ecuador,ECU,Latin America & Caribbean ,2018,2019,6205.0577,6683.0819,6709.54181051247,6708.326039297987,6735.219114213954,6753.3364,Model 1,test
Ecuador,ECU,Latin America & Caribbean ,2019,2020,5463.6452,6580.8391,6607.085101232032,6605.899057662848,6664.277623633552,6418.864,Model 1,test
Ecuador,ECU,Latin America & Caribbean ,2020,2021,6061.3235,5735.2437,5738.474230558328,5738.543354079114,5872.719703367549,5835.542,Model 1,test
Ecuador,ECU,Latin America & Caribbean ,2021,2022,6515.5853,6360.5012,6366.196749390829,6366.106247290376,6647.071949518942,5254.36,Model 1,test
Ecuador,ECU,Latin America & Caribbean ,2022,2023,6737.8475,6891.0185,6914.374674704238,6913.336673804143,7335.888338546429,6037.9,Model 1,test
"Egypt, Arab Rep.",EGY,"Middle East, North Africa, Afghanistan & Pakistan",2018,2019,2962.9889,2636.422,2633.1724825469755,2634.1269023086893,2488.001391892464,2743.4255,Model 1,test
"Egypt, Arab Rep.",EGY,"Middle East, North Africa, Afghanistan & Pakistan",2019,2020,3511.1138,3134.3059,3130.0103061210316,3131.121409163254,3138.1441665640946,3240.793,Model 1,test
"Egypt, Arab Rep.",EGY,"Middle East, North Africa, Afghanistan & Pakistan",2020,2021,3827.3542,3688.2871,3678.593742806628,3680.0894041886454,3705.498998704872,3601.446,Model 1,test
"Egypt, Arab Rep.",EGY,"Middle East, North Africa, Afghanistan & Pakistan",2021,2022,4233.3078,4005.3193,3991.953489536123,3993.6986805512256,3781.0430321027466,4068.8406,Model 1,test
"Egypt, Arab Rep.",EGY,"Middle East, North Africa, Afghanistan & Pakistan",2022,2023,3456.7897,4442.8587,4433.3882938971,4435.011371878002,4633.283762653659,4478.15,Model 1,test
Spain,ESP,Europe & Central Asia,2018,2019,29786.5246,31832.4874,31971.478372276968,31963.56709054029,30612.405503604095,31089.799,Model 1,test
Spain,ESP,Europe & Central Asia,2019,2020,27233.9426,31030.876,31175.912332757613,31167.8010080034,29734.902757519045,29698.816,Model 1,test
Spain,ESP,Europe & Central Asia,2020,2021,30799.4776,28313.0058,28418.146589656415,28412.424839148873,28302.930074865755,28255.986,Model 1,test
Spain,ESP,Europe & Central Asia,2021,2022,30319.4987,32012.7105,32146.011092503337,32138.421436296187,30933.503474381876,31089.799,Model 1,test
Spain,ESP,Europe & Central Asia,2022,2023,33493.2225,31520.2477,31651.039263938103,31643.66007199105,30468.945772145027,31449.406,Model 1,test
Estonia,EST,Europe & Central Asia,2018,2019,24021.2501,24529.534,24674.04954229931,24657.633415034277,24617.51478083595,24668.19,Model 1,test
Estonia,EST,Europe & Central Asia,2019,2020,23933.9939,24963.8662,25117.041236499095,25099.981692284797,25470.69631850234,24760.629,Model 1,test
Estonia,EST,Europe & Central Asia,2020,2021,27951.1659,24871.8589,25023.674654973904,25006.733547065058,25516.40335968346,24760.629,Model 1,test
Estonia,EST,Europe & Central Asia,2021,2022,28340.3827,28837.6913,28973.905861179133,28955.9493426516,29278.005695828782,28812.957,Model 1,test
Estonia,EST,Europe & Central Asia,2022,2023,30264.0065,29294.5233,29449.813755037503,29430.68101992253,29969.77476780279,28880.879,Model 1,test
Ethiopia,ETH,Sub-Saharan Africa ,2018,2019,793.4732,793.4203,790.8055600511616,791.2724898266821,792.302286467742,778.7381,Model 1,test
Ethiopia,ETH,Sub-Saharan Africa ,2019,2020,829.791,850.8374,848.1896192733585,848.6790214064106,873.0953861053714,858.77136,Model 1,test
Ethiopia,ETH,Sub-Saharan Africa ,2020,2021,893.0098,889.4186,886.6946789521176,887.2027394812508,900.2792404260402,917.4067,Model 1,test
Ethiopia,ETH,Sub-Saharan Africa ,2021,2022,982.1032,954.2094,950.7289853475066,951.2989391708732,997.5674221692487,952.1592,Model 1,test
Ethiopia,ETH,Sub-Saharan Africa ,2022,2023,1055.8109,1051.3255,1048.4176475549427,1048.9911797603745,1061.5980475422332,1025.9164,Model 1,test
Finland,FIN,Europe & Central Asia,2018,2019,48358.1808,51105.0408,51372.46703544034,51343.93991549436,47966.025320806744,50842.688,Model 1,test
Finland,FIN,Europe & Central Asia,2019,2020,48828.6847,49828.2608,50099.529211855566,50071.289163873786,48868.523706397544,50470.508,Model 1,test
Finland,FIN,Europe & Central Asia,2020,2021,53099.1351,50296.6688,50567.851853963504,50539.44697452364,49166.58735250541,51246.34,Model 1,test
Finland,FIN,Europe & Central Asia,2021,2022,50440.5602,54595.0812,54880.28223638808,54849.51416312543,54100.55333088581,53823.633,Model 1,test
Finland,FIN,Europe & Central Asia,2022,2023,52834.2917,51827.8881,52077.893755019344,52050.04372546604,48749.79887271635,50355.844,Model 1,test
Fiji,FJI,East Asia & Pacific,2018,2019,5842.0734,6326.189,6331.256388212075,6329.288359849837,6103.672045850168,6651.1406,Model 1,test
Fiji,FJI,East Asia & Pacific,2019,2020,4620.6457,6078.982,6084.446302489935,6082.545622624586,6013.808331670512,6533.6646,Model 1,test
Fiji,FJI,East Asia & Pacific,2020,2021,4536.7331,4830.2311,4836.084934065245,4834.60141544984,5244.151584403239,5332.693,Model 1,test
Fiji,FJI,East Asia & Pacific,2021,2022,5414.1209,4720.9766,4720.314665518405,4719.208723957094,4785.761976972186,4810.947,Model 1,test
Fiji,FJI,East Asia & Pacific,2022,2023,5926.2059,5644.3487,5650.6011764579125,5648.817518917225,5680.61387934062,5988.2446,Model 1,test
France,FRA,Europe & Central Asia,2018,2019,40408.2849,42712.2107,42835.89542347335,42828.9363793216,41558.092540607235,42065.258,Model 1,test
France,FRA,Europe & Central Asia,2019,2020,39169.8606,41707.0396,41833.57952878223,41826.59300348903,41668.317548099985,41166.832,Model 1,test
France,FRA,Europe & Central Asia,2020,2021,43725.1,40390.2698,40496.64383969223,40490.85613032715,39062.64135607691,38403.043,Model 1,test
France,FRA,Europe & Central Asia,2021,2022,40988.6396,45001.768,45116.80951458571,45110.09506073203,42011.49088140095,43357.24,Model 1,test
France,FRA,Europe & Central Asia,2022,2023,44700.1384,42220.9898,42327.33626176557,42321.39737066508,42110.01551889516,41568.086,Model 1,test
Gabon,GAB,Sub-Saharan Africa ,2018,2019,7441.1786,7879.5719,7874.454597318872,7873.142753982223,7592.211197971084,7934.8003,Model 1,test
Gabon,GAB,Sub-Saharan Africa ,2019,2020,6605.8035,7699.3892,7695.979867592565,7694.651546420044,7419.6484211801935,7858.461,Model 1,test
Gabon,GAB,Sub-Saharan Africa ,2020,2021,8181.4091,6847.0841,6843.895027138847,6842.814876830443,6759.449719904834,6828.1743,Model 1,test
Gabon,GAB,Sub-Saharan Africa ,2021,2022,8409.2074,8442.7396,8435.694921484856,8434.376994188158,7828.904303252403,8384.952,Model 1,test
Gabon,GAB,Sub-Saharan Africa ,2022,2023,7802.8243,8686.1696,8682.08624601339,8680.562115071192,8840.569770753034,9066.918,Model 1,test
United Kingdom,GBR,Europe & Central Asia,2018,2019,43158.7411,44864.1816,44947.49964493272,44942.344101341914,43102.975844582135,43819.94,Model 1,test
United Kingdom,GBR,Europe & Central Asia,2019,2020,40812.6795,44328.7082,44415.037993694685,44409.80966334619,42661.68841956613,43819.94,Model 1,test
United Kingdom,GBR,Europe & Central Asia,2020,2021,47691.3769,41861.0651,41916.531563296536,41913.18408507838,42637.654515742,42211.496,Model 1,test
United Kingdom,GBR,Europe & Central Asia,2021,2022,47057.0432,48797.5201,48860.43548394891,48855.93016605378,43801.66577686937,47255.07,Model 1,test
United Kingdom,GBR,Europe & Central Asia,2022,2023,49944.4702,48203.7382,48278.312763622926,48273.317990543655,44739.54905523275,46866.63,Model 1,test
Georgia,GEO,Europe & Central Asia,2018,2019,4741.2833,5093.4614,5114.573608555604,5112.935909299163,5230.03481100874,5378.7686,Model 1,test
Georgia,GEO,Europe & Central Asia,2019,2020,4300.857,5030.4872,5052.07498461196,5050.424173301081,5227.283226455798,5293.7676,Model 1,test
Georgia,GEO,Europe & Central Asia,2020,2021,5083.607,4565.028,4583.269469017859,4581.884374598276,4625.327937866298,4584.941,Model 1,test
Georgia,GEO,Europe & Central Asia,2021,2022,6729.8466,5352.8863,5366.018480318622,5364.74162049372,5098.708635349598,5193.15,Model 1,test
Georgia,GEO,Europe & Central Asia,2022,2023,8283.6696,7088.7933,7115.176049017575,7112.827236470183,7186.420442969106,7309.302,Model 1,test
Ghana,GHA,Sub-Saharan Africa ,2018,2019,2186.6582,2301.3198,2291.932777384307,2292.8428096692405,2466.9582821675813,2400.8586,Model 1,test
Ghana,GHA,Sub-Saharan Africa ,2019,2020,2195.4548,2294.1218,2285.2127055091687,2286.1021487701646,2423.318777892717,2420.7922,Model 1,test
Ghana,GHA,Sub-Saharan Africa ,2020,2021,2445.1866,2302.2668,2293.023693407243,2293.9357664592044,2437.820206734004,2438.0178,Model 1,test
Ghana,GHA,Sub-Saharan Africa ,2021,2022,2229.8912,2558.2583,2547.448548975408,2548.4693638459994,2392.1814432645797,2662.2239,Model 1,test
Ghana,GHA,Sub-Saharan Africa ,2022,2023,2383.9041,2342.8301,2334.740541749289,2335.6062345629084,2405.0067989889412,2346.0884,Model 1,test
Guinea,GIN,Sub-Saharan Africa ,2018,2019,1031.3415,984.783,979.809024824897,980.238671777634,977.7488633523244,936.6931,Model 1,test
Guinea,GIN,Sub-Saharan Africa ,2019,2020,1053.661,1086.878,1081.4293393612004,1081.8941116466035,1109.073352239967,1056.3309,Model 1,test
Guinea,GIN,Sub-Saharan Africa ,2020,2021,1244.9655,1109.787,1104.1275730488744,1104.6077676789023,1123.361724676662,1059.113,Model 1,test
Guinea,GIN,Sub-Saharan Africa ,2021,2022,1416.5961,1306.8181,1299.7889196844908,1300.3562876315957,1275.8064478213405,1257.8562,Model 1,test
Guinea,GIN,Sub-Saharan Africa ,2022,2023,1555.4938,1486.8119,1479.5332341213214,1480.1273566105924,1526.5453799608165,1450.0981,Model 1,test
"Gambia, The",GMB,Sub-Saharan Africa ,2018,2019,738.1868,750.1512,750.8833743998085,750.8689309607392,769.6706104523987,753.9012,Model 1,test
"Gambia, The",GMB,Sub-Saharan Africa ,2019,2020,720.3351,795.1449,796.0362739257736,796.0124897508961,793.9939436859609,778.0147,Model 1,test
"Gambia, The",GMB,Sub-Saharan Africa ,2020,2021,781.8909,776.2591,777.130630973533,777.110996806032,795.5634819868609,784.23456,Model 1,test
"Gambia, The",GMB,Sub-Saharan Africa ,2021,2022,836.2449,839.9741,840.4547984142581,840.4532801944413,813.056447074884,849.9117,Model 1,test
"Gambia, The",GMB,Sub-Saharan Africa ,2022,2023,883.0241,899.3093,900.3224033416863,900.2912005562347,933.4830099654218,895.9204,Model 1,test
Guinea-Bissau,GNB,Sub-Saharan Africa ,2018,2019,811.2164,863.7741,863.2589022128857,863.2815975169137,900.2672230298625,840.80457,Model 1,test
Guinea-Bissau,GNB,Sub-Saharan Africa ,2019,2020,846.9159,867.6264,867.3790447156265,867.3895374149138,870.0399311840046,840.5833,Model 1,test
Guinea-Bissau,GNB,Sub-Saharan Africa ,2020,2021,926.7809,903.1713,902.321716622457,902.3620062339414,917.3357099626262,878.6596,Model 1,test
Guinea-Bissau,GNB,Sub-Saharan Africa ,2021,2022,883.1991,987.2243,986.3349833448634,986.3709028082022,967.1580762222768,944.5913,Model 1,test
Guinea-Bissau,GNB,Sub-Saharan Africa ,2022,2023,988.0879,946.1888,946.6403898849026,946.6131445597036,994.0321384627518,943.09937,Model 1,test
Equatorial Guinea,GNQ,Sub-Saharan Africa ,2018,2019,6804.1492,8263.6261,8231.996946037549,8231.684937517155,8141.060565414429,7732.083,Model 1,test
Equatorial Guinea,GNQ,Sub-Saharan Africa ,2019,2020,5764.055,6970.5269,6947.278332248619,6946.972451460737,7034.830269606669,6706.3433,Model 1,test
Equatorial Guinea,GNQ,Sub-Saharan Africa ,2020,2021,6945.6307,5922.6312,5903.587241684471,5903.3983246014595,6417.337763898281,5816.0464,Model 1,test
Equatorial Guinea,GNQ,Sub-Saharan Africa ,2021,2022,7589.2996,7114.467,7090.755572478903,7090.466131938443,7177.055661088044,6771.452,Model 1,test
Equatorial Guinea,GNQ,Sub-Saharan Africa ,2022,2023,6677.7934,7776.5287,7754.072338976438,7753.530542136292,7856.4962937085165,7537.5205,Model 1,test
Greece,GRC,Europe & Central Asia,2018,2019,19335.3602,20822.4858,20944.361102966548,20935.269015302412,21181.41756202592,20835.314,Model 1,test
Greece,GRC,Europe & Central Asia,2019,2020,17886.7332,20262.8527,20380.296346362313,20371.559611367175,20649.472474437993,19925.232,Model 1,test
Greece,GRC,Europe & Central Asia,2020,2021,20654.7002,18758.7288,18865.30997389452,18857.467940665527,18956.82040915924,19467.043,Model 1,test
Greece,GRC,Europe & Central Asia,2021,2022,20886.5243,21534.8172,21634.80063351411,21626.656619071167,21914.795156736807,21470.33,Model 1,test
Greece,GRC,Europe & Central Asia,2022,2023,23343.7104,21809.4201,21921.189011250917,21912.33737350023,21690.82458868395,22173.64,Model 1,test
Guatemala,GTM,Latin America & Caribbean ,2018,2019,4511.9984,4585.3232,4588.207929128213,4588.325977849997,4548.7078628801455,4372.6533,Model 1,test
Guatemala,GTM,Latin America & Caribbean ,2019,2020,4477.6179,4750.9046,4753.993365954501,4754.101859960916,4819.8369412641105,4502.181,Model 1,test
Guatemala,GTM,Latin America & Caribbean ,2020,2021,4912.6224,4696.1961,4693.8724231052265,4694.270597255476,4666.445716622851,4395.888,Model 1,test
Guatemala,GTM,Latin America & Caribbean ,2021,2022,5358.7016,5116.0993,5105.362645508918,5106.186824110277,5542.019113385777,4257.1357,Model 1,test
Guatemala,GTM,Latin America & Caribbean ,2022,2023,5758.3276,5616.2314,5616.384324398034,5616.62911194067,5856.703910260429,4531.693,Model 1,test
Guyana,GUY,Latin America & Caribbean ,2018,2019,6405.8244,6318.6294,6333.012684448901,6330.465772731074,6314.01311650295,6746.4165,Model 1,test
Guyana,GUY,Latin America & Caribbean ,2019,2020,6775.7094,6687.8139,6703.341444784954,6700.607477518096,6596.585175812808,6922.7437,Model 1,test
Guyana,GUY,Latin America & Caribbean ,2020,2021,9860.8701,7043.2028,7052.597372661724,7050.0468296391655,7357.521855158528,7331.195,Model 1,test
Guyana,GUY,Latin America & Caribbean ,2021,2022,17913.4928,10086.6848,10070.444528064518,10068.00722769921,10833.321623325946,9870.988,Model 1,test
Guyana,GUY,Latin America & Caribbean ,2022,2023,20473.7002,18347.508,18370.109991038607,18361.92605863408,18279.446471357925,19443.424,Model 1,test
"Hong Kong SAR, China",HKG,East Asia & Pacific,2018,2019,48359.0012,50338.0088,50691.70691902896,50660.50144968417,47207.28670861051,48331.605,Model 1,test
"Hong Kong SAR, China",HKG,East Asia & Pacific,2019,2020,46109.23,50191.0083,50553.34583968511,50521.77612206746,46961.33313705767,48331.605,Model 1,test
"Hong Kong SAR, China",HKG,East Asia & Pacific,2020,2021,49770.5642,47942.8975,48304.08563118131,48273.330925026276,47476.79240135635,46780.668,Model 1,test
"Hong Kong SAR, China",HKG,East Asia & Pacific,2021,2022,48825.8442,51674.0542,52058.97233592836,52025.63520083138,46511.98241910693,48897.03,Model 1,test
"Hong Kong SAR, China",HKG,East Asia & Pacific,2022,2023,50562.3633,50483.0185,50796.31231047939,50767.10107287203,47957.663834244384,48897.03,Model 1,test
Honduras,HND,Latin America & Caribbean ,2018,2019,2502.3274,2632.2744,2639.08235628372,2638.874924197115,2717.905984058956,2711.6887,Model 1,test
Honduras,HND,Latin America & Caribbean ,2019,2020,2307.6149,2672.4128,2679.421930911803,2679.207379817962,2768.770836467263,2764.182,Model 1,test
Honduras,HND,Latin America & Caribbean ,2020,2021,2735.1475,2460.9267,2465.5207016557497,2465.443486870686,2414.3841956314764,2440.0532,Model 1,test
Honduras,HND,Latin America & Caribbean ,2021,2022,3003.29,2896.9175,2898.768502677498,2898.8221808991425,2920.872853052228,2738.0295,Model 1,test
Honduras,HND,Latin America & Caribbean ,2022,2023,3227.4576,3199.774,3208.3208869117816,3208.0177783832773,3381.8221122797586,3284.3367,Model 1,test
Croatia,HRV,Europe & Central Asia,2018,2019,15563.5987,16155.5089,16234.604253005258,16227.10970144782,15498.478524703767,15759.766,Model 1,test
Croatia,HRV,Europe & Central Asia,2019,2020,14807.5609,16273.5128,16356.626528630524,16348.869329768631,15588.52470948443,15929.319,Model 1,test
Croatia,HRV,Europe & Central Asia,2020,2021,17788.7866,15472.6252,15545.629555312926,15538.629361088098,15391.084399134725,15704.868,Model 1,test
Croatia,HRV,Europe & Central Asia,2021,2022,18465.5414,18468.5556,18536.620414942056,18528.933533520463,18987.782786482512,19525.35,Model 1,test
Croatia,HRV,Europe & Central Asia,2022,2023,22184.2279,19210.5074,19295.466476983485,19286.646232425115,19092.03985596545,19412.205,Model 1,test
Haiti,HTI,Latin America & Caribbean ,2018,2019,1352.172,1583.4255,1579.971137107122,1580.3327053798637,1586.1217612240991,1592.7723,Model 1,test
Haiti,HTI,Latin America & Caribbean ,2019,2020,1290.3254,1434.656,1431.9765434789254,1432.2961850938002,1474.952492379003,1419.3978,Model 1,test
Haiti,HTI,Latin America & Caribbean ,2020,2021,1841.3319,1368.4728,1365.4789469877212,1365.8143322798376,1341.6760151029926,1325.913,Model 1,test
Haiti,HTI,Latin America & Caribbean ,2021,2022,1760.6264,1933.134,1926.2669746680608,1926.8159523204915,1711.872024236132,1551.8074,Model 1,test
Haiti,HTI,Latin America & Caribbean ,2022,2023,1705.7581,1856.1037,1851.299236452301,1851.7432444474723,1790.8484539717983,1788.1936,Model 1,test
Hungary,HUN,Europe & Central Asia,2018,2019,17012.8599,17223.2626,17263.7479306796,17259.51109434622,17917.082509996602,17106.982,Model 1,test
Hungary,HUN,Europe & Central Asia,2019,2020,16386.9309,17648.4057,17692.301809353005,17687.79147729242,18218.52344475782,18006.596,Model 1,test
Hungary,HUN,Europe & Central Asia,2020,2021,19030.6281,16974.966,17007.80693540961,17004.016009545994,17748.002619703268,17456.986,Model 1,test
Hungary,HUN,Europe & Central Asia,2021,2022,18428.0288,19588.4673,19603.719608781805,19600.249288565272,18813.717040873355,18163.58,Model 1,test
Hungary,HUN,Europe & Central Asia,2022,2023,22230.6278,19064.4103,19103.76522040739,19099.155071564935,19703.030063998245,18892.754,Model 1,test
Indonesia,IDN,East Asia & Pacific,2018,2019,4106.9486,4044.8077,4029.620723993634,4031.8322427663143,4037.4184979880065,4079.2415,Model 1,test
Indonesia,IDN,East Asia & Pacific,2019,2020,3853.7029,4299.8176,4283.98869378802,4286.302632393328,4270.558647677804,4339.1675,Model 1,test
Indonesia,IDN,East Asia & Pacific,2020,2021,4287.1731,4024.8389,4006.1926599125018,4008.5839116803254,3714.632326573737,4076.142,Model 1,test
Indonesia,IDN,East Asia & Pacific,2021,2022,4730.8348,4452.8766,4427.335695537409,4430.193838497646,4683.239465160176,4537.8516,Model 1,test
Indonesia,IDN,East Asia & Pacific,2022,2023,4876.3077,4945.3972,4927.878545822515,4930.450682685224,5261.431830725646,5283.3477,Model 1,test
India,IND,South Asia,2018,2019,2041.4286,2084.8188,2075.27713000464,2076.98085436068,2018.635853733667,2066.2458,Model 1,test
India,IND,South Asia,2019,2020,1907.0425,2164.5686,2154.991443240837,2156.7380967906256,2232.506264000425,2179.909,Model 1,test
India,IND,South Asia,2020,2021,2239.6138,2021.963,2012.3978968523832,2014.0761487536183,2047.4096538716692,2050.2327,Model 1,test
India,IND,South Asia,2021,2022,2347.4483,2350.1952,2333.87809258619,2336.0627294408523,2546.2260726090763,2374.7974,Model 1,test
India,IND,South Asia,2022,2023,2530.1203,2487.5822,2477.5539579426927,2479.4850383145936,2614.291597028545,2582.236,Model 1,test
Ireland,IRL,Europe & Central Asia,2018,2019,81827.6689,82448.135,82855.21474844383,82805.70232727611,86061.6595998739,84383.91,Model 1,test
Ireland,IRL,Europe & Central Asia,2019,2020,86514.0706,83570.1001,84007.817283655,83956.34285096041,85897.24761064585,85423.72,Model 1,test
Ireland,IRL,Europe & Central Asia,2020,2021,103783.4463,88200.528,88638.33742845034,88584.93887131485,87195.65555019543,85192.83,Model 1,test
Ireland,IRL,Europe & Central Asia,2021,2022,105190.686,105357.5154,105833.49005322569,105770.53395353106,97568.96826059656,92796.37,Model 1,test
Ireland,IRL,Europe & Central Asia,2022,2023,106818.9171,106819.8151,107316.08741775862,107251.61585200769,100808.88023235343,92796.37,Model 1,test
"Iran, Islamic Rep.",IRN,"Middle East, North Africa, Afghanistan & Pakistan",2018,2019,3997.4935,5078.3782,5087.782111916956,5088.388816074726,5401.254722777234,5389.202,Model 1,test
"Iran, Islamic Rep.",IRN,"Middle East, North Africa, Afghanistan & Pakistan",2019,2020,3202.5,4262.3715,4272.097490776788,4272.587583526442,4374.005332933693,4329.272,Model 1,test
"Iran, Islamic Rep.",IRN,"Middle East, North Africa, Afghanistan & Pakistan",2020,2021,4605.1488,3407.6183,3410.2378785302276,3410.971652281939,3602.811485958565,3527.5027,Model 1,test
"Iran, Islamic Rep.",IRN,"Middle East, North Africa, Afghanistan & Pakistan",2021,2022,4721.2044,4859.0214,4858.623221968681,4859.723389849103,5130.1959529301785,5198.6895,Model 1,test
"Iran, Islamic Rep.",IRN,"Middle East, North Africa, Afghanistan & Pakistan",2022,2023,5049.2993,5015.9547,5025.702550782914,5026.303816203211,5525.206453311099,5315.2827,Model 1,test
Iraq,IRQ,"Middle East, North Africa, Afghanistan & Pakistan",2018,2019,5671.8569,5902.6127,5895.669652165469,5896.756913616221,6289.660745250802,5809.222,Model 1,test
Iraq,IRQ,"Middle East, North Africa, Afghanistan & Pakistan",2019,2020,4295.1895,5930.0255,5923.354213722312,5924.441956692984,6428.691058897138,5831.1416,Model 1,test
Iraq,IRQ,"Middle East, North Africa, Afghanistan & Pakistan",2020,2021,4868.4943,4498.7242,4490.623194247028,4491.7335798200365,4637.620850019782,4256.206,Model 1,test
Iraq,IRQ,"Middle East, North Africa, Afghanistan & Pakistan",2021,2022,6520.7315,5098.9838,5092.301689226136,5093.382141904566,5273.790286514535,5137.981,Model 1,test
Iraq,IRQ,"Middle East, North Africa, Afghanistan & Pakistan",2022,2023,5965.3184,6810.437,6804.351985690614,6805.477112496526,7149.328352337976,6884.577,Model 1,test
Iceland,ISL,Europe & Central Asia,2018,2019,69296.3144,77732.1505,78427.45376092115,78343.7972196258,76406.87168357629,83721.164,Model 1,test
Iceland,ISL,Europe & Central Asia,2019,2020,60127.9394,71396.9362,72058.33818179916,71981.03814381015,71127.74374680656,72223.93,Model 1,test
Iceland,ISL,Europe & Central Asia,2020,2021,70425.4064,62114.6283,62698.50433051193,62631.73871595366,61516.136926613915,62507.94,Model 1,test
Iceland,ISL,Europe & Central Asia,2021,2022,76350.455,72532.7749,73199.83898415958,73121.70019706736,71341.69154377292,72138.64,Model 1,test
Iceland,ISL,Europe & Central Asia,2022,2023,82138.7893,78301.6183,78952.68757736862,78871.61413968126,83352.93714028817,84552.51,Model 1,test
Israel,ISR,"Middle East, North Africa, Afghanistan & Pakistan",2018,2019,44250.6314,43823.0082,44068.14068330743,44045.6354950897,44424.80125820267,43333.883,Model 1,test
Israel,ISR,"Middle East, North Africa, Afghanistan & Pakistan",2019,2020,44575.5719,45733.9519,45985.536531936945,45962.17508988271,45646.35286662504,45154.273,Model 1,test
Israel,ISR,"Middle East, North Africa, Afghanistan & Pakistan",2020,2021,52270.904,46044.0222,46290.78404450881,46267.659677036114,44654.87718928385,47509.652,Model 1,test
Israel,ISR,"Middle East, North Africa, Afghanistan & Pakistan",2021,2022,54949.6216,53795.6239,54063.64275709231,54036.98141135751,55208.13865036256,52378.523,Model 1,test
Israel,ISR,"Middle East, North Africa, Afghanistan & Pakistan",2022,2023,52003.7201,56520.2295,56803.62916638987,56775.37043857743,54376.99489788974,54960.684,Model 1,test
Italy,ITA,Europe & Central Asia,2018,2019,33812.7887,36186.8838,36323.31996303359,36315.93974050455,35762.697964189974,35898.133,Model 1,test
Italy,ITA,Europe & Central Asia,2019,2020,32091.4867,35091.6598,35229.690439314494,35222.31313339476,35909.075003757986,35275.48,Model 1,test
Italy,ITA,Europe & Central Asia,2020,2021,36852.5425,33235.5674,33339.63221093694,33334.188901455294,33128.79348727725,32143.084,Model 1,test
Italy,ITA,Europe & Central Asia,2021,2022,35653.9042,38100.3176,38223.27703071656,38216.330347864496,37854.07162727479,37740.438,Model 1,test
Italy,ITA,Europe & Central Asia,2022,2023,39277.0839,36891.0749,37013.5187353791,37006.721945315345,35742.8699476303,36170.023,Model 1,test
Jamaica,JAM,Latin America & Caribbean ,2018,2019,6030.689,6274.9609,6290.865706778344,6289.071492939549,6506.296068540808,6192.0054,Model 1,test
Jamaica,JAM,Latin America & Caribbean ,2019,2020,5299.0453,6329.1105,6344.733136816059,6342.94086594549,6517.13514331475,6192.0054,Model 1,test
Jamaica,JAM,Latin America & Caribbean ,2020,2021,5625.6781,5574.9382,5589.517805556208,5587.9652663845245,5634.5366301796075,5592.864,Model 1,test
Jamaica,JAM,Latin America & Caribbean ,2021,2022,6626.475,5877.2767,5882.565379094722,5881.425920523574,6124.384535522871,5940.562,Model 1,test
Jamaica,JAM,Latin America & Caribbean ,2022,2023,7542.4008,6940.0133,6955.815081960523,6953.862226823658,7110.840398098399,6862.4146,Model 1,test
Jordan,JOR,"Middle East, North Africa, Afghanistan & Pakistan",2018,2019,4170.1144,4428.0935,4449.105433396924,4448.07081455392,4377.137496015006,4488.852,Model 1,test
Jordan,JOR,"Middle East, North Africa, Afghanistan & Pakistan",2019,2020,4022.0401,4457.8271,4479.965127289662,4478.878454095488,4469.427449528462,4500.7773,Model 1,test
Jordan,JOR,"Middle East, North Africa, Afghanistan & Pakistan",2020,2021,4183.5,4289.1778,4306.855937869121,4306.022749713671,4141.317971119232,4029.061,Model 1,test
Jordan,JOR,"Middle East, North Africa, Afghanistan & Pakistan",2021,2022,4332.2516,4442.6645,4456.397232983847,4455.765946476052,4341.349232641441,4360.7144,Model 1,test
Jordan,JOR,"Middle East, North Africa, Afghanistan & Pakistan",2022,2023,4466.0831,4629.6415,4652.736791479773,4651.6114206653665,4574.113101663103,4453.8857,Model 1,test
Japan,JPN,East Asia & Pacific,2018,2019,40415.9568,41139.1059,41269.95754686081,41265.46953054276,39779.83201661802,41019.402,Model 1,test
Japan,JPN,East Asia & Pacific,2019,2020,40028.7342,41827.8172,41963.99685988871,41959.1984035883,40629.46317125174,41019.402,Model 1,test
Japan,JPN,East Asia & Pacific,2020,2021,40094.56,41456.0323,41597.57225350785,41592.497570286985,40158.56497051069,41019.402,Model 1,test
Japan,JPN,East Asia & Pacific,2021,2022,34065.6439,41511.5362,41650.15701288164,41645.21233089641,40447.730797889606,41019.402,Model 1,test
Japan,JPN,East Asia & Pacific,2022,2023,33836.1756,35349.2666,35465.781788586886,35462.17581557764,35963.22558555773,35611.6,Model 1,test
Kazakhstan,KAZ,Europe & Central Asia,2018,2019,9457.1261,9863.2108,9868.392587042488,9868.09923850714,10047.224500783272,9619.438,Model 1,test
Kazakhstan,KAZ,Europe & Central Asia,2019,2020,8781.508,9854.2548,9861.214500631582,9860.844333062478,10013.52649905739,9717.832,Model 1,test
Kazakhstan,KAZ,Europe & Central Asia,2020,2021,9983.601,9109.1314,9101.162198757867,9101.648325988928,9039.556054783316,8976.732,Model 1,test
Kazakhstan,KAZ,Europe & Central Asia,2021,2022,11255.3396,10301.8492,10283.104623300776,10284.052423179051,8949.9533765284,8328.79,Model 1,test
Kazakhstan,KAZ,Europe & Central Asia,2022,2023,12879.4275,11680.9271,11684.0850571315,11683.772012821184,11910.408968875205,11118.135,Model 1,test
Kenya,KEN,Sub-Saharan Africa ,2018,2019,1960.4081,1924.4745,1914.2169109704196,1915.2309713111736,1782.5224137319872,1856.5583,Model 1,test
Kenya,KEN,Sub-Saharan Africa ,2019,2020,1927.6646,2052.1227,2041.080564882387,2042.1588795073576,1904.5596611542935,2023.018,Model 1,test
Kenya,KEN,Sub-Saharan Africa ,2020,2021,2061.3562,2011.8832,1999.227400114892,2000.386341512656,1979.2365589120263,2006.579,Model 1,test
Kenya,KEN,Sub-Saharan Africa ,2021,2022,2109.5629,2146.4474,2132.12657754799,2133.3960647587387,2266.0033643546144,2176.2915,Model 1,test
Kenya,KEN,Sub-Saharan Africa ,2022,2023,1942.588,2208.0077,2196.6204475889144,2197.7529957869683,2246.0943476678535,2227.716,Model 1,test
Kyrgyz Republic,KGZ,Europe & Central Asia,2018,2019,1421.9993,1388.2064,1393.4163334932407,1393.248296427338,1346.55716903413,1415.0458,Model 1,test
Kyrgyz Republic,KGZ,Europe & Central Asia,2019,2020,1229.5177,1535.4407,1541.1188203504937,1540.9261212916551,1558.3849181620214,1596.4137,Model 1,test
Kyrgyz Republic,KGZ,Europe & Central Asia,2020,2021,1349.9973,1332.1791,1337.5598581517336,1337.389879818594,1365.9115532416654,1405.5973,Model 1,test
Kyrgyz Republic,KGZ,Europe & Central Asia,2021,2022,1739.7202,1460.2263,1465.9724844293348,1465.784025858405,1495.666384924868,1500.9381,Model 1,test
Kyrgyz Republic,KGZ,Europe & Central Asia,2022,2023,2138.2221,1872.6218,1879.38404679172,1879.13295449542,1874.0969295372704,1885.1593,Model 1,test
Cambodia,KHM,East Asia & Pacific,2018,2019,2225.8771,2171.2693,2173.11422738675,2173.2919582802156,2147.6231988548807,2111.543,Model 1,test
Cambodia,KHM,East Asia & Pacific,2019,2020,2081.7391,2369.3776,2371.2355782173004,2371.420956211521,2359.2689092636197,2333.2798,Model 1,test
Cambodia,KHM,East Asia & Pacific,2020,2021,2167.4032,2218.5745,2220.4036582943813,2220.5898086447764,2229.380222224058,2197.001,Model 1,test
Cambodia,KHM,East Asia & Pacific,2021,2022,2325.0305,2303.6416,2304.1578756576537,2304.4180279753605,2245.9766052034383,2258.7883,Model 1,test
Cambodia,KHM,East Asia & Pacific,2022,2023,2429.7485,2474.9566,2477.2661727463833,2477.44126167225,2513.9732311063713,2447.7246,Model 1,test
"Korea, Rep.",KOR,East Asia & Pacific,2018,2019,33826.9443,36598.6511,36725.20253433624,36717.71868358442,35955.47862340141,35906.348,Model 1,test
"Korea, Rep.",KOR,East Asia & Pacific,2019,2020,33645.772,35091.0284,35229.09600491656,35221.20225820553,35582.059015997154,35018.33,Model 1,test
"Korea, Rep.",KOR,East Asia & Pacific,2020,2021,37518.4635,34923.8803,35066.308501941356,35058.21173434615,35695.43389716057,35018.33,Model 1,test
"Korea, Rep.",KOR,East Asia & Pacific,2021,2022,34822.4048,38866.2268,39020.73950415469,39011.5353177562,37718.67914545526,37107.7,Model 1,test
"Korea, Rep.",KOR,East Asia & Pacific,2022,2023,35674.096,36054.2348,36181.030661161494,36173.6051214302,35942.83107334846,35906.348,Model 1,test
Kuwait,KWT,"Middle East, North Africa, Afghanistan & Pakistan",2018,2019,31707.8737,33183.7423,33353.98903465342,33336.18260602357,31993.57562580526,32570.738,Model 1,test
Kuwait,KWT,"Middle East, North Africa, Afghanistan & Pakistan",2019,2020,25236.0756,32966.7099,33177.408050872604,33157.65158572165,31446.491364126356,33729.508,Model 1,test
Kuwait,KWT,"Middle East, North Africa, Afghanistan & Pakistan",2020,2021,34018.6343,26156.2377,26275.66162969443,26263.040576287556,25547.523453663292,26310.262,Model 1,test
Kuwait,KWT,"Middle East, North Africa, Afghanistan & Pakistan",2021,2022,39981.7691,35041.9285,35185.13524801437,35168.09576836183,36844.006886166026,36247.926,Model 1,test
Kuwait,KWT,"Middle East, North Africa, Afghanistan & Pakistan",2022,2023,34075.849,41230.3419,41437.80583719725,41415.29296586539,42345.40531950464,44126.453,Model 1,test
Lao PDR,LAO,East Asia & Pacific,2018,2019,2589.3208,2688.7637,2688.592270936994,2688.658333204615,2726.5932856121813,2605.311,Model 1,test
Lao PDR,LAO,East Asia & Pacific,2019,2020,2583.7773,2736.5518,2736.840155525086,2736.8830693560662,2765.4533891998863,2596.8806,Model 1,test
Lao PDR,LAO,East Asia & Pacific,2020,2021,2526.0511,2733.5979,2734.640287089305,2734.648472113486,2816.8472685756683,2663.9343,Model 1,test
Lao PDR,LAO,East Asia & Pacific,2021,2022,2046.4044,2670.2366,2670.3308309525387,2670.396634098185,2782.7900425553053,2617.4893,Model 1,test
Lao PDR,LAO,East Asia & Pacific,2022,2023,2066.9498,2177.3494,2179.4606821761913,2179.45416738357,2156.575015225194,2085.931,Model 1,test
Lebanon,LBN,"Middle East, North Africa, Afghanistan & Pakistan",2018,2019,8905.8801,9692.0621,9744.683983580617,9740.793325343602,10279.647426281765,10758.045,Model 1,test
Lebanon,LBN,"Middle East, North Africa, Afghanistan & Pakistan",2019,2020,5561.1917,9413.2226,9464.817013484244,9461.008014818706,9562.37897780118,9937.91,Model 1,test
Lebanon,LBN,"Middle East, North Africa, Afghanistan & Pakistan",2020,2021,4045.3739,5907.6989,5936.891202848875,5934.920200268638,5936.213386095001,6122.7383,Model 1,test
Lebanon,LBN,"Middle East, North Africa, Afghanistan & Pakistan",2021,2022,3654.3585,4297.7407,4313.334377796227,4312.326445198701,4381.207299898289,4302.325,Model 1,test
Lebanon,LBN,"Middle East, North Africa, Afghanistan & Pakistan",2022,2023,3477.7249,3931.9198,3958.533255660104,3957.0021005092863,3984.781722410176,4239.9766,Model 1,test
Liberia,LBR,Sub-Saharan Africa ,2018,2019,658.1642,739.5458,738.0478784360519,738.2041721971234,724.621163810497,712.05035,Model 1,test
Liberia,LBR,Sub-Saharan Africa ,2019,2020,616.7879,704.2845,703.0075805685551,703.1533756778737,612.1652446842425,668.53534,Model 1,test
Liberia,LBR,Sub-Saharan Africa ,2020,2021,667.9661,660.9234,659.790707316631,659.9295147677109,643.3010868590833,633.05255,Model 1,test
Liberia,LBR,Sub-Saharan Africa ,2021,2022,744.6172,714.3929,713.010018688935,713.1645188602175,689.6216142029485,713.7565,Model 1,test
Liberia,LBR,Sub-Saharan Africa ,2022,2023,799.1945,796.0588,794.7754419133146,794.9278538032057,851.8628446907071,790.3609,Model 1,test
Libya,LBY,"Middle East, North Africa, Afghanistan & Pakistan",2018,2019,9963.1949,11631.4585,11648.184117918663,11645.895504894464,11652.884860346385,11689.893,Model 1,test
Libya,LBY,"Middle East, North Africa, Afghanistan & Pakistan",2019,2020,6650.3381,10369.436,10384.575299180944,10382.65204674058,10546.239147795091,10111.627,Model 1,test
Libya,LBY,"Middle East, North Africa, Afghanistan & Pakistan",2020,2021,4935.8279,6969.6289,6981.509475688061,6980.401075613839,7077.298612451232,6861.374,Model 1,test
Libya,LBY,"Middle East, North Africa, Afghanistan & Pakistan",2021,2022,5986.6369,5200.3236,5210.399121399045,5209.660729286292,5430.008103440735,5347.8135,Model 1,test
Libya,LBY,"Middle East, North Africa, Afghanistan & Pakistan",2022,2023,6026.5152,6319.2364,6339.816885191112,6338.376311691635,6838.333582198022,6498.3496,Model 1,test
St. Lucia,LCA,Latin America & Caribbean ,2018,2019,11794.0597,12142.3594,12212.985864927978,12203.217640018936,12311.845243812057,12156.18,Model 1,test
St. Lucia,LCA,Latin America & Caribbean ,2019,2020,8411.0747,12284.7172,12352.439631434456,12342.744237919327,12647.691696428932,12057.899,Model 1,test
St. Lucia,LCA,Latin America & Caribbean ,2020,2021,10459.1321,8823.233,8876.934380146293,8869.986289879203,9102.627719835207,9143.514,Model 1,test
St. Lucia,LCA,Latin America & Caribbean ,2021,2022,13103.8243,10838.0524,10876.55387628671,10869.252087070738,11082.60640360967,8707.811,Model 1,test
St. Lucia,LCA,Latin America & Caribbean ,2022,2023,13554.7685,13633.3383,13710.037754722724,13699.070055308175,14184.69827366863,13845.138,Model 1,test
Sri Lanka,LKA,South Asia,2018,2019,4081.9477,4645.4001,4662.628695234989,4662.119379918672,4579.331384057563,4844.2236,Model 1,test
Sri Lanka,LKA,South Asia,2019,2020,3847.6014,4358.663,4375.882543136387,4375.379059187216,4317.574101024052,4270.9214,Model 1,test
Sri Lanka,LKA,South Asia,2020,2021,3996.9624,4115.6923,4132.957961898971,4132.454986559097,4258.238458974217,4366.1196,Model 1,test
Sri Lanka,LKA,South Asia,2021,2022,3342.6365,4265.2798,4280.956643295556,4280.540794897915,4073.549650282113,4182.682,Model 1,test
Sri Lanka,LKA,South Asia,2022,2023,3798.8902,3589.0703,3605.787463965239,3605.313732987372,3826.804324785769,3731.521,Model 1,test
Lesotho,LSO,Sub-Saharan Africa ,2018,2019,1082.0571,1219.8778,1212.420064376643,1212.7762455541847,1155.4897435724854,1244.8544,Model 1,test
Lesotho,LSO,Sub-Saharan Africa ,2019,2020,918.5826,1131.0393,1124.7159787194694,1125.025127317734,1011.7441369625544,1131.532,Model 1,test
Lesotho,LSO,Sub-Saharan Africa ,2020,2021,1066.5865,963.1081,957.881038121805,958.151945357592,901.968135950792,946.8754,Model 1,test
Lesotho,LSO,Sub-Saharan Africa ,2021,2022,1030.1258,1112.332,1105.320508932684,1105.6698443036255,1038.6056464559058,1086.51,Model 1,test
Lesotho,LSO,Sub-Saharan Africa ,2022,2023,916.283,1081.9001,1077.035007246887,1077.2778944326594,1060.6828094526688,1049.4072,Model 1,test
Lithuania,LTU,Europe & Central Asia,2018,2019,19608.7944,19924.5886,19993.696018658808,19984.8339656316,21045.65590027583,19543.346,Model 1,test
Lithuania,LTU,Europe & Central Asia,2019,2020,20428.6478,20321.0388,20399.37903299384,20389.885410735445,21478.503427812284,20089.303,Model 1,test
Lithuania,LTU,Europe & Central Asia,2020,2021,23870.4595,21088.3333,21150.17369006616,21141.26433839054,22291.231168433493,20854.438,Model 1,test
Lithuania,LTU,Europe & Central Asia,2021,2022,25085.7841,24503.2974,24552.495577722413,24542.975854475557,24988.510416888043,23634.69,Model 1,test
Lithuania,LTU,Europe & Central Asia,2022,2023,27786.0058,25825.2532,25903.1805306801,25891.67664956475,25614.196712329933,25449.785,Model 1,test
Luxembourg,LUX,Europe & Central Asia,2018,2019,112696.6491,118831.4193,119680.65338522162,119565.88426446031,112316.15813772369,117699.04,Model 1,test
Luxembourg,LUX,Europe & Central Asia,2019,2020,116860.0282,114711.5705,115562.24290415,115450.44055705408,111467.11937350176,117699.04,Model 1,test
Luxembourg,LUX,Europe & Central Asia,2020,2021,134965.8154,118714.2311,119544.75054641158,119431.49204281133,112098.26514447508,117075.82,Model 1,test
Luxembourg,LUX,Europe & Central Asia,2021,2022,123719.6589,136850.3131,137816.2505298144,137683.59270474094,124918.49175172074,117075.82,Model 1,test
Luxembourg,LUX,Europe & Central Asia,2022,2023,133230.6192,125774.2065,126706.1995349153,126583.2180837,110754.37248808167,116916.83,Model 1,test
Latvia,LVA,Europe & Central Asia,2018,2019,17294.9752,17871.3839,17934.38052147832,17925.86786256452,18414.44106904425,18699.414,Model 1,test
Latvia,LVA,Europe & Central Asia,2019,2020,17564.2322,17941.4522,18012.218745372724,18003.259452116592,18544.062414613814,18586.676,Model 1,test
Latvia,LVA,Europe & Central Asia,2020,2021,20261.8888,18206.2152,18275.22286792972,18266.23962041181,18189.36266129331,18700.645,Model 1,test
Latvia,LVA,Europe & Central Asia,2021,2022,20221.1037,20828.9764,20872.018108095057,20863.33432809912,20828.139962301528,20197.148,Model 1,test
Latvia,LVA,Europe & Central Asia,2022,2023,22710.2638,20853.8643,20915.601967858824,20905.924509596847,20585.087884155615,20629.922,Model 1,test
"Macao SAR, China",MAC,East Asia & Pacific,2018,2019,81882.6965,85814.9921,86546.67946406025,86460.9266700077,87879.12666583124,84272.61,Model 1,test
"Macao SAR, China",MAC,East Asia & Pacific,2019,2020,36883.6653,84148.3913,84881.00182744626,84796.44335309861,91545.68819063016,84272.61,Model 1,test
"Macao SAR, China",MAC,East Asia & Pacific,2020,2021,44884.8962,38547.5581,38936.52201726274,38897.928639614474,39388.633039170454,39851.85,Model 1,test
"Macao SAR, China",MAC,East Asia & Pacific,2021,2022,36806.8913,46675.8095,47119.56314702747,47073.39385504095,46628.20361958408,46910.54,Model 1,test
"Macao SAR, China",MAC,East Asia & Pacific,2022,2023,67216.3631,38371.4738,38731.67058660682,38694.64867275631,39308.0640416091,39915.258,Model 1,test
Morocco,MAR,"Middle East, North Africa, Afghanistan & Pakistan",2018,2019,3508.0977,3722.7853,3728.972117570685,3729.229703643662,3914.068277425843,3918.7168,Model 1,test
Morocco,MAR,"Middle East, North Africa, Afghanistan & Pakistan",2019,2020,3268.0303,3732.1064,3739.010196621968,3739.2351152006754,3984.53439560417,3871.552,Model 1,test
Morocco,MAR,"Middle East, North Africa, Afghanistan & Pakistan",2020,2021,3785.9363,3472.2894,3476.418064734579,3476.7736838415112,3529.842797832189,3631.275,Model 1,test
Morocco,MAR,"Middle East, North Africa, Afghanistan & Pakistan",2021,2022,3463.1377,4012.8337,4017.308664219196,4017.683903401809,4266.91785650483,4129.149,Model 1,test
Morocco,MAR,"Middle East, North Africa, Afghanistan & Pakistan",2022,2023,3813.7261,3693.308,3702.381477125082,3702.503024651414,3871.058954022734,3829.8423,Model 1,test
Moldova,MDA,Europe & Central Asia,2018,2019,4405.3342,4382.0215,4391.7796810864165,4390.728496259477,4619.773484162715,4207.9116,Model 1,test
Moldova,MDA,Europe & Central Asia,2019,2020,4375.7789,4638.3692,4648.193349640476,4647.074287145994,4735.340238253284,4474.1157,Model 1,test
Moldova,MDA,Europe & Central Asia,2020,2021,5274.6058,4604.9709,4613.999043411102,4612.923828370258,4538.575298563406,4469.7314,Model 1,test
Moldova,MDA,Europe & Central Asia,2021,2022,5744.2962,5517.3312,5523.145538875195,5522.0145575529805,5700.8502363279,5463.998,Model 1,test
Moldova,MDA,Europe & Central Asia,2022,2023,6799.5859,6035.8556,6052.146522855705,6050.323876244536,6380.032414535042,6185.507,Model 1,test
Madagascar,MDG,Sub-Saharan Africa ,2018,2019,499.8188,540.0337,538.9276351260656,539.15292280596,518.4784747325212,565.67267,Model 1,test
Madagascar,MDG,Sub-Saharan Africa ,2019,2020,450.7716,539.3534,538.2362922588466,538.4634282111417,519.3960511883897,568.11633,Model 1,test
Madagascar,MDG,Sub-Saharan Africa ,2020,2021,483.4695,486.4916,485.2827870714904,485.5040481147968,493.9430389452437,506.83145,Model 1,test
Madagascar,MDG,Sub-Saharan Africa ,2021,2022,503.5145,520.7683,519.3324800113359,519.5746011989846,547.3592768707725,513.76624,Model 1,test
Madagascar,MDG,Sub-Saharan Africa ,2022,2023,508.7184,542.6155,541.2709977320837,541.5147388659368,517.3555006582092,566.5745,Model 1,test
Maldives,MDV,South Asia,2018,2019,11740.2724,12097.4557,12208.92850829386,12198.25739998476,12489.31046386503,12826.744,Model 1,test
Maldives,MDV,South Asia,2019,2020,7393.8887,12433.856,12549.733044256647,12538.70275439712,12949.916968133635,13012.705,Model 1,test
Maldives,MDV,South Asia,2020,2021,10176.1439,7885.8866,7959.498498130787,7952.86408115442,7758.609848560773,7950.3813,Model 1,test
Maldives,MDV,South Asia,2021,2022,11786.0191,10764.4951,10854.208258814802,10845.429022513068,10786.684443704917,10614.574,Model 1,test
Maldives,MDV,South Asia,2022,2023,12587.6126,12511.9311,12636.347858656214,12624.921550705749,13454.07475561448,13380.804,Model 1,test
Mexico,MEX,Latin America & Caribbean ,2018,2019,10369.5554,10479.0732,10464.489243830953,10467.172353220556,9968.651789956204,10426.826,Model 1,test
Mexico,MEX,Latin America & Caribbean ,2019,2020,8841.2708,10774.6572,10760.735846476497,10763.421174237135,10068.2372916008,9095.506,Model 1,test
Mexico,MEX,Latin America & Caribbean ,2020,2021,10314.0507,9125.426,9090.494669715064,9094.113844986405,9208.705285143194,8917.031,Model 1,test
Mexico,MEX,Latin America & Caribbean ,2021,2022,11405.794,10593.7345,10545.49142231014,10549.946615991048,9553.842032683902,7113.4824,Model 1,test
Mexico,MEX,Latin America & Caribbean ,2022,2023,13860.9598,11811.7445,11789.88246316398,11793.09111966504,11999.857586136755,11738.511,Model 1,test
North Macedonia,MKD,Europe & Central Asia,2018,2019,6718.8583,7123.6039,7168.692100270319,7164.863396301506,7368.141375232046,7500.498,Model 1,test
North Macedonia,MKD,Europe & Central Asia,2019,2020,6659.5965,7127.9371,7172.881209454129,7169.053774498762,7356.462333679674,7500.498,Model 1,test
North Macedonia,MKD,Europe & Central Asia,2020,2021,7620.803,7028.552,7062.426429296779,7059.200746268033,7186.133409148666,7520.5894,Model 1,test
North Macedonia,MKD,Europe & Central Asia,2021,2022,7606.2375,7998.48,8029.129897280181,8025.765163586615,8102.644906689851,8536.4795,Model 1,test
North Macedonia,MKD,Europe & Central Asia,2022,2023,8674.3585,8006.5153,8043.714874751614,8040.0026208120435,7847.498334334229,8205.022,Model 1,test
Mali,MLI,Sub-Saharan Africa ,2018,2019,971.9493,1048.716,1042.543992522404,1043.0909709053112,1067.261941972111,1002.3809,Model 1,test
Mali,MLI,Sub-Saharan Africa ,2019,2020,953.2429,1024.333,1018.5433107239368,1019.0707114224429,1018.9271804280864,1001.6389,Model 1,test
Mali,MLI,Sub-Saharan Africa ,2020,2021,1027.2735,1004.091,998.1627036101196,998.6976555872944,1007.0023703931084,982.1151,Model 1,test
Mali,MLI,Sub-Saharan Africa ,2021,2022,976.9141,1081.0362,1074.6728148719758,1075.2435915739395,1094.3022156532993,1047.1719,Model 1,test
Mali,MLI,Sub-Saharan Africa ,2022,2023,1043.9534,1031.3606,1025.9739071344495,1026.4910286685308,1047.7668205818034,990.3731,Model 1,test
Malta,MLT,"Middle East, North Africa, Afghanistan & Pakistan",2018,2019,32421.918,34819.4728,35147.20968833192,35112.686953460194,37613.45211722489,37754.73,Model 1,test
Malta,MLT,"Middle East, North Africa, Afghanistan & Pakistan",2019,2020,31823.4364,33869.6447,34197.771190845124,34163.92842681544,33015.243171288326,34106.02,Model 1,test
Malta,MLT,"Middle East, North Africa, Afghanistan & Pakistan",2020,2021,38096.8361,33210.4843,33519.391327379584,33487.02517125912,32524.422863096515,34078.156,Model 1,test
Malta,MLT,"Middle East, North Africa, Afghanistan & Pakistan",2021,2022,35638.8869,39625.9311,39987.25967560421,39948.37479666924,39524.10526525053,41503.36,Model 1,test
Malta,MLT,"Middle East, North Africa, Afghanistan & Pakistan",2022,2023,40905.806,37135.8541,37482.08520909872,37445.56734291229,37381.73900758307,38917.77,Model 1,test
Myanmar,MMR,East Asia & Pacific,2018,2019,1425.9895,1381.497,1378.013747202662,1378.5911332472824,1336.964033629868,1304.1428,Model 1,test
Myanmar,MMR,East Asia & Pacific,2019,2020,1490.2168,1515.3623,1511.5354177812246,1512.156868325308,1546.1731412195484,1492.9828,Model 1,test
Montenegro,MNE,Europe & Central Asia,2018,2019,8749.0238,9198.5876,9274.19845933289,9267.073293759606,9167.118269668365,9254.595,Model 1,test
Montenegro,MNE,Europe & Central Asia,2019,2020,7538.5364,9249.7742,9318.026101060275,9311.266011544574,9434.003011720446,9473.42,Model 1,test
Montenegro,MNE,Europe & Central Asia,2020,2021,9317.1552,7979.7855,8036.442648815244,8030.84006552648,8032.973993986763,7938.668,Model 1,test
Montenegro,MNE,Europe & Central Asia,2021,2022,10024.5436,9769.431,9821.404222248888,9815.2670580108,9896.545885828731,10167.034,Model 1,test
Montenegro,MNE,Europe & Central Asia,2022,2023,12259.8775,10556.0629,10628.146056058318,10620.59776588256,11226.780428074462,10622.96,Model 1,test
Mongolia,MNG,East Asia & Pacific,2018,2019,4347.5461,4336.6683,4347.197567944364,4346.191440446175,4235.161869407523,4215.817,Model 1,test
Mongolia,MNG,East Asia & Pacific,2019,2020,4001.2519,4586.9925,4598.316088940605,4597.226282614479,4585.479491139794,4414.3604,Model 1,test
Mongolia,MNG,East Asia & Pacific,2020,2021,4517.6158,4231.7537,4243.513501945827,4242.479961158765,3767.517454357708,3959.3699,Model 1,test
Mongolia,MNG,East Asia & Pacific,2021,2022,4993.5149,4769.2833,4782.480175334535,4781.2722188320595,4829.145694111651,4556.729,Model 1,test
Mongolia,MNG,East Asia & Pacific,2022,2023,5838.6311,5264.0186,5278.568129170167,5277.19414219622,5303.2512191448495,5270.912,Model 1,test
Mozambique,MOZ,Sub-Saharan Africa ,2018,2019,519.0926,554.3371,552.1154223895452,552.4042284239683,544.3393631560826,550.5164,Model 1,test
Mozambique,MOZ,Sub-Saharan Africa ,2019,2020,462.4339,556.6737,554.6138372775048,554.8965020485837,540.9945649130998,551.52826,Model 1,test
Mozambique,MOZ,Sub-Saharan Africa ,2020,2021,509.9078,497.1691,495.42925036476464,495.6833953188672,501.0379300853488,496.16605,Model 1,test
Mozambique,MOZ,Sub-Saharan Africa ,2021,2022,578.2517,545.5895,543.1594109531725,543.4619067703762,552.826614993182,552.5915,Model 1,test
Mozambique,MOZ,Sub-Saharan Africa ,2022,2023,622.0003,621.231,619.4752629041343,619.7619406944019,618.1317302986243,639.0684,Model 1,test
Mauritania,MRT,Sub-Saharan Africa ,2018,2019,1767.0727,1835.5185,1837.5033568449924,1837.412851319451,1798.24508902633,1734.5929,Model 1,test
Mauritania,MRT,Sub-Saharan Africa ,2019,2020,1795.7646,1882.4865,1884.6583174319503,1884.559580635607,1837.1124512758036,1784.0288,Model 1,test
Mauritania,MRT,Sub-Saharan Africa ,2020,2021,1947.7892,1908.3892,1909.3674028306075,1909.334046343868,1814.249719975367,1771.9172,Model 1,test
Mauritania,MRT,Sub-Saharan Africa ,2021,2022,1960.3524,2066.2396,2066.910253122018,2066.884784241257,2005.0437956776595,1969.0869,Model 1,test
Mauritania,MRT,Sub-Saharan Africa ,2022,2023,2135.7819,2086.9074,2089.647925315017,2089.519353865945,2078.720921519134,2000.9436,Model 1,test
Mauritius,MUS,Sub-Saharan Africa ,2018,2019,11568.2533,12335.782,12390.359856946803,12383.807528719288,12998.474399779638,12700.894,Model 1,test
Mauritius,MUS,Sub-Saharan Africa ,2019,2020,9135.8477,12074.3206,12126.654138560223,12120.322718392725,12540.215591241142,12482.657,Model 1,test
Mauritius,MUS,Sub-Saharan Africa ,2020,2021,9177.712,9580.4605,9625.190047273318,9620.209870544206,10409.010024671004,10254.811,Model 1,test
Mauritius,MUS,Sub-Saharan Africa ,2021,2022,10246.5017,9611.8058,9653.33664130776,9648.5125952603,10060.848674192788,10216.078,Model 1,test
Mauritius,MUS,Sub-Saharan Africa ,2022,2023,11269.9684,10702.6349,10745.83556053192,10740.510388865963,9927.44588629087,10865.142,Model 1,test
Malawi,MWI,Sub-Saharan Africa ,2018,2019,580.8891,576.3538,575.7936043368202,575.9753202104708,609.5012140973739,591.0371,Model 1,test
Malawi,MWI,Sub-Saharan Africa ,2019,2020,602.5075,627.5813,627.0917710451578,627.2800421826491,598.7826860385012,661.6421,Model 1,test
Malawi,MWI,Sub-Saharan Africa ,2020,2021,617.447,650.7718,650.3024069585052,650.4951754389276,624.6853333726236,661.40643,Model 1,test
Malawi,MWI,Sub-Saharan Africa ,2021,2022,604.2697,665.8399,665.1144252634639,665.3246225074641,625.8076636662399,686.1334,Model 1,test
Malawi,MWI,Sub-Saharan Africa ,2022,2023,633.2148,653.889,653.7363222880658,653.9166956330475,631.295667825126,647.2262,Model 1,test
Malaysia,MYS,East Asia & Pacific,2018,2019,10920.1918,11374.0238,11387.63410500454,11387.3879501828,10955.232712199326,10877.137,Model 1,test
Malaysia,MYS,East Asia & Pacific,2019,2020,9957.5263,11397.1323,11411.794653105286,11411.511224123258,10864.031872721696,10830.299,Model 1,test
Malaysia,MYS,East Asia & Pacific,2020,2021,10903.1037,10415.8927,10431.750208403348,10431.467015802367,10898.46000211536,10446.384,Model 1,test
Malaysia,MYS,East Asia & Pacific,2021,2022,11754.5678,11324.3269,11323.22973772896,11323.796418595402,10919.661371167664,10631.503,Model 1,test
Malaysia,MYS,East Asia & Pacific,2022,2023,11386.0396,12235.0776,12244.994828092676,12244.95629323364,12802.18464981017,12546.484,Model 1,test
Namibia,NAM,Sub-Saharan Africa ,2018,2019,4731.921,5466.1138,5447.989075301732,5448.110795065276,5685.985994261737,5393.4644,Model 1,test
Namibia,NAM,Sub-Saharan Africa ,2019,2020,3878.5898,4895.1388,4882.836091645517,4882.806383299481,5349.8829162052,5044.618,Model 1,test
Namibia,NAM,Sub-Saharan Africa ,2020,2021,4412.8356,4033.7587,4026.174858960077,4026.103788607149,4020.8056082682974,4059.008,Model 1,test
Namibia,NAM,Sub-Saharan Africa ,2021,2022,4349.7991,4541.215,4521.632749941158,4522.088033013901,4863.2869781843465,4510.596,Model 1,test
Namibia,NAM,Sub-Saharan Africa ,2022,2023,4187.605,4514.0724,4504.798443967568,4504.737969801286,4537.337596390339,4503.8774,Model 1,test
Niger,NER,Sub-Saharan Africa ,2018,2019,561.6913,617.0512,614.2551044174807,614.5700860272483,637.4511776084983,612.96204,Model 1,test
Niger,NER,Sub-Saharan Africa ,2019,2020,579.5125,599.7723,597.1645315434547,597.468698978111,586.8706350435498,588.4351,Model 1,test
Niger,NER,Sub-Saharan Africa ,2020,2021,608.7224,618.1594,615.3556436083044,615.6754077865239,634.2404183563262,621.22955,Model 1,test
Niger,NER,Sub-Saharan Africa ,2021,2022,609.7451,648.0778,644.9077252813073,645.25406177706,592.5028054165738,630.9105,Model 1,test
Niger,NER,Sub-Saharan Africa ,2022,2023,638.3361,650.466,647.6331704483192,647.9647780906075,578.8816842267091,620.6324,Model 1,test
Nigeria,NGA,Sub-Saharan Africa ,2018,2019,3189.8129,2094.0831,2064.3828764142177,2066.7149736621723,2031.4380254000337,2192.0608,Model 1,test
Nigeria,NGA,Sub-Saharan Africa ,2019,2020,2797.1846,3219.4051,3172.1912969311697,3175.7328974337565,3217.0753269367247,3322.776,Model 1,test
Nigeria,NGA,Sub-Saharan Africa ,2020,2021,2787.4878,2831.0951,2790.1977146299973,2793.3207187774824,2972.1191625627007,2771.713,Model 1,test
Nigeria,NGA,Sub-Saharan Africa ,2021,2022,2899.1605,2824.0216,2783.8928757491844,2786.980826767805,2976.314232401249,2753.8845,Model 1,test
Nigeria,NGA,Sub-Saharan Africa ,2022,2023,2138.7638,2939.1582,2898.3679712030216,2901.5274588317066,3062.7423825443466,2995.8118,Model 1,test
Nicaragua,NIC,Latin America & Caribbean ,2018,2019,1958.6205,2193.6642,2204.036640781864,2203.562480674351,2305.912731298538,2267.2417,Model 1,test
Nicaragua,NIC,Latin America & Caribbean ,2019,2020,1938.447,2112.1836,2122.0970108044453,2121.6547420157153,2173.8727073955956,2183.798,Model 1,test
Nicaragua,NIC,Latin America & Caribbean ,2020,2021,2138.3859,2075.6047,2081.0864110810053,2080.8795722263367,2143.7873343762717,2091.2532,Model 1,test
Nicaragua,NIC,Latin America & Caribbean ,2021,2022,2322.8905,2283.432,2288.6217956944197,2288.4200090276368,2250.2021764948254,2281.3083,Model 1,test
Nicaragua,NIC,Latin America & Caribbean ,2022,2023,2609.4449,2500.3621,2512.495500162525,2511.92054710999,2556.430727244114,2536.297,Model 1,test
Netherlands,NLD,Europe & Central Asia,2018,2019,53554.9007,55345.1199,55547.88393988263,55527.57560294356,51864.59286906663,54238.637,Model 1,test
Netherlands,NLD,Europe & Central Asia,2019,2020,53467.9277,54982.6453,55195.553696754505,55174.850425702774,51591.5639503182,54182.285,Model 1,test
Netherlands,NLD,Europe & Central Asia,2020,2021,60141.9881,54793.9236,54977.5738326754,54958.48066982512,51690.38477778511,53476.836,Model 1,test
Netherlands,NLD,Europe & Central Asia,2021,2022,59123.3186,61476.9979,61669.106194604516,61647.771151533285,56628.26258499399,57732.598,Model 1,test
Netherlands,NLD,Europe & Central Asia,2022,2023,63515.6031,60500.9337,60703.49990176853,60681.94953333392,56483.1531617798,52029.48,Model 1,test
Norway,NOR,Europe & Central Asia,2018,2019,76430.5889,84538.0902,84975.33136658528,84924.02434668814,84915.33762601278,83908.76,Model 1,test
Norway,NOR,Europe & Central Asia,2019,2020,68340.0181,78207.2136,78631.682908092,78583.80556339756,83143.83334792542,83483.57,Model 1,test
Norway,NOR,Europe & Central Asia,2020,2021,93072.8925,70131.6737,70536.33118946064,70492.90950044304,71678.16873079797,72007.56,Model 1,test
Norway,NOR,Europe & Central Asia,2021,2022,109269.5206,94897.5991,95394.88096711342,95336.07595333928,82440.04718616788,91428.99,Model 1,test
Norway,NOR,Europe & Central Asia,2022,2023,87497.218,110866.9507,111368.6817652387,111302.59465644349,101604.82387862746,115467.016,Model 1,test
Nepal,NPL,South Asia,2018,2019,1203.1429,1267.2276,1267.6708940984802,1267.9428868539524,1320.6712452829156,1325.7448,Model 1,test
Nepal,NPL,South Asia,2019,2020,1154.2152,1293.2301,1293.8535996741211,1294.1214007538497,1400.6033269043503,1338.3247,Model 1,test
Nepal,NPL,South Asia,2020,2021,1252.7508,1241.0739,1241.559136244562,1241.8292814995011,1304.7526040819023,1314.931,Model 1,test
Nepal,NPL,South Asia,2021,2022,1385.9107,1342.3614,1342.0217005798074,1342.3509374200091,1249.45086108603,1318.8589,Model 1,test
Nepal,NPL,South Asia,2022,2023,1382.3306,1488.1119,1489.2098968588036,1489.485327930532,1523.0438983425486,1529.7104,Model 1,test
New Zealand,NZL,East Asia & Pacific,2018,2019,42855.8319,44652.8465,44902.39034653008,44876.666164588685,45498.63876239811,46697.54,Model 1,test
New Zealand,NZL,East Asia & Pacific,2019,2020,41997.783,44283.7445,44541.65790363955,44515.69862912996,44994.74158512213,47686.23,Model 1,test
New Zealand,NZL,East Asia & Pacific,2020,2021,49950.4252,43434.8719,43694.04132478788,43668.42546927741,44555.94900064149,45795.418,Model 1,test
New Zealand,NZL,East Asia & Pacific,2021,2022,49099.709,51469.7123,51760.74811227708,51730.415242430856,48694.05142250685,52040.695,Model 1,test
New Zealand,NZL,East Asia & Pacific,2022,2023,49075.9563,50580.3283,50859.12268725215,50829.7733608192,50387.47520525854,52040.695,Model 1,test
Oman,OMN,"Middle East, North Africa, Afghanistan & Pakistan",2018,2019,19180.1864,20782.5725,20899.823797454297,20889.17463795125,21367.26181530447,21863.08,Model 1,test
Oman,OMN,"Middle East, North Africa, Afghanistan & Pakistan",2019,2020,16784.8631,20048.3089,20163.76038983633,20153.43066712294,19878.31846974061,20908.125,Model 1,test
Oman,OMN,"Middle East, North Africa, Afghanistan & Pakistan",2020,2021,19403.46,17499.7388,17578.37699143666,17570.71890848339,18119.30867331924,18583.219,Model 1,test
Oman,OMN,"Middle East, North Africa, Afghanistan & Pakistan",2021,2022,23223.5829,20081.8757,20142.95875282479,20135.421288227422,20293.8950102057,19192.615,Model 1,test
Oman,OMN,"Middle East, North Africa, Afghanistan & Pakistan",2022,2023,21027.7385,24058.7397,24155.476115083376,24144.923160400227,23033.777012060214,24079.11,Model 1,test
Pakistan,PAK,"Middle East, North Africa, Afghanistan & Pakistan",2018,2019,1390.4169,1660.5769,1653.0097415960645,1654.0966387603762,1682.7311081419296,1609.7534,Model 1,test
Pakistan,PAK,"Middle East, North Africa, Afghanistan & Pakistan",2019,2020,1278.3974,1475.7661,1469.5384578396036,1470.4979137876533,1480.1643778727466,1499.5668,Model 1,test
Pakistan,PAK,"Middle East, North Africa, Afghanistan & Pakistan",2020,2021,1455.3192,1355.7706,1349.250432824265,1350.1861835943207,1277.804601878886,1325.8801,Model 1,test
Panama,PAN,Latin America & Caribbean ,2018,2019,16477.9066,16875.4406,16959.926338841615,16952.005989308273,16800.581436213983,17271.352,Model 1,test
Panama,PAN,Latin America & Caribbean ,2019,2020,13290.5608,17219.5505,17307.780296585413,17299.587591621326,17298.64624620226,18611.135,Model 1,test
Panama,PAN,Latin America & Caribbean ,2020,2021,15509.8069,13875.7949,13930.613896596798,13925.168617367211,14480.30302469186,14292.001,Model 1,test
Panama,PAN,Latin America & Caribbean ,2021,2022,17378.607,16167.7338,16234.852780161267,16228.122816704696,15607.603108558837,16060.426,Model 1,test
Panama,PAN,Latin America & Caribbean ,2022,2023,18797.1934,18175.6813,18276.45298018181,18267.383273606934,19027.769224811895,20373.676,Model 1,test
Peru,PER,Latin America & Caribbean ,2018,2019,7037.008,7353.2242,7368.9442891591425,7368.707536961161,6849.127708111297,7293.76,Model 1,test
Peru,PER,Latin America & Caribbean ,2019,2020,6133.3255,7418.0522,7434.949951235592,7434.663981899467,6852.558009187165,7335.6704,Model 1,test
Peru,PER,Latin America & Caribbean ,2020,2021,6826.2026,6445.0824,6450.309153036284,6450.645255461548,6585.267968312482,6359.055,Model 1,test
Peru,PER,Latin America & Caribbean ,2021,2022,7350.6303,7118.4115,7112.0341181039275,7112.974484096709,7225.479897658559,6980.507,Model 1,test
Peru,PER,Latin America & Caribbean ,2022,2023,7887.5419,7751.8891,7771.659416470027,7771.243100000727,7804.839897812718,7894.9756,Model 1,test
Philippines,PHL,East Asia & Pacific,2018,2019,3400.7895,3335.1761,3326.8789580955886,3328.2395978484083,3250.0589262107587,3267.9587,Model 1,test
Philippines,PHL,East Asia & Pacific,2019,2020,3227.5791,3573.7012,3564.158615939574,3565.6311728318633,3470.668315877921,3539.7896,Model 1,test
Philippines,PHL,East Asia & Pacific,2020,2021,3484.3859,3398.7165,3390.835093230338,3392.194202984792,3195.8974249449216,3320.1467,Model 1,test
Philippines,PHL,East Asia & Pacific,2021,2022,3548.0693,3632.8894,3615.5342418645623,3617.4268787950496,3688.787134064094,3686.4617,Model 1,test
Philippines,PHL,East Asia & Pacific,2022,2023,3804.0827,3723.1671,3712.3137657025936,3713.891052604696,3627.861306541981,3748.9958,Model 1,test
Papua New Guinea,PNG,East Asia & Pacific,2018,2019,2575.7727,2693.2158,2687.4899465580465,2687.919220859388,2644.995133526326,2601.6487,Model 1,test
Papua New Guinea,PNG,East Asia & Pacific,2019,2020,2429.6113,2704.2133,2698.768544831801,2699.1889957172475,2638.875640465196,2588.095,Model 1,test
Papua New Guinea,PNG,East Asia & Pacific,2020,2021,2607.5786,2552.1434,2546.7246658399495,2547.155507089518,2564.017543987899,2502.3809,Model 1,test
Papua New Guinea,PNG,East Asia & Pacific,2021,2022,3102.2897,2730.2487,2722.744826198762,2723.282079197093,2629.8972770018313,2695.3027,Model 1,test
Papua New Guinea,PNG,East Asia & Pacific,2022,2023,2966.0683,3243.8048,3235.9431841802257,3236.480241152911,3287.18754589541,3180.2783,Model 1,test
Poland,POL,Europe & Central Asia,2018,2019,15874.5221,16285.7212,16313.619382426796,16312.512381227743,15522.75381595235,15306.313,Model 1,test
Poland,POL,Europe & Central Asia,2019,2020,16150.9305,16518.2308,16549.587531978952,16548.283038165468,15943.404418328251,16648.266,Model 1,test
Poland,POL,Europe & Central Asia,2020,2021,18635.5105,16738.6944,16753.06635126184,16752.60679666422,17599.22423522361,16344.08,Model 1,test
Poland,POL,Europe & Central Asia,2021,2022,18891.2121,19208.308,19207.065701512576,19207.179351677976,20565.88968335407,18501.434,Model 1,test
Poland,POL,Europe & Central Asia,2022,2023,22145.2661,19552.4017,19574.911020398165,19573.750949556277,19612.986522880845,19125.596,Model 1,test
Portugal,PRT,Europe & Central Asia,2018,2019,23343.3629,24553.7092,24684.382872181483,24673.84937649823,24090.755366597597,25543.912,Model 1,test
Portugal,PRT,Europe & Central Asia,2019,2020,22299.4044,24372.4932,24508.39251804836,24497.63087859637,24686.18552479037,24704.045,Model 1,test
Portugal,PRT,Europe & Central Asia,2020,2021,24711.451,23284.6831,23410.647004371313,23400.67207627086,22167.54253678103,23330.55,Model 1,test
Portugal,PRT,Europe & Central Asia,2021,2022,24620.5198,25751.7494,25887.506101933013,25876.42911410847,24652.293245784134,25640.195,Model 1,test
Portugal,PRT,Europe & Central Asia,2022,2023,27634.6183,25674.5141,25814.245708849052,25802.998511202128,25460.841923173222,25801.252,Model 1,test
Paraguay,PRY,Latin America & Caribbean ,2018,2019,5821.182,6587.9566,6606.19053075793,6604.751621055955,6748.724222155239,6602.51,Model 1,test
Paraguay,PRY,Latin America & Caribbean ,2019,2020,5365.4722,6137.2643,6155.018984632956,6153.688430632397,6272.993036522735,6538.115,Model 1,test
Paraguay,PRY,Latin America & Caribbean ,2020,2021,5976.9318,5653.0816,5666.4009760306835,5665.385470415893,5650.744257080652,5801.499,Model 1,test
Paraguay,PRY,Latin America & Caribbean ,2021,2022,6205.626,6213.0057,6206.926233541102,6206.8389134249965,6295.380379839271,6156.3115,Model 1,test
Paraguay,PRY,Latin America & Caribbean ,2022,2023,6299.9903,6512.1543,6524.012652615138,6522.952157872181,6269.724029535791,6294.4053,Model 1,test
West Bank and Gaza,PSE,"Middle East, North Africa, Afghanistan & Pakistan",2018,2019,3656.8583,3811.8806,3832.118491024116,3830.8463103382455,3684.325454493544,3946.052,Model 1,test
West Bank and Gaza,PSE,"Middle East, North Africa, Afghanistan & Pakistan",2019,2020,3233.5686,3914.8783,3936.528473013252,3935.176862468776,3889.4366230701694,4106.173,Model 1,test
West Bank and Gaza,PSE,"Middle East, North Africa, Afghanistan & Pakistan",2020,2021,3678.6357,3463.4654,3481.252546073151,3480.1774616967114,3572.1413493738346,3480.3235,Model 1,test
West Bank and Gaza,PSE,"Middle East, North Africa, Afghanistan & Pakistan",2022,2023,3455.0285,4072.8223,4097.081918861373,4095.600548477579,4162.318651614099,4357.492,Model 1,test
Qatar,QAT,"Middle East, North Africa, Afghanistan & Pakistan",2018,2019,66841.3623,72843.1183,73304.28180417402,73251.27981874644,74972.01303216211,72748.61,Model 1,test
Qatar,QAT,"Middle East, North Africa, Afghanistan & Pakistan",2019,2020,51683.5681,68659.9437,69110.16879414393,69059.93774015715,72598.94269426599,69707.914,Model 1,test
Qatar,QAT,"Middle East, North Africa, Afghanistan & Pakistan",2020,2021,71751.9363,53036.9478,53310.153441240946,53276.88818837363,51720.84430027979,51748.945,Model 1,test
Qatar,QAT,"Middle East, North Africa, Afghanistan & Pakistan",2021,2022,88701.469,73269.7754,73653.35451631735,73603.99569203026,70692.6086227426,70628.15,Model 1,test
Qatar,QAT,"Middle East, North Africa, Afghanistan & Pakistan",2022,2023,81816.9798,90346.0212,90829.51198860648,90766.8383573325,83001.04156556484,88972.52,Model 1,test
Romania,ROU,Europe & Central Asia,2018,2019,12909.6104,12918.5704,12936.899732071675,12935.621681707378,12308.76071921958,12576.302,Model 1,test
Romania,ROU,Europe & Central Asia,2019,2020,13009.1771,13429.5285,13450.128857002956,13448.663105136482,13247.559507430198,14045.019,Model 1,test
Romania,ROU,Europe & Central Asia,2020,2021,14907.9804,13486.5114,13494.665814926402,13493.832131527162,14197.03452103969,13191.936,Model 1,test
Romania,ROU,Europe & Central Asia,2021,2022,15503.5518,15357.8451,15348.846280180644,15348.645023551231,13896.250939566344,13640.801,Model 1,test
Romania,ROU,Europe & Central Asia,2022,2023,18244.4187,16050.0997,16065.447852114648,16063.878385760354,16211.932264906414,15019.742,Model 1,test
Russian Federation,RUS,Europe & Central Asia,2018,2019,11447.7012,11575.6647,11542.381252984103,11546.304425881428,11569.7727152089,11577.681,Model 1,test
Russian Federation,RUS,Europe & Central Asia,2019,2020,10108.3271,11826.2242,11795.218972596773,11799.048881744831,11857.58358811436,11604.785,Model 1,test
Russian Federation,RUS,Europe & Central Asia,2020,2021,12425.0293,10424.8534,10387.21485411333,10391.245283805882,9692.283286493164,10076.481,Model 1,test
Russian Federation,RUS,Europe & Central Asia,2021,2022,15619.6143,12715.3243,12652.91878747278,12658.44085165076,11223.3355348673,11859.338,Model 1,test
Russian Federation,RUS,Europe & Central Asia,2022,2023,14159.3877,16012.6549,15957.145148458343,15962.555097392376,13451.725543688,14382.009,Model 1,test
Rwanda,RWA,Sub-Saharan Africa ,2018,2019,810.0514,832.278,832.4828594227654,832.630331438686,822.714560186361,825.28735,Model 1,test
Rwanda,RWA,Sub-Saharan Africa ,2019,2020,778.7015,873.3739,873.6969525979154,873.8441539097931,877.205042264044,864.11334,Model 1,test
Rwanda,RWA,Sub-Saharan Africa ,2020,2021,829.5448,840.7603,841.2495008017067,841.3869528939678,851.9871482419848,846.70154,Model 1,test
Rwanda,RWA,Sub-Saharan Africa ,2021,2022,975.4693,894.2369,894.5793822301148,894.7315366247836,897.2760481439724,887.6995,Model 1,test
Rwanda,RWA,Sub-Saharan Africa ,2022,2023,1027.0345,1049.7452,1050.3338782417652,1050.4891837893963,1013.570173953255,1051.6389,Model 1,test
Saudi Arabia,SAU,"Middle East, North Africa, Afghanistan & Pakistan",2018,2019,29566.7934,30240.7694,30295.228090112047,30290.544903891292,31552.289719767967,30076.42,Model 1,test
Saudi Arabia,SAU,"Middle East, North Africa, Afghanistan & Pakistan",2019,2020,24338.8307,30417.106,30462.636903329025,30458.376894328896,32423.898142294984,29626.793,Model 1,test
Saudi Arabia,SAU,"Middle East, North Africa, Afghanistan & Pakistan",2020,2021,31920.7654,25093.1519,25124.5708090114,25121.95904042145,26072.028986202313,24904.236,Model 1,test
Saudi Arabia,SAU,"Middle East, North Africa, Afghanistan & Pakistan",2021,2022,38510.2276,32688.2213,32704.86029601629,32701.816543571036,31633.78960634205,30212.6,Model 1,test
Saudi Arabia,SAU,"Middle East, North Africa, Afghanistan & Pakistan",2022,2023,36156.8483,39302.8069,39314.811776217226,39311.05709844835,39672.343718754375,36975.547,Model 1,test
Senegal,SEN,Sub-Saharan Africa ,2018,2019,1431.1813,1549.484,1548.910345810743,1549.1811632498288,1534.635851832076,1541.867,Model 1,test
Senegal,SEN,Sub-Saharan Africa ,2019,2020,1461.0872,1528.1566,1527.873697466732,1528.1324073444443,1492.849150768261,1548.3003,Model 1,test
Senegal,SEN,Sub-Saharan Africa ,2020,2021,1598.1068,1558.7063,1558.1305328547214,1558.4105288150963,1549.6304402510596,1547.4368,Model 1,test
Senegal,SEN,Sub-Saharan Africa ,2021,2022,1574.0281,1699.0724,1697.4206536152674,1697.7693039273877,1620.0335001051278,1606.7235,Model 1,test
Senegal,SEN,Sub-Saharan Africa ,2022,2023,1698.0339,1677.6858,1677.093325658297,1677.3901365849797,1690.4550701473474,1541.7471,Model 1,test
Singapore,SGP,East Asia & Pacific,2018,2019,65952.0379,68674.8918,69073.40117546234,69031.23228063913,71916.93061922655,70779.59,Model 1,test
Singapore,SGP,East Asia & Pacific,2019,2020,61410.0793,67787.7618,68195.45572000595,68153.24333373409,73634.433592127,70635.555,Model 1,test
Singapore,SGP,East Asia & Pacific,2020,2021,80056.1288,63204.3462,63589.68352732685,63550.45433832365,59480.94367405595,61274.26,Model 1,test
Singapore,SGP,East Asia & Pacific,2021,2022,90299.0695,81863.2902,82307.0060358597,82256.72911522046,82933.3631749179,82059.97,Model 1,test
Singapore,SGP,East Asia & Pacific,2022,2023,85412.2303,92060.1857,92525.09701570646,92469.62612539936,83509.36396713331,90789.49,Model 1,test
Solomon Islands,SLB,East Asia & Pacific,2018,2019,2223.6589,2434.4072,2445.6973674824776,2444.6093432354937,2431.967908359147,2537.0967,Model 1,test
Solomon Islands,SLB,East Asia & Pacific,2019,2020,2063.3278,2378.2221,2389.545893473531,2388.479349473657,2418.1945922007226,2509.3196,Model 1,test
Solomon Islands,SLB,East Asia & Pacific,2020,2021,2043.4441,2206.1682,2215.777842890586,2214.8560831800432,2136.7414394175166,2377.5745,Model 1,test
Solomon Islands,SLB,East Asia & Pacific,2021,2022,1877.781,2183.2977,2192.2223798687096,2191.348317000641,2162.6132528324183,2320.6638,Model 1,test
Solomon Islands,SLB,East Asia & Pacific,2022,2023,1882.6439,2017.1604,2027.7133281850472,2026.8053083136208,2045.1763726231304,2210.4387,Model 1,test
Sierra Leone,SLE,Sub-Saharan Africa ,2018,2019,843.7125,895.1945,891.424651496521,891.7372652403317,860.1680695465811,876.9828,Model 1,test
Sierra Leone,SLE,Sub-Saharan Africa ,2019,2020,845.2776,894.0415,890.5775878966552,890.876495532267,868.1767010381195,854.7037,Model 1,test
Sierra Leone,SLE,Sub-Saharan Africa ,2020,2021,885.3964,895.8528,892.4139427114335,892.7137366343014,875.3481239777018,868.454,Model 1,test
Sierra Leone,SLE,Sub-Saharan Africa ,2021,2022,860.3711,938.739,935.400280632084,935.6987853397588,894.6630752828609,921.57544,Model 1,test
Sierra Leone,SLE,Sub-Saharan Africa ,2022,2023,758.3291,914.9714,912.3635800474962,912.6254728897658,903.4304037717562,913.3003,Model 1,test
El Salvador,SLV,Latin America & Caribbean ,2018,2019,4320.1167,4416.3986,4424.857102306886,4424.241784338446,4530.662414778112,4308.0654,Model 1,test
El Salvador,SLV,Latin America & Caribbean ,2019,2020,3997.1928,4561.351,4570.915741865746,4570.223290576163,4664.305137274698,4367.2065,Model 1,test
El Salvador,SLV,Latin America & Caribbean ,2020,2021,4642.6074,4211.8842,4216.96145641214,4216.550109719251,3909.517088365411,3779.1743,Model 1,test
El Salvador,SLV,Latin America & Caribbean ,2021,2022,5074.6021,4873.3254,4877.01602543912,4876.587685462697,5395.069908243295,4738.1035,Model 1,test
El Salvador,SLV,Latin America & Caribbean ,2022,2023,5365.4449,5343.3857,5354.054266245654,5353.195585022513,5442.784710743606,5313.0327,Model 1,test
Serbia,SRB,Europe & Central Asia,2018,2019,7755.633,7969.8681,8001.020452457873,7998.728722900197,8183.965537062687,8196.356,Model 1,test
Serbia,SRB,Europe & Central Asia,2019,2020,8098.7096,8172.9607,8204.891967441885,8202.51851491016,8298.634881067517,8248.817,Model 1,test
Serbia,SRB,Europe & Central Asia,2020,2021,9680.528,8496.7427,8520.947674036202,8518.911711019195,8657.811180802957,8725.4,Model 1,test
Serbia,SRB,Europe & Central Asia,2021,2022,10024.8191,10077.5316,10091.821601862155,10089.984446005978,10416.112788494294,10114.077,Model 1,test
Serbia,SRB,Europe & Central Asia,2022,2023,12281.7079,10491.5149,10523.7723364153,10520.886946821076,11269.208020703938,10953.575,Model 1,test
Sao Tome and Principe,STP,Sub-Saharan Africa ,2018,2019,1935.2932,1953.0115,1962.9149057450936,1961.795290885056,1914.5604359665515,1921.439,Model 1,test
Sao Tome and Principe,STP,Sub-Saharan Africa ,2019,2020,2167.22,2070.0554,2080.9452878988745,2079.729685730489,2108.9079200013525,2089.9314,Model 1,test
Sao Tome and Principe,STP,Sub-Saharan Africa ,2020,2021,2362.5883,2312.3202,2323.9104008358445,2322.5626703936077,2284.3136884330875,2331.2922,Model 1,test
Sao Tome and Principe,STP,Sub-Saharan Africa ,2021,2022,2389.7373,2516.5098,2528.791695109874,2527.327353317198,2580.5858146751025,2602.0967,Model 1,test
Sao Tome and Principe,STP,Sub-Saharan Africa ,2022,2023,2990.6606,2552.2745,2566.7392025311374,2565.1503446850993,2649.5979842138895,2666.3845,Model 1,test
Slovak Republic,SVK,Europe & Central Asia,2018,2019,19406.059,20311.9516,20386.41439849413,20378.502982084596,20870.27783621868,20779.672,Model 1,test
Slovak Republic,SVK,Europe & Central Asia,2019,2020,19735.4858,20161.4821,20241.15429358741,20233.017502341645,20145.751834460967,20013.178,Model 1,test
Slovak Republic,SVK,Europe & Central Asia,2020,2021,22123.3342,20456.6833,20525.7486408456,20518.08136136124,21044.77270855835,21172.93,Model 1,test
Slovak Republic,SVK,Europe & Central Asia,2021,2022,21317.7944,22752.9414,22790.676455684177,22783.95335183761,23048.2202869157,22632.055,Model 1,test
Slovak Republic,SVK,Europe & Central Asia,2022,2023,24614.8735,22067.4095,22140.867212274927,22132.480267111343,22583.955737814915,22357.932,Model 1,test
Slovenia,SVN,Europe & Central Asia,2018,2019,25814.1687,27022.525,27219.975528998628,27200.881392105035,26372.527146413508,26925.717,Model 1,test
Slovenia,SVN,Europe & Central Asia,2019,2020,25392.0651,26956.6208,27156.267140919055,27137.10445436071,26815.796403193617,28107.736,Model 1,test
Slovenia,SVN,Europe & Central Asia,2020,2021,29192.8402,26460.0975,26638.39614242913,26620.57999765068,25363.94787824477,26662.066,Model 1,test
Slovenia,SVN,Europe & Central Asia,2021,2022,28360.3041,30344.254,30544.881397987505,30524.263075500618,30139.653887806413,31526.46,Model 1,test
Slovenia,SVN,Europe & Central Asia,2022,2023,32660.4754,29540.0114,29748.929384190735,29728.224215495506,29614.972589850175,30923.938,Model 1,test
Sweden,SWE,Europe & Central Asia,2018,2019,51648.9893,55557.141,55827.276859941725,55800.38910758913,53535.70338249999,54744.48,Model 1,test
Sweden,SWE,Europe & Central Asia,2019,2020,52568.5727,53239.7475,53521.82276450867,53495.11346322316,52311.568860718806,50880.812,Model 1,test
Sweden,SWE,Europe & Central Asia,2020,2021,60647.5416,54067.9557,54324.45620843911,54298.86024985508,54632.884138682275,51516.234,Model 1,test
Sweden,SWE,Europe & Central Asia,2021,2022,54836.8907,62300.1549,62610.96349897742,62579.86789400874,57251.240758845306,57096.19,Model 1,test
Sweden,SWE,Europe & Central Asia,2022,2023,54950.2835,56447.4847,56737.719053984554,56709.6639554136,53525.365659482115,52517.926,Model 1,test
Eswatini,SWZ,Sub-Saharan Africa ,2018,2019,3913.1458,4081.5113,4063.290941955005,4063.40951832822,4435.665751043991,3780.3457,Model 1,test
Eswatini,SWZ,Sub-Saharan Africa ,2019,2020,3466.5694,4032.7789,4017.954590923255,4017.915268927229,3942.922703204309,3705.997,Model 1,test
Syrian Arab Republic,SYR,"Middle East, North Africa, Afghanistan & Pakistan",2018,2019,1109.5393,1177.6691,1177.4295556408,1177.680826037952,1195.6652172355014,1181.5045,Model 1,test
Chad,TCD,Sub-Saharan Africa ,2018,2019,893.3364,984.3329,974.6341711147404,975.33032696704,987.2574079984104,1015.7749,Model 1,test
Chad,TCD,Sub-Saharan Africa ,2019,2020,866.9478,929.2641,920.499539298416,921.1447589320172,932.7562880832847,961.0026,Model 1,test
Chad,TCD,Sub-Saharan Africa ,2020,2021,946.3585,902.5188,894.0660689933801,894.6950545102454,929.0374926965198,938.16644,Model 1,test
Chad,TCD,Sub-Saharan Africa ,2021,2022,966.0365,983.491,974.1371657834188,974.8253679312884,990.4490924301776,857.50287,Model 1,test
Chad,TCD,Sub-Saharan Africa ,2022,2023,949.3335,1006.8718,998.1655431095533,998.8268273670712,1003.4042400299352,992.54126,Model 1,test
Togo,TGO,Sub-Saharan Africa ,2018,2019,826.2552,903.8516,900.8791452889938,901.1591519924768,876.9361186884289,861.84106,Model 1,test
Togo,TGO,Sub-Saharan Africa ,2019,2020,863.4687,878.9175,876.31155325748,876.5736713544907,890.8379829948095,852.6399,Model 1,test
Togo,TGO,Sub-Saharan Africa ,2020,2021,962.0752,917.7886,915.0173888932892,915.2921732464586,890.3438644528276,909.48724,Model 1,test
Togo,TGO,Sub-Saharan Africa ,2021,2022,951.2324,1020.8013,1017.6557692735042,1017.956841158328,950.183233758764,977.5989,Model 1,test
Togo,TGO,Sub-Saharan Africa ,2022,2023,1055.0173,1011.8633,1009.3946259048708,1009.6628128999324,996.2342951684892,994.8706,Model 1,test
Thailand,THA,East Asia & Pacific,2018,2019,7605.6966,7489.9854,7503.917660351879,7504.388380993304,7062.459219999661,7590.1494,Model 1,test
Thailand,THA,East Asia & Pacific,2019,2020,6985.6439,8012.4897,8026.537335908603,8027.035538878803,8170.307254892325,8310.953,Model 1,test
Thailand,THA,East Asia & Pacific,2020,2021,7057.2075,7374.5227,7389.104385999715,7389.536765244226,7598.673566660199,7590.1494,Model 1,test
Thailand,THA,East Asia & Pacific,2021,2022,6909.3528,7453.4921,7469.498975017583,7469.863560126797,7493.85762532298,7616.253,Model 1,test
Thailand,THA,East Asia & Pacific,2022,2023,7195.1013,7259.4206,7263.773797831904,7264.729261751993,7540.392653583849,7381.3413,Model 1,test
Timor-Leste,TLS,East Asia & Pacific,2018,2019,1562.3646,1307.1234,1310.2546012620764,1309.979486925335,1290.315196018552,1310.495,Model 1,test
Timor-Leste,TLS,East Asia & Pacific,2019,2020,1630.8694,1667.3061,1670.9361007376904,1670.5688169360506,1681.2601242477006,1673.4254,Model 1,test
Timor-Leste,TLS,East Asia & Pacific,2020,2021,2684.9268,1740.6197,1744.7508635315455,1744.3459078470496,1722.7827158959033,1666.4475,Model 1,test
Timor-Leste,TLS,East Asia & Pacific,2021,2022,2343.2495,2831.3712,2834.3964776459593,2833.804393066139,2925.042400487114,2925.5251,Model 1,test
Tonga,TON,East Asia & Pacific,2018,2019,4788.8334,4966.1627,5003.9694557763405,4999.665061955516,4867.683527984978,5015.9785,Model 1,test
Tonga,TON,East Asia & Pacific,2019,2020,4792.3585,5086.0395,5124.987603895415,5120.556156781807,4995.851474370144,5174.4727,Model 1,test
Tonga,TON,East Asia & Pacific,2020,2021,4922.8017,5090.7834,5130.064079151465,5125.612603675761,5029.542939635441,5174.4727,Model 1,test
Tonga,TON,East Asia & Pacific,2021,2022,5298.0194,5223.3124,5262.512136623957,5257.989006528267,5449.315888096654,5386.083,Model 1,test
Tonga,TON,East Asia & Pacific,2022,2023,5651.5937,5619.9169,5663.417568545015,5658.439393324784,5557.900417698838,5772.7007,Model 1,test
Trinidad and Tobago,TTO,Latin America & Caribbean ,2018,2019,17212.6129,18111.5574,18156.807100365582,18148.48272642945,17540.780848376184,18303.576,Model 1,test
Trinidad and Tobago,TTO,Latin America & Caribbean ,2019,2020,15283.6271,17756.7622,17803.78608606213,17795.52540487066,17748.674059484256,18202.44,Model 1,test
Trinidad and Tobago,TTO,Latin America & Caribbean ,2020,2021,17712.5674,15797.9094,15840.616940271411,15833.4010085159,15136.3413951129,15277.292,Model 1,test
Trinidad and Tobago,TTO,Latin America & Caribbean ,2021,2022,20750.5202,18185.0702,18210.90030064287,18203.571656820855,17924.524441316553,18613.514,Model 1,test
Trinidad and Tobago,TTO,Latin America & Caribbean ,2022,2023,18308.4536,21350.2182,21407.62349541407,21397.274137344648,21026.298234830363,20197.803,Model 1,test
Tunisia,TUN,"Middle East, North Africa, Afghanistan & Pakistan",2018,2019,3528.8721,3874.7607,3890.3960134804342,3889.729915402409,3798.9786140666697,3768.3918,Model 1,test
Tunisia,TUN,"Middle East, North Africa, Afghanistan & Pakistan",2019,2020,3548.6536,3772.9785,3788.915201149052,3788.2426962552254,3716.1821107673336,3805.2385,Model 1,test
Tunisia,TUN,"Middle East, North Africa, Afghanistan & Pakistan",2020,2021,3906.9393,3788.143,3802.525408765823,3801.9361987092943,3717.2064579365942,3748.8955,Model 1,test
Tunisia,TUN,"Middle East, North Africa, Afghanistan & Pakistan",2021,2022,3707.2928,4140.9723,4150.048510624585,4149.717480364708,4323.178283975328,3973.1533,Model 1,test
Turkiye,TUR,Europe & Central Asia,2018,2019,9395.2338,10155.8274,10169.815690493588,10170.550352332564,10441.969789409564,10749.226,Model 1,test
Turkiye,TUR,Europe & Central Asia,2019,2020,8798.1179,9865.5755,9881.360241573864,9882.001734357726,10222.262631111258,10623.588,Model 1,test
Turkiye,TUR,Europe & Central Asia,2020,2021,9981.764,9223.5918,9231.556395373023,9232.5762156149,9456.141853104597,9831.877,Model 1,test
Turkiye,TUR,Europe & Central Asia,2021,2022,10897.8398,10416.8283,10417.91162429829,10419.362169439824,10521.167185453894,10755.583,Model 1,test
Turkiye,TUR,Europe & Central Asia,2022,2023,13375.0947,11404.0099,11418.014087168578,11418.85162989181,10754.119530954556,11277.561,Model 1,test
Tanzania,TZA,Sub-Saharan Africa ,2018,2019,1063.3225,1091.9282,1088.8987195141906,1089.4041327991424,1063.1498451652988,1094.6312,Model 1,test
Tanzania,TZA,Sub-Saharan Africa ,2019,2020,1117.4153,1135.3325,1132.4704741436424,1132.9804180675294,1113.1595546095737,1126.5676,Model 1,test
Tanzania,TZA,Sub-Saharan Africa ,2020,2021,1159.8566,1194.0377,1191.5086068004143,1192.0181001919532,1199.0323158134754,1124.0387,Model 1,test
Tanzania,TZA,Sub-Saharan Africa ,2021,2022,1207.5206,1236.4501,1233.171705973337,1233.7329239693008,1288.626839863682,1196.0441,Model 1,test
Tanzania,TZA,Sub-Saharan Africa ,2022,2023,1224.0022,1288.4837,1285.591947926113,1286.148625103356,1274.5677378084615,1245.7736,Model 1,test
Uganda,UGA,Sub-Saharan Africa ,2018,2019,822.1712,850.9463,849.4527121766314,849.7940135662772,845.8052457667854,858.70746,Model 1,test
Uganda,UGA,Sub-Saharan Africa ,2019,2020,845.7665,883.7023,882.4088418800729,882.7498998429102,852.247492497331,894.78986,Model 1,test
Uganda,UGA,Sub-Saharan Africa ,2020,2021,882.7917,908.6105,907.235217093908,907.5889154607472,857.5818209729431,912.2844,Model 1,test
Uganda,UGA,Sub-Saharan Africa ,2021,2022,963.0673,947.5959,946.0837000762892,946.4559209945252,990.7961232620898,957.6304,Model 1,test
Uganda,UGA,Sub-Saharan Africa ,2022,2023,1002.3091,1034.9546,1033.9840105956696,1034.3499672514192,972.6395029323916,1042.4867,Model 1,test
Ukraine,UKR,Europe & Central Asia,2018,2019,3619.8616,3257.0053,3261.2890990231676,3261.691690707769,3312.2465325045273,3391.8745,Model 1,test
Ukraine,UKR,Europe & Central Asia,2019,2020,3709.7693,3844.1311,3849.112446834944,3849.528680034644,4239.230496569037,3980.2986,Model 1,test
Ukraine,UKR,Europe & Central Asia,2020,2021,4775.9458,3931.5545,3934.8180582312702,3935.327658236377,4293.602405601726,4184.565,Model 1,test
Ukraine,UKR,Europe & Central Asia,2021,2022,4199.6709,5015.1183,5011.682636418554,5012.60543299495,5413.43829967683,5045.672,Model 1,test
Uruguay,URY,Latin America & Caribbean ,2018,2019,18315.7317,20011.2151,20101.06264744096,20091.46508723838,19614.95119634152,19517.383,Model 1,test
Uruguay,URY,Latin America & Caribbean ,2019,2020,15757.5356,19058.3793,19145.121215904663,19136.009494161022,18900.83322194952,19482.885,Model 1,test
Uruguay,URY,Latin America & Caribbean ,2020,2021,17881.8187,16482.4083,16571.274546646848,16562.898660150753,16596.099559482216,17805.03,Model 1,test
Uruguay,URY,Latin America & Caribbean ,2021,2022,20818.6146,18522.3759,18581.14490781134,18573.674958295825,19390.53461501591,19177.72,Model 1,test
Uruguay,URY,Latin America & Caribbean ,2022,2023,23019.4222,21551.4694,21629.95130367895,21620.41679057808,22990.274399993355,22012.186,Model 1,test
United States,USA,North America,2018,2019,64746.4507,63121.844,62959.15545609774,62974.67246663221,60176.83263346532,62250.055,Model 1,test
United States,USA,North America,2019,2020,63515.9492,65366.5412,65200.60673956863,65216.362202273296,63459.58018788435,71727.17,Model 1,test
United States,USA,North America,2020,2021,70205.0509,63867.0755,63628.05109944657,63647.581866954155,62058.090597590184,59324.066,Model 1,test
United States,USA,North America,2021,2022,76657.2489,70336.2444,70030.65933820752,70053.72195592163,59062.983425771396,64911.56,Model 1,test
United States,USA,North America,2022,2023,81032.2621,76868.0386,76580.55848153967,76602.76367845578,69880.41984926256,79507.64,Model 1,test
Uzbekistan,UZB,Europe & Central Asia,2018,2019,2041.3848,1944.8536,1947.783737033027,1948.0338714161871,2043.40907526097,1977.3,Model 1,test
Uzbekistan,UZB,Europe & Central Asia,2019,2020,1978.2805,2184.8561,2187.8262380104843,2188.10373717939,2190.786927147884,2275.4395,Model 1,test
Uzbekistan,UZB,Europe & Central Asia,2020,2021,2258.5196,2115.3563,2117.3725465583866,2117.6962396030367,2083.806747405045,2136.0442,Model 1,test
Uzbekistan,UZB,Europe & Central Asia,2021,2022,2578.6669,2409.6696,2411.76230089252,2412.116513115022,2494.6873212367723,2435.0923,Model 1,test
Uzbekistan,UZB,Europe & Central Asia,2022,2023,2878.9688,2746.7938,2749.405133125846,2749.7686563372627,2872.0281194774984,2880.9863,Model 1,test
St. Vincent and the Grenadines,VCT,Latin America & Caribbean ,2018,2019,8740.5943,8820.5483,8872.517468873342,8865.182423748429,8794.599468671617,9210.614,Model 1,test
St. Vincent and the Grenadines,VCT,Latin America & Caribbean ,2019,2020,8351.2032,9140.3251,9193.591971406928,9185.984003273386,8814.002194989454,9210.614,Model 1,test
St. Vincent and the Grenadines,VCT,Latin America & Caribbean ,2020,2021,8641.279,8711.8386,8755.011141519366,8748.194194841763,8889.875053267691,8584.05,Model 1,test
St. Vincent and the Grenadines,VCT,Latin America & Caribbean ,2021,2022,9693.5587,8997.839,9039.102065241275,9032.202523937747,9110.973238043442,9217.073,Model 1,test
St. Vincent and the Grenadines,VCT,Latin America & Caribbean ,2022,2023,10582.3657,10120.5533,10179.50806724716,10170.9657085907,10899.4612737288,10398.852,Model 1,test
Viet Nam,VNM,East Asia & Pacific,2018,2019,3440.9003,3427.4055,3429.4970580634576,3430.2937186936742,3616.7039558217743,3534.8743,Model 1,test
Viet Nam,VNM,East Asia & Pacific,2019,2020,3534.0395,3655.9118,3657.994038275325,3658.8326812193354,3953.400330698855,3840.5588,Model 1,test
Viet Nam,VNM,East Asia & Pacific,2020,2021,3704.1936,3763.4939,3768.444388183483,3769.155812410216,3971.9729926784607,4026.975,Model 1,test
Viet Nam,VNM,East Asia & Pacific,2021,2022,4147.6978,3928.9574,3930.4679959701903,3931.387150145672,4360.926783433666,4147.7183,Model 1,test
Viet Nam,VNM,East Asia & Pacific,2022,2023,4323.3503,4392.9379,4394.868473176885,4395.840450579052,4697.644629120113,4489.0405,Model 1,test
South Africa,ZAF,Sub-Saharan Africa ,2018,2019,6533.7112,7099.2772,7059.188349740055,7062.280588586079,7654.876135062699,7051.686,Model 1,test
South Africa,ZAF,Sub-Saharan Africa ,2019,2020,5580.6038,6721.8969,6685.966683490796,6688.836140059196,6972.886532908312,6699.8867,Model 1,test
South Africa,ZAF,Sub-Saharan Africa ,2020,2021,6828.7562,5746.8854,5713.880228628038,5716.545725003792,6090.965510802939,5673.7646,Model 1,test
South Africa,ZAF,Sub-Saharan Africa ,2021,2022,6534.2487,6949.5677,6892.533610737327,6896.523035004762,6887.801426186844,6479.0737,Model 1,test
South Africa,ZAF,Sub-Saharan Africa ,2022,2023,6034.2721,6711.8363,6672.751903949631,6675.814305471315,6928.934996491669,6346.7866,Model 1,test
Zambia,ZMB,Sub-Saharan Africa ,2018,2019,1258.9862,1541.2091,1534.878316259288,1535.464922670077,1484.058483609938,1349.715,Model 1,test
Zambia,ZMB,Sub-Saharan Africa ,2019,2020,951.6443,1332.0376,1327.5336338050918,1328.013171702763,1307.4752995888214,1284.5638,Model 1,test
Zambia,ZMB,Sub-Saharan Africa ,2020,2021,1127.1608,1013.7212,1011.010582402436,1011.3677876886384,987.0055849786212,1005.81,Model 1,test
Zambia,ZMB,Sub-Saharan Africa ,2021,2022,1447.1231,1193.5592,1189.19576486156,1189.6616893552036,1278.639894719042,1172.5526,Model 1,test
Zambia,ZMB,Sub-Saharan Africa ,2022,2023,1330.7278,1535.3358,1532.1081651149286,1532.5522081144122,1486.4974230207608,1546.8561,Model 1,test
Zimbabwe,ZWE,Sub-Saharan Africa ,2018,2019,2184.3292,2362.9446,2350.1769508295524,2351.0956585931735,2407.0209246421296,2319.8506,Model 1,test
Zimbabwe,ZWE,Sub-Saharan Africa ,2019,2020,2059.6745,2275.4805,2263.5161346122873,2264.3955263981607,2412.7491496884195,2189.4326,Model 1,test
Zimbabwe,ZWE,Sub-Saharan Africa ,2020,2021,2613.6054,2150.619,2140.149696949517,2140.9527340032428,2321.99380388626,2150.74,Model 1,test
Zimbabwe,ZWE,Sub-Saharan Africa ,2021,2022,2536.4005,2706.4,2689.5901418226695,2690.7338797154366,2644.9654226636108,2562.2336,Model 1,test
Zimbabwe,ZWE,Sub-Saharan Africa ,2022,2023,2195.2249,2642.2925,2629.935381122902,2630.8537087052728,2567.927528521947,2571.503,Model 1,test
