country_name,country_code,wb_region,year,actual,predicted
Aruba,ABW,Latin America & Caribbean ,1996,16620.9545555513,16548.7173868987
Aruba,ABW,Latin America & Caribbean ,1997,17750.0095644198,16620.9545555513
Aruba,ABW,Latin America & Caribbean ,1998,18828.0870594071,17750.0095644198
Aruba,ABW,Latin America & Caribbean ,1999,19216.1972354472,18828.0870594071
Aruba,ABW,Latin America & Caribbean ,2000,20681.0230269625,19216.1972354472
Aruba,ABW,Latin America & Caribbean ,2001,20740.1325828172,20681.0230269625
Aruba,ABW,Latin America & Caribbean ,2002,21307.2482505267,20740.1325828172
Aruba,ABW,Latin America & Caribbean ,2003,21949.4859960868,21307.2482505267
Aruba,ABW,Latin America & Caribbean ,2004,23700.6319899197,21949.4859960868
Aruba,ABW,Latin America & Caribbean ,2005,24171.8371325422,23700.6319899197
Aruba,ABW,Latin America & Caribbean ,2006,24845.65848362,24171.8371325422
Aruba,ABW,Latin America & Caribbean ,2007,26736.3089444046,24845.65848362
Aruba,ABW,Latin America & Caribbean ,2008,28171.9094008501,26736.3089444046
Aruba,ABW,Latin America & Caribbean ,2009,25134.7712303589,28171.9094008501
Aruba,ABW,Latin America & Caribbean ,2010,24093.1401510626,25134.7712303589
Aruba,ABW,Latin America & Caribbean ,2011,25712.3843015186,24093.1401510626
Aruba,ABW,Latin America & Caribbean ,2012,25119.6655449838,25712.3843015186
Aruba,ABW,Latin America & Caribbean ,2013,25813.5714408438,25119.6655449838
Aruba,ABW,Latin America & Caribbean ,2014,26129.8390617693,25813.5714408438
Aruba,ABW,Latin America & Caribbean ,2015,27458.2201537506,26129.8390617693
Aruba,ABW,Latin America & Caribbean ,2016,27441.5502144601,27458.2201537506
Aruba,ABW,Latin America & Caribbean ,2017,28440.0416881491,27441.5502144601
Aruba,ABW,Latin America & Caribbean ,2018,30082.1584226798,28440.0416881491
Aruba,ABW,Latin America & Caribbean ,2019,30645.8906024548,30082.1584226798
Aruba,ABW,Latin America & Caribbean ,2020,22759.8071750722,30645.8906024548
Aruba,ABW,Latin America & Caribbean ,2021,26749.3296093118,22759.8071750722
Aruba,ABW,Latin America & Caribbean ,2022,30975.9989121779,26749.3296093118
Aruba,ABW,Latin America & Caribbean ,2023,35718.7531191634,30975.9989121779
Aruba,ABW,Latin America & Caribbean ,2024,39498.5941293797,35718.7531191634
Afghanistan,AFG,"Middle East, North Africa, Afghanistan & Pakistan",2010,560.621505463146,452.053705477043
Afghanistan,AFG,"Middle East, North Africa, Afghanistan & Pakistan",2011,606.694676337726,560.621505463146
Afghanistan,AFG,"Middle East, North Africa, Afghanistan & Pakistan",2012,651.417134470046,606.694676337726
Afghanistan,AFG,"Middle East, North Africa, Afghanistan & Pakistan",2013,637.087099117099,651.417134470046
Afghanistan,AFG,"Middle East, North Africa, Afghanistan & Pakistan",2014,625.054941813938,637.087099117099
Afghanistan,AFG,"Middle East, North Africa, Afghanistan & Pakistan",2015,565.569730408751,625.054941813938
Afghanistan,AFG,"Middle East, North Africa, Afghanistan & Pakistan",2016,522.082215583898,565.569730408751
Afghanistan,AFG,"Middle East, North Africa, Afghanistan & Pakistan",2017,525.469770891619,522.082215583898
Afghanistan,AFG,"Middle East, North Africa, Afghanistan & Pakistan",2018,491.337221382603,525.469770891619
Afghanistan,AFG,"Middle East, North Africa, Afghanistan & Pakistan",2019,496.6025042585,491.337221382603
Afghanistan,AFG,"Middle East, North Africa, Afghanistan & Pakistan",2020,510.787063366811,496.6025042585
Afghanistan,AFG,"Middle East, North Africa, Afghanistan & Pakistan",2021,356.496214115892,510.787063366811
Afghanistan,AFG,"Middle East, North Africa, Afghanistan & Pakistan",2022,357.261152798144,356.496214115892
Afghanistan,AFG,"Middle East, North Africa, Afghanistan & Pakistan",2023,413.757894705303,357.261152798144
Angola,AGO,Sub-Saharan Africa ,1990,965.866840464665,907.747893072936
Angola,AGO,Sub-Saharan Africa ,1991,881.919488130062,965.866840464665
Angola,AGO,Sub-Saharan Africa ,1992,668.706017459877,881.919488130062
Angola,AGO,Sub-Saharan Africa ,1993,449.727894936295,668.706017459877
Angola,AGO,Sub-Saharan Africa ,1994,334.973590276074,449.727894936295
Angola,AGO,Sub-Saharan Africa ,1995,404.29481849612,334.973590276074
Angola,AGO,Sub-Saharan Africa ,1996,531.115366543271,404.29481849612
Angola,AGO,Sub-Saharan Africa ,1997,521.70291489053,531.115366543271
Angola,AGO,Sub-Saharan Africa ,1998,429.188126933192,521.70291489053
Angola,AGO,Sub-Saharan Africa ,1999,392.725539027496,429.188126933192
Angola,AGO,Sub-Saharan Africa ,2000,563.733795571487,392.725539027496
Angola,AGO,Sub-Saharan Africa ,2001,533.586202412447,563.733795571487
Angola,AGO,Sub-Saharan Africa ,2002,999.065855913758,533.586202412447
Angola,AGO,Sub-Saharan Africa ,2003,1133.66331960607,999.065855913758
Angola,AGO,Sub-Saharan Africa ,2004,1451.47117872493,1133.66331960607
Angola,AGO,Sub-Saharan Africa ,2005,2145.88621096327,1451.47117872493
Angola,AGO,Sub-Saharan Africa ,2006,2930.4442860732,2145.88621096327
Angola,AGO,Sub-Saharan Africa ,2007,3515.05678986535,2930.4442860732
Angola,AGO,Sub-Saharan Africa ,2008,4578.15526451517,3515.05678986535
Angola,AGO,Sub-Saharan Africa ,2009,3645.14846562976,4578.15526451517
Angola,AGO,Sub-Saharan Africa ,2010,4101.63715566712,3645.14846562976
Angola,AGO,Sub-Saharan Africa ,2011,5184.15269149912,4101.63715566712
Angola,AGO,Sub-Saharan Africa ,2012,5702.45306277434,5184.15269149912
Angola,AGO,Sub-Saharan Africa ,2013,5688.57916215215,5702.45306277434
Angola,AGO,Sub-Saharan Africa ,2014,5649.68762469139,5688.57916215215
Angola,AGO,Sub-Saharan Africa ,2015,3641.72893919944,5649.68762469139
Angola,AGO,Sub-Saharan Africa ,2016,2051.81462126253,3641.72893919944
Angola,AGO,Sub-Saharan Africa ,2017,2790.71886869768,2051.81462126253
Angola,AGO,Sub-Saharan Africa ,2018,2860.0936483682,2790.71886869768
Angola,AGO,Sub-Saharan Africa ,2019,2493.67884440177,2860.0936483682
Angola,AGO,Sub-Saharan Africa ,2020,1759.35619918264,2493.67884440177
Angola,AGO,Sub-Saharan Africa ,2021,2303.90812662776,1759.35619918264
Angola,AGO,Sub-Saharan Africa ,2022,3682.1131513698,2303.90812662776
Angola,AGO,Sub-Saharan Africa ,2023,2916.13663284275,3682.1131513698
Angola,AGO,Sub-Saharan Africa ,2024,2665.87444776753,2916.13663284275
Albania,ALB,Europe & Central Asia,1990,617.230435515505,697.995596576519
Albania,ALB,Europe & Central Asia,1991,336.586994504629,617.230435515505
Albania,ALB,Europe & Central Asia,1992,200.852219772323,336.586994504629
Albania,ALB,Europe & Central Asia,1993,367.279225077581,200.852219772323
Albania,ALB,Europe & Central Asia,1994,586.416135130865,367.279225077581
Albania,ALB,Europe & Central Asia,1995,911.320465445326,586.416135130865
Albania,ALB,Europe & Central Asia,1996,1020.97618050188,911.320465445326
Albania,ALB,Europe & Central Asia,1997,728.545523729675,1020.97618050188
Albania,ALB,Europe & Central Asia,1998,831.175344077295,728.545523729675
Albania,ALB,Europe & Central Asia,1999,1056.34481153033,831.175344077295
Albania,ALB,Europe & Central Asia,2000,1160.42047054038,1056.34481153033
Albania,ALB,Europe & Central Asia,2001,1326.41652388077,1160.42047054038
Albania,ALB,Europe & Central Asia,2002,1479.83884572006,1326.41652388077
Albania,ALB,Europe & Central Asia,2003,1908.69900687608,1479.83884572006
Albania,ALB,Europe & Central Asia,2004,2446.90949947798,1908.69900687608
Albania,ALB,Europe & Central Asia,2005,2741.72136549578,2446.90949947798
Albania,ALB,Europe & Central Asia,2006,3057.77257038113,2741.72136549578
Albania,ALB,Europe & Central Asia,2007,3743.05529896187,3057.77257038113
Albania,ALB,Europe & Central Asia,2008,4498.50486763601,3743.05529896187
Albania,ALB,Europe & Central Asia,2009,4213.65007574693,4498.50486763601
Albania,ALB,Europe & Central Asia,2010,4149.14469936847,4213.65007574693
Albania,ALB,Europe & Central Asia,2011,4465.70914328865,4149.14469936847
Albania,ALB,Europe & Central Asia,2012,4280.93316338873,4465.70914328865
Albania,ALB,Europe & Central Asia,2013,4542.92903556739,4280.93316338873
Albania,ALB,Europe & Central Asia,2014,4793.59751131525,4542.92903556739
Albania,ALB,Europe & Central Asia,2015,4199.53912925398,4793.59751131525
Albania,ALB,Europe & Central Asia,2016,4457.63412207495,4199.53912925398
Albania,ALB,Europe & Central Asia,2017,5006.36012951959,4457.63412207495
Albania,ALB,Europe & Central Asia,2018,5897.65452588774,5006.36012951959
Albania,ALB,Europe & Central Asia,2019,6069.43903131027,5897.65452588774
Albania,ALB,Europe & Central Asia,2020,6027.91350716348,6069.43903131027
Albania,ALB,Europe & Central Asia,2021,7242.45513146613,6027.91350716348
Albania,ALB,Europe & Central Asia,2022,7756.96188744253,7242.45513146613
Albania,ALB,Europe & Central Asia,2023,9730.86921906893,7756.96188744253
Albania,ALB,Europe & Central Asia,2024,11377.7757431099,9730.86921906893
Andorra,AND,Europe & Central Asia,1980,12474.9252919904,11996.4072860354
Andorra,AND,Europe & Central Asia,1981,10465.2604643624,12474.9252919904
Andorra,AND,Europe & Central Asia,1982,9697.52201994133,10465.2604643624
Andorra,AND,Europe & Central Asia,1983,8082.09152017435,9697.52201994133
Andorra,AND,Europe & Central Asia,1984,7808.13002713549,8082.09152017435
Andorra,AND,Europe & Central Asia,1985,7911.98436223964,7808.13002713549
Andorra,AND,Europe & Central Asia,1986,10539.1177869653,7911.98436223964
Andorra,AND,Europe & Central Asia,1987,12828.1519430152,10539.1177869653
Andorra,AND,Europe & Central Asia,1988,14599.0355178798,12828.1519430152
Andorra,AND,Europe & Central Asia,1989,15714.9265516576,14599.0355178798
Andorra,AND,Europe & Central Asia,1990,19563.6574722488,15714.9265516576
Andorra,AND,Europe & Central Asia,1991,19533.2620668023,19563.6574722488
Andorra,AND,Europe & Central Asia,1992,20099.5352208543,19533.2620668023
Andorra,AND,Europe & Central Asia,1993,15916.8395162087,20099.5352208543
Andorra,AND,Europe & Central Asia,1994,15748.5307503373,15916.8395162087
Andorra,AND,Europe & Central Asia,1995,18443.2545197741,15748.5307503373
Andorra,AND,Europe & Central Asia,1996,19130.1597151312,18443.2545197741
Andorra,AND,Europe & Central Asia,1997,18247.9995651361,19130.1597151312
Andorra,AND,Europe & Central Asia,1998,18536.5084282698,18247.9995651361
Andorra,AND,Europe & Central Asia,1999,18875.2883698571,18536.5084282698
Andorra,AND,Europe & Central Asia,2000,21810.2503808666,18875.2883698571
Andorra,AND,Europe & Central Asia,2001,23511.2969500881,21810.2503808666
Andorra,AND,Europe & Central Asia,2002,26528.1300628236,23511.2969500881
Andorra,AND,Europe & Central Asia,2003,34063.575598394,26528.1300628236
Andorra,AND,Europe & Central Asia,2004,39021.1107100919,34063.575598394
Andorra,AND,Europe & Central Asia,2005,40829.8116399538,39021.1107100919
Andorra,AND,Europe & Central Asia,2006,43467.1963063068,40829.8116399538
Andorra,AND,Europe & Central Asia,2007,48336.2548304926,43467.1963063068
Andorra,AND,Europe & Central Asia,2008,49132.4925840057,48336.2548304926
Andorra,AND,Europe & Central Asia,2009,43975.0000888133,49132.4925840057
Andorra,AND,Europe & Central Asia,2010,42746.830391567,43975.0000888133
Andorra,AND,Europe & Central Asia,2011,46657.1495384811,42746.830391567
Andorra,AND,Europe & Central Asia,2012,41500.5499988288,46657.1495384811
Andorra,AND,Europe & Central Asia,2013,42470.3230369366,41500.5499988288
Andorra,AND,Europe & Central Asia,2014,44369.6712976777,42470.3230369366
Andorra,AND,Europe & Central Asia,2015,38654.95287916,44369.6712976777
Andorra,AND,Europe & Central Asia,2016,40129.8385811474,38654.95287916
Andorra,AND,Europe & Central Asia,2017,40672.9717424447,40129.8385811474
Andorra,AND,Europe & Central Asia,2018,42819.7577456133,40672.9717424447
Andorra,AND,Europe & Central Asia,2019,41257.816459345,42819.7577456133
Andorra,AND,Europe & Central Asia,2020,37361.1070081615,41257.816459345
Andorra,AND,Europe & Central Asia,2021,42425.7066454357,37361.1070081615
Andorra,AND,Europe & Central Asia,2022,42414.0479861228,42425.7066454357
Andorra,AND,Europe & Central Asia,2023,46812.4261013102,42414.0479861228
Andorra,AND,Europe & Central Asia,2024,49303.6491674336,46812.4261013102
United Arab Emirates,ARE,"Middle East, North Africa, Afghanistan & Pakistan",1980,42925.2338784407,34238.2864453187
United Arab Emirates,ARE,"Middle East, North Africa, Afghanistan & Pakistan",1981,44854.4800315615,42925.2338784407
United Arab Emirates,ARE,"Middle East, North Africa, Afghanistan & Pakistan",1982,39972.4946674594,44854.4800315615
United Arab Emirates,ARE,"Middle East, North Africa, Afghanistan & Pakistan",1983,34650.0041245988,39972.4946674594
United Arab Emirates,ARE,"Middle East, North Africa, Afghanistan & Pakistan",1984,32012.3141540273,34650.0041245988
United Arab Emirates,ARE,"Middle East, North Africa, Afghanistan & Pakistan",1985,29467.5419758929,32012.3141540273
United Arab Emirates,ARE,"Middle East, North Africa, Afghanistan & Pakistan",1986,23132.0739675988,29467.5419758929
United Arab Emirates,ARE,"Middle East, North Africa, Afghanistan & Pakistan",1987,23112.623420646,23132.0739675988
United Arab Emirates,ARE,"Middle East, North Africa, Afghanistan & Pakistan",1988,21569.7068852997,23112.623420646
United Arab Emirates,ARE,"Middle East, North Africa, Afghanistan & Pakistan",1989,23166.7305903787,21569.7068852997
United Arab Emirates,ARE,"Middle East, North Africa, Afghanistan & Pakistan",1990,26709.993440327,23166.7305903787
United Arab Emirates,ARE,"Middle East, North Africa, Afghanistan & Pakistan",1991,25690.9686321448,26709.993440327
United Arab Emirates,ARE,"Middle East, North Africa, Afghanistan & Pakistan",1992,25648.2727760844,25690.9686321448
United Arab Emirates,ARE,"Middle East, North Africa, Afghanistan & Pakistan",1993,25032.7822702907,25648.2727760844
United Arab Emirates,ARE,"Middle East, North Africa, Afghanistan & Pakistan",1994,25472.6396578979,25032.7822702907
United Arab Emirates,ARE,"Middle East, North Africa, Afghanistan & Pakistan",1995,27003.2006807782,25472.6396578979
United Arab Emirates,ARE,"Middle East, North Africa, Afghanistan & Pakistan",1996,28323.1650870532,27003.2006807782
United Arab Emirates,ARE,"Middle East, North Africa, Afghanistan & Pakistan",1997,27982.7957040564,28323.1650870532
United Arab Emirates,ARE,"Middle East, North Africa, Afghanistan & Pakistan",1998,24889.4269192279,27982.7957040564
United Arab Emirates,ARE,"Middle East, North Africa, Afghanistan & Pakistan",1999,25855.8605046587,24889.4269192279
United Arab Emirates,ARE,"Middle East, North Africa, Afghanistan & Pakistan",2000,29865.502347066,25855.8605046587
United Arab Emirates,ARE,"Middle East, North Africa, Afghanistan & Pakistan",2001,27745.1708087672,29865.502347066
United Arab Emirates,ARE,"Middle East, North Africa, Afghanistan & Pakistan",2002,27753.6089526346,27745.1708087672
United Arab Emirates,ARE,"Middle East, North Africa, Afghanistan & Pakistan",2003,29659.5428567811,27753.6089526346
United Arab Emirates,ARE,"Middle East, North Africa, Afghanistan & Pakistan",2004,33376.7152295209,29659.5428567811
United Arab Emirates,ARE,"Middle East, North Africa, Afghanistan & Pakistan",2005,38719.3138307623,33376.7152295209
United Arab Emirates,ARE,"Middle East, North Africa, Afghanistan & Pakistan",2006,44342.6048322482,38719.3138307623
United Arab Emirates,ARE,"Middle East, North Africa, Afghanistan & Pakistan",2007,45854.7325158162,44342.6048322482
United Arab Emirates,ARE,"Middle East, North Africa, Afghanistan & Pakistan",2008,50054.1700681803,45854.7325158162
United Arab Emirates,ARE,"Middle East, North Africa, Afghanistan & Pakistan",2009,37803.0663738777,50054.1700681803
United Arab Emirates,ARE,"Middle East, North Africa, Afghanistan & Pakistan",2010,44795.2949302268,37803.0663738777
United Arab Emirates,ARE,"Middle East, North Africa, Afghanistan & Pakistan",2011,51921.904511613,44795.2949302268
United Arab Emirates,ARE,"Middle East, North Africa, Afghanistan & Pakistan",2012,53141.6124340099,51921.904511613
United Arab Emirates,ARE,"Middle East, North Africa, Afghanistan & Pakistan",2013,53247.2409495441,53141.6124340099
United Arab Emirates,ARE,"Middle East, North Africa, Afghanistan & Pakistan",2014,52725.2358407934,53247.2409495441
United Arab Emirates,ARE,"Middle East, North Africa, Afghanistan & Pakistan",2015,44910.334995523,52725.2358407934
United Arab Emirates,ARE,"Middle East, North Africa, Afghanistan & Pakistan",2016,42721.0999383185,44910.334995523
United Arab Emirates,ARE,"Middle East, North Africa, Afghanistan & Pakistan",2017,43733.6192287435,42721.0999383185
United Arab Emirates,ARE,"Middle East, North Africa, Afghanistan & Pakistan",2018,47135.3591943971,43733.6192287435
United Arab Emirates,ARE,"Middle East, North Africa, Afghanistan & Pakistan",2019,45938.6073581994,47135.3591943971
United Arab Emirates,ARE,"Middle East, North Africa, Afghanistan & Pakistan",2020,37991.7492971665,45938.6073581994
United Arab Emirates,ARE,"Middle East, North Africa, Afghanistan & Pakistan",2021,44118.5047192771,37991.7492971665
United Arab Emirates,ARE,"Middle East, North Africa, Afghanistan & Pakistan",2022,50759.7589231191,44118.5047192771
United Arab Emirates,ARE,"Middle East, North Africa, Afghanistan & Pakistan",2023,49850.6872175164,50759.7589231191
United Arab Emirates,ARE,"Middle East, North Africa, Afghanistan & Pakistan",2024,50273.5060469837,49850.6872175164
Argentina,ARG,Latin America & Caribbean ,1970,1322.71454216808,1329.56181832409
Argentina,ARG,Latin America & Caribbean ,1971,1372.50746646061,1322.71454216808
Argentina,ARG,Latin America & Caribbean ,1972,1409.37097316211,1372.50746646061
Argentina,ARG,Latin America & Caribbean ,1973,2097.89945010806,1409.37097316211
Argentina,ARG,Latin America & Caribbean ,1974,2844.96990526761,2097.89945010806
Argentina,ARG,Latin America & Caribbean ,1975,2026.68435752865,2844.96990526761
Argentina,ARG,Latin America & Caribbean ,1976,1946.91990388248,2026.68435752865
Argentina,ARG,Latin America & Caribbean ,1977,2126.48546048047,1946.91990388248
Argentina,ARG,Latin America & Caribbean ,1978,3282.06304446289,2126.48546048047
Argentina,ARG,Latin America & Caribbean ,1979,2511.97332905958,3282.06304446289
Argentina,ARG,Latin America & Caribbean ,1980,2747.5022751674,2511.97332905958
Argentina,ARG,Latin America & Caribbean ,1981,2764.08641421079,2747.5022751674
Argentina,ARG,Latin America & Caribbean ,1982,2914.76708504176,2764.08641421079
Argentina,ARG,Latin America & Caribbean ,1983,3537.7473459832,2914.76708504176
Argentina,ARG,Latin America & Caribbean ,1984,3915.03492645691,3537.7473459832
Argentina,ARG,Latin America & Caribbean ,1985,2905.77565536137,3915.03492645691
Argentina,ARG,Latin America & Caribbean ,1986,3436.07819471053,2905.77565536137
Argentina,ARG,Latin America & Caribbean ,1987,3477.30131979313,3436.07819471053
Argentina,ARG,Latin America & Caribbean ,1988,3992.70330179156,3477.30131979313
Argentina,ARG,Latin America & Caribbean ,1989,2374.57321551641,3992.70330179156
Argentina,ARG,Latin America & Caribbean ,1990,4315.33403111588,2374.57321551641
Argentina,ARG,Latin America & Caribbean ,1991,5709.24784079504,4315.33403111588
Argentina,ARG,Latin America & Caribbean ,1992,6789.99611136495,5709.24784079504
Argentina,ARG,Latin America & Caribbean ,1993,6931.85596375876,6789.99611136495
Argentina,ARG,Latin America & Caribbean ,1994,7437.56242327594,6931.85596375876
Argentina,ARG,Latin America & Caribbean ,1995,7357.6162773788,7437.56242327594
Argentina,ARG,Latin America & Caribbean ,1996,7663.21271287469,7357.6162773788
Argentina,ARG,Latin America & Caribbean ,1997,8146.78710021431,7663.21271287469
Argentina,ARG,Latin America & Caribbean ,1998,8218.99212764682,8146.78710021431
Argentina,ARG,Latin America & Caribbean ,1999,7705.54288252851,8218.99212764682
Argentina,ARG,Latin America & Caribbean ,2000,7637.01489203628,7705.54288252851
Argentina,ARG,Latin America & Caribbean ,2001,7141.47507662826,7637.01489203628
Argentina,ARG,Latin America & Caribbean ,2002,2569.69963519124,7141.47507662826
Argentina,ARG,Latin America & Caribbean ,2003,3320.47775133903,2569.69963519124
Argentina,ARG,Latin America & Caribbean ,2004,4242.02099089422,3320.47775133903
Argentina,ARG,Latin America & Caribbean ,2005,5067.65342293276,4242.02099089422
Argentina,ARG,Latin America & Caribbean ,2006,5869.38028970204,5067.65342293276
Argentina,ARG,Latin America & Caribbean ,2007,7185.25155147027,5869.38028970204
Argentina,ARG,Latin America & Caribbean ,2008,8944.1102657357,7185.25155147027
Argentina,ARG,Latin America & Caribbean ,2009,8150.23527028221,8944.1102657357
Argentina,ARG,Latin America & Caribbean ,2010,10260.1313108254,8150.23527028221
Argentina,ARG,Latin America & Caribbean ,2011,12704.2831819684,10260.1313108254
Argentina,ARG,Latin America & Caribbean ,2012,12949.717486654,12704.2831819684
Argentina,ARG,Latin America & Caribbean ,2013,12963.675773326,12949.717486654
Argentina,ARG,Latin America & Caribbean ,2014,12233.1444119186,12963.675773326
Argentina,ARG,Latin America & Caribbean ,2015,13679.6264980954,12233.1444119186
Argentina,ARG,Latin America & Caribbean ,2016,12699.9623137756,13679.6264980954
Argentina,ARG,Latin America & Caribbean ,2017,14532.5009308511,12699.9623137756
Argentina,ARG,Latin America & Caribbean ,2018,11752.7998922979,14532.5009308511
Argentina,ARG,Latin America & Caribbean ,2019,9955.97478680428,11752.7998922979
Argentina,ARG,Latin America & Caribbean ,2020,8535.59938004389,9955.97478680428
Argentina,ARG,Latin America & Caribbean ,2021,10738.0179223384,8535.59938004389
Argentina,ARG,Latin America & Caribbean ,2022,13962.1894087223,10738.0179223384
Argentina,ARG,Latin America & Caribbean ,2023,14261.8465667948,13962.1894087223
Argentina,ARG,Latin America & Caribbean ,2024,13969.7836603737,14261.8465667948
Armenia,ARM,Europe & Central Asia,2000,593.450581742282,582.669886150895
Armenia,ARM,Europe & Central Asia,2001,659.588988535629,593.450581742282
Armenia,ARM,Europe & Central Asia,2002,742.651118319819,659.588988535629
Armenia,ARM,Europe & Central Asia,2003,882.030167695474,742.651118319819
Armenia,ARM,Europe & Central Asia,2004,1130.08791444158,882.030167695474
Armenia,ARM,Europe & Central Asia,2005,1557.48458908655,1130.08791444158
Armenia,ARM,Europe & Central Asia,2006,2041.65267068997,1557.48458908655
Armenia,ARM,Europe & Central Asia,2007,2962.70234594569,2041.65267068997
Armenia,ARM,Europe & Central Asia,2008,3777.66859313767,2962.70234594569
Armenia,ARM,Europe & Central Asia,2009,2820.5926553347,3777.66859313767
Armenia,ARM,Europe & Central Asia,2010,3041.34450723339,2820.5926553347
Armenia,ARM,Europe & Central Asia,2011,3349.55309771906,3041.34450723339
Armenia,ARM,Europe & Central Asia,2012,3511.56399687426,3349.55309771906
Armenia,ARM,Europe & Central Asia,2013,3680.16692158886,3511.56399687426
Armenia,ARM,Europe & Central Asia,2014,3852.11800610384,3680.16692158886
Armenia,ARM,Europe & Central Asia,2015,3512.39350276709,3852.11800610384
Armenia,ARM,Europe & Central Asia,2016,3524.42476874707,3512.39350276709
Armenia,ARM,Europe & Central Asia,2017,3869.05373867752,3524.42476874707
Armenia,ARM,Europe & Central Asia,2018,4196.00562301769,3869.05373867752
Armenia,ARM,Europe & Central Asia,2019,4597.22887399548,4196.00562301769
Armenia,ARM,Europe & Central Asia,2020,4268.68093304583,4597.22887399548
Armenia,ARM,Europe & Central Asia,2021,4685.17997128509,4268.68093304583
Armenia,ARM,Europe & Central Asia,2022,6571.97445545099,4685.17997128509
Armenia,ARM,Europe & Central Asia,2023,8159.08720967996,6571.97445545099
Armenia,ARM,Europe & Central Asia,2024,8556.21406956719,8159.08720967996
American Samoa,ASM,East Asia & Pacific,2012,11745.4899153958,10383.459331451
American Samoa,ASM,East Asia & Pacific,2013,11813.5022034589,11745.4899153958
American Samoa,ASM,East Asia & Pacific,2014,12026.3344929488,11813.5022034589
American Samoa,ASM,East Asia & Pacific,2015,12727.4102651386,12026.3344929488
American Samoa,ASM,East Asia & Pacific,2016,12843.3342903627,12727.4102651386
American Samoa,ASM,East Asia & Pacific,2017,11863.6839452565,12843.3342903627
American Samoa,ASM,East Asia & Pacific,2018,12552.0546868861,11863.6839452565
American Samoa,ASM,East Asia & Pacific,2019,12886.1359517218,12552.0546868861
American Samoa,ASM,East Asia & Pacific,2020,14489.2586563775,12886.1359517218
American Samoa,ASM,East Asia & Pacific,2021,15236.1604875571,14489.2586563775
American Samoa,ASM,East Asia & Pacific,2022,18017.4589383973,15236.1604875571
Antigua and Barbuda,ATG,Latin America & Caribbean ,1987,5424.36847756962,4629.45676400154
Antigua and Barbuda,ATG,Latin America & Caribbean ,1988,6466.15683473424,5424.36847756962
Antigua and Barbuda,ATG,Latin America & Caribbean ,1989,7187.90484128028,6466.15683473424
Antigua and Barbuda,ATG,Latin America & Caribbean ,1990,7590.75442423046,7187.90484128028
Antigua and Barbuda,ATG,Latin America & Caribbean ,1991,7956.47430919648,7590.75442423046
Antigua and Barbuda,ATG,Latin America & Caribbean ,1992,8153.73786307269,7956.47430919648
Antigua and Barbuda,ATG,Latin America & Caribbean ,1993,8624.62016806628,8153.73786307269
Antigua and Barbuda,ATG,Latin America & Caribbean ,1994,9351.48753768505,8624.62016806628
Antigua and Barbuda,ATG,Latin America & Caribbean ,1995,9034.47552907143,9351.48753768505
Antigua and Barbuda,ATG,Latin America & Caribbean ,1996,9756.08717951992,9034.47552907143
Antigua and Barbuda,ATG,Latin America & Caribbean ,1997,10336.2591617838,9756.08717951992
Antigua and Barbuda,ATG,Latin America & Caribbean ,1998,10906.8785406961,10336.2591617838
Antigua and Barbuda,ATG,Latin America & Caribbean ,1999,11342.3349230913,10906.8785406961
Antigua and Barbuda,ATG,Latin America & Caribbean ,2000,12027.4949768222,11342.3349230913
Antigua and Barbuda,ATG,Latin America & Caribbean ,2001,11539.1825063308,12027.4949768222
Antigua and Barbuda,ATG,Latin America & Caribbean ,2002,11658.6949915956,11539.1825063308
Antigua and Barbuda,ATG,Latin America & Caribbean ,2003,12173.2319860305,11658.6949915956
Antigua and Barbuda,ATG,Latin America & Caribbean ,2004,13037.8895772257,12173.2319860305
Antigua and Barbuda,ATG,Latin America & Caribbean ,2005,14368.5708796058,13037.8895772257
Antigua and Barbuda,ATG,Latin America & Caribbean ,2006,16173.8136329968,14368.5708796058
Antigua and Barbuda,ATG,Latin America & Caribbean ,2007,18204.5124043068,16173.8136329968
Antigua and Barbuda,ATG,Latin America & Caribbean ,2008,18786.6743142216,18204.5124043068
Antigua and Barbuda,ATG,Latin America & Caribbean ,2009,16472.2478528568,18786.6743142216
Antigua and Barbuda,ATG,Latin America & Caribbean ,2010,15217.3950790922,16472.2478528568
Antigua and Barbuda,ATG,Latin America & Caribbean ,2011,14911.7275084471,15217.3950790922
Antigua and Barbuda,ATG,Latin America & Caribbean ,2012,15639.8078114787,14911.7275084471
Antigua and Barbuda,ATG,Latin America & Caribbean ,2013,15051.5113587425,15639.8078114787
Antigua and Barbuda,ATG,Latin America & Caribbean ,2014,15532.1062063584,15051.5113587425
Antigua and Barbuda,ATG,Latin America & Caribbean ,2015,16077.6340769406,15532.1062063584
Antigua and Barbuda,ATG,Latin America & Caribbean ,2016,16556.8551801588,16077.6340769406
Antigua and Barbuda,ATG,Latin America & Caribbean ,2017,16965.7288273816,16556.8551801588
Antigua and Barbuda,ATG,Latin America & Caribbean ,2018,18273.4270684912,16965.7288273816
Antigua and Barbuda,ATG,Latin America & Caribbean ,2019,18896.3721832248,18273.4270684912
Antigua and Barbuda,ATG,Latin America & Caribbean ,2020,15369.6082250401,18896.3721832248
Antigua and Barbuda,ATG,Latin America & Caribbean ,2021,17348.6006987182,15369.6082250401
Antigua and Barbuda,ATG,Latin America & Caribbean ,2022,20105.1989085164,17348.6006987182
Antigua and Barbuda,ATG,Latin America & Caribbean ,2023,21494.5474000727,20105.1989085164
Antigua and Barbuda,ATG,Latin America & Caribbean ,2024,23542.4526945578,21494.5474000727
Australia,AUS,East Asia & Pacific,1970,3309.76306254362,2995.86119857452
Australia,AUS,East Asia & Pacific,1971,3500.33603195606,3309.76306254362
Australia,AUS,East Asia & Pacific,1972,3955.22430403017,3500.33603195606
Australia,AUS,East Asia & Pacific,1973,4777.513168995,3955.22430403017
Australia,AUS,East Asia & Pacific,1974,6491.74521621099,4777.513168995
Australia,AUS,East Asia & Pacific,1975,7013.67159761514,6491.74521621099
Australia,AUS,East Asia & Pacific,1976,7497.28175413577,7013.67159761514
Australia,AUS,East Asia & Pacific,1977,7786.4080406928,7497.28175413577
Australia,AUS,East Asia & Pacific,1978,8264.43890373653,7786.4080406928
Australia,AUS,East Asia & Pacific,1979,9307.82127950011,8264.43890373653
Australia,AUS,East Asia & Pacific,1980,10223.2886675105,9307.82127950011
Australia,AUS,East Asia & Pacific,1981,11870.8633077339,10223.2886675105
Australia,AUS,East Asia & Pacific,1982,12797.6758959809,11870.8633077339
Australia,AUS,East Asia & Pacific,1983,11532.4028055582,12797.6758959809
Australia,AUS,East Asia & Pacific,1984,12436.2969052038,11532.4028055582
Australia,AUS,East Asia & Pacific,1985,11455.379711213,12436.2969052038
Australia,AUS,East Asia & Pacific,1986,11406.1093011037,11455.379711213
Australia,AUS,East Asia & Pacific,1987,11665.5298271811,11406.1093011037
Australia,AUS,East Asia & Pacific,1988,14303.093047615,11665.5298271811
Australia,AUS,East Asia & Pacific,1989,17857.5520554588,14303.093047615
Australia,AUS,East Asia & Pacific,1990,18273.561526468,17857.5520554588
Australia,AUS,East Asia & Pacific,1991,18885.4274465057,18273.561526468
Australia,AUS,East Asia & Pacific,1992,18650.3675476612,18885.4274465057
Australia,AUS,East Asia & Pacific,1993,17724.5399501656,18650.3675476612
Australia,AUS,East Asia & Pacific,1994,18155.6282000179,17724.5399501656
Australia,AUS,East Asia & Pacific,1995,20479.1748274233,18155.6282000179
Australia,AUS,East Asia & Pacific,1996,22055.838490507,20479.1748274233
Australia,AUS,East Asia & Pacific,1997,23683.4948964934,22055.838490507
Australia,AUS,East Asia & Pacific,1998,21516.0403147759,23683.4948964934
Australia,AUS,East Asia & Pacific,1999,20749.6443779096,21516.0403147759
Australia,AUS,East Asia & Pacific,2000,21908.9968019784,20749.6443779096
Australia,AUS,East Asia & Pacific,2001,19733.6510102645,21908.9968019784
Australia,AUS,East Asia & Pacific,2002,20335.0960191023,19733.6510102645
Australia,AUS,East Asia & Pacific,2003,23757.5898471684,20335.0960191023
Australia,AUS,East Asia & Pacific,2004,30886.0500949401,23757.5898471684
Australia,AUS,East Asia & Pacific,2005,34535.20727091,30886.0500949401
Australia,AUS,East Asia & Pacific,2006,36658.8243476122,34535.20727091
Australia,AUS,East Asia & Pacific,2007,41128.2476618402,36658.8243476122
Australia,AUS,East Asia & Pacific,2008,49811.2067218988,41128.2476618402
Australia,AUS,East Asia & Pacific,2009,42954.8494884573,49811.2067218988
Australia,AUS,East Asia & Pacific,2010,52313.8939041213,42954.8494884573
Australia,AUS,East Asia & Pacific,2011,62799.3895017032,52313.8939041213
Australia,AUS,East Asia & Pacific,2012,68301.4402512587,62799.3895017032
Australia,AUS,East Asia & Pacific,2013,68476.6788496118,68301.4402512587
Australia,AUS,East Asia & Pacific,2014,62817.2061751737,68476.6788496118
Australia,AUS,East Asia & Pacific,2015,56970.3613028094,62817.2061751737
Australia,AUS,East Asia & Pacific,2016,50084.4440606385,56970.3613028094
Australia,AUS,East Asia & Pacific,2017,54117.547718609,50084.4440606385
Australia,AUS,East Asia & Pacific,2018,57410.1737346009,54117.547718609
Australia,AUS,East Asia & Pacific,2019,55194.7585097428,57410.1737346009
Australia,AUS,East Asia & Pacific,2020,51983.4523666382,55194.7585097428
Australia,AUS,East Asia & Pacific,2021,60758.9044397144,51983.4523666382
Australia,AUS,East Asia & Pacific,2022,65169.5191118657,60758.9044397144
Australia,AUS,East Asia & Pacific,2023,65058.3773146674,65169.5191118657
Australia,AUS,East Asia & Pacific,2024,64603.9856308464,65058.3773146674
Austria,AUT,Europe & Central Asia,1970,2050.7051537705,1834.0780781796
Austria,AUT,Europe & Central Asia,1971,2371.65247955003,2050.7051537705
Austria,AUT,Europe & Central Asia,1972,2912.59577111524,2371.65247955003
Austria,AUT,Europe & Central Asia,1973,3875.48305618551,2912.59577111524
Austria,AUT,Europe & Central Asia,1974,4612.61920779656,3875.48305618551
Austria,AUT,Europe & Central Asia,1975,5264.91772004051,4612.61920779656
Austria,AUT,Europe & Central Asia,1976,5656.1451383787,5264.91772004051
Austria,AUT,Europe & Central Asia,1977,6783.95142193665,5656.1451383787
Austria,AUT,Europe & Central Asia,1978,8173.32926347245,6783.95142193665
Austria,AUT,Europe & Central Asia,1979,9755.4044562579,8173.32926347245
Austria,AUT,Europe & Central Asia,1980,10826.9718274995,9755.4044562579
Austria,AUT,Europe & Central Asia,1981,9348.48832395232,10826.9718274995
Austria,AUT,Europe & Central Asia,1982,9373.48820626125,9348.48832395232
Austria,AUT,Europe & Central Asia,1983,9500.05070417494,9373.48820626125
Austria,AUT,Europe & Central Asia,1984,8955.84829191534,9500.05070417494
Austria,AUT,Europe & Central Asia,1985,9136.17092559695,8955.84829191534
Austria,AUT,Europe & Central Asia,1986,13031.8281010744,9136.17092559695
Austria,AUT,Europe & Central Asia,1987,16328.5613047296,13031.8281010744
Austria,AUT,Europe & Central Asia,1988,17509.7658683817,16328.5613047296
Austria,AUT,Europe & Central Asia,1989,17400.5226619741,17509.7658683817
Austria,AUT,Europe & Central Asia,1990,21596.068219998,17400.5226619741
Austria,AUT,Europe & Central Asia,1991,22323.1312492943,21596.068219998
Austria,AUT,Europe & Central Asia,1992,24782.7118767063,22323.1312492943
Austria,AUT,Europe & Central Asia,1993,23987.2037240657,24782.7118767063
Austria,AUT,Europe & Central Asia,1994,25546.2460525087,23987.2037240657
Austria,AUT,Europe & Central Asia,1995,30207.0674314652,25546.2460525087
Austria,AUT,Europe & Central Asia,1996,29645.9451251491,30207.0674314652
Austria,AUT,Europe & Central Asia,1997,26571.7523626508,29645.9451251491
Austria,AUT,Europe & Central Asia,1998,27212.4642905708,26571.7523626508
Austria,AUT,Europe & Central Asia,1999,27078.7081612201,27212.4642905708
Austria,AUT,Europe & Central Asia,2000,24487.2974685956,27078.7081612201
Austria,AUT,Europe & Central Asia,2001,24430.495982841,24487.2974685956
Austria,AUT,Europe & Central Asia,2002,26334.862215032,24430.495982841
Austria,AUT,Europe & Central Asia,2003,32110.1159661425,26334.862215032
Austria,AUT,Europe & Central Asia,2004,36614.2506533707,32110.1159661425
Austria,AUT,Europe & Central Asia,2005,38157.37022862,36614.2506533707
Austria,AUT,Europe & Central Asia,2006,40382.2078298575,38157.37022862
Austria,AUT,Europe & Central Asia,2007,46622.9622913635,40382.2078298575
Austria,AUT,Europe & Central Asia,2008,51581.3982361071,46622.9622913635
Austria,AUT,Europe & Central Asia,2009,47857.4446635266,51581.3982361071
Austria,AUT,Europe & Central Asia,2010,46611.1393420232,47857.4446635266
Austria,AUT,Europe & Central Asia,2011,51116.8953522042,46611.1393420232
Austria,AUT,Europe & Central Asia,2012,48250.4059142637,51116.8953522042
Austria,AUT,Europe & Central Asia,2013,50305.3545774973,48250.4059142637
Austria,AUT,Europe & Central Asia,2014,51314.9722616322,50305.3545774973
Austria,AUT,Europe & Central Asia,2015,43915.228020857,51314.9722616322
Austria,AUT,Europe & Central Asia,2016,45061.4993920192,43915.228020857
Austria,AUT,Europe & Central Asia,2017,47163.7425775142,45061.4993920192
Austria,AUT,Europe & Central Asia,2018,51194.0749841299,47163.7425775142
Austria,AUT,Europe & Central Asia,2019,49885.9947355204,51194.0749841299
Austria,AUT,Europe & Central Asia,2020,48716.4098900349,49885.9947355204
Austria,AUT,Europe & Central Asia,2021,53648.6437976214,48716.4098900349
Austria,AUT,Europe & Central Asia,2022,52336.7725223758,53648.6437976214
Austria,AUT,Europe & Central Asia,2023,56579.504175468,52336.7725223758
Austria,AUT,Europe & Central Asia,2024,58268.8787651601,56579.504175468
Azerbaijan,AZE,Europe & Central Asia,2000,655.097249579917,573.893528734031
Azerbaijan,AZE,Europe & Central Asia,2001,703.670998584686,655.097249579917
Azerbaijan,AZE,Europe & Central Asia,2002,763.108895463487,703.670998584686
Azerbaijan,AZE,Europe & Central Asia,2003,883.692580745256,763.108895463487
Azerbaijan,AZE,Europe & Central Asia,2004,1045.0136328106,883.692580745256
Azerbaijan,AZE,Europe & Central Asia,2005,1578.36733030667,1045.0136328106
Azerbaijan,AZE,Europe & Central Asia,2006,2472.95725732287,1578.36733030667
Azerbaijan,AZE,Europe & Central Asia,2007,3851.33015175141,2472.95725732287
Azerbaijan,AZE,Europe & Central Asia,2008,5574.46810432575,3851.33015175141
Azerbaijan,AZE,Europe & Central Asia,2009,4950.39949009423,5574.46810432575
Azerbaijan,AZE,Europe & Central Asia,2010,5843.5337683582,4950.39949009423
Azerbaijan,AZE,Europe & Central Asia,2011,7189.81869211976,5843.5337683582
Azerbaijan,AZE,Europe & Central Asia,2012,7495.86527658099,7189.81869211976
Azerbaijan,AZE,Europe & Central Asia,2013,7875.34536661549,7495.86527658099
Azerbaijan,AZE,Europe & Central Asia,2014,7890.84028062087,7875.34536661549
Azerbaijan,AZE,Europe & Central Asia,2015,5500.50364628486,7890.84028062087
Azerbaijan,AZE,Europe & Central Asia,2016,3880.6852276838,5500.50364628486
Azerbaijan,AZE,Europe & Central Asia,2017,4147.1981423222,3880.6852276838
Azerbaijan,AZE,Europe & Central Asia,2018,4739.7943123408,4147.1981423222
Azerbaijan,AZE,Europe & Central Asia,2019,4805.75371765917,4739.7943123408
Azerbaijan,AZE,Europe & Central Asia,2020,4229.91064904503,4805.75371765917
Azerbaijan,AZE,Europe & Central Asia,2021,5408.04535175023,4229.91064904503
Azerbaijan,AZE,Europe & Central Asia,2022,7770.594223351,5408.04535175023
Azerbaijan,AZE,Europe & Central Asia,2023,7133.02838048328,7770.594223351
Azerbaijan,AZE,Europe & Central Asia,2024,7283.8499076179,7133.02838048328
Burundi,BDI,Sub-Saharan Africa ,1970,68.7543539795049,55.058838902942
Burundi,BDI,Sub-Saharan Africa ,1971,69.8982817558359,68.7543539795049
Burundi,BDI,Sub-Saharan Africa ,1972,68.2321917909931,69.8982817558359
Burundi,BDI,Sub-Saharan Africa ,1973,84.2581069284158,68.2321917909931
Burundi,BDI,Sub-Saharan Africa ,1974,93.2240048340913,84.2581069284158
Burundi,BDI,Sub-Saharan Africa ,1975,110.884827490053,93.2240048340913
Burundi,BDI,Sub-Saharan Africa ,1976,115.492131774523,110.884827490053
Burundi,BDI,Sub-Saharan Africa ,1977,137.448044387076,115.492131774523
Burundi,BDI,Sub-Saharan Africa ,1978,148.823232512919,137.448044387076
Burundi,BDI,Sub-Saharan Africa ,1979,186.152273604962,148.823232512919
Burundi,BDI,Sub-Saharan Africa ,1980,209.805736668168,186.152273604962
Burundi,BDI,Sub-Saharan Africa ,1981,212.23033189707,209.805736668168
Burundi,BDI,Sub-Saharan Africa ,1982,216.43619143507,212.23033189707
Burundi,BDI,Sub-Saharan Africa ,1983,225.209524508283,216.43619143507
Burundi,BDI,Sub-Saharan Africa ,1984,200.375711827241,225.209524508283
Burundi,BDI,Sub-Saharan Africa ,1985,228.440542564696,200.375711827241
Burundi,BDI,Sub-Saharan Africa ,1986,234.281244809988,228.440542564696
Burundi,BDI,Sub-Saharan Africa ,1987,215.608311467483,234.281244809988
Burundi,BDI,Sub-Saharan Africa ,1988,201.740400815807,215.608311467483
Burundi,BDI,Sub-Saharan Africa ,1989,203.578944192449,201.740400815807
Burundi,BDI,Sub-Saharan Africa ,1990,202.629446176297,203.578944192449
Burundi,BDI,Sub-Saharan Africa ,1991,204.668258398817,202.629446176297
Burundi,BDI,Sub-Saharan Africa ,1992,184.868970456447,204.668258398817
Burundi,BDI,Sub-Saharan Africa ,1993,165.344120319403,184.868970456447
Burundi,BDI,Sub-Saharan Africa ,1994,161.892584261635,165.344120319403
Burundi,BDI,Sub-Saharan Africa ,1995,164.915311679326,161.892584261635
Burundi,BDI,Sub-Saharan Africa ,1996,143.156741187159,164.915311679326
Burundi,BDI,Sub-Saharan Africa ,1997,160.278342046962,143.156741187159
Burundi,BDI,Sub-Saharan Africa ,1998,144.456948255536,160.278342046962
Burundi,BDI,Sub-Saharan Africa ,1999,127.51419578119,144.456948255536
Burundi,BDI,Sub-Saharan Africa ,2000,134.537861752389,127.51419578119
Burundi,BDI,Sub-Saharan Africa ,2001,132.159554541932,134.537861752389
Burundi,BDI,Sub-Saharan Africa ,2002,120.952308575468,132.159554541932
Burundi,BDI,Sub-Saharan Africa ,2003,111.406682804391,120.952308575468
Burundi,BDI,Sub-Saharan Africa ,2004,125.194965184533,111.406682804391
Burundi,BDI,Sub-Saharan Africa ,2005,147.234619294225,125.194965184533
Burundi,BDI,Sub-Saharan Africa ,2006,161.892755640319,147.234619294225
Burundi,BDI,Sub-Saharan Africa ,2007,166.162744906755,161.892755640319
Burundi,BDI,Sub-Saharan Africa ,2008,189.502074570768,166.162744906755
Burundi,BDI,Sub-Saharan Africa ,2009,198.431524048225,189.502074570768
Burundi,BDI,Sub-Saharan Africa ,2010,216.727705301976,198.431524048225
Burundi,BDI,Sub-Saharan Africa ,2011,230.069761381132,216.727705301976
Burundi,BDI,Sub-Saharan Africa ,2012,231.098787811507,230.069761381132
Burundi,BDI,Sub-Saharan Africa ,2013,234.844770150871,231.098787811507
Burundi,BDI,Sub-Saharan Africa ,2014,250.544492155185,234.844770150871
Burundi,BDI,Sub-Saharan Africa ,2015,254.402585226788,250.544492155185
Burundi,BDI,Sub-Saharan Africa ,2016,232.937812100153,254.402585226788
Burundi,BDI,Sub-Saharan Africa ,2017,246.060725714184,232.937812100153
Burundi,BDI,Sub-Saharan Africa ,2018,245.661678332009,246.060725714184
Burundi,BDI,Sub-Saharan Africa ,2019,234.31061590725,245.661678332009
Burundi,BDI,Sub-Saharan Africa ,2020,255.8324539389,234.31061590725
Burundi,BDI,Sub-Saharan Africa ,2021,264.980379269655,255.8324539389
Burundi,BDI,Sub-Saharan Africa ,2022,302.992505263552,264.980379269655
Burundi,BDI,Sub-Saharan Africa ,2023,250.627253097255,302.992505263552
Burundi,BDI,Sub-Saharan Africa ,2024,219.424830882698,250.627253097255
Belgium,BEL,Europe & Central Asia,1970,2765.89099664794,2490.1071730838
Belgium,BEL,Europe & Central Asia,1971,3082.92798879126,2765.89099664794
Belgium,BEL,Europe & Central Asia,1972,3831.63189999433,3082.92798879126
Belgium,BEL,Europe & Central Asia,1973,4900.96220075866,3831.63189999433
Belgium,BEL,Europe & Central Asia,1974,5733.79813933878,4900.96220075866
Belgium,BEL,Europe & Central Asia,1975,6701.37736052433,5733.79813933878
Belgium,BEL,Europe & Central Asia,1976,7243.04734119583,6701.37736052433
Belgium,BEL,Europe & Central Asia,1977,8426.94695947372,7243.04734119583
Belgium,BEL,Europe & Central Asia,1978,10289.7684173296,8426.94695947372
Belgium,BEL,Europe & Central Asia,1979,11810.6158754725,10289.7684173296
Belgium,BEL,Europe & Central Asia,1980,12864.0025661396,11810.6158754725
Belgium,BEL,Europe & Central Asia,1981,10622.8024830789,12864.0025661396
Belgium,BEL,Europe & Central Asia,1982,9343.86109959618,10622.8024830789
Belgium,BEL,Europe & Central Asia,1983,8846.23429846974,9343.86109959618
Belgium,BEL,Europe & Central Asia,1984,8457.26880316374,8846.23429846974
Belgium,BEL,Europe & Central Asia,1985,8750.81851250536,8457.26880316374
Belgium,BEL,Europe & Central Asia,1986,12170.0406962702,8750.81851250536
Belgium,BEL,Europe & Central Asia,1987,15135.8523116968,12170.0406962702
Belgium,BEL,Europe & Central Asia,1988,16391.093827791,15135.8523116968
Belgium,BEL,Europe & Central Asia,1989,16525.0617432848,16391.093827791
Belgium,BEL,Europe & Central Asia,1990,20600.3752789827,16525.0617432848
Belgium,BEL,Europe & Central Asia,1991,21041.6606519648,20600.3752789827
Belgium,BEL,Europe & Central Asia,1992,23372.619171015,21041.6606519648
Belgium,BEL,Europe & Central Asia,1993,22283.9360213551,23372.619171015
Belgium,BEL,Europe & Central Asia,1994,24208.5547931447,22283.9360213551
Belgium,BEL,Europe & Central Asia,1995,28413.8264387368,24208.5547931447
Belgium,BEL,Europe & Central Asia,1996,27489.5551770488,28413.8264387368
Belgium,BEL,Europe & Central Asia,1997,24820.9380503896,27489.5551770488
Belgium,BEL,Europe & Central Asia,1998,25338.4432934904,24820.9380503896
Belgium,BEL,Europe & Central Asia,1999,25252.8019066564,25338.4432934904
Belgium,BEL,Europe & Central Asia,2000,23098.8865077401,25252.8019066564
Belgium,BEL,Europe & Central Asia,2001,23015.0712632462,23098.8865077401
Belgium,BEL,Europe & Central Asia,2002,25006.191397109,23015.0712632462
Belgium,BEL,Europe & Central Asia,2003,30655.2092679024,25006.191397109
Belgium,BEL,Europe & Central Asia,2004,35429.4077933344,30655.2092679024
Belgium,BEL,Europe & Central Asia,2005,36809.7013403619,35429.4077933344
Belgium,BEL,Europe & Central Asia,2006,38705.1067959147,36809.7013403619
Belgium,BEL,Europe & Central Asia,2007,44319.165448813,38705.1067959147
Belgium,BEL,Europe & Central Asia,2008,48303.397956286,44319.165448813
Belgium,BEL,Europe & Central Asia,2009,44923.3400135081,48303.397956286
Belgium,BEL,Europe & Central Asia,2010,44197.393671162,44923.3400135081
Belgium,BEL,Europe & Central Asia,2011,47760.8298776546,44197.393671162
Belgium,BEL,Europe & Central Asia,2012,44874.1709182123,47760.8298776546
Belgium,BEL,Europe & Central Asia,2013,46964.5946777056,44874.1709182123
Belgium,BEL,Europe & Central Asia,2014,47995.7786961339,46964.5946777056
Belgium,BEL,Europe & Central Asia,2015,40893.804537772,47995.7786961339
Belgium,BEL,Europe & Central Asia,2016,41854.5498296444,40893.804537772
Belgium,BEL,Europe & Central Asia,2017,44035.3239358548,41854.5498296444
Belgium,BEL,Europe & Central Asia,2018,47487.2100392561,44035.3239358548
Belgium,BEL,Europe & Central Asia,2019,46716.6227467964,47487.2100392561
Belgium,BEL,Europe & Central Asia,2020,45906.2875805246,46716.6227467964
Belgium,BEL,Europe & Central Asia,2021,51658.238294958,45906.2875805246
Belgium,BEL,Europe & Central Asia,2022,50605.7496677086,51658.238294958
Belgium,BEL,Europe & Central Asia,2023,55291.4754541329,50605.7496677086
Belgium,BEL,Europe & Central Asia,2024,56614.5679499036,55291.4754541329
Benin,BEN,Sub-Saharan Africa ,1970,108.848779482547,110.314794748212
Benin,BEN,Sub-Saharan Africa ,1971,106.889292742067,108.848779482547
Benin,BEN,Sub-Saharan Africa ,1972,127.927157014331,106.889292742067
Benin,BEN,Sub-Saharan Africa ,1973,153.609468135703,127.927157014331
Benin,BEN,Sub-Saharan Africa ,1974,164.946594142916,153.609468135703
Benin,BEN,Sub-Saharan Africa ,1975,196.455786019338,164.946594142916
Benin,BEN,Sub-Saharan Africa ,1976,197.726361142541,196.455786019338
Benin,BEN,Sub-Saharan Africa ,1977,207.012962247396,197.726361142541
Benin,BEN,Sub-Saharan Africa ,1978,249.802926180538,207.012962247396
Benin,BEN,Sub-Saharan Africa ,1979,310.651387084352,249.802926180538
Benin,BEN,Sub-Saharan Africa ,1980,358.003054209903,310.651387084352
Benin,BEN,Sub-Saharan Africa ,1981,319.718185970269,358.003054209903
Benin,BEN,Sub-Saharan Africa ,1982,305.0040635075,319.718185970269
Benin,BEN,Sub-Saharan Africa ,1983,255.983601560726,305.0040635075
Benin,BEN,Sub-Saharan Africa ,1984,238.574457355381,255.983601560726
Benin,BEN,Sub-Saharan Africa ,1985,230.434117218913,238.574457355381
Benin,BEN,Sub-Saharan Africa ,1986,285.771551064424,230.434117218913
Benin,BEN,Sub-Saharan Africa ,1987,324.253765166191,285.771551064424
Benin,BEN,Sub-Saharan Africa ,1988,326.179757700303,324.253765166191
Benin,BEN,Sub-Saharan Africa ,1989,293.321949550953,326.179757700303
Benin,BEN,Sub-Saharan Africa ,1990,371.101604332357,293.321949550953
Benin,BEN,Sub-Saharan Africa ,1991,364.689296016645,371.101604332357
Benin,BEN,Sub-Saharan Africa ,1992,301.77329696287,364.689296016645
Benin,BEN,Sub-Saharan Africa ,1993,387.310054813122,301.77329696287
Benin,BEN,Sub-Saharan Africa ,1994,262.129807445074,387.310054813122
Benin,BEN,Sub-Saharan Africa ,1995,348.435238914394,262.129807445074
Benin,BEN,Sub-Saharan Africa ,1996,369.394384135736,348.435238914394
Benin,BEN,Sub-Saharan Africa ,1997,344.550491498963,369.394384135736
Benin,BEN,Sub-Saharan Africa ,1998,361.601983057505,344.550491498963
Benin,BEN,Sub-Saharan Africa ,1999,525.130597245974,361.601983057505
Benin,BEN,Sub-Saharan Africa ,2000,487.424141384242,525.130597245974
Benin,BEN,Sub-Saharan Africa ,2001,492.401499509072,487.424141384242
Benin,BEN,Sub-Saharan Africa ,2002,546.463829658159,492.401499509072
Benin,BEN,Sub-Saharan Africa ,2003,676.002878084282,546.463829658159
Benin,BEN,Sub-Saharan Africa ,2004,758.695803786371,676.002878084282
Benin,BEN,Sub-Saharan Africa ,2005,779.437777753268,758.695803786371
Benin,BEN,Sub-Saharan Africa ,2006,809.147072506221,779.437777753268
Benin,BEN,Sub-Saharan Africa ,2007,912.338247188342,809.147072506221
Benin,BEN,Sub-Saharan Africa ,2008,1060.60254502099,912.338247188342
Benin,BEN,Sub-Saharan Africa ,2009,1024.10277858112,1060.60254502099
Benin,BEN,Sub-Saharan Africa ,2010,973.244254931526,1024.10277858112
Benin,BEN,Sub-Saharan Africa ,2011,1059.41358852588,973.244254931526
Benin,BEN,Sub-Saharan Africa ,2012,1071.5258366283,1059.41358852588
Benin,BEN,Sub-Saharan Africa ,2013,1168.92699279226,1071.5258366283
Benin,BEN,Sub-Saharan Africa ,2014,1204.39918670094,1168.92699279226
Benin,BEN,Sub-Saharan Africa ,2015,1002.41886879614,1204.39918670094
Benin,BEN,Sub-Saharan Africa ,2016,1010.5338961993,1002.41886879614
Benin,BEN,Sub-Saharan Africa ,2017,1054.97408066814,1010.5338961993
Benin,BEN,Sub-Saharan Africa ,2018,1151.7409703472,1054.97408066814
Benin,BEN,Sub-Saharan Africa ,2019,1130.82135339795,1151.7409703472
Benin,BEN,Sub-Saharan Africa ,2020,1200.19426557789,1130.82135339795
Benin,BEN,Sub-Saharan Africa ,2021,1318.65158075198,1200.19426557789
Benin,BEN,Sub-Saharan Africa ,2022,1266.42711031904,1318.65158075198
Benin,BEN,Sub-Saharan Africa ,2023,1394.17784721831,1266.42711031904
Benin,BEN,Sub-Saharan Africa ,2024,1485.38018885134,1394.17784721831
Burkina Faso,BFA,Sub-Saharan Africa ,1970,81.707563219742,86.7555395725224
Burkina Faso,BFA,Sub-Saharan Africa ,1971,84.5149375676447,81.707563219742
Burkina Faso,BFA,Sub-Saharan Africa ,1972,99.6335814933813,84.5149375676447
Burkina Faso,BFA,Sub-Saharan Africa ,1973,114.137669473515,99.6335814933813
Burkina Faso,BFA,Sub-Saharan Africa ,1974,124.671435503255,114.137669473515
Burkina Faso,BFA,Sub-Saharan Africa ,1975,152.901529606747,124.671435503255
Burkina Faso,BFA,Sub-Saharan Africa ,1976,155.485422740659,152.901529606747
Burkina Faso,BFA,Sub-Saharan Africa ,1977,175.963864454284,155.485422740659
Burkina Faso,BFA,Sub-Saharan Africa ,1978,223.879111971163,175.963864454284
Burkina Faso,BFA,Sub-Saharan Africa ,1979,258.501729034845,223.879111971163
Burkina Faso,BFA,Sub-Saharan Africa ,1980,277.597531370181,258.501729034845
Burkina Faso,BFA,Sub-Saharan Africa ,1981,248.707973908892,277.597531370181
Burkina Faso,BFA,Sub-Saharan Africa ,1982,239.019483569339,248.707973908892
Burkina Faso,BFA,Sub-Saharan Africa ,1983,211.925740542196,239.019483569339
Burkina Faso,BFA,Sub-Saharan Africa ,1984,187.832224278391,211.925740542196
Burkina Faso,BFA,Sub-Saharan Africa ,1985,194.063226299244,187.832224278391
Burkina Faso,BFA,Sub-Saharan Africa ,1986,247.459134637104,194.063226299244
Burkina Faso,BFA,Sub-Saharan Africa ,1987,280.218092226592,247.459134637104
Burkina Faso,BFA,Sub-Saharan Africa ,1988,301.129214663833,280.218092226592
Burkina Faso,BFA,Sub-Saharan Africa ,1989,293.188703727147,301.129214663833
Burkina Faso,BFA,Sub-Saharan Africa ,1990,338.593759055128,293.188703727147
Burkina Faso,BFA,Sub-Saharan Africa ,1991,333.70605512636,338.593759055128
Burkina Faso,BFA,Sub-Saharan Africa ,1992,348.592443894547,333.70605512636
Burkina Faso,BFA,Sub-Saharan Africa ,1993,324.111576707435,348.592443894547
Burkina Faso,BFA,Sub-Saharan Africa ,1994,187.21142372606,324.111576707435
Burkina Faso,BFA,Sub-Saharan Africa ,1995,229.092294496817,187.21142372606
Burkina Faso,BFA,Sub-Saharan Africa ,1996,242.733171352672,229.092294496817
Burkina Faso,BFA,Sub-Saharan Africa ,1997,223.853958525611,242.733171352672
Burkina Faso,BFA,Sub-Saharan Africa ,1998,249.53173292493,223.853958525611
Burkina Faso,BFA,Sub-Saharan Africa ,1999,292.836958697313,249.53173292493
Burkina Faso,BFA,Sub-Saharan Africa ,2000,248.908526921752,292.836958697313
Burkina Faso,BFA,Sub-Saharan Africa ,2001,259.485223380436,248.908526921752
Burkina Faso,BFA,Sub-Saharan Africa ,2002,285.654087637533,259.485223380436
Burkina Faso,BFA,Sub-Saharan Africa ,2003,362.373899996953,285.654087637533
Burkina Faso,BFA,Sub-Saharan Africa ,2004,403.81283743461,362.373899996953
Burkina Faso,BFA,Sub-Saharan Africa ,2005,441.164148016012,403.81283743461
Burkina Faso,BFA,Sub-Saharan Africa ,2006,455.513655620024,441.164148016012
Burkina Faso,BFA,Sub-Saharan Africa ,2007,514.684451177238,455.513655620024
Burkina Faso,BFA,Sub-Saharan Africa ,2008,619.437533256264,514.684451177238
Burkina Faso,BFA,Sub-Saharan Africa ,2009,601.569520671859,619.437533256264
Burkina Faso,BFA,Sub-Saharan Africa ,2010,624.957252224766,601.569520671859
Burkina Faso,BFA,Sub-Saharan Africa ,2011,725.024767725475,624.957252224766
Burkina Faso,BFA,Sub-Saharan Africa ,2012,731.470138867833,725.024767725475
Burkina Faso,BFA,Sub-Saharan Africa ,2013,759.762065168498,731.470138867833
Burkina Faso,BFA,Sub-Saharan Africa ,2014,764.861675106225,759.762065168498
Burkina Faso,BFA,Sub-Saharan Africa ,2015,630.124750752312,764.861675106225
Burkina Faso,BFA,Sub-Saharan Africa ,2016,663.742364842886,630.124750752312
Burkina Faso,BFA,Sub-Saharan Africa ,2017,709.091535894695,663.742364842886
Burkina Faso,BFA,Sub-Saharan Africa ,2018,777.465618514048,709.091535894695
Burkina Faso,BFA,Sub-Saharan Africa ,2019,764.853077774946,777.465618514048
Burkina Faso,BFA,Sub-Saharan Africa ,2020,825.237038782475,764.853077774946
Burkina Faso,BFA,Sub-Saharan Africa ,2021,895.535288442991,825.237038782475
Burkina Faso,BFA,Sub-Saharan Africa ,2022,827.330843486661,895.535288442991
Burkina Faso,BFA,Sub-Saharan Africa ,2023,873.482589651003,827.330843486661
Burkina Faso,BFA,Sub-Saharan Africa ,2024,981.992649769081,873.482589651003
Bangladesh,BGD,South Asia,1970,130.218160844955,125.880311698198
Bangladesh,BGD,South Asia,1971,124.533963099152,130.218160844955
Bangladesh,BGD,South Asia,1972,87.773765191476,124.533963099152
Bangladesh,BGD,South Asia,1973,109.691726756912,87.773765191476
Bangladesh,BGD,South Asia,1974,164.986393602814,109.691726756912
Bangladesh,BGD,South Asia,1975,249.804254016022,164.986393602814
Bangladesh,BGD,South Asia,1976,126.693044204437,249.804254016022
Bangladesh,BGD,South Asia,1977,117.887771379224,126.693044204437
Bangladesh,BGD,South Asia,1978,158.324255152285,117.887771379224
Bangladesh,BGD,South Asia,1979,181.130706703135,158.324255152285
Bangladesh,BGD,South Asia,1980,206.075714312155,181.130706703135
Bangladesh,BGD,South Asia,1981,224.241392391192,206.075714312155
Bangladesh,BGD,South Asia,1982,199.595944646851,224.241392391192
Bangladesh,BGD,South Asia,1983,184.70677287459,199.595944646851
Bangladesh,BGD,South Asia,1984,193.435020976238,184.70677287459
Bangladesh,BGD,South Asia,1985,222.22018039634,193.435020976238
Bangladesh,BGD,South Asia,1986,212.14899385306,222.22018039634
Bangladesh,BGD,South Asia,1987,231.499584520483,212.14899385306
Bangladesh,BGD,South Asia,1988,247.901465967332,231.499584520483
Bangladesh,BGD,South Asia,1989,263.005720827547,247.901465967332
Bangladesh,BGD,South Asia,1990,283.053737055234,263.005720827547
Bangladesh,BGD,South Asia,1991,272.064948495878,283.053737055234
Bangladesh,BGD,South Asia,1992,273.465072520272,272.064948495878
Bangladesh,BGD,South Asia,1993,280.757274450366,273.465072520272
Bangladesh,BGD,South Asia,1994,280.603031791216,280.757274450366
Bangladesh,BGD,South Asia,1995,309.458680823367,280.603031791216
Bangladesh,BGD,South Asia,1996,371.917937677345,309.458680823367
Bangladesh,BGD,South Asia,1997,379.284917709635,371.917937677345
Bangladesh,BGD,South Asia,1998,385.616881752796,379.284917709635
Bangladesh,BGD,South Asia,1999,388.095684268235,385.616881752796
Bangladesh,BGD,South Asia,2000,396.670730249751,388.095684268235
Bangladesh,BGD,South Asia,2001,394.65641001891,396.670730249751
Bangladesh,BGD,South Asia,2002,393.886422327628,394.65641001891
Bangladesh,BGD,South Asia,2003,426.74880754362,393.886422327628
Bangladesh,BGD,South Asia,2004,455.614016909798,426.74880754362
Bangladesh,BGD,South Asia,2005,480.08585075452,455.614016909798
Bangladesh,BGD,South Asia,2006,490.388026533289,480.08585075452
Bangladesh,BGD,South Asia,2007,537.955492792911,490.388026533289
Bangladesh,BGD,South Asia,2008,613.06204104124,537.955492792911
Bangladesh,BGD,South Asia,2009,679.211477428056,613.06204104124
Bangladesh,BGD,South Asia,2010,757.385280361508,679.211477428056
Bangladesh,BGD,South Asia,2011,837.336944695647,757.385280361508
Bangladesh,BGD,South Asia,2012,859.680536375497,837.336944695647
Bangladesh,BGD,South Asia,2013,958.262989798283,859.680536375497
Bangladesh,BGD,South Asia,2014,1094.46199702838,958.262989798283
Bangladesh,BGD,South Asia,2015,1224.38647668165,1094.46199702838
Bangladesh,BGD,South Asia,2016,1649.28380858601,1224.38647668165
Bangladesh,BGD,South Asia,2017,1811.08221668646,1649.28380858601
Bangladesh,BGD,South Asia,2018,1965.24372731467,1811.08221668646
Bangladesh,BGD,South Asia,2019,2129.79896954606,1965.24372731467
Bangladesh,BGD,South Asia,2020,2248.85078828233,2129.79896954606
Bangladesh,BGD,South Asia,2021,2482.84917843357,2248.85078828233
Bangladesh,BGD,South Asia,2022,2716.48592780431,2482.84917843357
Bangladesh,BGD,South Asia,2023,2551.01773827307,2716.48592780431
Bangladesh,BGD,South Asia,2024,2593.41611680774,2551.01773827307
Bulgaria,BGR,Europe & Central Asia,1990,2366.52982128614,2477.0208179596
Bulgaria,BGR,Europe & Central Asia,1991,883.736578319325,2366.52982128614
Bulgaria,BGR,Europe & Central Asia,1992,1007.34454544881,883.736578319325
Bulgaria,BGR,Europe & Central Asia,1993,1278.52511370319,1007.34454544881
Bulgaria,BGR,Europe & Central Asia,1994,1149.89464008734,1278.52511370319
Bulgaria,BGR,Europe & Central Asia,1995,2259.25922555221,1149.89464008734
Bulgaria,BGR,Europe & Central Asia,1996,1470.19259250682,2259.25922555221
Bulgaria,BGR,Europe & Central Asia,1997,1361.40938439884,1470.19259250682
Bulgaria,BGR,Europe & Central Asia,1998,1820.44866449942,1361.40938439884
Bulgaria,BGR,Europe & Central Asia,1999,1660.9089125393,1820.44866449942
Bulgaria,BGR,Europe & Central Asia,2000,1621.26210738992,1660.9089125393
Bulgaria,BGR,Europe & Central Asia,2001,1770.90704918691,1621.26210738992
Bulgaria,BGR,Europe & Central Asia,2002,2092.98288625558,1770.90704918691
Bulgaria,BGR,Europe & Central Asia,2003,2719.49436859287,2092.98288625558
Bulgaria,BGR,Europe & Central Asia,2004,3389.68743360274,2719.49436859287
Bulgaria,BGR,Europe & Central Asia,2005,3899.82596332878,3389.68743360274
Bulgaria,BGR,Europe & Central Asia,2006,4523.1465578805,3899.82596332878
Bulgaria,BGR,Europe & Central Asia,2007,5888.57081403932,4523.1465578805
Bulgaria,BGR,Europe & Central Asia,2008,7271.30338858025,5888.57081403932
Bulgaria,BGR,Europe & Central Asia,2009,6988.27316296465,7271.30338858025
Bulgaria,BGR,Europe & Central Asia,2010,6853.94805511171,6988.27316296465
Bulgaria,BGR,Europe & Central Asia,2011,7849.58061302818,6853.94805511171
Bulgaria,BGR,Europe & Central Asia,2012,7431.95789508871,7849.58061302818
Bulgaria,BGR,Europe & Central Asia,2013,7795.98092108928,7431.95789508871
Bulgaria,BGR,Europe & Central Asia,2014,8069.60005667684,7795.98092108928
Bulgaria,BGR,Europe & Central Asia,2015,7268.65445473873,8069.60005667684
Bulgaria,BGR,Europe & Central Asia,2016,7822.49923292968,7268.65445473873
Bulgaria,BGR,Europe & Central Asia,2017,8696.68930427924,7822.49923292968
Bulgaria,BGR,Europe & Central Asia,2018,9849.38397225174,8696.68930427924
Bulgaria,BGR,Europe & Central Asia,2019,10353.7204584127,9849.38397225174
Bulgaria,BGR,Europe & Central Asia,2020,10760.211975413,10353.7204584127
Bulgaria,BGR,Europe & Central Asia,2021,12966.1457543396,10760.211975413
Bulgaria,BGR,Europe & Central Asia,2022,13999.1949530956,12966.1457543396
Bulgaria,BGR,Europe & Central Asia,2023,15853.208636704,13999.1949530956
Bulgaria,BGR,Europe & Central Asia,2024,17596.0173663521,15853.208636704
Bahrain,BHR,"Middle East, North Africa, Afghanistan & Pakistan",1980,9732.72587186027,7890.82982494874
Bahrain,BHR,"Middle East, North Africa, Afghanistan & Pakistan",1981,10556.5091718735,9732.72587186027
Bahrain,BHR,"Middle East, North Africa, Afghanistan & Pakistan",1982,10712.1529364009,10556.5091718735
Bahrain,BHR,"Middle East, North Africa, Afghanistan & Pakistan",1983,10598.8427157127,10712.1529364009
Bahrain,BHR,"Middle East, North Africa, Afghanistan & Pakistan",1984,10696.9331055208,10598.8427157127
Bahrain,BHR,"Middle East, North Africa, Afghanistan & Pakistan",1985,9648.65643032674,10696.9331055208
Bahrain,BHR,"Middle East, North Africa, Afghanistan & Pakistan",1986,7776.95657736318,9648.65643032674
Bahrain,BHR,"Middle East, North Africa, Afghanistan & Pakistan",1987,8332.91425406054,7776.95657736318
Bahrain,BHR,"Middle East, North Africa, Afghanistan & Pakistan",1988,8771.7853534009,8332.91425406054
Bahrain,BHR,"Middle East, North Africa, Afghanistan & Pakistan",1989,8833.41134256929,8771.7853534009
Bahrain,BHR,"Middle East, North Africa, Afghanistan & Pakistan",1990,9342.53891401688,8833.41134256929
Bahrain,BHR,"Middle East, North Africa, Afghanistan & Pakistan",1991,10434.1323962786,9342.53891401688
Bahrain,BHR,"Middle East, North Africa, Afghanistan & Pakistan",1992,10460.1583222808,10434.1323962786
Bahrain,BHR,"Middle East, North Africa, Afghanistan & Pakistan",1993,11151.871495742,10460.1583222808
Bahrain,BHR,"Middle East, North Africa, Afghanistan & Pakistan",1994,11629.3595219612,11151.871495742
Bahrain,BHR,"Middle East, North Africa, Afghanistan & Pakistan",1995,11900.9317778335,11629.3595219612
Bahrain,BHR,"Middle East, North Africa, Afghanistan & Pakistan",1996,12091.7802188235,11900.9317778335
Bahrain,BHR,"Middle East, North Africa, Afghanistan & Pakistan",1997,12254.6662583128,12091.7802188235
Bahrain,BHR,"Middle East, North Africa, Afghanistan & Pakistan",1998,11625.0343768343,12254.6662583128
Bahrain,BHR,"Middle East, North Africa, Afghanistan & Pakistan",1999,12123.3534715368,11625.0343768343
Bahrain,BHR,"Middle East, North Africa, Afghanistan & Pakistan",2000,14214.4836839343,12123.3534715368
Bahrain,BHR,"Middle East, North Africa, Afghanistan & Pakistan",2001,13573.2339887597,14214.4836839343
Bahrain,BHR,"Middle East, North Africa, Afghanistan & Pakistan",2002,13501.4708801425,13573.2339887597
Bahrain,BHR,"Middle East, North Africa, Afghanistan & Pakistan",2003,14486.0269029822,13501.4708801425
Bahrain,BHR,"Middle East, North Africa, Afghanistan & Pakistan",2004,15963.9493171617,14486.0269029822
Bahrain,BHR,"Middle East, North Africa, Afghanistan & Pakistan",2005,17966.1657837625,15963.9493171617
Bahrain,BHR,"Middle East, North Africa, Afghanistan & Pakistan",2006,19267.282615072,17966.1657837625
Bahrain,BHR,"Middle East, North Africa, Afghanistan & Pakistan",2007,20908.4042548073,19267.282615072
Bahrain,BHR,"Middle East, North Africa, Afghanistan & Pakistan",2008,23299.4992780392,20908.4042548073
Bahrain,BHR,"Middle East, North Africa, Afghanistan & Pakistan",2009,19465.3140745038,23299.4992780392
Bahrain,BHR,"Middle East, North Africa, Afghanistan & Pakistan",2010,21819.3291098099,19465.3140745038
Bahrain,BHR,"Middle East, North Africa, Afghanistan & Pakistan",2011,25032.7867743333,21819.3291098099
Bahrain,BHR,"Middle East, North Africa, Afghanistan & Pakistan",2012,26438.6733230428,25032.7867743333
Bahrain,BHR,"Middle East, North Africa, Afghanistan & Pakistan",2013,26989.7601148469,26438.6733230428
Bahrain,BHR,"Middle East, North Africa, Afghanistan & Pakistan",2014,26451.7965647453,26989.7601148469
Bahrain,BHR,"Middle East, North Africa, Afghanistan & Pakistan",2015,23734.0551143019,26451.7965647453
Bahrain,BHR,"Middle East, North Africa, Afghanistan & Pakistan",2016,23800.001440631,23734.0551143019
Bahrain,BHR,"Middle East, North Africa, Afghanistan & Pakistan",2017,24784.7693514607,23800.001440631
Bahrain,BHR,"Middle East, North Africa, Afghanistan & Pakistan",2018,26324.4066549559,24784.7693514607
Bahrain,BHR,"Middle East, North Africa, Afghanistan & Pakistan",2019,27259.7438599327,26324.4066549559
Bahrain,BHR,"Middle East, North Africa, Afghanistan & Pakistan",2020,24342.8444554718,27259.7438599327
Bahrain,BHR,"Middle East, North Africa, Afghanistan & Pakistan",2021,27147.8083882286,24342.8444554718
Bahrain,BHR,"Middle East, North Africa, Afghanistan & Pakistan",2022,30470.5219276023,27147.8083882286
Bahrain,BHR,"Middle East, North Africa, Afghanistan & Pakistan",2023,29290.1284215098,30470.5219276023
Bahrain,BHR,"Middle East, North Africa, Afghanistan & Pakistan",2024,29653.5682731534,29290.1284215098
"Bahamas, The",BHS,Latin America & Caribbean ,1970,2916.49998378221,3026.72757204421
"Bahamas, The",BHS,Latin America & Caribbean ,1971,3004.34356612542,2916.49998378221
"Bahamas, The",BHS,Latin America & Caribbean ,1972,3013.95016704496,3004.34356612542
"Bahamas, The",BHS,Latin America & Caribbean ,1973,3341.2852169669,3013.95016704496
"Bahamas, The",BHS,Latin America & Caribbean ,1974,3079.74014083821,3341.2852169669
"Bahamas, The",BHS,Latin America & Caribbean ,1975,2840.58965343091,3079.74014083821
"Bahamas, The",BHS,Latin America & Caribbean ,1976,2993.45923795227,2840.58965343091
"Bahamas, The",BHS,Latin America & Caribbean ,1977,3253.37543404956,2993.45923795227
"Bahamas, The",BHS,Latin America & Caribbean ,1978,3720.04057901064,3253.37543404956
"Bahamas, The",BHS,Latin America & Caribbean ,1979,4994.08535249529,3720.04057901064
"Bahamas, The",BHS,Latin America & Caribbean ,1980,5742.58362505698,4994.08535249529
"Bahamas, The",BHS,Latin America & Caribbean ,1981,6028.80641044063,5742.58362505698
"Bahamas, The",BHS,Latin America & Caribbean ,1982,6559.46869259478,6028.80641044063
"Bahamas, The",BHS,Latin America & Caribbean ,1983,7081.38194836084,6559.46869259478
"Bahamas, The",BHS,Latin America & Caribbean ,1984,8201.70133768379,7081.38194836084
"Bahamas, The",BHS,Latin America & Caribbean ,1985,9167.14687502469,8201.70133768379
"Bahamas, The",BHS,Latin America & Caribbean ,1986,9600.599527833,9167.14687502469
"Bahamas, The",BHS,Latin America & Caribbean ,1987,10361.3488079104,9600.599527833
"Bahamas, The",BHS,Latin America & Caribbean ,1988,10575.797153666,10361.3488079104
"Bahamas, The",BHS,Latin America & Caribbean ,1989,11291.4764472044,10575.797153666
"Bahamas, The",BHS,Latin America & Caribbean ,1990,11473.3008389353,11291.4764472044
"Bahamas, The",BHS,Latin America & Caribbean ,1991,11082.3528573617,11473.3008389353
"Bahamas, The",BHS,Latin America & Caribbean ,1992,10873.4047501635,11082.3528573617
"Bahamas, The",BHS,Latin America & Caribbean ,1993,10613.0658785813,10873.4047501635
"Bahamas, The",BHS,Latin America & Caribbean ,1994,10991.2346674131,10613.0658785813
"Bahamas, The",BHS,Latin America & Caribbean ,1995,11374.6056703852,10991.2346674131
"Bahamas, The",BHS,Latin America & Caribbean ,1996,11783.797197226,11374.6056703852
"Bahamas, The",BHS,Latin America & Caribbean ,1997,20367.5732702056,11783.797197226
"Bahamas, The",BHS,Latin America & Caribbean ,1998,21667.448821694,20367.5732702056
"Bahamas, The",BHS,Latin America & Caribbean ,1999,24041.0933188158,21667.448821694
"Bahamas, The",BHS,Latin America & Caribbean ,2000,24940.0775086078,24041.0933188158
"Bahamas, The",BHS,Latin America & Caribbean ,2001,25371.9237667614,24940.0775086078
"Bahamas, The",BHS,Latin America & Caribbean ,2002,26781.6195938652,25371.9237667614
"Bahamas, The",BHS,Latin America & Caribbean ,2003,26429.1247787663,26781.6195938652
"Bahamas, The",BHS,Latin America & Caribbean ,2004,26650.2934234303,26429.1247787663
"Bahamas, The",BHS,Latin America & Caribbean ,2005,28602.4181869995,26650.2934234303
"Bahamas, The",BHS,Latin America & Caribbean ,2006,29184.7865087908,28602.4181869995
"Bahamas, The",BHS,Latin America & Caribbean ,2007,30051.8489587756,29184.7865087908
"Bahamas, The",BHS,Latin America & Caribbean ,2008,29392.3824416397,30051.8489587756
"Bahamas, The",BHS,Latin America & Caribbean ,2009,27512.9130950084,29392.3824416397
"Bahamas, The",BHS,Latin America & Caribbean ,2010,27473.100430502,27512.9130950084
"Bahamas, The",BHS,Latin America & Caribbean ,2011,27090.8376801379,27473.100430502
"Bahamas, The",BHS,Latin America & Caribbean ,2012,28552.0242683151,27090.8376801379
"Bahamas, The",BHS,Latin America & Caribbean ,2013,27642.7419759179,28552.0242683151
"Bahamas, The",BHS,Latin America & Caribbean ,2014,29137.2175632622,27642.7419759179
"Bahamas, The",BHS,Latin America & Caribbean ,2015,30719.405417469,29137.2175632622
"Bahamas, The",BHS,Latin America & Caribbean ,2016,30616.5363157284,30719.405417469
"Bahamas, The",BHS,Latin America & Caribbean ,2017,31875.4881749619,30616.5363157284
"Bahamas, The",BHS,Latin America & Caribbean ,2018,32642.3353203452,31875.4881749619
"Bahamas, The",BHS,Latin America & Caribbean ,2019,33640.3369861278,32642.3353203452
"Bahamas, The",BHS,Latin America & Caribbean ,2020,26178.7537607708,33640.3369861278
"Bahamas, The",BHS,Latin America & Caribbean ,2021,30367.8605757708,26178.7537607708
"Bahamas, The",BHS,Latin America & Caribbean ,2022,34957.1613279737,30367.8605757708
"Bahamas, The",BHS,Latin America & Caribbean ,2023,38231.774484278,34957.1613279737
"Bahamas, The",BHS,Latin America & Caribbean ,2024,39455.4466548546,38231.774484278
Bosnia and Herzegovina,BIH,Europe & Central Asia,2000,1338.48059636261,1134.60298042083
Bosnia and Herzegovina,BIH,Europe & Central Asia,2001,1387.89362942121,1338.48059636261
Bosnia and Herzegovina,BIH,Europe & Central Asia,2002,1606.5467454132,1387.89362942121
Bosnia and Herzegovina,BIH,Europe & Central Asia,2003,2033.94700935864,1606.5467454132
Bosnia and Herzegovina,BIH,Europe & Central Asia,2004,2452.6860917386,2033.94700935864
Bosnia and Herzegovina,BIH,Europe & Central Asia,2005,2739.61076866057,2452.6860917386
Bosnia and Herzegovina,BIH,Europe & Central Asia,2006,3166.12865344833,2739.61076866057
Bosnia and Herzegovina,BIH,Europe & Central Asia,2007,3931.48948737505,3166.12865344833
Bosnia and Herzegovina,BIH,Europe & Central Asia,2008,4841.69311934649,3931.48948737505
Bosnia and Herzegovina,BIH,Europe & Central Asia,2009,4539.91863774968,4841.69311934649
Bosnia and Herzegovina,BIH,Europe & Central Asia,2010,4506.47828548389,4539.91863774968
Bosnia and Herzegovina,BIH,Europe & Central Asia,2011,4982.69375768263,4506.47828548389
Bosnia and Herzegovina,BIH,Europe & Central Asia,2012,4693.78899115381,4982.69375768263
Bosnia and Herzegovina,BIH,Europe & Central Asia,2013,5034.56634817068,4693.78899115381
Bosnia and Herzegovina,BIH,Europe & Central Asia,2014,5206.06573475132,5034.56634817068
Bosnia and Herzegovina,BIH,Europe & Central Asia,2015,4662.25869219448,5206.06573475132
Bosnia and Herzegovina,BIH,Europe & Central Asia,2016,4928.5665903114,4662.25869219448
Bosnia and Herzegovina,BIH,Europe & Central Asia,2017,5345.01978766473,4928.5665903114
Bosnia and Herzegovina,BIH,Europe & Central Asia,2018,6047.84707207392,5345.01978766473
Bosnia and Herzegovina,BIH,Europe & Central Asia,2019,6122.37541352353,6047.84707207392
Bosnia and Herzegovina,BIH,Europe & Central Asia,2020,6130.31187968266,6122.37541352353
Bosnia and Herzegovina,BIH,Europe & Central Asia,2021,7295.34378682258,6130.31187968266
Bosnia and Herzegovina,BIH,Europe & Central Asia,2022,7655.59421024383,7295.34378682258
Bosnia and Herzegovina,BIH,Europe & Central Asia,2023,8663.02326458629,7655.59421024383
Bosnia and Herzegovina,BIH,Europe & Central Asia,2024,9358.78768951134,8663.02326458629
Belarus,BLR,Europe & Central Asia,2000,1276.2880341,1210.6117195862
Belarus,BLR,Europe & Central Asia,2001,1244.37318523431,1276.2880341
Belarus,BLR,Europe & Central Asia,2002,1479.38066337175,1244.37318523431
Belarus,BLR,Europe & Central Asia,2003,1819.52653114699,1479.38066337175
Belarus,BLR,Europe & Central Asia,2004,2378.33700470129,1819.52653114699
Belarus,BLR,Europe & Central Asia,2005,3126.07176665248,2378.33700470129
Belarus,BLR,Europe & Central Asia,2006,3848.22350300163,3126.07176665248
Belarus,BLR,Europe & Central Asia,2007,4735.48107556066,3848.22350300163
Belarus,BLR,Europe & Central Asia,2008,6376.17569162063,4735.48107556066
Belarus,BLR,Europe & Central Asia,2009,5352.48809190697,6376.17569162063
Belarus,BLR,Europe & Central Asia,2010,6034.67885177216,5352.48809190697
Belarus,BLR,Europe & Central Asia,2011,6527.6593428786,6034.67885177216
Belarus,BLR,Europe & Central Asia,2012,6953.21591683101,6527.6593428786
Belarus,BLR,Europe & Central Asia,2013,7998.0802045456,6953.21591683101
Belarus,BLR,Europe & Central Asia,2014,8341.31809294883,7998.0802045456
Belarus,BLR,Europe & Central Asia,2015,5967.05595058777,8341.31809294883
Belarus,BLR,Europe & Central Asia,2016,5039.77560949445,5967.05595058777
Belarus,BLR,Europe & Central Asia,2017,5785.54491935194,5039.77560949445
Belarus,BLR,Europe & Central Asia,2018,6360.037502312,5785.54491935194
Belarus,BLR,Europe & Central Asia,2019,6837.77339645635,6360.037502312
Belarus,BLR,Europe & Central Asia,2020,6542.85579976768,6837.77339645635
Belarus,BLR,Europe & Central Asia,2021,7489.71894713888,6542.85579976768
Belarus,BLR,Europe & Central Asia,2022,7994.64806074889,7489.71894713888
Belarus,BLR,Europe & Central Asia,2023,7896.75388295584,7994.64806074889
Belarus,BLR,Europe & Central Asia,2024,8317.63399913792,7896.75388295584
Belize,BLZ,Latin America & Caribbean ,1970,441.7894689257,401.557990513297
Belize,BLZ,Latin America & Caribbean ,1971,481.04464147376,441.7894689257
Belize,BLZ,Latin America & Caribbean ,1972,529.356647508447,481.04464147376
Belize,BLZ,Latin America & Caribbean ,1973,618.567502314442,529.356647508447
Belize,BLZ,Latin America & Caribbean ,1974,804.777863602367,618.567502314442
Belize,BLZ,Latin America & Caribbean ,1975,906.486277401685,804.777863602367
Belize,BLZ,Latin America & Caribbean ,1976,729.488780751524,906.486277401685
Belize,BLZ,Latin America & Caribbean ,1977,865.792901454885,729.488780751524
Belize,BLZ,Latin America & Caribbean ,1978,982.604370174389,865.792901454885
Belize,BLZ,Latin America & Caribbean ,1979,1071.443696269,982.604370174389
Belize,BLZ,Latin America & Caribbean ,1980,1774.4136989701,1071.443696269
Belize,BLZ,Latin America & Caribbean ,1981,1752.51703789335,1774.4136989701
Belize,BLZ,Latin America & Caribbean ,1982,1629.32322940976,1752.51703789335
Belize,BLZ,Latin America & Caribbean ,1983,1677.25548155115,1629.32322940976
Belize,BLZ,Latin America & Caribbean ,1984,1814.18859813551,1677.25548155115
Belize,BLZ,Latin America & Caribbean ,1985,1754.01108696183,1814.18859813551
Belize,BLZ,Latin America & Caribbean ,1986,1859.10214020555,1754.01108696183
Belize,BLZ,Latin America & Caribbean ,1987,2165.89431416265,1859.10214020555
Belize,BLZ,Latin America & Caribbean ,1988,2405.81116565818,2165.89431416265
Belize,BLZ,Latin America & Caribbean ,1989,2741.93638439592,2405.81116565818
Belize,BLZ,Latin America & Caribbean ,1990,2986.46962075029,2741.93638439592
Belize,BLZ,Latin America & Caribbean ,1991,3190.13098802395,2986.46962075029
Belize,BLZ,Latin America & Caribbean ,1992,3642.9480634402,3190.13098802395
Belize,BLZ,Latin America & Caribbean ,1993,3859.6584437307,3642.9480634402
Belize,BLZ,Latin America & Caribbean ,1994,3876.69327011457,3859.6584437307
Belize,BLZ,Latin America & Caribbean ,1995,4009.82752539849,3876.69327011457
Belize,BLZ,Latin America & Caribbean ,1996,4043.26517997242,4009.82752539849
Belize,BLZ,Latin America & Caribbean ,1997,4014.40380600241,4043.26517997242
Belize,BLZ,Latin America & Caribbean ,1998,4125.92539958166,4014.40380600241
Belize,BLZ,Latin America & Caribbean ,1999,4289.5277590653,4125.92539958166
Belize,BLZ,Latin America & Caribbean ,2000,4726.50675459616,4289.5277590653
Belize,BLZ,Latin America & Caribbean ,2001,4718.77715104739,4726.50675459616
Belize,BLZ,Latin America & Caribbean ,2002,4858.86062599362,4718.77715104739
Belize,BLZ,Latin America & Caribbean ,2003,4959.74012434605,4858.86062599362
Belize,BLZ,Latin America & Caribbean ,2004,5153.71308265363,4959.74012434605
Belize,BLZ,Latin America & Caribbean ,2005,5270.41479135312,5153.71308265363
Belize,BLZ,Latin America & Caribbean ,2006,5524.78167834986,5270.41479135312
Belize,BLZ,Latin America & Caribbean ,2007,5762.21023302938,5524.78167834986
Belize,BLZ,Latin America & Caribbean ,2008,5711.81458859709,5762.21023302938
Belize,BLZ,Latin America & Caribbean ,2009,5399.67100001919,5711.81458859709
Belize,BLZ,Latin America & Caribbean ,2010,5461.40735999001,5399.67100001919
Belize,BLZ,Latin America & Caribbean ,2011,5596.05222152289,5461.40735999001
Belize,BLZ,Latin America & Caribbean ,2012,5732.66519942347,5596.05222152289
Belize,BLZ,Latin America & Caribbean ,2013,5957.34953619006,5732.66519942347
Belize,BLZ,Latin America & Caribbean ,2014,6128.12053089077,5957.34953619006
Belize,BLZ,Latin America & Caribbean ,2015,6154.62264230369,6128.12053089077
Belize,BLZ,Latin America & Caribbean ,2016,6140.86713919469,6154.62264230369
Belize,BLZ,Latin America & Caribbean ,2017,6071.85451846453,6140.86713919469
Belize,BLZ,Latin America & Caribbean ,2018,6011.99036888587,6071.85451846453
Belize,BLZ,Latin America & Caribbean ,2019,6171.61449761423,6011.99036888587
Belize,BLZ,Latin America & Caribbean ,2020,5238.54078175696,6171.61449761423
Belize,BLZ,Latin America & Caribbean ,2021,6142.98930557031,5238.54078175696
Belize,BLZ,Latin America & Caribbean ,2022,7068.21728043145,6142.98930557031
Belize,BLZ,Latin America & Caribbean ,2023,7424.75821321022,7068.21728043145
Belize,BLZ,Latin America & Caribbean ,2024,7681.24400583113,7424.75821321022
Bermuda,BMU,North America,1970,3574.16928861945,3214.04903909874
Bermuda,BMU,North America,1971,4012.77396544186,3574.16928861945
Bermuda,BMU,North America,1972,4458.08003333144,4012.77396544186
Bermuda,BMU,North America,1973,5090.09179163676,4458.08003333144
Bermuda,BMU,North America,1974,5891.88781664656,5090.09179163676
Bermuda,BMU,North America,1975,6493.6287150144,5891.88781664656
Bermuda,BMU,North America,1976,7259.91355008457,6493.6287150144
Bermuda,BMU,North America,1977,8383.03139417126,7259.91355008457
Bermuda,BMU,North America,1978,8904.94282345455,8383.03139417126
Bermuda,BMU,North America,1979,9664.21884634789,8904.94282345455
Bermuda,BMU,North America,1980,11426.6012333948,9664.21884634789
Bermuda,BMU,North America,1981,13687.7980628553,11426.6012333948
Bermuda,BMU,North America,1982,14442.7902256054,13687.7980628553
Bermuda,BMU,North America,1983,16236.741698158,14442.7902256054
Bermuda,BMU,North America,1984,17866.9174355163,16236.741698158
Bermuda,BMU,North America,1985,18713.8825139071,17866.9174355163
Bermuda,BMU,North America,1986,20996.9767217163,18713.8825139071
Bermuda,BMU,North America,1987,23042.7435883764,20996.9767217163
Bermuda,BMU,North America,1988,24958.1127004004,23042.7435883764
Bermuda,BMU,North America,1989,26282.6240963434,24958.1127004004
Bermuda,BMU,North America,1990,27665.525808301,26282.6240963434
Bermuda,BMU,North America,1991,28195.7091611479,27665.525808301
Bermuda,BMU,North America,1992,28761.9634632835,28195.7091611479
Bermuda,BMU,North America,1993,30950.0799102285,28761.9634632835
Bermuda,BMU,North America,1994,31543.0634861641,30950.0799102285
Bermuda,BMU,North America,1995,34115.3445553204,31543.0634861641
Bermuda,BMU,North America,1996,45063.6149332085,34115.3445553204
Bermuda,BMU,North America,1997,48736.6768034299,45063.6149332085
Bermuda,BMU,North America,1998,51629.2814855126,48736.6768034299
Bermuda,BMU,North America,1999,54388.3417315621,51629.2814855126
Bermuda,BMU,North America,2000,56542.9569455727,54388.3417315621
Bermuda,BMU,North America,2001,59490.2452034202,56542.9569455727
Bermuda,BMU,North America,2002,63358.5658652763,59490.2452034202
Bermuda,BMU,North America,2003,67106.8028083224,63358.5658652763
Bermuda,BMU,North America,2004,71692.1589001679,67106.8028083224
Bermuda,BMU,North America,2005,77628.103522508,71692.1589001679
Bermuda,BMU,North America,2006,97781.4558996721,77628.103522508
Bermuda,BMU,North America,2007,107395.651483891,97781.4558996721
Bermuda,BMU,North America,2008,110268.562401264,107395.651483891
Bermuda,BMU,North America,2009,104711.712420357,110268.562401264
Bermuda,BMU,North America,2010,104111.824244802,104711.712420357
Bermuda,BMU,North America,2011,99049.0169927667,104111.824244802
Bermuda,BMU,North America,2012,100213.493385287,99049.0169927667
Bermuda,BMU,North America,2013,101704.40746217,100213.493385287
Bermuda,BMU,North America,2014,100961.576602811,101704.40746217
Bermuda,BMU,North America,2015,104855.366822135,100961.576602811
Bermuda,BMU,North America,2016,108747.356144305,104855.366822135
Bermuda,BMU,North America,2017,112339.425587467,108747.356144305
Bermuda,BMU,North America,2018,113204.82210838,112339.425587467
Bermuda,BMU,North America,2019,115798.040775578,113204.82210838
Bermuda,BMU,North America,2020,106976.546239632,115798.040775578
Bermuda,BMU,North America,2021,112765.08167306,106976.546239632
Bermuda,BMU,North America,2022,121613.939983629,112765.08167306
Bermuda,BMU,North America,2023,132604.439086216,121613.939983629
Bermuda,BMU,North America,2024,142855.374713782,132604.439086216
Bolivia,BOL,Latin America & Caribbean ,1970,221.568878282044,207.126019695423
Bolivia,BOL,Latin America & Caribbean ,1971,233.392218893062,221.568878282044
Bolivia,BOL,Latin America & Caribbean ,1972,261.949887081198,233.392218893062
Bolivia,BOL,Latin America & Caribbean ,1973,257.213253175457,261.949887081198
Bolivia,BOL,Latin America & Caribbean ,1974,418.170299516169,257.213253175457
Bolivia,BOL,Latin America & Caribbean ,1975,468.064116140902,418.170299516169
Bolivia,BOL,Latin America & Caribbean ,1976,519.734821066353,468.064116140902
Bolivia,BOL,Latin America & Caribbean ,1977,599.9882290041,519.734821066353
Bolivia,BOL,Latin America & Caribbean ,1978,682.801036523933,599.9882290041
Bolivia,BOL,Latin America & Caribbean ,1979,785.198889713429,682.801036523933
Bolivia,BOL,Latin America & Caribbean ,1980,787.907344889279,785.198889713429
Bolivia,BOL,Latin America & Caribbean ,1981,1000.59266819668,787.907344889279
Bolivia,BOL,Latin America & Caribbean ,1982,929.552105072211,1000.59266819668
Bolivia,BOL,Latin America & Caribbean ,1983,881.867606330418,929.552105072211
Bolivia,BOL,Latin America & Caribbean ,1984,982.109656770748,881.867606330418
Bolivia,BOL,Latin America & Caribbean ,1985,838.080035867133,982.109656770748
Bolivia,BOL,Latin America & Caribbean ,1986,604.257233504238,838.080035867133
Bolivia,BOL,Latin America & Caribbean ,1987,649.708769442851,604.257233504238
Bolivia,BOL,Latin America & Caribbean ,1988,672.607268146683,649.708769442851
Bolivia,BOL,Latin America & Caribbean ,1989,675.469993900788,672.607268146683
Bolivia,BOL,Latin America & Caribbean ,1990,682.67681029538,675.469993900788
Bolivia,BOL,Latin America & Caribbean ,1991,733.935487602519,682.67681029538
Bolivia,BOL,Latin America & Caribbean ,1992,759.57113496365,733.935487602519
Bolivia,BOL,Latin America & Caribbean ,1993,756.637016048451,759.57113496365
Bolivia,BOL,Latin America & Caribbean ,1994,774.035669644318,756.637016048451
Bolivia,BOL,Latin America & Caribbean ,1995,852.754034861444,774.035669644318
Bolivia,BOL,Latin America & Caribbean ,1996,922.113259069714,852.754034861444
Bolivia,BOL,Latin America & Caribbean ,1997,970.351843368594,922.113259069714
Bolivia,BOL,Latin America & Caribbean ,1998,1022.14506519545,970.351843368594
Bolivia,BOL,Latin America & Caribbean ,1999,979.344494964572,1022.14506519545
Bolivia,BOL,Latin America & Caribbean ,2000,975.777060358751,979.344494964572
Bolivia,BOL,Latin America & Caribbean ,2001,930.168227214313,975.777060358751
Bolivia,BOL,Latin America & Caribbean ,2002,888.221328974352,930.168227214313
Bolivia,BOL,Latin America & Caribbean ,2003,893.013760211149,888.221328974352
Bolivia,BOL,Latin America & Caribbean ,2004,953.191893246277,893.013760211149
Bolivia,BOL,Latin America & Caribbean ,2005,1020.12326200737,953.191893246277
Bolivia,BOL,Latin America & Caribbean ,2006,1202.71150446327,1020.12326200737
Bolivia,BOL,Latin America & Caribbean ,2007,1354.54905949929,1202.71150446327
Bolivia,BOL,Latin America & Caribbean ,2008,1692.67248455876,1354.54905949929
Bolivia,BOL,Latin America & Caribbean ,2009,1731.18172112209,1692.67248455876
Bolivia,BOL,Latin America & Caribbean ,2010,1929.78373077158,1731.18172112209
Bolivia,BOL,Latin America & Caribbean ,2011,2315.52121930607,1929.78373077158
Bolivia,BOL,Latin America & Caribbean ,2012,2575.59857098084,2315.52121930607
Bolivia,BOL,Latin America & Caribbean ,2013,2870.02377000756,2575.59857098084
Bolivia,BOL,Latin America & Caribbean ,2014,3041.43503162408,2870.02377000756
Bolivia,BOL,Latin America & Caribbean ,2015,2996.01289811344,3041.43503162408
Bolivia,BOL,Latin America & Caribbean ,2016,3035.87347732132,2996.01289811344
Bolivia,BOL,Latin America & Caribbean ,2017,4048.40119739839,3035.87347732132
Bolivia,BOL,Latin America & Caribbean ,2018,4206.8552936661,4048.40119739839
Bolivia,BOL,Latin America & Caribbean ,2019,4203.15492855788,4206.8552936661
Bolivia,BOL,Latin America & Caribbean ,2020,3580.96761778303,4203.15492855788
Bolivia,BOL,Latin America & Caribbean ,2021,4010.76053686204,3580.96761778303
Bolivia,BOL,Latin America & Caribbean ,2022,4219.46113742445,4010.76053686204
Bolivia,BOL,Latin America & Caribbean ,2023,4274.70820547613,4219.46113742445
Bolivia,BOL,Latin America & Caribbean ,2024,4421.16609889999,4274.70820547613
Brazil,BRA,Latin America & Caribbean ,1970,443.799484982738,399.49841913391
Brazil,BRA,Latin America & Caribbean ,1971,500.001988983361,443.799484982738
Brazil,BRA,Latin America & Caribbean ,1972,583.492034946156,500.001988983361
Brazil,BRA,Latin America & Caribbean ,1973,814.731780553415,583.492034946156
Brazil,BRA,Latin America & Caribbean ,1974,1044.76980947499,814.731780553415
Brazil,BRA,Latin America & Caribbean ,1975,1200.55823714607,1044.76980947499
Brazil,BRA,Latin America & Caribbean ,1976,1389.74952306555,1200.55823714607
Brazil,BRA,Latin America & Caribbean ,1977,1562.29143045708,1389.74952306555
Brazil,BRA,Latin America & Caribbean ,1978,1732.50012204556,1562.29143045708
Brazil,BRA,Latin America & Caribbean ,1979,1869.7133759549,1732.50012204556
Brazil,BRA,Latin America & Caribbean ,1980,1958.57159232662,1869.7133759549
Brazil,BRA,Latin America & Caribbean ,1981,2079.70908377484,1958.57159232662
Brazil,BRA,Latin America & Caribbean ,1982,2137.6250359394,2079.70908377484
Brazil,BRA,Latin America & Caribbean ,1983,1461.25582714178,2137.6250359394
Brazil,BRA,Latin America & Caribbean ,1984,1419.73154606978,1461.25582714178
Brazil,BRA,Latin America & Caribbean ,1985,1556.1297180511,1419.73154606978
Brazil,BRA,Latin America & Caribbean ,1986,1854.03775211919,1556.1297180511
Brazil,BRA,Latin America & Caribbean ,1987,2006.00226235757,1854.03775211919
Brazil,BRA,Latin America & Caribbean ,1988,2140.65027561164,2006.00226235757
Brazil,BRA,Latin America & Caribbean ,1989,2818.99277980122,2140.65027561164
Brazil,BRA,Latin America & Caribbean ,1990,2619.80141064047,2818.99277980122
Brazil,BRA,Latin America & Caribbean ,1991,2258.10454027063,2619.80141064047
Brazil,BRA,Latin America & Caribbean ,1992,2127.29083011489,2258.10454027063
Brazil,BRA,Latin America & Caribbean ,1993,2348.90635436384,2127.29083011489
Brazil,BRA,Latin America & Caribbean ,1994,3298.71491891786,2348.90635436384
Brazil,BRA,Latin America & Caribbean ,1995,4756.75013552302,3298.71491891786
Brazil,BRA,Latin America & Caribbean ,1996,5179.13052009976,4756.75013552302
Brazil,BRA,Latin America & Caribbean ,1997,5299.39794248133,5179.13052009976
Brazil,BRA,Latin America & Caribbean ,1998,5105.89246192003,5299.39794248133
Brazil,BRA,Latin America & Caribbean ,1999,3493.57192043228,5105.89246192003
Brazil,BRA,Latin America & Caribbean ,2000,3766.54786339835,3493.57192043228
Brazil,BRA,Latin America & Caribbean ,2001,3176.28975052524,3766.54786339835
Brazil,BRA,Latin America & Caribbean ,2002,2855.94017137049,3176.28975052524
Brazil,BRA,Latin America & Caribbean ,2003,3090.6068907839,2855.94017137049
Brazil,BRA,Latin America & Caribbean ,2004,3663.82262497811,3090.6068907839
Brazil,BRA,Latin America & Caribbean ,2005,4827.78165890291,3663.82262497811
Brazil,BRA,Latin America & Caribbean ,2006,5934.14561857454,4827.78165890291
Brazil,BRA,Latin America & Caribbean ,2007,7409.69003822861,5934.14561857454
Brazil,BRA,Latin America & Caribbean ,2008,8908.33338467948,7409.69003822861
Brazil,BRA,Latin America & Caribbean ,2009,8678.6584730653,8908.33338467948
Brazil,BRA,Latin America & Caribbean ,2010,11403.2840038694,8678.6584730653
Brazil,BRA,Latin America & Caribbean ,2011,13396.6263158041,11403.2840038694
Brazil,BRA,Latin America & Caribbean ,2012,12521.7238454434,13396.6263158041
Brazil,BRA,Latin America & Caribbean ,2013,12458.8903396625,12521.7238454434
Brazil,BRA,Latin America & Caribbean ,2014,12274.9941630213,12458.8903396625
Brazil,BRA,Latin America & Caribbean ,2015,8936.1955889444,12274.9941630213
Brazil,BRA,Latin America & Caribbean ,2016,8836.28546025694,8936.1955889444
Brazil,BRA,Latin America & Caribbean ,2017,10080.5078722821,8836.28546025694
Brazil,BRA,Latin America & Caribbean ,2018,9300.66072904004,10080.5078722821
Brazil,BRA,Latin America & Caribbean ,2019,9029.83304401079,9300.66072904004
Brazil,BRA,Latin America & Caribbean ,2020,7074.19407495707,9029.83304401079
Brazil,BRA,Latin America & Caribbean ,2021,7972.53696080695,7074.19407495707
Brazil,BRA,Latin America & Caribbean ,2022,9281.33282136864,7972.53696080695
Brazil,BRA,Latin America & Caribbean ,2023,10377.5897719195,9281.33282136864
Brazil,BRA,Latin America & Caribbean ,2024,10310.5488778166,10377.5897719195
Barbados,BRB,Latin America & Caribbean ,1970,666.475008721385,566.833205048027
Barbados,BRB,Latin America & Caribbean ,1971,749.801351020502,666.475008721385
Barbados,BRB,Latin America & Caribbean ,1972,856.071973120587,749.801351020502
Barbados,BRB,Latin America & Caribbean ,1973,1041.72956280824,856.071973120587
Barbados,BRB,Latin America & Caribbean ,1974,1243.35417471937,1041.72956280824
Barbados,BRB,Latin America & Caribbean ,1975,1601.18883256516,1243.35417471937
Barbados,BRB,Latin America & Caribbean ,1976,1733.64540764741,1601.18883256516
Barbados,BRB,Latin America & Caribbean ,1977,1967.59344395667,1733.64540764741
Barbados,BRB,Latin America & Caribbean ,1978,2197.89906243719,1967.59344395667
Barbados,BRB,Latin America & Caribbean ,1979,2667.90751006045,2197.89906243719
Barbados,BRB,Latin America & Caribbean ,1980,4024.58856621204,2667.90751006045
Barbados,BRB,Latin America & Caribbean ,1981,4416.71519879857,4024.58856621204
Barbados,BRB,Latin America & Caribbean ,1982,4598.7626399513,4416.71519879857
Barbados,BRB,Latin America & Caribbean ,1983,4866.35999061756,4598.7626399513
Barbados,BRB,Latin America & Caribbean ,1984,5283.57944099441,4866.35999061756
Barbados,BRB,Latin America & Caribbean ,1985,5509.8746029115,5283.57944099441
Barbados,BRB,Latin America & Caribbean ,1986,6031.35860779383,5509.8746029115
Barbados,BRB,Latin America & Caribbean ,1987,6624.59939505809,6031.35860779383
Barbados,BRB,Latin America & Caribbean ,1988,7032.65370811416,6624.59939505809
Barbados,BRB,Latin America & Caribbean ,1989,7772.55022803365,7032.65370811416
Barbados,BRB,Latin America & Caribbean ,1990,7781.40573306125,7772.55022803365
Barbados,BRB,Latin America & Caribbean ,1991,7790.26229439159,7781.40573306125
Barbados,BRB,Latin America & Caribbean ,1992,7519.20143544898,7790.26229439159
Barbados,BRB,Latin America & Caribbean ,1993,7904.70762426389,7519.20143544898
Barbados,BRB,Latin America & Caribbean ,1994,8223.16681181719,7904.70762426389
Barbados,BRB,Latin America & Caribbean ,1995,8460.47380869104,8223.16681181719
Barbados,BRB,Latin America & Caribbean ,1996,9011.77884838722,8460.47380869104
Barbados,BRB,Latin America & Caribbean ,1997,9521.57127377123,9011.77884838722
Barbados,BRB,Latin America & Caribbean ,1998,10734.3637242884,9521.57127377123
Barbados,BRB,Latin America & Caribbean ,1999,11244.3087668392,10734.3637242884
Barbados,BRB,Latin America & Caribbean ,2000,11674.6736471764,11244.3087668392
Barbados,BRB,Latin America & Caribbean ,2001,11639.5160522054,11674.6736471764
Barbados,BRB,Latin America & Caribbean ,2002,11760.4524736133,11639.5160522054
Barbados,BRB,Latin America & Caribbean ,2003,12075.9587020649,11760.4524736133
Barbados,BRB,Latin America & Caribbean ,2004,12886.3665272467,12075.9587020649
Barbados,BRB,Latin America & Caribbean ,2005,14214.4202213572,12886.3665272467
Barbados,BRB,Latin America & Caribbean ,2006,15619.6005955511,14214.4202213572
Barbados,BRB,Latin America & Caribbean ,2007,17235.4396434785,15619.6005955511
Barbados,BRB,Latin America & Caribbean ,2008,17565.6929970592,17235.4396434785
Barbados,BRB,Latin America & Caribbean ,2009,16294.9099491834,17565.6929970592
Barbados,BRB,Latin America & Caribbean ,2010,20610.5150721363,16294.9099491834
Barbados,BRB,Latin America & Caribbean ,2011,20508.1498810382,20610.5150721363
Barbados,BRB,Latin America & Caribbean ,2012,20804.1150004694,20508.1498810382
Barbados,BRB,Latin America & Caribbean ,2013,20410.2065438568,20804.1150004694
Barbados,BRB,Latin America & Caribbean ,2014,20192.7084081797,20410.2065438568
Barbados,BRB,Latin America & Caribbean ,2015,20424.2087530019,20192.7084081797
Barbados,BRB,Latin America & Caribbean ,2016,20295.5672072046,20424.2087530019
Barbados,BRB,Latin America & Caribbean ,2017,20284.5762052461,20295.5672072046
Barbados,BRB,Latin America & Caribbean ,2018,21381.2426303209,20284.5762052461
Barbados,BRB,Latin America & Caribbean ,2019,21912.1501242857,21381.2426303209
Barbados,BRB,Latin America & Caribbean ,2020,19194.4919736739,21912.1501242857
Barbados,BRB,Latin America & Caribbean ,2021,21079.6145271791,19194.4919736739
Barbados,BRB,Latin America & Caribbean ,2022,24387.0387293761,21079.6145271791
Barbados,BRB,Latin America & Caribbean ,2023,25583.878782727,24387.0387293761
Barbados,BRB,Latin America & Caribbean ,2024,26544.8707282621,25583.878782727
Brunei Darussalam,BRN,East Asia & Pacific,1975,15793.1312553958,15194.792305663
Brunei Darussalam,BRN,East Asia & Pacific,1976,18671.3624129294,15793.1312553958
Brunei Darussalam,BRN,East Asia & Pacific,1977,21746.8559126458,18671.3624129294
Brunei Darussalam,BRN,East Asia & Pacific,1978,23446.5341231193,21746.8559126458
Brunei Darussalam,BRN,East Asia & Pacific,1979,33501.2782714145,23446.5341231193
Brunei Darussalam,BRN,East Asia & Pacific,1980,58005.3424763282,33501.2782714145
Brunei Darussalam,BRN,East Asia & Pacific,1981,48793.4422577232,58005.3424763282
Brunei Darussalam,BRN,East Asia & Pacific,1982,45074.5499241983,48793.4422577232
Brunei Darussalam,BRN,East Asia & Pacific,1983,38720.0939254718,45074.5499241983
Brunei Darussalam,BRN,East Asia & Pacific,1984,36061.3815259405,38720.0939254718
Brunei Darussalam,BRN,East Asia & Pacific,1985,31827.4059557344,36061.3815259405
Brunei Darussalam,BRN,East Asia & Pacific,1986,18500.5408625966,31827.4059557344
Brunei Darussalam,BRN,East Asia & Pacific,1987,21029.7189772961,18500.5408625966
Brunei Darussalam,BRN,East Asia & Pacific,1988,18824.7637309359,21029.7189772961
Brunei Darussalam,BRN,East Asia & Pacific,1989,20090.0690184766,18824.7637309359
Brunei Darussalam,BRN,East Asia & Pacific,1990,23658.7166330381,20090.0690184766
Brunei Darussalam,BRN,East Asia & Pacific,1991,23932.1897281583,23658.7166330381
Brunei Darussalam,BRN,East Asia & Pacific,1992,23450.8964055243,23932.1897281583
Brunei Darussalam,BRN,East Asia & Pacific,1993,22397.0737447404,23450.8964055243
Brunei Darussalam,BRN,East Asia & Pacific,1994,22766.587177075,22397.0737447404
Brunei Darussalam,BRN,East Asia & Pacific,1995,26443.2564746713,22766.587177075
Brunei Darussalam,BRN,East Asia & Pacific,1996,25692.2357348562,26443.2564746713
Brunei Darussalam,BRN,East Asia & Pacific,1997,25522.3975038009,25692.2357348562
Brunei Darussalam,BRN,East Asia & Pacific,1998,17769.2463451942,25522.3975038009
Brunei Darussalam,BRN,East Asia & Pacific,1999,19752.2013255542,17769.2463451942
Brunei Darussalam,BRN,East Asia & Pacific,2000,20130.2572346624,19752.2013255542
Brunei Darussalam,BRN,East Asia & Pacific,2001,18287.8272281914,20130.2572346624
Brunei Darussalam,BRN,East Asia & Pacific,2002,18621.2922577525,18287.8272281914
Brunei Darussalam,BRN,East Asia & Pacific,2003,20677.9001143188,18621.2922577525
Brunei Darussalam,BRN,East Asia & Pacific,2004,24423.0946995548,20677.9001143188
Brunei Darussalam,BRN,East Asia & Pacific,2005,29386.2703822862,24423.0946995548
Brunei Darussalam,BRN,East Asia & Pacific,2006,34674.7995236452,29386.2703822862
Brunei Darussalam,BRN,East Asia & Pacific,2007,36217.3290706015,34674.7995236452
Brunei Darussalam,BRN,East Asia & Pacific,2008,42156.5685838672,36217.3290706015
Brunei Darussalam,BRN,East Asia & Pacific,2009,30946.4673773828,42156.5685838672
Brunei Darussalam,BRN,East Asia & Pacific,2010,34937.5555357155,30946.4673773828
Brunei Darussalam,BRN,East Asia & Pacific,2011,46382.8274255349,34937.5555357155
Brunei Darussalam,BRN,East Asia & Pacific,2012,46968.5971164922,46382.8274255349
Brunei Darussalam,BRN,East Asia & Pacific,2013,44003.0644273461,46968.5971164922
Brunei Darussalam,BRN,East Asia & Pacific,2014,41026.5084247957,44003.0644273461
Brunei Darussalam,BRN,East Asia & Pacific,2015,30625.1287744656,41026.5084247957
Brunei Darussalam,BRN,East Asia & Pacific,2016,26663.2972950602,30625.1287744656
Brunei Darussalam,BRN,East Asia & Pacific,2017,28024.3824580252,26663.2972950602
Brunei Darussalam,BRN,East Asia & Pacific,2018,30988.1190267227,28024.3824580252
Brunei Darussalam,BRN,East Asia & Pacific,2019,30426.5730656528,30988.1190267227
Brunei Darussalam,BRN,East Asia & Pacific,2020,26834.3592233943,30426.5730656528
Brunei Darussalam,BRN,East Asia & Pacific,2021,31006.9636289785,26834.3592233943
Brunei Darussalam,BRN,East Asia & Pacific,2022,36632.9280952155,31006.9636289785
Brunei Darussalam,BRN,East Asia & Pacific,2023,32890.5491812019,36632.9280952155
Brunei Darussalam,BRN,East Asia & Pacific,2024,33153.4738913513,32890.5491812019
Bhutan,BTN,South Asia,1980,296.880510831581,251.378805345213
Bhutan,BTN,South Asia,1981,310.77041169131,296.880510831581
Bhutan,BTN,South Asia,1982,305.824658960335,310.77041169131
Bhutan,BTN,South Asia,1983,328.204016909505,305.824658960335
Bhutan,BTN,South Asia,1984,325.545257021725,328.204016909505
Bhutan,BTN,South Asia,1985,321.186830951891,325.545257021725
Bhutan,BTN,South Asia,1986,364.694569557154,321.186830951891
Bhutan,BTN,South Asia,1987,449.060443850487,364.694569557154
Bhutan,BTN,South Asia,1988,488.877757351253,449.060443850487
Bhutan,BTN,South Asia,1989,461.654618792732,488.877757351253
Bhutan,BTN,South Asia,1990,488.327431477129,461.654618792732
Bhutan,BTN,South Asia,1991,400.634705187075,488.327431477129
Bhutan,BTN,South Asia,1992,415.791522568451,400.634705187075
Bhutan,BTN,South Asia,1993,407.39984249657,415.791522568451
Bhutan,BTN,South Asia,1994,467.008312125283,407.39984249657
Bhutan,BTN,South Asia,1995,530.103676927417,467.008312125283
Bhutan,BTN,South Asia,1996,552.873891403681,530.103676927417
Bhutan,BTN,South Asia,1997,630.447410148304,552.873891403681
Bhutan,BTN,South Asia,1998,638.278962310609,630.447410148304
Bhutan,BTN,South Asia,1999,685.419830628567,638.278962310609
Bhutan,BTN,South Asia,2000,771.924911410619,685.419830628567
Bhutan,BTN,South Asia,2001,812.238210772056,771.924911410619
Bhutan,BTN,South Asia,2002,895.799489930972,812.238210772056
Bhutan,BTN,South Asia,2003,1022.38240311018,895.799489930972
Bhutan,BTN,South Asia,2004,1130.35934606796,1022.38240311018
Bhutan,BTN,South Asia,2005,1299.94938578359,1130.35934606796
Bhutan,BTN,South Asia,2006,1405.6071618158,1299.94938578359
Bhutan,BTN,South Asia,2007,1850.41570433398,1405.6071618158
Bhutan,BTN,South Asia,2008,1919.59774896395,1850.41570433398
Bhutan,BTN,South Asia,2009,1918.39599211093,1919.59774896395
Bhutan,BTN,South Asia,2010,2435.5798056672,1918.39599211093
Bhutan,BTN,South Asia,2011,2787.97967608562,2435.5798056672
Bhutan,BTN,South Asia,2012,2751.2128864294,2787.97967608562
Bhutan,BTN,South Asia,2013,2679.95217201538,2751.2128864294
Bhutan,BTN,South Asia,2014,2849.49998647303,2679.95217201538
Bhutan,BTN,South Asia,2015,2954.04081911097,2849.49998647303
Bhutan,BTN,South Asia,2016,3152.30905106786,2954.04081911097
Bhutan,BTN,South Asia,2017,3435.28804735662,3152.30905106786
Bhutan,BTN,South Asia,2018,3400.20417245342,3435.28804735662
Bhutan,BTN,South Asia,2019,3576.87987100503,3400.20417245342
Bhutan,BTN,South Asia,2020,3191.66906999331,3576.87987100503
Bhutan,BTN,South Asia,2021,3570.61257980872,3191.66906999331
Bhutan,BTN,South Asia,2022,3711.32767981591,3570.61257980872
Bhutan,BTN,South Asia,2023,3831.32535494609,3711.32767981591
Botswana,BWA,Sub-Saharan Africa ,1970,163.031832252562,131.776574536345
Botswana,BWA,Sub-Saharan Africa ,1971,212.244206736036,163.031832252562
Botswana,BWA,Sub-Saharan Africa ,1972,264.233716807813,212.244206736036
Botswana,BWA,Sub-Saharan Africa ,1973,374.189409146144,264.233716807813
Botswana,BWA,Sub-Saharan Africa ,1974,446.487855432073,374.189409146144
Botswana,BWA,Sub-Saharan Africa ,1975,493.029472690457,446.487855432073
Botswana,BWA,Sub-Saharan Africa ,1976,490.469570533565,493.029472690457
Botswana,BWA,Sub-Saharan Africa ,1977,564.831748249189,490.469570533565
Botswana,BWA,Sub-Saharan Africa ,1978,695.219336897052,564.831748249189
Botswana,BWA,Sub-Saharan Africa ,1979,909.207133285411,695.219336897052
Botswana,BWA,Sub-Saharan Africa ,1980,1131.63379014463,909.207133285411
Botswana,BWA,Sub-Saharan Africa ,1981,1107.02810145663,1131.63379014463
Botswana,BWA,Sub-Saharan Africa ,1982,1005.62456165727,1107.02810145663
Botswana,BWA,Sub-Saharan Africa ,1983,1120.53239354023,1005.62456165727
Botswana,BWA,Sub-Saharan Africa ,1984,1145.02903810762,1120.53239354023
Botswana,BWA,Sub-Saharan Africa ,1985,993.616748339174,1145.02903810762
Botswana,BWA,Sub-Saharan Africa ,1986,1199.84677856226,993.616748339174
Botswana,BWA,Sub-Saharan Africa ,1987,1638.82669390133,1199.84677856226
Botswana,BWA,Sub-Saharan Africa ,1988,2140.51439180359,1638.82669390133
Botswana,BWA,Sub-Saharan Africa ,1989,2427.68261967121,2140.51439180359
Botswana,BWA,Sub-Saharan Africa ,1990,2903.15381562611,2427.68261967121
Botswana,BWA,Sub-Saharan Africa ,1991,2938.59442659608,2903.15381562611
Botswana,BWA,Sub-Saharan Africa ,1992,3004.61263362306,2938.59442659608
Botswana,BWA,Sub-Saharan Africa ,1993,2929.43119022452,3004.61263362306
Botswana,BWA,Sub-Saharan Africa ,1994,2917.25514197806,2929.43119022452
Botswana,BWA,Sub-Saharan Africa ,1995,3156.18194514079,2917.25514197806
Botswana,BWA,Sub-Saharan Africa ,1996,3156.26865681161,3156.18194514079
Botswana,BWA,Sub-Saharan Africa ,1997,3194.18106145858,3156.26865681161
Botswana,BWA,Sub-Saharan Africa ,1998,2981.19639702109,3194.18106145858
Botswana,BWA,Sub-Saharan Africa ,1999,3339.99596033431,2981.19639702109
Botswana,BWA,Sub-Saharan Africa ,2000,3450.81180622992,3339.99596033431
Botswana,BWA,Sub-Saharan Africa ,2001,3206.07123689853,3450.81180622992
Botswana,BWA,Sub-Saharan Africa ,2002,3117.25087183011,3206.07123689853
Botswana,BWA,Sub-Saharan Africa ,2003,4230.12326909926,3117.25087183011
Botswana,BWA,Sub-Saharan Africa ,2004,4956.69287735214,4230.12326909926
Botswana,BWA,Sub-Saharan Africa ,2005,5391.07076619634,4956.69287735214
Botswana,BWA,Sub-Saharan Africa ,2006,5291.58379144849,5391.07076619634
Botswana,BWA,Sub-Saharan Africa ,2007,5529.12574632532,5291.58379144849
Botswana,BWA,Sub-Saharan Africa ,2008,5503.07395314313,5529.12574632532
Botswana,BWA,Sub-Saharan Africa ,2009,5082.93388332404,5503.07395314313
Botswana,BWA,Sub-Saharan Africa ,2010,6215.73216077919,5082.93388332404
Botswana,BWA,Sub-Saharan Africa ,2011,7287.38295334919,6215.73216077919
Botswana,BWA,Sub-Saharan Africa ,2012,6595.53845015424,7287.38295334919
Botswana,BWA,Sub-Saharan Africa ,2013,6666.91219583487,6595.53845015424
Botswana,BWA,Sub-Saharan Africa ,2014,7122.36423421503,6666.91219583487
Botswana,BWA,Sub-Saharan Africa ,2015,6141.20394726616,7122.36423421503
Botswana,BWA,Sub-Saharan Africa ,2016,6749.05994339013,6141.20394726616
Botswana,BWA,Sub-Saharan Africa ,2017,7104.96401088027,6749.05994339013
Botswana,BWA,Sub-Saharan Africa ,2018,7407.95940141786,7104.96401088027
Botswana,BWA,Sub-Saharan Africa ,2019,7172.08956480028,7407.95940141786
Botswana,BWA,Sub-Saharan Africa ,2020,6323.2974967659,7172.08956480028
Botswana,BWA,Sub-Saharan Africa ,2021,7807.88794570471,6323.2974967659
Botswana,BWA,Sub-Saharan Africa ,2022,8328.7090572666,7807.88794570471
Botswana,BWA,Sub-Saharan Africa ,2023,7826.35376483298,8328.7090572666
Botswana,BWA,Sub-Saharan Africa ,2024,7695.75319445165,7826.35376483298
Central African Republic,CAF,Sub-Saharan Africa ,1970,90.1578442993038,91.6587059467658
Central African Republic,CAF,Sub-Saharan Africa ,1971,94.0721472956876,90.1578442993038
Central African Republic,CAF,Sub-Saharan Africa ,1972,105.468061578138,94.0721472956876
Central African Republic,CAF,Sub-Saharan Africa ,1973,121.824846111542,105.468061578138
Central African Republic,CAF,Sub-Saharan Africa ,1974,124.000349692552,121.824846111542
Central African Republic,CAF,Sub-Saharan Africa ,1975,163.644668287845,124.000349692552
Central African Republic,CAF,Sub-Saharan Africa ,1976,192.09699080748,163.644668287845
Central African Republic,CAF,Sub-Saharan Africa ,1977,213.785550996675,192.09699080748
Central African Republic,CAF,Sub-Saharan Africa ,1978,254.624087711594,213.785550996675
Central African Republic,CAF,Sub-Saharan Africa ,1979,289.118938225139,254.624087711594
Central African Republic,CAF,Sub-Saharan Africa ,1980,325.254770299088,289.118938225139
Central African Republic,CAF,Sub-Saharan Africa ,1981,280.343391789938,325.254770299088
Central African Republic,CAF,Sub-Saharan Africa ,1982,298.444544895201,280.343391789938
Central African Republic,CAF,Sub-Saharan Africa ,1983,259.588394525784,298.444544895201
Central African Republic,CAF,Sub-Saharan Africa ,1984,248.313551025498,259.588394525784
Central African Republic,CAF,Sub-Saharan Africa ,1985,332.515358450814,248.313551025498
Central African Republic,CAF,Sub-Saharan Africa ,1986,426.02699258009,332.515358450814
Central African Republic,CAF,Sub-Saharan Africa ,1987,449.952130096608,426.02699258009
Central African Republic,CAF,Sub-Saharan Africa ,1988,466.070596898859,449.952130096608
Central African Republic,CAF,Sub-Saharan Africa ,1989,443.226859814307,466.070596898859
Central African Republic,CAF,Sub-Saharan Africa ,1990,501.656200636394,443.226859814307
Central African Republic,CAF,Sub-Saharan Africa ,1991,464.828283626364,501.656200636394
Central African Republic,CAF,Sub-Saharan Africa ,1992,461.587303490896,464.828283626364
Central African Republic,CAF,Sub-Saharan Africa ,1993,404.954546941526,461.587303490896
Central African Republic,CAF,Sub-Saharan Africa ,1994,261.260397409459,404.954546941526
Central African Republic,CAF,Sub-Saharan Africa ,1995,333.145863233895,261.260397409459
Central African Republic,CAF,Sub-Saharan Africa ,1996,293.306575328658,333.145863233895
Central African Republic,CAF,Sub-Saharan Africa ,1997,265.5212823896,293.306575328658
Central African Republic,CAF,Sub-Saharan Africa ,1998,266.570544600384,265.5212823896
Central African Republic,CAF,Sub-Saharan Africa ,1999,267.995954011083,266.570544600384
Central African Republic,CAF,Sub-Saharan Africa ,2000,239.154133726071,267.995954011083
Central African Republic,CAF,Sub-Saharan Africa ,2001,237.951702544735,239.154133726071
Central African Republic,CAF,Sub-Saharan Africa ,2002,248.639290978403,237.951702544735
Central African Republic,CAF,Sub-Saharan Africa ,2003,278.403992150941,248.639290978403
Central African Republic,CAF,Sub-Saharan Africa ,2004,303.461321152782,278.403992150941
Central African Republic,CAF,Sub-Saharan Africa ,2005,311.950023138687,303.461321152782
Central African Republic,CAF,Sub-Saharan Africa ,2006,333.942519903031,311.950023138687
Central African Republic,CAF,Sub-Saharan Africa ,2007,380.887048839475,333.942519903031
Central African Republic,CAF,Sub-Saharan Africa ,2008,437.24827472489,380.887048839475
Central African Republic,CAF,Sub-Saharan Africa ,2009,456.471673898404,437.24827472489
Central African Republic,CAF,Sub-Saharan Africa ,2010,476.873786950728,456.471673898404
Central African Republic,CAF,Sub-Saharan Africa ,2011,534.057281471636,476.873786950728
Central African Republic,CAF,Sub-Saharan Africa ,2012,544.395849142785,534.057281471636
Central African Republic,CAF,Sub-Saharan Africa ,2013,364.36696260838,544.395849142785
Central African Republic,CAF,Sub-Saharan Africa ,2014,409.8504859647,364.36696260838
Central African Republic,CAF,Sub-Saharan Africa ,2015,366.322853938121,409.8504859647
Central African Republic,CAF,Sub-Saharan Africa ,2016,387.176203444318,366.322853938121
Central African Republic,CAF,Sub-Saharan Africa ,2017,432.324025684263,387.176203444318
Central African Republic,CAF,Sub-Saharan Africa ,2018,455.243962859534,432.324025684263
Central African Republic,CAF,Sub-Saharan Africa ,2019,449.228467602439,455.243962859534
Central African Republic,CAF,Sub-Saharan Africa ,2020,462.879071294011,449.228467602439
Central African Republic,CAF,Sub-Saharan Africa ,2021,492.263142830507,462.879071294011
Central African Republic,CAF,Sub-Saharan Africa ,2022,467.359825026238,492.263142830507
Central African Republic,CAF,Sub-Saharan Africa ,2023,495.978897288721,467.359825026238
Central African Republic,CAF,Sub-Saharan Africa ,2024,516.160999996036,495.978897288721
Canada,CAN,North America,1970,4135.82149842006,3776.15613110238
Canada,CAN,North America,1971,4535.39338907773,4135.82149842006
Canada,CAN,North America,1972,5106.73708049128,4535.39338907773
Canada,CAN,North America,1973,5858.33407318788,5106.73708049128
Canada,CAN,North America,1974,7056.70847496589,5858.33407318788
Canada,CAN,North America,1975,7536.52009823861,7056.70847496589
Canada,CAN,North America,1976,8838.94710677652,7536.52009823861
Canada,CAN,North America,1977,8949.10989272982,8838.94710677652
Canada,CAN,North America,1978,9154.43325277735,8949.10989272982
Canada,CAN,North America,1979,10077.5026707269,9154.43325277735
Canada,CAN,North America,1980,11208.2027394178,10077.5026707269
Canada,CAN,North America,1981,12379.0368643833,11208.2027394178
Canada,CAN,North America,1982,12527.3135323802,12379.0368643833
Canada,CAN,North America,1983,13477.1031699599,12527.3135323802
Canada,CAN,North America,1984,13930.4745502555,13477.1031699599
Canada,CAN,North America,1985,14170.1249406067,13930.4745502555
Canada,CAN,North America,1986,14521.1800806,14170.1249406067
Canada,CAN,North America,1987,16377.6902109541,14521.1800806
Canada,CAN,North America,1988,19012.5723278349,16377.6902109541
Canada,CAN,North America,1989,20794.682233334,19012.5723278349
Canada,CAN,North America,1990,21525.8611387148,20794.682233334
Canada,CAN,North America,1991,21846.7930471354,21525.8611387148
Canada,CAN,North America,1992,20950.3305287651,21846.7930471354
Canada,CAN,North America,1993,20186.7988782965,20950.3305287651
Canada,CAN,North America,1994,19997.6237373354,20186.7988782965
Canada,CAN,North America,1995,20679.634792669,19997.6237373354
Canada,CAN,North America,1996,21296.9723536904,20679.634792669
Canada,CAN,North America,1997,21901.5628548392,21296.9723536904
Canada,CAN,North America,1998,21024.5850687045,21901.5628548392
Canada,CAN,North America,1999,22315.2466731545,21024.5850687045
Canada,CAN,North America,2000,24271.0020563821,22315.2466731545
Canada,CAN,North America,2001,23822.096210932,24271.0020563821
Canada,CAN,North America,2002,24256.0192337185,23822.096210932
Canada,CAN,North America,2003,28301.8645937428,24256.0192337185
Canada,CAN,North America,2004,32145.5412620217,28301.8645937428
Canada,CAN,North America,2005,36383.6600068095,32145.5412620217
Canada,CAN,North America,2006,40504.0370977806,36383.6600068095
Canada,CAN,North America,2007,44660.0838892281,40504.0370977806
Canada,CAN,North America,2008,46710.2526864484,44660.0838892281
Canada,CAN,North America,2009,40874.8831932903,46710.2526864484
Canada,CAN,North America,2010,47560.6666009406,40874.8831932903
Canada,CAN,North America,2011,52223.8588398531,47560.6666009406
Canada,CAN,North America,2012,52670.3447335415,52223.8588398531
Canada,CAN,North America,2013,52638.1187235237,52670.3447335415
Canada,CAN,North America,2014,50960.8431174661,52638.1187235237
Canada,CAN,North America,2015,43594.1941045394,50960.8431174661
Canada,CAN,North America,2016,42314.0615817218,43594.1941045394
Canada,CAN,North America,2017,45129.628116623,42314.0615817218
Canada,CAN,North America,2018,46539.1761570405,45129.628116623
Canada,CAN,North America,2019,46352.8693445211,46539.1761570405
Canada,CAN,North America,2020,43537.839298904,46352.8693445211
Canada,CAN,North America,2021,52886.6616372703,43537.839298904
Canada,CAN,North America,2022,56256.8007264015,52886.6616372703
Canada,CAN,North America,2023,54220.3285039875,56256.8007264015
Canada,CAN,North America,2024,54340.3477224733,54220.3285039875
Switzerland,CHE,Europe & Central Asia,1970,4044.42068227245,3657.20794240553
Switzerland,CHE,Europe & Central Asia,1971,4834.74049399485,4044.42068227245
Switzerland,CHE,Europe & Central Asia,1972,5884.77524107186,4834.74049399485
Switzerland,CHE,Europe & Central Asia,1973,7855.91887040854,5884.77524107186
Switzerland,CHE,Europe & Central Asia,1974,9004.788599,7855.91887040854
Switzerland,CHE,Europe & Central Asia,1975,10328.1089388433,9004.788599
Switzerland,CHE,Europe & Central Asia,1976,10864.971231108,10328.1089388433
Switzerland,CHE,Europe & Central Asia,1977,11643.6467397732,10864.971231108
Switzerland,CHE,Europe & Central Asia,1978,16282.1932458492,11643.6467397732
Switzerland,CHE,Europe & Central Asia,1979,18265.5588649103,16282.1932458492
Switzerland,CHE,Europe & Central Asia,1980,19393.8805480097,18265.5588649103
Switzerland,CHE,Europe & Central Asia,1981,17665.0138979789,19393.8805480097
Switzerland,CHE,Europe & Central Asia,1982,17999.969257078,17665.0138979789
Switzerland,CHE,Europe & Central Asia,1983,17859.2323695837,17999.969257078
Switzerland,CHE,Europe & Central Asia,1984,16991.2458841517,17859.2323695837
Switzerland,CHE,Europe & Central Asia,1985,17152.0948495991,16991.2458841517
Switzerland,CHE,Europe & Central Asia,1986,24459.8536348433,17152.0948495991
Switzerland,CHE,Europe & Central Asia,1987,30440.5108240499,24459.8536348433
Switzerland,CHE,Europe & Central Asia,1988,32690.4302734561,30440.5108240499
Switzerland,CHE,Europe & Central Asia,1989,31308.6508343136,32690.4302734561
Switzerland,CHE,Europe & Central Asia,1990,39574.5398083788,31308.6508343136
Switzerland,CHE,Europe & Central Asia,1991,39544.4946826768,39574.5398083788
Switzerland,CHE,Europe & Central Asia,1992,40713.6881521435,39544.4946826768
Switzerland,CHE,Europe & Central Asia,1993,39237.1186558781,40713.6881521435
Switzerland,CHE,Europe & Central Asia,1994,43091.7770970073,39237.1186558781
Switzerland,CHE,Europe & Central Asia,1995,50113.8321221345,43091.7770970073
Switzerland,CHE,Europe & Central Asia,1996,48092.6433036512,50113.8321221345
Switzerland,CHE,Europe & Central Asia,1997,41584.441782159,48092.6433036512
Switzerland,CHE,Europe & Central Asia,1998,42680.5867322391,41584.441782159
Switzerland,CHE,Europe & Central Asia,1999,41695.6912912021,42680.5867322391
Switzerland,CHE,Europe & Central Asia,2000,38865.021939688,41695.6912912021
Switzerland,CHE,Europe & Central Asia,2001,39638.7911061864,38865.021939688
Switzerland,CHE,Europe & Central Asia,2002,42458.7384679187,39638.7911061864
Switzerland,CHE,Europe & Central Asia,2003,49335.7456291067,42458.7384679187
Switzerland,CHE,Europe & Central Asia,2004,54659.4571488233,49335.7456291067
Switzerland,CHE,Europe & Central Asia,2005,56242.8933645639,54659.4571488233
Switzerland,CHE,Europe & Central Asia,2006,59011.0324592016,56242.8933645639
Switzerland,CHE,Europe & Central Asia,2007,64989.1553256031,59011.0324592016
Switzerland,CHE,Europe & Central Asia,2008,74175.1927898555,64989.1553256031
Switzerland,CHE,Europe & Central Asia,2009,71568.3123885672,74175.1927898555
Switzerland,CHE,Europe & Central Asia,2010,76531.3729407691,71568.3123885672
Switzerland,CHE,Europe & Central Asia,2011,90476.7589651577,76531.3729407691
Switzerland,CHE,Europe & Central Asia,2012,85836.2076767359,90476.7589651577
Switzerland,CHE,Europe & Central Asia,2013,87304.3305813557,85836.2076767359
Switzerland,CHE,Europe & Central Asia,2014,88724.9909402638,87304.3305813557
Switzerland,CHE,Europe & Central Asia,2015,83806.4476003837,88724.9909402638
Switzerland,CHE,Europe & Central Asia,2016,82153.0745447889,83806.4476003837
Switzerland,CHE,Europe & Central Asia,2017,82254.3769269767,82153.0745447889
Switzerland,CHE,Europe & Central Asia,2018,85217.3691512274,82254.3769269767
Switzerland,CHE,Europe & Central Asia,2019,84121.9310304414,85217.3691512274
Switzerland,CHE,Europe & Central Asia,2020,85897.7843338323,84121.9310304414
Switzerland,CHE,Europe & Central Asia,2021,93664.7736696111,85897.7843338323
Switzerland,CHE,Europe & Central Asia,2022,94394.5106803525,93664.7736696111
Switzerland,CHE,Europe & Central Asia,2023,100623.549627296,94394.5106803525
Switzerland,CHE,Europe & Central Asia,2024,103998.186685604,100623.549627296
Channel Islands,CHI,Europe & Central Asia,2009,57778.5407063052,74139.97799443
Channel Islands,CHI,Europe & Central Asia,2010,56123.4597963451,57778.5407063052
Channel Islands,CHI,Europe & Central Asia,2011,60415.2632075658,56123.4597963451
Channel Islands,CHI,Europe & Central Asia,2012,58809.5698945413,60415.2632075658
Channel Islands,CHI,Europe & Central Asia,2013,59308.4666588674,58809.5698945413
Channel Islands,CHI,Europe & Central Asia,2014,64697.5485024325,59308.4666588674
Channel Islands,CHI,Europe & Central Asia,2015,61847.8212238857,64697.5485024325
Channel Islands,CHI,Europe & Central Asia,2016,55947.579811974,61847.8212238857
Channel Islands,CHI,Europe & Central Asia,2017,55806.3554257428,55947.579811974
Channel Islands,CHI,Europe & Central Asia,2018,60784.8125397162,55806.3554257428
Channel Islands,CHI,Europe & Central Asia,2019,60564.6293993681,60784.8125397162
Channel Islands,CHI,Europe & Central Asia,2020,56785.9402005039,60564.6293993681
Channel Islands,CHI,Europe & Central Asia,2021,66915.3963925722,56785.9402005039
Channel Islands,CHI,Europe & Central Asia,2022,67627.1417347907,66915.3963925722
Channel Islands,CHI,Europe & Central Asia,2023,74585.5224096294,67627.1417347907
Chile,CHL,Latin America & Caribbean ,1970,940.648345061287,873.581889905917
Chile,CHL,Latin America & Caribbean ,1971,1098.91469956231,940.648345061287
Chile,CHL,Latin America & Caribbean ,1972,1185.04994801594,1098.91469956231
Chile,CHL,Latin America & Caribbean ,1973,1666.99542750899,1185.04994801594
Chile,CHL,Latin America & Caribbean ,1974,1578.5836760852,1666.99542750899
Chile,CHL,Latin America & Caribbean ,1975,732.054406775965,1578.5836760852
Chile,CHL,Latin America & Caribbean ,1976,970.957314866348,732.054406775965
Chile,CHL,Latin America & Caribbean ,1977,1296.86854720323,970.957314866348
Chile,CHL,Latin America & Caribbean ,1978,1465.45605636916,1296.86854720323
Chile,CHL,Latin America & Caribbean ,1979,1962.08185606537,1465.45605636916
Chile,CHL,Latin America & Caribbean ,1980,2570.84311890682,1962.08185606537
Chile,CHL,Latin America & Caribbean ,1981,3012.3447816477,2570.84311890682
Chile,CHL,Latin America & Caribbean ,1982,1663.28043251256,3012.3447816477
Chile,CHL,Latin America & Caribbean ,1983,1715.40345654344,1663.28043251256
Chile,CHL,Latin America & Caribbean ,1984,1636.22476246476,1715.40345654344
Chile,CHL,Latin America & Caribbean ,1985,1446.80604557863,1636.22476246476
Chile,CHL,Latin America & Caribbean ,1986,1524.97809458987,1446.80604557863
Chile,CHL,Latin America & Caribbean ,1987,1767.41389670161,1524.97809458987
Chile,CHL,Latin America & Caribbean ,1988,2013.53987790886,1767.41389670161
Chile,CHL,Latin America & Caribbean ,1989,2277.84764297202,2013.53987790886
Chile,CHL,Latin America & Caribbean ,1990,2487.76829657299,2277.84764297202
Chile,CHL,Latin America & Caribbean ,1991,2798.34262413795,2487.76829657299
Chile,CHL,Latin America & Caribbean ,1992,3351.84108855522,2798.34262413795
Chile,CHL,Latin America & Caribbean ,1993,3540.91377313015,3351.84108855522
Chile,CHL,Latin America & Caribbean ,1994,4012.10159912285,3540.91377313015
Chile,CHL,Latin America & Caribbean ,1995,5081.4682771561,4012.10159912285
Chile,CHL,Latin America & Caribbean ,1996,5333.50438729711,5081.4682771561
Chile,CHL,Latin America & Caribbean ,1997,5741.95842989596,5333.50438729711
Chile,CHL,Latin America & Caribbean ,1998,5419.82417297191,5741.95842989596
Chile,CHL,Latin America & Caribbean ,1999,4933.55581516755,5419.82417297191
Chile,CHL,Latin America & Caribbean ,2000,5052.99245766325,4933.55581516755
Chile,CHL,Latin America & Caribbean ,2001,4563.5952986689,5052.99245766325
Chile,CHL,Latin America & Caribbean ,2002,4430.84741157984,4563.5952986689
Chile,CHL,Latin America & Caribbean ,2003,4773.40177520754,4430.84741157984
Chile,CHL,Latin America & Caribbean ,2004,6120.59152055344,4773.40177520754
Chile,CHL,Latin America & Caribbean ,2005,7480.32330998636,6120.59152055344
Chile,CHL,Latin America & Caribbean ,2006,9318.65655296121,7480.32330998636
Chile,CHL,Latin America & Caribbean ,2007,10346.4138184533,9318.65655296121
Chile,CHL,Latin America & Caribbean ,2008,10683.2188772511,10346.4138184533
Chile,CHL,Latin America & Caribbean ,2009,10098.8017167286,10683.2188772511
Chile,CHL,Latin America & Caribbean ,2010,12632.8704724192,10098.8017167286
Chile,CHL,Latin America & Caribbean ,2011,14487.3927832032,12632.8704724192
Chile,CHL,Latin America & Caribbean ,2012,15241.9069981119,14487.3927832032
Chile,CHL,Latin America & Caribbean ,2013,15683.5486369155,15241.9069981119
Chile,CHL,Latin America & Caribbean ,2014,14529.6767206336,15683.5486369155
Chile,CHL,Latin America & Caribbean ,2015,13433.9202987032,14529.6767206336
Chile,CHL,Latin America & Caribbean ,2016,13649.8520452803,13433.9202987032
Chile,CHL,Latin America & Caribbean ,2017,14879.9086227187,13649.8520452803
Chile,CHL,Latin America & Caribbean ,2018,15659.4808675628,14879.9086227187
Chile,CHL,Latin America & Caribbean ,2019,14495.716721687,15659.4808675628
Chile,CHL,Latin America & Caribbean ,2020,13114.815470545,14495.716721687
Chile,CHL,Latin America & Caribbean ,2021,16206.8325493421,13114.815470545
Chile,CHL,Latin America & Caribbean ,2022,15405.6165774073,16206.8325493421
Chile,CHL,Latin America & Caribbean ,2023,17067.0364799154,15405.6165774073
Chile,CHL,Latin America & Caribbean ,2024,16709.8893972307,17067.0364799154
China,CHN,East Asia & Pacific,1970,113.346243039894,100.308139479526
China,CHN,East Asia & Pacific,1971,118.84249157909,113.346243039894
China,CHN,East Asia & Pacific,1972,132.097410431007,118.84249157909
China,CHN,East Asia & Pacific,1973,157.339888078555,132.097410431007
China,CHN,East Asia & Pacific,1974,160.402546852304,157.339888078555
China,CHN,East Asia & Pacific,1975,178.621249282085,160.402546852304
China,CHN,East Asia & Pacific,1976,165.680987722637,178.621249282085
China,CHN,East Asia & Pacific,1977,185.728620718294,165.680987722637
China,CHN,East Asia & Pacific,1978,156.655616850835,185.728620718294
China,CHN,East Asia & Pacific,1979,184.285853059043,156.655616850835
China,CHN,East Asia & Pacific,1980,195.149479992051,184.285853059043
China,CHN,East Asia & Pacific,1981,197.425510967822,195.149479992051
China,CHN,East Asia & Pacific,1982,203.722788366928,197.425510967822
China,CHN,East Asia & Pacific,1983,225.86534696156,203.722788366928
China,CHN,East Asia & Pacific,1984,251.192686463827,225.86534696156
China,CHN,East Asia & Pacific,1985,295.007445815897,251.192686463827
China,CHN,East Asia & Pacific,1986,282.445603096707,295.007445815897
China,CHN,East Asia & Pacific,1987,252.256760114454,282.445603096707
China,CHN,East Asia & Pacific,1988,284.023573149686,252.256760114454
China,CHN,East Asia & Pacific,1989,311.429461227032,284.023573149686
China,CHN,East Asia & Pacific,1990,318.50335359039,311.429461227032
China,CHN,East Asia & Pacific,1991,334.130288119078,318.50335359039
China,CHN,East Asia & Pacific,1992,367.822651903542,334.130288119078
China,CHN,East Asia & Pacific,1993,378.939353053314,367.822651903542
China,CHN,East Asia & Pacific,1994,475.677874448369,378.939353053314
China,CHN,East Asia & Pacific,1995,612.680277898627,475.677874448369
China,CHN,East Asia & Pacific,1996,713.337387811657,612.680277898627
China,CHN,East Asia & Pacific,1997,786.743548510999,713.337387811657
China,CHN,East Asia & Pacific,1998,835.095348597432,786.743548510999
China,CHN,East Asia & Pacific,1999,881.146614068925,835.095348597432
China,CHN,East Asia & Pacific,2000,969.199513696287,881.146614068925
China,CHN,East Asia & Pacific,2001,1065.40597574519,969.199513696287
China,CHN,East Asia & Pacific,2002,1163.55957673426,1065.40597574519
China,CHN,East Asia & Pacific,2003,1306.97245408557,1163.55957673426
China,CHN,East Asia & Pacific,2004,1530.92726215723,1306.97245408557
China,CHN,East Asia & Pacific,2005,1777.64496828464,1530.92726215723
China,CHN,East Asia & Pacific,2006,2129.25696999613,1777.64496828464
China,CHN,East Asia & Pacific,2007,2734.72709877693,2129.25696999613
China,CHN,East Asia & Pacific,2008,3523.44302065213,2734.72709877693
China,CHN,East Asia & Pacific,2009,3898.24459158811,3523.44302065213
China,CHN,East Asia & Pacific,2010,4629.24551710077,3898.24459158811
China,CHN,East Asia & Pacific,2011,5703.76027973346,4629.24551710077
China,CHN,East Asia & Pacific,2012,6405.0574241349,5703.76027973346
China,CHN,East Asia & Pacific,2013,7147.03518622344,6405.0574241349
China,CHN,East Asia & Pacific,2014,7781.06597484974,7147.03518622344
China,CHN,East Asia & Pacific,2015,8175.33285077393,7781.06597484974
China,CHN,East Asia & Pacific,2016,8254.86859320357,8175.33285077393
China,CHN,East Asia & Pacific,2017,8979.67652709856,8254.86859320357
China,CHN,East Asia & Pacific,2018,10085.6638148819,8979.67652709856
China,CHN,East Asia & Pacific,2019,10342.9009524335,10085.6638148819
China,CHN,East Asia & Pacific,2020,10627.4637989619,10342.9009524335
China,CHN,East Asia & Pacific,2021,12887.4357242941,10627.4637989619
China,CHN,East Asia & Pacific,2022,12970.6056414327,12887.4357242941
China,CHN,East Asia & Pacific,2023,12951.1782397043,12970.6056414327
China,CHN,East Asia & Pacific,2024,13303.1481543868,12951.1782397043
Cote d'Ivoire,CIV,Sub-Saharan Africa ,1970,268.957733574566,262.192286003745
Cote d'Ivoire,CIV,Sub-Saharan Africa ,1971,280.333660150746,268.957733574566
Cote d'Ivoire,CIV,Sub-Saharan Africa ,1972,312.942348100524,280.333660150746
Cote d'Ivoire,CIV,Sub-Saharan Africa ,1973,405.568979472686,312.942348100524
Cote d'Ivoire,CIV,Sub-Saharan Africa ,1974,474.223861362208,405.568979472686
Cote d'Ivoire,CIV,Sub-Saharan Africa ,1975,574.626405877437,474.223861362208
Cote d'Ivoire,CIV,Sub-Saharan Africa ,1976,660.538618229175,574.626405877437
Cote d'Ivoire,CIV,Sub-Saharan Africa ,1977,855.655691363342,660.538618229175
Cote d'Ivoire,CIV,Sub-Saharan Africa ,1978,1039.11498268738,855.655691363342
Cote d'Ivoire,CIV,Sub-Saharan Africa ,1979,1157.00139805383,1039.11498268738
Cote d'Ivoire,CIV,Sub-Saharan Africa ,1980,1237.80216768229,1157.00139805383
Cote d'Ivoire,CIV,Sub-Saharan Africa ,1981,985.507547907408,1237.80216768229
Cote d'Ivoire,CIV,Sub-Saharan Africa ,1982,849.479705391045,985.507547907408
Cote d'Ivoire,CIV,Sub-Saharan Africa ,1983,737.449968695419,849.479705391045
Cote d'Ivoire,CIV,Sub-Saharan Africa ,1984,708.940252199945,737.449968695419
Cote d'Ivoire,CIV,Sub-Saharan Africa ,1985,694.951691466923,708.940252199945
Cote d'Ivoire,CIV,Sub-Saharan Africa ,1986,877.154956751363,694.951691466923
Cote d'Ivoire,CIV,Sub-Saharan Africa ,1987,929.611362954514,877.154956751363
Cote d'Ivoire,CIV,Sub-Saharan Africa ,1988,909.534182158689,929.611362954514
Cote d'Ivoire,CIV,Sub-Saharan Africa ,1989,832.559837958259,909.534182158689
Cote d'Ivoire,CIV,Sub-Saharan Africa ,1990,885.647842214928,832.559837958259
Cote d'Ivoire,CIV,Sub-Saharan Africa ,1991,827.241889166985,885.647842214928
Cote d'Ivoire,CIV,Sub-Saharan Africa ,1992,844.902223806738,827.241889166985
Cote d'Ivoire,CIV,Sub-Saharan Africa ,1993,804.149657211252,844.902223806738
Cote d'Ivoire,CIV,Sub-Saharan Africa ,1994,581.888468577405,804.149657211252
Cote d'Ivoire,CIV,Sub-Saharan Africa ,1995,740.4730999133,581.888468577405
Cote d'Ivoire,CIV,Sub-Saharan Africa ,1996,1170.23622049666,740.4730999133
Cote d'Ivoire,CIV,Sub-Saharan Africa ,1997,1124.65674867927,1170.23622049666
Cote d'Ivoire,CIV,Sub-Saharan Africa ,1998,1177.37133815342,1124.65674867927
Cote d'Ivoire,CIV,Sub-Saharan Africa ,1999,1096.13520587572,1177.37133815342
Cote d'Ivoire,CIV,Sub-Saharan Africa ,2000,936.636541348798,1096.13520587572
Cote d'Ivoire,CIV,Sub-Saharan Africa ,2001,924.727294962066,936.636541348798
Cote d'Ivoire,CIV,Sub-Saharan Africa ,2002,967.815864415991,924.727294962066
Cote d'Ivoire,CIV,Sub-Saharan Africa ,2003,1111.17135087887,967.815864415991
Cote d'Ivoire,CIV,Sub-Saharan Africa ,2004,1199.82524528546,1111.17135087887
Cote d'Ivoire,CIV,Sub-Saharan Africa ,2005,1197.74616979415,1199.82524528546
Cote d'Ivoire,CIV,Sub-Saharan Africa ,2006,1230.43056838584,1197.74616979415
Cote d'Ivoire,CIV,Sub-Saharan Africa ,2007,1367.53817722326,1230.43056838584
Cote d'Ivoire,CIV,Sub-Saharan Africa ,2008,1583.97066701372,1367.53817722326
Cote d'Ivoire,CIV,Sub-Saharan Africa ,2009,1540.45393569596,1583.97066701372
Cote d'Ivoire,CIV,Sub-Saharan Africa ,2010,1553.54887048143,1540.45393569596
Cote d'Ivoire,CIV,Sub-Saharan Africa ,2011,1596.62826565998,1553.54887048143
Cote d'Ivoire,CIV,Sub-Saharan Africa ,2012,1546.9460184731,1596.62826565998
Cote d'Ivoire,CIV,Sub-Saharan Africa ,2013,1786.15862031324,1546.9460184731
Cote d'Ivoire,CIV,Sub-Saharan Africa ,2014,1991.36539423404,1786.15862031324
Cote d'Ivoire,CIV,Sub-Saharan Africa ,2015,1814.71855088017,1991.36539423404
Cote d'Ivoire,CIV,Sub-Saharan Africa ,2016,1862.59597081287,1814.71855088017
Cote d'Ivoire,CIV,Sub-Saharan Africa ,2017,1964.29930338343,1862.59597081287
Cote d'Ivoire,CIV,Sub-Saharan Africa ,2018,2130.86619381144,1964.29930338343
Cote d'Ivoire,CIV,Sub-Saharan Africa ,2019,2141.76836170115,2130.86619381144
Cote d'Ivoire,CIV,Sub-Saharan Africa ,2020,2179.72934832935,2141.76836170115
Cote d'Ivoire,CIV,Sub-Saharan Africa ,2021,2455.98127641148,2179.72934832935
Cote d'Ivoire,CIV,Sub-Saharan Africa ,2022,2333.37128301259,2455.98127641148
Cote d'Ivoire,CIV,Sub-Saharan Africa ,2023,2591.9659048119,2333.37128301259
Cote d'Ivoire,CIV,Sub-Saharan Africa ,2024,2727.8935220697,2591.9659048119
Cameroon,CMR,Sub-Saharan Africa ,1970,178.488982961305,175.150496434432
Cameroon,CMR,Sub-Saharan Africa ,1971,186.724820408777,178.488982961305
Cameroon,CMR,Sub-Saharan Africa ,1972,220.108720960652,186.724820408777
Cameroon,CMR,Sub-Saharan Africa ,1973,271.757290053085,220.108720960652
Cameroon,CMR,Sub-Saharan Africa ,1974,299.908339494791,271.757290053085
Cameroon,CMR,Sub-Saharan Africa ,1975,386.236450275088,299.908339494791
Cameroon,CMR,Sub-Saharan Africa ,1976,381.429915266252,386.236450275088
Cameroon,CMR,Sub-Saharan Africa ,1977,435.408656274786,381.429915266252
Cameroon,CMR,Sub-Saharan Africa ,1978,581.989336032215,435.408656274786
Cameroon,CMR,Sub-Saharan Africa ,1979,718.356902030319,581.989336032215
Cameroon,CMR,Sub-Saharan Africa ,1980,784.116227118122,718.356902030319
Cameroon,CMR,Sub-Saharan Africa ,1981,749.847541304586,784.116227118122
Cameroon,CMR,Sub-Saharan Africa ,1982,732.250719743892,749.847541304586
Cameroon,CMR,Sub-Saharan Africa ,1983,745.513189491527,732.250719743892
Cameroon,CMR,Sub-Saharan Africa ,1984,771.702146026357,745.513189491527
Cameroon,CMR,Sub-Saharan Africa ,1985,875.337721693686,771.702146026357
Cameroon,CMR,Sub-Saharan Africa ,1986,1178.59374950439,875.337721693686
Cameroon,CMR,Sub-Saharan Africa ,1987,1258.31412766207,1178.59374950439
Cameroon,CMR,Sub-Saharan Africa ,1988,1145.16555992416,1258.31412766207
Cameroon,CMR,Sub-Saharan Africa ,1989,1000.89261316386,1145.16555992416
Cameroon,CMR,Sub-Saharan Africa ,1990,1086.71700937081,1000.89261316386
Cameroon,CMR,Sub-Saharan Africa ,1991,1014.82897292999,1086.71700937081
Cameroon,CMR,Sub-Saharan Africa ,1992,1005.44897647465,1014.82897292999
Cameroon,CMR,Sub-Saharan Africa ,1993,1309.93629975506,1005.44897647465
Cameroon,CMR,Sub-Saharan Africa ,1994,700.70950185009,1309.93629975506
Cameroon,CMR,Sub-Saharan Africa ,1995,832.006674487689,700.70950185009
Cameroon,CMR,Sub-Saharan Africa ,1996,826.965322327363,832.006674487689
Cameroon,CMR,Sub-Saharan Africa ,1997,783.251601945462,826.965322327363
Cameroon,CMR,Sub-Saharan Africa ,1998,798.745621406677,783.251601945462
Cameroon,CMR,Sub-Saharan Africa ,1999,796.262649784591,798.745621406677
Cameroon,CMR,Sub-Saharan Africa ,2000,708.565731625965,796.262649784591
Cameroon,CMR,Sub-Saharan Africa ,2001,715.470296470585,708.565731625965
Cameroon,CMR,Sub-Saharan Africa ,2002,789.623811072554,715.470296470585
Cameroon,CMR,Sub-Saharan Africa ,2003,988.241276791846,789.623811072554
Cameroon,CMR,Sub-Saharan Africa ,2004,1133.39326749673,988.241276791846
Cameroon,CMR,Sub-Saharan Africa ,2005,1142.62466252106,1133.39326749673
Cameroon,CMR,Sub-Saharan Africa ,2006,1191.45458990968,1142.62466252106
Cameroon,CMR,Sub-Saharan Africa ,2007,1325.67248215933,1191.45458990968
Cameroon,CMR,Sub-Saharan Africa ,2008,1492.14269801453,1325.67248215933
Cameroon,CMR,Sub-Saharan Africa ,2009,1461.38999232337,1492.14269801453
Cameroon,CMR,Sub-Saharan Africa ,2010,1398.58702025047,1461.38999232337
Cameroon,CMR,Sub-Saharan Africa ,2011,1513.96056994878,1398.58702025047
Cameroon,CMR,Sub-Saharan Africa ,2012,1449.09874362279,1513.96056994878
Cameroon,CMR,Sub-Saharan Africa ,2013,1575.92882118897,1449.09874362279
Cameroon,CMR,Sub-Saharan Africa ,2014,1649.4433905949,1575.92882118897
Cameroon,CMR,Sub-Saharan Africa ,2015,1415.00009710569,1649.4433905949
Cameroon,CMR,Sub-Saharan Africa ,2016,1441.7201725688,1415.00009710569
Cameroon,CMR,Sub-Saharan Africa ,2017,1496.08951771242,1441.7201725688
Cameroon,CMR,Sub-Saharan Africa ,2018,1610.69641591017,1496.08951771242
Cameroon,CMR,Sub-Saharan Africa ,2019,1555.22660476477,1610.69641591017
Cameroon,CMR,Sub-Saharan Africa ,2020,1555.60370660749,1555.22660476477
Cameroon,CMR,Sub-Saharan Africa ,2021,1672.32657340872,1555.60370660749
Cameroon,CMR,Sub-Saharan Africa ,2022,1604.87726954895,1672.32657340872
Cameroon,CMR,Sub-Saharan Africa ,2023,1720.47510154506,1604.87726954895
Cameroon,CMR,Sub-Saharan Africa ,2024,1830.00833684727,1720.47510154506
"Congo, Dem. Rep.",COD,Sub-Saharan Africa ,1970,242.219759763837,257.144636724402
"Congo, Dem. Rep.",COD,Sub-Saharan Africa ,1971,270.336629028245,242.219759763837
"Congo, Dem. Rep.",COD,Sub-Saharan Africa ,1972,290.511803326089,270.336629028245
"Congo, Dem. Rep.",COD,Sub-Saharan Africa ,1973,360.562591604638,290.511803326089
"Congo, Dem. Rep.",COD,Sub-Saharan Africa ,1974,428.074954493294,360.562591604638
"Congo, Dem. Rep.",COD,Sub-Saharan Africa ,1975,444.693899464352,428.074954493294
"Congo, Dem. Rep.",COD,Sub-Saharan Africa ,1976,408.42239095403,444.693899464352
"Congo, Dem. Rep.",COD,Sub-Saharan Africa ,1977,509.488368681423,408.42239095403
"Congo, Dem. Rep.",COD,Sub-Saharan Africa ,1978,615.084195317772,509.488368681423
"Congo, Dem. Rep.",COD,Sub-Saharan Africa ,1979,582.089432219357,615.084195317772
"Congo, Dem. Rep.",COD,Sub-Saharan Africa ,1980,538.911839414196,582.089432219357
"Congo, Dem. Rep.",COD,Sub-Saharan Africa ,1981,455.912227033575,538.911839414196
"Congo, Dem. Rep.",COD,Sub-Saharan Africa ,1982,481.7409782053,455.912227033575
"Congo, Dem. Rep.",COD,Sub-Saharan Africa ,1983,376.285479915589,481.7409782053
"Congo, Dem. Rep.",COD,Sub-Saharan Africa ,1984,259.801889543739,376.285479915589
"Congo, Dem. Rep.",COD,Sub-Saharan Africa ,1985,230.132255248427,259.801889543739
"Congo, Dem. Rep.",COD,Sub-Saharan Africa ,1986,250.900914044275,230.132255248427
"Congo, Dem. Rep.",COD,Sub-Saharan Africa ,1987,230.086415834499,250.900914044275
"Congo, Dem. Rep.",COD,Sub-Saharan Africa ,1988,257.725151748806,230.086415834499
"Congo, Dem. Rep.",COD,Sub-Saharan Africa ,1989,254.231037905154,257.725151748806
"Congo, Dem. Rep.",COD,Sub-Saharan Africa ,1990,254.872656292509,254.231037905154
"Congo, Dem. Rep.",COD,Sub-Saharan Africa ,1991,253.79642770809,254.872656292509
"Congo, Dem. Rep.",COD,Sub-Saharan Africa ,1992,209.726548794417,253.79642770809
"Congo, Dem. Rep.",COD,Sub-Saharan Africa ,1993,263.335582841074,209.726548794417
"Congo, Dem. Rep.",COD,Sub-Saharan Africa ,1994,136.542547670676,263.335582841074
"Congo, Dem. Rep.",COD,Sub-Saharan Africa ,1995,127.008078734668,136.542547670676
"Congo, Dem. Rep.",COD,Sub-Saharan Africa ,1996,127.416132828292,127.008078734668
"Congo, Dem. Rep.",COD,Sub-Saharan Africa ,1997,132.323520768553,127.416132828292
"Congo, Dem. Rep.",COD,Sub-Saharan Africa ,1998,131.461338858019,132.323520768553
"Congo, Dem. Rep.",COD,Sub-Saharan Africa ,1999,96.3192243479286,131.461338858019
"Congo, Dem. Rep.",COD,Sub-Saharan Africa ,2000,377.925421481395,96.3192243479286
"Congo, Dem. Rep.",COD,Sub-Saharan Africa ,2001,142.678142604412,377.925421481395
"Congo, Dem. Rep.",COD,Sub-Saharan Africa ,2002,162.38052907429,142.678142604412
"Congo, Dem. Rep.",COD,Sub-Saharan Africa ,2003,161.491553524396,162.38052907429
"Congo, Dem. Rep.",COD,Sub-Saharan Africa ,2004,180.664764963633,161.491553524396
"Congo, Dem. Rep.",COD,Sub-Saharan Africa ,2005,214.539740473519,180.664764963633
"Congo, Dem. Rep.",COD,Sub-Saharan Africa ,2006,255.445229568751,214.539740473519
"Congo, Dem. Rep.",COD,Sub-Saharan Africa ,2007,294.101615124419,255.445229568751
"Congo, Dem. Rep.",COD,Sub-Saharan Africa ,2008,352.900363371995,294.101615124419
"Congo, Dem. Rep.",COD,Sub-Saharan Africa ,2009,280.178991035792,352.900363371995
"Congo, Dem. Rep.",COD,Sub-Saharan Africa ,2010,352.400398754692,280.178991035792
"Congo, Dem. Rep.",COD,Sub-Saharan Africa ,2011,372.514273875789,352.400398754692
"Congo, Dem. Rep.",COD,Sub-Saharan Africa ,2012,409.931424783784,372.514273875789
"Congo, Dem. Rep.",COD,Sub-Saharan Africa ,2013,460.370334930107,409.931424783784
"Congo, Dem. Rep.",COD,Sub-Saharan Africa ,2014,489.175952097319,460.370334930107
"Congo, Dem. Rep.",COD,Sub-Saharan Africa ,2015,495.826633014883,489.175952097319
"Congo, Dem. Rep.",COD,Sub-Saharan Africa ,2016,459.765036590388,495.826633014883
"Congo, Dem. Rep.",COD,Sub-Saharan Africa ,2017,431.052559128788,459.765036590388
"Congo, Dem. Rep.",COD,Sub-Saharan Africa ,2018,518.169626875371,431.052559128788
"Congo, Dem. Rep.",COD,Sub-Saharan Africa ,2019,504.00419142286,518.169626875371
"Congo, Dem. Rep.",COD,Sub-Saharan Africa ,2020,486.425572682256,504.00419142286
"Congo, Dem. Rep.",COD,Sub-Saharan Africa ,2021,595.743074403567,486.425572682256
"Congo, Dem. Rep.",COD,Sub-Saharan Africa ,2022,687.738587554685,595.743074403567
"Congo, Dem. Rep.",COD,Sub-Saharan Africa ,2023,660.21205238997,687.738587554685
"Congo, Dem. Rep.",COD,Sub-Saharan Africa ,2024,649.383338556725,660.21205238997
"Congo, Rep.",COG,Sub-Saharan Africa ,1970,196.7324156078,195.431023577377
"Congo, Rep.",COG,Sub-Saharan Africa ,1971,223.538723764898,196.7324156078
"Congo, Rep.",COG,Sub-Saharan Africa ,1972,276.271849546575,223.538723764898
"Congo, Rep.",COG,Sub-Saharan Africa ,1973,353.380993825585,276.271849546575
"Congo, Rep.",COG,Sub-Saharan Africa ,1974,369.945183927696,353.380993825585
"Congo, Rep.",COG,Sub-Saharan Africa ,1975,471.473628201515,369.945183927696
"Congo, Rep.",COG,Sub-Saharan Africa ,1976,452.578147155598,471.473628201515
"Congo, Rep.",COG,Sub-Saharan Africa ,1977,448.136782421875,452.578147155598
"Congo, Rep.",COG,Sub-Saharan Africa ,1978,502.704251443805,448.136782421875
"Congo, Rep.",COG,Sub-Saharan Africa ,1979,670.245223116511,502.704251443805
"Congo, Rep.",COG,Sub-Saharan Africa ,1980,932.646715470458,670.245223116511
"Congo, Rep.",COG,Sub-Saharan Africa ,1981,1066.18677734612,932.646715470458
"Congo, Rep.",COG,Sub-Saharan Africa ,1982,1130.97081000634,1066.18677734612
"Congo, Rep.",COG,Sub-Saharan Africa ,1983,1075.34825792814,1130.97081000634
"Congo, Rep.",COG,Sub-Saharan Africa ,1984,1097.04958637388,1075.34825792814
"Congo, Rep.",COG,Sub-Saharan Africa ,1985,1049.31821372865,1097.04958637388
"Congo, Rep.",COG,Sub-Saharan Africa ,1986,872.048697635314,1049.31821372865
"Congo, Rep.",COG,Sub-Saharan Africa ,1987,1052.33893542503,872.048697635314
"Congo, Rep.",COG,Sub-Saharan Africa ,1988,984.376285838246,1052.33893542503
"Congo, Rep.",COG,Sub-Saharan Africa ,1989,1032.8649749016,984.376285838246
"Congo, Rep.",COG,Sub-Saharan Africa ,1990,1175.66709098428,1032.8649749016
"Congo, Rep.",COG,Sub-Saharan Africa ,1991,1112.53521242945,1175.66709098428
"Congo, Rep.",COG,Sub-Saharan Africa ,1992,1164.22442980292,1112.53521242945
"Congo, Rep.",COG,Sub-Saharan Africa ,1993,1034.37200809816,1164.22442980292
"Congo, Rep.",COG,Sub-Saharan Africa ,1994,661.904273689712,1034.37200809816
"Congo, Rep.",COG,Sub-Saharan Africa ,1995,769.606794842829,661.904273689712
"Congo, Rep.",COG,Sub-Saharan Africa ,1996,898.794050151577,769.606794842829
"Congo, Rep.",COG,Sub-Saharan Africa ,1997,804.304050086499,898.794050151577
"Congo, Rep.",COG,Sub-Saharan Africa ,1998,660.379775085784,804.304050086499
"Congo, Rep.",COG,Sub-Saharan Africa ,1999,776.416349733937,660.379775085784
"Congo, Rep.",COG,Sub-Saharan Africa ,2000,1024.30159109181,776.416349733937
"Congo, Rep.",COG,Sub-Saharan Africa ,2001,854.598314408095,1024.30159109181
"Congo, Rep.",COG,Sub-Saharan Africa ,2002,905.538135544704,854.598314408095
"Congo, Rep.",COG,Sub-Saharan Africa ,2003,1016.82363412143,905.538135544704
"Congo, Rep.",COG,Sub-Saharan Africa ,2004,1306.10136324599,1016.82363412143
"Congo, Rep.",COG,Sub-Saharan Africa ,2005,1799.05158366154,1306.10136324599
"Congo, Rep.",COG,Sub-Saharan Africa ,2006,2103.5821381211,1799.05158366154
"Congo, Rep.",COG,Sub-Saharan Africa ,2007,2206.47101863414,2103.5821381211
"Congo, Rep.",COG,Sub-Saharan Africa ,2008,2832.09177777643,2206.47101863414
"Congo, Rep.",COG,Sub-Saharan Africa ,2009,2271.15219175966,2832.09177777643
"Congo, Rep.",COG,Sub-Saharan Africa ,2010,2946.55798067708,2271.15219175966
"Congo, Rep.",COG,Sub-Saharan Africa ,2011,3396.16505817952,2946.55798067708
"Congo, Rep.",COG,Sub-Saharan Africa ,2012,3732.32737320389,3396.16505817952
"Congo, Rep.",COG,Sub-Saharan Africa ,2013,3697.41705884249,3732.32737320389
"Congo, Rep.",COG,Sub-Saharan Africa ,2014,3601.2365808718,3697.41705884249
"Congo, Rep.",COG,Sub-Saharan Africa ,2015,2439.35189403696,3601.2365808718
"Congo, Rep.",COG,Sub-Saharan Africa ,2016,2093.10728558843,2439.35189403696
"Congo, Rep.",COG,Sub-Saharan Africa ,2017,2211.63309874797,2093.10728558843
"Congo, Rep.",COG,Sub-Saharan Africa ,2018,2694.43413191427,2211.63309874797
"Congo, Rep.",COG,Sub-Saharan Africa ,2019,2488.42466724916,2694.43413191427
"Congo, Rep.",COG,Sub-Saharan Africa ,2020,1993.586671931,2488.42466724916
"Congo, Rep.",COG,Sub-Saharan Africa ,2021,2516.16255145432,1993.586671931
"Congo, Rep.",COG,Sub-Saharan Africa ,2022,2620.83804267402,2516.16255145432
"Congo, Rep.",COG,Sub-Saharan Africa ,2023,2477.97845544866,2620.83804267402
"Congo, Rep.",COG,Sub-Saharan Africa ,2024,2482.2489948456,2477.97845544866
Colombia,COL,Latin America & Caribbean ,1970,345.879101568471,317.868798055367
Colombia,COL,Latin America & Caribbean ,1971,366.825167940364,345.879101568471
Colombia,COL,Latin America & Caribbean ,1972,397.41211740514,366.825167940364
Colombia,COL,Latin America & Caribbean ,1973,462.064375734059,397.41211740514
Colombia,COL,Latin America & Caribbean ,1974,541.749901587091,462.064375734059
Colombia,COL,Latin America & Caribbean ,1975,561.098036100584,541.749901587091
Colombia,COL,Latin America & Caribbean ,1976,643.007914496566,561.098036100584
Colombia,COL,Latin America & Caribbean ,1977,798.203021638873,643.007914496566
Colombia,COL,Latin America & Caribbean ,1978,932.392695058624,798.203021638873
Colombia,COL,Latin America & Caribbean ,1979,1095.0313839164,932.392695058624
Colombia,COL,Latin America & Caribbean ,1980,1279.50116658241,1095.0313839164
Colombia,COL,Latin America & Caribbean ,1981,1362.18332520058,1279.50116658241
Colombia,COL,Latin America & Caribbean ,1982,1425.39936771371,1362.18332520058
Colombia,COL,Latin America & Caribbean ,1983,1383.7924605368,1425.39936771371
Colombia,COL,Latin America & Caribbean ,1984,1335.52821812362,1383.7924605368
Colombia,COL,Latin America & Caribbean ,1985,1192.21849833568,1335.52821812362
Colombia,COL,Latin America & Caribbean ,1986,1169.46212069392,1192.21849833568
Colombia,COL,Latin America & Caribbean ,1987,1192.58828638182,1169.46212069392
Colombia,COL,Latin America & Caribbean ,1988,1259.6174112078,1192.58828638182
Colombia,COL,Latin America & Caribbean ,1989,1244.3269459081,1259.6174112078
Colombia,COL,Latin America & Caribbean ,1990,1474.8455285342,1244.3269459081
Colombia,COL,Latin America & Caribbean ,1991,1485.73971889208,1474.8455285342
Colombia,COL,Latin America & Caribbean ,1992,1730.39091795329,1485.73971889208
Colombia,COL,Latin America & Caribbean ,1993,1929.26721811738,1730.39091795329
Colombia,COL,Latin America & Caribbean ,1994,2325.91872973374,1929.26721811738
Colombia,COL,Latin America & Caribbean ,1995,2583.66576349858,2325.91872973374
Colombia,COL,Latin America & Caribbean ,1996,2664.64056059983,2583.66576349858
Colombia,COL,Latin America & Caribbean ,1997,2873.2814350993,2664.64056059983
Colombia,COL,Latin America & Caribbean ,1998,2604.87166959518,2873.2814350993
Colombia,COL,Latin America & Caribbean ,1999,2241.22911801216,2604.87166959518
Colombia,COL,Latin America & Caribbean ,2000,2555.00751039968,2241.22911801216
Colombia,COL,Latin America & Caribbean ,2001,2472.99084035833,2555.00751039968
Colombia,COL,Latin America & Caribbean ,2002,2428.92969771584,2472.99084035833
Colombia,COL,Latin America & Caribbean ,2003,2311.94218760291,2428.92969771584
Colombia,COL,Latin America & Caribbean ,2004,2818.57195413044,2311.94218760291
Colombia,COL,Latin America & Caribbean ,2005,3456.06610874512,2818.57195413044
Colombia,COL,Latin America & Caribbean ,2006,3789.85361217027,3456.06610874512
Colombia,COL,Latin America & Caribbean ,2007,4769.926147194,3789.85361217027
Colombia,COL,Latin America & Caribbean ,2008,5541.83629665898,4769.926147194
Colombia,COL,Latin America & Caribbean ,2009,5250.97292433518,5541.83629665898
Colombia,COL,Latin America & Caribbean ,2010,6398.2958447102,5250.97292433518
Colombia,COL,Latin America & Caribbean ,2011,7400.9940695669,6398.2958447102
Colombia,COL,Latin America & Caribbean ,2012,8108.59838244229,7400.9940695669
Colombia,COL,Latin America & Caribbean ,2013,8279.10255642981,8108.59838244229
Colombia,COL,Latin America & Caribbean ,2014,8187.20824890084,8279.10255642981
Colombia,COL,Latin America & Caribbean ,2015,6248.51490534512,8187.20824890084
Colombia,COL,Latin America & Caribbean ,2016,5959.84250367574,6248.51490534512
Colombia,COL,Latin America & Caribbean ,2017,6479.53231292429,5959.84250367574
Colombia,COL,Latin America & Caribbean ,2018,6816.96818309544,6479.53231292429
Colombia,COL,Latin America & Caribbean ,2019,6472.54544924705,6816.96818309544
Colombia,COL,Latin America & Caribbean ,2020,5339.68711357943,6472.54544924705
Colombia,COL,Latin America & Caribbean ,2021,6222.62164397614,5339.68711357943
Colombia,COL,Latin America & Caribbean ,2022,6680.44506854481,6222.62164397614
Colombia,COL,Latin America & Caribbean ,2023,7000.83660501046,6680.44506854481
Colombia,COL,Latin America & Caribbean ,2024,7919.20886825345,7000.83660501046
Comoros,COM,Sub-Saharan Africa ,1990,903.20430581841,758.861242815325
Comoros,COM,Sub-Saharan Africa ,1991,879.348889291867,903.20430581841
Comoros,COM,Sub-Saharan Africa ,1992,938.595399659213,879.348889291867
Comoros,COM,Sub-Saharan Africa ,1993,903.033729112507,938.595399659213
Comoros,COM,Sub-Saharan Africa ,1994,652.898017688557,903.033729112507
Comoros,COM,Sub-Saharan Africa ,1995,800.623567802959,652.898017688557
Comoros,COM,Sub-Saharan Africa ,1996,786.380773511866,800.623567802959
Comoros,COM,Sub-Saharan Africa ,1997,714.519968676115,786.380773511866
Comoros,COM,Sub-Saharan Africa ,1998,704.479817408486,714.519968676115
Comoros,COM,Sub-Saharan Africa ,1999,707.228776682623,704.479817408486
Comoros,COM,Sub-Saharan Africa ,2000,633.309032776244,707.228776682623
Comoros,COM,Sub-Saharan Africa ,2001,681.163857619963,633.309032776244
Comoros,COM,Sub-Saharan Africa ,2002,764.61349832543,681.163857619963
Comoros,COM,Sub-Saharan Africa ,2003,959.691049354812,764.61349832543
Comoros,COM,Sub-Saharan Africa ,2004,1072.28409029621,959.691049354812
Comoros,COM,Sub-Saharan Africa ,2005,1105.78796866788,1072.28409029621
Comoros,COM,Sub-Saharan Africa ,2006,1138.47908404345,1105.78796866788
Comoros,COM,Sub-Saharan Africa ,2007,1289.73631056361,1138.47908404345
Comoros,COM,Sub-Saharan Africa ,2008,1455.02768595586,1289.73631056361
Comoros,COM,Sub-Saharan Africa ,2009,1410.30516959473,1455.02768595586
Comoros,COM,Sub-Saharan Africa ,2010,1386.5742428453,1410.30516959473
Comoros,COM,Sub-Saharan Africa ,2011,1531.43789372951,1386.5742428453
Comoros,COM,Sub-Saharan Africa ,2012,1490.31511351281,1531.43789372951
Comoros,COM,Sub-Saharan Africa ,2013,1603.32797107303,1490.31511351281
Comoros,COM,Sub-Saharan Africa ,2014,1615.71723662012,1603.32797107303
Comoros,COM,Sub-Saharan Africa ,2015,1329.37048235986,1615.71723662012
Comoros,COM,Sub-Saharan Africa ,2016,1365.48403444497,1329.37048235986
Comoros,COM,Sub-Saharan Africa ,2017,1423.9248027797,1365.48403444497
Comoros,COM,Sub-Saharan Africa ,2018,1527.40527125285,1423.9248027797
Comoros,COM,Sub-Saharan Africa ,2019,1510.23218151592,1527.40527125285
Comoros,COM,Sub-Saharan Africa ,2020,1519.34665556206,1510.23218151592
Comoros,COM,Sub-Saharan Africa ,2021,1554.97289190153,1519.34665556206
Comoros,COM,Sub-Saharan Africa ,2022,1465.479642862,1554.97289190153
Comoros,COM,Sub-Saharan Africa ,2023,1560.27378476855,1465.479642862
Comoros,COM,Sub-Saharan Africa ,2024,1662.75663312504,1560.27378476855
Cabo Verde,CPV,Sub-Saharan Africa ,1990,817.442925539738,727.151685588784
Cabo Verde,CPV,Sub-Saharan Africa ,1991,831.61388764249,817.442925539738
Cabo Verde,CPV,Sub-Saharan Africa ,1992,907.847909529157,831.61388764249
Cabo Verde,CPV,Sub-Saharan Africa ,1993,1220.04997868613,907.847909529157
Cabo Verde,CPV,Sub-Saharan Africa ,1994,991.108974352157,1220.04997868613
Cabo Verde,CPV,Sub-Saharan Africa ,1995,1165.13832331934,991.108974352157
Cabo Verde,CPV,Sub-Saharan Africa ,1996,1179.51522705182,1165.13832331934
Cabo Verde,CPV,Sub-Saharan Africa ,1997,1133.57422614008,1179.51522705182
Cabo Verde,CPV,Sub-Saharan Africa ,1998,1186.74294773086,1133.57422614008
Cabo Verde,CPV,Sub-Saharan Africa ,1999,1326.74466945164,1186.74294773086
Cabo Verde,CPV,Sub-Saharan Africa ,2000,1189.51479345891,1326.74466945164
Cabo Verde,CPV,Sub-Saharan Africa ,2001,1223.33055331575,1189.51479345891
Cabo Verde,CPV,Sub-Saharan Africa ,2002,1328.57874270666,1223.33055331575
Cabo Verde,CPV,Sub-Saharan Africa ,2003,1717.97565369655,1328.57874270666
Cabo Verde,CPV,Sub-Saharan Africa ,2004,1929.49081468781,1717.97565369655
Cabo Verde,CPV,Sub-Saharan Africa ,2005,2004.14680417563,1929.49081468781
Cabo Verde,CPV,Sub-Saharan Africa ,2006,2256.99666191075,2004.14680417563
Cabo Verde,CPV,Sub-Saharan Africa ,2007,3324.57675212498,2256.99666191075
Cabo Verde,CPV,Sub-Saharan Africa ,2008,3908.64885822576,3324.57675212498
Cabo Verde,CPV,Sub-Saharan Africa ,2009,3659.72046361628,3908.64885822576
Cabo Verde,CPV,Sub-Saharan Africa ,2010,3579.46006137809,3659.72046361628
Cabo Verde,CPV,Sub-Saharan Africa ,2011,4002.01386888785,3579.46006137809
Cabo Verde,CPV,Sub-Saharan Africa ,2012,3736.81517011087,4002.01386888785
Cabo Verde,CPV,Sub-Saharan Africa ,2013,3960.97596791345,3736.81517011087
Cabo Verde,CPV,Sub-Saharan Africa ,2014,3985.60706548134,3960.97596791345
Cabo Verde,CPV,Sub-Saharan Africa ,2015,3415.06266730931,3985.60706548134
Cabo Verde,CPV,Sub-Saharan Africa ,2016,3608.96605234906,3415.06266730931
Cabo Verde,CPV,Sub-Saharan Africa ,2017,3893.09571382506,3608.96605234906
Cabo Verde,CPV,Sub-Saharan Africa ,2018,4294.96510035729,3893.09571382506
Cabo Verde,CPV,Sub-Saharan Africa ,2019,4380.78117331128,4294.96510035729
Cabo Verde,CPV,Sub-Saharan Africa ,2020,3539.22661248299,4380.78117331128
Cabo Verde,CPV,Sub-Saharan Africa ,2021,3971.44409203423,3539.22661248299
Cabo Verde,CPV,Sub-Saharan Africa ,2022,4323.31362032709,3971.44409203423
Cabo Verde,CPV,Sub-Saharan Africa ,2023,4794.90121917259,4323.31362032709
Cabo Verde,CPV,Sub-Saharan Africa ,2024,5192.48157325878,4794.90121917259
Costa Rica,CRI,Latin America & Caribbean ,1970,535.539679724977,477.081346742249
Costa Rica,CRI,Latin America & Caribbean ,1971,570.360229534426,535.539679724977
Costa Rica,CRI,Latin America & Caribbean ,1972,638.851011611456,570.360229534426
Costa Rica,CRI,Latin America & Caribbean ,1973,768.944717412776,638.851011611456
Costa Rica,CRI,Latin America & Caribbean ,1974,817.076691410389,768.944717412776
Costa Rica,CRI,Latin America & Caribbean ,1975,936.993196686988,817.076691410389
Costa Rica,CRI,Latin America & Caribbean ,1976,1123.28179124262,936.993196686988
Costa Rica,CRI,Latin America & Caribbean ,1977,1393.37513762224,1123.28179124262
Costa Rica,CRI,Latin America & Caribbean ,1978,1555.83716115258,1393.37513762224
Costa Rica,CRI,Latin America & Caribbean ,1979,1734.59560248294,1555.83716115258
Costa Rica,CRI,Latin America & Caribbean ,1980,2020.99067534283,1734.59560248294
Costa Rica,CRI,Latin America & Caribbean ,1981,1068.04672232202,2020.99067534283
Costa Rica,CRI,Latin America & Caribbean ,1982,1032.40548167496,1068.04672232202
Costa Rica,CRI,Latin America & Caribbean ,1983,1212.55765296791,1032.40548167496
Costa Rica,CRI,Latin America & Caribbean ,1984,1372.20149843952,1212.55765296791
Costa Rica,CRI,Latin America & Caribbean ,1985,1429.37836415122,1372.20149843952
Costa Rica,CRI,Latin America & Caribbean ,1986,1568.5640969552,1429.37836415122
Costa Rica,CRI,Latin America & Caribbean ,1987,1567.0320510901,1568.5640969552
Costa Rica,CRI,Latin America & Caribbean ,1988,1554.74048522018,1567.0320510901
Costa Rica,CRI,Latin America & Caribbean ,1989,1725.13936155907,1554.74048522018
Costa Rica,CRI,Latin America & Caribbean ,1990,1829.6687089559,1725.13936155907
Costa Rica,CRI,Latin America & Caribbean ,1991,2253.38191508071,1829.6687089559
Costa Rica,CRI,Latin America & Caribbean ,1992,2612.38756453737,2253.38191508071
Costa Rica,CRI,Latin America & Caribbean ,1993,2840.38706479397,2612.38756453737
Costa Rica,CRI,Latin America & Caribbean ,1994,3039.56328550633,2840.38706479397
Costa Rica,CRI,Latin America & Caribbean ,1995,3275.25256447416,3039.56328550633
Costa Rica,CRI,Latin America & Caribbean ,1996,3226.96395598625,3275.25256447416
Costa Rica,CRI,Latin America & Caribbean ,1997,3407.776128985,3226.96395598625
Costa Rica,CRI,Latin America & Caribbean ,1998,3617.45756666726,3407.776128985
Costa Rica,CRI,Latin America & Caribbean ,1999,3690.96154778297,3617.45756666726
Costa Rica,CRI,Latin America & Caribbean ,2000,3812.75388284924,3690.96154778297
Costa Rica,CRI,Latin America & Caribbean ,2001,3985.12984506207,3812.75388284924
Costa Rica,CRI,Latin America & Caribbean ,2002,4067.71851429092,3985.12984506207
Costa Rica,CRI,Latin America & Caribbean ,2003,4173.14856415514,4067.71851429092
Costa Rica,CRI,Latin America & Caribbean ,2004,4431.0117207843,4173.14856415514
Costa Rica,CRI,Latin America & Caribbean ,2005,4703.00721784778,4431.0117207843
Costa Rica,CRI,Latin America & Caribbean ,2006,5256.59640859159,4703.00721784778
Costa Rica,CRI,Latin America & Caribbean ,2007,6137.71199925542,5256.59640859159
Costa Rica,CRI,Latin America & Caribbean ,2008,6937.24261596055,6137.71199925542
Costa Rica,CRI,Latin America & Caribbean ,2009,6832.69829924138,6937.24261596055
Costa Rica,CRI,Latin America & Caribbean ,2010,8265.78820275582,6832.69829924138
Costa Rica,CRI,Latin America & Caribbean ,2011,9276.39107511347,8265.78820275582
Costa Rica,CRI,Latin America & Caribbean ,2012,10126.9991024177,9276.39107511347
Costa Rica,CRI,Latin America & Caribbean ,2013,10803.2401962173,10126.9991024177
Costa Rica,CRI,Latin America & Caribbean ,2014,10911.497878334,10803.2401962173
Costa Rica,CRI,Latin America & Caribbean ,2015,11714.7105980732,10911.497878334
Costa Rica,CRI,Latin America & Caribbean ,2016,12091.0301606154,11714.7105980732
Costa Rica,CRI,Latin America & Caribbean ,2017,12317.0902771304,12091.0301606154
Costa Rica,CRI,Latin America & Caribbean ,2018,12590.2493781614,12317.0902771304
Costa Rica,CRI,Latin America & Caribbean ,2019,12884.6859951989,12590.2493781614
Costa Rica,CRI,Latin America & Caribbean ,2020,12394.0493969492,12884.6859951989
Costa Rica,CRI,Latin America & Caribbean ,2021,12838.1185358931,12394.0493969492
Costa Rica,CRI,Latin America & Caribbean ,2022,13625.9008491328,12838.1185358931
Costa Rica,CRI,Latin America & Caribbean ,2023,16942.0268119375,13625.9008491328
Costa Rica,CRI,Latin America & Caribbean ,2024,18587.1532203482,16942.0268119375
Cuba,CUB,Latin America & Caribbean ,1980,2030.93362280165,2005.91326318373
Cuba,CUB,Latin America & Caribbean ,1981,2045.85231227999,2030.93362280165
Cuba,CUB,Latin America & Caribbean ,1982,2113.80858874548,2045.85231227999
Cuba,CUB,Latin America & Caribbean ,1983,2222.48851241339,2113.80858874548
Cuba,CUB,Latin America & Caribbean ,1984,2386.44595066854,2222.48851241339
Cuba,CUB,Latin America & Caribbean ,1985,2256.56948668495,2386.44595066854
Cuba,CUB,Latin America & Caribbean ,1986,2364.89559789307,2256.56948668495
Cuba,CUB,Latin America & Caribbean ,1987,2439.58400332393,2364.89559789307
Cuba,CUB,Latin America & Caribbean ,1988,2632.04176839158,2439.58400332393
Cuba,CUB,Latin America & Caribbean ,1989,2565.54117909344,2632.04176839158
Cuba,CUB,Latin America & Caribbean ,1990,2694.31697957692,2565.54117909344
Cuba,CUB,Latin America & Caribbean ,1991,2268.83493247194,2694.31697957692
Cuba,CUB,Latin America & Caribbean ,1992,2047.67900346421,2268.83493247194
Cuba,CUB,Latin America & Caribbean ,1993,2063.20366253587,2047.67900346421
Cuba,CUB,Latin America & Caribbean ,1994,2613.28971869122,2063.20366253587
Cuba,CUB,Latin America & Caribbean ,1995,2785.24442954103,2613.28971869122
Cuba,CUB,Latin America & Caribbean ,1996,2282.18809324202,2785.24442954103
Cuba,CUB,Latin America & Caribbean ,1997,2306.42483397336,2282.18809324202
Cuba,CUB,Latin America & Caribbean ,1998,2332.30656133119,2306.42483397336
Cuba,CUB,Latin America & Caribbean ,1999,2561.77980406838,2332.30656133119
Cuba,CUB,Latin America & Caribbean ,2000,2751.3817714814,2561.77980406838
Cuba,CUB,Latin America & Caribbean ,2001,2842.96704310394,2751.3817714814
Cuba,CUB,Latin America & Caribbean ,2002,3005.21104247868,2842.96704310394
Cuba,CUB,Latin America & Caribbean ,2003,3202.78109865637,3005.21104247868
Cuba,CUB,Latin America & Caribbean ,2004,3399.21962893402,3202.78109865637
Cuba,CUB,Latin America & Caribbean ,2005,3786.33799225291,3399.21962893402
Cuba,CUB,Latin America & Caribbean ,2006,4329.98265964383,3786.33799225291
Cuba,CUB,Latin America & Caribbean ,2007,4807.43888960684,4329.98265964383
Cuba,CUB,Latin America & Caribbean ,2008,4986.12436479175,4807.43888960684
Cuba,CUB,Latin America & Caribbean ,2009,5089.23519757167,4986.12436479175
Cuba,CUB,Latin America & Caribbean ,2010,5272.26755824835,5089.23519757167
Cuba,CUB,Latin America & Caribbean ,2011,6104.46105236166,5272.26755824835
Cuba,CUB,Latin America & Caribbean ,2012,6470.83673392653,6104.46105236166
Cuba,CUB,Latin America & Caribbean ,2013,6828.36428245396,6470.83673392653
Cuba,CUB,Latin America & Caribbean ,2014,7146.70459051328,6828.36428245396
Cuba,CUB,Latin America & Caribbean ,2015,7727.91997207998,7146.70459051328
Cuba,CUB,Latin America & Caribbean ,2016,8110.55874283616,7727.91997207998
Cuba,CUB,Latin America & Caribbean ,2017,8610.60829605429,8110.55874283616
Cuba,CUB,Latin America & Caribbean ,2018,8911.46205998726,8610.60829605429
Cuba,CUB,Latin America & Caribbean ,2019,9232.26115935183,8911.46205998726
Cuba,CUB,Latin America & Caribbean ,2020,9605.27914559614,9232.26115935183
Curacao,CUW,Latin America & Caribbean ,2010,19847.2310127979,19540.2476579348
Curacao,CUW,Latin America & Caribbean ,2011,19426.3264002202,19847.2310127979
Curacao,CUW,Latin America & Caribbean ,2012,19809.8223170482,19426.3264002202
Curacao,CUW,Latin America & Caribbean ,2013,19721.292182955,19809.8223170482
Curacao,CUW,Latin America & Caribbean ,2014,19623.0300713664,19721.292182955
Curacao,CUW,Latin America & Caribbean ,2015,19361.8129630226,19623.0300713664
Curacao,CUW,Latin America & Caribbean ,2016,18944.0962772875,19361.8129630226
Curacao,CUW,Latin America & Caribbean ,2017,18938.2440965187,18944.0962772875
Curacao,CUW,Latin America & Caribbean ,2018,19119.1244887029,18938.2440965187
Curacao,CUW,Latin America & Caribbean ,2019,19220.6865793075,19119.1244887029
Curacao,CUW,Latin America & Caribbean ,2020,16299.8134349902,19220.6865793075
Curacao,CUW,Latin America & Caribbean ,2021,17795.5826616182,16299.8134349902
Curacao,CUW,Latin America & Caribbean ,2022,20057.1404747175,17795.5826616182
Curacao,CUW,Latin America & Caribbean ,2023,21217.8110321785,20057.1404747175
Curacao,CUW,Latin America & Caribbean ,2024,22832.8953958667,21217.8110321785
Cayman Islands,CYM,Latin America & Caribbean ,2016,77802.2535658023,76379.2098777987
Cayman Islands,CYM,Latin America & Caribbean ,2017,80053.9442657031,77802.2535658023
Cayman Islands,CYM,Latin America & Caribbean ,2018,83865.5540393356,80053.9442657031
Cayman Islands,CYM,Latin America & Caribbean ,2019,88254.2902486867,83865.5540393356
Cayman Islands,CYM,Latin America & Caribbean ,2020,82338.7977439023,88254.2902486867
Cayman Islands,CYM,Latin America & Caribbean ,2021,86449.6749037302,82338.7977439023
Cayman Islands,CYM,Latin America & Caribbean ,2022,93030.7051447803,86449.6749037302
Cayman Islands,CYM,Latin America & Caribbean ,2023,99143.5180243123,93030.7051447803
Cyprus,CYP,Europe & Central Asia,1985,4488.287109375,4258.74365234375
Cyprus,CYP,Europe & Central Asia,1986,5642.63134765625,4488.287109375
Cyprus,CYP,Europe & Central Asia,1987,6690.578125,5642.63134765625
Cyprus,CYP,Europe & Central Asia,1988,7645.6298828125,6690.578125
Cyprus,CYP,Europe & Central Asia,1989,8038.9140625,7645.6298828125
Cyprus,CYP,Europe & Central Asia,1990,9641.5751953125,8038.9140625
Cyprus,CYP,Europe & Central Asia,1991,9696.099609375,9641.5751953125
Cyprus,CYP,Europe & Central Asia,1992,11310.072265625,9696.099609375
Cyprus,CYP,Europe & Central Asia,1993,10526.1416015625,11310.072265625
Cyprus,CYP,Europe & Central Asia,1994,11617.6923828125,10526.1416015625
Cyprus,CYP,Europe & Central Asia,1995,15261.4169921875,11617.6923828125
Cyprus,CYP,Europe & Central Asia,1996,15139.220703125,15261.4169921875
Cyprus,CYP,Europe & Central Asia,1997,14234.2412109375,15139.220703125
Cyprus,CYP,Europe & Central Asia,1998,15092.828125,14234.2412109375
Cyprus,CYP,Europe & Central Asia,1999,15287.91796875,15092.828125
Cyprus,CYP,Europe & Central Asia,2000,14388.3525390625,15287.91796875
Cyprus,CYP,Europe & Central Asia,2001,14821.44921875,14388.3525390625
Cyprus,CYP,Europe & Central Asia,2002,16093.2158203125,14821.44921875
Cyprus,CYP,Europe & Central Asia,2003,20252.24609375,16093.2158203125
Cyprus,CYP,Europe & Central Asia,2004,23792.619140625,20252.24609375
Cyprus,CYP,Europe & Central Asia,2005,24959.26171875,23792.619140625
Cyprus,CYP,Europe & Central Asia,2006,26729.28125,24959.26171875
Cyprus,CYP,Europe & Central Asia,2007,31244.87890625,26729.28125
Cyprus,CYP,Europe & Central Asia,2008,35397.296875,31244.87890625
Cyprus,CYP,Europe & Central Asia,2009,32236.44921875,35397.296875
Cyprus,CYP,Europe & Central Asia,2010,31105.02734375,32236.44921875
Cyprus,CYP,Europe & Central Asia,2011,32485.798828125,31105.02734375
Cyprus,CYP,Europe & Central Asia,2012,28991.935546875,32485.798828125
Cyprus,CYP,Europe & Central Asia,2013,27764.73046875,28991.935546875
Cyprus,CYP,Europe & Central Asia,2014,26993.103515625,27764.73046875
Cyprus,CYP,Europe & Central Asia,2015,23088.44140625,26993.103515625
Cyprus,CYP,Europe & Central Asia,2016,24280.056640625,23088.44140625
Cyprus,CYP,Europe & Central Asia,2017,26247.44921875,24280.056640625
Cyprus,CYP,Europe & Central Asia,2018,29120.375,26247.44921875
Cyprus,CYP,Europe & Central Asia,2019,29227.173828125,29120.375
Cyprus,CYP,Europe & Central Asia,2020,28130.341796875,29227.173828125
Cyprus,CYP,Europe & Central Asia,2021,32937.83984375,28130.341796875
Cyprus,CYP,Europe & Central Asia,2022,33231.04296875,32937.83984375
Cyprus,CYP,Europe & Central Asia,2023,36623.69140625,33231.04296875
Cyprus,CYP,Europe & Central Asia,2024,38674.29296875,36623.69140625
Czechia,CZE,Europe & Central Asia,2000,6062.92152842793,6377.6211077224
Czechia,CZE,Europe & Central Asia,2001,6669.07494847497,6062.92152842793
Czechia,CZE,Europe & Central Asia,2002,8101.26018588111,6669.07494847497
Czechia,CZE,Europe & Central Asia,2003,9852.45677945801,8101.26018588111
Czechia,CZE,Europe & Central Asia,2004,11782.5546676117,9852.45677945801
Czechia,CZE,Europe & Central Asia,2005,13442.4916284309,11782.5546676117
Czechia,CZE,Europe & Central Asia,2006,15259.0788162004,13442.4916284309
Czechia,CZE,Europe & Central Asia,2007,18452.6532812196,15259.0788162004
Czechia,CZE,Europe & Central Asia,2008,22774.7045076205,18452.6532812196
Czechia,CZE,Europe & Central Asia,2009,19817.4215836554,22774.7045076205
Czechia,CZE,Europe & Central Asia,2010,20160.4355077059,19817.4215836554
Czechia,CZE,Europe & Central Asia,2011,22049.1080788682,20160.4355077059
Czechia,CZE,Europe & Central Asia,2012,20014.0354015165,22049.1080788682
Czechia,CZE,Europe & Central Asia,2013,20260.4954999375,20014.0354015165
Czechia,CZE,Europe & Central Asia,2014,20038.4163180257,20260.4954999375
Czechia,CZE,Europe & Central Asia,2015,17931.5987670768,20038.4163180257
Czechia,CZE,Europe & Central Asia,2016,18753.9686718096,17931.5987670768
Czechia,CZE,Europe & Central Asia,2017,20913.197632212,18753.9686718096
Czechia,CZE,Europe & Central Asia,2018,23705.9329811299,20913.197632212
Czechia,CZE,Europe & Central Asia,2019,24062.7190013343,23705.9329811299
Czechia,CZE,Europe & Central Asia,2020,23472.8915454417,24062.7190013343
Czechia,CZE,Europe & Central Asia,2021,27696.4619527544,23472.8915454417
Czechia,CZE,Europe & Central Asia,2022,28282.2236715857,27696.4619527544
Czechia,CZE,Europe & Central Asia,2023,31761.5944102491,28282.2236715857
Czechia,CZE,Europe & Central Asia,2024,31823.3078290564,31761.5944102491
Germany,DEU,Europe & Central Asia,1970,2771.28310514754,2281.27598218229
Germany,DEU,Europe & Central Asia,1971,3203.82884836051,2771.28310514754
Germany,DEU,Europe & Central Asia,1972,3823.94032602696,3203.82884836051
Germany,DEU,Europe & Central Asia,1973,5065.24523302283,3823.94032602696
Germany,DEU,Europe & Central Asia,1974,5659.73787773336,5065.24523302283
Germany,DEU,Europe & Central Asia,1975,6259.20744498342,5659.73787773336
Germany,DEU,Europe & Central Asia,1976,6659.16546576017,6259.20744498342
Germany,DEU,Europe & Central Asia,1977,7711.10232025365,6659.16546576017
Germany,DEU,Europe & Central Asia,1978,9516.78283228907,7711.10232025365
Germany,DEU,Europe & Central Asia,1979,11322.3543443813,9516.78283228907
Germany,DEU,Europe & Central Asia,1980,12182.7800196802,11322.3543443813
Germany,DEU,Europe & Central Asia,1981,10246.4767623188,12182.7800196802
Germany,DEU,Europe & Central Asia,1982,9950.05926025365,10246.4767623188
Germany,DEU,Europe & Central Asia,1983,9900.48559233526,9950.05926025365
Germany,DEU,Europe & Central Asia,1984,9347.29068412377,9900.48559233526
Germany,DEU,Europe & Central Asia,1985,9464.11694710857,9347.29068412377
Germany,DEU,Europe & Central Asia,1986,13511.1520027486,9464.11694710857
Germany,DEU,Europe & Central Asia,1987,16738.6132825523,13511.1520027486
Germany,DEU,Europe & Central Asia,1988,17996.9783507619,16738.6132825523
Germany,DEU,Europe & Central Asia,1989,17829.4609524705,17996.9783507619
Germany,DEU,Europe & Central Asia,1990,22385.6778250275,17829.4609524705
Germany,DEU,Europe & Central Asia,1991,23443.3350818536,22385.6778250275
Germany,DEU,Europe & Central Asia,1992,26559.8543879632,23443.3350818536
Germany,DEU,Europe & Central Asia,1993,25616.6508772405,26559.8543879632
Germany,DEU,Europe & Central Asia,1994,27201.9593555204,25616.6508772405
Germany,DEU,Europe & Central Asia,1995,31747.2449398447,27201.9593555204
Germany,DEU,Europe & Central Asia,1996,30599.7891048363,31747.2449398447
Germany,DEU,Europe & Central Asia,1997,27046.9565464237,30599.7891048363
Germany,DEU,Europe & Central Asia,1998,27395.9440608051,27046.9565464237
Germany,DEU,Europe & Central Asia,1999,26965.4922773722,27395.9440608051
Germany,DEU,Europe & Central Asia,2000,23925.8559901991,26965.4922773722
Germany,DEU,Europe & Central Asia,2001,23878.3641471651,23925.8559901991
Germany,DEU,Europe & Central Asia,2002,25486.5942008748,23878.3641471651
Germany,DEU,Europe & Central Asia,2003,30711.1022511331,25486.5942008748
Germany,DEU,Europe & Central Asia,2004,34566.7359143735,30711.1022511331
Germany,DEU,Europe & Central Asia,2005,35084.4363546269,34566.7359143735
Germany,DEU,Europe & Central Asia,2006,36980.3349948954,35084.4363546269
Germany,DEU,Europe & Central Asia,2007,42350.9217211489,36980.3349948954
Germany,DEU,Europe & Central Asia,2008,46379.1647953479,42350.9217211489
Germany,DEU,Europe & Central Asia,2009,42471.8868625226,46379.1647953479
Germany,DEU,Europe & Central Asia,2010,42396.9665976293,42471.8868625226
Germany,DEU,Europe & Central Asia,2011,47630.9761883572,42396.9665976293
Germany,DEU,Europe & Central Asia,2012,44718.0159214069,47630.9761883572
Germany,DEU,Europe & Central Asia,2013,47206.8353514242,44718.0159214069
Germany,DEU,Europe & Central Asia,2014,48959.5991203133,47206.8353514242
Germany,DEU,Europe & Central Asia,2015,41929.7549110722,48959.5991203133
Germany,DEU,Europe & Central Asia,2016,42948.9381932694,41929.7549110722
Germany,DEU,Europe & Central Asia,2017,45553.9341495339,42948.9381932694
Germany,DEU,Europe & Central Asia,2018,48916.1686612154,45553.9341495339
Germany,DEU,Europe & Central Asia,2019,47656.199739747,48916.1686612154
Germany,DEU,Europe & Central Asia,2020,47394.8734504469,47656.199739747
Germany,DEU,Europe & Central Asia,2021,52349.2459994422,47394.8734504469
Germany,DEU,Europe & Central Asia,2022,50506.5179638543,52349.2459994422
Germany,DEU,Europe & Central Asia,2023,54776.7668235491,50506.5179638543
Germany,DEU,Europe & Central Asia,2024,56103.7323182554,54776.7668235491
Djibouti,DJI,"Middle East, North Africa, Afghanistan & Pakistan",1996,761.943659476655,786.201866748458
Djibouti,DJI,"Middle East, North Africa, Afghanistan & Pakistan",1997,748.232840194914,761.943659476655
Djibouti,DJI,"Middle East, North Africa, Afghanistan & Pakistan",1998,735.349107889529,748.232840194914
Djibouti,DJI,"Middle East, North Africa, Afghanistan & Pakistan",1999,740.21930978973,735.349107889529
Djibouti,DJI,"Middle East, North Africa, Afghanistan & Pakistan",2000,737.612183644052,740.21930978973
Djibouti,DJI,"Middle East, North Africa, Afghanistan & Pakistan",2001,742.133791107063,737.612183644052
Djibouti,DJI,"Middle East, North Africa, Afghanistan & Pakistan",2002,743.013270420348,742.133791107063
Djibouti,DJI,"Middle East, North Africa, Afghanistan & Pakistan",2003,764.634465224597,743.013270420348
Djibouti,DJI,"Middle East, North Africa, Afghanistan & Pakistan",2004,806.261652944964,764.634465224597
Djibouti,DJI,"Middle East, North Africa, Afghanistan & Pakistan",2005,844.4483573908,806.261652944964
Djibouti,DJI,"Middle East, North Africa, Afghanistan & Pakistan",2006,898.464628136774,844.4483573908
Djibouti,DJI,"Middle East, North Africa, Afghanistan & Pakistan",2007,969.573220191902,898.464628136774
Djibouti,DJI,"Middle East, North Africa, Afghanistan & Pakistan",2008,1119.15233346969,969.573220191902
Djibouti,DJI,"Middle East, North Africa, Afghanistan & Pakistan",2009,1150.9375857489,1119.15233346969
Djibouti,DJI,"Middle East, North Africa, Afghanistan & Pakistan",2010,1213.23352553429,1150.9375857489
Djibouti,DJI,"Middle East, North Africa, Afghanistan & Pakistan",2011,1306.34552844977,1213.23352553429
Djibouti,DJI,"Middle East, North Africa, Afghanistan & Pakistan",2012,1400.19357858954,1306.34552844977
Djibouti,DJI,"Middle East, North Africa, Afghanistan & Pakistan",2013,2075.94498424748,1400.19357858954
Djibouti,DJI,"Middle East, North Africa, Afghanistan & Pakistan",2014,2214.62084142432,2075.94498424748
Djibouti,DJI,"Middle East, North Africa, Afghanistan & Pakistan",2015,2376.12554719873,2214.62084142432
Djibouti,DJI,"Middle East, North Africa, Afghanistan & Pakistan",2016,2510.4300076241,2376.12554719873
Djibouti,DJI,"Middle East, North Africa, Afghanistan & Pakistan",2017,2618.95521147369,2510.4300076241
Djibouti,DJI,"Middle East, North Africa, Afghanistan & Pakistan",2018,2718.08338799203,2618.95521147369
Djibouti,DJI,"Middle East, North Africa, Afghanistan & Pakistan",2019,2837.16902340932,2718.08338799203
Djibouti,DJI,"Middle East, North Africa, Afghanistan & Pakistan",2020,2844.88810647853,2837.16902340932
Djibouti,DJI,"Middle East, North Africa, Afghanistan & Pakistan",2021,3025.91126413549,2844.88810647853
Djibouti,DJI,"Middle East, North Africa, Afghanistan & Pakistan",2022,3133.25779772463,3025.91126413549
Djibouti,DJI,"Middle East, North Africa, Afghanistan & Pakistan",2023,3381.29779710722,3133.25779772463
Djibouti,DJI,"Middle East, North Africa, Afghanistan & Pakistan",2024,3552.72335079222,3381.29779710722
Dominica,DMA,Latin America & Caribbean ,1987,2138.30385149099,1892.86556477773
Dominica,DMA,Latin America & Caribbean ,1988,2423.32574317463,2138.30385149099
Dominica,DMA,Latin America & Caribbean ,1989,2639.0495483153,2423.32574317463
Dominica,DMA,Latin America & Caribbean ,1990,2892.9815966454,2639.0495483153
Dominica,DMA,Latin America & Caribbean ,1991,3171.36577815405,2892.9815966454
Dominica,DMA,Latin America & Caribbean ,1992,3376.26050139573,3171.36577815405
Dominica,DMA,Latin America & Caribbean ,1993,3536.15609185727,3376.26050139573
Dominica,DMA,Latin America & Caribbean ,1994,3805.20278759984,3536.15609185727
Dominica,DMA,Latin America & Caribbean ,1995,3951.72267086358,3805.20278759984
Dominica,DMA,Latin America & Caribbean ,1996,4210.99532034556,3951.72267086358
Dominica,DMA,Latin America & Caribbean ,1997,4372.19712966838,4210.99532034556
Dominica,DMA,Latin America & Caribbean ,1998,4664.24268142919,4372.19712966838
Dominica,DMA,Latin America & Caribbean ,1999,4817.18105502046,4664.24268142919
Dominica,DMA,Latin America & Caribbean ,2000,4867.39896323759,4817.18105502046
Dominica,DMA,Latin America & Caribbean ,2001,5527.51527300496,4867.39896323759
Dominica,DMA,Latin America & Caribbean ,2002,5488.02784969357,5527.51527300496
Dominica,DMA,Latin America & Caribbean ,2003,5447.44011496284,5488.02784969357
Dominica,DMA,Latin America & Caribbean ,2004,5778.83306546506,5447.44011496284
Dominica,DMA,Latin America & Caribbean ,2005,5695.22442394675,5778.83306546506
Dominica,DMA,Latin America & Caribbean ,2006,6055.78109574854,5695.22442394675
Dominica,DMA,Latin America & Caribbean ,2007,6459.03503689609,6055.78109574854
Dominica,DMA,Latin America & Caribbean ,2008,6971.32633839289,6459.03503689609
Dominica,DMA,Latin America & Caribbean ,2009,7487.49010395154,6971.32633839289
Dominica,DMA,Latin America & Caribbean ,2010,7549.61964680375,7487.49010395154
Dominica,DMA,Latin America & Caribbean ,2011,7705.40717248319,7549.61964680375
Dominica,DMA,Latin America & Caribbean ,2012,7528.51001990155,7705.40717248319
Dominica,DMA,Latin America & Caribbean ,2013,7822.21797211398,7528.51001990155
Dominica,DMA,Latin America & Caribbean ,2014,8131.74876096735,7822.21797211398
Dominica,DMA,Latin America & Caribbean ,2015,8282.59874702141,8131.74876096735
Dominica,DMA,Latin America & Caribbean ,2016,8802.56172041363,8282.59874702141
Dominica,DMA,Latin America & Caribbean ,2017,8224.64896571414,8802.56172041363
Dominica,DMA,Latin America & Caribbean ,2018,9215.3085405645,8224.64896571414
Dominica,DMA,Latin America & Caribbean ,2019,9491.14995962374,9215.3085405645
Dominica,DMA,Latin America & Caribbean ,2020,7827.74842680426,9491.14995962374
Dominica,DMA,Latin America & Caribbean ,2021,8376.40414141113,7827.74842680426
Dominica,DMA,Latin America & Caribbean ,2022,9323.66089490562,8376.40414141113
Dominica,DMA,Latin America & Caribbean ,2023,9912.96212766668,9323.66089490562
Dominica,DMA,Latin America & Caribbean ,2024,10405.2787777582,9912.96212766668
Denmark,DNK,Europe & Central Asia,1970,3464.45518278408,3151.13324311543
Denmark,DNK,Europe & Central Asia,1971,3845.59906810072,3464.45518278408
Denmark,DNK,Europe & Central Asia,1972,4653.95587889115,3845.59906810072
Denmark,DNK,Europe & Central Asia,1973,6116.89199229142,4653.95587889115
Denmark,DNK,Europe & Central Asia,1974,6763.86592918646,6116.89199229142
Denmark,DNK,Europe & Central Asia,1975,7988.15613263518,6763.86592918646
Denmark,DNK,Europe & Central Asia,1976,8773.3396162771,7988.15613263518
Denmark,DNK,Europe & Central Asia,1977,9769.57864283968,8773.3396162771
Denmark,DNK,Europe & Central Asia,1978,11817.6250875179,9769.57864283968
Denmark,DNK,Europe & Central Asia,1979,13757.2343740839,11817.6250875179
Denmark,DNK,Europe & Central Asia,1980,13822.1578405912,13757.2343740839
Denmark,DNK,Europe & Central Asia,1981,12000.2103769191,13822.1578405912
Denmark,DNK,Europe & Central Asia,1982,11740.2199128271,12000.2103769191
Denmark,DNK,Europe & Central Asia,1983,11796.5691955784,11740.2199128271
Denmark,DNK,Europe & Central Asia,1984,11516.6821578436,11796.5691955784
Denmark,DNK,Europe & Central Asia,1985,12212.7873997293,11516.6821578436
Denmark,DNK,Europe & Central Asia,1986,17136.6297376226,12212.7873997293
Denmark,DNK,Europe & Central Asia,1987,21295.6768566078,17136.6297376226
Denmark,DNK,Europe & Central Asia,1988,22524.5792595476,21295.6768566078
Denmark,DNK,Europe & Central Asia,1989,21882.1517463842,22524.5792595476
Denmark,DNK,Europe & Central Asia,1990,26885.6994188191,21882.1517463842
Denmark,DNK,Europe & Central Asia,1991,27002.8057705804,26885.6994188191
Denmark,DNK,Europe & Central Asia,1992,29579.4913648682,27002.8057705804
Denmark,DNK,Europe & Central Asia,1993,27581.7241097459,29579.4913648682
Denmark,DNK,Europe & Central Asia,1994,29967.8303903163,27581.7241097459
Denmark,DNK,Europe & Central Asia,1995,35321.0980773087,29967.8303903163
Denmark,DNK,Europe & Central Asia,1996,35621.9878051732,35321.0980773087
Denmark,DNK,Europe & Central Asia,1997,32779.879045297,35621.9878051732
Denmark,DNK,Europe & Central Asia,1998,33346.4884298957,32779.879045297
Denmark,DNK,Europe & Central Asia,1999,33426.2381077405,33346.4884298957
Denmark,DNK,Europe & Central Asia,2000,30722.0251837567,33426.2381077405
Denmark,DNK,Europe & Central Asia,2001,30768.4775471112,30722.0251837567
Denmark,DNK,Europe & Central Asia,2002,33257.1622586509,30768.4775471112
Denmark,DNK,Europe & Central Asia,2003,40519.0974905924,33257.1622586509
Denmark,DNK,Europe & Central Asia,2004,46625.050098011,40519.0974905924
Denmark,DNK,Europe & Central Asia,2005,48925.8076698784,46625.050098011
Denmark,DNK,Europe & Central Asia,2006,52119.1787984282,48925.8076698784
Denmark,DNK,Europe & Central Asia,2007,58631.6566433635,52119.1787984282
Denmark,DNK,Europe & Central Asia,2008,64616.6657583663,58631.6566433635
Denmark,DNK,Europe & Central Asia,2009,58412.7472358513,64616.6657583663
Denmark,DNK,Europe & Central Asia,2010,58104.5445594981,58412.7472358513
Denmark,DNK,Europe & Central Asia,2011,61809.737898222,58104.5445594981
Denmark,DNK,Europe & Central Asia,2012,58443.7747103968,61809.737898222
Denmark,DNK,Europe & Central Asia,2013,61377.5940590412,58443.7747103968
Denmark,DNK,Europe & Central Asia,2014,62520.4509747011,61377.5940590412
Denmark,DNK,Europe & Central Asia,2015,53094.0133607574,62520.4509747011
Denmark,DNK,Europe & Central Asia,2016,54500.9260410217,53094.0133607574
Denmark,DNK,Europe & Central Asia,2017,57521.5514992225,54500.9260410217
Denmark,DNK,Europe & Central Asia,2018,61324.7665045565,57521.5514992225
Denmark,DNK,Europe & Central Asia,2019,59404.2663247723,61324.7665045565
Denmark,DNK,Europe & Central Asia,2020,60985.4885601514,59404.2663247723
Denmark,DNK,Europe & Central Asia,2021,69340.7334922138,60985.4885601514
Denmark,DNK,Europe & Central Asia,2022,67781.0940939514,69340.7334922138
Denmark,DNK,Europe & Central Asia,2023,68043.5466971243,67781.0940939514
Denmark,DNK,Europe & Central Asia,2024,71026.4832271897,68043.5466971243
Dominican Republic,DOM,Latin America & Caribbean ,1970,337.668123719964,287.699305710615
Dominican Republic,DOM,Latin America & Caribbean ,1971,368.349647697268,337.668123719964
Dominican Republic,DOM,Latin America & Caribbean ,1972,427.224846368664,368.349647697268
Dominican Republic,DOM,Latin America & Caribbean ,1973,490.3154952703,427.224846368664
Dominican Republic,DOM,Latin America & Caribbean ,1974,595.356677805143,490.3154952703
Dominican Republic,DOM,Latin America & Caribbean ,1975,713.168169144024,595.356677805143
Dominican Republic,DOM,Latin America & Caribbean ,1976,762.778347016951,713.168169144024
Dominican Republic,DOM,Latin America & Caribbean ,1977,862.976049221109,762.778347016951
Dominican Republic,DOM,Latin America & Caribbean ,1978,868.397371769969,862.976049221109
Dominican Republic,DOM,Latin America & Caribbean ,1979,983.739706495351,868.397371769969
Dominican Republic,DOM,Latin America & Caribbean ,1980,1180.18089253045,983.739706495351
Dominican Republic,DOM,Latin America & Caribbean ,1981,1288.46563140235,1180.18089253045
Dominican Republic,DOM,Latin America & Caribbean ,1982,1376.26820466534,1288.46563140235
Dominican Republic,DOM,Latin America & Caribbean ,1983,1499.95575255789,1376.26820466534
Dominican Republic,DOM,Latin America & Caribbean ,1984,1843.52460788928,1499.95575255789
Dominican Republic,DOM,Latin America & Caribbean ,1985,784.488809604008,1843.52460788928
Dominican Republic,DOM,Latin America & Caribbean ,1986,931.659530115685,784.488809604008
Dominican Republic,DOM,Latin America & Caribbean ,1987,868.087557831807,931.659530115685
Dominican Republic,DOM,Latin America & Caribbean ,1988,783.913142122635,868.087557831807
Dominican Republic,DOM,Latin America & Caribbean ,1989,954.914504449885,783.913142122635
Dominican Republic,DOM,Latin America & Caribbean ,1990,989.163941207659,954.914504449885
Dominican Republic,DOM,Latin America & Caribbean ,1991,1345.84673690623,989.163941207659
Dominican Republic,DOM,Latin America & Caribbean ,1992,1558.29782071075,1345.84673690623
Dominican Republic,DOM,Latin America & Caribbean ,1993,1722.41995993981,1558.29782071075
Dominican Republic,DOM,Latin America & Caribbean ,1994,1891.67055679,1722.41995993981
Dominican Republic,DOM,Latin America & Caribbean ,1995,2109.16940728689,1891.67055679
Dominican Republic,DOM,Latin America & Caribbean ,1996,2270.86558687203,2109.16940728689
Dominican Republic,DOM,Latin America & Caribbean ,1997,2448.89393535363,2270.86558687203
Dominican Republic,DOM,Latin America & Caribbean ,1998,2607.85457321405,2448.89393535363
Dominican Republic,DOM,Latin America & Caribbean ,1999,2620.8896817272,2607.85457321405
Dominican Republic,DOM,Latin America & Caribbean ,2000,2831.45883638033,2620.8896817272
Dominican Republic,DOM,Latin America & Caribbean ,2001,2935.89367312668,2831.45883638033
Dominican Republic,DOM,Latin America & Caribbean ,2002,3065.60329524196,2935.89367312668
Dominican Republic,DOM,Latin America & Caribbean ,2003,2383.26171780393,3065.60329524196
Dominican Republic,DOM,Latin America & Caribbean ,2004,2451.69161616569,2383.26171780393
Dominican Republic,DOM,Latin America & Caribbean ,2005,3878.31206735244,2451.69161616569
Dominican Republic,DOM,Latin America & Caribbean ,2006,4055.14270347371,3878.31206735244
Dominican Republic,DOM,Latin America & Caribbean ,2007,4649.64558875814,4055.14270347371
Dominican Republic,DOM,Latin America & Caribbean ,2008,5023.58513403515,4649.64558875814
Dominican Republic,DOM,Latin America & Caribbean ,2009,4973.95186999952,5023.58513403515
Dominican Republic,DOM,Latin America & Caribbean ,2010,5478.62470398954,4973.95186999952
Dominican Republic,DOM,Latin America & Caribbean ,2011,5826.51014109195,5478.62470398954
Dominican Republic,DOM,Latin America & Caribbean ,2012,6013.81965002603,5826.51014109195
Dominican Republic,DOM,Latin America & Caribbean ,2013,6136.59429329301,6013.81965002603
Dominican Republic,DOM,Latin America & Caribbean ,2014,6496.45166971142,6136.59429329301
Dominican Republic,DOM,Latin America & Caribbean ,2015,6800.95309395474,6496.45166971142
Dominican Republic,DOM,Latin America & Caribbean ,2016,7160.44200982307,6800.95309395474
Dominican Republic,DOM,Latin America & Caribbean ,2017,7412.71571571512,7160.44200982307
Dominican Republic,DOM,Latin America & Caribbean ,2018,7882.98221584944,7412.71571571512
Dominican Republic,DOM,Latin America & Caribbean ,2019,8183.01623600375,7882.98221584944
Dominican Republic,DOM,Latin America & Caribbean ,2020,7135.22273255899,8183.01623600375
Dominican Republic,DOM,Latin America & Caribbean ,2021,8527.0754858205,7135.22273255899
Dominican Republic,DOM,Latin America & Caribbean ,2022,10104.2449349081,8527.0754858205
Dominican Republic,DOM,Latin America & Caribbean ,2023,10630.431743829,10104.2449349081
Dominican Republic,DOM,Latin America & Caribbean ,2024,10875.6618443092,10630.431743829
Algeria,DZA,"Middle East, North Africa, Afghanistan & Pakistan",1970,352.845766557928,315.914655734237
Algeria,DZA,"Middle East, North Africa, Afghanistan & Pakistan",1971,360.111081707845,352.845766557928
Algeria,DZA,"Middle East, North Africa, Afghanistan & Pakistan",1972,469.030996510511,360.111081707845
Algeria,DZA,"Middle East, North Africa, Afghanistan & Pakistan",1973,589.518126935221,469.030996510511
Algeria,DZA,"Middle East, North Africa, Afghanistan & Pakistan",1974,872.889277439184,589.518126935221
Algeria,DZA,"Middle East, North Africa, Afghanistan & Pakistan",1975,992.302037378411,872.889277439184
Algeria,DZA,"Middle East, North Africa, Afghanistan & Pakistan",1976,1080.38620675609,992.302037378411
Algeria,DZA,"Middle East, North Africa, Afghanistan & Pakistan",1977,1232.49418664321,1080.38620675609
Algeria,DZA,"Middle East, North Africa, Afghanistan & Pakistan",1978,1505.94222127977,1232.49418664321
Algeria,DZA,"Middle East, North Africa, Afghanistan & Pakistan",1979,1843.11929565984,1505.94222127977
Algeria,DZA,"Middle East, North Africa, Afghanistan & Pakistan",1980,2275.77971158899,1843.11929565984
Algeria,DZA,"Middle East, North Africa, Afghanistan & Pakistan",1981,2307.33434430543,2275.77971158899
Algeria,DZA,"Middle East, North Africa, Afghanistan & Pakistan",1982,2274.87800990349,2307.33434430543
Algeria,DZA,"Middle East, North Africa, Afghanistan & Pakistan",1983,2373.82511968473,2274.87800990349
Algeria,DZA,"Middle East, North Africa, Afghanistan & Pakistan",1984,2524.38071403143,2373.82511968473
Algeria,DZA,"Middle East, North Africa, Afghanistan & Pakistan",1985,2632.51711109075,2524.38071403143
Algeria,DZA,"Middle East, North Africa, Afghanistan & Pakistan",1986,2800.20270812187,2632.51711109075
Algeria,DZA,"Middle East, North Africa, Afghanistan & Pakistan",1987,2847.0776691988,2800.20270812187
Algeria,DZA,"Middle East, North Africa, Afghanistan & Pakistan",1988,2450.87242078961,2847.0776691988
Algeria,DZA,"Middle East, North Africa, Afghanistan & Pakistan",1989,2247.4602712492,2450.87242078961
Algeria,DZA,"Middle East, North Africa, Afghanistan & Pakistan",1990,2445.18332740258,2247.4602712492
Algeria,DZA,"Middle East, North Africa, Afghanistan & Pakistan",1991,1759.11201648229,2445.18332740258
Algeria,DZA,"Middle East, North Africa, Afghanistan & Pakistan",1992,1802.69300801289,1759.11201648229
Algeria,DZA,"Middle East, North Africa, Afghanistan & Pakistan",1993,1831.04800976449,1802.69300801289
Algeria,DZA,"Middle East, North Africa, Afghanistan & Pakistan",1994,1525.54061760288,1831.04800976449
Algeria,DZA,"Middle East, North Africa, Afghanistan & Pakistan",1995,1466.94806760415,1525.54061760288
Algeria,DZA,"Middle East, North Africa, Afghanistan & Pakistan",1996,1616.83198721285,1466.94806760415
Algeria,DZA,"Middle East, North Africa, Afghanistan & Pakistan",1997,1628.76100561506,1616.83198721285
Algeria,DZA,"Middle East, North Africa, Afghanistan & Pakistan",1998,1603.36623200836,1628.76100561506
Algeria,DZA,"Middle East, North Africa, Afghanistan & Pakistan",1999,1596.11822239025,1603.36623200836
Algeria,DZA,"Middle East, North Africa, Afghanistan & Pakistan",2000,1772.92869122761,1596.11822239025
Algeria,DZA,"Middle East, North Africa, Afghanistan & Pakistan",2001,1896.30020878013,1772.92869122761
Algeria,DZA,"Middle East, North Africa, Afghanistan & Pakistan",2002,1937.46411413019,1896.30020878013
Algeria,DZA,"Middle East, North Africa, Afghanistan & Pakistan",2003,2283.77299346126,1937.46411413019
Algeria,DZA,"Middle East, North Africa, Afghanistan & Pakistan",2004,2816.99384960555,2283.77299346126
Algeria,DZA,"Middle East, North Africa, Afghanistan & Pakistan",2005,3233.13339634212,2816.99384960555
Algeria,DZA,"Middle East, North Africa, Afghanistan & Pakistan",2006,3660.66104745322,3233.13339634212
Algeria,DZA,"Middle East, North Africa, Afghanistan & Pakistan",2007,4167.45169937531,3660.66104745322
Algeria,DZA,"Middle East, North Africa, Afghanistan & Pakistan",2008,5180.91881514686,4167.45169937531
Algeria,DZA,"Middle East, North Africa, Afghanistan & Pakistan",2009,4235.42990456612,5180.91881514686
Algeria,DZA,"Middle East, North Africa, Afghanistan & Pakistan",2010,4912.78585503672,4235.42990456612
Algeria,DZA,"Middle East, North Africa, Afghanistan & Pakistan",2011,5916.31364364343,4912.78585503672
Algeria,DZA,"Middle East, North Africa, Afghanistan & Pakistan",2012,6033.64884689543,5916.31364364343
Algeria,DZA,"Middle East, North Africa, Afghanistan & Pakistan",2013,5979.60138960585,6033.64884689543
Algeria,DZA,"Middle East, North Africa, Afghanistan & Pakistan",2014,6094.69392314956,5979.60138960585
Algeria,DZA,"Middle East, North Africa, Afghanistan & Pakistan",2015,4685.05902729002,6094.69392314956
Algeria,DZA,"Middle East, North Africa, Afghanistan & Pakistan",2016,4424.98529027556,4685.05902729002
Algeria,DZA,"Middle East, North Africa, Afghanistan & Pakistan",2017,4554.66753957828,4424.98529027556
Algeria,DZA,"Middle East, North Africa, Afghanistan & Pakistan",2018,4577.21029180491,4554.66753957828
Algeria,DZA,"Middle East, North Africa, Afghanistan & Pakistan",2019,4468.45341883656,4577.21029180491
Algeria,DZA,"Middle East, North Africa, Afghanistan & Pakistan",2020,3743.5419522929,4468.45341883656
Algeria,DZA,"Middle East, North Africa, Afghanistan & Pakistan",2021,4160.55926736925,3743.5419522929
Algeria,DZA,"Middle East, North Africa, Afghanistan & Pakistan",2022,4960.30334332888,4160.55926736925
Algeria,DZA,"Middle East, North Africa, Afghanistan & Pakistan",2023,5370.477235078,4960.30334332888
Algeria,DZA,"Middle East, North Africa, Afghanistan & Pakistan",2024,5752.99076651465,5370.477235078
Ecuador,ECU,Latin America & Caribbean ,1970,465.040319805007,520.843984636492
Ecuador,ECU,Latin America & Caribbean ,1971,434.415880347799,465.040319805007
Ecuador,ECU,Latin America & Caribbean ,1972,487.972047217986,434.415880347799
Ecuador,ECU,Latin America & Caribbean ,1973,578.954930783286,487.972047217986
Ecuador,ECU,Latin America & Caribbean ,1974,953.846558260516,578.954930783286
Ecuador,ECU,Latin America & Caribbean ,1975,1086.17615086517,953.846558260516
Ecuador,ECU,Latin America & Caribbean ,1976,1241.91098461141,1086.17615086517
Ecuador,ECU,Latin America & Caribbean ,1977,1464.94058354719,1241.91098461141
Ecuador,ECU,Latin America & Caribbean ,1978,1541.13760425322,1464.94058354719
Ecuador,ECU,Latin America & Caribbean ,1979,1783.29280581578,1541.13760425322
Ecuador,ECU,Latin America & Caribbean ,1980,2189.78417657382,1783.29280581578
Ecuador,ECU,Latin America & Caribbean ,1981,2600.57152797996,2189.78417657382
Ecuador,ECU,Latin America & Caribbean ,1982,2314.38354547989,2600.57152797996
Ecuador,ECU,Latin America & Caribbean ,1983,1940.23393200801,2314.38354547989
Ecuador,ECU,Latin America & Caribbean ,1984,1863.68213493779,1940.23393200801
Ecuador,ECU,Latin America & Caribbean ,1985,1841.77905481426,1863.68213493779
Ecuador,ECU,Latin America & Caribbean ,1986,1604.24698102055,1841.77905481426
Ecuador,ECU,Latin America & Caribbean ,1987,1426.01629151663,1604.24698102055
Ecuador,ECU,Latin America & Caribbean ,1988,1303.77906073184,1426.01629151663
Ecuador,ECU,Latin America & Caribbean ,1989,1356.28045636224,1303.77906073184
Ecuador,ECU,Latin America & Caribbean ,1990,1455.00748510871,1356.28045636224
Ecuador,ECU,Latin America & Caribbean ,1991,1587.36049996672,1455.00748510871
Ecuador,ECU,Latin America & Caribbean ,1992,1655.44613192632,1587.36049996672
Ecuador,ECU,Latin America & Caribbean ,1993,1697.88884141445,1655.44613192632
Ecuador,ECU,Latin America & Caribbean ,1994,1996.85894789444,1697.88884141445
Ecuador,ECU,Latin America & Caribbean ,1995,2108.00698245316,1996.85894789444
Ecuador,ECU,Latin America & Caribbean ,1996,2135.8479374308,2108.00698245316
Ecuador,ECU,Latin America & Caribbean ,1997,2340.76600026857,2135.8479374308
Ecuador,ECU,Latin America & Caribbean ,1998,2284.01572847769,2340.76600026857
Ecuador,ECU,Latin America & Caribbean ,1999,1575.30234730971,2284.01572847769
Ecuador,ECU,Latin America & Caribbean ,2000,1382.23421759909,1575.30234730971
Ecuador,ECU,Latin America & Caribbean ,2001,1791.30359685037,1382.23421759909
Ecuador,ECU,Latin America & Caribbean ,2002,2059.1585535974,1791.30359685037
Ecuador,ECU,Latin America & Caribbean ,2003,2315.62215223014,2059.1585535974
Ecuador,ECU,Latin America & Caribbean ,2004,2586.20914663347,2315.62215223014
Ecuador,ECU,Latin America & Caribbean ,2005,2909.02606014388,2586.20914663347
Ecuador,ECU,Latin America & Caribbean ,2006,3243.67010359339,2909.02606014388
Ecuador,ECU,Latin America & Caribbean ,2007,3478.92488770671,3243.67010359339
Ecuador,ECU,Latin America & Caribbean ,2008,4194.75750661981,3478.92488770671
Ecuador,ECU,Latin America & Caribbean ,2009,4053.36331139298,4194.75750661981
Ecuador,ECU,Latin America & Caribbean ,2010,4520.30959039763,4053.36331139298
Ecuador,ECU,Latin America & Caribbean ,2011,5153.6916424375,4520.30959039763
Ecuador,ECU,Latin America & Caribbean ,2012,5634.08393191094,5153.6916424375
Ecuador,ECU,Latin America & Caribbean ,2013,6109.29031510341,5634.08393191094
Ecuador,ECU,Latin America & Caribbean ,2014,6405.79979300441,6109.29031510341
Ecuador,ECU,Latin America & Caribbean ,2015,5976.1596805651,6405.79979300441
Ecuador,ECU,Latin America & Caribbean ,2016,5917.63771271481,5976.1596805651
Ecuador,ECU,Latin America & Caribbean ,2017,6233.32244797718,5917.63771271481
Ecuador,ECU,Latin America & Caribbean ,2018,6303.91886658338,6233.32244797718
Ecuador,ECU,Latin America & Caribbean ,2019,6205.05765246766,6303.91886658338
Ecuador,ECU,Latin America & Caribbean ,2020,5463.64515348598,6205.05765246766
Ecuador,ECU,Latin America & Caribbean ,2021,6061.32350181711,5463.64515348598
Ecuador,ECU,Latin America & Caribbean ,2022,6515.58528418336,6061.32350181711
Ecuador,ECU,Latin America & Caribbean ,2023,6737.84748379638,6515.58528418336
Ecuador,ECU,Latin America & Caribbean ,2024,6874.705739766,6737.84748379638
"Egypt, Arab Rep.",EGY,"Middle East, North Africa, Afghanistan & Pakistan",1970,232.272492342671,192.964908828257
"Egypt, Arab Rep.",EGY,"Middle East, North Africa, Afghanistan & Pakistan",1971,242.971070265891,232.272492342671
"Egypt, Arab Rep.",EGY,"Middle East, North Africa, Afghanistan & Pakistan",1972,256.482815640115,242.971070265891
"Egypt, Arab Rep.",EGY,"Middle East, North Africa, Afghanistan & Pakistan",1973,272.182710085295,256.482815640115
"Egypt, Arab Rep.",EGY,"Middle East, North Africa, Afghanistan & Pakistan",1974,243.061473902314,272.182710085295
"Egypt, Arab Rep.",EGY,"Middle East, North Africa, Afghanistan & Pakistan",1975,299.217518322538,243.061473902314
"Egypt, Arab Rep.",EGY,"Middle East, North Africa, Afghanistan & Pakistan",1976,334.609918474469,299.217518322538
"Egypt, Arab Rep.",EGY,"Middle East, North Africa, Afghanistan & Pakistan",1977,353.403833676533,334.609918474469
"Egypt, Arab Rep.",EGY,"Middle East, North Africa, Afghanistan & Pakistan",1978,354.674246269687,353.403833676533
"Egypt, Arab Rep.",EGY,"Middle East, North Africa, Afghanistan & Pakistan",1979,420.85821686233,354.674246269687
"Egypt, Arab Rep.",EGY,"Middle East, North Africa, Afghanistan & Pakistan",1980,493.053573271061,420.85821686233
"Egypt, Arab Rep.",EGY,"Middle East, North Africa, Afghanistan & Pakistan",1981,490.308796861598,493.053573271061
"Egypt, Arab Rep.",EGY,"Middle East, North Africa, Afghanistan & Pakistan",1982,595.918898169378,490.308796861598
"Egypt, Arab Rep.",EGY,"Middle East, North Africa, Afghanistan & Pakistan",1983,648.013629771434,595.918898169378
"Egypt, Arab Rep.",EGY,"Middle East, North Africa, Afghanistan & Pakistan",1984,689.807675510205,648.013629771434
"Egypt, Arab Rep.",EGY,"Middle East, North Africa, Afghanistan & Pakistan",1985,769.755137148666,689.807675510205
"Egypt, Arab Rep.",EGY,"Middle East, North Africa, Afghanistan & Pakistan",1986,790.201793698565,769.755137148666
"Egypt, Arab Rep.",EGY,"Middle East, North Africa, Afghanistan & Pakistan",1987,753.722263747615,790.201793698565
"Egypt, Arab Rep.",EGY,"Middle East, North Africa, Afghanistan & Pakistan",1988,633.839369496566,753.722263747615
"Egypt, Arab Rep.",EGY,"Middle East, North Africa, Afghanistan & Pakistan",1989,701.037717929191,633.839369496566
"Egypt, Arab Rep.",EGY,"Middle East, North Africa, Afghanistan & Pakistan",1990,735.982935028025,701.037717929191
"Egypt, Arab Rep.",EGY,"Middle East, North Africa, Afghanistan & Pakistan",1991,622.829605007867,735.982935028025
"Egypt, Arab Rep.",EGY,"Middle East, North Africa, Afghanistan & Pakistan",1992,680.79923864551,622.829605007867
"Egypt, Arab Rep.",EGY,"Middle East, North Africa, Afghanistan & Pakistan",1993,740.334217356418,680.79923864551
"Egypt, Arab Rep.",EGY,"Middle East, North Africa, Afghanistan & Pakistan",1994,807.303537230487,740.334217356418
"Egypt, Arab Rep.",EGY,"Middle East, North Africa, Afghanistan & Pakistan",1995,916.326617700876,807.303537230487
"Egypt, Arab Rep.",EGY,"Middle East, North Africa, Afghanistan & Pakistan",1996,1008.97637629447,916.326617700876
"Egypt, Arab Rep.",EGY,"Middle East, North Africa, Afghanistan & Pakistan",1997,1146.20172117634,1008.97637629447
"Egypt, Arab Rep.",EGY,"Middle East, North Africa, Afghanistan & Pakistan",1998,1212.82259820477,1146.20172117634
"Egypt, Arab Rep.",EGY,"Middle East, North Africa, Afghanistan & Pakistan",1999,1268.30949160496,1212.82259820477
"Egypt, Arab Rep.",EGY,"Middle East, North Africa, Afghanistan & Pakistan",2000,1366.09274372613,1268.30949160496
"Egypt, Arab Rep.",EGY,"Middle East, North Africa, Afghanistan & Pakistan",2001,1295.1374184163,1366.09274372613
"Egypt, Arab Rep.",EGY,"Middle East, North Africa, Afghanistan & Pakistan",2002,1116.82884626213,1295.1374184163
"Egypt, Arab Rep.",EGY,"Middle East, North Africa, Afghanistan & Pakistan",2003,1031.27556291284,1116.82884626213
"Egypt, Arab Rep.",EGY,"Middle East, North Africa, Afghanistan & Pakistan",2004,991.255689145253,1031.27556291284
"Egypt, Arab Rep.",EGY,"Middle East, North Africa, Afghanistan & Pakistan",2005,1105.53920713903,991.255689145253
"Egypt, Arab Rep.",EGY,"Middle East, North Africa, Afghanistan & Pakistan",2006,1298.97900203124,1105.53920713903
"Egypt, Arab Rep.",EGY,"Middle East, North Africa, Afghanistan & Pakistan",2007,1547.74170735909,1298.97900203124
"Egypt, Arab Rep.",EGY,"Middle East, North Africa, Afghanistan & Pakistan",2008,1896.21594269779,1547.74170735909
"Egypt, Arab Rep.",EGY,"Middle East, North Africa, Afghanistan & Pakistan",2009,2161.63964573927,1896.21594269779
"Egypt, Arab Rep.",EGY,"Middle East, North Africa, Afghanistan & Pakistan",2010,2455.08194645282,2161.63964573927
"Egypt, Arab Rep.",EGY,"Middle East, North Africa, Afghanistan & Pakistan",2011,2590.64384891965,2455.08194645282
"Egypt, Arab Rep.",EGY,"Middle East, North Africa, Afghanistan & Pakistan",2012,2996.0677072015,2590.64384891965
"Egypt, Arab Rep.",EGY,"Middle East, North Africa, Afghanistan & Pakistan",2013,3025.52563552448,2996.0677072015
"Egypt, Arab Rep.",EGY,"Middle East, North Africa, Afghanistan & Pakistan",2014,3133.39102265541,3025.52563552448
"Egypt, Arab Rep.",EGY,"Middle East, North Africa, Afghanistan & Pakistan",2015,3306.98159414141,3133.39102265541
"Egypt, Arab Rep.",EGY,"Middle East, North Africa, Afghanistan & Pakistan",2016,3270.6287768197,3306.98159414141
"Egypt, Arab Rep.",EGY,"Middle East, North Africa, Afghanistan & Pakistan",2017,2395.10333299491,3270.6287768197
"Egypt, Arab Rep.",EGY,"Middle East, North Africa, Afghanistan & Pakistan",2018,2484.70315630508,2395.10333299491
"Egypt, Arab Rep.",EGY,"Middle East, North Africa, Afghanistan & Pakistan",2019,2962.98892023003,2484.70315630508
"Egypt, Arab Rep.",EGY,"Middle East, North Africa, Afghanistan & Pakistan",2020,3511.11381026379,2962.98892023003
"Egypt, Arab Rep.",EGY,"Middle East, North Africa, Afghanistan & Pakistan",2021,3827.35415374308,3511.11381026379
"Egypt, Arab Rep.",EGY,"Middle East, North Africa, Afghanistan & Pakistan",2022,4233.30783744856,3827.35415374308
"Egypt, Arab Rep.",EGY,"Middle East, North Africa, Afghanistan & Pakistan",2023,3456.78968456253,4233.30783744856
"Egypt, Arab Rep.",EGY,"Middle East, North Africa, Afghanistan & Pakistan",2024,3338.47371395895,3456.78968456253
Eritrea,ERI,Sub-Saharan Africa ,2002,304.775756465092,325.409161513593
Eritrea,ERI,Sub-Saharan Africa ,2003,348.950327077742,304.775756465092
Eritrea,ERI,Sub-Saharan Africa ,2004,426.840947887032,348.950327077742
Eritrea,ERI,Sub-Saharan Africa ,2005,412.753079199423,426.840947887032
Eritrea,ERI,Sub-Saharan Africa ,2006,447.997404727201,412.753079199423
Eritrea,ERI,Sub-Saharan Africa ,2007,480.44762365456,447.997404727201
Eritrea,ERI,Sub-Saharan Africa ,2008,490.066956003333,480.44762365456
Eritrea,ERI,Sub-Saharan Africa ,2009,642.92572288007,490.066956003333
Eritrea,ERI,Sub-Saharan Africa ,2010,539.699512069686,642.92572288007
Eritrea,ERI,Sub-Saharan Africa ,2011,688.68165957684,539.699512069686
Spain,ESP,Europe & Central Asia,1970,1211.42343321309,1109.13637135526
Spain,ESP,Europe & Central Asia,1971,1361.19251917206,1211.42343321309
Spain,ESP,Europe & Central Asia,1972,1707.58800052655,1361.19251917206
Spain,ESP,Europe & Central Asia,1973,2245.9479911066,1707.58800052655
Spain,ESP,Europe & Central Asia,1974,2747.96036737994,2245.9479911066
Spain,ESP,Europe & Central Asia,1975,3207.54465082024,2747.96036737994
Spain,ESP,Europe & Central Asia,1976,3276.97023260494,3207.54465082024
Spain,ESP,Europe & Central Asia,1977,3624.99940255962,3276.97023260494
Spain,ESP,Europe & Central Asia,1978,4353.3273744052,3624.99940255962
Spain,ESP,Europe & Central Asia,1979,5766.09296672485,4353.3273744052
Spain,ESP,Europe & Central Asia,1980,6204.14321544225,5766.09296672485
Spain,ESP,Europe & Central Asia,1981,5367.32976278411,6204.14321544225
Spain,ESP,Europe & Central Asia,1982,5156.02303792945,5367.32976278411
Spain,ESP,Europe & Central Asia,1983,4475.30126831295,5156.02303792945
Spain,ESP,Europe & Central Asia,1984,4486.78173863382,4475.30126831295
Spain,ESP,Europe & Central Asia,1985,4696.29879620729,4486.78173863382
Spain,ESP,Europe & Central Asia,1986,6508.8506547565,4696.29879620729
Spain,ESP,Europe & Central Asia,1987,8233.72822993027,6508.8506547565
Spain,ESP,Europe & Central Asia,1988,9696.1928538538,8233.72822993027
Spain,ESP,Europe & Central Asia,1989,10674.3410230107,9696.1928538538
Spain,ESP,Europe & Central Asia,1990,13795.0159385128,10674.3410230107
Spain,ESP,Europe & Central Asia,1991,14801.3226152172,13795.0159385128
Spain,ESP,Europe & Central Asia,1992,16100.6799428032,14801.3226152172
Spain,ESP,Europe & Central Asia,1993,13330.3798192211,16100.6799428032
Spain,ESP,Europe & Central Asia,1994,13405.704414883,13330.3798192211
Spain,ESP,Europe & Central Asia,1995,15460.9110266653,13405.704414883
Spain,ESP,Europe & Central Asia,1996,16100.6215831114,15460.9110266653
Spain,ESP,Europe & Central Asia,1997,14722.3717633536,16100.6215831114
Spain,ESP,Europe & Central Asia,1998,15382.3348573373,14722.3717633536
Spain,ESP,Europe & Central Asia,1999,15707.9473068138,15382.3348573373
Spain,ESP,Europe & Central Asia,2000,14743.2671031455,15707.9473068138
Spain,ESP,Europe & Central Asia,2001,15368.2337984435,14743.2671031455
Spain,ESP,Europe & Central Asia,2002,17111.0685058941,15368.2337984435
Spain,ESP,Europe & Central Asia,2003,21522.0170990262,17111.0685058941
Spain,ESP,Europe & Central Asia,2004,24925.0267844576,21522.0170990262
Spain,ESP,Europe & Central Asia,2005,26450.9530130382,24925.0267844576
Spain,ESP,Europe & Central Asia,2006,28421.686527407,26450.9530130382
Spain,ESP,Europe & Central Asia,2007,32652.015594702,28421.686527407
Spain,ESP,Europe & Central Asia,2008,35603.248328071,32652.015594702
Spain,ESP,Europe & Central Asia,2009,32279.8208476151,35603.248328071
Spain,ESP,Europe & Central Asia,2010,30658.7422282912,32279.8208476151
Spain,ESP,Europe & Central Asia,2011,31824.6219134777,30658.7422282912
Spain,ESP,Europe & Central Asia,2012,28456.4438151477,31824.6219134777
Spain,ESP,Europe & Central Asia,2013,29228.846559842,28456.4438151477
Spain,ESP,Europe & Central Asia,2014,29707.765509467,29228.846559842
Spain,ESP,Europe & Central Asia,2015,25982.4416197775,29707.765509467
Spain,ESP,Europe & Central Asia,2016,26755.6061149398,25982.4416197775
Spain,ESP,Europe & Central Asia,2017,28381.3425596906,26755.6061149398
Spain,ESP,Europe & Central Asia,2018,30602.4212881113,28381.3425596906
Spain,ESP,Europe & Central Asia,2019,29786.5245689007,30602.4212881113
Spain,ESP,Europe & Central Asia,2020,27233.9426461608,29786.5245689007
Spain,ESP,Europe & Central Asia,2021,30799.4775937775,27233.9426461608
Spain,ESP,Europe & Central Asia,2022,30319.4987196616,30799.4775937775
Spain,ESP,Europe & Central Asia,2023,33493.2225409111,30319.4987196616
Spain,ESP,Europe & Central Asia,2024,35326.7683069278,33493.2225409111
Estonia,EST,Europe & Central Asia,2003,7205.40703313243,5343.18310760735
Estonia,EST,Europe & Central Asia,2004,8916.0728274602,7205.40703313243
Estonia,EST,Europe & Central Asia,2005,10414.6381183565,8916.0728274602
Estonia,EST,Europe & Central Asia,2006,12641.4800976473,10414.6381183565
Estonia,EST,Europe & Central Asia,2007,16745.4308011148,12641.4800976473
Estonia,EST,Europe & Central Asia,2008,18205.9064113446,16745.4308011148
Estonia,EST,Europe & Central Asia,2009,14712.4494217916,18205.9064113446
Estonia,EST,Europe & Central Asia,2010,14663.7041018705,14712.4494217916
Estonia,EST,Europe & Central Asia,2011,17555.5455239426,14663.7041018705
Estonia,EST,Europe & Central Asia,2012,17568.2137969714,17555.5455239426
Estonia,EST,Europe & Central Asia,2013,19310.3874900757,17568.2137969714
Estonia,EST,Europe & Central Asia,2014,20581.7898991695,19310.3874900757
Estonia,EST,Europe & Central Asia,2015,17722.1557669523,20581.7898991695
Estonia,EST,Europe & Central Asia,2016,18666.3736521706,17722.1557669523
Estonia,EST,Europe & Central Asia,2017,20851.5223496861,18666.3736521706
Estonia,EST,Europe & Central Asia,2018,23618.1361254581,20851.5223496861
Estonia,EST,Europe & Central Asia,2019,24021.2501413306,23618.1361254581
Estonia,EST,Europe & Central Asia,2020,23933.9939421065,24021.2501413306
Estonia,EST,Europe & Central Asia,2021,27951.1659277744,23933.9939421065
Estonia,EST,Europe & Central Asia,2022,28340.3826549406,27951.1659277744
Estonia,EST,Europe & Central Asia,2023,30264.0064885057,28340.3826549406
Estonia,EST,Europe & Central Asia,2024,31428.3547816104,30264.0064885057
Ethiopia,ETH,Sub-Saharan Africa ,1970,109.430466337285,102.280177675035
Ethiopia,ETH,Sub-Saharan Africa ,1971,112.736674296624,109.430466337285
Ethiopia,ETH,Sub-Saharan Africa ,1972,119.839997124757,112.736674296624
Ethiopia,ETH,Sub-Saharan Africa ,1973,134.935511021947,119.839997124757
Ethiopia,ETH,Sub-Saharan Africa ,1974,147.855722504485,134.935511021947
Ethiopia,ETH,Sub-Saharan Africa ,1975,144.280537635495,147.855722504485
Ethiopia,ETH,Sub-Saharan Africa ,1976,151.95618662171,144.280537635495
Ethiopia,ETH,Sub-Saharan Africa ,1977,170.40414371556,151.95618662171
Ethiopia,ETH,Sub-Saharan Africa ,1978,178.302480574913,170.40414371556
Ethiopia,ETH,Sub-Saharan Africa ,1979,192.357117273999,178.302480574913
Ethiopia,ETH,Sub-Saharan Africa ,1980,203.685394440965,192.357117273999
Ethiopia,ETH,Sub-Saharan Africa ,1981,212.657517980298,203.685394440965
Ethiopia,ETH,Sub-Saharan Africa ,1982,215.25098547162,212.657517980298
Ethiopia,ETH,Sub-Saharan Africa ,1983,232.683474421159,215.25098547162
Ethiopia,ETH,Sub-Saharan Africa ,1984,214.228860396002,232.683474421159
Ethiopia,ETH,Sub-Saharan Africa ,1985,243.897382584019,214.228860396002
Ethiopia,ETH,Sub-Saharan Africa ,1986,245.977228769295,243.897382584019
Ethiopia,ETH,Sub-Saharan Africa ,1987,254.121329421554,245.977228769295
Ethiopia,ETH,Sub-Saharan Africa ,1988,253.248262470167,254.121329421554
Ethiopia,ETH,Sub-Saharan Africa ,1989,256.386475306315,253.248262470167
Ethiopia,ETH,Sub-Saharan Africa ,1990,262.108971053707,256.386475306315
Ethiopia,ETH,Sub-Saharan Africa ,1991,277.565910365091,262.108971053707
Ethiopia,ETH,Sub-Saharan Africa ,1992,207.406400863847,277.565910365091
Ethiopia,ETH,Sub-Saharan Africa ,1993,168.520401400989,207.406400863847
Ethiopia,ETH,Sub-Saharan Africa ,1994,127.685923459033,168.520401400989
Ethiopia,ETH,Sub-Saharan Africa ,1995,136.523619088963,127.685923459033
Ethiopia,ETH,Sub-Saharan Africa ,1996,147.327458851964,136.523619088963
Ethiopia,ETH,Sub-Saharan Africa ,1997,143.369531498844,147.327458851964
Ethiopia,ETH,Sub-Saharan Africa ,1998,126.465095781244,143.369531498844
Ethiopia,ETH,Sub-Saharan Africa ,1999,120.734631499865,126.465095781244
Ethiopia,ETH,Sub-Saharan Africa ,2000,122.269202606069,120.734631499865
Ethiopia,ETH,Sub-Saharan Africa ,2001,118.457204255261,122.269202606069
Ethiopia,ETH,Sub-Saharan Africa ,2002,109.593813612988,118.457204255261
Ethiopia,ETH,Sub-Saharan Africa ,2003,116.800491132777,109.593813612988
Ethiopia,ETH,Sub-Saharan Africa ,2004,133.169812538096,116.800491132777
Ethiopia,ETH,Sub-Saharan Africa ,2005,158.243458082465,133.169812538096
Ethiopia,ETH,Sub-Saharan Africa ,2006,189.345737521418,158.243458082465
Ethiopia,ETH,Sub-Saharan Africa ,2007,237.146255996319,189.345737521418
Ethiopia,ETH,Sub-Saharan Africa ,2008,316.410475118075,237.146255996319
Ethiopia,ETH,Sub-Saharan Africa ,2009,368.574712267445,316.410475118075
Ethiopia,ETH,Sub-Saharan Africa ,2010,330.619412798644,368.574712267445
Ethiopia,ETH,Sub-Saharan Africa ,2011,343.024942351887,330.619412798644
Ethiopia,ETH,Sub-Saharan Africa ,2012,452.101031885754,343.024942351887
Ethiopia,ETH,Sub-Saharan Africa ,2013,484.039833104062,452.101031885754
Ethiopia,ETH,Sub-Saharan Africa ,2014,549.986577082588,484.039833104062
Ethiopia,ETH,Sub-Saharan Africa ,2015,597.912113218663,549.986577082588
Ethiopia,ETH,Sub-Saharan Africa ,2016,641.651523286233,597.912113218663
Ethiopia,ETH,Sub-Saharan Africa ,2017,696.348429076216,641.651523286233
Ethiopia,ETH,Sub-Saharan Africa ,2018,739.702022272086,696.348429076216
Ethiopia,ETH,Sub-Saharan Africa ,2019,793.473247210264,739.702022272086
Ethiopia,ETH,Sub-Saharan Africa ,2020,829.790982547947,793.473247210264
Ethiopia,ETH,Sub-Saharan Africa ,2021,893.00983544905,829.790982547947
Ethiopia,ETH,Sub-Saharan Africa ,2022,982.103161506992,893.00983544905
Ethiopia,ETH,Sub-Saharan Africa ,2023,1055.81091592527,982.103161506992
Ethiopia,ETH,Sub-Saharan Africa ,2024,1133.88279681719,1055.81091592527
Finland,FIN,Europe & Central Asia,1970,2465.86455526041,2201.12415237742
Finland,FIN,Europe & Central Asia,1971,2716.43223544591,2465.86455526041
Finland,FIN,Europe & Central Asia,1972,3177.9287929756,2716.43223544591
Finland,FIN,Europe & Central Asia,1973,4173.54485169644,3177.9287929756
Finland,FIN,Europe & Central Asia,1974,5298.08008790754,4173.54485169644
Finland,FIN,Europe & Central Asia,1975,6256.10245136117,5298.08008790754
Finland,FIN,Europe & Central Asia,1976,6740.29145314637,6256.10245136117
Finland,FIN,Europe & Central Asia,1977,7069.73565139858,6740.29145314637
Finland,FIN,Europe & Central Asia,1978,7629.49572475149,7069.73565139858
Finland,FIN,Europe & Central Asia,1979,9333.07695567452,7629.49572475149
Finland,FIN,Europe & Central Asia,1980,11224.9380036353,9333.07695567452
Finland,FIN,Europe & Central Asia,1981,10925.0957161181,11224.9380036353
Finland,FIN,Europe & Central Asia,1982,10935.3110588486,10925.0957161181
Finland,FIN,Europe & Central Asia,1983,10493.9626636806,10935.3110588486
Finland,FIN,Europe & Central Asia,1984,10830.2185222663,10493.9626636806
Finland,FIN,Europe & Central Asia,1985,11394.1921044246,10830.2185222663
Finland,FIN,Europe & Central Asia,1986,14946.9926198261,11394.1921044246
Finland,FIN,Europe & Central Asia,1987,18565.0264426011,14946.9926198261
Finland,FIN,Europe & Central Asia,1988,22043.7701596288,18565.0264426011
Finland,FIN,Europe & Central Asia,1989,23969.052798644,22043.7701596288
Finland,FIN,Europe & Central Asia,1990,28366.204276071,23969.052798644
Finland,FIN,Europe & Central Asia,1991,25488.8450525604,28366.204276071
Finland,FIN,Europe & Central Asia,1992,22320.1124695857,25488.8450525604
Finland,FIN,Europe & Central Asia,1993,17588.6781715509,22320.1124695857
Finland,FIN,Europe & Central Asia,1994,20278.29109854,17588.6781715509
Finland,FIN,Europe & Central Asia,1995,26246.2743214462,20278.29109854
Finland,FIN,Europe & Central Asia,1996,25756.6777073618,26246.2743214462
Finland,FIN,Europe & Central Asia,1997,24682.29083271,25756.6777073618
Finland,FIN,Europe & Central Asia,1998,25999.9861694953,24682.29083271
Finland,FIN,Europe & Central Asia,1999,26180.4128562349,25999.9861694953
Finland,FIN,Europe & Central Asia,2000,24335.9225082659,26180.4128562349
Finland,FIN,Europe & Central Asia,2001,24965.202996776,24335.9225082659
Finland,FIN,Europe & Central Asia,2002,26989.389260959,24965.202996776
Finland,FIN,Europe & Central Asia,2003,32920.0857192568,26989.389260959
Finland,FIN,Europe & Central Asia,2004,37768.1334202029,32920.0857192568
Finland,FIN,Europe & Central Asia,2005,39049.8703780223,37768.1334202029
Finland,FIN,Europe & Central Asia,2006,41214.0187765069,39049.8703780223
Finland,FIN,Europe & Central Asia,2007,48473.0240091455,41214.0187765069
Finland,FIN,Europe & Central Asia,2008,53769.4726240385,48473.0240091455
Finland,FIN,Europe & Central Asia,2009,47478.3495310999,53769.4726240385
Finland,FIN,Europe & Central Asia,2010,46506.2919016566,47478.3495310999
Finland,FIN,Europe & Central Asia,2011,51060.3242589767,46506.2919016566
Finland,FIN,Europe & Central Asia,2012,47551.6740841369,51060.3242589767
Finland,FIN,Europe & Central Asia,2013,49691.0145200739,47551.6740841369
Finland,FIN,Europe & Central Asia,2014,50073.7760815871,49691.0145200739
Finland,FIN,Europe & Central Asia,2015,42560.3456767103,50073.7760815871
Finland,FIN,Europe & Central Asia,2016,43451.2562442158,42560.3456767103
Finland,FIN,Europe & Central Asia,2017,46085.0174739036,43451.2562442158
Finland,FIN,Europe & Central Asia,2018,49654.2497035329,46085.0174739036
Finland,FIN,Europe & Central Asia,2019,48358.1807773701,49654.2497035329
Finland,FIN,Europe & Central Asia,2020,48828.6846862799,48358.1807773701
Finland,FIN,Europe & Central Asia,2021,53099.1351400148,48828.6846862799
Finland,FIN,Europe & Central Asia,2022,50440.560224974,53099.1351400148
Finland,FIN,Europe & Central Asia,2023,52834.2916752703,50440.560224974
Finland,FIN,Europe & Central Asia,2024,53149.7671934051,52834.2916752703
Fiji,FJI,East Asia & Pacific,1970,413.93721652892,349.813973013608
Fiji,FJI,East Asia & Pacific,1971,457.844599860784,413.93721652892
Fiji,FJI,East Asia & Pacific,1972,575.217482137037,457.844599860784
Fiji,FJI,East Asia & Pacific,1973,761.684067364828,575.217482137037
Fiji,FJI,East Asia & Pacific,1974,984.313523932329,761.684067364828
Fiji,FJI,East Asia & Pacific,1975,1188.18424249981,984.313523932329
Fiji,FJI,East Asia & Pacific,1976,1186.16648457757,1188.18424249981
Fiji,FJI,East Asia & Pacific,1977,1203.57267969162,1186.16648457757
Fiji,FJI,East Asia & Pacific,1978,1354.81144050374,1203.57267969162
Fiji,FJI,East Asia & Pacific,1979,1626.66019023926,1354.81144050374
Fiji,FJI,East Asia & Pacific,1980,1873.31097972432,1626.66019023926
Fiji,FJI,East Asia & Pacific,1981,1879.36315139259,1873.31097972432
Fiji,FJI,East Asia & Pacific,1982,1773.14392517051,1879.36315139259
Fiji,FJI,East Asia & Pacific,1983,1628.04901181455,1773.14392517051
Fiji,FJI,East Asia & Pacific,1984,1666.86572541062,1628.04901181455
Fiji,FJI,East Asia & Pacific,1985,1576.72069091401,1666.86572541062
Fiji,FJI,East Asia & Pacific,1986,1745.24126633634,1576.72069091401
Fiji,FJI,East Asia & Pacific,1987,1569.46727039388,1745.24126633634
Fiji,FJI,East Asia & Pacific,1988,1463.04720165947,1569.46727039388
Fiji,FJI,East Asia & Pacific,1989,1543.2961719258,1463.04720165947
Fiji,FJI,East Asia & Pacific,1990,1728.94076871199,1543.2961719258
Fiji,FJI,East Asia & Pacific,1991,1774.99211138118,1728.94076871199
Fiji,FJI,East Asia & Pacific,1992,1951.25592930351,1774.99211138118
Fiji,FJI,East Asia & Pacific,1993,2070.04734110195,1951.25592930351
Fiji,FJI,East Asia & Pacific,1994,2297.18005884304,2070.04734110195
Fiji,FJI,East Asia & Pacific,1995,2466.74347815903,2297.18005884304
Fiji,FJI,East Asia & Pacific,1996,2648.32766264,2466.74347815903
Fiji,FJI,East Asia & Pacific,1997,2573.72338605678,2648.32766264
Fiji,FJI,East Asia & Pacific,1998,2010.49636073149,2573.72338605678
Fiji,FJI,East Asia & Pacific,1999,2327.95720514091,2010.49636073149
Fiji,FJI,East Asia & Pacific,2000,1995.72071163264,2327.95720514091
Fiji,FJI,East Asia & Pacific,2001,1944.997414609,1995.72071163264
Fiji,FJI,East Asia & Pacific,2002,2136.56794118683,1944.997414609
Fiji,FJI,East Asia & Pacific,2003,2655.58079586044,2136.56794118683
Fiji,FJI,East Asia & Pacific,2004,3097.19096651759,2655.58079586044
Fiji,FJI,East Asia & Pacific,2005,3377.69126953493,3097.19096651759
Fiji,FJI,East Asia & Pacific,2006,3455.10599907349,3377.69126953493
Fiji,FJI,East Asia & Pacific,2007,3762.74692789299,3455.10599907349
Fiji,FJI,East Asia & Pacific,2008,3899.92231512129,3762.74692789299
Fiji,FJI,East Asia & Pacific,2009,3164.13275408169,3899.92231512129
Fiji,FJI,East Asia & Pacific,2010,3449.14452883369,3164.13275408169
Fiji,FJI,East Asia & Pacific,2011,4139.60288609702,3449.14452883369
Fiji,FJI,East Asia & Pacific,2012,4341.40338748749,4139.60288609702
Fiji,FJI,East Asia & Pacific,2013,4572.44377544245,4341.40338748749
Fiji,FJI,East Asia & Pacific,2014,5293.35676680464,4572.44377544245
Fiji,FJI,East Asia & Pacific,2015,5097.53106864695,5293.35676680464
Fiji,FJI,East Asia & Pacific,2016,5363.79026679243,5097.53106864695
Fiji,FJI,East Asia & Pacific,2017,5826.84814459328,5363.79026679243
Fiji,FJI,East Asia & Pacific,2018,6085.41979485376,5826.84814459328
Fiji,FJI,East Asia & Pacific,2019,5842.07344577597,6085.41979485376
Fiji,FJI,East Asia & Pacific,2020,4620.6457238014,5842.07344577597
Fiji,FJI,East Asia & Pacific,2021,4536.73312110335,4620.6457238014
Fiji,FJI,East Asia & Pacific,2022,5414.12092119088,4536.73312110335
Fiji,FJI,East Asia & Pacific,2023,5926.20586394763,5414.12092119088
Fiji,FJI,East Asia & Pacific,2024,6425.74151715712,5926.20586394763
France,FRA,Europe & Central Asia,1970,2832.54913756906,2729.37124785377
France,FRA,Europe & Central Asia,1971,3137.05929958055,2832.54913756906
France,FRA,Europe & Central Asia,1972,3809.09946046394,3137.05929958055
France,FRA,Europe & Central Asia,1973,4906.53555379458,3809.09946046394
France,FRA,Europe & Central Asia,1974,5260.60025882755,4906.53555379458
France,FRA,Europe & Central Asia,1975,6616.76722499173,5260.60025882755
France,FRA,Europe & Central Asia,1976,6792.3099035538,6616.76722499173
France,FRA,Europe & Central Asia,1977,7458.76424117602,6792.3099035538
France,FRA,Europe & Central Asia,1978,9166.59011961391,7458.76424117602
France,FRA,Europe & Central Asia,1979,11062.5731730373,9166.59011961391
France,FRA,Europe & Central Asia,1980,12565.1639377144,11062.5731730373
France,FRA,Europe & Central Asia,1981,10955.9002996167,12565.1639377144
France,FRA,Europe & Central Asia,1982,10359.8920663549,10955.9002996167
France,FRA,Europe & Central Asia,1983,9862.28449386586,10359.8920663549
France,FRA,Europe & Central Asia,1984,9311.89426452129,9862.28449386586
France,FRA,Europe & Central Asia,1985,9657.01938533723,9311.89426452129
France,FRA,Europe & Central Asia,1986,13430.4824599685,9657.01938533723
France,FRA,Europe & Central Asia,1987,16175.7090467566,13430.4824599685
France,FRA,Europe & Central Asia,1988,17549.6440487161,16175.7090467566
France,FRA,Europe & Central Asia,1989,17547.2645422514,17549.6440487161
France,FRA,Europe & Central Asia,1990,21586.4674617483,17547.2645422514
France,FRA,Europe & Central Asia,1991,21500.7778366233,21586.4674617483
France,FRA,Europe & Central Asia,1992,23615.0168565483,21500.7778366233
France,FRA,Europe & Central Asia,1993,22238.8250618434,23615.0168565483
France,FRA,Europe & Central Asia,1994,23359.8985104774,22238.8250618434
France,FRA,Europe & Central Asia,1995,26791.8151982369,23359.8985104774
France,FRA,Europe & Central Asia,1996,26757.6351494145,26791.8151982369
France,FRA,Europe & Central Asia,1997,24169.4008102822,26757.6351494145
France,FRA,Europe & Central Asia,1998,24869.4030795939,24169.4008102822
France,FRA,Europe & Central Asia,1999,24576.3152254528,24869.4030795939
France,FRA,Europe & Central Asia,2000,22340.5939516217,24576.3152254528
France,FRA,Europe & Central Asia,2001,22331.7948343036,22340.5939516217
France,FRA,Europe & Central Asia,2002,24144.5727019529,22331.7948343036
France,FRA,Europe & Central Asia,2003,29479.5222101175,24144.5727019529
France,FRA,Europe & Central Asia,2004,33644.9282220364,29479.5222101175
France,FRA,Europe & Central Asia,2005,34696.3718316971,33644.9282220364
France,FRA,Europe & Central Asia,2006,36431.5658906555,34696.3718316971
France,FRA,Europe & Central Asia,2007,41486.1907828787,36431.5658906555
France,FRA,Europe & Central Asia,2008,45464.8181385158,41486.1907828787
France,FRA,Europe & Central Asia,2009,41728.0884164132,45464.8181385158
France,FRA,Europe & Central Asia,2010,40694.8211697025,41728.0884164132
France,FRA,Europe & Central Asia,2011,43929.7840873812,40694.8211697025
France,FRA,Europe & Central Asia,2012,40863.5814412333,43929.7840873812
France,FRA,Europe & Central Asia,2013,42669.1795111893,40863.5814412333
France,FRA,Europe & Central Asia,2014,43148.0459288416,42669.1795111893
France,FRA,Europe & Central Asia,2015,36702.4323733379,43148.0459288416
France,FRA,Europe & Central Asia,2016,37024.2157133669,36702.4323733379
France,FRA,Europe & Central Asia,2017,38687.1626407164,37024.2157133669
France,FRA,Europe & Central Asia,2018,41418.1766484844,38687.1626407164
France,FRA,Europe & Central Asia,2019,40408.2848574751,41418.1766484844
France,FRA,Europe & Central Asia,2020,39169.8606000707,40408.2848574751
France,FRA,Europe & Central Asia,2021,43725.0999521245,39169.8606000707
France,FRA,Europe & Central Asia,2022,40988.6396406579,43725.0999521245
France,FRA,Europe & Central Asia,2023,44700.1384177544,40988.6396406579
France,FRA,Europe & Central Asia,2024,46103.0840855884,44700.1384177544
Faroe Islands,FRO,Europe & Central Asia,1975,5605.51262112203,4906.27514325385
Faroe Islands,FRO,Europe & Central Asia,1976,6593.6212932559,5605.51262112203
Faroe Islands,FRO,Europe & Central Asia,1977,8387.1492388171,6593.6212932559
Faroe Islands,FRO,Europe & Central Asia,1978,9479.43754490354,8387.1492388171
Faroe Islands,FRO,Europe & Central Asia,1979,10549.3401533022,9479.43754490354
Faroe Islands,FRO,Europe & Central Asia,1980,11446.2829681746,10549.3401533022
Faroe Islands,FRO,Europe & Central Asia,1981,10458.0965252581,11446.2829681746
Faroe Islands,FRO,Europe & Central Asia,1982,10052.9192302665,10458.0965252581
Faroe Islands,FRO,Europe & Central Asia,1983,10893.3317148574,10052.9192302665
Faroe Islands,FRO,Europe & Central Asia,1984,9437.29347360867,10893.3317148574
Faroe Islands,FRO,Europe & Central Asia,1985,10048.9483272876,9437.29347360867
Faroe Islands,FRO,Europe & Central Asia,1986,14933.8685239492,10048.9483272876
Faroe Islands,FRO,Europe & Central Asia,1987,18982.6475307663,14933.8685239492
Faroe Islands,FRO,Europe & Central Asia,1988,20453.530924512,18982.6475307663
Faroe Islands,FRO,Europe & Central Asia,1989,18181.2283745133,20453.530924512
Faroe Islands,FRO,Europe & Central Asia,1990,20125.7940710069,18181.2283745133
Faroe Islands,FRO,Europe & Central Asia,1991,19163.5554371421,20125.7940710069
Faroe Islands,FRO,Europe & Central Asia,1992,19300.6621973456,19163.5554371421
Faroe Islands,FRO,Europe & Central Asia,1993,16373.8260050275,19300.6621973456
Faroe Islands,FRO,Europe & Central Asia,1994,16975.9297150055,16373.8260050275
Faroe Islands,FRO,Europe & Central Asia,1995,20669.2052425004,16975.9297150055
Faroe Islands,FRO,Europe & Central Asia,1996,22705.6954787426,20669.2052425004
Faroe Islands,FRO,Europe & Central Asia,1997,21158.4130199317,22705.6954787426
Faroe Islands,FRO,Europe & Central Asia,1998,24729.019906458,21158.4130199317
Faroe Islands,FRO,Europe & Central Asia,1999,24978.6210817538,24729.019906458
Faroe Islands,FRO,Europe & Central Asia,2000,23322.7593357515,24978.6210817538
Faroe Islands,FRO,Europe & Central Asia,2001,24879.7729617864,23322.7593357515
Faroe Islands,FRO,Europe & Central Asia,2002,26937.6505602847,24879.7729617864
Faroe Islands,FRO,Europe & Central Asia,2003,31269.6031997217,26937.6505602847
Faroe Islands,FRO,Europe & Central Asia,2004,35647.5440400531,31269.6031997217
Faroe Islands,FRO,Europe & Central Asia,2005,36389.081644098,35647.5440400531
Faroe Islands,FRO,Europe & Central Asia,2006,41743.6812847661,36389.081644098
Faroe Islands,FRO,Europe & Central Asia,2007,48348.7393711011,41743.6812847661
Faroe Islands,FRO,Europe & Central Asia,2008,51287.8911081663,48348.7393711011
Faroe Islands,FRO,Europe & Central Asia,2009,47059.1947296738,51287.8911081663
Faroe Islands,FRO,Europe & Central Asia,2010,47923.1515374991,47059.1947296738
Faroe Islands,FRO,Europe & Central Asia,2011,51618.9907766392,47923.1515374991
Faroe Islands,FRO,Europe & Central Asia,2012,50261.9616267693,51618.9907766392
Faroe Islands,FRO,Europe & Central Asia,2013,55758.2083680611,50261.9616267693
Faroe Islands,FRO,Europe & Central Asia,2014,60172.0632541664,55758.2083680611
Faroe Islands,FRO,Europe & Central Asia,2015,52637.1903526574,60172.0632541664
Faroe Islands,FRO,Europe & Central Asia,2016,56875.2803813296,52637.1903526574
Faroe Islands,FRO,Europe & Central Asia,2017,59387.353086482,56875.2803813296
Faroe Islands,FRO,Europe & Central Asia,2018,62526.4908515743,59387.353086482
Faroe Islands,FRO,Europe & Central Asia,2019,63068.2872688483,62526.4908515743
Faroe Islands,FRO,Europe & Central Asia,2020,62243.1905561324,63068.2872688483
Faroe Islands,FRO,Europe & Central Asia,2021,69415.1853254579,62243.1905561324
Faroe Islands,FRO,Europe & Central Asia,2022,67058.2022648126,69415.1853254579
Faroe Islands,FRO,Europe & Central Asia,2023,72465.3769660215,67058.2022648126
Faroe Islands,FRO,Europe & Central Asia,2024,74119.6607553879,72465.3769660215
"Micronesia, Fed. Sts.",FSM,East Asia & Pacific,1980,829.209813066002,803.032190156421
"Micronesia, Fed. Sts.",FSM,East Asia & Pacific,1981,958.37442664862,829.209813066002
"Micronesia, Fed. Sts.",FSM,East Asia & Pacific,1982,973.688636446563,958.37442664862
"Micronesia, Fed. Sts.",FSM,East Asia & Pacific,1983,993.272945205479,973.688636446563
"Micronesia, Fed. Sts.",FSM,East Asia & Pacific,1984,971.323735890612,993.272945205479
"Micronesia, Fed. Sts.",FSM,East Asia & Pacific,1985,1136.27633295061,971.323735890612
"Micronesia, Fed. Sts.",FSM,East Asia & Pacific,1986,1216.15763119676,1136.27633295061
"Micronesia, Fed. Sts.",FSM,East Asia & Pacific,1987,1230.44156720509,1216.15763119676
"Micronesia, Fed. Sts.",FSM,East Asia & Pacific,1988,1284.2827275817,1230.44156720509
"Micronesia, Fed. Sts.",FSM,East Asia & Pacific,1989,1365.61518337828,1284.2827275817
"Micronesia, Fed. Sts.",FSM,East Asia & Pacific,1990,1459.04369201491,1365.61518337828
"Micronesia, Fed. Sts.",FSM,East Asia & Pacific,1991,1617.45528154622,1459.04369201491
"Micronesia, Fed. Sts.",FSM,East Asia & Pacific,1992,1699.3301910196,1617.45528154622
"Micronesia, Fed. Sts.",FSM,East Asia & Pacific,1993,1853.06259690284,1699.3301910196
"Micronesia, Fed. Sts.",FSM,East Asia & Pacific,1994,1856.5207426083,1853.06259690284
"Micronesia, Fed. Sts.",FSM,East Asia & Pacific,1995,1995.19190194111,1856.5207426083
"Micronesia, Fed. Sts.",FSM,East Asia & Pacific,1996,1955.97504197565,1995.19190194111
"Micronesia, Fed. Sts.",FSM,East Asia & Pacific,1997,1840.23883354727,1955.97504197565
"Micronesia, Fed. Sts.",FSM,East Asia & Pacific,1998,1944.03333786902,1840.23883354727
"Micronesia, Fed. Sts.",FSM,East Asia & Pacific,1999,1944.83228089695,1944.03333786902
"Micronesia, Fed. Sts.",FSM,East Asia & Pacific,2000,2049.3453246655,1944.83228089695
"Micronesia, Fed. Sts.",FSM,East Asia & Pacific,2001,2103.74859460914,2049.3453246655
"Micronesia, Fed. Sts.",FSM,East Asia & Pacific,2002,2113.45987332485,2103.74859460914
"Micronesia, Fed. Sts.",FSM,East Asia & Pacific,2003,2145.87755337517,2113.45987332485
"Micronesia, Fed. Sts.",FSM,East Asia & Pacific,2004,2104.42804750084,2145.87755337517
"Micronesia, Fed. Sts.",FSM,East Asia & Pacific,2005,2207.16844533875,2104.42804750084
"Micronesia, Fed. Sts.",FSM,East Asia & Pacific,2006,2244.97227274486,2207.16844533875
"Micronesia, Fed. Sts.",FSM,East Asia & Pacific,2007,2293.51341684075,2244.97227274486
"Micronesia, Fed. Sts.",FSM,East Asia & Pacific,2008,2369.50811741318,2293.51341684075
"Micronesia, Fed. Sts.",FSM,East Asia & Pacific,2009,2544.11114550961,2369.50811741318
"Micronesia, Fed. Sts.",FSM,East Asia & Pacific,2010,2702.61165204772,2544.11114550961
"Micronesia, Fed. Sts.",FSM,East Asia & Pacific,2011,2848.70077003105,2702.61165204772
"Micronesia, Fed. Sts.",FSM,East Asia & Pacific,2012,2992.28916099077,2848.70077003105
"Micronesia, Fed. Sts.",FSM,East Asia & Pacific,2013,2893.13437410825,2992.28916099077
"Micronesia, Fed. Sts.",FSM,East Asia & Pacific,2014,2896.73082002714,2893.13437410825
"Micronesia, Fed. Sts.",FSM,East Asia & Pacific,2015,2853.07643587028,2896.73082002714
"Micronesia, Fed. Sts.",FSM,East Asia & Pacific,2016,2979.60119184048,2853.07643587028
"Micronesia, Fed. Sts.",FSM,East Asia & Pacific,2017,3279.10779039285,2979.60119184048
"Micronesia, Fed. Sts.",FSM,East Asia & Pacific,2018,3566.58690371125,3279.10779039285
"Micronesia, Fed. Sts.",FSM,East Asia & Pacific,2019,3572.65918282222,3566.58690371125
"Micronesia, Fed. Sts.",FSM,East Asia & Pacific,2020,3362.02802120524,3572.65918282222
"Micronesia, Fed. Sts.",FSM,East Asia & Pacific,2021,3508.22314197664,3362.02802120524
"Micronesia, Fed. Sts.",FSM,East Asia & Pacific,2022,3710.12451611752,3508.22314197664
"Micronesia, Fed. Sts.",FSM,East Asia & Pacific,2023,3919.64307910859,3710.12451611752
"Micronesia, Fed. Sts.",FSM,East Asia & Pacific,2024,4166.00476748564,3919.64307910859
Gabon,GAB,Sub-Saharan Africa ,1970,543.433161441757,545.410237141201
Gabon,GAB,Sub-Saharan Africa ,1971,627.415677576616,543.433161441757
Gabon,GAB,Sub-Saharan Africa ,1972,693.294831412979,627.415677576616
Gabon,GAB,Sub-Saharan Africa ,1973,1140.0416427509,693.294831412979
Gabon,GAB,Sub-Saharan Africa ,1974,2384.18628892572,1140.0416427509
Gabon,GAB,Sub-Saharan Africa ,1975,3258.23424153589,2384.18628892572
Gabon,GAB,Sub-Saharan Africa ,1976,4441.09448586623,3258.23424153589
Gabon,GAB,Sub-Saharan Africa ,1977,4048.1467428949,4441.09448586623
Gabon,GAB,Sub-Saharan Africa ,1978,3359.57268123664,4048.1467428949
Gabon,GAB,Sub-Saharan Africa ,1979,4154.58594015093,3359.57268123664
Gabon,GAB,Sub-Saharan Africa ,1980,5718.46719052717,4154.58594015093
Gabon,GAB,Sub-Saharan Africa ,1981,5026.47646757156,5718.46719052717
Gabon,GAB,Sub-Saharan Africa ,1982,4583.89967785445,5026.47646757156
Gabon,GAB,Sub-Saharan Africa ,1983,4181.57191575578,4583.89967785445
Gabon,GAB,Sub-Saharan Africa ,1984,4272.88216871705,4181.57191575578
Gabon,GAB,Sub-Saharan Africa ,1985,3898.46316935487,4272.88216871705
Gabon,GAB,Sub-Saharan Africa ,1986,3864.67453823981,3898.46316935487
Gabon,GAB,Sub-Saharan Africa ,1987,3624.37675865476,3864.67453823981
Gabon,GAB,Sub-Saharan Africa ,1988,4118.60473032795,3624.37675865476
Gabon,GAB,Sub-Saharan Africa ,1989,4373.88491926948,4118.60473032795
Gabon,GAB,Sub-Saharan Africa ,1990,6050.71468999523,4373.88491926948
Gabon,GAB,Sub-Saharan Africa ,1991,5345.0965303052,6050.71468999523
Gabon,GAB,Sub-Saharan Africa ,1992,5385.68811745078,5345.0965303052
Gabon,GAB,Sub-Saharan Africa ,1993,4105.98701339331,5385.68811745078
Gabon,GAB,Sub-Saharan Africa ,1994,3828.21118114454,4105.98701339331
Gabon,GAB,Sub-Saharan Africa ,1995,4414.8755828572,3828.21118114454
Gabon,GAB,Sub-Saharan Africa ,1996,4942.67870027615,4414.8755828572
Gabon,GAB,Sub-Saharan Africa ,1997,4508.75340541142,4942.67870027615
Gabon,GAB,Sub-Saharan Africa ,1998,3699.99513906504,4508.75340541142
Gabon,GAB,Sub-Saharan Africa ,1999,3751.35318950625,3699.99513906504
Gabon,GAB,Sub-Saharan Africa ,2000,3982.906200928,3751.35318950625
Gabon,GAB,Sub-Saharan Africa ,2001,3835.75718279727,3982.906200928
Gabon,GAB,Sub-Saharan Africa ,2002,3966.48001864663,3835.75718279727
Gabon,GAB,Sub-Saharan Africa ,2003,4710.74862768151,3966.48001864663
Gabon,GAB,Sub-Saharan Africa ,2004,5465.79193590708,4710.74862768151
Gabon,GAB,Sub-Saharan Africa ,2005,6547.87613955186,5465.79193590708
Gabon,GAB,Sub-Saharan Africa ,2006,6847.00985685394,6547.87613955186
Gabon,GAB,Sub-Saharan Africa ,2007,8003.54289696049,6847.00985685394
Gabon,GAB,Sub-Saharan Africa ,2008,9688.64519690633,8003.54289696049
Gabon,GAB,Sub-Saharan Africa ,2009,7290.57526093114,9688.64519690633
Gabon,GAB,Sub-Saharan Africa ,2010,8356.74662013345,7290.57526093114
Gabon,GAB,Sub-Saharan Africa ,2011,10219.1139339454,8356.74662013345
Gabon,GAB,Sub-Saharan Africa ,2012,9296.96587941088,10219.1139339454
Gabon,GAB,Sub-Saharan Africa ,2013,9197.70106323947,9296.96587941088
Gabon,GAB,Sub-Saharan Africa ,2014,9201.36276648105,9197.70106323947
Gabon,GAB,Sub-Saharan Africa ,2015,7047.12654634355,9201.36276648105
Gabon,GAB,Sub-Saharan Africa ,2016,6677.07003901644,7047.12654634355
Gabon,GAB,Sub-Saharan Africa ,2017,6921.73373135624,6677.07003901644
Gabon,GAB,Sub-Saharan Africa ,2018,7624.2775233771,6921.73373135624
Gabon,GAB,Sub-Saharan Africa ,2019,7441.1786472281,7624.2775233771
Gabon,GAB,Sub-Saharan Africa ,2020,6605.80346077565,7441.1786472281
Gabon,GAB,Sub-Saharan Africa ,2021,8181.40914134656,6605.80346077565
Gabon,GAB,Sub-Saharan Africa ,2022,8409.2074145028,8181.40914134656
Gabon,GAB,Sub-Saharan Africa ,2023,7802.82433276138,8409.2074145028
Gabon,GAB,Sub-Saharan Africa ,2024,8230.04311451151,7802.82433276138
United Kingdom,GBR,Europe & Central Asia,1970,2347.54431773747,2100.66786858672
United Kingdom,GBR,Europe & Central Asia,1971,2649.80151387223,2347.54431773747
United Kingdom,GBR,Europe & Central Asia,1972,3030.43251411977,2649.80151387223
United Kingdom,GBR,Europe & Central Asia,1973,3426.27622050378,3030.43251411977
United Kingdom,GBR,Europe & Central Asia,1974,3665.8627976419,3426.27622050378
United Kingdom,GBR,Europe & Central Asia,1975,4299.74561799284,3665.8627976419
United Kingdom,GBR,Europe & Central Asia,1976,4138.16778761535,4299.74561799284
United Kingdom,GBR,Europe & Central Asia,1977,4681.43993173038,4138.16778761535
United Kingdom,GBR,Europe & Central Asia,1978,5976.93816899991,4681.43993173038
United Kingdom,GBR,Europe & Central Asia,1979,7804.76208051155,5976.93816899991
United Kingdom,GBR,Europe & Central Asia,1980,10032.062080015,7804.76208051155
United Kingdom,GBR,Europe & Central Asia,1981,9599.30622221965,10032.062080015
United Kingdom,GBR,Europe & Central Asia,1982,9146.07735701852,9599.30622221965
United Kingdom,GBR,Europe & Central Asia,1983,8691.51881306514,9146.07735701852
United Kingdom,GBR,Europe & Central Asia,1984,8179.19444064991,8691.51881306514
United Kingdom,GBR,Europe & Central Asia,1985,8652.21654247593,8179.19444064991
United Kingdom,GBR,Europe & Central Asia,1986,10611.112210096,8652.21654247593
United Kingdom,GBR,Europe & Central Asia,1987,13118.586534629,10611.112210096
United Kingdom,GBR,Europe & Central Asia,1988,15987.1680775688,13118.586534629
United Kingdom,GBR,Europe & Central Asia,1989,16239.2821960944,15987.1680775688
United Kingdom,GBR,Europe & Central Asia,1990,19095.4669984608,16239.2821960944
United Kingdom,GBR,Europe & Central Asia,1991,19900.7266505069,19095.4669984608
United Kingdom,GBR,Europe & Central Asia,1992,20487.1707852878,19900.7266505069
United Kingdom,GBR,Europe & Central Asia,1993,18389.0195675099,20487.1707852878
United Kingdom,GBR,Europe & Central Asia,1994,19709.2380983653,18389.0195675099
United Kingdom,GBR,Europe & Central Asia,1995,23252.6157127423,19709.2380983653
United Kingdom,GBR,Europe & Central Asia,1996,24503.3829602903,23252.6157127423
United Kingdom,GBR,Europe & Central Asia,1997,26910.1381529902,24503.3829602903
United Kingdom,GBR,Europe & Central Asia,1998,28396.3523548013,26910.1381529902
United Kingdom,GBR,Europe & Central Asia,1999,28858.0065333126,28396.3523548013
United Kingdom,GBR,Europe & Central Asia,2000,28383.8761094996,28858.0065333126
United Kingdom,GBR,Europe & Central Asia,2001,28013.8729635508,28383.8761094996
United Kingdom,GBR,Europe & Central Asia,2002,30158.7017807858,28013.8729635508
United Kingdom,GBR,Europe & Central Asia,2003,34556.7726095905,30158.7017807858
United Kingdom,GBR,Europe & Central Asia,2004,40504.4118103928,34556.7726095905
United Kingdom,GBR,Europe & Central Asia,2005,42240.2462987547,40504.4118103928
United Kingdom,GBR,Europe & Central Asia,2006,44695.161023424,42240.2462987547
United Kingdom,GBR,Europe & Central Asia,2007,50629.0799172887,44695.161023424
United Kingdom,GBR,Europe & Central Asia,2008,47652.4030691881,50629.0799172887
United Kingdom,GBR,Europe & Central Asia,2009,39009.3715547821,47652.4030691881
United Kingdom,GBR,Europe & Central Asia,2010,39778.3220528565,39009.3715547821
United Kingdom,GBR,Europe & Central Asia,2011,42295.9273835322,39778.3220528565
United Kingdom,GBR,Europe & Central Asia,2012,42688.3263728372,42295.9273835322
United Kingdom,GBR,Europe & Central Asia,2013,43606.9837896348,42688.3263728372
United Kingdom,GBR,Europe & Central Asia,2014,47746.2421759562,43606.9837896348
United Kingdom,GBR,Europe & Central Asia,2015,45255.3449216209,47746.2421759562
United Kingdom,GBR,Europe & Central Asia,2016,41257.9085545556,45255.3449216209
United Kingdom,GBR,Europe & Central Asia,2017,40916.8115070354,41257.9085545556
United Kingdom,GBR,Europe & Central Asia,2018,43702.9976303165,40916.8115070354
United Kingdom,GBR,Europe & Central Asia,2019,43158.7411267323,43702.9976303165
United Kingdom,GBR,Europe & Central Asia,2020,40812.6794663879,43158.7411267323
United Kingdom,GBR,Europe & Central Asia,2021,47691.3768799404,40812.6794663879
United Kingdom,GBR,Europe & Central Asia,2022,47057.043229179,47691.3768799404
United Kingdom,GBR,Europe & Central Asia,2023,49944.4702124201,47057.043229179
United Kingdom,GBR,Europe & Central Asia,2024,53246.3676145108,49944.4702124201
Georgia,GEO,Europe & Central Asia,1997,807.032285752352,689.034634153312
Georgia,GEO,Europe & Central Asia,1998,851.515542450841,807.032285752352
Georgia,GEO,Europe & Central Asia,1999,673.537782887275,851.515542450841
Georgia,GEO,Europe & Central Asia,2000,749.908534993961,673.537782887275
Georgia,GEO,Europe & Central Asia,2001,801.98383707929,749.908534993961
Georgia,GEO,Europe & Central Asia,2002,853.526171868939,801.98383707929
Georgia,GEO,Europe & Central Asia,2003,1010.03151630868,853.526171868939
Georgia,GEO,Europe & Central Asia,2004,1305.04748557208,1010.03151630868
Georgia,GEO,Europe & Central Asia,2005,1642.78359414797,1305.04748557208
Georgia,GEO,Europe & Central Asia,2006,1996.02013272284,1642.78359414797
Georgia,GEO,Europe & Central Asia,2007,2635.36650276116,1996.02013272284
Georgia,GEO,Europe & Central Asia,2008,3324.7537205015,2635.36650276116
Georgia,GEO,Europe & Central Asia,2009,2822.68939668797,3324.7537205015
Georgia,GEO,Europe & Central Asia,2010,3281.72930937343,2822.68939668797
Georgia,GEO,Europe & Central Asia,2011,4119.66818307193,3281.72930937343
Georgia,GEO,Europe & Central Asia,2012,4530.69533409431,4119.66818307193
Georgia,GEO,Europe & Central Asia,2013,4712.00229382665,4530.69533409431
Georgia,GEO,Europe & Central Asia,2014,4830.33486170249,4712.00229382665
Georgia,GEO,Europe & Central Asia,2015,4086.6223465965,4830.33486170249
Georgia,GEO,Europe & Central Asia,2016,4143.40125686315,4086.6223465965
Georgia,GEO,Europe & Central Asia,2017,4418.75206546679,4143.40125686315
Georgia,GEO,Europe & Central Asia,2018,4804.0546040444,4418.75206546679
Georgia,GEO,Europe & Central Asia,2019,4741.2832715876,4804.0546040444
Georgia,GEO,Europe & Central Asia,2020,4300.85701291207,4741.2832715876
Georgia,GEO,Europe & Central Asia,2021,5083.60695484577,4300.85701291207
Georgia,GEO,Europe & Central Asia,2022,6729.84659930283,5083.60695484577
Georgia,GEO,Europe & Central Asia,2023,8283.66960652261,6729.84659930283
Georgia,GEO,Europe & Central Asia,2024,9241.49122313713,8283.66960652261
Ghana,GHA,Sub-Saharan Africa ,1970,248.159869409818,225.772621963554
Ghana,GHA,Sub-Saharan Africa ,1971,263.408787882235,248.159869409818
Ghana,GHA,Sub-Saharan Africa ,1972,223.80286383233,263.408787882235
Ghana,GHA,Sub-Saharan Africa ,1973,309.509552300391,223.80286383233
Ghana,GHA,Sub-Saharan Africa ,1974,289.425856816508,309.509552300391
Ghana,GHA,Sub-Saharan Africa ,1975,272.976715188503,289.425856816508
Ghana,GHA,Sub-Saharan Africa ,1976,260.998295813107,272.976715188503
Ghana,GHA,Sub-Saharan Africa ,1977,292.28979809499,260.998295813107
Ghana,GHA,Sub-Saharan Africa ,1978,325.598476678233,292.28979809499
Ghana,GHA,Sub-Saharan Africa ,1979,346.653403777697,325.598476678233
Ghana,GHA,Sub-Saharan Africa ,1980,372.252026367961,346.653403777697
Ghana,GHA,Sub-Saharan Africa ,1981,343.799126739425,372.252026367961
Ghana,GHA,Sub-Saharan Africa ,1982,319.206910329791,343.799126739425
Ghana,GHA,Sub-Saharan Africa ,1983,311.383438154949,319.206910329791
Ghana,GHA,Sub-Saharan Africa ,1984,329.998888863111,311.383438154949
Ghana,GHA,Sub-Saharan Africa ,1985,329.714604937014,329.998888863111
Ghana,GHA,Sub-Saharan Africa ,1986,410.711658388611,329.714604937014
Ghana,GHA,Sub-Saharan Africa ,1987,355.153724919203,410.711658388611
Ghana,GHA,Sub-Saharan Africa ,1988,355.121844932881,355.153724919203
Ghana,GHA,Sub-Saharan Africa ,1989,349.964941914982,355.121844932881
Ghana,GHA,Sub-Saharan Africa ,1990,382.54246368354,349.964941914982
Ghana,GHA,Sub-Saharan Africa ,1991,418.254121349986,382.54246368354
Ghana,GHA,Sub-Saharan Africa ,1992,396.426407640517,418.254121349986
Ghana,GHA,Sub-Saharan Africa ,1993,359.800844097528,396.426407640517
Ghana,GHA,Sub-Saharan Africa ,1994,320.50390343252,359.800844097528
Ghana,GHA,Sub-Saharan Africa ,1995,371.537243033836,320.50390343252
Ghana,GHA,Sub-Saharan Africa ,1996,389.271267898831,371.537243033836
Ghana,GHA,Sub-Saharan Africa ,1997,377.841935501461,389.271267898831
Ghana,GHA,Sub-Saharan Africa ,1998,400.366799508524,377.841935501461
Ghana,GHA,Sub-Saharan Africa ,1999,403.037326127273,400.366799508524
Ghana,GHA,Sub-Saharan Africa ,2000,253.746936203344,403.037326127273
Ghana,GHA,Sub-Saharan Africa ,2001,263.542156494853,253.746936203344
Ghana,GHA,Sub-Saharan Africa ,2002,297.46164468774,263.542156494853
Ghana,GHA,Sub-Saharan Africa ,2003,358.39927142073,297.46164468774
Ghana,GHA,Sub-Saharan Africa ,2004,406.132105329565,358.39927142073
Ghana,GHA,Sub-Saharan Africa ,2005,478.611909191028,406.132105329565
Ghana,GHA,Sub-Saharan Africa ,2006,906.441027564887,478.611909191028
Ghana,GHA,Sub-Saharan Africa ,2007,1050.12461524926,906.441027564887
Ghana,GHA,Sub-Saharan Africa ,2008,1182.65761256016,1050.12461524926
Ghana,GHA,Sub-Saharan Africa ,2009,1047.70430093586,1182.65761256016
Ghana,GHA,Sub-Saharan Africa ,2010,1263.89251760539,1047.70430093586
Ghana,GHA,Sub-Saharan Africa ,2011,1507.43573198753,1263.89251760539
Ghana,GHA,Sub-Saharan Africa ,2012,1543.77524235764,1507.43573198753
Ghana,GHA,Sub-Saharan Africa ,2013,2294.79584693743,1543.77524235764
Ghana,GHA,Sub-Saharan Africa ,2014,1949.90832923846,2294.79584693743
Ghana,GHA,Sub-Saharan Africa ,2015,1722.77282833606,1949.90832923846
Ghana,GHA,Sub-Saharan Africa ,2016,1912.47991339951,1722.77282833606
Ghana,GHA,Sub-Saharan Africa ,2017,2012.28662641265,1912.47991339951
Ghana,GHA,Sub-Saharan Africa ,2018,2195.32166016377,2012.28662641265
Ghana,GHA,Sub-Saharan Africa ,2019,2186.65822682613,2195.32166016377
Ghana,GHA,Sub-Saharan Africa ,2020,2195.45481659987,2186.65822682613
Ghana,GHA,Sub-Saharan Africa ,2021,2445.18662529344,2195.45481659987
Ghana,GHA,Sub-Saharan Africa ,2022,2229.89122647803,2445.18662529344
Ghana,GHA,Sub-Saharan Africa ,2023,2383.90410483418,2229.89122647803
Ghana,GHA,Sub-Saharan Africa ,2024,2390.77237652715,2383.90410483418
Guinea,GIN,Sub-Saharan Africa ,1980,1930.99184257949,1789.99554924567
Guinea,GIN,Sub-Saharan Africa ,1981,1875.53966772396,1930.99184257949
Guinea,GIN,Sub-Saharan Africa ,1982,2272.63298724274,1875.53966772396
Guinea,GIN,Sub-Saharan Africa ,1983,2822.83932284682,2272.63298724274
Guinea,GIN,Sub-Saharan Africa ,1984,3361.5282015455,2822.83932284682
Guinea,GIN,Sub-Saharan Africa ,1985,4061.69867242443,3361.5282015455
Guinea,GIN,Sub-Saharan Africa ,1986,505.876944250303,4061.69867242443
Guinea,GIN,Sub-Saharan Africa ,1987,504.510868799406,505.876944250303
Guinea,GIN,Sub-Saharan Africa ,1988,574.001127225182,504.510868799406
Guinea,GIN,Sub-Saharan Africa ,1989,570.493417986787,574.001127225182
Guinea,GIN,Sub-Saharan Africa ,1990,604.304422702532,570.493417986787
Guinea,GIN,Sub-Saharan Africa ,1991,656.42373119518,604.304422702532
Guinea,GIN,Sub-Saharan Africa ,1992,692.647802662806,656.42373119518
Guinea,GIN,Sub-Saharan Africa ,1993,670.741778229959,692.647802662806
Guinea,GIN,Sub-Saharan Africa ,1994,671.576385058752,670.741778229959
Guinea,GIN,Sub-Saharan Africa ,1995,713.031460558683,671.576385058752
Guinea,GIN,Sub-Saharan Africa ,1996,726.025442583799,713.031460558683
Guinea,GIN,Sub-Saharan Africa ,1997,695.58174225826,726.025442583799
Guinea,GIN,Sub-Saharan Africa ,1998,647.379920832778,695.58174225826
Guinea,GIN,Sub-Saharan Africa ,1999,610.614842942762,647.379920832778
Guinea,GIN,Sub-Saharan Africa ,2000,518.157066924026,610.614842942762
Guinea,GIN,Sub-Saharan Africa ,2001,483.085120214741,518.157066924026
Guinea,GIN,Sub-Saharan Africa ,2002,495.916073559269,483.085120214741
Guinea,GIN,Sub-Saharan Africa ,2003,566.48540588068,495.916073559269
Guinea,GIN,Sub-Saharan Africa ,2004,584.897740538081,566.48540588068
Guinea,GIN,Sub-Saharan Africa ,2005,463.17768685098,584.897740538081
Guinea,GIN,Sub-Saharan Africa ,2006,446.980554135013,463.17768685098
Guinea,GIN,Sub-Saharan Africa ,2007,650.148575304743,446.980554135013
Guinea,GIN,Sub-Saharan Africa ,2008,703.532825784369,650.148575304743
Guinea,GIN,Sub-Saharan Africa ,2009,662.185914665575,703.532825784369
Guinea,GIN,Sub-Saharan Africa ,2010,659.235326211315,662.185914665575
Guinea,GIN,Sub-Saharan Africa ,2011,636.694958747648,659.235326211315
Guinea,GIN,Sub-Saharan Africa ,2012,699.353377212197,636.694958747648
Guinea,GIN,Sub-Saharan Africa ,2013,748.455020824734,699.353377212197
Guinea,GIN,Sub-Saharan Africa ,2014,765.146999389279,748.455020824734
Guinea,GIN,Sub-Saharan Africa ,2015,747.356966759448,765.146999389279
Guinea,GIN,Sub-Saharan Africa ,2016,711.996509782316,747.356966759448
Guinea,GIN,Sub-Saharan Africa ,2017,833.598621691121,711.996509782316
Guinea,GIN,Sub-Saharan Africa ,2018,933.273615633705,833.598621691121
Guinea,GIN,Sub-Saharan Africa ,2019,1031.34146480732,933.273615633705
Guinea,GIN,Sub-Saharan Africa ,2020,1053.66097696415,1031.34146480732
Guinea,GIN,Sub-Saharan Africa ,2021,1244.96550477914,1053.66097696415
Guinea,GIN,Sub-Saharan Africa ,2022,1416.59612011764,1244.96550477914
Guinea,GIN,Sub-Saharan Africa ,2023,1555.49375806861,1416.59612011764
Guinea,GIN,Sub-Saharan Africa ,2024,1694.95375862193,1555.49375806861
"Gambia, The",GMB,Sub-Saharan Africa ,1976,179.313963291107,189.808393377344
"Gambia, The",GMB,Sub-Saharan Africa ,1977,213.842543162023,179.313963291107
"Gambia, The",GMB,Sub-Saharan Africa ,1978,257.581042237291,213.842543162023
"Gambia, The",GMB,Sub-Saharan Africa ,1979,300.258528034397,257.581042237291
"Gambia, The",GMB,Sub-Saharan Africa ,1980,337.692534389517,300.258528034397
"Gambia, The",GMB,Sub-Saharan Africa ,1981,295.982064548083,337.692534389517
"Gambia, The",GMB,Sub-Saharan Africa ,1982,282.141307055388,295.982064548083
"Gambia, The",GMB,Sub-Saharan Africa ,1983,268.649299816803,282.141307055388
"Gambia, The",GMB,Sub-Saharan Africa ,1984,214.794357389928,268.649299816803
"Gambia, The",GMB,Sub-Saharan Africa ,1985,262.816616745779,214.794357389928
"Gambia, The",GMB,Sub-Saharan Africa ,1986,207.654408714945,262.816616745779
"Gambia, The",GMB,Sub-Saharan Africa ,1987,236.954802725846,207.654408714945
"Gambia, The",GMB,Sub-Saharan Africa ,1988,274.874465999589,236.954802725846
"Gambia, The",GMB,Sub-Saharan Africa ,1989,280.929809553919,274.874465999589
"Gambia, The",GMB,Sub-Saharan Africa ,1990,300.639895740381,280.929809553919
"Gambia, The",GMB,Sub-Saharan Africa ,1991,627.578919318827,300.639895740381
"Gambia, The",GMB,Sub-Saharan Africa ,1992,623.485927783598,627.578919318827
"Gambia, The",GMB,Sub-Saharan Africa ,1993,635.3611677282,623.485927783598
"Gambia, The",GMB,Sub-Saharan Africa ,1994,608.2774907808,635.3611677282
"Gambia, The",GMB,Sub-Saharan Africa ,1995,621.681391269646,608.2774907808
"Gambia, The",GMB,Sub-Saharan Africa ,1996,651.784945724837,621.681391269646
"Gambia, The",GMB,Sub-Saharan Africa ,1997,600.224023405754,651.784945724837
"Gambia, The",GMB,Sub-Saharan Africa ,1998,610.234711461724,600.224023405754
"Gambia, The",GMB,Sub-Saharan Africa ,1999,575.459893151216,610.234711461724
"Gambia, The",GMB,Sub-Saharan Africa ,2000,538.054072348854,575.459893151216
"Gambia, The",GMB,Sub-Saharan Africa ,2001,459.803068381399,538.054072348854
"Gambia, The",GMB,Sub-Saharan Africa ,2002,376.531026962584,459.803068381399
"Gambia, The",GMB,Sub-Saharan Africa ,2003,308.719123437587,376.531026962584
"Gambia, The",GMB,Sub-Saharan Africa ,2004,593.285346326581,308.719123437587
"Gambia, The",GMB,Sub-Saharan Africa ,2005,616.483657865348,593.285346326581
"Gambia, The",GMB,Sub-Saharan Africa ,2006,614.544307904464,616.483657865348
"Gambia, The",GMB,Sub-Saharan Africa ,2007,724.726407242432,614.544307904464
"Gambia, The",GMB,Sub-Saharan Africa ,2008,859.127671411226,724.726407242432
"Gambia, The",GMB,Sub-Saharan Africa ,2009,774.888030908091,859.127671411226
"Gambia, The",GMB,Sub-Saharan Africa ,2010,801.033372714536,774.888030908091
"Gambia, The",GMB,Sub-Saharan Africa ,2011,710.608411468152,801.033372714536
"Gambia, The",GMB,Sub-Saharan Africa ,2012,692.579361628102,710.608411468152
"Gambia, The",GMB,Sub-Saharan Africa ,2013,653.862713272743,692.579361628102
"Gambia, The",GMB,Sub-Saharan Africa ,2014,568.00453558864,653.862713272743
"Gambia, The",GMB,Sub-Saharan Africa ,2015,619.536364296461,568.00453558864
"Gambia, The",GMB,Sub-Saharan Africa ,2016,650.056501323611,619.536364296461
"Gambia, The",GMB,Sub-Saharan Africa ,2017,642.522641296331,650.056501323611
"Gambia, The",GMB,Sub-Saharan Africa ,2018,696.219806960615,642.522641296331
"Gambia, The",GMB,Sub-Saharan Africa ,2019,738.186751987483,696.219806960615
"Gambia, The",GMB,Sub-Saharan Africa ,2020,720.335143352133,738.186751987483
"Gambia, The",GMB,Sub-Saharan Africa ,2021,781.890925169531,720.335143352133
"Gambia, The",GMB,Sub-Saharan Africa ,2022,836.244875868476,781.890925169531
"Gambia, The",GMB,Sub-Saharan Africa ,2023,883.024111719809,836.244875868476
"Gambia, The",GMB,Sub-Saharan Africa ,2024,871.340291776294,883.024111719809
Guinea-Bissau,GNB,Sub-Saharan Africa ,1980,346.855441567554,375.845330171625
Guinea-Bissau,GNB,Sub-Saharan Africa ,1981,477.46389637563,346.855441567554
Guinea-Bissau,GNB,Sub-Saharan Africa ,1982,502.732266005568,477.46389637563
Guinea-Bissau,GNB,Sub-Saharan Africa ,1983,488.993892322107,502.732266005568
Guinea-Bissau,GNB,Sub-Saharan Africa ,1984,407.439444684912,488.993892322107
Guinea-Bissau,GNB,Sub-Saharan Africa ,1985,416.576139998898,407.439444684912
Guinea-Bissau,GNB,Sub-Saharan Africa ,1986,371.137575913103,416.576139998898
Guinea-Bissau,GNB,Sub-Saharan Africa ,1987,487.551949436993,371.137575913103
Guinea-Bissau,GNB,Sub-Saharan Africa ,1988,453.807472688208,487.551949436993
Guinea-Bissau,GNB,Sub-Saharan Africa ,1989,578.490985831256,453.807472688208
Guinea-Bissau,GNB,Sub-Saharan Africa ,1990,651.337640650994,578.490985831256
Guinea-Bissau,GNB,Sub-Saharan Africa ,1991,672.07387884966,651.337640650994
Guinea-Bissau,GNB,Sub-Saharan Africa ,1992,574.32110641811,672.07387884966
Guinea-Bissau,GNB,Sub-Saharan Africa ,1993,581.612681813953,574.32110641811
Guinea-Bissau,GNB,Sub-Saharan Africa ,1994,560.883422537973,581.612681813953
Guinea-Bissau,GNB,Sub-Saharan Africa ,1995,589.487023081945,560.883422537973
Guinea-Bissau,GNB,Sub-Saharan Africa ,1996,614.729892454585,589.487023081945
Guinea-Bissau,GNB,Sub-Saharan Africa ,1997,598.953470198484,614.729892454585
Guinea-Bissau,GNB,Sub-Saharan Africa ,1998,497.724279563733,598.953470198484
Guinea-Bissau,GNB,Sub-Saharan Africa ,1999,478.733190989909,497.724279563733
Guinea-Bissau,GNB,Sub-Saharan Africa ,2000,316.945495037639,478.733190989909
Guinea-Bissau,GNB,Sub-Saharan Africa ,2001,327.138431972397,316.945495037639
Guinea-Bissau,GNB,Sub-Saharan Africa ,2002,362.034574570354,327.138431972397
Guinea-Bissau,GNB,Sub-Saharan Africa ,2003,419.78486611807,362.034574570354
Guinea-Bissau,GNB,Sub-Saharan Africa ,2004,431.376557669634,419.78486611807
Guinea-Bissau,GNB,Sub-Saharan Africa ,2005,463.073962650452,431.376557669634
Guinea-Bissau,GNB,Sub-Saharan Africa ,2006,448.513075469701,463.073962650452
Guinea-Bissau,GNB,Sub-Saharan Africa ,2007,519.069789794741,448.513075469701
Guinea-Bissau,GNB,Sub-Saharan Africa ,2008,640.210331101753,519.069789794741
Guinea-Bissau,GNB,Sub-Saharan Africa ,2009,583.190020139094,640.210331101753
Guinea-Bissau,GNB,Sub-Saharan Africa ,2010,600.194298540768,583.190020139094
Guinea-Bissau,GNB,Sub-Saharan Africa ,2011,719.539573498937,600.194298540768
Guinea-Bissau,GNB,Sub-Saharan Africa ,2012,635.461653303881,719.539573498937
Guinea-Bissau,GNB,Sub-Saharan Africa ,2013,654.304534409417,635.461653303881
Guinea-Bissau,GNB,Sub-Saharan Africa ,2014,652.022501029449,654.304534409417
Guinea-Bissau,GNB,Sub-Saharan Africa ,2015,645.066837207039,652.022501029449
Guinea-Bissau,GNB,Sub-Saharan Africa ,2016,679.665386626818,645.066837207039
Guinea-Bissau,GNB,Sub-Saharan Africa ,2017,783.123186602022,679.665386626818
Guinea-Bissau,GNB,Sub-Saharan Africa ,2018,808.531613218504,783.123186602022
Guinea-Bissau,GNB,Sub-Saharan Africa ,2019,811.216425885129,808.531613218504
Guinea-Bissau,GNB,Sub-Saharan Africa ,2020,846.915855715971,811.216425885129
Guinea-Bissau,GNB,Sub-Saharan Africa ,2021,926.780921081233,846.915855715971
Guinea-Bissau,GNB,Sub-Saharan Africa ,2022,883.199131457831,926.780921081233
Guinea-Bissau,GNB,Sub-Saharan Africa ,2023,988.087886357022,883.199131457831
Guinea-Bissau,GNB,Sub-Saharan Africa ,2024,1007.74151728028,988.087886357022
Equatorial Guinea,GNQ,Sub-Saharan Africa ,1972,211.424761974446,205.56736961701
Equatorial Guinea,GNQ,Sub-Saharan Africa ,1973,268.634902338667,211.424761974446
Equatorial Guinea,GNQ,Sub-Saharan Africa ,1974,319.236836741342,268.634902338667
Equatorial Guinea,GNQ,Sub-Saharan Africa ,1975,362.262178278078,319.236836741342
Equatorial Guinea,GNQ,Sub-Saharan Africa ,1976,368.831374253979,362.262178278078
Equatorial Guinea,GNQ,Sub-Saharan Africa ,1977,375.705960625002,368.831374253979
Equatorial Guinea,GNQ,Sub-Saharan Africa ,1980,175.451008071362,375.705960625002
Equatorial Guinea,GNQ,Sub-Saharan Africa ,1981,121.125080282047,175.451008071362
Equatorial Guinea,GNQ,Sub-Saharan Africa ,1982,137.468802708366,121.125080282047
Equatorial Guinea,GNQ,Sub-Saharan Africa ,1983,129.411005581021,137.468802708366
Equatorial Guinea,GNQ,Sub-Saharan Africa ,1984,137.903678570149,129.411005581021
Equatorial Guinea,GNQ,Sub-Saharan Africa ,1985,161.11802183767,137.903678570149
Equatorial Guinea,GNQ,Sub-Saharan Africa ,1986,188.78702702248,161.11802183767
Equatorial Guinea,GNQ,Sub-Saharan Africa ,1987,220.925441822509,188.78702702248
Equatorial Guinea,GNQ,Sub-Saharan Africa ,1988,228.669232827247,220.925441822509
Equatorial Guinea,GNQ,Sub-Saharan Africa ,1989,193.2233561169,228.669232827247
Equatorial Guinea,GNQ,Sub-Saharan Africa ,1990,236.402188376265,193.2233561169
Equatorial Guinea,GNQ,Sub-Saharan Africa ,1991,225.319378519763,236.402188376265
Equatorial Guinea,GNQ,Sub-Saharan Africa ,1992,263.733547088944,225.319378519763
Equatorial Guinea,GNQ,Sub-Saharan Africa ,1993,256.683023652574,263.733547088944
Equatorial Guinea,GNQ,Sub-Saharan Africa ,1994,183.239482711964,256.683023652574
Equatorial Guinea,GNQ,Sub-Saharan Africa ,1995,248.314896208855,183.239482711964
Equatorial Guinea,GNQ,Sub-Saharan Africa ,1996,391.686868235732,248.314896208855
Equatorial Guinea,GNQ,Sub-Saharan Africa ,1997,717.041481576821,391.686868235732
Equatorial Guinea,GNQ,Sub-Saharan Africa ,1998,577.868525342745,717.041481576821
Equatorial Guinea,GNQ,Sub-Saharan Africa ,1999,930.912549299779,577.868525342745
Equatorial Guinea,GNQ,Sub-Saharan Africa ,2000,1487.3165506701,930.912549299779
Equatorial Guinea,GNQ,Sub-Saharan Africa ,2001,1948.61145907844,1487.3165506701
Equatorial Guinea,GNQ,Sub-Saharan Africa ,2002,2264.21065580365,1948.61145907844
Equatorial Guinea,GNQ,Sub-Saharan Africa ,2003,2930.60183743733,2264.21065580365
Equatorial Guinea,GNQ,Sub-Saharan Africa ,2004,4901.30127408119,2930.60183743733
Equatorial Guinea,GNQ,Sub-Saharan Africa ,2005,8673.9026086535,4901.30127408119
Equatorial Guinea,GNQ,Sub-Saharan Africa ,2006,10184.8841248541,8673.9026086535
Equatorial Guinea,GNQ,Sub-Saharan Africa ,2007,12616.9532942011,10184.8841248541
Equatorial Guinea,GNQ,Sub-Saharan Africa ,2008,18210.5552970599,12616.9532942011
Equatorial Guinea,GNQ,Sub-Saharan Africa ,2009,13232.5019378102,18210.5552970599
Equatorial Guinea,GNQ,Sub-Saharan Africa ,2010,13720.1658723222,13232.5019378102
Equatorial Guinea,GNQ,Sub-Saharan Africa ,2011,17198.2136668275,13720.1658723222
Equatorial Guinea,GNQ,Sub-Saharan Africa ,2012,17308.5723924575,17198.2136668275
Equatorial Guinea,GNQ,Sub-Saharan Africa ,2013,16304.0713196418,17308.5723924575
Equatorial Guinea,GNQ,Sub-Saharan Africa ,2014,15548.6624656619,16304.0713196418
Equatorial Guinea,GNQ,Sub-Saharan Africa ,2015,9068.91003238645,15548.6624656619
Equatorial Guinea,GNQ,Sub-Saharan Africa ,2016,7453.19797948517,9068.91003238645
Equatorial Guinea,GNQ,Sub-Saharan Africa ,2017,7809.10465655488,7453.19797948517
Equatorial Guinea,GNQ,Sub-Saharan Africa ,2018,8102.47084834031,7809.10465655488
Equatorial Guinea,GNQ,Sub-Saharan Africa ,2019,6804.14923073888,8102.47084834031
Equatorial Guinea,GNQ,Sub-Saharan Africa ,2020,5764.05502912947,6804.14923073888
Equatorial Guinea,GNQ,Sub-Saharan Africa ,2021,6945.63069794539,5764.05502912947
Equatorial Guinea,GNQ,Sub-Saharan Africa ,2022,7589.29964909381,6945.63069794539
Equatorial Guinea,GNQ,Sub-Saharan Africa ,2023,6677.793435386,7589.29964909381
Equatorial Guinea,GNQ,Sub-Saharan Africa ,2024,6745.40013244916,6677.793435386
Greece,GRC,Europe & Central Asia,1970,1473.60394808707,1305.64395976862
Greece,GRC,Europe & Central Asia,1971,1629.3452793287,1473.60394808707
Greece,GRC,Europe & Central Asia,1972,1873.25412773592,1629.3452793287
Greece,GRC,Europe & Central Asia,1973,2468.00395502023,1873.25412773592
Greece,GRC,Europe & Central Asia,1974,2789.40577350635,2468.00395502023
Greece,GRC,Europe & Central Asia,1975,3109.3794397892,2789.40577350635
Greece,GRC,Europe & Central Asia,1976,3343.38819444676,3109.3794397892
Greece,GRC,Europe & Central Asia,1977,3832.32110004611,3343.38819444676
Greece,GRC,Europe & Central Asia,1978,4629.33937671209,3832.32110004611
Greece,GRC,Europe & Central Asia,1979,5626.58879087082,4629.33937671209
Greece,GRC,Europe & Central Asia,1980,5811.69069600941,5626.58879087082
Greece,GRC,Europe & Central Asia,1981,5305.43729381339,5811.69069600941
Greece,GRC,Europe & Central Asia,1982,5501.63700061234,5305.43729381339
Greece,GRC,Europe & Central Asia,1983,4950.06026518761,5501.63700061234
Greece,GRC,Europe & Central Asia,1984,4785.07463033775,4950.06026518761
Greece,GRC,Europe & Central Asia,1985,4746.76035816355,4785.07463033775
Greece,GRC,Europe & Central Asia,1986,5577.83258692769,4746.76035816355
Greece,GRC,Europe & Central Asia,1987,6473.57783168117,5577.83258692769
Greece,GRC,Europe & Central Asia,1988,7492.35204811251,6473.57783168117
Greece,GRC,Europe & Central Asia,1989,7737.54385772032,7492.35204811251
Greece,GRC,Europe & Central Asia,1990,9466.66238502174,7737.54385772032
Greece,GRC,Europe & Central Asia,1991,10046.6663875475,9466.66238502174
Greece,GRC,Europe & Central Asia,1992,11021.012224607,10046.6663875475
Greece,GRC,Europe & Central Asia,1993,10257.3085789073,11021.012224607
Greece,GRC,Europe & Central Asia,1994,10937.0223808611,10257.3085789073
Greece,GRC,Europe & Central Asia,1995,12779.081491606,10937.0223808611
Greece,GRC,Europe & Central Asia,1996,13432.5262183244,12779.081491606
Greece,GRC,Europe & Central Asia,1997,13015.9175046854,13432.5262183244
Greece,GRC,Europe & Central Asia,1998,13022.9648774809,13015.9175046854
Greece,GRC,Europe & Central Asia,1999,12742.5404388143,13022.9648774809
Greece,GRC,Europe & Central Asia,2000,11638.2010697215,12742.5404388143
Greece,GRC,Europe & Central Asia,2001,12156.9572824221,11638.2010697215
Greece,GRC,Europe & Central Asia,2002,13782.195640943,12156.9572824221
Greece,GRC,Europe & Central Asia,2003,18020.612039764,13782.195640943
Greece,GRC,Europe & Central Asia,2004,21449.2552764245,18020.612039764
Greece,GRC,Europe & Central Asia,2005,22054.1315756886,21449.2552764245
Greece,GRC,Europe & Central Asia,2006,24416.0232970275,22054.1315756886
Greece,GRC,Europe & Central Asia,2007,28440.7625328955,24416.0232970275
Greece,GRC,Europe & Central Asia,2008,31695.8331092209,28440.7625328955
Greece,GRC,Europe & Central Asia,2009,29425.4573200263,31695.8331092209
Greece,GRC,Europe & Central Asia,2010,26653.0488008626,29425.4573200263
Greece,GRC,Europe & Central Asia,2011,25504.7866510124,26653.0488008626
Greece,GRC,Europe & Central Asia,2012,21624.346052551,25504.7866510124
Greece,GRC,Europe & Central Asia,2013,21573.3449762805,21624.346052551
Greece,GRC,Europe & Central Asia,2014,21474.7257123892,21573.3449762805
Greece,GRC,Europe & Central Asia,2015,17980.7298238137,21474.7257123892
Greece,GRC,Europe & Central Asia,2016,17919.2426377048,17980.7298238137
Greece,GRC,Europe & Central Asia,2017,18631.9930129293,17919.2426377048
Greece,GRC,Europe & Central Asia,2018,19873.4015238771,18631.9930129293
Greece,GRC,Europe & Central Asia,2019,19335.3602002969,19873.4015238771
Greece,GRC,Europe & Central Asia,2020,17886.733165236,19335.3602002969
Greece,GRC,Europe & Central Asia,2021,20654.7001960815,17886.733165236
Greece,GRC,Europe & Central Asia,2022,20886.5243087629,20654.7001960815
Greece,GRC,Europe & Central Asia,2023,23343.7103964562,20886.5243087629
Greece,GRC,Europe & Central Asia,2024,24626.1481858973,23343.7103964562
Grenada,GRD,Latin America & Caribbean ,1987,2204.6384515886,1938.10850906698
Grenada,GRD,Latin America & Caribbean ,1988,2404.25523562379,2204.6384515886
Grenada,GRD,Latin America & Caribbean ,1989,2696.98290193019,2404.25523562379
Grenada,GRD,Latin America & Caribbean ,1990,2782.18396873619,2696.98290193019
Grenada,GRD,Latin America & Caribbean ,1991,2983.91643158641,2782.18396873619
Grenada,GRD,Latin America & Caribbean ,1992,3052.70018744163,2983.91643158641
Grenada,GRD,Latin America & Caribbean ,1993,3026.04154231393,3052.70018744163
Grenada,GRD,Latin America & Caribbean ,1994,3152.2020478855,3026.04154231393
Grenada,GRD,Latin America & Caribbean ,1995,3294.26988339657,3152.2020478855
Grenada,GRD,Latin America & Caribbean ,1996,3508.294236637,3294.26988339657
Grenada,GRD,Latin America & Caribbean ,1997,3724.75466168304,3508.294236637
Grenada,GRD,Latin America & Caribbean ,1998,4206.28052894181,3724.75466168304
Grenada,GRD,Latin America & Caribbean ,1999,4516.28332446682,4206.28052894181
Grenada,GRD,Latin America & Caribbean ,2000,4839.82811114248,4516.28332446682
Grenada,GRD,Latin America & Caribbean ,2001,4819.50776653843,4839.82811114248
Grenada,GRD,Latin America & Caribbean ,2002,4984.47405931447,4819.50776653843
Grenada,GRD,Latin America & Caribbean ,2003,5427.96377252312,4984.47405931447
Grenada,GRD,Latin America & Caribbean ,2004,5480.26117644588,5427.96377252312
Grenada,GRD,Latin America & Caribbean ,2005,6338.56011405358,5480.26117644588
Grenada,GRD,Latin America & Caribbean ,2006,6344.0383771432,6338.56011405358
Grenada,GRD,Latin America & Caribbean ,2007,6864.54816771858,6344.0383771432
Grenada,GRD,Latin America & Caribbean ,2008,7448.2040563865,6864.54816771858
Grenada,GRD,Latin America & Caribbean ,2009,6932.56472176781,7448.2040563865
Grenada,GRD,Latin America & Caribbean ,2010,6909.60169568597,6932.56472176781
Grenada,GRD,Latin America & Caribbean ,2011,6947.38136096464,6909.60169568597
Grenada,GRD,Latin America & Caribbean ,2012,7092.71985352677,6947.38136096464
Grenada,GRD,Latin America & Caribbean ,2013,7424.80212287327,7092.71985352677
Grenada,GRD,Latin America & Caribbean ,2014,7986.33421210788,7424.80212287327
Grenada,GRD,Latin America & Caribbean ,2015,8694.12438005692,7986.33421210788
Grenada,GRD,Latin America & Caribbean ,2016,9221.23461079424,8694.12438005692
Grenada,GRD,Latin America & Caribbean ,2017,9751.42661155932,9221.23461079424
Grenada,GRD,Latin America & Caribbean ,2018,10083.021279225,9751.42661155932
Grenada,GRD,Latin America & Caribbean ,2019,10462.7929159533,10083.021279225
Grenada,GRD,Latin America & Caribbean ,2020,8968.55890108484,10462.7929159533
Grenada,GRD,Latin America & Caribbean ,2021,9617.28902905373,8968.55890108484
Grenada,GRD,Latin America & Caribbean ,2022,10469.3867012856,9617.28902905373
Grenada,GRD,Latin America & Caribbean ,2023,11414.4781691181,10469.3867012856
Grenada,GRD,Latin America & Caribbean ,2024,11705.0902976658,11414.4781691181
Greenland,GRL,Europe & Central Asia,1980,9483.10240585198,8480.76253105822
Greenland,GRL,Europe & Central Asia,1981,8544.09791016512,9483.10240585198
Greenland,GRL,Europe & Central Asia,1982,7813.65128212172,8544.09791016512
Greenland,GRL,Europe & Central Asia,1983,7988.17794662988,7813.65128212172
Greenland,GRL,Europe & Central Asia,1984,7198.7078081665,7988.17794662988
Greenland,GRL,Europe & Central Asia,1985,7760.83426370628,7198.7078081665
Greenland,GRL,Europe & Central Asia,1986,11271.3325735884,7760.83426370628
Greenland,GRL,Europe & Central Asia,1987,14554.3513669736,11271.3325735884
Greenland,GRL,Europe & Central Asia,1988,16397.9501938761,14554.3513669736
Greenland,GRL,Europe & Central Asia,1989,16813.7414501107,16397.9501938761
Greenland,GRL,Europe & Central Asia,1990,18326.9295023252,16813.7414501107
Greenland,GRL,Europe & Central Asia,1991,18315.3165631906,18326.9295023252
Greenland,GRL,Europe & Central Asia,1992,18768.8275325455,18315.3165631906
Greenland,GRL,Europe & Central Asia,1993,16797.3578218828,18768.8275325455
Greenland,GRL,Europe & Central Asia,1994,18124.0998075763,16797.3578218828
Greenland,GRL,Europe & Central Asia,1995,21665.8295173116,18124.0998075763
Greenland,GRL,Europe & Central Asia,1996,21422.4609853672,21665.8295173116
Greenland,GRL,Europe & Central Asia,1997,19145.614890096,21422.4609853672
Greenland,GRL,Europe & Central Asia,1998,20496.578783559,19145.614890096
Greenland,GRL,Europe & Central Asia,1999,20170.322763798,20496.578783559
Greenland,GRL,Europe & Central Asia,2000,19009.0774407515,20170.322763798
Greenland,GRL,Europe & Central Asia,2001,19265.5191468738,19009.0774407515
Greenland,GRL,Europe & Central Asia,2002,20657.9506323097,19265.5191468738
Greenland,GRL,Europe & Central Asia,2003,27466.6494525504,20657.9506323097
Greenland,GRL,Europe & Central Asia,2004,32030.9987915109,27466.6494525504
Greenland,GRL,Europe & Central Asia,2005,32489.7277309899,32030.9987915109
Greenland,GRL,Europe & Central Asia,2006,35457.6297578214,32489.7277309899
Greenland,GRL,Europe & Central Asia,2007,39780.9441368721,35457.6297578214
Greenland,GRL,Europe & Central Asia,2008,44366.7858688175,39780.9441368721
Greenland,GRL,Europe & Central Asia,2009,44918.8413832155,44366.7858688175
Greenland,GRL,Europe & Central Asia,2010,44277.1993400972,44918.8413832155
Greenland,GRL,Europe & Central Asia,2011,47186.8759969388,44277.1993400972
Greenland,GRL,Europe & Central Asia,2012,45936.9562817724,47186.8759969388
Greenland,GRL,Europe & Central Asia,2013,47535.4883792376,45936.9562817724
Greenland,GRL,Europe & Central Asia,2014,50485.2244135291,47535.4883792376
Greenland,GRL,Europe & Central Asia,2015,44536.3549705377,50485.2244135291
Greenland,GRL,Europe & Central Asia,2016,48181.7453541266,44536.3549705377
Greenland,GRL,Europe & Central Asia,2017,50765.7494665372,48181.7453541266
Greenland,GRL,Europe & Central Asia,2018,54545.135857765,50765.7494665372
Greenland,GRL,Europe & Central Asia,2019,53309.2035905065,54545.135857765
Greenland,GRL,Europe & Central Asia,2020,54812.6661771023,53309.2035905065
Greenland,GRL,Europe & Central Asia,2021,58135.9939910203,54812.6661771023
Greenland,GRL,Europe & Central Asia,2022,55635.0006491223,58135.9939910203
Greenland,GRL,Europe & Central Asia,2023,58498.9707973609,55635.0006491223
Guatemala,GTM,Latin America & Caribbean ,1970,352.790808761812,326.30273339901
Guatemala,GTM,Latin America & Caribbean ,1971,358.373560380293,352.790808761812
Guatemala,GTM,Latin America & Caribbean ,1972,369.762757413424,358.373560380293
Guatemala,GTM,Latin America & Caribbean ,1973,440.562871690613,369.762757413424
Guatemala,GTM,Latin America & Caribbean ,1974,528.57311003132,440.562871690613
Guatemala,GTM,Latin America & Caribbean ,1975,594.88660866336,528.57311003132
Guatemala,GTM,Latin America & Caribbean ,1976,697.064609693019,594.88660866336
Guatemala,GTM,Latin America & Caribbean ,1977,856.125495292911,697.064609693019
Guatemala,GTM,Latin America & Caribbean ,1978,925.180026499901,856.125495292911
Guatemala,GTM,Latin America & Caribbean ,1979,1025.98223460072,925.180026499901
Guatemala,GTM,Latin America & Caribbean ,1980,1141.80549814991,1025.98223460072
Guatemala,GTM,Latin America & Caribbean ,1981,1216.49639722044,1141.80549814991
Guatemala,GTM,Latin America & Caribbean ,1982,1203.96540667638,1216.49639722044
Guatemala,GTM,Latin America & Caribbean ,1983,1219.73545354345,1203.96540667638
Guatemala,GTM,Latin America & Caribbean ,1984,1241.04242582773,1219.73545354345
Guatemala,GTM,Latin America & Caribbean ,1985,1238.47545209176,1241.04242582773
Guatemala,GTM,Latin America & Caribbean ,1986,896.063263473632,1238.47545209176
Guatemala,GTM,Latin America & Caribbean ,1987,853.903772501246,896.063263473632
Guatemala,GTM,Latin America & Caribbean ,1988,919.070773138882,853.903772501246
Guatemala,GTM,Latin America & Caribbean ,1989,958.427471156263,919.070773138882
Guatemala,GTM,Latin America & Caribbean ,1990,847.688561830359,958.427471156263
Guatemala,GTM,Latin America & Caribbean ,1991,1014.40279682682,847.688561830359
Guatemala,GTM,Latin America & Caribbean ,1992,1096.45976992698,1014.40279682682
Guatemala,GTM,Latin America & Caribbean ,1993,1165.67442716224,1096.45976992698
Guatemala,GTM,Latin America & Caribbean ,1994,1292.67202750483,1165.67442716224
Guatemala,GTM,Latin America & Caribbean ,1995,1421.06177809796,1292.67202750483
Guatemala,GTM,Latin America & Caribbean ,1996,1481.05986750672,1421.06177809796
Guatemala,GTM,Latin America & Caribbean ,1997,1638.46281851789,1481.05986750672
Guatemala,GTM,Latin America & Caribbean ,1998,1741.20114182856,1638.46281851789
Guatemala,GTM,Latin America & Caribbean ,1999,1603.64776144934,1741.20114182856
Guatemala,GTM,Latin America & Caribbean ,2000,1648.96578971559,1603.64776144934
Guatemala,GTM,Latin America & Caribbean ,2001,1537.68663578252,1648.96578971559
Guatemala,GTM,Latin America & Caribbean ,2002,1669.33517469705,1537.68663578252
Guatemala,GTM,Latin America & Caribbean ,2003,1722.54701910774,1669.33517469705
Guatemala,GTM,Latin America & Caribbean ,2004,1840.91184884,1722.54701910774
Guatemala,GTM,Latin America & Caribbean ,2005,2046.46611650758,1840.91184884
Guatemala,GTM,Latin America & Caribbean ,2006,2225.1234753878,2046.46611650758
Guatemala,GTM,Latin America & Caribbean ,2007,2458.81573919384,2225.1234753878
Guatemala,GTM,Latin America & Caribbean ,2008,2763.05988172926,2458.81573919384
Guatemala,GTM,Latin America & Caribbean ,2009,2611.64632773352,2763.05988172926
Guatemala,GTM,Latin America & Caribbean ,2010,2805.25960237322,2611.64632773352
Guatemala,GTM,Latin America & Caribbean ,2011,3168.98370607705,2805.25960237322
Guatemala,GTM,Latin America & Caribbean ,2012,3286.61959336267,3168.98370607705
Guatemala,GTM,Latin America & Caribbean ,2013,3444.15802275864,3286.61959336267
Guatemala,GTM,Latin America & Caribbean ,2014,3689.14510410202,3444.15802275864
Guatemala,GTM,Latin America & Caribbean ,2015,3893.50533299068,3689.14510410202
Guatemala,GTM,Latin America & Caribbean ,2016,4060.13784737643,3893.50533299068
Guatemala,GTM,Latin America & Caribbean ,2017,4324.99768915601,4060.13784737643
Guatemala,GTM,Latin America & Caribbean ,2018,4352.94593289707,4324.99768915601
Guatemala,GTM,Latin America & Caribbean ,2019,4511.99839552697,4352.94593289707
Guatemala,GTM,Latin America & Caribbean ,2020,4477.61785000665,4511.99839552697
Guatemala,GTM,Latin America & Caribbean ,2021,4912.62240414681,4477.61785000665
Guatemala,GTM,Latin America & Caribbean ,2022,5358.70156997677,4912.62240414681
Guatemala,GTM,Latin America & Caribbean ,2023,5758.32760847852,5358.70156997677
Guatemala,GTM,Latin America & Caribbean ,2024,6150.02571438505,5758.32760847852
Guam,GUM,East Asia & Pacific,2012,31653.7506538168,29926.2052442913
Guam,GUM,East Asia & Pacific,2013,32530.7593121483,31653.7506538168
Guam,GUM,East Asia & Pacific,2014,33900.1486530583,32530.7593121483
Guam,GUM,East Asia & Pacific,2015,35165.7014644795,33900.1486530583
Guam,GUM,East Asia & Pacific,2016,35930.6594898711,35165.7014644795
Guam,GUM,East Asia & Pacific,2017,36779.0078903909,35930.6594898711
Guam,GUM,East Asia & Pacific,2018,37195.9503070464,36779.0078903909
Guam,GUM,East Asia & Pacific,2019,39274.9431424899,37195.9503070464
Guam,GUM,East Asia & Pacific,2020,36482.9363953675,39274.9431424899
Guam,GUM,East Asia & Pacific,2021,38074.8793745801,36482.9363953675
Guam,GUM,East Asia & Pacific,2022,41833.1517132825,38074.8793745801
Guyana,GUY,Latin America & Caribbean ,1970,381.098754100227,361.187616176221
Guyana,GUY,Latin America & Caribbean ,1971,395.769663599294,381.098754100227
Guyana,GUY,Latin America & Caribbean ,1972,395.474264576572,395.769663599294
Guyana,GUY,Latin America & Caribbean ,1973,420.533678630093,395.474264576572
Guyana,GUY,Latin America & Caribbean ,1974,587.968877003464,420.533678630093
Guyana,GUY,Latin America & Caribbean ,1975,663.799722651899,587.968877003464
Guyana,GUY,Latin America & Caribbean ,1976,604.105267775602,663.799722651899
Guyana,GUY,Latin America & Caribbean ,1977,592.99759837818,604.105267775602
Guyana,GUY,Latin America & Caribbean ,1978,663.208586084495,592.99759837818
Guyana,GUY,Latin America & Caribbean ,1979,688.827652838343,663.208586084495
Guyana,GUY,Latin America & Caribbean ,1980,778.958814102357,688.827652838343
Guyana,GUY,Latin America & Caribbean ,1981,734.567458871119,778.958814102357
Guyana,GUY,Latin America & Caribbean ,1982,620.564636570569,734.567458871119
Guyana,GUY,Latin America & Caribbean ,1983,630.672779209107,620.564636570569
Guyana,GUY,Latin America & Caribbean ,1984,565.33443558244,630.672779209107
Guyana,GUY,Latin America & Caribbean ,1985,587.818395225034,565.33443558244
Guyana,GUY,Latin America & Caribbean ,1986,657.014000212061,587.818395225034
Guyana,GUY,Latin America & Caribbean ,1987,464.052566270711,657.014000212061
Guyana,GUY,Latin America & Caribbean ,1988,544.715209244099,464.052566270711
Guyana,GUY,Latin America & Caribbean ,1989,503.109019103922,544.715209244099
Guyana,GUY,Latin America & Caribbean ,1990,528.851095342994,503.109019103922
Guyana,GUY,Latin America & Caribbean ,1991,466.039938988882,528.851095342994
Guyana,GUY,Latin America & Caribbean ,1992,498.156636569954,466.039938988882
Guyana,GUY,Latin America & Caribbean ,1993,603.084316652805,498.156636569954
Guyana,GUY,Latin America & Caribbean ,1994,715.611525201717,603.084316652805
Guyana,GUY,Latin America & Caribbean ,1995,819.668541584905,715.611525201717
Guyana,GUY,Latin America & Caribbean ,1996,927.523847211669,819.668541584905
Guyana,GUY,Latin America & Caribbean ,1997,982.804753805587,927.523847211669
Guyana,GUY,Latin America & Caribbean ,1998,939.685488169724,982.804753805587
Guyana,GUY,Latin America & Caribbean ,1999,908.790631391797,939.685488169724
Guyana,GUY,Latin America & Caribbean ,2000,931.796651718955,908.790631391797
Guyana,GUY,Latin America & Caribbean ,2001,931.574723847673,931.796651718955
Guyana,GUY,Latin America & Caribbean ,2002,950.866932470993,931.574723847673
Guyana,GUY,Latin America & Caribbean ,2003,973.742598054188,950.866932470993
Guyana,GUY,Latin America & Caribbean ,2004,1033.31030902188,973.742598054188
Guyana,GUY,Latin America & Caribbean ,2005,1084.06541388904,1033.31030902188
Guyana,GUY,Latin America & Caribbean ,2006,3135.60553528326,1084.06541388904
Guyana,GUY,Latin America & Caribbean ,2007,3608.28685240188,3135.60553528326
Guyana,GUY,Latin America & Caribbean ,2008,4008.9628671603,3608.28685240188
Guyana,GUY,Latin America & Caribbean ,2009,4209.13230624565,4008.9628671603
Guyana,GUY,Latin America & Caribbean ,2010,4581.76179693492,4209.13230624565
Guyana,GUY,Latin America & Caribbean ,2011,4947.22170589917,4581.76179693492
Guyana,GUY,Latin America & Caribbean ,2012,5444.39751913913,4947.22170589917
Guyana,GUY,Latin America & Caribbean ,2013,5556.91231156932,5444.39751913913
Guyana,GUY,Latin America & Caribbean ,2014,5472.68820452237,5556.91231156932
Guyana,GUY,Latin America & Caribbean ,2015,5640.41560569466,5472.68820452237
Guyana,GUY,Latin America & Caribbean ,2016,5870.87823759835,5640.41560569466
Guyana,GUY,Latin America & Caribbean ,2017,6178.6650437298,5870.87823759835
Guyana,GUY,Latin America & Caribbean ,2018,6048.38697180418,6178.6650437298
Guyana,GUY,Latin America & Caribbean ,2019,6405.82443444562,6048.38697180418
Guyana,GUY,Latin America & Caribbean ,2020,6775.70939096303,6405.82443444562
Guyana,GUY,Latin America & Caribbean ,2021,9860.87014834386,6775.70939096303
Guyana,GUY,Latin America & Caribbean ,2022,17913.4928066879,9860.87014834386
Guyana,GUY,Latin America & Caribbean ,2023,20473.7002190617,17913.4928066879
Guyana,GUY,Latin America & Caribbean ,2024,29675.2443873316,20473.7002190617
"Hong Kong SAR, China",HKG,East Asia & Pacific,1970,960.031961510704,825.523449142012
"Hong Kong SAR, China",HKG,East Asia & Pacific,1971,1106.46971695915,960.031961510704
"Hong Kong SAR, China",HKG,East Asia & Pacific,1972,1384.7342645141,1106.46971695915
"Hong Kong SAR, China",HKG,East Asia & Pacific,1973,1893.18124189464,1384.7342645141
"Hong Kong SAR, China",HKG,East Asia & Pacific,1974,2144.61495884823,1893.18124189464
"Hong Kong SAR, China",HKG,East Asia & Pacific,1975,2252.12694057369,2144.61495884823
"Hong Kong SAR, China",HKG,East Asia & Pacific,1976,2850.0146101832,2252.12694057369
"Hong Kong SAR, China",HKG,East Asia & Pacific,1977,3429.42027607254,2850.0146101832
"Hong Kong SAR, China",HKG,East Asia & Pacific,1978,3923.9713784987,3429.42027607254
"Hong Kong SAR, China",HKG,East Asia & Pacific,1979,4569.4838495588,3923.9713784987
"Hong Kong SAR, China",HKG,East Asia & Pacific,1980,5700.43210891578,4569.4838495588
"Hong Kong SAR, China",HKG,East Asia & Pacific,1981,5991.28488804536,5700.43210891578
"Hong Kong SAR, China",HKG,East Asia & Pacific,1982,6133.7668997328,5991.28488804536
"Hong Kong SAR, China",HKG,East Asia & Pacific,1983,5595.26055343754,6133.7668997328
"Hong Kong SAR, China",HKG,East Asia & Pacific,1984,6208.22615937199,5595.26055343754
"Hong Kong SAR, China",HKG,East Asia & Pacific,1985,6542.97352840976,6208.22615937199
"Hong Kong SAR, China",HKG,East Asia & Pacific,1986,7434.99925513073,6542.97352840976
"Hong Kong SAR, China",HKG,East Asia & Pacific,1987,9071.39076473445,7434.99925513073
"Hong Kong SAR, China",HKG,East Asia & Pacific,1988,10609.7456394545,9071.39076473445
"Hong Kong SAR, China",HKG,East Asia & Pacific,1989,12097.7487914553,10609.7456394545
"Hong Kong SAR, China",HKG,East Asia & Pacific,1990,13485.6314525052,12097.7487914553
"Hong Kong SAR, China",HKG,East Asia & Pacific,1991,15465.9245305858,13485.6314525052
"Hong Kong SAR, China",HKG,East Asia & Pacific,1992,17976.4688629053,15465.9245305858
"Hong Kong SAR, China",HKG,East Asia & Pacific,1993,20395.5621886121,17976.4688629053
"Hong Kong SAR, China",HKG,East Asia & Pacific,1994,22502.5302426236,20395.5621886121
"Hong Kong SAR, China",HKG,East Asia & Pacific,1995,23497.3920767477,22502.5302426236
"Hong Kong SAR, China",HKG,East Asia & Pacific,1996,24818.3021600084,23497.3920767477
"Hong Kong SAR, China",HKG,East Asia & Pacific,1997,27330.0933613355,24818.3021600084
"Hong Kong SAR, China",HKG,East Asia & Pacific,1998,25808.8609899709,27330.0933613355
"Hong Kong SAR, China",HKG,East Asia & Pacific,1999,25091.6665997966,25808.8609899709
"Hong Kong SAR, China",HKG,East Asia & Pacific,2000,25756.7728723704,25091.6665997966
"Hong Kong SAR, China",HKG,East Asia & Pacific,2001,25230.3780910304,25756.7728723704
"Hong Kong SAR, China",HKG,East Asia & Pacific,2002,24665.8362318216,25230.3780910304
"Hong Kong SAR, China",HKG,East Asia & Pacific,2003,23977.1734120477,24665.8362318216
"Hong Kong SAR, China",HKG,East Asia & Pacific,2004,24928.1003722551,23977.1734120477
"Hong Kong SAR, China",HKG,East Asia & Pacific,2005,26649.637724155,24928.1003722551
"Hong Kong SAR, China",HKG,East Asia & Pacific,2006,28224.0951563146,26649.637724155
"Hong Kong SAR, China",HKG,East Asia & Pacific,2007,30593.9511738646,28224.0951563146
"Hong Kong SAR, China",HKG,East Asia & Pacific,2008,31515.5292103443,30593.9511738646
"Hong Kong SAR, China",HKG,East Asia & Pacific,2009,30697.5383861641,31515.5292103443
"Hong Kong SAR, China",HKG,East Asia & Pacific,2010,32550.136489179,30697.5383861641
"Hong Kong SAR, China",HKG,East Asia & Pacific,2011,35142.4879344543,32550.136489179
"Hong Kong SAR, China",HKG,East Asia & Pacific,2012,36730.796195815,35142.4879344543
"Hong Kong SAR, China",HKG,East Asia & Pacific,2013,38403.7777145477,36730.796195815
"Hong Kong SAR, China",HKG,East Asia & Pacific,2014,40315.3739510191,38403.7777145477
"Hong Kong SAR, China",HKG,East Asia & Pacific,2015,42432.1619740441,40315.3739510191
"Hong Kong SAR, China",HKG,East Asia & Pacific,2016,43734.1980702999,42432.1619740441
"Hong Kong SAR, China",HKG,East Asia & Pacific,2017,46160.429791493,43734.1980702999
"Hong Kong SAR, China",HKG,East Asia & Pacific,2018,48537.5668888343,46160.429791493
"Hong Kong SAR, China",HKG,East Asia & Pacific,2019,48359.0011950597,48537.5668888343
"Hong Kong SAR, China",HKG,East Asia & Pacific,2020,46109.2299946609,48359.0011950597
"Hong Kong SAR, China",HKG,East Asia & Pacific,2021,49770.5642374739,46109.2299946609
"Hong Kong SAR, China",HKG,East Asia & Pacific,2022,48825.8441873536,49770.5642374739
"Hong Kong SAR, China",HKG,East Asia & Pacific,2023,50562.3633144379,48825.8441873536
"Hong Kong SAR, China",HKG,East Asia & Pacific,2024,54074.6928519479,50562.3633144379
Honduras,HND,Latin America & Caribbean ,1970,328.787242589654,316.220454040742
Honduras,HND,Latin America & Caribbean ,1971,338.123400136033,328.787242589654
Honduras,HND,Latin America & Caribbean ,1972,352.711426613473,338.123400136033
Honduras,HND,Latin America & Caribbean ,1973,374.668702396507,352.711426613473
Honduras,HND,Latin America & Caribbean ,1974,400.988955544745,374.668702396507
Honduras,HND,Latin America & Caribbean ,1975,416.521307238993,400.988955544745
Honduras,HND,Latin America & Caribbean ,1976,482.416373927479,416.521307238993
Honduras,HND,Latin America & Caribbean ,1977,559.250644740346,482.416373927479
Honduras,HND,Latin America & Caribbean ,1978,682.834193371888,559.250644740346
Honduras,HND,Latin America & Caribbean ,1979,768.717733232899,682.834193371888
Honduras,HND,Latin America & Caribbean ,1980,854.374079228412,768.717733232899
Honduras,HND,Latin America & Caribbean ,1981,911.505037511277,854.374079228412
Honduras,HND,Latin America & Caribbean ,1982,914.30883859664,911.505037511277
Honduras,HND,Latin America & Caribbean ,1983,941.732746077043,914.30883859664
Honduras,HND,Latin America & Caribbean ,1984,959.534269081039,941.732746077043
Honduras,HND,Latin America & Caribbean ,1985,1001.1467980095,959.534269081039
Honduras,HND,Latin America & Caribbean ,1986,1057.81228119586,1001.1467980095
Honduras,HND,Latin America & Caribbean ,1987,1097.85859892373,1057.81228119586
Honduras,HND,Latin America & Caribbean ,1988,1039.29410284648,1097.85859892373
Honduras,HND,Latin America & Caribbean ,1989,903.767650161806,1039.29410284648
Honduras,HND,Latin America & Caribbean ,1990,749.818113552631,903.767650161806
Honduras,HND,Latin America & Caribbean ,1991,722.000657931123,749.818113552631
Honduras,HND,Latin America & Caribbean ,1992,782.111518709432,722.000657931123
Honduras,HND,Latin America & Caribbean ,1993,772.74224772986,782.111518709432
Honduras,HND,Latin America & Caribbean ,1994,735.886147157389,772.74224772986
Honduras,HND,Latin America & Caribbean ,1995,814.049075569071,735.886147157389
Honduras,HND,Latin America & Caribbean ,1996,812.817047602244,814.049075569071
Honduras,HND,Latin America & Caribbean ,1997,917.272651200904,812.817047602244
Honduras,HND,Latin America & Caribbean ,1998,988.655986927253,917.272651200904
Honduras,HND,Latin America & Caribbean ,1999,999.004383328908,988.655986927253
Honduras,HND,Latin America & Caribbean ,2000,1092.56400746252,999.004383328908
Honduras,HND,Latin America & Caribbean ,2001,1132.1648753329,1092.56400746252
Honduras,HND,Latin America & Caribbean ,2002,1132.49965345317,1132.1648753329
Honduras,HND,Latin America & Caribbean ,2003,1156.08162681357,1132.49965345317
Honduras,HND,Latin America & Caribbean ,2004,1215.13995412761,1156.08162681357
Honduras,HND,Latin America & Caribbean ,2005,1304.70039153826,1215.13995412761
Honduras,HND,Latin America & Caribbean ,2006,1425.84780051892,1304.70039153826
Honduras,HND,Latin America & Caribbean ,2007,1577.73789197407,1425.84780051892
Honduras,HND,Latin America & Caribbean ,2008,1732.49062702803,1577.73789197407
Honduras,HND,Latin America & Caribbean ,2009,1781.15703614674,1732.49062702803
Honduras,HND,Latin America & Caribbean ,2010,1893.32722662035,1781.15703614674
Honduras,HND,Latin America & Caribbean ,2011,2073.66121088074,1893.32722662035
Honduras,HND,Latin America & Caribbean ,2012,2126.03474686503,2073.66121088074
Honduras,HND,Latin America & Caribbean ,2013,2081.12843527945,2126.03474686503
Honduras,HND,Latin America & Caribbean ,2014,2179.88171977271,2081.12843527945
Honduras,HND,Latin America & Caribbean ,2015,2271.20265980349,2179.88171977271
Honduras,HND,Latin America & Caribbean ,2016,2307.34468351082,2271.20265980349
Honduras,HND,Latin America & Caribbean ,2017,2413.0076562942,2307.34468351082
Honduras,HND,Latin America & Caribbean ,2018,2464.64241531918,2413.0076562942
Honduras,HND,Latin America & Caribbean ,2019,2502.32744328073,2464.64241531918
Honduras,HND,Latin America & Caribbean ,2020,2307.61494319511,2502.32744328073
Honduras,HND,Latin America & Caribbean ,2021,2735.14751503977,2307.61494319511
Honduras,HND,Latin America & Caribbean ,2022,3003.28996826399,2735.14751503977
Honduras,HND,Latin America & Caribbean ,2023,3227.45762509776,3003.28996826399
Honduras,HND,Latin America & Caribbean ,2024,3426.43483328923,3227.45762509776
Croatia,HRV,Europe & Central Asia,2000,4953.65158789022,5269.03394637289
Croatia,HRV,Europe & Central Asia,2001,5364.83824691607,4953.65158789022
Croatia,HRV,Europe & Central Asia,2002,6219.58164143945,5364.83824691607
Croatia,HRV,Europe & Central Asia,2003,8190.11135193887,6219.58164143945
Croatia,HRV,Europe & Central Asia,2004,9718.97322801967,8190.11135193887
Croatia,HRV,Europe & Central Asia,2005,10443.5278353294,9718.97322801967
Croatia,HRV,Europe & Central Asia,2006,11501.2099669894,10443.5278353294
Croatia,HRV,Europe & Central Asia,2007,13755.8321073292,11501.2099669894
Croatia,HRV,Europe & Central Asia,2008,15888.0606949392,13755.8321073292
Croatia,HRV,Europe & Central Asia,2009,14474.6519774194,15888.0606949392
Croatia,HRV,Europe & Central Asia,2010,13729.7654965022,14474.6519774194
Croatia,HRV,Europe & Central Asia,2011,14691.558296292,13729.7654965022
Croatia,HRV,Europe & Central Asia,2012,13507.7805260991,14691.558296292
Croatia,HRV,Europe & Central Asia,2013,14134.9474982889,13507.7805260991
Croatia,HRV,Europe & Central Asia,2014,14186.7295493276,14134.9474982889
Croatia,HRV,Europe & Central Asia,2015,12283.7840620053,14186.7295493276
Croatia,HRV,Europe & Central Asia,2016,12820.1653893008,12283.7840620053
Croatia,HRV,Europe & Central Asia,2017,13901.7878144679,12820.1653893008
Croatia,HRV,Europe & Central Asia,2018,15460.3669595491,13901.7878144679
Croatia,HRV,Europe & Central Asia,2019,15563.5987295029,15460.3669595491
Croatia,HRV,Europe & Central Asia,2020,14807.5608543265,15563.5987295029
Croatia,HRV,Europe & Central Asia,2021,17788.7865816658,14807.5608543265
Croatia,HRV,Europe & Central Asia,2022,18465.5414420364,17788.7865816658
Croatia,HRV,Europe & Central Asia,2023,22184.2279304842,18465.5414420364
Croatia,HRV,Europe & Central Asia,2024,24050.4397933135,22184.2279304842
Haiti,HTI,Latin America & Caribbean ,1970,71.4543990624631,86.1269803448153
Haiti,HTI,Latin America & Caribbean ,1971,76.8116150679491,71.4543990624631
Haiti,HTI,Latin America & Caribbean ,1972,77.2765182599349,76.8116150679491
Haiti,HTI,Latin America & Caribbean ,1973,95.1341802581181,77.2765182599349
Haiti,HTI,Latin America & Caribbean ,1974,113.039260601755,95.1341802581181
Haiti,HTI,Latin America & Caribbean ,1975,133.631792050575,113.039260601755
Haiti,HTI,Latin America & Caribbean ,1976,169.091888071558,133.631792050575
Haiti,HTI,Latin America & Caribbean ,1977,178.696912675895,169.091888071558
Haiti,HTI,Latin America & Caribbean ,1978,180.321253919424,178.696912675895
Haiti,HTI,Latin America & Caribbean ,1979,196.20196855612,180.321253919424
Haiti,HTI,Latin America & Caribbean ,1980,246.46927157982,196.20196855612
Haiti,HTI,Latin America & Caribbean ,1981,258.468043101302,246.46927157982
Haiti,HTI,Latin America & Caribbean ,1982,252.607250558051,258.468043101302
Haiti,HTI,Latin America & Caribbean ,1983,272.823694996686,252.607250558051
Haiti,HTI,Latin America & Caribbean ,1984,299.247186216373,272.823694996686
Haiti,HTI,Latin America & Caribbean ,1985,324.575156092964,299.247186216373
Haiti,HTI,Latin America & Caribbean ,1986,366.997344256492,324.575156092964
Haiti,HTI,Latin America & Caribbean ,1987,317.635520687503,366.997344256492
Haiti,HTI,Latin America & Caribbean ,1988,397.365336276412,317.635520687503
Haiti,HTI,Latin America & Caribbean ,1989,407.498708064211,397.365336276412
Haiti,HTI,Latin America & Caribbean ,1990,451.720249689216,407.498708064211
Haiti,HTI,Latin America & Caribbean ,1991,496.545987433864,451.720249689216
Haiti,HTI,Latin America & Caribbean ,1992,316.276513134354,496.545987433864
Haiti,HTI,Latin America & Caribbean ,1993,258.066372258817,316.276513134354
Haiti,HTI,Latin America & Caribbean ,1994,292.134224374091,258.066372258817
Haiti,HTI,Latin America & Caribbean ,1995,372.006104665125,292.134224374091
Haiti,HTI,Latin America & Caribbean ,1996,377.229465025972,372.006104665125
Haiti,HTI,Latin America & Caribbean ,1997,425.111085879256,377.229465025972
Haiti,HTI,Latin America & Caribbean ,1998,465.363306259051,425.111085879256
Haiti,HTI,Latin America & Caribbean ,1999,509.578585275375,465.363306259051
Haiti,HTI,Latin America & Caribbean ,2000,820.600046761464,509.578585275375
Haiti,HTI,Latin America & Caribbean ,2001,748.821159844528,820.600046761464
Haiti,HTI,Latin America & Caribbean ,2002,720.969568042522,748.821159844528
Haiti,HTI,Latin America & Caribbean ,2003,578.995291079709,720.969568042522
Haiti,HTI,Latin America & Caribbean ,2004,683.185298155273,578.995291079709
Haiti,HTI,Latin America & Caribbean ,2005,775.845704056916,683.185298155273
Haiti,HTI,Latin America & Caribbean ,2006,828.805700289589,775.845704056916
Haiti,HTI,Latin America & Caribbean ,2007,984.566983448521,828.805700289589
Haiti,HTI,Latin America & Caribbean ,2008,1094.66058421644,984.566983448521
Haiti,HTI,Latin America & Caribbean ,2009,1196.8528706018,1094.66058421644
Haiti,HTI,Latin America & Caribbean ,2010,1209.72733503094,1196.8528706018
Haiti,HTI,Latin America & Caribbean ,2011,1312.03953552013,1209.72733503094
Haiti,HTI,Latin America & Caribbean ,2012,1361.39396587374,1312.03953552013
Haiti,HTI,Latin America & Caribbean ,2013,1457.83221179626,1361.39396587374
Haiti,HTI,Latin America & Caribbean ,2014,1460.18898613914,1457.83221179626
Haiti,HTI,Latin America & Caribbean ,2015,1411.12684746796,1460.18898613914
Haiti,HTI,Latin America & Caribbean ,2016,1318.40268167953,1411.12684746796
Haiti,HTI,Latin America & Caribbean ,2017,1395.23945184461,1318.40268167953
Haiti,HTI,Latin America & Caribbean ,2018,1496.38048970156,1395.23945184461
Haiti,HTI,Latin America & Caribbean ,2019,1352.17204191532,1496.38048970156
Haiti,HTI,Latin America & Caribbean ,2020,1290.32538667383,1352.17204191532
Haiti,HTI,Latin America & Caribbean ,2021,1841.33189337222,1290.32538667383
Haiti,HTI,Latin America & Caribbean ,2022,1760.62635668777,1841.33189337222
Haiti,HTI,Latin America & Caribbean ,2023,1705.75808460999,1760.62635668777
Haiti,HTI,Latin America & Caribbean ,2024,2142.62330526788,1705.75808460999
Hungary,HUN,Europe & Central Asia,1978,1617.87853402771,1388.39509904029
Hungary,HUN,Europe & Central Asia,1979,1864.67188851588,1617.87853402771
Hungary,HUN,Europe & Central Asia,1980,2158.22181355246,1864.67188851588
Hungary,HUN,Europe & Central Asia,1981,2213.05267699322,2158.22181355246
Hungary,HUN,Europe & Central Asia,1982,2255.06405686887,2213.05267699322
Hungary,HUN,Europe & Central Asia,1983,2049.71617921793,2255.06405686887
Hungary,HUN,Europe & Central Asia,1984,1991.23894795513,2049.71617921793
Hungary,HUN,Europe & Central Asia,1985,2020.02286569062,1991.23894795513
Hungary,HUN,Europe & Central Asia,1986,2330.84188308476,2020.02286569062
Hungary,HUN,Europe & Central Asia,1987,2565.9739107384,2330.84188308476
Hungary,HUN,Europe & Central Asia,1988,2812.23754602897,2565.9739107384
Hungary,HUN,Europe & Central Asia,1989,2902.43508126549,2812.23754602897
Hungary,HUN,Europe & Central Asia,1990,3323.53967237633,2902.43508126549
Hungary,HUN,Europe & Central Asia,1991,3361.22268037924,3323.53967237633
Hungary,HUN,Europe & Central Asia,1992,3747.32966394956,3361.22268037924
Hungary,HUN,Europe & Central Asia,1993,3886.66608419616,3747.32966394956
Hungary,HUN,Europe & Central Asia,1994,4187.0311799663,3886.66608419616
Hungary,HUN,Europe & Central Asia,1995,4509.41740910077,4187.0311799663
Hungary,HUN,Europe & Central Asia,1996,4542.0120380978,4509.41740910077
Hungary,HUN,Europe & Central Asia,1997,4606.0569733295,4542.0120380978
Hungary,HUN,Europe & Central Asia,1998,4751.7732430202,4606.0569733295
Hungary,HUN,Europe & Central Asia,1999,4801.95949584162,4751.7732430202
Hungary,HUN,Europe & Central Asia,2000,4629.91760812548,4801.95949584162
Hungary,HUN,Europe & Central Asia,2001,5280.94887987063,4629.91760812548
Hungary,HUN,Europe & Central Asia,2002,6658.04494326809,5280.94887987063
Hungary,HUN,Europe & Central Asia,2003,8410.09248198479,6658.04494326809
Hungary,HUN,Europe & Central Asia,2004,10291.2694721409,8410.09248198479
Hungary,HUN,Europe & Central Asia,2005,11212.2046968994,10291.2694721409
Hungary,HUN,Europe & Central Asia,2006,11478.4891640501,11212.2046968994
Hungary,HUN,Europe & Central Asia,2007,13934.605460375,11478.4891640501
Hungary,HUN,Europe & Central Asia,2008,15762.6322515113,13934.605460375
Hungary,HUN,Europe & Central Asia,2009,13051.1831777184,15762.6322515113
Hungary,HUN,Europe & Central Asia,2010,13189.8433874768,13051.1831777184
Hungary,HUN,Europe & Central Asia,2011,14211.460557822,13189.8433874768
Hungary,HUN,Europe & Central Asia,2012,12950.1594488143,14211.460557822
Hungary,HUN,Europe & Central Asia,2013,13739.4620151401,12950.1594488143
Hungary,HUN,Europe & Central Asia,2014,14352.501883174,13739.4620151401
Hungary,HUN,Europe & Central Asia,2015,12782.9412577973,14352.501883174
Hungary,HUN,Europe & Central Asia,2016,13215.8605277789,12782.9412577973
Hungary,HUN,Europe & Central Asia,2017,14736.1668157258,13215.8605277789
Hungary,HUN,Europe & Central Asia,2018,16605.0570511887,14736.1668157258
Hungary,HUN,Europe & Central Asia,2019,17012.8598553199,16605.0570511887
Hungary,HUN,Europe & Central Asia,2020,16386.9308821258,17012.8598553199
Hungary,HUN,Europe & Central Asia,2021,19030.628130329,16386.9308821258
Hungary,HUN,Europe & Central Asia,2022,18428.028825614,19030.628130329
Hungary,HUN,Europe & Central Asia,2023,22230.6277875187,18428.028825614
Hungary,HUN,Europe & Central Asia,2024,23292.3263882478,22230.6277875187
Indonesia,IDN,East Asia & Pacific,1977,330.670214101079,275.713167824796
Indonesia,IDN,East Asia & Pacific,1978,362.483779779007,330.670214101079
Indonesia,IDN,East Asia & Pacific,1979,353.424175826329,362.483779779007
Indonesia,IDN,East Asia & Pacific,1980,486.620172021155,353.424175826329
Indonesia,IDN,East Asia & Pacific,1981,560.830336032961,486.620172021155
Indonesia,IDN,East Asia & Pacific,1982,577.745632722784,560.830336032961
Indonesia,IDN,East Asia & Pacific,1983,507.682945653414,577.745632722784
Indonesia,IDN,East Asia & Pacific,1984,519.774063103241,507.682945653414
Indonesia,IDN,East Asia & Pacific,1985,511.400883618027,519.774063103241
Indonesia,IDN,East Asia & Pacific,1986,469.834241253429,511.400883618027
Indonesia,IDN,East Asia & Pacific,1987,437.60655039936,469.834241253429
Indonesia,IDN,East Asia & Pacific,1988,476.662483405818,437.60655039936
Indonesia,IDN,East Asia & Pacific,1989,524.143027322576,476.662483405818
Indonesia,IDN,East Asia & Pacific,1990,578.420121135382,524.143027322576
Indonesia,IDN,East Asia & Pacific,1991,624.387495384411,578.420121135382
Indonesia,IDN,East Asia & Pacific,1992,673.67103954742,624.387495384411
Indonesia,IDN,East Asia & Pacific,1993,817.395116417856,673.67103954742
Indonesia,IDN,East Asia & Pacific,1994,899.793982949817,817.395116417856
Indonesia,IDN,East Asia & Pacific,1995,1011.22614205568,899.793982949817
Indonesia,IDN,East Asia & Pacific,1996,1118.92133024129,1011.22614205568
Indonesia,IDN,East Asia & Pacific,1997,1044.60674832472,1118.92133024129
Indonesia,IDN,East Asia & Pacific,1998,454.877800792123,1044.60674832472
Indonesia,IDN,East Asia & Pacific,1999,657.268934667018,454.877800792123
Indonesia,IDN,East Asia & Pacific,2000,763.711124950924,657.268934667018
Indonesia,IDN,East Asia & Pacific,2001,732.307093405708,763.711124950924
Indonesia,IDN,East Asia & Pacific,2002,881.002913569131,732.307093405708
Indonesia,IDN,East Asia & Pacific,2003,1043.2105838671,881.002913569131
Indonesia,IDN,East Asia & Pacific,2004,1126.84004447173,1043.2105838671
Indonesia,IDN,East Asia & Pacific,2005,1238.21447629488,1126.84004447173
Indonesia,IDN,East Asia & Pacific,2006,1558.31562847163,1238.21447629488
Indonesia,IDN,East Asia & Pacific,2007,1823.21976255073,1558.31562847163
Indonesia,IDN,East Asia & Pacific,2008,2124.55483920618,1823.21976255073
Indonesia,IDN,East Asia & Pacific,2009,2218.48541852977,2124.55483920618
Indonesia,IDN,East Asia & Pacific,2010,3065.68348377765,2218.48541852977
Indonesia,IDN,East Asia & Pacific,2011,3579.46442466152,3065.68348377765
Indonesia,IDN,East Asia & Pacific,2012,3632.27254030331,3579.46442466152
Indonesia,IDN,East Asia & Pacific,2013,3566.60284506078,3632.27254030331
Indonesia,IDN,East Asia & Pacific,2014,3441.06808464008,3566.60284506078
Indonesia,IDN,East Asia & Pacific,2015,3288.22269725538,3441.06808464008
Indonesia,IDN,East Asia & Pacific,2016,3521.46943457574,3288.22269725538
Indonesia,IDN,East Asia & Pacific,2017,3798.88326174526,3521.46943457574
Indonesia,IDN,East Asia & Pacific,2018,3860.95353090726,3798.88326174526
Indonesia,IDN,East Asia & Pacific,2019,4106.94856160358,3860.95353090726
Indonesia,IDN,East Asia & Pacific,2020,3853.70288774146,4106.94856160358
Indonesia,IDN,East Asia & Pacific,2021,4287.17313995098,3853.70288774146
Indonesia,IDN,East Asia & Pacific,2022,4730.83484836107,4287.17313995098
Indonesia,IDN,East Asia & Pacific,2023,4876.30774512252,4730.83484836107
Indonesia,IDN,East Asia & Pacific,2024,4925.43048751861,4876.30774512252
Isle of Man,IMN,Europe & Central Asia,1994,11708.2857474351,10818.5139663414
Isle of Man,IMN,Europe & Central Asia,1995,12896.5252829716,11708.2857474351
Isle of Man,IMN,Europe & Central Asia,1996,13979.8454930411,12896.5252829716
Isle of Man,IMN,Europe & Central Asia,1997,16160.7112518361,13979.8454930411
Isle of Man,IMN,Europe & Central Asia,1998,18753.1202301034,16160.7112518361
Isle of Man,IMN,Europe & Central Asia,1999,21042.1461816648,18753.1202301034
Isle of Man,IMN,Europe & Central Asia,2000,21161.3963073772,21042.1461816648
Isle of Man,IMN,Europe & Central Asia,2001,21819.7123825606,21161.3963073772
Isle of Man,IMN,Europe & Central Asia,2002,24471.0798814847,21819.7123825606
Isle of Man,IMN,Europe & Central Asia,2003,28861.6178062918,24471.0798814847
Isle of Man,IMN,Europe & Central Asia,2004,35564.6023910146,28861.6178062918
Isle of Man,IMN,Europe & Central Asia,2005,38135.8597885858,35564.6023910146
Isle of Man,IMN,Europe & Central Asia,2006,42627.5089352891,38135.8597885858
Isle of Man,IMN,Europe & Central Asia,2007,55040.2437046236,42627.5089352891
Isle of Man,IMN,Europe & Central Asia,2008,72276.7741329461,55040.2437046236
Isle of Man,IMN,Europe & Central Asia,2009,66156.105656847,72276.7741329461
Isle of Man,IMN,Europe & Central Asia,2010,70587.3140283741,66156.105656847
Isle of Man,IMN,Europe & Central Asia,2011,77808.8579649376,70587.3140283741
Isle of Man,IMN,Europe & Central Asia,2012,79329.2034347434,77808.8579649376
Isle of Man,IMN,Europe & Central Asia,2013,83207.6588430451,79329.2034347434
Isle of Man,IMN,Europe & Central Asia,2014,91885.4528718026,83207.6588430451
Isle of Man,IMN,Europe & Central Asia,2015,84753.5187422732,91885.4528718026
Isle of Man,IMN,Europe & Central Asia,2016,82025.9454509241,84753.5187422732
Isle of Man,IMN,Europe & Central Asia,2017,83481.3038489014,82025.9454509241
Isle of Man,IMN,Europe & Central Asia,2018,89393.8244248812,83481.3038489014
Isle of Man,IMN,Europe & Central Asia,2019,87127.5517977404,89393.8244248812
Isle of Man,IMN,Europe & Central Asia,2020,79513.5330346598,87127.5517977404
Isle of Man,IMN,Europe & Central Asia,2021,94299.969348965,79513.5330346598
Isle of Man,IMN,Europe & Central Asia,2022,88328.548125887,94299.969348965
India,IND,South Asia,1970,114.35532002008,109.477664384288
India,IND,South Asia,1971,120.680595539912,114.35532002008
India,IND,South Asia,1972,125.270705961882,120.680595539912
India,IND,South Asia,1973,146.568492582405,125.270705961882
India,IND,South Asia,1974,166.699661755332,146.568492582405
India,IND,South Asia,1975,161.086694022079,166.699661755332
India,IND,South Asia,1976,164.119999587322,161.086694022079
India,IND,South Asia,1977,189.585568552477,164.119999587322
India,IND,South Asia,1978,209.389063573463,189.585568552477
India,IND,South Asia,1979,227.958179873426,209.389063573463
India,IND,South Asia,1980,271.080945953678,227.958179873426
India,IND,South Asia,1981,274.964330768528,271.080945953678
India,IND,South Asia,1982,278.65038258267,274.964330768528
India,IND,South Asia,1983,295.999773299382,278.65038258267
India,IND,South Asia,1984,281.049867840717,295.999773299382
India,IND,South Asia,1985,300.928258576378,281.049867840717
India,IND,South Asia,1986,314.897116402542,300.928258576378
India,IND,South Asia,1987,344.941028293075,314.897116402542
India,IND,South Asia,1988,358.484539641693,344.941028293075
India,IND,South Asia,1989,349.915155021864,358.484539641693
India,IND,South Asia,1990,371.085936203765,349.915155021864
India,IND,South Asia,1991,305.574055928592,371.085936203765
India,IND,South Asia,1992,319.182472626315,305.574055928592
India,IND,South Asia,1993,302.884806246174,319.182472626315
India,IND,South Asia,1994,347.73421473994,302.884806246174
India,IND,South Asia,1995,375.17600537305,347.73421473994
India,IND,South Asia,1996,401.046754673579,375.17600537305
India,IND,South Asia,1997,416.228116203753,401.046754673579
India,IND,South Asia,1998,413.630864056851,416.228116203753
India,IND,South Asia,1999,441.927991436397,413.630864056851
India,IND,South Asia,2000,442.750218937263,441.927991436397
India,IND,South Asia,2001,450.357900514128,442.750218937263
India,IND,South Asia,2002,469.149928973927,450.357900514128
India,IND,South Asia,2003,544.143133545002,469.149928973927
India,IND,South Asia,2004,624.258826510066,544.143133545002
India,IND,South Asia,2005,710.488080408949,624.258826510066
India,IND,South Asia,2006,801.668353659022,710.488080408949
India,IND,South Asia,2007,1021.88707706826,801.668353659022
India,IND,South Asia,2008,992.519584923828,1021.88707706826
India,IND,South Asia,2009,1094.94974598436,992.519584923828
India,IND,South Asia,2010,1347.51939071367,1094.94974598436
India,IND,South Asia,2011,1445.46127486037,1347.51939071367
India,IND,South Asia,2012,1429.32199520032,1445.46127486037
India,IND,South Asia,2013,1432.84397512195,1429.32199520032
India,IND,South Asia,2014,1553.88396075118,1432.84397512195
India,IND,South Asia,2015,1583.99815907985,1553.88396075118
India,IND,South Asia,2016,1707.50892912243,1583.99815907985
India,IND,South Asia,2017,1950.10468280866,1707.50892912243
India,IND,South Asia,2018,1966.25455171679,1950.10468280866
India,IND,South Asia,2019,2041.42863698585,1966.25455171679
India,IND,South Asia,2020,1907.04251637669,2041.42863698585
India,IND,South Asia,2021,2239.61384367482,1907.04251637669
India,IND,South Asia,2022,2347.44829434623,2239.61384367482
India,IND,South Asia,2023,2530.12031278204,2347.44829434623
India,IND,South Asia,2024,2694.73780859961,2530.12031278204
Ireland,IRL,Europe & Central Asia,1970,1486.51452734638,1330.78329549951
Ireland,IRL,Europe & Central Asia,1971,1703.93218277317,1486.51452734638
Ireland,IRL,Europe & Central Asia,1972,2080.46514718169,1703.93218277317
Ireland,IRL,Europe & Central Asia,1973,2424.26904706558,2080.46514718169
Ireland,IRL,Europe & Central Asia,1974,2516.92768605196,2424.26904706558
Ireland,IRL,Europe & Central Asia,1975,2973.40012301715,2516.92768605196
Ireland,IRL,Europe & Central Asia,1976,2919.58308695615,2973.40012301715
Ireland,IRL,Europe & Central Asia,1977,3427.0734359204,2919.58308695615
Ireland,IRL,Europe & Central Asia,1978,4399.98680535092,3427.0734359204
Ireland,IRL,Europe & Central Asia,1979,5429.96200087479,4399.98680535092
Ireland,IRL,Europe & Central Asia,1980,6372.43777545453,5429.96200087479
Ireland,IRL,Europe & Central Asia,1981,5986.1541089392,6372.43777545453
Ireland,IRL,Europe & Central Asia,1982,6160.63829313723,5986.1541089392
Ireland,IRL,Europe & Central Asia,1983,5915.24177164341,6160.63829313723
Ireland,IRL,Europe & Central Asia,1984,5692.02738597285,5915.24177164341
Ireland,IRL,Europe & Central Asia,1985,6011.7355464232,5692.02738597285
Ireland,IRL,Europe & Central Asia,1986,8112.17136316453,6011.7355464232
Ireland,IRL,Europe & Central Asia,1987,9581.91308572415,8112.17136316453
Ireland,IRL,Europe & Central Asia,1988,10715.8702780539,9581.91308572415
Ireland,IRL,Europe & Central Asia,1989,11175.816603647,10715.8702780539
Ireland,IRL,Europe & Central Asia,1990,14031.3025675469,11175.816603647
Ireland,IRL,Europe & Central Asia,1991,14087.2074393708,14031.3025675469
Ireland,IRL,Europe & Central Asia,1992,15714.3847487231,14087.2074393708
Ireland,IRL,Europe & Central Asia,1993,14657.0615549805,15714.3847487231
Ireland,IRL,Europe & Central Asia,1994,15902.9296755168,14657.0615549805
Ireland,IRL,Europe & Central Asia,1995,19158.4564773907,15902.9296755168
Ireland,IRL,Europe & Central Asia,1996,20835.8977130847,19158.4564773907
Ireland,IRL,Europe & Central Asia,1997,22551.1139134126,20835.8977130847
Ireland,IRL,Europe & Central Asia,1998,24294.8547674007,22551.1139134126
Ireland,IRL,Europe & Central Asia,1999,26338.1077543817,24294.8547674007
Ireland,IRL,Europe & Central Asia,2000,26334.5672050501,26338.1077543817
Ireland,IRL,Europe & Central Asia,2001,28282.409882073,26334.5672050501
Ireland,IRL,Europe & Central Asia,2002,32705.4345565698,28282.409882073
Ireland,IRL,Europe & Central Asia,2003,41203.5295847568,32705.4345565698
Ireland,IRL,Europe & Central Asia,2004,47754.2023194244,41203.5295847568
Ireland,IRL,Europe & Central Asia,2005,50933.0216095589,47754.2023194244
Ireland,IRL,Europe & Central Asia,2006,54329.1618599624,50933.0216095589
Ireland,IRL,Europe & Central Asia,2007,61396.417461176,54329.1618599624
Ireland,IRL,Europe & Central Asia,2008,61353.1065629523,61396.417461176
Ireland,IRL,Europe & Central Asia,2009,52133.0906162544,61353.1065629523
Ireland,IRL,Europe & Central Asia,2010,48623.9666422487,52133.0906162544
Ireland,IRL,Europe & Central Asia,2011,52613.8540355689,48623.9666422487
Ireland,IRL,Europe & Central Asia,2012,49335.8408099555,52613.8540355689
Ireland,IRL,Europe & Central Asia,2013,52537.6108648692,49335.8408099555
Ireland,IRL,Europe & Central Asia,2014,57214.5379785709,52537.6108648692
Ireland,IRL,Europe & Central Asia,2015,64250.1385181257,57214.5379785709
Ireland,IRL,Europe & Central Asia,2016,64129.5571542383,64250.1385181257
Ireland,IRL,Europe & Central Asia,2017,72161.4047531385,64129.5571542383
Ireland,IRL,Europe & Central Asia,2018,80804.1123164826,72161.4047531385
Ireland,IRL,Europe & Central Asia,2019,81827.6688873996,80804.1123164826
Ireland,IRL,Europe & Central Asia,2020,86514.0706108754,81827.6688873996
Ireland,IRL,Europe & Central Asia,2021,103783.446284479,86514.0706108754
Ireland,IRL,Europe & Central Asia,2022,105190.685952731,103783.446284479
Ireland,IRL,Europe & Central Asia,2023,106818.917130804,105190.685952731
Ireland,IRL,Europe & Central Asia,2024,112894.953240805,106818.917130804
"Iran, Islamic Rep.",IRN,"Middle East, North Africa, Afghanistan & Pakistan",1970,376.606879152564,344.60168745738
"Iran, Islamic Rep.",IRN,"Middle East, North Africa, Afghanistan & Pakistan",1971,457.283638013187,376.606879152564
"Iran, Islamic Rep.",IRN,"Middle East, North Africa, Afghanistan & Pakistan",1972,554.748034126016,457.283638013187
"Iran, Islamic Rep.",IRN,"Middle East, North Africa, Afghanistan & Pakistan",1973,850.560177143749,554.748034126016
"Iran, Islamic Rep.",IRN,"Middle East, North Africa, Afghanistan & Pakistan",1974,1408.96571902093,850.560177143749
"Iran, Islamic Rep.",IRN,"Middle East, North Africa, Afghanistan & Pakistan",1975,1531.70617122603,1408.96571902093
"Iran, Islamic Rep.",IRN,"Middle East, North Africa, Afghanistan & Pakistan",1976,1953.51969678549,1531.70617122603
"Iran, Islamic Rep.",IRN,"Middle East, North Africa, Afghanistan & Pakistan",1977,2243.05559538309,1953.51969678549
"Iran, Islamic Rep.",IRN,"Middle East, North Africa, Afghanistan & Pakistan",1978,2100.77015324703,2243.05559538309
"Iran, Islamic Rep.",IRN,"Middle East, North Africa, Afghanistan & Pakistan",1979,2352.42655152643,2100.77015324703
"Iran, Islamic Rep.",IRN,"Middle East, North Africa, Afghanistan & Pakistan",1980,2368.39285730478,2352.42655152643
"Iran, Islamic Rep.",IRN,"Middle East, North Africa, Afghanistan & Pakistan",1981,2393.44985576145,2368.39285730478
"Iran, Islamic Rep.",IRN,"Middle East, North Africa, Afghanistan & Pakistan",1982,2844.87611384065,2393.44985576145
"Iran, Islamic Rep.",IRN,"Middle East, North Africa, Afghanistan & Pakistan",1983,3397.06140021273,2844.87611384065
"Iran, Islamic Rep.",IRN,"Middle East, North Africa, Afghanistan & Pakistan",1984,3395.33697556582,3397.06140021273
"Iran, Islamic Rep.",IRN,"Middle East, North Africa, Afghanistan & Pakistan",1985,3634.03209560745,3395.33697556582
"Iran, Islamic Rep.",IRN,"Middle East, North Africa, Afghanistan & Pakistan",1986,4064.34667297515,3634.03209560745
"Iran, Islamic Rep.",IRN,"Middle East, North Africa, Afghanistan & Pakistan",1987,2513.15111564745,4064.34667297515
"Iran, Islamic Rep.",IRN,"Middle East, North Africa, Afghanistan & Pakistan",1988,2234.46235141335,2513.15111564745
"Iran, Islamic Rep.",IRN,"Middle East, North Africa, Afghanistan & Pakistan",1989,2124.97214820344,2234.46235141335
"Iran, Islamic Rep.",IRN,"Middle East, North Africa, Afghanistan & Pakistan",1990,2137.94222739877,2124.97214820344
"Iran, Islamic Rep.",IRN,"Middle East, North Africa, Afghanistan & Pakistan",1991,2194.43906803657,2137.94222739877
"Iran, Islamic Rep.",IRN,"Middle East, North Africa, Afghanistan & Pakistan",1992,1957.48507794252,2194.43906803657
"Iran, Islamic Rep.",IRN,"Middle East, North Africa, Afghanistan & Pakistan",1993,1038.10985682067,1957.48507794252
"Iran, Islamic Rep.",IRN,"Middle East, North Africa, Afghanistan & Pakistan",1994,1167.76272513795,1038.10985682067
"Iran, Islamic Rep.",IRN,"Middle East, North Africa, Afghanistan & Pakistan",1995,1550.0095955025,1167.76272513795
"Iran, Islamic Rep.",IRN,"Middle East, North Africa, Afghanistan & Pakistan",1996,1914.78121294313,1550.0095955025
"Iran, Islamic Rep.",IRN,"Middle East, North Africa, Afghanistan & Pakistan",1997,1790.06617575598,1914.78121294313
"Iran, Islamic Rep.",IRN,"Middle East, North Africa, Afghanistan & Pakistan",1998,1709.19334096046,1790.06617575598
"Iran, Islamic Rep.",IRN,"Middle East, North Africa, Afghanistan & Pakistan",1999,1739.59462001458,1709.19334096046
"Iran, Islamic Rep.",IRN,"Middle East, North Africa, Afghanistan & Pakistan",2000,1650.01385833785,1739.59462001458
"Iran, Islamic Rep.",IRN,"Middle East, North Africa, Afghanistan & Pakistan",2001,1881.02266635283,1650.01385833785
"Iran, Islamic Rep.",IRN,"Middle East, North Africa, Afghanistan & Pakistan",2002,1891.25756091033,1881.02266635283
"Iran, Islamic Rep.",IRN,"Middle East, North Africa, Afghanistan & Pakistan",2003,2208.99636552406,1891.25756091033
"Iran, Islamic Rep.",IRN,"Middle East, North Africa, Afghanistan & Pakistan",2004,2672.4226651404,2208.99636552406
"Iran, Islamic Rep.",IRN,"Middle East, North Africa, Afghanistan & Pakistan",2005,3132.0508192007,2672.4226651404
"Iran, Islamic Rep.",IRN,"Middle East, North Africa, Afghanistan & Pakistan",2006,3618.91601364428,3132.0508192007
"Iran, Islamic Rep.",IRN,"Middle East, North Africa, Afghanistan & Pakistan",2007,4687.99166260718,3618.91601364428
"Iran, Islamic Rep.",IRN,"Middle East, North Africa, Afghanistan & Pakistan",2008,5377.4115072957,4687.99166260718
"Iran, Islamic Rep.",IRN,"Middle East, North Africa, Afghanistan & Pakistan",2009,5415.52280553446,5377.4115072957
"Iran, Islamic Rep.",IRN,"Middle East, North Africa, Afghanistan & Pakistan",2010,6291.19443655454,5415.52280553446
"Iran, Islamic Rep.",IRN,"Middle East, North Africa, Afghanistan & Pakistan",2011,8025.68743364356,6291.19443655454
"Iran, Islamic Rep.",IRN,"Middle East, North Africa, Afghanistan & Pakistan",2012,8114.08099831877,8025.68743364356
"Iran, Islamic Rep.",IRN,"Middle East, North Africa, Afghanistan & Pakistan",2013,6222.74194840326,8114.08099831877
"Iran, Islamic Rep.",IRN,"Middle East, North Africa, Afghanistan & Pakistan",2014,5672.06372896319,6222.74194840326
"Iran, Islamic Rep.",IRN,"Middle East, North Africa, Afghanistan & Pakistan",2015,4952.73355532178,5672.06372896319
"Iran, Islamic Rep.",IRN,"Middle East, North Africa, Afghanistan & Pakistan",2016,5710.59947089104,4952.73355532178
"Iran, Islamic Rep.",IRN,"Middle East, North Africa, Afghanistan & Pakistan",2017,6000.93346404409,5710.59947089104
"Iran, Islamic Rep.",IRN,"Middle East, North Africa, Afghanistan & Pakistan",2018,4783.01067340237,6000.93346404409
"Iran, Islamic Rep.",IRN,"Middle East, North Africa, Afghanistan & Pakistan",2019,3997.4935449585,4783.01067340237
"Iran, Islamic Rep.",IRN,"Middle East, North Africa, Afghanistan & Pakistan",2020,3202.50003502169,3997.4935449585
"Iran, Islamic Rep.",IRN,"Middle East, North Africa, Afghanistan & Pakistan",2021,4605.14881318992,3202.50003502169
"Iran, Islamic Rep.",IRN,"Middle East, North Africa, Afghanistan & Pakistan",2022,4721.20437099984,4605.14881318992
"Iran, Islamic Rep.",IRN,"Middle East, North Africa, Afghanistan & Pakistan",2023,5049.29931642754,4721.20437099984
"Iran, Islamic Rep.",IRN,"Middle East, North Africa, Afghanistan & Pakistan",2024,5190.16959024821,5049.29931642754
Iraq,IRQ,"Middle East, North Africa, Afghanistan & Pakistan",1970,337.042912609442,319.860143218706
Iraq,IRQ,"Middle East, North Africa, Afghanistan & Pakistan",1971,383.550287036941,337.042912609442
Iraq,IRQ,"Middle East, North Africa, Afghanistan & Pakistan",1972,394.41834302923,383.550287036941
Iraq,IRQ,"Middle East, North Africa, Afghanistan & Pakistan",1973,475.586335675674,394.41834302923
Iraq,IRQ,"Middle East, North Africa, Afghanistan & Pakistan",1974,1031.25081332691,475.586335675674
Iraq,IRQ,"Middle East, North Africa, Afghanistan & Pakistan",1975,1165.88163945653,1031.25081332691
Iraq,IRQ,"Middle East, North Africa, Afghanistan & Pakistan",1976,1488.54335200482,1165.88163945653
Iraq,IRQ,"Middle East, North Africa, Afghanistan & Pakistan",1977,1608.79545129648,1488.54335200482
Iraq,IRQ,"Middle East, North Africa, Afghanistan & Pakistan",1978,1863.21761229727,1608.79545129648
Iraq,IRQ,"Middle East, North Africa, Afghanistan & Pakistan",1979,2871.32952195974,1863.21761229727
Iraq,IRQ,"Middle East, North Africa, Afghanistan & Pakistan",1980,3867.64500744262,2871.32952195974
Iraq,IRQ,"Middle East, North Africa, Afghanistan & Pakistan",1981,2700.41204790874,3867.64500744262
Iraq,IRQ,"Middle East, North Africa, Afghanistan & Pakistan",1982,2941.9748125381,2700.41204790874
Iraq,IRQ,"Middle East, North Africa, Afghanistan & Pakistan",1983,2743.35449218755,2941.9748125381
Iraq,IRQ,"Middle East, North Africa, Afghanistan & Pakistan",1984,3065.7178266236,2743.35449218755
Iraq,IRQ,"Middle East, North Africa, Afghanistan & Pakistan",1985,3087.66394151806,3065.7178266236
Iraq,IRQ,"Middle East, North Africa, Afghanistan & Pakistan",1986,2940.40623181091,3087.66394151806
Iraq,IRQ,"Middle East, North Africa, Afghanistan & Pakistan",1987,3436.4763126353,2940.40623181091
Iraq,IRQ,"Middle East, North Africa, Afghanistan & Pakistan",1988,3707.20841763297,3436.4763126353
Iraq,IRQ,"Middle East, North Africa, Afghanistan & Pakistan",1989,3791.17027583399,3707.20841763297
Iraq,IRQ,"Middle East, North Africa, Afghanistan & Pakistan",1990,10261.4157706888,3791.17027583399
Iraq,IRQ,"Middle East, North Africa, Afghanistan & Pakistan",1991,22.9521327615352,10261.4157706888
Iraq,IRQ,"Middle East, North Africa, Afghanistan & Pakistan",1992,30.2539012636825,22.9521327615352
Iraq,IRQ,"Middle East, North Africa, Afghanistan & Pakistan",1993,53.7437842348819,30.2539012636825
Iraq,IRQ,"Middle East, North Africa, Afghanistan & Pakistan",1994,198.182101881974,53.7437842348819
Iraq,IRQ,"Middle East, North Africa, Afghanistan & Pakistan",1995,619.135530927038,198.182101881974
Iraq,IRQ,"Middle East, North Africa, Afghanistan & Pakistan",1996,485.258492784825,619.135530927038
Iraq,IRQ,"Middle East, North Africa, Afghanistan & Pakistan",1997,936.341170908421,485.258492784825
Iraq,IRQ,"Middle East, North Africa, Afghanistan & Pakistan",1998,900.937142559106,936.341170908421
Iraq,IRQ,"Middle East, North Africa, Afghanistan & Pakistan",1999,1560.36466710272,900.937142559106
Iraq,IRQ,"Middle East, North Africa, Afghanistan & Pakistan",2000,1980.18916038782,1560.36466710272
Iraq,IRQ,"Middle East, North Africa, Afghanistan & Pakistan",2001,1435.695683789,1980.18916038782
Iraq,IRQ,"Middle East, North Africa, Afghanistan & Pakistan",2002,1266.15961275094,1435.695683789
Iraq,IRQ,"Middle East, North Africa, Afghanistan & Pakistan",2003,817.887862499622,1266.15961275094
Iraq,IRQ,"Middle East, North Africa, Afghanistan & Pakistan",2004,1328.37157628292,817.887862499622
Iraq,IRQ,"Middle East, North Africa, Afghanistan & Pakistan",2005,1762.39360423421,1328.37157628292
Iraq,IRQ,"Middle East, North Africa, Afghanistan & Pakistan",2006,2276.55435744086,1762.39360423421
Iraq,IRQ,"Middle East, North Africa, Afghanistan & Pakistan",2007,3128.99010329066,2276.55435744086
Iraq,IRQ,"Middle East, North Africa, Afghanistan & Pakistan",2008,4542.96609046032,3128.99010329066
Iraq,IRQ,"Middle East, North Africa, Afghanistan & Pakistan",2009,3714.71205987194,4542.96609046032
Iraq,IRQ,"Middle East, North Africa, Afghanistan & Pakistan",2010,4461.75196161555,3714.71205987194
Iraq,IRQ,"Middle East, North Africa, Afghanistan & Pakistan",2011,5775.54229080293,4461.75196161555
Iraq,IRQ,"Middle East, North Africa, Afghanistan & Pakistan",2012,6477.59618450955,5775.54229080293
Iraq,IRQ,"Middle East, North Africa, Afghanistan & Pakistan",2013,6650.35282247395,6477.59618450955
Iraq,IRQ,"Middle East, North Africa, Afghanistan & Pakistan",2014,6249.39226978969,6650.35282247395
Iraq,IRQ,"Middle East, North Africa, Afghanistan & Pakistan",2015,4440.14189252367,6249.39226978969
Iraq,IRQ,"Middle East, North Africa, Afghanistan & Pakistan",2016,4334.42096404188,4440.14189252367
Iraq,IRQ,"Middle East, North Africa, Afghanistan & Pakistan",2017,4759.2846435467,4334.42096404188
Iraq,IRQ,"Middle East, North Africa, Afghanistan & Pakistan",2018,5646.68932074742,4759.2846435467
Iraq,IRQ,"Middle East, North Africa, Afghanistan & Pakistan",2019,5671.8568632942,5646.68932074742
Iraq,IRQ,"Middle East, North Africa, Afghanistan & Pakistan",2020,4295.18945121228,5671.8568632942
Iraq,IRQ,"Middle East, North Africa, Afghanistan & Pakistan",2021,4868.49431080783,4295.18945121228
Iraq,IRQ,"Middle East, North Africa, Afghanistan & Pakistan",2022,6520.73154560584,4868.49431080783
Iraq,IRQ,"Middle East, North Africa, Afghanistan & Pakistan",2023,5965.31835077761,6520.73154560584
Iraq,IRQ,"Middle East, North Africa, Afghanistan & Pakistan",2024,6073.61032342708,5965.31835077761
Iceland,ISL,Europe & Central Asia,1970,2666.41186614479,2142.21248048432
Iceland,ISL,Europe & Central Asia,1971,3365.77524019906,2666.41186614479
Iceland,ISL,Europe & Central Asia,1972,4155.18509800672,3365.77524019906
Iceland,ISL,Europe & Central Asia,1973,5627.40706667636,4155.18509800672
Iceland,ISL,Europe & Central Asia,1974,7286.65658517311,5627.40706667636
Iceland,ISL,Europe & Central Asia,1975,6679.78429144579,7286.65658517311
Iceland,ISL,Europe & Central Asia,1976,7848.3489698757,6679.78429144579
Iceland,ISL,Europe & Central Asia,1977,10305.3113349502,7848.3489698757
Iceland,ISL,Europe & Central Asia,1978,11629.5158682259,10305.3113349502
Iceland,ISL,Europe & Central Asia,1979,13082.4948327554,11629.5158682259
Iceland,ISL,Europe & Central Asia,1980,15339.9112964156,13082.4948327554
Iceland,ISL,Europe & Central Asia,1981,15666.3769807272,15339.9112964156
Iceland,ISL,Europe & Central Asia,1982,14191.030215493,15666.3769807272
Iceland,ISL,Europe & Central Asia,1983,12079.7974639769,14191.030215493
Iceland,ISL,Europe & Central Asia,1984,12377.5860216394,12079.7974639769
Iceland,ISL,Europe & Central Asia,1985,12793.2725790514,12377.5860216394
Iceland,ISL,Europe & Central Asia,1986,16979.5217287811,12793.2725790514
Iceland,ISL,Europe & Central Asia,1987,23238.0398336304,16979.5217287811
Iceland,ISL,Europe & Central Asia,1988,25306.6926061001,23238.0398336304
Iceland,ISL,Europe & Central Asia,1989,23218.5398304599,25306.6926061001
Iceland,ISL,Europe & Central Asia,1990,26272.2452156659,23218.5398304599
Iceland,ISL,Europe & Central Asia,1991,27739.8886025504,26272.2452156659
Iceland,ISL,Europe & Central Asia,1992,28072.4041083276,27739.8886025504
Iceland,ISL,Europe & Central Asia,1993,24404.0275812365,28072.4041083276
Iceland,ISL,Europe & Central Asia,1994,24858.2031335605,24404.0275812365
Iceland,ISL,Europe & Central Asia,1995,27564.569102386,24858.2031335605
Iceland,ISL,Europe & Central Asia,1996,28583.5208959793,27564.569102386
Iceland,ISL,Europe & Central Asia,1997,28461.7664095122,28583.5208959793
Iceland,ISL,Europe & Central Asia,1998,31519.1647473126,28461.7664095122
Iceland,ISL,Europe & Central Asia,1999,32834.4215745364,31519.1647473126
Iceland,ISL,Europe & Central Asia,2000,32503.578963236,32834.4215745364
Iceland,ISL,Europe & Central Asia,2001,29208.1981853568,32503.578963236
Iceland,ISL,Europe & Central Asia,2002,32749.379004627,29208.1981853568
Iceland,ISL,Europe & Central Asia,2003,39944.2104095591,32749.379004627
Iceland,ISL,Europe & Central Asia,2004,47809.6073050042,39944.2104095591
Iceland,ISL,Europe & Central Asia,2005,57783.7745608117,47809.6073050042
Iceland,ISL,Europe & Central Asia,2006,58172.1426656622,57783.7745608117
Iceland,ISL,Europe & Central Asia,2007,70483.0117228535,58172.1426656622
Iceland,ISL,Europe & Central Asia,2008,57489.3399795216,70483.0117228535
Iceland,ISL,Europe & Central Asia,2009,41483.7843682814,57489.3399795216
Iceland,ISL,Europe & Central Asia,2010,43776.4677400475,41483.7843682814
Iceland,ISL,Europe & Central Asia,2011,48254.953927254,43776.4677400475
Iceland,ISL,Europe & Central Asia,2012,46594.9869146614,48254.953927254
Iceland,ISL,Europe & Central Asia,2013,50173.3360061057,46594.9869146614
Iceland,ISL,Europe & Central Asia,2014,55140.364935793,50173.3360061057
Iceland,ISL,Europe & Central Asia,2015,53505.6964079339,55140.364935793
Iceland,ISL,Europe & Central Asia,2016,62854.0906407932,53505.6964079339
Iceland,ISL,Europe & Central Asia,2017,72976.3729990975,62854.0906407932
Iceland,ISL,Europe & Central Asia,2018,75633.8651351915,72976.3729990975
Iceland,ISL,Europe & Central Asia,2019,69296.3144361601,75633.8651351915
Iceland,ISL,Europe & Central Asia,2020,60127.9393575616,69296.3144361601
Iceland,ISL,Europe & Central Asia,2021,70425.4064277273,60127.9393575616
Iceland,ISL,Europe & Central Asia,2022,76350.4550416502,70425.4064277273
Iceland,ISL,Europe & Central Asia,2023,82138.7892973557,76350.4550416502
Iceland,ISL,Europe & Central Asia,2024,86040.5309851288,82138.7892973557
Israel,ISR,"Middle East, North Africa, Afghanistan & Pakistan",1970,2490.48852601991,2189.03467540307
Israel,ISR,"Middle East, North Africa, Afghanistan & Pakistan",1971,2297.99413492783,2490.48852601991
Israel,ISR,"Middle East, North Africa, Afghanistan & Pakistan",1972,2929.65614313336,2297.99413492783
Israel,ISR,"Middle East, North Africa, Afghanistan & Pakistan",1973,3631.04766898453,2929.65614313336
Israel,ISR,"Middle East, North Africa, Afghanistan & Pakistan",1974,5085.16646080013,3631.04766898453
Israel,ISR,"Middle East, North Africa, Afghanistan & Pakistan",1975,4672.00213414932,5085.16646080013
Israel,ISR,"Middle East, North Africa, Afghanistan & Pakistan",1976,4516.37405887818,4672.00213414932
Israel,ISR,"Middle East, North Africa, Afghanistan & Pakistan",1977,5053.17295993573,4516.37405887818
Israel,ISR,"Middle East, North Africa, Afghanistan & Pakistan",1978,4797.09672278828,5053.17295993573
Israel,ISR,"Middle East, North Africa, Afghanistan & Pakistan",1979,5971.93371892207,4797.09672278828
Israel,ISR,"Middle East, North Africa, Afghanistan & Pakistan",1980,6548.54473377969,5971.93371892207
Israel,ISR,"Middle East, North Africa, Afghanistan & Pakistan",1981,6795.25020711467,6548.54473377969
Israel,ISR,"Middle East, North Africa, Afghanistan & Pakistan",1982,7257.57514298241,6795.25020711467
Israel,ISR,"Middle East, North Africa, Afghanistan & Pakistan",1983,7959.98915032557,7257.57514298241
Israel,ISR,"Middle East, North Africa, Afghanistan & Pakistan",1984,7368.50379730819,7959.98915032557
Israel,ISR,"Middle East, North Africa, Afghanistan & Pakistan",1985,6828.66439090667,7368.50379730819
Israel,ISR,"Middle East, North Africa, Afghanistan & Pakistan",1986,8335.46286893748,6828.66439090667
Israel,ISR,"Middle East, North Africa, Afghanistan & Pakistan",1987,9853.40893452981,8335.46286893748
Israel,ISR,"Middle East, North Africa, Afghanistan & Pakistan",1988,11852.9826452892,9853.40893452981
Israel,ISR,"Middle East, North Africa, Afghanistan & Pakistan",1989,11607.6758419907,11852.9826452892
Israel,ISR,"Middle East, North Africa, Afghanistan & Pakistan",1990,13308.311060238,11607.6758419907
Israel,ISR,"Middle East, North Africa, Afghanistan & Pakistan",1991,14346.0810278646,13308.311060238
Israel,ISR,"Middle East, North Africa, Afghanistan & Pakistan",1992,15509.9913638817,14346.0810278646
Israel,ISR,"Middle East, North Africa, Afghanistan & Pakistan",1993,15178.8399875391,15509.9913638817
Israel,ISR,"Middle East, North Africa, Afghanistan & Pakistan",1994,16806.8353081322,15178.8399875391
Israel,ISR,"Middle East, North Africa, Afghanistan & Pakistan",1995,19025.6840502517,16806.8353081322
Israel,ISR,"Middle East, North Africa, Afghanistan & Pakistan",1996,20224.2789080629,19025.6840502517
Israel,ISR,"Middle East, North Africa, Afghanistan & Pakistan",1997,20469.4699017497,20224.2789080629
Israel,ISR,"Middle East, North Africa, Afghanistan & Pakistan",1998,20188.8141481667,20469.4699017497
Israel,ISR,"Middle East, North Africa, Afghanistan & Pakistan",1999,19823.2138876277,20188.8141481667
Israel,ISR,"Middle East, North Africa, Afghanistan & Pakistan",2000,21706.5194056329,19823.2138876277
Israel,ISR,"Middle East, North Africa, Afghanistan & Pakistan",2001,20966.3052667971,21706.5194056329
Israel,ISR,"Middle East, North Africa, Afghanistan & Pakistan",2002,19076.4584298321,20966.3052667971
Israel,ISR,"Middle East, North Africa, Afghanistan & Pakistan",2003,19643.4690380742,19076.4584298321
Israel,ISR,"Middle East, North Africa, Afghanistan & Pakistan",2004,20568.0694088834,19643.4690380742
Israel,ISR,"Middle East, North Africa, Afghanistan & Pakistan",2005,21286.8388636595,20568.0694088834
Israel,ISR,"Middle East, North Africa, Afghanistan & Pakistan",2006,22527.2619795719,21286.8388636595
Israel,ISR,"Middle East, North Africa, Afghanistan & Pakistan",2007,25721.2594077311,22527.2619795719
Israel,ISR,"Middle East, North Africa, Afghanistan & Pakistan",2008,30269.217773489,25721.2594077311
Israel,ISR,"Middle East, North Africa, Afghanistan & Pakistan",2009,28508.4938886475,30269.217773489
Israel,ISR,"Middle East, North Africa, Afghanistan & Pakistan",2010,31439.0887027614,28508.4938886475
Israel,ISR,"Middle East, North Africa, Afghanistan & Pakistan",2011,34522.5215979073,31439.0887027614
Israel,ISR,"Middle East, North Africa, Afghanistan & Pakistan",2012,33321.4300881602,34522.5215979073
Israel,ISR,"Middle East, North Africa, Afghanistan & Pakistan",2013,37034.3161080785,33321.4300881602
Israel,ISR,"Middle East, North Africa, Afghanistan & Pakistan",2014,38343.3046626235,37034.3161080785
Israel,ISR,"Middle East, North Africa, Afghanistan & Pakistan",2015,36213.1041481958,38343.3046626235
Israel,ISR,"Middle East, North Africa, Afghanistan & Pakistan",2016,37671.5389138798,36213.1041481958
Israel,ISR,"Middle East, North Africa, Afghanistan & Pakistan",2017,41138.470964272,37671.5389138798
Israel,ISR,"Middle East, North Africa, Afghanistan & Pakistan",2018,42362.6652754196,41138.470964272
Israel,ISR,"Middle East, North Africa, Afghanistan & Pakistan",2019,44250.6313628073,42362.6652754196
Israel,ISR,"Middle East, North Africa, Afghanistan & Pakistan",2020,44575.5719045492,44250.6313628073
Israel,ISR,"Middle East, North Africa, Afghanistan & Pakistan",2021,52270.9040241956,44575.5719045492
Israel,ISR,"Middle East, North Africa, Afghanistan & Pakistan",2022,54949.621556429,52270.9040241956
Israel,ISR,"Middle East, North Africa, Afghanistan & Pakistan",2023,52003.7200729997,54949.621556429
Israel,ISR,"Middle East, North Africa, Afghanistan & Pakistan",2024,54176.6844383302,52003.7200729997
Italy,ITA,Europe & Central Asia,1970,2111.71986404332,1886.45002730465
Italy,ITA,Europe & Central Asia,1971,2310.92376058816,2111.71986404332
Italy,ITA,Europe & Central Asia,1972,2677.29372999774,2310.92376058816
Italy,ITA,Europe & Central Asia,1973,3212.63949627574,2677.29372999774
Italy,ITA,Europe & Central Asia,1974,3629.49182319594,3212.63949627574
Italy,ITA,Europe & Central Asia,1975,4116.45964933054,3629.49182319594
Italy,ITA,Europe & Central Asia,1976,4042.39482463789,4116.45964933054
Italy,ITA,Europe & Central Asia,1977,4614.21004931651,4042.39482463789
Italy,ITA,Europe & Central Asia,1978,5623.42917622719,4614.21004931651
Italy,ITA,Europe & Central Asia,1979,7006.39699054556,5623.42917622719
Italy,ITA,Europe & Central Asia,1980,8476.41045000836,7006.39699054556
Italy,ITA,Europe & Central Asia,1981,7640.40241250516,8476.41045000836
Italy,ITA,Europe & Central Asia,1982,7573.93967597775,7640.40241250516
Italy,ITA,Europe & Central Asia,1983,7850.62789042275,7573.93967597775
Italy,ITA,Europe & Central Asia,1984,7757.55374836822,7850.62789042275
Italy,ITA,Europe & Central Asia,1985,8009.10347642127,7757.55374836822
Italy,ITA,Europe & Central Asia,1986,11341.0939892903,8009.10347642127
Italy,ITA,Europe & Central Asia,1987,14267.5368168757,11341.0939892903
Italy,ITA,Europe & Central Asia,1988,15780.9495122174,14267.5368168757
Italy,ITA,Europe & Central Asia,1989,16424.4301587005,15780.9495122174
Italy,ITA,Europe & Central Asia,1990,20873.7834092719,16424.4301587005
Italy,ITA,Europe & Central Asia,1991,22007.1350964074,20873.7834092719
Italy,ITA,Europe & Central Asia,1992,23297.0460325456,22007.1350964074
Italy,ITA,Europe & Central Asia,1993,18781.9529427137,23297.0460325456
Italy,ITA,Europe & Central Asia,1994,19382.2002150155,18781.9529427137
Italy,ITA,Europe & Central Asia,1995,20712.1798690324,19382.2002150155
Italy,ITA,Europe & Central Asia,1996,23122.9337219116,20712.1798690324
Italy,ITA,Europe & Central Asia,1997,21883.9872666651,23122.9337219116
Italy,ITA,Europe & Central Asia,1998,22365.1837644545,21883.9872666651
Italy,ITA,Europe & Central Asia,1999,22049.9990620261,22365.1837644545
Italy,ITA,Europe & Central Asia,2000,20190.0035636084,22049.9990620261
Italy,ITA,Europe & Central Asia,2001,20570.4385917862,20190.0035636084
Italy,ITA,Europe & Central Asia,2002,22451.3964379368,20570.4385917862
Italy,ITA,Europe & Central Asia,2003,27577.5700319855,22451.3964379368
Italy,ITA,Europe & Central Asia,2004,31348.1901841445,27577.5700319855
Italy,ITA,Europe & Central Asia,2005,32062.723833669,31348.1901841445
Italy,ITA,Europe & Central Asia,2006,33537.1286994269,32062.723833669
Italy,ITA,Europe & Central Asia,2007,37826.1754554823,33537.1286994269
Italy,ITA,Europe & Central Asia,2008,40828.5795580937,37826.1754554823
Italy,ITA,Europe & Central Asia,2009,37099.6133958219,40828.5795580937
Italy,ITA,Europe & Central Asia,2010,35856.8625485539,37099.6133958219
Italy,ITA,Europe & Central Asia,2011,38432.3742820019,35856.8625485539
Italy,ITA,Europe & Central Asia,2012,34854.3949441965,38432.3742820019
Italy,ITA,Europe & Central Asia,2013,35701.6746002376,34854.3949441965
Italy,ITA,Europe & Central Asia,2014,36028.3494022349,35701.6746002376
Italy,ITA,Europe & Central Asia,2015,30639.8829751432,36028.3494022349
Italy,ITA,Europe & Central Asia,2016,31391.5692898108,30639.8829751432
Italy,ITA,Europe & Central Asia,2017,32844.115660604,31391.5692898108
Italy,ITA,Europe & Central Asia,2018,34904.1081923834,32844.115660604
Italy,ITA,Europe & Central Asia,2019,33812.788724868,34904.1081923834
Italy,ITA,Europe & Central Asia,2020,32091.4866621366,33812.788724868
Italy,ITA,Europe & Central Asia,2021,36852.5425414951,32091.4866621366
Italy,ITA,Europe & Central Asia,2022,35653.9042103495,36852.5425414951
Italy,ITA,Europe & Central Asia,2023,39277.0838783918,35653.9042103495
Italy,ITA,Europe & Central Asia,2024,40385.3413957669,39277.0838783918
Jamaica,JAM,Latin America & Caribbean ,1970,747.909399172491,642.133421058915
Jamaica,JAM,Latin America & Caribbean ,1971,808.866506083755,747.909399172491
Jamaica,JAM,Latin America & Caribbean ,1972,970.802906405502,808.866506083755
Jamaica,JAM,Latin America & Caribbean ,1973,971.802513228502,970.802906405502
Jamaica,JAM,Latin America & Caribbean ,1974,1192.98569350958,971.802513228502
Jamaica,JAM,Latin America & Caribbean ,1975,1416.77546764568,1192.98569350958
Jamaica,JAM,Latin America & Caribbean ,1976,1449.977882067,1416.77546764568
Jamaica,JAM,Latin America & Caribbean ,1977,1569.42127051131,1449.977882067
Jamaica,JAM,Latin America & Caribbean ,1978,1262.40327239465,1569.42127051131
Jamaica,JAM,Latin America & Caribbean ,1979,1144.17562986584,1262.40327239465
Jamaica,JAM,Latin America & Caribbean ,1980,1248.74484727418,1144.17562986584
Jamaica,JAM,Latin America & Caribbean ,1981,1370.41277901541,1248.74484727418
Jamaica,JAM,Latin America & Caribbean ,1982,1494.40208283218,1370.41277901541
Jamaica,JAM,Latin America & Caribbean ,1983,1619.4784563122,1494.40208283218
Jamaica,JAM,Latin America & Caribbean ,1984,1048.13405395534,1619.4784563122
Jamaica,JAM,Latin America & Caribbean ,1985,916.872292838674,1048.13405395534
Jamaica,JAM,Latin America & Caribbean ,1986,1191.34976782142,916.872292838674
Jamaica,JAM,Latin America & Caribbean ,1987,1410.84598702428,1191.34976782142
Jamaica,JAM,Latin America & Caribbean ,1988,1632.01481656159,1410.84598702428
Jamaica,JAM,Latin America & Caribbean ,1989,1864.98497550062,1632.01481656159
Jamaica,JAM,Latin America & Caribbean ,1990,1929.59891905857,1864.98497550062
Jamaica,JAM,Latin America & Caribbean ,1991,1710.30058243722,1929.59891905857
Jamaica,JAM,Latin America & Caribbean ,1992,1458.10146892635,1710.30058243722
Jamaica,JAM,Latin America & Caribbean ,1993,2220.51518327186,1458.10146892635
Jamaica,JAM,Latin America & Caribbean ,1994,2202.85831038471,2220.51518327186
Jamaica,JAM,Latin America & Caribbean ,1995,2630.84935382822,2202.85831038471
Jamaica,JAM,Latin America & Caribbean ,1996,2928.89692611996,2630.84935382822
Jamaica,JAM,Latin America & Caribbean ,1997,3296.91634805083,2928.89692611996
Jamaica,JAM,Latin America & Caribbean ,1998,3419.49352868739,3296.91634805083
Jamaica,JAM,Latin America & Caribbean ,1999,3431.56813468335,3419.49352868739
Jamaica,JAM,Latin America & Caribbean ,2000,3453.09252800226,3431.56813468335
Jamaica,JAM,Latin America & Caribbean ,2001,3503.55026688858,3453.09252800226
Jamaica,JAM,Latin America & Caribbean ,2002,3680.64551727724,3503.55026688858
Jamaica,JAM,Latin America & Caribbean ,2003,3549.70758394618,3680.64551727724
Jamaica,JAM,Latin America & Caribbean ,2004,3807.56293124552,3549.70758394618
Jamaica,JAM,Latin America & Caribbean ,2005,4184.43974867497,3807.56293124552
Jamaica,JAM,Latin America & Caribbean ,2006,4417.00127135363,4184.43974867497
Jamaica,JAM,Latin America & Caribbean ,2007,4716.48612542727,4417.00127135363
Jamaica,JAM,Latin America & Caribbean ,2008,5029.80095281745,4716.48612542727
Jamaica,JAM,Latin America & Caribbean ,2009,4428.38153333557,5029.80095281745
Jamaica,JAM,Latin America & Caribbean ,2010,4809.977380312,4428.38153333557
Jamaica,JAM,Latin America & Caribbean ,2011,5232.63644918132,4809.977380312
Jamaica,JAM,Latin America & Caribbean ,2012,5340.83333232158,5232.63644918132
Jamaica,JAM,Latin America & Caribbean ,2013,5124.21301411137,5340.83333232158
Jamaica,JAM,Latin America & Caribbean ,2014,4975.11325459872,5124.21301411137
Jamaica,JAM,Latin America & Caribbean ,2015,5339.30718256806,4975.11325459872
Jamaica,JAM,Latin America & Caribbean ,2016,5302.29553353854,5339.30718256806
Jamaica,JAM,Latin America & Caribbean ,2017,5605.43541173019,5302.29553353854
Jamaica,JAM,Latin America & Caribbean ,2018,5976.90362644337,5605.43541173019
Jamaica,JAM,Latin America & Caribbean ,2019,6030.68896415921,5976.90362644337
Jamaica,JAM,Latin America & Caribbean ,2020,5299.04530804283,6030.68896415921
Jamaica,JAM,Latin America & Caribbean ,2021,5625.67806271236,5299.04530804283
Jamaica,JAM,Latin America & Caribbean ,2022,6626.47502388538,5625.67806271236
Jamaica,JAM,Latin America & Caribbean ,2023,7542.40084275345,6626.47502388538
Jamaica,JAM,Latin America & Caribbean ,2024,7753.8006955432,7542.40084275345
Jordan,JOR,"Middle East, North Africa, Afghanistan & Pakistan",1975,717.7640972871,651.095948462669
Jordan,JOR,"Middle East, North Africa, Afghanistan & Pakistan",1976,872.506019353732,717.7640972871
Jordan,JOR,"Middle East, North Africa, Afghanistan & Pakistan",1977,1038.52230070493,872.506019353732
Jordan,JOR,"Middle East, North Africa, Afghanistan & Pakistan",1978,1248.90326044987,1038.52230070493
Jordan,JOR,"Middle East, North Africa, Afghanistan & Pakistan",1979,1518.82451343828,1248.90326044987
Jordan,JOR,"Middle East, North Africa, Afghanistan & Pakistan",1980,1750.09801076564,1518.82451343828
Jordan,JOR,"Middle East, North Africa, Afghanistan & Pakistan",1981,1885.14842198943,1750.09801076564
Jordan,JOR,"Middle East, North Africa, Afghanistan & Pakistan",1982,1928.87589643338,1885.14842198943
Jordan,JOR,"Middle East, North Africa, Afghanistan & Pakistan",1983,1939.33654498872,1928.87589643338
Jordan,JOR,"Middle East, North Africa, Afghanistan & Pakistan",1984,1871.09074979987,1939.33654498872
Jordan,JOR,"Middle East, North Africa, Afghanistan & Pakistan",1985,1797.02877146361,1871.09074979987
Jordan,JOR,"Middle East, North Africa, Afghanistan & Pakistan",1986,2200.10278230881,1797.02877146361
Jordan,JOR,"Middle East, North Africa, Afghanistan & Pakistan",1987,2216.87045179385,2200.10278230881
Jordan,JOR,"Middle East, North Africa, Afghanistan & Pakistan",1988,1965.98031813995,2216.87045179385
Jordan,JOR,"Middle East, North Africa, Afghanistan & Pakistan",1989,1260.2518650001,1965.98031813995
Jordan,JOR,"Middle East, North Africa, Afghanistan & Pakistan",1990,1148.59005469899,1260.2518650001
Jordan,JOR,"Middle East, North Africa, Afghanistan & Pakistan",1991,1109.65564611997,1148.59005469899
Jordan,JOR,"Middle East, North Africa, Afghanistan & Pakistan",1992,1286.6347360596,1109.65564611997
Jordan,JOR,"Middle East, North Africa, Afghanistan & Pakistan",1993,1289.4145431007,1286.6347360596
Jordan,JOR,"Middle East, North Africa, Afghanistan & Pakistan",1994,1367.18721776691,1289.4145431007
Jordan,JOR,"Middle East, North Africa, Afghanistan & Pakistan",1995,1415.71151592128,1367.18721776691
Jordan,JOR,"Middle East, North Africa, Afghanistan & Pakistan",1996,1410.17424189419,1415.71151592128
Jordan,JOR,"Middle East, North Africa, Afghanistan & Pakistan",1997,1435.87593846863,1410.17424189419
Jordan,JOR,"Middle East, North Africa, Afghanistan & Pakistan",1998,1532.11380395602,1435.87593846863
Jordan,JOR,"Middle East, North Africa, Afghanistan & Pakistan",1999,1544.58750592979,1532.11380395602
Jordan,JOR,"Middle East, North Africa, Afghanistan & Pakistan",2000,1570.61002940477,1544.58750592979
Jordan,JOR,"Middle East, North Africa, Afghanistan & Pakistan",2001,1632.29454010563,1570.61002940477
Jordan,JOR,"Middle East, North Africa, Afghanistan & Pakistan",2002,1706.26744384401,1632.29454010563
Jordan,JOR,"Middle East, North Africa, Afghanistan & Pakistan",2003,1775.67625581432,1706.26744384401
Jordan,JOR,"Middle East, North Africa, Afghanistan & Pakistan",2004,1940.08641342805,1775.67625581432
Jordan,JOR,"Middle East, North Africa, Afghanistan & Pakistan",2005,2087.87079273635,1940.08641342805
Jordan,JOR,"Middle East, North Africa, Afghanistan & Pakistan",2006,2342.63459574933,2087.87079273635
Jordan,JOR,"Middle East, North Africa, Afghanistan & Pakistan",2007,2506.20599484139,2342.63459574933
Jordan,JOR,"Middle East, North Africa, Afghanistan & Pakistan",2008,3241.6524135556,2506.20599484139
Jordan,JOR,"Middle East, North Africa, Afghanistan & Pakistan",2009,3435.8337590698,3241.6524135556
Jordan,JOR,"Middle East, North Africa, Afghanistan & Pakistan",2010,3718.46571622945,3435.8337590698
Jordan,JOR,"Middle East, North Africa, Afghanistan & Pakistan",2011,3946.85503855525,3718.46571622945
Jordan,JOR,"Middle East, North Africa, Afghanistan & Pakistan",2012,4169.50470054618,3946.85503855525
Jordan,JOR,"Middle East, North Africa, Afghanistan & Pakistan",2013,4311.21916713038,4169.50470054618
Jordan,JOR,"Middle East, North Africa, Afghanistan & Pakistan",2014,4191.18050084986,4311.21916713038
Jordan,JOR,"Middle East, North Africa, Afghanistan & Pakistan",2015,4042.75678097555,4191.18050084986
Jordan,JOR,"Middle East, North Africa, Afghanistan & Pakistan",2016,3986.71677010853,4042.75678097555
Jordan,JOR,"Middle East, North Africa, Afghanistan & Pakistan",2017,4065.61628749384,3986.71677010853
Jordan,JOR,"Middle East, North Africa, Afghanistan & Pakistan",2018,4145.43989673265,4065.61628749384
Jordan,JOR,"Middle East, North Africa, Afghanistan & Pakistan",2019,4170.1144003465,4145.43989673265
Jordan,JOR,"Middle East, North Africa, Afghanistan & Pakistan",2020,4022.0401356135,4170.1144003465
Jordan,JOR,"Middle East, North Africa, Afghanistan & Pakistan",2021,4183.49998326866,4022.0401356135
Jordan,JOR,"Middle East, North Africa, Afghanistan & Pakistan",2022,4332.25159897931,4183.49998326866
Jordan,JOR,"Middle East, North Africa, Afghanistan & Pakistan",2023,4466.08314208575,4332.25159897931
Jordan,JOR,"Middle East, North Africa, Afghanistan & Pakistan",2024,4618.09592498567,4466.08314208575
Japan,JPN,East Asia & Pacific,1970,2100.74807036009,1802.98028061972
Japan,JPN,East Asia & Pacific,1971,2321.39092521418,2100.74807036009
Japan,JPN,East Asia & Pacific,1972,3031.43860570759,2321.39092521418
Japan,JPN,East Asia & Pacific,1973,4061.0133895326,3031.43860570759
Japan,JPN,East Asia & Pacific,1974,4448.31965623627,4061.0133895326
Japan,JPN,East Asia & Pacific,1975,4775.89953559305,4448.31965623627
Japan,JPN,East Asia & Pacific,1976,5310.43140904992,4775.89953559305
Japan,JPN,East Asia & Pacific,1977,6472.7877874079,5310.43140904992
Japan,JPN,East Asia & Pacific,1978,9012.13603523182,6472.7877874079
Japan,JPN,East Asia & Pacific,1979,9301.14831026293,9012.13603523182
Japan,JPN,East Asia & Pacific,1980,9668.74626395709,9301.14831026293
Japan,JPN,East Asia & Pacific,1981,10583.1278908402,9668.74626395709
Japan,JPN,East Asia & Pacific,1982,9779.97490636267,10583.1278908402
Japan,JPN,East Asia & Pacific,1983,10652.0147161768,9779.97490636267
Japan,JPN,East Asia & Pacific,1984,11207.4523524293,10652.0147161768
Japan,JPN,East Asia & Pacific,1985,11809.4603450715,11207.4523524293
Japan,JPN,East Asia & Pacific,1986,17451.8349394142,11809.4603450715
Japan,JPN,East Asia & Pacific,1987,21141.7183951789,17451.8349394142
Japan,JPN,East Asia & Pacific,1988,25499.8811728107,21141.7183951789
Japan,JPN,East Asia & Pacific,1989,25265.9487590208,25499.8811728107
Japan,JPN,East Asia & Pacific,1990,25801.3950393094,25265.9487590208
Japan,JPN,East Asia & Pacific,1991,29428.4289039469,25801.3950393094
Japan,JPN,East Asia & Pacific,1992,31992.7902119161,29428.4289039469
Japan,JPN,East Asia & Pacific,1993,36345.2441262708,31992.7902119161
Japan,JPN,East Asia & Pacific,1994,39933.5150564874,36345.2441262708
Japan,JPN,East Asia & Pacific,1995,44197.6191013908,39933.5150564874
Japan,JPN,East Asia & Pacific,1996,39150.0396308089,44197.6191013908
Japan,JPN,East Asia & Pacific,1997,35638.2319556941,39150.0396308089
Japan,JPN,East Asia & Pacific,1998,32423.7556133801,35638.2319556941
Japan,JPN,East Asia & Pacific,1999,36610.1683163197,32423.7556133801
Japan,JPN,East Asia & Pacific,2000,39169.3595701504,36610.1683163197
Japan,JPN,East Asia & Pacific,2001,34406.1824638092,39169.3595701504
Japan,JPN,East Asia & Pacific,2002,32820.7936433254,34406.1824638092
Japan,JPN,East Asia & Pacific,2003,35387.0374203599,32820.7936433254
Japan,JPN,East Asia & Pacific,2004,38298.9801712303,35387.0374203599
Japan,JPN,East Asia & Pacific,2005,37812.8950199948,38298.9801712303
Japan,JPN,East Asia & Pacific,2006,35991.546002862,37812.8950199948
Japan,JPN,East Asia & Pacific,2007,35779.0245416427,35991.546002862
Japan,JPN,East Asia & Pacific,2008,39876.3039685725,35779.0245416427
Japan,JPN,East Asia & Pacific,2009,41308.9968370512,39876.3039685725
Japan,JPN,East Asia & Pacific,2010,44968.1562349739,41308.9968370512
Japan,JPN,East Asia & Pacific,2011,48760.0789494211,44968.1562349739
Japan,JPN,East Asia & Pacific,2012,49145.2804308193,48760.0789494211
Japan,JPN,East Asia & Pacific,2013,40898.6478964744,49145.2804308193
Japan,JPN,East Asia & Pacific,2014,38475.3952461838,40898.6478964744
Japan,JPN,East Asia & Pacific,2015,34960.6393843385,38475.3952461838
Japan,JPN,East Asia & Pacific,2016,39375.4731620781,34960.6393843385
Japan,JPN,East Asia & Pacific,2017,38834.0529341227,39375.4731620781
Japan,JPN,East Asia & Pacific,2018,39751.1330982711,38834.0529341227
Japan,JPN,East Asia & Pacific,2019,40415.9567649547,39751.1330982711
Japan,JPN,East Asia & Pacific,2020,40028.7341726762,40415.9567649547
Japan,JPN,East Asia & Pacific,2021,40094.5599795288,40028.7341726762
Japan,JPN,East Asia & Pacific,2022,34065.6438962526,40094.5599795288
Japan,JPN,East Asia & Pacific,2023,33836.1756271617,34065.6438962526
Japan,JPN,East Asia & Pacific,2024,32487.0778047567,33836.1756271617
Kazakhstan,KAZ,Europe & Central Asia,2000,1180.0444563226,1091.54727722159
Kazakhstan,KAZ,Europe & Central Asia,2001,1422.27331810957,1180.0444563226
Kazakhstan,KAZ,Europe & Central Asia,2002,1573.55219932325,1422.27331810957
Kazakhstan,KAZ,Europe & Central Asia,2003,1958.02050246511,1573.55219932325
Kazakhstan,KAZ,Europe & Central Asia,2004,2722.47407755402,1958.02050246511
Kazakhstan,KAZ,Europe & Central Asia,2005,3577.35804001782,2722.47407755402
Kazakhstan,KAZ,Europe & Central Asia,2006,5030.13494711519,3577.35804001782
Kazakhstan,KAZ,Europe & Central Asia,2007,6449.43931096532,5030.13494711519
Kazakhstan,KAZ,Europe & Central Asia,2008,8123.54705891736,6449.43931096532
Kazakhstan,KAZ,Europe & Central Asia,2009,6938.01175663001,8123.54705891736
Kazakhstan,KAZ,Europe & Central Asia,2010,8793.07589980782,6938.01175663001
Kazakhstan,KAZ,Europe & Central Asia,2011,11287.1464926039,8793.07589980782
Kazakhstan,KAZ,Europe & Central Asia,2012,12018.7966527993,11287.1464926039
Kazakhstan,KAZ,Europe & Central Asia,2013,13478.459627612,12018.7966527993
Kazakhstan,KAZ,Europe & Central Asia,2014,12427.7094576939,13478.459627612
Kazakhstan,KAZ,Europe & Central Asia,2015,10196.1226255982,12427.7094576939
Kazakhstan,KAZ,Europe & Central Asia,2016,7475.56688689424,10196.1226255982
Kazakhstan,KAZ,Europe & Central Asia,2017,8943.08416791984,7475.56688689424
Kazakhstan,KAZ,Europe & Central Asia,2018,9472.48527327758,8943.08416791984
Kazakhstan,KAZ,Europe & Central Asia,2019,9457.12614657136,9472.48527327758
Kazakhstan,KAZ,Europe & Central Asia,2020,8781.50797787648,9457.12614657136
Kazakhstan,KAZ,Europe & Central Asia,2021,9983.60103576902,8781.50797787648
Kazakhstan,KAZ,Europe & Central Asia,2022,11255.3396437881,9983.60103576902
Kazakhstan,KAZ,Europe & Central Asia,2023,12879.4275257974,11255.3396437881
Kazakhstan,KAZ,Europe & Central Asia,2024,14154.6324958076,12879.4275257974
Kenya,KEN,Sub-Saharan Africa ,1970,141.039390962597,133.310793093247
Kenya,KEN,Sub-Saharan Africa ,1971,150.852979093178,141.039390962597
Kenya,KEN,Sub-Saharan Africa ,1972,172.642044778441,150.852979093178
Kenya,KEN,Sub-Saharan Africa ,1973,198.578083872556,172.642044778441
Kenya,KEN,Sub-Saharan Africa ,1974,227.233442066411,198.578083872556
Kenya,KEN,Sub-Saharan Africa ,1975,241.224426147057,227.233442066411
Kenya,KEN,Sub-Saharan Africa ,1976,248.935108198575,241.224426147057
Kenya,KEN,Sub-Saharan Africa ,1977,311.48625291648,248.935108198575
Kenya,KEN,Sub-Saharan Africa ,1978,355.141982232607,311.48625291648
Kenya,KEN,Sub-Saharan Africa ,1979,403.242079834358,355.141982232607
Kenya,KEN,Sub-Saharan Africa ,1980,453.558973444809,403.242079834358
Kenya,KEN,Sub-Saharan Africa ,1981,412.883704225392,453.558973444809
Kenya,KEN,Sub-Saharan Africa ,1982,373.794835688888,412.883704225392
Kenya,KEN,Sub-Saharan Africa ,1983,335.037151735189,373.794835688888
Kenya,KEN,Sub-Saharan Africa ,1984,334.40283575753,335.037151735189
Kenya,KEN,Sub-Saharan Africa ,1985,319.503611010714,334.40283575753
Kenya,KEN,Sub-Saharan Africa ,1986,363.745117772717,319.503611010714
Kenya,KEN,Sub-Saharan Africa ,1987,386.630929992512,363.745117772717
Kenya,KEN,Sub-Saharan Africa ,1988,391.238771204282,386.630929992512
Kenya,KEN,Sub-Saharan Africa ,1989,374.489193682103,391.238771204282
Kenya,KEN,Sub-Saharan Africa ,1990,374.458992895562,374.489193682103
Kenya,KEN,Sub-Saharan Africa ,1991,344.722642127742,374.458992895562
Kenya,KEN,Sub-Saharan Africa ,1992,336.68139978696,344.722642127742
Kenya,KEN,Sub-Saharan Africa ,1993,228.998032843434,336.68139978696
Kenya,KEN,Sub-Saharan Africa ,1994,276.447871981244,228.998032843434
Kenya,KEN,Sub-Saharan Africa ,1995,340.064842175429,276.447871981244
Kenya,KEN,Sub-Saharan Africa ,1996,440.527078880876,340.064842175429
Kenya,KEN,Sub-Saharan Africa ,1997,466.723814611399,440.527078880876
Kenya,KEN,Sub-Saharan Africa ,1998,487.883239905452,466.723814611399
Kenya,KEN,Sub-Saharan Africa ,1999,433.721235701305,487.883239905452
Kenya,KEN,Sub-Saharan Africa ,2000,414.626365130846,433.721235701305
Kenya,KEN,Sub-Saharan Africa ,2001,410.700452474814,414.626365130846
Kenya,KEN,Sub-Saharan Africa ,2002,402.936385605382,410.700452474814
Kenya,KEN,Sub-Saharan Africa ,2003,442.898457253405,402.936385605382
Kenya,KEN,Sub-Saharan Africa ,2004,463.662781300121,442.898457253405
Kenya,KEN,Sub-Saharan Africa ,2005,523.456312433863,463.662781300121
Kenya,KEN,Sub-Saharan Africa ,2006,699.80237063381,523.456312433863
Kenya,KEN,Sub-Saharan Africa ,2007,840.201439476765,699.80237063381
Kenya,KEN,Sub-Saharan Africa ,2008,915.54435473604,840.201439476765
Kenya,KEN,Sub-Saharan Africa ,2009,1047.9678324485,915.54435473604
Kenya,KEN,Sub-Saharan Africa ,2010,1091.51873101194,1047.9678324485
Kenya,KEN,Sub-Saharan Africa ,2011,1096.14499807675,1091.51873101194
Kenya,KEN,Sub-Saharan Africa ,2012,1285.00536171512,1096.14499807675
Kenya,KEN,Sub-Saharan Africa ,2013,1370.87885214659,1285.00536171512
Kenya,KEN,Sub-Saharan Africa ,2014,1482.81566253497,1370.87885214659
Kenya,KEN,Sub-Saharan Africa ,2015,1489.11959777284,1482.81566253497
Kenya,KEN,Sub-Saharan Africa ,2016,1554.12610314423,1489.11959777284
Kenya,KEN,Sub-Saharan Africa ,2017,1667.48447230835,1554.12610314423
Kenya,KEN,Sub-Saharan Africa ,2018,1836.45275528993,1667.48447230835
Kenya,KEN,Sub-Saharan Africa ,2019,1960.40808854893,1836.45275528993
Kenya,KEN,Sub-Saharan Africa ,2020,1927.66459027849,1960.40808854893
Kenya,KEN,Sub-Saharan Africa ,2021,2061.35622089594,1927.66459027849
Kenya,KEN,Sub-Saharan Africa ,2022,2109.56288513137,2061.35622089594
Kenya,KEN,Sub-Saharan Africa ,2023,1942.58802756191,2109.56288513137
Kenya,KEN,Sub-Saharan Africa ,2024,2132.43452097647,1942.58802756191
Kyrgyz Republic,KGZ,Europe & Central Asia,2000,279.621738464365,258.048055936976
Kyrgyz Republic,KGZ,Europe & Central Asia,2001,308.41129550148,279.621738464365
Kyrgyz Republic,KGZ,Europe & Central Asia,2002,321.726775366804,308.41129550148
Kyrgyz Republic,KGZ,Europe & Central Asia,2003,380.505828812441,321.726775366804
Kyrgyz Republic,KGZ,Europe & Central Asia,2004,433.233873286,380.505828812441
Kyrgyz Republic,KGZ,Europe & Central Asia,2005,476.548193640077,433.233873286
Kyrgyz Republic,KGZ,Europe & Central Asia,2006,543.113512472219,476.548193640077
Kyrgyz Republic,KGZ,Europe & Central Asia,2007,721.771577544361,543.113512472219
Kyrgyz Republic,KGZ,Europe & Central Asia,2008,966.388569370494,721.771577544361
Kyrgyz Republic,KGZ,Europe & Central Asia,2009,870.198894546917,966.388569370494
Kyrgyz Republic,KGZ,Europe & Central Asia,2010,876.954476440354,870.198894546917
Kyrgyz Republic,KGZ,Europe & Central Asia,2011,1117.40174350185,876.954476440354
Kyrgyz Republic,KGZ,Europe & Central Asia,2012,1168.62244675446,1117.40174350185
Kyrgyz Republic,KGZ,Europe & Central Asia,2013,1269.66303464348,1168.62244675446
Kyrgyz Republic,KGZ,Europe & Central Asia,2014,1264.52668823891,1269.66303464348
Kyrgyz Republic,KGZ,Europe & Central Asia,2015,1105.65193844261,1264.52668823891
Kyrgyz Republic,KGZ,Europe & Central Asia,2016,1103.27489428412,1105.65193844261
Kyrgyz Republic,KGZ,Europe & Central Asia,2017,1221.39046807082,1103.27489428412
Kyrgyz Republic,KGZ,Europe & Central Asia,2018,1283.5203037417,1221.39046807082
Kyrgyz Republic,KGZ,Europe & Central Asia,2019,1421.99927504102,1283.5203037417
Kyrgyz Republic,KGZ,Europe & Central Asia,2020,1229.51766602907,1421.99927504102
Kyrgyz Republic,KGZ,Europe & Central Asia,2021,1349.99730650542,1229.51766602907
Kyrgyz Republic,KGZ,Europe & Central Asia,2022,1739.72018344174,1349.99730650542
Kyrgyz Republic,KGZ,Europe & Central Asia,2023,2138.22210211478,1739.72018344174
Kyrgyz Republic,KGZ,Europe & Central Asia,2024,2420.18542283831,2138.22210211478
Cambodia,KHM,East Asia & Pacific,1985,182.446852317187,174.705837134358
Cambodia,KHM,East Asia & Pacific,1986,185.759997798349,182.446852317187
Cambodia,KHM,East Asia & Pacific,1987,158.124375446975,185.759997798349
Cambodia,KHM,East Asia & Pacific,1988,244.109577464605,158.124375446975
Cambodia,KHM,East Asia & Pacific,1989,191.297492431658,244.109577464605
Cambodia,KHM,East Asia & Pacific,1990,190.181470036159,191.297492431658
Cambodia,KHM,East Asia & Pacific,1991,267.336306726982,190.181470036159
Cambodia,KHM,East Asia & Pacific,1992,307.094922385136,267.336306726982
Cambodia,KHM,East Asia & Pacific,1993,294.059372727558,307.094922385136
Cambodia,KHM,East Asia & Pacific,1994,302.1307854832,294.059372727558
Cambodia,KHM,East Asia & Pacific,1995,343.485224671585,302.1307854832
Cambodia,KHM,East Asia & Pacific,1996,324.655870983004,343.485224671585
Cambodia,KHM,East Asia & Pacific,1997,297.59041960803,324.655870983004
Cambodia,KHM,East Asia & Pacific,1998,258.780953189377,297.59041960803
Cambodia,KHM,East Asia & Pacific,1999,286.753596443196,258.780953189377
Cambodia,KHM,East Asia & Pacific,2000,296.426687526334,286.753596443196
Cambodia,KHM,East Asia & Pacific,2001,327.500984314444,296.426687526334
Cambodia,KHM,East Asia & Pacific,2002,350.147276634294,327.500984314444
Cambodia,KHM,East Asia & Pacific,2003,386.691123931778,350.147276634294
Cambodia,KHM,East Asia & Pacific,2004,444.199067529081,386.691123931778
Cambodia,KHM,East Asia & Pacific,2005,525.797325120926,444.199067529081
Cambodia,KHM,East Asia & Pacific,2006,612.252648550727,525.797325120926
Cambodia,KHM,East Asia & Pacific,2007,731.692295125426,612.252648550727
Cambodia,KHM,East Asia & Pacific,2008,866.283999789749,731.692295125426
Cambodia,KHM,East Asia & Pacific,2009,875.748936193569,866.283999789749
Cambodia,KHM,East Asia & Pacific,2010,952.274616324008,875.748936193569
Cambodia,KHM,East Asia & Pacific,2011,1088.98152823081,952.274616324008
Cambodia,KHM,East Asia & Pacific,2012,1192.80263041673,1088.98152823081
Cambodia,KHM,East Asia & Pacific,2013,1305.6600972686,1192.80263041673
Cambodia,KHM,East Asia & Pacific,2014,1431.56396469993,1305.6600972686
Cambodia,KHM,East Asia & Pacific,2015,1547.32010444393,1431.56396469993
Cambodia,KHM,East Asia & Pacific,2016,1675.19555711109,1547.32010444393
Cambodia,KHM,East Asia & Pacific,2017,1826.35391688754,1675.19555711109
Cambodia,KHM,East Asia & Pacific,2018,2036.67377566578,1826.35391688754
Cambodia,KHM,East Asia & Pacific,2019,2225.87705485686,2036.67377566578
Cambodia,KHM,East Asia & Pacific,2020,2081.73914242939,2225.87705485686
Cambodia,KHM,East Asia & Pacific,2021,2167.40324198499,2081.73914242939
Cambodia,KHM,East Asia & Pacific,2022,2325.03050040841,2167.40324198499
Cambodia,KHM,East Asia & Pacific,2023,2429.74853452838,2325.03050040841
Cambodia,KHM,East Asia & Pacific,2024,2627.87969756224,2429.74853452838
Kiribati,KIR,East Asia & Pacific,1980,542.253599617514,572.794606018137
Kiribati,KIR,East Asia & Pacific,1981,567.722497103141,542.253599617514
Kiribati,KIR,East Asia & Pacific,1982,518.62249584629,567.722497103141
Kiribati,KIR,East Asia & Pacific,1983,483.107821082637,518.62249584629
Kiribati,KIR,East Asia & Pacific,1984,527.291455228898,483.107821082637
Kiribati,KIR,East Asia & Pacific,1985,392.905065394709,527.291455228898
Kiribati,KIR,East Asia & Pacific,1986,381.918758641144,392.905065394709
Kiribati,KIR,East Asia & Pacific,1987,423.822473332128,381.918758641144
Kiribati,KIR,East Asia & Pacific,1988,535.915134580045,423.822473332128
Kiribati,KIR,East Asia & Pacific,1989,514.652948165033,535.915134580045
Kiribati,KIR,East Asia & Pacific,1990,488.067527876014,514.652948165033
Kiribati,KIR,East Asia & Pacific,1991,540.125861123481,488.067527876014
Kiribati,KIR,East Asia & Pacific,1992,791.99610105394,540.125861123481
Kiribati,KIR,East Asia & Pacific,1993,747.75302075115,791.99610105394
Kiribati,KIR,East Asia & Pacific,1994,837.971706204,747.75302075115
Kiribati,KIR,East Asia & Pacific,1995,844.429605862723,837.971706204
Kiribati,KIR,East Asia & Pacific,1996,985.885941426854,844.429605862723
Kiribati,KIR,East Asia & Pacific,1997,953.162998384941,985.885941426854
Kiribati,KIR,East Asia & Pacific,1998,874.484349123221,953.162998384941
Kiribati,KIR,East Asia & Pacific,1999,887.496019475758,874.484349123221
Kiribati,KIR,East Asia & Pacific,2000,845.367240231973,887.496019475758
Kiribati,KIR,East Asia & Pacific,2001,718.833787096781,845.367240231973
Kiribati,KIR,East Asia & Pacific,2002,810.10870037444,718.833787096781
Kiribati,KIR,East Asia & Pacific,2003,1020.50033851394,810.10870037444
Kiribati,KIR,East Asia & Pacific,2004,1083.2688987175,1020.50033851394
Kiribati,KIR,East Asia & Pacific,2005,1161.78341739977,1083.2688987175
Kiribati,KIR,East Asia & Pacific,2006,1123.19258990684,1161.78341739977
Kiribati,KIR,East Asia & Pacific,2007,1352.57814048911,1123.19258990684
Kiribati,KIR,East Asia & Pacific,2008,1410.62246914058,1352.57814048911
Kiribati,KIR,East Asia & Pacific,2009,1316.62753853678,1410.62246914058
Kiribati,KIR,East Asia & Pacific,2010,1522.10068744154,1316.62753853678
Kiribati,KIR,East Asia & Pacific,2011,1771.12926848792,1522.10068744154
Kiribati,KIR,East Asia & Pacific,2012,1843.55336349889,1771.12926848792
Kiribati,KIR,East Asia & Pacific,2013,1772.08718317132,1843.55336349889
Kiribati,KIR,East Asia & Pacific,2014,1736.70535682101,1772.08718317132
Kiribati,KIR,East Asia & Pacific,2015,1639.85274740652,1736.70535682101
Kiribati,KIR,East Asia & Pacific,2016,1742.66799324117,1639.85274740652
Kiribati,KIR,East Asia & Pacific,2017,1853.05122713319,1742.66799324117
Kiribati,KIR,East Asia & Pacific,2018,1912.73809378187,1853.05122713319
Kiribati,KIR,East Asia & Pacific,2019,1750.9977188915,1912.73809378187
Kiribati,KIR,East Asia & Pacific,2020,1751.78249168214,1750.9977188915
Kiribati,KIR,East Asia & Pacific,2021,2222.04819501897,1751.78249168214
Kiribati,KIR,East Asia & Pacific,2022,2069.7671726925,2222.04819501897
Kiribati,KIR,East Asia & Pacific,2023,2177.70125812262,2069.7671726925
Kiribati,KIR,East Asia & Pacific,2024,2288.63471423684,2177.70125812262
St. Kitts and Nevis,KNA,Latin America & Caribbean ,1970,365.421692149038,346.592027290022
St. Kitts and Nevis,KNA,Latin America & Caribbean ,1971,443.938525320189,365.421692149038
St. Kitts and Nevis,KNA,Latin America & Caribbean ,1972,521.083031260752,443.938525320189
St. Kitts and Nevis,KNA,Latin America & Caribbean ,1973,551.413363188761,521.083031260752
St. Kitts and Nevis,KNA,Latin America & Caribbean ,1974,720.537205812844,551.413363188761
St. Kitts and Nevis,KNA,Latin America & Caribbean ,1975,765.12533365911,720.537205812844
St. Kitts and Nevis,KNA,Latin America & Caribbean ,1976,692.139328790191,765.12533365911
St. Kitts and Nevis,KNA,Latin America & Caribbean ,1977,1026.25343180719,692.139328790191
St. Kitts and Nevis,KNA,Latin America & Caribbean ,1978,1143.84000123408,1026.25343180719
St. Kitts and Nevis,KNA,Latin America & Caribbean ,1979,1367.339965625,1143.84000123408
St. Kitts and Nevis,KNA,Latin America & Caribbean ,1980,1597.6489908812,1367.339965625
St. Kitts and Nevis,KNA,Latin America & Caribbean ,1981,1894.44210241437,1597.6489908812
St. Kitts and Nevis,KNA,Latin America & Caribbean ,1982,2022.52944188428,1894.44210241437
St. Kitts and Nevis,KNA,Latin America & Caribbean ,1983,2052.11116535348,2022.52944188428
St. Kitts and Nevis,KNA,Latin America & Caribbean ,1984,2341.40772929271,2052.11116535348
St. Kitts and Nevis,KNA,Latin America & Caribbean ,1985,2650.9864691075,2341.40772929271
St. Kitts and Nevis,KNA,Latin America & Caribbean ,1986,3140.11209537184,2650.9864691075
St. Kitts and Nevis,KNA,Latin America & Caribbean ,1987,3573.284031831,3140.11209537184
St. Kitts and Nevis,KNA,Latin America & Caribbean ,1988,4205.65468298165,3573.284031831
St. Kitts and Nevis,KNA,Latin America & Caribbean ,1989,4723.45351878204,4205.65468298165
St. Kitts and Nevis,KNA,Latin America & Caribbean ,1990,5373.44824048425,4723.45351878204
St. Kitts and Nevis,KNA,Latin America & Caribbean ,1991,5464.61025672087,5373.44824048425
St. Kitts and Nevis,KNA,Latin America & Caribbean ,1992,5947.1211356266,5464.61025672087
St. Kitts and Nevis,KNA,Latin America & Caribbean ,1993,6395.31437746849,5947.1211356266
St. Kitts and Nevis,KNA,Latin America & Caribbean ,1994,7065.28291984056,6395.31437746849
St. Kitts and Nevis,KNA,Latin America & Caribbean ,1995,7406.44486096454,7065.28291984056
St. Kitts and Nevis,KNA,Latin America & Caribbean ,1996,7788.42839854571,7406.44486096454
St. Kitts and Nevis,KNA,Latin America & Caribbean ,1997,8626.72257471312,7788.42839854571
St. Kitts and Nevis,KNA,Latin America & Caribbean ,1998,8710.78984057184,8626.72257471312
St. Kitts and Nevis,KNA,Latin America & Caribbean ,1999,9116.28627997718,8710.78984057184
St. Kitts and Nevis,KNA,Latin America & Caribbean ,2000,9319.65545093525,9116.28627997718
St. Kitts and Nevis,KNA,Latin America & Caribbean ,2001,10022.5919235637,9319.65545093525
St. Kitts and Nevis,KNA,Latin America & Caribbean ,2002,10453.6587064313,10022.5919235637
St. Kitts and Nevis,KNA,Latin America & Caribbean ,2003,10175.6295449989,10453.6587064313
St. Kitts and Nevis,KNA,Latin America & Caribbean ,2004,10944.6183741768,10175.6295449989
St. Kitts and Nevis,KNA,Latin America & Caribbean ,2005,11783.7867154145,10944.6183741768
St. Kitts and Nevis,KNA,Latin America & Caribbean ,2006,13837.8495311219,11783.7867154145
St. Kitts and Nevis,KNA,Latin America & Caribbean ,2007,14757.9579751035,13837.8495311219
St. Kitts and Nevis,KNA,Latin America & Caribbean ,2008,16604.9448615905,14757.9579751035
St. Kitts and Nevis,KNA,Latin America & Caribbean ,2009,16503.4119292794,16604.9448615905
St. Kitts and Nevis,KNA,Latin America & Caribbean ,2010,16622.9457908577,16503.4119292794
St. Kitts and Nevis,KNA,Latin America & Caribbean ,2011,17832.4572919975,16622.9457908577
St. Kitts and Nevis,KNA,Latin America & Caribbean ,2012,17532.0559008608,17832.4572919975
St. Kitts and Nevis,KNA,Latin America & Caribbean ,2013,18580.1301949935,17532.0559008608
St. Kitts and Nevis,KNA,Latin America & Caribbean ,2014,20219.3954237956,18580.1301949935
St. Kitts and Nevis,KNA,Latin America & Caribbean ,2015,20328.8003530109,20219.3954237956
St. Kitts and Nevis,KNA,Latin America & Caribbean ,2016,21387.5415511103,20328.8003530109
St. Kitts and Nevis,KNA,Latin America & Caribbean ,2017,22464.9899633959,21387.5415511103
St. Kitts and Nevis,KNA,Latin America & Caribbean ,2018,22901.3816403197,22464.9899633959
St. Kitts and Nevis,KNA,Latin America & Caribbean ,2019,23595.4923231291,22901.3816403197
St. Kitts and Nevis,KNA,Latin America & Caribbean ,2020,18859.0190361046,23595.4923231291
St. Kitts and Nevis,KNA,Latin America & Caribbean ,2021,18361.1449697886,18859.0190361046
St. Kitts and Nevis,KNA,Latin America & Caribbean ,2022,21011.5744209816,18361.1449697886
St. Kitts and Nevis,KNA,Latin America & Caribbean ,2023,22576.9248439166,21011.5744209816
St. Kitts and Nevis,KNA,Latin America & Caribbean ,2024,23960.6534357084,22576.9248439166
"Korea, Rep.",KOR,East Asia & Pacific,1970,281.785631415674,245.494385222026
"Korea, Rep.",KOR,East Asia & Pacific,1971,304.271118680953,281.785631415674
"Korea, Rep.",KOR,East Asia & Pacific,1972,328.021411521648,304.271118680953
"Korea, Rep.",KOR,East Asia & Pacific,1973,412.499262547237,328.021411521648
"Korea, Rep.",KOR,East Asia & Pacific,1974,572.488691764846,412.499262547237
"Korea, Rep.",KOR,East Asia & Pacific,1975,627.142244323246,572.488691764846
"Korea, Rep.",KOR,East Asia & Pacific,1976,847.205737881176,627.142244323246
"Korea, Rep.",KOR,East Asia & Pacific,1977,1072.85188247153,847.205737881176
"Korea, Rep.",KOR,East Asia & Pacific,1978,1428.88714989064,1072.85188247153
"Korea, Rep.",KOR,East Asia & Pacific,1979,1813.9142168105,1428.88714989064
"Korea, Rep.",KOR,East Asia & Pacific,1980,1745.57662116658,1813.9142168105
"Korea, Rep.",KOR,East Asia & Pacific,1981,1918.41779613494,1745.57662116658
"Korea, Rep.",KOR,East Asia & Pacific,1982,2032.25817758667,1918.41779613494
"Korea, Rep.",KOR,East Asia & Pacific,1983,2245.56009425258,2032.25817758667
"Korea, Rep.",KOR,East Asia & Pacific,1984,2468.68667303898,2245.56009425258
"Korea, Rep.",KOR,East Asia & Pacific,1985,2542.88419005153,2468.68667303898
"Korea, Rep.",KOR,East Asia & Pacific,1986,2910.82908054352,2542.88419005153
"Korea, Rep.",KOR,East Asia & Pacific,1987,3657.71773432329,2910.82908054352
"Korea, Rep.",KOR,East Asia & Pacific,1988,4888.68509195605,3657.71773432329
"Korea, Rep.",KOR,East Asia & Pacific,1989,5989.2109474999,4888.68509195605
"Korea, Rep.",KOR,East Asia & Pacific,1990,6812.9019416767,5989.2109474999
"Korea, Rep.",KOR,East Asia & Pacific,1991,7872.65052449111,6812.9019416767
"Korea, Rep.",KOR,East Asia & Pacific,1992,8387.16308258471,7872.65052449111
"Korea, Rep.",KOR,East Asia & Pacific,1993,9179.96872485152,8387.16308258471
"Korea, Rep.",KOR,East Asia & Pacific,1994,10733.9888860657,9179.96872485152
"Korea, Rep.",KOR,East Asia & Pacific,1995,13001.7205867019,10733.9888860657
"Korea, Rep.",KOR,East Asia & Pacific,1996,13864.9376534518,13001.7205867019
"Korea, Rep.",KOR,East Asia & Pacific,1997,12821.6893313675,13864.9376534518
"Korea, Rep.",KOR,East Asia & Pacific,1998,8583.43557499234,12821.6893313675
"Korea, Rep.",KOR,East Asia & Pacific,1999,11062.5019301357,8583.43557499234
"Korea, Rep.",KOR,East Asia & Pacific,2000,12710.2995795579,11062.5019301357
"Korea, Rep.",KOR,East Asia & Pacific,2001,11981.4828218758,12710.2995795579
"Korea, Rep.",KOR,East Asia & Pacific,2002,13642.9424537101,11981.4828218758
"Korea, Rep.",KOR,East Asia & Pacific,2003,15211.5483770422,13642.9424537101
"Korea, Rep.",KOR,East Asia & Pacific,2004,17121.6301633201,15211.5483770422
"Korea, Rep.",KOR,East Asia & Pacific,2005,20167.0474902506,17121.6301633201
"Korea, Rep.",KOR,East Asia & Pacific,2006,22609.7059431449,20167.0474902506
"Korea, Rep.",KOR,East Asia & Pacific,2007,25078.4853957105,22609.7059431449
"Korea, Rep.",KOR,East Asia & Pacific,2008,22252.3125108061,25078.4853957105
"Korea, Rep.",KOR,East Asia & Pacific,2009,19937.3029137734,22252.3125108061
"Korea, Rep.",KOR,East Asia & Pacific,2010,24071.2620526362,19937.3029137734
"Korea, Rep.",KOR,East Asia & Pacific,2011,26175.2398553363,24071.2620526362
"Korea, Rep.",KOR,East Asia & Pacific,2012,26600.5477433903,26175.2398553363
"Korea, Rep.",KOR,East Asia & Pacific,2013,28449.3591104972,26600.5477433903
"Korea, Rep.",KOR,East Asia & Pacific,2014,30667.0912467447,28449.3591104972
"Korea, Rep.",KOR,East Asia & Pacific,2015,30171.7906545222,30667.0912467447
"Korea, Rep.",KOR,East Asia & Pacific,2016,30832.0628072516,30171.7906545222
"Korea, Rep.",KOR,East Asia & Pacific,2017,33296.9845439195,30832.0628072516
"Korea, Rep.",KOR,East Asia & Pacific,2018,35363.9508228687,33296.9845439195
"Korea, Rep.",KOR,East Asia & Pacific,2019,33826.9443301597,35363.9508228687
"Korea, Rep.",KOR,East Asia & Pacific,2020,33645.7719545073,33826.9443301597
"Korea, Rep.",KOR,East Asia & Pacific,2021,37518.4635305697,33645.7719545073
"Korea, Rep.",KOR,East Asia & Pacific,2022,34822.4048404971,37518.4635305697
"Korea, Rep.",KOR,East Asia & Pacific,2023,35674.095995632,34822.4048404971
"Korea, Rep.",KOR,East Asia & Pacific,2024,36238.639908315,35674.095995632
Kuwait,KWT,"Middle East, North Africa, Afghanistan & Pakistan",1972,4835.69104574325,4485.60842678202
Kuwait,KWT,"Middle East, North Africa, Afghanistan & Pakistan",1973,5532.43234039128,4835.69104574325
Kuwait,KWT,"Middle East, North Africa, Afghanistan & Pakistan",1974,12526.6031710726,5532.43234039128
Kuwait,KWT,"Middle East, North Africa, Afghanistan & Pakistan",1975,10881.7216440289,12526.6031710726
Kuwait,KWT,"Middle East, North Africa, Afghanistan & Pakistan",1976,11141.1981409668,10881.7216440289
Kuwait,KWT,"Middle East, North Africa, Afghanistan & Pakistan",1977,11237.7967179507,11141.1981409668
Kuwait,KWT,"Middle East, North Africa, Afghanistan & Pakistan",1978,11567.0653748784,11237.7967179507
Kuwait,KWT,"Middle East, North Africa, Afghanistan & Pakistan",1979,17385.8942886966,11567.0653748784
Kuwait,KWT,"Middle East, North Africa, Afghanistan & Pakistan",1980,19031.9051902,17385.8942886966
Kuwait,KWT,"Middle East, North Africa, Afghanistan & Pakistan",1981,15825.191918191,19031.9051902
Kuwait,KWT,"Middle East, North Africa, Afghanistan & Pakistan",1982,12978.8949980867,15825.191918191
Kuwait,KWT,"Middle East, North Africa, Afghanistan & Pakistan",1983,11965.3390511088,12978.8949980867
Kuwait,KWT,"Middle East, North Africa, Afghanistan & Pakistan",1984,11918.6168925905,11965.3390511088
Kuwait,KWT,"Middle East, North Africa, Afghanistan & Pakistan",1985,11321.663553949,11918.6168925905
Kuwait,KWT,"Middle East, North Africa, Afghanistan & Pakistan",1986,9076.70885221848,11321.663553949
Kuwait,KWT,"Middle East, North Africa, Afghanistan & Pakistan",1987,10895.6500280404,9076.70885221848
Kuwait,KWT,"Middle East, North Africa, Afghanistan & Pakistan",1988,9692.34754600725,10895.6500280404
Kuwait,KWT,"Middle East, North Africa, Afghanistan & Pakistan",1989,10964.6929080372,9692.34754600725
Kuwait,KWT,"Middle East, North Africa, Afghanistan & Pakistan",1990,10937.5415268808,10964.6929080372
Kuwait,KWT,"Middle East, North Africa, Afghanistan & Pakistan",1991,8147.10807329839,10937.5415268808
Kuwait,KWT,"Middle East, North Africa, Afghanistan & Pakistan",1992,12146.19505586,8147.10807329839
Kuwait,KWT,"Middle East, North Africa, Afghanistan & Pakistan",1993,14317.7209419057,12146.19505586
Kuwait,KWT,"Middle East, North Africa, Afghanistan & Pakistan",1994,14929.7441110335,14317.7209419057
Kuwait,KWT,"Middle East, North Africa, Afghanistan & Pakistan",1995,16168.165602374,14929.7441110335
Kuwait,KWT,"Middle East, North Africa, Afghanistan & Pakistan",1996,18201.0958607918,16168.165602374
Kuwait,KWT,"Middle East, North Africa, Afghanistan & Pakistan",1997,16977.3895620399,18201.0958607918
Kuwait,KWT,"Middle East, North Africa, Afghanistan & Pakistan",1998,14066.9509572183,16977.3895620399
Kuwait,KWT,"Middle East, North Africa, Afghanistan & Pakistan",1999,15853.6264423466,14066.9509572183
Kuwait,KWT,"Middle East, North Africa, Afghanistan & Pakistan",2000,19296.3471698729,15853.6264423466
Kuwait,KWT,"Middle East, North Africa, Afghanistan & Pakistan",2001,17374.2318664227,19296.3471698729
Kuwait,KWT,"Middle East, North Africa, Afghanistan & Pakistan",2002,18512.7523035862,17374.2318664227
Kuwait,KWT,"Middle East, North Africa, Afghanistan & Pakistan",2003,22690.655175144,18512.7523035862
Kuwait,KWT,"Middle East, North Africa, Afghanistan & Pakistan",2004,27552.2827399787,22690.655175144
Kuwait,KWT,"Middle East, North Africa, Afghanistan & Pakistan",2005,36122.6142741227,27552.2827399787
Kuwait,KWT,"Middle East, North Africa, Afghanistan & Pakistan",2006,42946.6374104066,36122.6142741227
Kuwait,KWT,"Middle East, North Africa, Afghanistan & Pakistan",2007,45709.4132876371,42946.6374104066
Kuwait,KWT,"Middle East, North Africa, Afghanistan & Pakistan",2008,55585.1889344442,45709.4132876371
Kuwait,KWT,"Middle East, North Africa, Afghanistan & Pakistan",2009,37907.1001320042,55585.1889344442
Kuwait,KWT,"Middle East, North Africa, Afghanistan & Pakistan",2010,39212.252220155,37907.1001320042
Kuwait,KWT,"Middle East, North Africa, Afghanistan & Pakistan",2011,49169.6063813095,39212.252220155
Kuwait,KWT,"Middle East, North Africa, Afghanistan & Pakistan",2012,52155.2225833921,49169.6063813095
Kuwait,KWT,"Middle East, North Africa, Afghanistan & Pakistan",2013,49651.0439275077,52155.2225833921
Kuwait,KWT,"Middle East, North Africa, Afghanistan & Pakistan",2014,44368.7813457751,49651.0439275077
Kuwait,KWT,"Middle East, North Africa, Afghanistan & Pakistan",2015,29882.2126495698,44368.7813457751
Kuwait,KWT,"Middle East, North Africa, Afghanistan & Pakistan",2016,27323.6890735517,29882.2126495698
Kuwait,KWT,"Middle East, North Africa, Afghanistan & Pakistan",2017,29047.6536135703,27323.6890735517
Kuwait,KWT,"Middle East, North Africa, Afghanistan & Pakistan",2018,32067.9623756889,29047.6536135703
Kuwait,KWT,"Middle East, North Africa, Afghanistan & Pakistan",2019,31707.8737443551,32067.9623756889
Kuwait,KWT,"Middle East, North Africa, Afghanistan & Pakistan",2020,25236.0755848941,31707.8737443551
Kuwait,KWT,"Middle East, North Africa, Afghanistan & Pakistan",2021,34018.6342592913,25236.0755848941
Kuwait,KWT,"Middle East, North Africa, Afghanistan & Pakistan",2022,39981.7691035833,34018.6342592913
Kuwait,KWT,"Middle East, North Africa, Afghanistan & Pakistan",2023,34075.849012909,39981.7691035833
Kuwait,KWT,"Middle East, North Africa, Afghanistan & Pakistan",2024,32717.7186631255,34075.849012909
Lao PDR,LAO,East Asia & Pacific,1994,320.968128951646,283.400573286349
Lao PDR,LAO,East Asia & Pacific,1995,357.758162193406,320.968128951646
Lao PDR,LAO,East Asia & Pacific,1996,371.341879197673,357.758162193406
Lao PDR,LAO,East Asia & Pacific,1997,339.09319241187,371.341879197673
Lao PDR,LAO,East Asia & Pacific,1998,243.923962451418,339.09319241187
Lao PDR,LAO,East Asia & Pacific,1999,272.325307005412,243.923962451418
Lao PDR,LAO,East Asia & Pacific,2000,318.749852236965,272.325307005412
Lao PDR,LAO,East Asia & Pacific,2001,320.316005439568,318.749852236965
Lao PDR,LAO,East Asia & Pacific,2002,313.350817148131,320.316005439568
Lao PDR,LAO,East Asia & Pacific,2003,355.097216151461,313.350817148131
Lao PDR,LAO,East Asia & Pacific,2004,409.296298284117,355.097216151461
Lao PDR,LAO,East Asia & Pacific,2005,466.061506997741,409.296298284117
Lao PDR,LAO,East Asia & Pacific,2006,579.391947440719,466.061506997741
Lao PDR,LAO,East Asia & Pacific,2007,697.323013673925,579.391947440719
Lao PDR,LAO,East Asia & Pacific,2008,885.747376088762,697.323013673925
Lao PDR,LAO,East Asia & Pacific,2009,935.03237283283,885.747376088762
Lao PDR,LAO,East Asia & Pacific,2010,1125.91610151261,935.03237283283
Lao PDR,LAO,East Asia & Pacific,2011,1361.54704394913,1125.91610151261
Lao PDR,LAO,East Asia & Pacific,2012,1563.5650771337,1361.54704394913
Lao PDR,LAO,East Asia & Pacific,2013,1812.51774424651,1563.5650771337
Lao PDR,LAO,East Asia & Pacific,2014,1981.03910900473,1812.51774424651
Lao PDR,LAO,East Asia & Pacific,2015,2121.01339097363,1981.03910900473
Lao PDR,LAO,East Asia & Pacific,2016,2303.22156035363,2121.01339097363
Lao PDR,LAO,East Asia & Pacific,2017,2432.43059478511,2303.22156035363
Lao PDR,LAO,East Asia & Pacific,2018,2545.1075420815,2432.43059478511
Lao PDR,LAO,East Asia & Pacific,2019,2589.32081035237,2545.1075420815
Lao PDR,LAO,East Asia & Pacific,2020,2583.77730696131,2589.32081035237
Lao PDR,LAO,East Asia & Pacific,2021,2526.05105018529,2583.77730696131
Lao PDR,LAO,East Asia & Pacific,2022,2046.40440255621,2526.05105018529
Lao PDR,LAO,East Asia & Pacific,2023,2066.94979776957,2046.40440255621
Lao PDR,LAO,East Asia & Pacific,2024,2123.97909415109,2066.94979776957
Lebanon,LBN,"Middle East, North Africa, Afghanistan & Pakistan",1998,4124.85527892575,3834.0590787531
Lebanon,LBN,"Middle East, North Africa, Afghanistan & Pakistan",1999,4086.93872789633,4124.85527892575
Lebanon,LBN,"Middle East, North Africa, Afghanistan & Pakistan",2000,3986.83513941026,4086.93872789633
Lebanon,LBN,"Middle East, North Africa, Afghanistan & Pakistan",2001,4009.55929751102,3986.83513941026
Lebanon,LBN,"Middle East, North Africa, Afghanistan & Pakistan",2002,4290.85283803266,4009.55929751102
Lebanon,LBN,"Middle East, North Africa, Afghanistan & Pakistan",2003,4437.71588507526,4290.85283803266
Lebanon,LBN,"Middle East, North Africa, Afghanistan & Pakistan",2004,4600.68371412993,4437.71588507526
Lebanon,LBN,"Middle East, North Africa, Afghanistan & Pakistan",2005,4602.19804637945,4600.68371412993
Lebanon,LBN,"Middle East, North Africa, Afghanistan & Pakistan",2006,4635.2514117486,4602.19804637945
Lebanon,LBN,"Middle East, North Africa, Afghanistan & Pakistan",2007,5125.25809960149,4635.2514117486
Lebanon,LBN,"Middle East, North Africa, Afghanistan & Pakistan",2008,5912.04532820842,5125.25809960149
Lebanon,LBN,"Middle East, North Africa, Afghanistan & Pakistan",2009,7090.85493856621,5912.04532820842
Lebanon,LBN,"Middle East, North Africa, Afghanistan & Pakistan",2010,7625.81051551165,7090.85493856621
Lebanon,LBN,"Middle East, North Africa, Afghanistan & Pakistan",2011,7834.96257108993,7625.81051551165
Lebanon,LBN,"Middle East, North Africa, Afghanistan & Pakistan",2012,8406.98405608118,7834.96257108993
Lebanon,LBN,"Middle East, North Africa, Afghanistan & Pakistan",2013,8162.37929361396,8406.98405608118
Lebanon,LBN,"Middle East, North Africa, Afghanistan & Pakistan",2014,7577.6413302369,8162.37929361396
Lebanon,LBN,"Middle East, North Africa, Afghanistan & Pakistan",2015,7714.1099998804,7577.6413302369
Lebanon,LBN,"Middle East, North Africa, Afghanistan & Pakistan",2016,8089.012088155,7714.1099998804
Lebanon,LBN,"Middle East, North Africa, Afghanistan & Pakistan",2017,8608.21084982387,8089.012088155
Lebanon,LBN,"Middle East, North Africa, Afghanistan & Pakistan",2018,9174.53666204759,8608.21084982387
Lebanon,LBN,"Middle East, North Africa, Afghanistan & Pakistan",2019,8905.88005497437,9174.53666204759
Lebanon,LBN,"Middle East, North Africa, Afghanistan & Pakistan",2020,5561.19166950397,8905.88005497437
Lebanon,LBN,"Middle East, North Africa, Afghanistan & Pakistan",2021,4045.37391066234,5561.19166950397
Lebanon,LBN,"Middle East, North Africa, Afghanistan & Pakistan",2022,3654.35845534878,4045.37391066234
Lebanon,LBN,"Middle East, North Africa, Afghanistan & Pakistan",2023,3477.72489842684,3654.35845534878
Liberia,LBR,Sub-Saharan Africa ,1970,220.293848130057,214.717911590964
Liberia,LBR,Sub-Saharan Africa ,1971,227.078201448463,220.293848130057
Liberia,LBR,Sub-Saharan Africa ,1972,238.610979665126,227.078201448463
Liberia,LBR,Sub-Saharan Africa ,1973,244.361727924182,238.610979665126
Liberia,LBR,Sub-Saharan Africa ,1974,299.413660673331,244.361727924182
Liberia,LBR,Sub-Saharan Africa ,1975,345.648935641772,299.413660673331
Liberia,LBR,Sub-Saharan Africa ,1976,347.498456664298,345.648935641772
Liberia,LBR,Sub-Saharan Africa ,1977,381.089104930355,347.498456664298
Liberia,LBR,Sub-Saharan Africa ,1978,394.468078319392,381.089104930355
Liberia,LBR,Sub-Saharan Africa ,1979,434.69976445937,394.468078319392
Liberia,LBR,Sub-Saharan Africa ,1980,443.027171656595,434.69976445937
Liberia,LBR,Sub-Saharan Africa ,1981,426.054939761947,443.027171656595
Liberia,LBR,Sub-Saharan Africa ,1982,422.446142509338,426.054939761947
Liberia,LBR,Sub-Saharan Africa ,1983,390.759726697144,422.446142509338
Liberia,LBR,Sub-Saharan Africa ,1984,390.407957992226,390.759726697144
Liberia,LBR,Sub-Saharan Africa ,1985,379.951475961811,390.407957992226
Liberia,LBR,Sub-Saharan Africa ,1986,364.288669189794,379.951475961811
Liberia,LBR,Sub-Saharan Africa ,1987,409.215940071402,364.288669189794
Liberia,LBR,Sub-Saharan Africa ,1988,424.325719336919,409.215940071402
Liberia,LBR,Sub-Saharan Africa ,1989,312.289255390892,424.325719336919
Liberia,LBR,Sub-Saharan Africa ,1990,172.867610123278,312.289255390892
Liberia,LBR,Sub-Saharan Africa ,1991,177.867006590279,172.867610123278
Liberia,LBR,Sub-Saharan Africa ,1992,107.842801384441,177.867006590279
Liberia,LBR,Sub-Saharan Africa ,1993,74.4272028642409,107.842801384441
Liberia,LBR,Sub-Saharan Africa ,1994,61.490431307467,74.4272028642409
Liberia,LBR,Sub-Saharan Africa ,1995,62.1438140627579,61.490431307467
Liberia,LBR,Sub-Saharan Africa ,1996,71.4065248720036,62.1438140627579
Liberia,LBR,Sub-Saharan Africa ,1997,122.627993745516,71.4065248720036
Liberia,LBR,Sub-Saharan Africa ,1998,134.675393352518,122.627993745516
Liberia,LBR,Sub-Saharan Africa ,1999,156.573166945696,134.675393352518
Liberia,LBR,Sub-Saharan Africa ,2000,298.485340578945,156.573166945696
Liberia,LBR,Sub-Saharan Africa ,2001,300.463828598983,298.485340578945
Liberia,LBR,Sub-Saharan Africa ,2002,299.536445539621,300.463828598983
Liberia,LBR,Sub-Saharan Africa ,2003,239.779556677091,299.536445539621
Liberia,LBR,Sub-Saharan Africa ,2004,284.140223992458,239.779556677091
Liberia,LBR,Sub-Saharan Africa ,2005,287.487333441381,284.140223992458
Liberia,LBR,Sub-Saharan Africa ,2006,320.55808618515,287.487333441381
Liberia,LBR,Sub-Saharan Africa ,2007,374.211308104278,320.55808618515
Liberia,LBR,Sub-Saharan Africa ,2008,451.713856283285,374.211308104278
Liberia,LBR,Sub-Saharan Africa ,2009,448.386367025545,451.713856283285
Liberia,LBR,Sub-Saharan Africa ,2010,492.252808033724,448.386367025545
Liberia,LBR,Sub-Saharan Africa ,2011,568.087865520004,492.252808033724
Liberia,LBR,Sub-Saharan Africa ,2012,638.368751462083,568.087865520004
Liberia,LBR,Sub-Saharan Africa ,2013,710.744570927863,638.368751462083
Liberia,LBR,Sub-Saharan Africa ,2014,706.714490064507,710.744570927863
Liberia,LBR,Sub-Saharan Africa ,2015,692.590082351257,706.714490064507
Liberia,LBR,Sub-Saharan Africa ,2016,714.613063145659,692.590082351257
Liberia,LBR,Sub-Saharan Africa ,2017,699.269095727404,714.613063145659
Liberia,LBR,Sub-Saharan Africa ,2018,692.203127129794,699.269095727404
Liberia,LBR,Sub-Saharan Africa ,2019,658.164180770507,692.203127129794
Liberia,LBR,Sub-Saharan Africa ,2020,616.787867006715,658.164180770507
Liberia,LBR,Sub-Saharan Africa ,2021,667.96610514319,616.787867006715
Liberia,LBR,Sub-Saharan Africa ,2022,744.617175237387,667.96610514319
Liberia,LBR,Sub-Saharan Africa ,2023,799.194470229642,744.617175237387
Liberia,LBR,Sub-Saharan Africa ,2024,851.497723870206,799.194470229642
Libya,LBY,"Middle East, North Africa, Afghanistan & Pakistan",1970,2209.5811758058,2174.95045716041
Libya,LBY,"Middle East, North Africa, Afghanistan & Pakistan",1971,2442.58280826718,2209.5811758058
Libya,LBY,"Middle East, North Africa, Afghanistan & Pakistan",1972,2829.80145194559,2442.58280826718
Libya,LBY,"Middle East, North Africa, Afghanistan & Pakistan",1973,3727.38549878198,2829.80145194559
Libya,LBY,"Middle East, North Africa, Afghanistan & Pakistan",1974,6213.50027490617,3727.38549878198
Libya,LBY,"Middle East, North Africa, Afghanistan & Pakistan",1975,5720.62691135285,6213.50027490617
Libya,LBY,"Middle East, North Africa, Afghanistan & Pakistan",1976,7017.74340734557,5720.62691135285
Libya,LBY,"Middle East, North Africa, Afghanistan & Pakistan",1977,7783.46009141417,7017.74340734557
Libya,LBY,"Middle East, North Africa, Afghanistan & Pakistan",1978,7251.83754156259,7783.46009141417
Libya,LBY,"Middle East, North Africa, Afghanistan & Pakistan",1979,9442.75933267842,7251.83754156259
Libya,LBY,"Middle East, North Africa, Afghanistan & Pakistan",1980,11959.5222690783,9442.75933267842
Libya,LBY,"Middle East, North Africa, Afghanistan & Pakistan",1981,10044.0410042727,11959.5222690783
Libya,LBY,"Middle East, North Africa, Afghanistan & Pakistan",1982,9063.69851267735,10044.0410042727
Libya,LBY,"Middle East, North Africa, Afghanistan & Pakistan",1983,8927.36442785362,9063.69851267735
Libya,LBY,"Middle East, North Africa, Afghanistan & Pakistan",1984,7811.06937340039,8927.36442785362
Libya,LBY,"Middle East, North Africa, Afghanistan & Pakistan",1985,8087.36306792904,7811.06937340039
Libya,LBY,"Middle East, North Africa, Afghanistan & Pakistan",1986,6018.91345215523,8087.36306792904
Libya,LBY,"Middle East, North Africa, Afghanistan & Pakistan",1987,6464.7328401846,6018.91345215523
Libya,LBY,"Middle East, North Africa, Afghanistan & Pakistan",1988,5736.28243992278,6464.7328401846
Libya,LBY,"Middle East, North Africa, Afghanistan & Pakistan",1989,5792.5791631313,5736.28243992278
Libya,LBY,"Middle East, North Africa, Afghanistan & Pakistan",1990,6502.27886565421,5792.5791631313
Libya,LBY,"Middle East, North Africa, Afghanistan & Pakistan",1991,7039.83391970596,6502.27886565421
Libya,LBY,"Middle East, North Africa, Afghanistan & Pakistan",1992,7302.68908679226,7039.83391970596
Libya,LBY,"Middle East, North Africa, Afghanistan & Pakistan",1993,6477.87035840641,7302.68908679226
Libya,LBY,"Middle East, North Africa, Afghanistan & Pakistan",1994,5933.29121354077,6477.87035840641
Libya,LBY,"Middle East, North Africa, Afghanistan & Pakistan",1995,5205.25706378741,5933.29121354077
Libya,LBY,"Middle East, North Africa, Afghanistan & Pakistan",1996,5591.02027544558,5205.25706378741
Libya,LBY,"Middle East, North Africa, Afghanistan & Pakistan",1997,6061.81366033598,5591.02027544558
Libya,LBY,"Middle East, North Africa, Afghanistan & Pakistan",1998,5301.08354775559,6061.81366033598
Libya,LBY,"Middle East, North Africa, Afghanistan & Pakistan",1999,6894.51875534758,5301.08354775559
Libya,LBY,"Middle East, North Africa, Afghanistan & Pakistan",2000,7214.10040377084,6894.51875534758
Libya,LBY,"Middle East, North Africa, Afghanistan & Pakistan",2001,6312.80030498965,7214.10040377084
Libya,LBY,"Middle East, North Africa, Afghanistan & Pakistan",2002,3718.29434696755,6312.80030498965
Libya,LBY,"Middle East, North Africa, Afghanistan & Pakistan",2003,4674.09943200321,3718.29434696755
Libya,LBY,"Middle East, North Africa, Afghanistan & Pakistan",2004,5773.76333234281,4674.09943200321
Libya,LBY,"Middle East, North Africa, Afghanistan & Pakistan",2005,8079.24957329001,5773.76333234281
Libya,LBY,"Middle East, North Africa, Afghanistan & Pakistan",2006,10048.8480434289,8079.24957329001
Libya,LBY,"Middle East, North Africa, Afghanistan & Pakistan",2007,11144.9448413435,10048.8480434289
Libya,LBY,"Middle East, North Africa, Afghanistan & Pakistan",2008,13906.1407818125,11144.9448413435
Libya,LBY,"Middle East, North Africa, Afghanistan & Pakistan",2009,9551.05403869755,13906.1407818125
Libya,LBY,"Middle East, North Africa, Afghanistan & Pakistan",2010,11600.9068649472,9551.05403869755
Libya,LBY,"Middle East, North Africa, Afghanistan & Pakistan",2011,7593.8391525702,11600.9068649472
Libya,LBY,"Middle East, North Africa, Afghanistan & Pakistan",2012,14975.8902795144,7593.8391525702
Libya,LBY,"Middle East, North Africa, Afghanistan & Pakistan",2013,11951.7134126011,14975.8902795144
Libya,LBY,"Middle East, North Africa, Afghanistan & Pakistan",2014,8926.42074591474,11951.7134126011
Libya,LBY,"Middle East, North Africa, Afghanistan & Pakistan",2015,7458.48917756374,8926.42074591474
Libya,LBY,"Middle East, North Africa, Afghanistan & Pakistan",2016,7525.80299308216,7458.48917756374
Libya,LBY,"Middle East, North Africa, Afghanistan & Pakistan",2017,9965.83236729757,7525.80299308216
Libya,LBY,"Middle East, North Africa, Afghanistan & Pakistan",2018,11196.5854810844,9965.83236729757
Libya,LBY,"Middle East, North Africa, Afghanistan & Pakistan",2019,9963.19489084483,11196.5854810844
Libya,LBY,"Middle East, North Africa, Afghanistan & Pakistan",2020,6650.33810585348,9963.19489084483
Libya,LBY,"Middle East, North Africa, Afghanistan & Pakistan",2021,4935.82787349801,6650.33810585348
Libya,LBY,"Middle East, North Africa, Afghanistan & Pakistan",2022,5986.63694851258,4935.82787349801
Libya,LBY,"Middle East, North Africa, Afghanistan & Pakistan",2023,6026.51518708812,5986.63694851258
Libya,LBY,"Middle East, North Africa, Afghanistan & Pakistan",2024,6569.16408678648,6026.51518708812
St. Lucia,LCA,Latin America & Caribbean ,1990,4204.57161863111,3565.01015783716
St. Lucia,LCA,Latin America & Caribbean ,1991,4398.67906897723,4204.57161863111
St. Lucia,LCA,Latin America & Caribbean ,1992,4759.83867808296,4398.67906897723
St. Lucia,LCA,Latin America & Caribbean ,1993,4764.72464839218,4759.83867808296
St. Lucia,LCA,Latin America & Caribbean ,1994,4892.06733637469,4764.72464839218
St. Lucia,LCA,Latin America & Caribbean ,1995,5147.92024022295,4892.06733637469
St. Lucia,LCA,Latin America & Caribbean ,1996,5244.01665086076,5147.92024022295
St. Lucia,LCA,Latin America & Caribbean ,1997,5282.37011402006,5244.01665086076
St. Lucia,LCA,Latin America & Caribbean ,1998,5672.51373770766,5282.37011402006
St. Lucia,LCA,Latin America & Caribbean ,1999,5882.83398968649,5672.51373770766
St. Lucia,LCA,Latin America & Caribbean ,2000,5879.56191426207,5882.83398968649
St. Lucia,LCA,Latin America & Caribbean ,2001,5570.45247098106,5879.56191426207
St. Lucia,LCA,Latin America & Caribbean ,2002,5567.89428424719,5570.45247098106
St. Lucia,LCA,Latin America & Caribbean ,2003,6058.60622059326,5567.89428424719
St. Lucia,LCA,Latin America & Caribbean ,2004,6494.60034867886,6058.60622059326
St. Lucia,LCA,Latin America & Caribbean ,2005,6863.43641919345,6494.60034867886
St. Lucia,LCA,Latin America & Caribbean ,2006,7611.17856675319,6863.43641919345
St. Lucia,LCA,Latin America & Caribbean ,2007,7964.38211480117,7611.17856675319
St. Lucia,LCA,Latin America & Caribbean ,2008,8516.96075488787,7964.38211480117
St. Lucia,LCA,Latin America & Caribbean ,2009,8250.52180732734,8516.96075488787
St. Lucia,LCA,Latin America & Caribbean ,2010,8673.68720340529,8250.52180732734
St. Lucia,LCA,Latin America & Caribbean ,2011,9128.99442011613,8673.68720340529
St. Lucia,LCA,Latin America & Caribbean ,2012,9260.30006551714,9128.99442011613
St. Lucia,LCA,Latin America & Caribbean ,2013,9577.21733754358,9260.30006551714
St. Lucia,LCA,Latin America & Caribbean ,2014,10044.8218377677,9577.21733754358
St. Lucia,LCA,Latin America & Caribbean ,2015,10334.9860823918,10044.8218377677
St. Lucia,LCA,Latin America & Caribbean ,2016,10638.1269396653,10334.9860823918
St. Lucia,LCA,Latin America & Caribbean ,2017,11333.1123822102,10638.1269396653
St. Lucia,LCA,Latin America & Caribbean ,2018,11642.6984727769,11333.1123822102
St. Lucia,LCA,Latin America & Caribbean ,2019,11794.0597229805,11642.6984727769
St. Lucia,LCA,Latin America & Caribbean ,2020,8411.07474936367,11794.0597229805
St. Lucia,LCA,Latin America & Caribbean ,2021,10459.1321248092,8411.07474936367
St. Lucia,LCA,Latin America & Caribbean ,2022,13103.8243147472,10459.1321248092
St. Lucia,LCA,Latin America & Caribbean ,2023,13554.7684784933,13103.8243147472
St. Lucia,LCA,Latin America & Caribbean ,2024,14181.6303351598,13554.7684784933
Liechtenstein,LIE,Europe & Central Asia,1980,20958.7395302666,19674.4126839447
Liechtenstein,LIE,Europe & Central Asia,1981,19929.4102802351,20958.7395302666
Liechtenstein,LIE,Europe & Central Asia,1982,19885.6126562976,19929.4102802351
Liechtenstein,LIE,Europe & Central Asia,1983,19814.8538489961,19885.6126562976
Liechtenstein,LIE,Europe & Central Asia,1984,18898.3678693391,19814.8538489961
Liechtenstein,LIE,Europe & Central Asia,1985,19684.2626852288,18898.3678693391
Liechtenstein,LIE,Europe & Central Asia,1986,28612.8865004795,19684.2626852288
Liechtenstein,LIE,Europe & Central Asia,1987,38206.2269467289,28612.8865004795
Liechtenstein,LIE,Europe & Central Asia,1988,41568.5441182755,38206.2269467289
Liechtenstein,LIE,Europe & Central Asia,1989,39551.6404002324,41568.5441182755
Liechtenstein,LIE,Europe & Central Asia,1990,49457.5609343203,39551.6404002324
Liechtenstein,LIE,Europe & Central Asia,1991,50811.7464531317,49457.5609343203
Liechtenstein,LIE,Europe & Central Asia,1992,55057.1110625654,50811.7464531317
Liechtenstein,LIE,Europe & Central Asia,1993,55604.5479972049,55057.1110625654
Liechtenstein,LIE,Europe & Central Asia,1994,63935.9902445462,55604.5479972049
Liechtenstein,LIE,Europe & Central Asia,1995,78909.7043377718,63935.9902445462
Liechtenstein,LIE,Europe & Central Asia,1996,80688.7182490376,78909.7043377718
Liechtenstein,LIE,Europe & Central Asia,1997,73590.8620289713,80688.7182490376
Liechtenstein,LIE,Europe & Central Asia,1998,78302.9905905848,73590.8620289713
Liechtenstein,LIE,Europe & Central Asia,1999,82682.284882177,78302.9905905848
Liechtenstein,LIE,Europe & Central Asia,2000,76087.911114202,82682.284882177
Liechtenstein,LIE,Europe & Central Asia,2001,75067.8001680043,76087.911114202
Liechtenstein,LIE,Europe & Central Asia,2002,79795.1785891101,75067.8001680043
Liechtenstein,LIE,Europe & Central Asia,2003,90108.3673647008,79795.1785891101
Liechtenstein,LIE,Europe & Central Asia,2004,100280.831356705,90108.3673647008
Liechtenstein,LIE,Europe & Central Asia,2005,105295.057027611,100280.831356705
Liechtenstein,LIE,Europe & Central Asia,2006,114167.939211301,105295.057027611
Liechtenstein,LIE,Europe & Central Asia,2007,130492.595349517,114167.939211301
Liechtenstein,LIE,Europe & Central Asia,2008,143249.227302093,130492.595349517
Liechtenstein,LIE,Europe & Central Asia,2009,126024.714567466,143249.227302093
Liechtenstein,LIE,Europe & Central Asia,2010,141089.812849014,126024.714567466
Liechtenstein,LIE,Europe & Central Asia,2011,158066.369379163,141089.812849014
Liechtenstein,LIE,Europe & Central Asia,2012,148842.035144342,158066.369379163
Liechtenstein,LIE,Europe & Central Asia,2013,172823.607794648,148842.035144342
Liechtenstein,LIE,Europe & Central Asia,2014,178735.153020908,172823.607794648
Liechtenstein,LIE,Europe & Central Asia,2015,167187.15730982,178735.153020908
Liechtenstein,LIE,Europe & Central Asia,2016,165375.491396259,167187.15730982
Liechtenstein,LIE,Europe & Central Asia,2017,170547.092298954,165375.491396259
Liechtenstein,LIE,Europe & Central Asia,2018,174988.775083446,170547.092298954
Liechtenstein,LIE,Europe & Central Asia,2019,166907.839305016,174988.775083446
Liechtenstein,LIE,Europe & Central Asia,2020,164671.093553454,166907.839305016
Liechtenstein,LIE,Europe & Central Asia,2021,201944.830335076,164671.093553454
Liechtenstein,LIE,Europe & Central Asia,2022,188055.003235348,201944.830335076
Liechtenstein,LIE,Europe & Central Asia,2023,206780.590353385,188055.003235348
Sri Lanka,LKA,South Asia,1970,186.900791824546,163.60657987529
Sri Lanka,LKA,South Asia,1971,188.760802167739,186.900791824546
Sri Lanka,LKA,South Asia,1972,199.38289288123,188.760802167739
Sri Lanka,LKA,South Asia,1973,220.170239208337,199.38289288123
Sri Lanka,LKA,South Asia,1974,268.650905004753,220.170239208337
Sri Lanka,LKA,South Asia,1975,279.82158260032,268.650905004753
Sri Lanka,LKA,South Asia,1976,260.301495010261,279.82158260032
Sri Lanka,LKA,South Asia,1977,292.148992496788,260.301495010261
Sri Lanka,LKA,South Asia,1978,190.996464636951,292.148992496788
Sri Lanka,LKA,South Asia,1979,230.775069370251,190.996464636951
Sri Lanka,LKA,South Asia,1980,271.055290073685,230.775069370251
Sri Lanka,LKA,South Asia,1981,292.45135975768,271.055290073685
Sri Lanka,LKA,South Asia,1982,311.957878889278,292.45135975768
Sri Lanka,LKA,South Asia,1983,335.823151714647,311.957878889278
Sri Lanka,LKA,South Asia,1984,391.369617569858,335.823151714647
Sri Lanka,LKA,South Asia,1985,384.611537689196,391.369617569858
Sri Lanka,LKA,South Asia,1986,407.164600454213,384.611537689196
Sri Lanka,LKA,South Asia,1987,419.824409443665,407.164600454213
Sri Lanka,LKA,South Asia,1988,434.015552780537,419.824409443665
Sri Lanka,LKA,South Asia,1989,430.02388973818,434.015552780537
Sri Lanka,LKA,South Asia,1990,491.213686238493,430.02388973818
Sri Lanka,LKA,South Asia,1991,546.292515570886,491.213686238493
Sri Lanka,LKA,South Asia,1992,579.655117618283,546.292515570886
Sri Lanka,LKA,South Asia,1993,607.231847102846,579.655117618283
Sri Lanka,LKA,South Asia,1994,678.268012020205,607.231847102846
Sri Lanka,LKA,South Asia,1995,741.838255293455,678.268012020205
Sri Lanka,LKA,South Asia,1996,776.192371057587,741.838255293455
Sri Lanka,LKA,South Asia,1997,827.035756058631,776.192371057587
Sri Lanka,LKA,South Asia,1998,847.533577843861,827.035756058631
Sri Lanka,LKA,South Asia,1999,829.356379527539,847.533577843861
Sri Lanka,LKA,South Asia,2000,860.199884304769,829.356379527539
Sri Lanka,LKA,South Asia,2001,803.544026627385,860.199884304769
Sri Lanka,LKA,South Asia,2002,834.936014905338,803.544026627385
Sri Lanka,LKA,South Asia,2003,946.382255128072,834.936014905338
Sri Lanka,LKA,South Asia,2004,1028.62068132555,946.382255128072
Sri Lanka,LKA,South Asia,2005,1207.21994764165,1028.62068132555
Sri Lanka,LKA,South Asia,2006,1388.89739119932,1207.21994764165
Sri Lanka,LKA,South Asia,2007,1578.63451125392,1388.89739119932
Sri Lanka,LKA,South Asia,2008,1973.58476901287,1578.63451125392
Sri Lanka,LKA,South Asia,2009,2026.65939950702,1973.58476901287
Sri Lanka,LKA,South Asia,2010,2808.36244503709,2026.65939950702
Sri Lanka,LKA,South Asia,2011,3224.95745150496,2808.36244503709
Sri Lanka,LKA,South Asia,2012,3327.77613691283,3224.95745150496
Sri Lanka,LKA,South Asia,2013,3739.43181100202,3327.77613691283
Sri Lanka,LKA,South Asia,2014,3972.04375736464,3739.43181100202
Sri Lanka,LKA,South Asia,2015,4057.7158346231,3972.04375736464
Sri Lanka,LKA,South Asia,2016,4149.19190775593,4057.7158346231
Sri Lanka,LKA,South Asia,2017,4398.88828068715,4149.19190775593
Sri Lanka,LKA,South Asia,2018,4358.56095906047,4398.88828068715
Sri Lanka,LKA,South Asia,2019,4081.94772722003,4358.56095906047
Sri Lanka,LKA,South Asia,2020,3847.60137695639,4081.94772722003
Sri Lanka,LKA,South Asia,2021,3996.96240014909,3847.60137695639
Sri Lanka,LKA,South Asia,2022,3342.63650253855,3996.96240014909
Sri Lanka,LKA,South Asia,2023,3798.89016573011,3342.63650253855
Sri Lanka,LKA,South Asia,2024,4515.56787322732,3798.89016573011
Lesotho,LSO,Sub-Saharan Africa ,1970,67.4401975761263,67.0950360280091
Lesotho,LSO,Sub-Saharan Africa ,1971,72.4076446248424,67.4401975761263
Lesotho,LSO,Sub-Saharan Africa ,1972,73.9566189783241,72.4076446248424
Lesotho,LSO,Sub-Saharan Africa ,1973,106.991292251913,73.9566189783241
Lesotho,LSO,Sub-Saharan Africa ,1974,128.666618214693,106.991292251913
Lesotho,LSO,Sub-Saharan Africa ,1975,123.231375218727,128.666618214693
Lesotho,LSO,Sub-Saharan Africa ,1976,117.825077692245,123.231375218727
Lesotho,LSO,Sub-Saharan Africa ,1977,149.860460251124,117.825077692245
Lesotho,LSO,Sub-Saharan Africa ,1978,200.845413521682,149.860460251124
Lesotho,LSO,Sub-Saharan Africa ,1979,212.370938385373,200.845413521682
Lesotho,LSO,Sub-Saharan Africa ,1980,306.815565970065,212.370938385373
Lesotho,LSO,Sub-Saharan Africa ,1981,299.839326847018,306.815565970065
Lesotho,LSO,Sub-Saharan Africa ,1982,233.939892397725,299.839326847018
Lesotho,LSO,Sub-Saharan Africa ,1983,252.017748063376,233.939892397725
Lesotho,LSO,Sub-Saharan Africa ,1984,210.998495414288,252.017748063376
Lesotho,LSO,Sub-Saharan Africa ,1985,165.373921882027,210.998495414288
Lesotho,LSO,Sub-Saharan Africa ,1986,191.375758184053,165.373921882027
Lesotho,LSO,Sub-Saharan Africa ,1987,236.451032636079,191.375758184053
Lesotho,LSO,Sub-Saharan Africa ,1988,270.36712009929,236.451032636079
Lesotho,LSO,Sub-Saharan Africa ,1989,279.035252539421,270.36712009929
Lesotho,LSO,Sub-Saharan Africa ,1990,329.563785157203,279.035252539421
Lesotho,LSO,Sub-Saharan Africa ,1991,382.291247739142,329.563785157203
Lesotho,LSO,Sub-Saharan Africa ,1992,443.624297195576,382.291247739142
Lesotho,LSO,Sub-Saharan Africa ,1993,439.365410681482,443.624297195576
Lesotho,LSO,Sub-Saharan Africa ,1994,455.593586203956,439.365410681482
Lesotho,LSO,Sub-Saharan Africa ,1995,513.413448796175,455.593586203956
Lesotho,LSO,Sub-Saharan Africa ,1996,479.671394625707,513.413448796175
Lesotho,LSO,Sub-Saharan Africa ,1997,501.981388900965,479.671394625707
Lesotho,LSO,Sub-Saharan Africa ,1998,464.683745548265,501.981388900965
Lesotho,LSO,Sub-Saharan Africa ,1999,455.650054387377,464.683745548265
Lesotho,LSO,Sub-Saharan Africa ,2000,442.779545779081,455.650054387377
Lesotho,LSO,Sub-Saharan Africa ,2001,412.677473676821,442.779545779081
Lesotho,LSO,Sub-Saharan Africa ,2002,388.92334985135,412.677473676821
Lesotho,LSO,Sub-Saharan Africa ,2003,583.270036200288,388.92334985135
Lesotho,LSO,Sub-Saharan Africa ,2004,766.685820928242,583.270036200288
Lesotho,LSO,Sub-Saharan Africa ,2005,861.381496414995,766.685820928242
Lesotho,LSO,Sub-Saharan Africa ,2006,925.467485502842,861.381496414995
Lesotho,LSO,Sub-Saharan Africa ,2007,861.188420899563,925.467485502842
Lesotho,LSO,Sub-Saharan Africa ,2008,898.482517882593,861.188420899563
Lesotho,LSO,Sub-Saharan Africa ,2009,878.847950537772,898.482517882593
Lesotho,LSO,Sub-Saharan Africa ,2010,1119.47557793042,878.847950537772
Lesotho,LSO,Sub-Saharan Africa ,2011,1280.73390931581,1119.47557793042
Lesotho,LSO,Sub-Saharan Africa ,2012,1217.93071228944,1280.73390931581
Lesotho,LSO,Sub-Saharan Africa ,2013,1151.03735837227,1217.93071228944
Lesotho,LSO,Sub-Saharan Africa ,2014,1173.5377928819,1151.03735837227
Lesotho,LSO,Sub-Saharan Africa ,2015,1121.19851342518,1173.5377928819
Lesotho,LSO,Sub-Saharan Africa ,2016,992.491840678465,1121.19851342518
Lesotho,LSO,Sub-Saharan Africa ,2017,1069.36673247542,992.491840678465
Lesotho,LSO,Sub-Saharan Africa ,2018,1170.65569702819,1069.36673247542
Lesotho,LSO,Sub-Saharan Africa ,2019,1082.05706777516,1170.65569702819
Lesotho,LSO,Sub-Saharan Africa ,2020,918.582574704447,1082.05706777516
Lesotho,LSO,Sub-Saharan Africa ,2021,1066.58645143823,918.582574704447
Lesotho,LSO,Sub-Saharan Africa ,2022,1030.12582947757,1066.58645143823
Lesotho,LSO,Sub-Saharan Africa ,2023,916.282976983803,1030.12582947757
Lesotho,LSO,Sub-Saharan Africa ,2024,971.90771824829,916.282976983803
Lithuania,LTU,Europe & Central Asia,2005,7857.03148786492,6734.57487061946
Lithuania,LTU,Europe & Central Asia,2006,9210.10118229413,7857.03148786492
Lithuania,LTU,Europe & Central Asia,2007,12295.1212779366,9210.10118229413
Lithuania,LTU,Europe & Central Asia,2008,14955.5345462921,12295.1212779366
Lithuania,LTU,Europe & Central Asia,2009,11854.3711053096,14955.5345462921
Lithuania,LTU,Europe & Central Asia,2010,11829.122609457,11854.3711053096
Lithuania,LTU,Europe & Central Asia,2011,14261.8433787325,11829.122609457
Lithuania,LTU,Europe & Central Asia,2012,14288.1853493139,14261.8433787325
Lithuania,LTU,Europe & Central Asia,2013,15636.5252586048,14288.1853493139
Lithuania,LTU,Europe & Central Asia,2014,16446.1647181663,15636.5252586048
Lithuania,LTU,Europe & Central Asia,2015,14269.8039878287,16446.1647181663
Lithuania,LTU,Europe & Central Asia,2016,14934.2702840428,14269.8039878287
Lithuania,LTU,Europe & Central Asia,2017,16800.1510246099,14934.2702840428
Lithuania,LTU,Europe & Central Asia,2018,19247.2315367967,16800.1510246099
Lithuania,LTU,Europe & Central Asia,2019,19608.7943945553,19247.2315367967
Lithuania,LTU,Europe & Central Asia,2020,20428.6478157394,19608.7943945553
Lithuania,LTU,Europe & Central Asia,2021,23870.4594851722,20428.6478157394
Lithuania,LTU,Europe & Central Asia,2022,25085.784063499,23870.4594851722
Lithuania,LTU,Europe & Central Asia,2023,27786.0057829276,25085.784063499
Lithuania,LTU,Europe & Central Asia,2024,29384.0189598663,27786.0057829276
Luxembourg,LUX,Europe & Central Asia,1970,4298.03389742102,3690.17182620062
Luxembourg,LUX,Europe & Central Asia,1971,4435.39800823681,4298.03389742102
Luxembourg,LUX,Europe & Central Asia,1972,5486.72062789089,4435.39800823681
Luxembourg,LUX,Europe & Central Asia,1973,7447.21301786664,5486.72062789089
Luxembourg,LUX,Europe & Central Asia,1974,8966.72895879047,7447.21301786664
Luxembourg,LUX,Europe & Central Asia,1975,8701.30473139249,8966.72895879047
Luxembourg,LUX,Europe & Central Asia,1976,9490.6903118849,8701.30473139249
Luxembourg,LUX,Europe & Central Asia,1977,10486.3357891095,9490.6903118849
Luxembourg,LUX,Europe & Central Asia,1978,13034.3882079614,10486.3357891095
Luxembourg,LUX,Europe & Central Asia,1979,15204.3308191994,13034.3882079614
Luxembourg,LUX,Europe & Central Asia,1980,16531.1148988397,15204.3308191994
Luxembourg,LUX,Europe & Central Asia,1981,13837.1299814617,16531.1148988397
Luxembourg,LUX,Europe & Central Asia,1982,12590.9767956204,13837.1299814617
Luxembourg,LUX,Europe & Central Asia,1983,12374.0304234408,12590.9767956204
Luxembourg,LUX,Europe & Central Asia,1984,12126.9391987909,12374.0304234408
Luxembourg,LUX,Europe & Central Asia,1985,12481.9658448559,12126.9391987909
Luxembourg,LUX,Europe & Central Asia,1986,18149.8692500239,12481.9658448559
Luxembourg,LUX,Europe & Central Asia,1987,22443.4314633012,18149.8692500239
Luxembourg,LUX,Europe & Central Asia,1988,25219.3542781732,22443.4314633012
Luxembourg,LUX,Europe & Central Asia,1989,26618.0695774968,25219.3542781732
Luxembourg,LUX,Europe & Central Asia,1990,33465.478207919,26618.0695774968
Luxembourg,LUX,Europe & Central Asia,1991,35747.3377992066,33465.478207919
Luxembourg,LUX,Europe & Central Asia,1992,39570.8615665986,35747.3377992066
Luxembourg,LUX,Europe & Central Asia,1993,40066.7242518773,39570.8615665986
Luxembourg,LUX,Europe & Central Asia,1994,43933.235442736,40066.7242518773
Luxembourg,LUX,Europe & Central Asia,1995,51032.349635318,43933.235442736
Luxembourg,LUX,Europe & Central Asia,1996,50444.3591236175,51032.349635318
Luxembourg,LUX,Europe & Central Asia,1997,46641.6408754876,50444.3591236175
Luxembourg,LUX,Europe & Central Asia,1998,47445.3810812051,46641.6408754876
Luxembourg,LUX,Europe & Central Asia,1999,50872.4492684624,47445.3810812051
Luxembourg,LUX,Europe & Central Asia,2000,48659.5988753233,50872.4492684624
Luxembourg,LUX,Europe & Central Asia,2001,48440.1420151355,48659.5988753233
Luxembourg,LUX,Europe & Central Asia,2002,53005.7339209179,48440.1420151355
Luxembourg,LUX,Europe & Central Asia,2003,65689.3214536911,53005.7339209179
Luxembourg,LUX,Europe & Central Asia,2004,76544.9170868473,65689.3214536911
Luxembourg,LUX,Europe & Central Asia,2005,80988.1376230858,76544.9170868473
Luxembourg,LUX,Europe & Central Asia,2006,90788.8004876145,80988.1376230858
Luxembourg,LUX,Europe & Central Asia,2007,107475.320297978,90788.8004876145
Luxembourg,LUX,Europe & Central Asia,2008,120422.137934157,107475.320297978
Luxembourg,LUX,Europe & Central Asia,2009,109419.746953106,120422.137934157
Luxembourg,LUX,Europe & Central Asia,2010,110885.991378721,109419.746953106
Luxembourg,LUX,Europe & Central Asia,2011,119025.057203467,110885.991378721
Luxembourg,LUX,Europe & Central Asia,2012,112584.676270958,119025.057203467
Luxembourg,LUX,Europe & Central Asia,2013,120000.140729859,112584.676270958
Luxembourg,LUX,Europe & Central Asia,2014,123678.702143275,120000.140729859
Luxembourg,LUX,Europe & Central Asia,2015,105462.012584423,123678.702143275
Luxembourg,LUX,Europe & Central Asia,2016,106899.293549552,105462.012584423
Luxembourg,LUX,Europe & Central Asia,2017,110193.213797228,106899.293549552
Luxembourg,LUX,Europe & Central Asia,2018,116926.759593905,110193.213797228
Luxembourg,LUX,Europe & Central Asia,2019,112696.649059674,116926.759593905
Luxembourg,LUX,Europe & Central Asia,2020,116860.02817236,112696.649059674
Luxembourg,LUX,Europe & Central Asia,2021,134965.815442152,116860.02817236
Luxembourg,LUX,Europe & Central Asia,2022,123719.658915996,134965.815442152
Luxembourg,LUX,Europe & Central Asia,2023,133230.619178899,123719.658915996
Luxembourg,LUX,Europe & Central Asia,2024,137781.681659123,133230.619178899
Latvia,LVA,Europe & Central Asia,2005,7283.78738127622,6109.73265186817
Latvia,LVA,Europe & Central Asia,2006,9211.7374468148,7283.78738127622
Latvia,LVA,Europe & Central Asia,2007,13370.9789452508,9211.7374468148
Latvia,LVA,Europe & Central Asia,2008,15677.6080864506,13370.9789452508
Latvia,LVA,Europe & Central Asia,2009,11996.0322729773,15677.6080864506
Latvia,LVA,Europe & Central Asia,2010,11188.4191700977,11996.0322729773
Latvia,LVA,Europe & Central Asia,2011,12902.574053337,11188.4191700977
Latvia,LVA,Europe & Central Asia,2012,13329.3499931271,12902.574053337
Latvia,LVA,Europe & Central Asia,2013,14484.4715282132,13329.3499931271
Latvia,LVA,Europe & Central Asia,2014,15185.814581236,14484.4715282132
Latvia,LVA,Europe & Central Asia,2015,13321.9753140616,15185.814581236
Latvia,LVA,Europe & Central Asia,2016,13838.5266823272,13321.9753140616
Latvia,LVA,Europe & Central Asia,2017,15132.4958333982,13838.5266823272
Latvia,LVA,Europe & Central Asia,2018,17252.1710428626,15132.4958333982
Latvia,LVA,Europe & Central Asia,2019,17294.9751600969,17252.1710428626
Latvia,LVA,Europe & Central Asia,2020,17564.2321549354,17294.9751600969
Latvia,LVA,Europe & Central Asia,2021,20261.8887788916,17564.2321549354
Latvia,LVA,Europe & Central Asia,2022,20221.103686109,20261.8887788916
Latvia,LVA,Europe & Central Asia,2023,22710.2637544197,20221.103686109
Latvia,LVA,Europe & Central Asia,2024,23409.0845154775,22710.2637544197
"Macao SAR, China",MAC,East Asia & Pacific,1992,13249.8387410349,10707.3786750774
"Macao SAR, China",MAC,East Asia & Pacific,1993,14754.1825906333,13249.8387410349
"Macao SAR, China",MAC,East Asia & Pacific,1994,15905.2615421482,14754.1825906333
"Macao SAR, China",MAC,East Asia & Pacific,1995,17215.1178522275,15905.2615421482
"Macao SAR, China",MAC,East Asia & Pacific,1996,17289.5517956917,17215.1178522275
"Macao SAR, China",MAC,East Asia & Pacific,1997,17415.6982810978,17289.5517956917
"Macao SAR, China",MAC,East Asia & Pacific,1998,16094.9913844594,17415.6982810978
"Macao SAR, China",MAC,East Asia & Pacific,1999,15318.6006770368,16094.9913844594
"Macao SAR, China",MAC,East Asia & Pacific,2000,15731.4081633771,15318.6006770368
"Macao SAR, China",MAC,East Asia & Pacific,2001,15810.7227666562,15731.4081633771
"Macao SAR, China",MAC,East Asia & Pacific,2002,16814.9926424134,15810.7227666562
"Macao SAR, China",MAC,East Asia & Pacific,2003,18589.8998330534,16814.9926424134
"Macao SAR, China",MAC,East Asia & Pacific,2004,23407.1993692194,18589.8998330534
"Macao SAR, China",MAC,East Asia & Pacific,2005,25681.2167315221,23407.1993692194
"Macao SAR, China",MAC,East Asia & Pacific,2006,29813.7877167933,25681.2167315221
"Macao SAR, China",MAC,East Asia & Pacific,2007,35400.2334659409,29813.7877167933
"Macao SAR, China",MAC,East Asia & Pacific,2008,38888.5118044503,35400.2334659409
"Macao SAR, China",MAC,East Asia & Pacific,2009,40354.2810293673,38888.5118044503
"Macao SAR, China",MAC,East Asia & Pacific,2010,52596.2250160214,40354.2810293673
"Macao SAR, China",MAC,East Asia & Pacific,2011,67046.7284292101,52596.2250160214
"Macao SAR, China",MAC,East Asia & Pacific,2012,76058.0224963659,67046.7284292101
"Macao SAR, China",MAC,East Asia & Pacific,2013,87107.8313063626,76058.0224963659
"Macao SAR, China",MAC,East Asia & Pacific,2014,88355.3181764446,87107.8313063626
"Macao SAR, China",MAC,East Asia & Pacific,2015,69902.9605741233,88355.3181764446
"Macao SAR, China",MAC,East Asia & Pacific,2016,68911.6755919628,69902.9605741233
"Macao SAR, China",MAC,East Asia & Pacific,2017,77570.9876166977,68911.6755919628
"Macao SAR, China",MAC,East Asia & Pacific,2018,83588.2875009014,77570.9876166977
"Macao SAR, China",MAC,East Asia & Pacific,2019,81882.6964523869,83588.2875009014
"Macao SAR, China",MAC,East Asia & Pacific,2020,36883.6652578543,81882.6964523869
"Macao SAR, China",MAC,East Asia & Pacific,2021,44884.8961602393,36883.6652578543
"Macao SAR, China",MAC,East Asia & Pacific,2022,36806.891255461,44884.8961602393
"Macao SAR, China",MAC,East Asia & Pacific,2023,67216.3631112124,36806.891255461
"Macao SAR, China",MAC,East Asia & Pacific,2024,72004.7437020733,67216.3631112124
Morocco,MAR,"Middle East, North Africa, Afghanistan & Pakistan",1970,260.26513671875,246.799652099609
Morocco,MAR,"Middle East, North Africa, Afghanistan & Pakistan",1971,279.167236328125,260.26513671875
Morocco,MAR,"Middle East, North Africa, Afghanistan & Pakistan",1972,317.074066162109,279.167236328125
Morocco,MAR,"Middle East, North Africa, Afghanistan & Pakistan",1973,380.527801513672,317.074066162109
Morocco,MAR,"Middle East, North Africa, Afghanistan & Pakistan",1974,456.592529296875,380.527801513672
Morocco,MAR,"Middle East, North Africa, Afghanistan & Pakistan",1975,521.838928222656,456.592529296875
Morocco,MAR,"Middle East, North Africa, Afghanistan & Pakistan",1976,543.368469238281,521.838928222656
Morocco,MAR,"Middle East, North Africa, Afghanistan & Pakistan",1977,610.750366210938,543.368469238281
Morocco,MAR,"Middle East, North Africa, Afghanistan & Pakistan",1978,712.879638671875,610.750366210938
Morocco,MAR,"Middle East, North Africa, Afghanistan & Pakistan",1979,834.812133789063,712.879638671875
Morocco,MAR,"Middle East, North Africa, Afghanistan & Pakistan",1980,1109.88220214844,834.812133789063
Morocco,MAR,"Middle East, North Africa, Afghanistan & Pakistan",1981,884.443237304688,1109.88220214844
Morocco,MAR,"Middle East, North Africa, Afghanistan & Pakistan",1982,856.569763183594,884.443237304688
Morocco,MAR,"Middle East, North Africa, Afghanistan & Pakistan",1983,766.529602050781,856.569763183594
Morocco,MAR,"Middle East, North Africa, Afghanistan & Pakistan",1984,681.909729003906,766.529602050781
Morocco,MAR,"Middle East, North Africa, Afghanistan & Pakistan",1985,673.2900390625,681.909729003906
Morocco,MAR,"Middle East, North Africa, Afghanistan & Pakistan",1986,855.169311523438,673.2900390625
Morocco,MAR,"Middle East, North Africa, Afghanistan & Pakistan",1987,937.457153320313,855.169311523438
Morocco,MAR,"Middle East, North Africa, Afghanistan & Pakistan",1988,1086.03527832031,937.457153320313
Morocco,MAR,"Middle East, North Africa, Afghanistan & Pakistan",1989,1091.27624511719,1086.03527832031
Morocco,MAR,"Middle East, North Africa, Afghanistan & Pakistan",1990,1229.07104492188,1091.27624511719
Morocco,MAR,"Middle East, North Africa, Afghanistan & Pakistan",1991,1292.23376464844,1229.07104492188
Morocco,MAR,"Middle East, North Africa, Afghanistan & Pakistan",1992,1327.02954101563,1292.23376464844
Morocco,MAR,"Middle East, North Africa, Afghanistan & Pakistan",1993,1226.43054199219,1327.02954101563
Morocco,MAR,"Middle East, North Africa, Afghanistan & Pakistan",1994,1358.79443359375,1226.43054199219
Morocco,MAR,"Middle East, North Africa, Afghanistan & Pakistan",1995,1466.78820800781,1358.79443359375
Morocco,MAR,"Middle East, North Africa, Afghanistan & Pakistan",1996,1596.83239746094,1466.78820800781
Morocco,MAR,"Middle East, North Africa, Afghanistan & Pakistan",1997,1426.30114746094,1596.83239746094
Morocco,MAR,"Middle East, North Africa, Afghanistan & Pakistan",1998,1668.49755859375,1426.30114746094
Morocco,MAR,"Middle East, North Africa, Afghanistan & Pakistan",1999,1635.65673828125,1668.49755859375
Morocco,MAR,"Middle East, North Africa, Afghanistan & Pakistan",2000,1499.107421875,1635.65673828125
Morocco,MAR,"Middle East, North Africa, Afghanistan & Pakistan",2001,1506.24523925781,1499.107421875
Morocco,MAR,"Middle East, North Africa, Afghanistan & Pakistan",2002,1596.02062988281,1506.24523925781
Morocco,MAR,"Middle East, North Africa, Afghanistan & Pakistan",2003,1941.87255859375,1596.02062988281
Morocco,MAR,"Middle East, North Africa, Afghanistan & Pakistan",2004,2183.55541992188,1941.87255859375
Morocco,MAR,"Middle East, North Africa, Afghanistan & Pakistan",2005,2242.98828125,2183.55541992188
Morocco,MAR,"Middle East, North Africa, Afghanistan & Pakistan",2006,2438.12646484375,2242.98828125
Morocco,MAR,"Middle East, North Africa, Afghanistan & Pakistan",2007,2755.5859375,2438.12646484375
Morocco,MAR,"Middle East, North Africa, Afghanistan & Pakistan",2008,3183.20043945313,2755.5859375
Morocco,MAR,"Middle East, North Africa, Afghanistan & Pakistan",2009,3119.58862304688,3183.20043945313
Morocco,MAR,"Middle East, North Africa, Afghanistan & Pakistan",2010,3067.9853515625,3119.58862304688
Morocco,MAR,"Middle East, North Africa, Afghanistan & Pakistan",2011,3301.98876953125,3067.9853515625
Morocco,MAR,"Middle East, North Africa, Afghanistan & Pakistan",2012,3164.17724609375,3301.98876953125
Morocco,MAR,"Middle East, North Africa, Afghanistan & Pakistan",2013,3379.7431640625,3164.17724609375
Morocco,MAR,"Middle East, North Africa, Afghanistan & Pakistan",2014,3435.40698242188,3379.7431640625
Morocco,MAR,"Middle East, North Africa, Afghanistan & Pakistan",2015,3146.24780273438,3435.40698242188
Morocco,MAR,"Middle East, North Africa, Afghanistan & Pakistan",2016,3140.85546875,3146.24780273438
Morocco,MAR,"Middle East, North Africa, Afghanistan & Pakistan",2017,3296.52661132813,3140.85546875
Morocco,MAR,"Middle East, North Africa, Afghanistan & Pakistan",2018,3501.69799804688,3296.52661132813
Morocco,MAR,"Middle East, North Africa, Afghanistan & Pakistan",2019,3508.09765625,3501.69799804688
Morocco,MAR,"Middle East, North Africa, Afghanistan & Pakistan",2020,3268.0302734375,3508.09765625
Morocco,MAR,"Middle East, North Africa, Afghanistan & Pakistan",2021,3785.93627929688,3268.0302734375
Morocco,MAR,"Middle East, North Africa, Afghanistan & Pakistan",2022,3463.1376953125,3785.93627929688
Morocco,MAR,"Middle East, North Africa, Afghanistan & Pakistan",2023,3813.72607421875,3463.1376953125
Morocco,MAR,"Middle East, North Africa, Afghanistan & Pakistan",2024,4153.1943359375,3813.72607421875
Monaco,MCO,Europe & Central Asia,1980,50813.9342272643,44989.9653239249
Monaco,MCO,Europe & Central Asia,1981,44157.4267369518,50813.9342272643
Monaco,MCO,Europe & Central Asia,1982,41479.49844229,44157.4267369518
Monaco,MCO,Europe & Central Asia,1983,39075.8356409009,41479.49844229
Monaco,MCO,Europe & Central Asia,1984,36582.3672009832,39075.8356409009
Monaco,MCO,Europe & Central Asia,1985,37689.8648613491,36582.3672009832
Monaco,MCO,Europe & Central Asia,1986,52082.4508807502,37689.8648613491
Monaco,MCO,Europe & Central Asia,1987,62456.0708848997,52082.4508807502
Monaco,MCO,Europe & Central Asia,1988,67180.5763713568,62456.0708848997
Monaco,MCO,Europe & Central Asia,1989,66815.7104498273,67180.5763713568
Monaco,MCO,Europe & Central Asia,1990,81734.8664968011,66815.7104498273
Monaco,MCO,Europe & Central Asia,1991,80997.2520924871,81734.8664968011
Monaco,MCO,Europe & Central Asia,1992,88614.926367223,80997.2520924871
Monaco,MCO,Europe & Central Asia,1993,82685.4559266948,88614.926367223
Monaco,MCO,Europe & Central Asia,1994,86703.8130529474,82685.4559266948
Monaco,MCO,Europe & Central Asia,1995,99032.2375054091,86703.8130529474
Monaco,MCO,Europe & Central Asia,1996,98561.0137425657,99032.2375054091
Monaco,MCO,Europe & Central Asia,1997,88581.7044683607,98561.0137425657
Monaco,MCO,Europe & Central Asia,1998,90947.2051224438,88581.7044683607
Monaco,MCO,Europe & Central Asia,1999,89698.1993575302,90947.2051224438
Monaco,MCO,Europe & Central Asia,2000,81789.0206522549,89698.1993575302
Monaco,MCO,Europe & Central Asia,2001,82402.7809570189,81789.0206522549
Monaco,MCO,Europe & Central Asia,2002,90051.4459877468,82402.7809570189
Monaco,MCO,Europe & Central Asia,2003,111110.451312249,90051.4459877468
Monaco,MCO,Europe & Central Asia,2004,125160.228087598,111110.451312249
Monaco,MCO,Europe & Central Asia,2005,130538.742587117,125160.228087598
Monaco,MCO,Europe & Central Asia,2006,143083.461107202,130538.742587117
Monaco,MCO,Europe & Central Asia,2007,184558.556593338,143083.461107202
Monaco,MCO,Europe & Central Asia,2008,204263.797114294,184558.556593338
Monaco,MCO,Europe & Central Asia,2009,169150.267344616,204263.797114294
Monaco,MCO,Europe & Central Asia,2010,161853.920622244,169150.267344616
Monaco,MCO,Europe & Central Asia,2011,179363.984221513,161853.920622244
Monaco,MCO,Europe & Central Asia,2012,165444.651378771,179363.984221513
Monaco,MCO,Europe & Central Asia,2013,184940.663804718,165444.651378771
Monaco,MCO,Europe & Central Asia,2014,195693.570738894,184940.663804718
Monaco,MCO,Europe & Central Asia,2015,170437.101188261,195693.570738894
Monaco,MCO,Europe & Central Asia,2016,173604.753555915,170437.101188261
Monaco,MCO,Europe & Central Asia,2017,170663.375247872,173604.753555915
Monaco,MCO,Europe & Central Asia,2018,188298.315668437,170663.375247872
Monaco,MCO,Europe & Central Asia,2019,193746.785647412,188298.315668437
Monaco,MCO,Europe & Central Asia,2020,176891.886538492,193746.785647412
Monaco,MCO,Europe & Central Asia,2021,223823.363960226,176891.886538492
Monaco,MCO,Europe & Central Asia,2022,226052.001905201,223823.363960226
Monaco,MCO,Europe & Central Asia,2023,256799.788612806,226052.001905201
Monaco,MCO,Europe & Central Asia,2024,288001.433369041,256799.788612806
Moldova,MDA,Europe & Central Asia,2000,440.538683980372,399.499818596336
Moldova,MDA,Europe & Central Asia,2001,507.404076252819,440.538683980372
Moldova,MDA,Europe & Central Asia,2002,570.799866188293,507.404076252819
Moldova,MDA,Europe & Central Asia,2003,682.319095965299,570.799866188293
Moldova,MDA,Europe & Central Asia,2004,897.178494749468,682.319095965299
Moldova,MDA,Europe & Central Asia,2005,1034.39197746993,897.178494749468
Moldova,MDA,Europe & Central Asia,2006,1183.02481442894,1034.39197746993
Moldova,MDA,Europe & Central Asia,2007,1531.21618590748,1183.02481442894
Moldova,MDA,Europe & Central Asia,2008,2110.55305353857,1531.21618590748
Moldova,MDA,Europe & Central Asia,2009,1898.43975710988,2110.55305353857
Moldova,MDA,Europe & Central Asia,2010,2436.79935102421,1898.43975710988
Moldova,MDA,Europe & Central Asia,2011,2941.36224066021,2436.79935102421
Moldova,MDA,Europe & Central Asia,2012,3044.8084324815,2941.36224066021
Moldova,MDA,Europe & Central Asia,2013,3321.04397795719,3044.8084324815
Moldova,MDA,Europe & Central Asia,2014,3289.95758568777,3321.04397795719
Moldova,MDA,Europe & Central Asia,2015,2749.55137054338,3289.95758568777
Moldova,MDA,Europe & Central Asia,2016,2847.08794770479,2749.55137054338
Moldova,MDA,Europe & Central Asia,2017,3453.26727720294,2847.08794770479
Moldova,MDA,Europe & Central Asia,2018,4156.44981956646,3453.26727720294
Moldova,MDA,Europe & Central Asia,2019,4405.33418162155,4156.44981956646
Moldova,MDA,Europe & Central Asia,2020,4375.7788930524,4405.33418162155
Moldova,MDA,Europe & Central Asia,2021,5274.60582195352,4375.7788930524
Moldova,MDA,Europe & Central Asia,2022,5744.29618434435,5274.60582195352
Moldova,MDA,Europe & Central Asia,2023,6799.58594644576,5744.29618434435
Moldova,MDA,Europe & Central Asia,2024,7576.19589413326,6799.58594644576
Madagascar,MDG,Sub-Saharan Africa ,1970,166.645544206518,162.904752589963
Madagascar,MDG,Sub-Saharan Africa ,1971,174.629594145065,166.645544206518
Madagascar,MDG,Sub-Saharan Africa ,1972,189.640262028465,174.629594145065
Madagascar,MDG,Sub-Saharan Africa ,1973,226.818255725382,189.640262028465
Madagascar,MDG,Sub-Saharan Africa ,1974,255.336638120604,226.818255725382
Madagascar,MDG,Sub-Saharan Africa ,1975,294.992905767807,255.336638120604
Madagascar,MDG,Sub-Saharan Africa ,1976,273.522678185535,294.992905767807
Madagascar,MDG,Sub-Saharan Africa ,1977,286.89632096228,273.522678185535
Madagascar,MDG,Sub-Saharan Africa ,1978,314.983241249429,286.89632096228
Madagascar,MDG,Sub-Saharan Africa ,1979,396.398711932997,314.983241249429
Madagascar,MDG,Sub-Saharan Africa ,1980,577.592700958515,396.398711932997
Madagascar,MDG,Sub-Saharan Africa ,1981,512.913929983213,577.592700958515
Madagascar,MDG,Sub-Saharan Africa ,1982,500.642606965445,512.913929983213
Madagascar,MDG,Sub-Saharan Africa ,1983,476.118671340584,500.642606965445
Madagascar,MDG,Sub-Saharan Africa ,1984,385.408181010621,476.118671340584
Madagascar,MDG,Sub-Saharan Africa ,1985,364.469101913106,385.408181010621
Madagascar,MDG,Sub-Saharan Africa ,1986,404.959271422966,364.469101913106
Madagascar,MDG,Sub-Saharan Africa ,1987,290.831531079348,404.959271422966
Madagascar,MDG,Sub-Saharan Africa ,1988,280.528398357653,290.831531079348
Madagascar,MDG,Sub-Saharan Africa ,1989,271.306183276982,280.528398357653
Madagascar,MDG,Sub-Saharan Africa ,1990,326.099253221978,271.306183276982
Madagascar,MDG,Sub-Saharan Africa ,1991,262.024402380479,326.099253221978
Madagascar,MDG,Sub-Saharan Africa ,1992,290.2120463948,262.024402380479
Madagascar,MDG,Sub-Saharan Africa ,1993,307.887603096441,290.2120463948
Madagascar,MDG,Sub-Saharan Africa ,1994,258.723806434505,307.887603096441
Madagascar,MDG,Sub-Saharan Africa ,1995,273.149653945976,258.723806434505
Madagascar,MDG,Sub-Saharan Africa ,1996,339.877283663608,273.149653945976
Madagascar,MDG,Sub-Saharan Africa ,1997,284.371843967244,339.877283663608
Madagascar,MDG,Sub-Saharan Africa ,1998,284.192923139852,284.371843967244
Madagascar,MDG,Sub-Saharan Africa ,1999,267.360530991414,284.192923139852
Madagascar,MDG,Sub-Saharan Africa ,2000,280.282905559649,267.360530991414
Madagascar,MDG,Sub-Saharan Africa ,2001,319.283278235657,280.282905559649
Madagascar,MDG,Sub-Saharan Africa ,2002,304.941777398445,319.283278235657
Madagascar,MDG,Sub-Saharan Africa ,2003,352.620095849925,304.941777398445
Madagascar,MDG,Sub-Saharan Africa ,2004,272.20074858856,352.620095849925
Madagascar,MDG,Sub-Saharan Africa ,2005,305.812074924388,272.20074858856
Madagascar,MDG,Sub-Saharan Africa ,2006,324.146874882604,305.812074924388
Madagascar,MDG,Sub-Saharan Africa ,2007,419.548001431865,324.146874882604
Madagascar,MDG,Sub-Saharan Africa ,2008,512.579800058444,419.548001431865
Madagascar,MDG,Sub-Saharan Africa ,2009,446.315238370592,512.579800058444
Madagascar,MDG,Sub-Saharan Africa ,2010,450.009391645726,446.315238370592
Madagascar,MDG,Sub-Saharan Africa ,2011,506.163691559309,450.009391645726
Madagascar,MDG,Sub-Saharan Africa ,2012,493.511162904211,506.163691559309
Madagascar,MDG,Sub-Saharan Africa ,2013,515.301589361832,493.511162904211
Madagascar,MDG,Sub-Saharan Africa ,2014,505.684922503435,515.301589361832
Madagascar,MDG,Sub-Saharan Africa ,2015,445.320069480568,505.684922503435
Madagascar,MDG,Sub-Saharan Africa ,2016,453.970714522463,445.320069480568
Madagascar,MDG,Sub-Saharan Africa ,2017,491.866848718929,453.970714522463
Madagascar,MDG,Sub-Saharan Africa ,2018,500.45718552916,491.866848718929
Madagascar,MDG,Sub-Saharan Africa ,2019,499.818837622534,500.45718552916
Madagascar,MDG,Sub-Saharan Africa ,2020,450.771615201509,499.818837622534
Madagascar,MDG,Sub-Saharan Africa ,2021,483.469463351195,450.771615201509
Madagascar,MDG,Sub-Saharan Africa ,2022,503.51453347296,483.469463351195
Madagascar,MDG,Sub-Saharan Africa ,2023,508.718427705591,503.51453347296
Madagascar,MDG,Sub-Saharan Africa ,2024,544.987501003384,508.718427705591
Maldives,MDV,South Asia,1980,257.612619643525,240.230509391253
Maldives,MDV,South Asia,1981,264.147517599287,257.612619643525
Maldives,MDV,South Asia,1982,274.826568598483,264.147517599287
Maldives,MDV,South Asia,1983,322.84057899403,274.826568598483
Maldives,MDV,South Asia,1984,594.488246882652,322.84057899403
Maldives,MDV,South Asia,1985,668.830135090308,594.488246882652
Maldives,MDV,South Asia,1986,720.452201133255,668.830135090308
Maldives,MDV,South Asia,1987,692.459838892363,720.452201133255
Maldives,MDV,South Asia,1988,799.082501719284,692.459838892363
Maldives,MDV,South Asia,1989,870.378318180563,799.082501719284
Maldives,MDV,South Asia,1990,956.763019768672,870.378318180563
Maldives,MDV,South Asia,1991,1054.33413828759,956.763019768672
Maldives,MDV,South Asia,1992,1194.2325242813,1054.33413828759
Maldives,MDV,South Asia,1993,1316.614548774,1194.2325242813
Maldives,MDV,South Asia,1994,1419.39276513408,1316.614548774
Maldives,MDV,South Asia,1995,1554.60942754604,1419.39276513408
Maldives,MDV,South Asia,1996,1716.74281753716,1554.60942754604
Maldives,MDV,South Asia,1997,1898.43225010526,1716.74281753716
Maldives,MDV,South Asia,1998,1980.38448396751,1898.43225010526
Maldives,MDV,South Asia,1999,2124.06007530631,1980.38448396751
Maldives,MDV,South Asia,2000,2213.81235053178,2124.06007530631
Maldives,MDV,South Asia,2001,3033.93234507036,2213.81235053178
Maldives,MDV,South Asia,2002,3076.07007160101,3033.93234507036
Maldives,MDV,South Asia,2003,3548.5767011056,3076.07007160101
Maldives,MDV,South Asia,2004,4070.2609459446,3548.5767011056
Maldives,MDV,South Asia,2005,3796.51546524644,4070.2609459446
Maldives,MDV,South Asia,2006,5018.94335409159,3796.51546524644
Maldives,MDV,South Asia,2007,5758.10286933053,5018.94335409159
Maldives,MDV,South Asia,2008,6757.43280929292,5758.10286933053
Maldives,MDV,South Asia,2009,6734.03165601895,6757.43280929292
Maldives,MDV,South Asia,2010,7173.59601844692,6734.03165601895
Maldives,MDV,South Asia,2011,7424.520410971,7173.59601844692
Maldives,MDV,South Asia,2012,7461.29703686309,7424.520410971
Maldives,MDV,South Asia,2013,8236.08177944126,7461.29703686309
Maldives,MDV,South Asia,2014,8939.07416571472,8236.08177944126
Maldives,MDV,South Asia,2015,9644.90655028145,8939.07416571472
Maldives,MDV,South Asia,2016,9947.80744731739,9644.90655028145
Maldives,MDV,South Asia,2017,10509.628805812,9947.80744731739
Maldives,MDV,South Asia,2018,11423.2838427029,10509.628805812
Maldives,MDV,South Asia,2019,11740.2724029785,11423.2838427029
Maldives,MDV,South Asia,2020,7393.8886543933,11740.2724029785
Maldives,MDV,South Asia,2021,10176.143882547,7393.8886543933
Maldives,MDV,South Asia,2022,11786.0191492983,10176.143882547
Maldives,MDV,South Asia,2023,12587.6126038651,11786.0191492983
Maldives,MDV,South Asia,2024,13379.3513577224,12587.6126038651
Mexico,MEX,Latin America & Caribbean ,1970,699.006845485029,659.71750685117
Mexico,MEX,Latin America & Caribbean ,1971,747.912361003254,699.006845485029
Mexico,MEX,Latin America & Caribbean ,1972,836.569673446138,747.912361003254
Mexico,MEX,Latin America & Caribbean ,1973,993.042879548426,836.569673446138
Mexico,MEX,Latin America & Caribbean ,1974,1256.10280601329,993.042879548426
Mexico,MEX,Latin America & Caribbean ,1975,1491.97048611111,1256.10280601329
Mexico,MEX,Latin America & Caribbean ,1976,1465.49877862474,1491.97048611111
Mexico,MEX,Latin America & Caribbean ,1977,1314.62044481645,1465.49877862474
Mexico,MEX,Latin America & Caribbean ,1978,1604.40920452482,1314.62044481645
Mexico,MEX,Latin America & Caribbean ,1979,2049.26468871816,1604.40920452482
Mexico,MEX,Latin America & Caribbean ,1980,3054.62162291784,2049.26468871816
Mexico,MEX,Latin America & Caribbean ,1981,3829.14437544129,3054.62162291784
Mexico,MEX,Latin America & Caribbean ,1982,2620.95793392947,3829.14437544129
Mexico,MEX,Latin America & Caribbean ,1983,2169.85285279223,2620.95793392947
Mexico,MEX,Latin America & Caribbean ,1984,2506.30742754755,2169.85285279223
Mexico,MEX,Latin America & Caribbean ,1985,2601.70825226684,2506.30742754755
Mexico,MEX,Latin America & Caribbean ,1986,1756.93563367491,2601.70825226684
Mexico,MEX,Latin America & Caribbean ,1987,1888.2631431041,1756.93563367491
Mexico,MEX,Latin America & Caribbean ,1988,2278.81222720992,1888.2631431041
Mexico,MEX,Latin America & Caribbean ,1989,2725.05572275442,2278.81222720992
Mexico,MEX,Latin America & Caribbean ,1990,3154.46920349038,2725.05572275442
Mexico,MEX,Latin America & Caribbean ,1991,3708.8420548157,3154.46920349038
Mexico,MEX,Latin America & Caribbean ,1992,4220.56643677057,3708.8420548157
Mexico,MEX,Latin America & Caribbean ,1993,6048.34840388099,4220.56643677057
Mexico,MEX,Latin America & Caribbean ,1994,6202.36588372862,6048.34840388099
Mexico,MEX,Latin America & Caribbean ,1995,4183.87847727479,6202.36588372862
Mexico,MEX,Latin America & Caribbean ,1996,4674.36792733681,4183.87847727479
Mexico,MEX,Latin America & Caribbean ,1997,5567.35599516667,4674.36792733681
Mexico,MEX,Latin America & Caribbean ,1998,5832.69342004468,5567.35599516667
Mexico,MEX,Latin America & Caribbean ,1999,6499.97182950425,5832.69342004468
Mexico,MEX,Latin America & Caribbean ,2000,7524.0271380091,6499.97182950425
Mexico,MEX,Latin America & Caribbean ,2001,7952.76479510706,7524.0271380091
Mexico,MEX,Latin America & Caribbean ,2002,7983.03398381759,7952.76479510706
Mexico,MEX,Latin America & Caribbean ,2003,7434.0746485155,7983.03398381759
Mexico,MEX,Latin America & Caribbean ,2004,7849.66759649565,7434.0746485155
Mexico,MEX,Latin America & Caribbean ,2005,8671.75891885163,7849.66759649565
Mexico,MEX,Latin America & Caribbean ,2006,9512.63575346699,8671.75891885163
Mexico,MEX,Latin America & Caribbean ,2007,10134.3327138119,9512.63575346699
Mexico,MEX,Latin America & Caribbean ,2008,10523.7685403244,10134.3327138119
Mexico,MEX,Latin America & Caribbean ,2009,8423.56933214711,10523.7685403244
Mexico,MEX,Latin America & Caribbean ,2010,9728.80078377082,8423.56933214711
Mexico,MEX,Latin America & Caribbean ,2011,10664.4944032313,9728.80078377082
Mexico,MEX,Latin America & Caribbean ,2012,10744.1335242686,10664.4944032313
Mexico,MEX,Latin America & Caribbean ,2013,11216.8008505428,10744.1335242686
Mexico,MEX,Latin America & Caribbean ,2014,11391.3773497683,11216.8008505428
Mexico,MEX,Latin America & Caribbean ,2015,10021.2386118827,11391.3773497683
Mexico,MEX,Latin America & Caribbean ,2016,9097.92397674769,10021.2386118827
Mexico,MEX,Latin America & Caribbean ,2017,9649.27816772402,9097.92397674769
Mexico,MEX,Latin America & Caribbean ,2018,10084.7937562021,9649.27816772402
Mexico,MEX,Latin America & Caribbean ,2019,10369.5553585271,10084.7937562021
Mexico,MEX,Latin America & Caribbean ,2020,8841.27075039868,10369.5553585271
Mexico,MEX,Latin America & Caribbean ,2021,10314.0506722115,8841.27075039868
Mexico,MEX,Latin America & Caribbean ,2022,11405.7940473759,10314.0506722115
Mexico,MEX,Latin America & Caribbean ,2023,13860.9597809326,11405.7940473759
Mexico,MEX,Latin America & Caribbean ,2024,14185.7812248529,13860.9597809326
Marshall Islands,MHL,East Asia & Pacific,1980,867.961688438292,859.013585311722
Marshall Islands,MHL,East Asia & Pacific,1981,968.86029296936,867.961688438292
Marshall Islands,MHL,East Asia & Pacific,1982,1045.54301284547,968.86029296936
Marshall Islands,MHL,East Asia & Pacific,1983,1199.30481744276,1045.54301284547
Marshall Islands,MHL,East Asia & Pacific,1984,1244.87094639312,1199.30481744276
Marshall Islands,MHL,East Asia & Pacific,1985,1162.01901432695,1244.87094639312
Marshall Islands,MHL,East Asia & Pacific,1986,1425.16418062414,1162.01901432695
Marshall Islands,MHL,East Asia & Pacific,1987,1542.64230430097,1425.16418062414
Marshall Islands,MHL,East Asia & Pacific,1988,1670.28189314997,1542.64230430097
Marshall Islands,MHL,East Asia & Pacific,1989,1670.21520671775,1670.28189314997
Marshall Islands,MHL,East Asia & Pacific,1990,1758.40820990836,1670.21520671775
Marshall Islands,MHL,East Asia & Pacific,1991,1810.63465589888,1758.40820990836
Marshall Islands,MHL,East Asia & Pacific,1992,1963.07234629646,1810.63465589888
Marshall Islands,MHL,East Asia & Pacific,1993,2112.01240099378,1963.07234629646
Marshall Islands,MHL,East Asia & Pacific,1994,2265.0695841717,2112.01240099378
Marshall Islands,MHL,East Asia & Pacific,1995,2490.98744457796,2265.0695841717
Marshall Islands,MHL,East Asia & Pacific,1996,2272.84469502819,2490.98744457796
Marshall Islands,MHL,East Asia & Pacific,1997,2230.75377088451,2272.84469502819
Marshall Islands,MHL,East Asia & Pacific,1998,2254.16054870567,2230.75377088451
Marshall Islands,MHL,East Asia & Pacific,1999,2257.92000318712,2254.16054870567
Marshall Islands,MHL,East Asia & Pacific,2000,2264.79114897645,2257.92000318712
Marshall Islands,MHL,East Asia & Pacific,2001,2394.34501105178,2264.79114897645
Marshall Islands,MHL,East Asia & Pacific,2002,2566.06708799222,2394.34501105178
Marshall Islands,MHL,East Asia & Pacific,2003,2539.3307383954,2566.06708799222
Marshall Islands,MHL,East Asia & Pacific,2004,2566.08291015814,2539.3307383954
Marshall Islands,MHL,East Asia & Pacific,2005,2658.65217893885,2566.08291015814
Marshall Islands,MHL,East Asia & Pacific,2006,2754.26988767503,2658.65217893885
Marshall Islands,MHL,East Asia & Pacific,2007,2892.28403958874,2754.26988767503
Marshall Islands,MHL,East Asia & Pacific,2008,2817.60522775322,2892.28403958874
Marshall Islands,MHL,East Asia & Pacific,2009,2906.63026970914,2817.60522775322
Marshall Islands,MHL,East Asia & Pacific,2010,3095.45768964722,2906.63026970914
Marshall Islands,MHL,East Asia & Pacific,2011,3319.39815439151,3095.45768964722
Marshall Islands,MHL,East Asia & Pacific,2012,3514.26515490383,3319.39815439151
Marshall Islands,MHL,East Asia & Pacific,2013,3677.90690791421,3514.26515490383
Marshall Islands,MHL,East Asia & Pacific,2014,3735.23977829545,3677.90690791421
Marshall Islands,MHL,East Asia & Pacific,2015,3764.34426229508,3735.23977829545
Marshall Islands,MHL,East Asia & Pacific,2016,4229.80988911945,3764.34426229508
Marshall Islands,MHL,East Asia & Pacific,2017,4592.83457628576,4229.80988911945
Marshall Islands,MHL,East Asia & Pacific,2018,4858.12079054875,4592.83457628576
Marshall Islands,MHL,East Asia & Pacific,2019,5292.33985502306,4858.12079054875
Marshall Islands,MHL,East Asia & Pacific,2020,5661.96787336674,5292.33985502306
Marshall Islands,MHL,East Asia & Pacific,2021,6315.31279603534,5661.96787336674
Marshall Islands,MHL,East Asia & Pacific,2022,6455.66062185762,6315.31279603534
Marshall Islands,MHL,East Asia & Pacific,2023,6793.24495895856,6455.66062185762
Marshall Islands,MHL,East Asia & Pacific,2024,7726.33668877794,6793.24495895856
North Macedonia,MKD,Europe & Central Asia,2000,1861.89899780644,1915.39281060996
North Macedonia,MKD,Europe & Central Asia,2001,1823.02267682636,1861.89899780644
North Macedonia,MKD,Europe & Central Asia,2002,1989.13537265159,1823.02267682636
North Macedonia,MKD,Europe & Central Asia,2003,2445.36286400013,1989.13537265159
North Macedonia,MKD,Europe & Central Asia,2004,2818.5814561242,2445.36286400013
North Macedonia,MKD,Europe & Central Asia,2005,3120.98401394233,2818.5814561242
North Macedonia,MKD,Europe & Central Asia,2006,3440.4411057968,3120.98401394233
North Macedonia,MKD,Europe & Central Asia,2007,4204.11328760452,3440.4411057968
North Macedonia,MKD,Europe & Central Asia,2008,5026.4202989873,4204.11328760452
North Macedonia,MKD,Europe & Central Asia,2009,4799.78722768888,5026.4202989873
North Macedonia,MKD,Europe & Central Asia,2010,4833.36586759968,4799.78722768888
North Macedonia,MKD,Europe & Central Asia,2011,5416.86672931659,4833.36586759968
North Macedonia,MKD,Europe & Central Asia,2012,5049.8265386157,5416.86672931659
North Macedonia,MKD,Europe & Central Asia,2013,5626.26115664893,5049.8265386157
North Macedonia,MKD,Europe & Central Asia,2014,5925.38592218015,5626.26115664893
North Macedonia,MKD,Europe & Central Asia,2015,5262.68671928674,5925.38592218015
North Macedonia,MKD,Europe & Central Asia,2016,5598.48622617967,5262.68671928674
North Macedonia,MKD,Europe & Central Asia,2017,5955.2973863451,5598.48622617967
North Macedonia,MKD,Europe & Central Asia,2018,6713.98925398989,5955.2973863451
North Macedonia,MKD,Europe & Central Asia,2019,6718.85826635458,6713.98925398989
North Macedonia,MKD,Europe & Central Asia,2020,6659.59651070776,6718.85826635458
North Macedonia,MKD,Europe & Central Asia,2021,7620.80296977508,6659.59651070776
North Macedonia,MKD,Europe & Central Asia,2022,7606.2375253797,7620.80296977508
North Macedonia,MKD,Europe & Central Asia,2023,8674.35846327485,7606.2375253797
North Macedonia,MKD,Europe & Central Asia,2024,9291.85661671864,8674.35846327485
Mali,MLI,Sub-Saharan Africa ,1977,148.052694572807,134.927575165475
Mali,MLI,Sub-Saharan Africa ,1978,169.123319071279,148.052694572807
Mali,MLI,Sub-Saharan Africa ,1979,216.320734146311,169.123319071279
Mali,MLI,Sub-Saharan Africa ,1980,359.12056332085,216.320734146311
Mali,MLI,Sub-Saharan Africa ,1981,290.478605534961,359.12056332085
Mali,MLI,Sub-Saharan Africa ,1982,213.773956907607,290.478605534961
Mali,MLI,Sub-Saharan Africa ,1983,186.276028899026,213.773956907607
Mali,MLI,Sub-Saharan Africa ,1984,169.067780598011,186.276028899026
Mali,MLI,Sub-Saharan Africa ,1985,190.377454158271,169.067780598011
Mali,MLI,Sub-Saharan Africa ,1986,250.013920202755,190.377454158271
Mali,MLI,Sub-Saharan Africa ,1987,280.723262413678,250.013920202755
Mali,MLI,Sub-Saharan Africa ,1988,307.019371606958,280.723262413678
Mali,MLI,Sub-Saharan Africa ,1989,313.871327696511,307.019371606958
Mali,MLI,Sub-Saharan Africa ,1990,353.903252431339,313.871327696511
Mali,MLI,Sub-Saharan Africa ,1991,381.993534670324,353.903252431339
Mali,MLI,Sub-Saharan Africa ,1992,385.278654489301,381.993534670324
Mali,MLI,Sub-Saharan Africa ,1993,372.412257655559,385.278654489301
Mali,MLI,Sub-Saharan Africa ,1994,266.455340167693,372.412257655559
Mali,MLI,Sub-Saharan Africa ,1995,331.193112410921,266.455340167693
Mali,MLI,Sub-Saharan Africa ,1996,359.662096047648,331.193112410921
Mali,MLI,Sub-Saharan Africa ,1997,320.75152297828,359.662096047648
Mali,MLI,Sub-Saharan Africa ,1998,356.647044025322,320.75152297828
Mali,MLI,Sub-Saharan Africa ,1999,364.415678427556,356.647044025322
Mali,MLI,Sub-Saharan Africa ,2000,304.652870194271,364.415678427556
Mali,MLI,Sub-Saharan Africa ,2001,346.224554251022,304.652870194271
Mali,MLI,Sub-Saharan Africa ,2002,378.191678628285,346.224554251022
Mali,MLI,Sub-Saharan Africa ,2003,441.910358475095,378.191678628285
Mali,MLI,Sub-Saharan Africa ,2004,495.006294680645,441.910358475095
Mali,MLI,Sub-Saharan Africa ,2005,548.730382842725,495.006294680645
Mali,MLI,Sub-Saharan Africa ,2006,586.985415515264,548.730382842725
Mali,MLI,Sub-Saharan Africa ,2007,670.853394973479,586.985415515264
Mali,MLI,Sub-Saharan Africa ,2008,767.19483895009,670.853394973479
Mali,MLI,Sub-Saharan Africa ,2009,787.482564287398,767.19483895009
Mali,MLI,Sub-Saharan Africa ,2010,797.151541135109,787.482564287398
Mali,MLI,Sub-Saharan Africa ,2011,938.292902583696,797.151541135109
Mali,MLI,Sub-Saharan Africa ,2012,872.506092465564,938.292902583696
Mali,MLI,Sub-Saharan Africa ,2013,901.920957644831,872.506092465564
Mali,MLI,Sub-Saharan Africa ,2014,947.915033288325,901.920957644831
Mali,MLI,Sub-Saharan Africa ,2015,838.11986940103,947.915033288325
Mali,MLI,Sub-Saharan Africa ,2016,872.468587171653,838.11986940103
Mali,MLI,Sub-Saharan Africa ,2017,924.057531692284,872.468587171653
Mali,MLI,Sub-Saharan Africa ,2018,996.379292136901,924.057531692284
Mali,MLI,Sub-Saharan Africa ,2019,971.949318638092,996.379292136901
Mali,MLI,Sub-Saharan Africa ,2020,953.242943290974,971.949318638092
Mali,MLI,Sub-Saharan Africa ,2021,1027.27345365357,953.242943290974
Mali,MLI,Sub-Saharan Africa ,2022,976.914116406452,1027.27345365357
Mali,MLI,Sub-Saharan Africa ,2023,1043.9533853528,976.914116406452
Mali,MLI,Sub-Saharan Africa ,2024,1094.61949265799,1043.9533853528
Malta,MLT,"Middle East, North Africa, Afghanistan & Pakistan",1980,3948.26572689504,3195.51431611516
Malta,MLT,"Middle East, North Africa, Afghanistan & Pakistan",1981,3898.36853997864,3948.26572689504
Malta,MLT,"Middle East, North Africa, Afghanistan & Pakistan",1982,3787.91647703123,3898.36853997864
Malta,MLT,"Middle East, North Africa, Afghanistan & Pakistan",1983,3526.91395139354,3787.91647703123
Malta,MLT,"Middle East, North Africa, Afghanistan & Pakistan",1984,3332.82018387922,3526.91395139354
Malta,MLT,"Middle East, North Africa, Afghanistan & Pakistan",1985,3322.30879632858,3332.82018387922
Malta,MLT,"Middle East, North Africa, Afghanistan & Pakistan",1986,4194.53480236296,3322.30879632858
Malta,MLT,"Middle East, North Africa, Afghanistan & Pakistan",1987,5083.80179308013,4194.53480236296
Malta,MLT,"Middle East, North Africa, Afghanistan & Pakistan",1988,5814.44775940093,5083.80179308013
Malta,MLT,"Middle East, North Africa, Afghanistan & Pakistan",1989,6040.84054229986,5814.44775940093
Malta,MLT,"Middle East, North Africa, Afghanistan & Pakistan",1990,7192.38994693962,6040.84054229986
Malta,MLT,"Middle East, North Africa, Afghanistan & Pakistan",1991,7558.75921583164,7192.38994693962
Malta,MLT,"Middle East, North Africa, Afghanistan & Pakistan",1992,8220.33403924666,7558.75921583164
Malta,MLT,"Middle East, North Africa, Afghanistan & Pakistan",1993,7296.35111127489,8220.33403924666
Malta,MLT,"Middle East, North Africa, Afghanistan & Pakistan",1994,8000.3453286604,7296.35111127489
Malta,MLT,"Middle East, North Africa, Afghanistan & Pakistan",1995,9828.32354719517,8000.3453286604
Malta,MLT,"Middle East, North Africa, Afghanistan & Pakistan",1996,10061.850192141,9828.32354719517
Malta,MLT,"Middle East, North Africa, Afghanistan & Pakistan",1997,9893.18898998688,10061.850192141
Malta,MLT,"Middle East, North Africa, Afghanistan & Pakistan",1998,10408.1157380149,9893.18898998688
Malta,MLT,"Middle East, North Africa, Afghanistan & Pakistan",1999,10609.1104477299,10408.1157380149
Malta,MLT,"Middle East, North Africa, Afghanistan & Pakistan",2000,10348.4858902403,10609.1104477299
Malta,MLT,"Middle East, North Africa, Afghanistan & Pakistan",2001,10357.7025891731,10348.4858902403
Malta,MLT,"Middle East, North Africa, Afghanistan & Pakistan",2002,11251.2025296416,10357.7025891731
Malta,MLT,"Middle East, North Africa, Afghanistan & Pakistan",2003,13593.9787155682,11251.2025296416
Malta,MLT,"Middle East, North Africa, Afghanistan & Pakistan",2004,15212.1313438497,13593.9787155682
Malta,MLT,"Middle East, North Africa, Afghanistan & Pakistan",2005,15831.344048672,15212.1313438497
Malta,MLT,"Middle East, North Africa, Afghanistan & Pakistan",2006,16653.6036929688,15831.344048672
Malta,MLT,"Middle East, North Africa, Afghanistan & Pakistan",2007,19444.1741958382,16653.6036929688
Malta,MLT,"Middle East, North Africa, Afghanistan & Pakistan",2008,22315.3104212988,19444.1741958382
Malta,MLT,"Middle East, North Africa, Afghanistan & Pakistan",2009,21176.3218262672,22315.3104212988
Malta,MLT,"Middle East, North Africa, Afghanistan & Pakistan",2010,21946.6069636029,21176.3218262672
Malta,MLT,"Middle East, North Africa, Afghanistan & Pakistan",2011,23516.9691234302,21946.6069636029
Malta,MLT,"Middle East, North Africa, Afghanistan & Pakistan",2012,22878.3130866521,23516.9691234302
Malta,MLT,"Middle East, North Africa, Afghanistan & Pakistan",2013,25415.5566867731,22878.3130866521
Malta,MLT,"Middle East, North Africa, Afghanistan & Pakistan",2014,27424.5765646694,25415.5566867731
Malta,MLT,"Middle East, North Africa, Afghanistan & Pakistan",2015,25529.6813337717,27424.5765646694
Malta,MLT,"Middle East, North Africa, Afghanistan & Pakistan",2016,26459.0770929988,25529.6813337717
Malta,MLT,"Middle East, North Africa, Afghanistan & Pakistan",2017,30317.2443175543,26459.0770929988
Malta,MLT,"Middle East, North Africa, Afghanistan & Pakistan",2018,33382.2677499267,30317.2443175543
Malta,MLT,"Middle East, North Africa, Afghanistan & Pakistan",2019,32421.9179752262,33382.2677499267
Malta,MLT,"Middle East, North Africa, Afghanistan & Pakistan",2020,31823.4363934505,32421.9179752262
Malta,MLT,"Middle East, North Africa, Afghanistan & Pakistan",2021,38096.8360735119,31823.4363934505
Malta,MLT,"Middle East, North Africa, Afghanistan & Pakistan",2022,35638.8869457406,38096.8360735119
Malta,MLT,"Middle East, North Africa, Afghanistan & Pakistan",2023,40905.8059585057,35638.8869457406
Malta,MLT,"Middle East, North Africa, Afghanistan & Pakistan",2024,43898.5781808597,40905.8059585057
Myanmar,MMR,East Asia & Pacific,1970,20.7242782768026,21.5103180527937
Myanmar,MMR,East Asia & Pacific,1971,21.1257517513266,20.7242782768026
Myanmar,MMR,East Asia & Pacific,1972,23.2941302744944,21.1257517513266
Myanmar,MMR,East Asia & Pacific,1973,24.7965628847435,23.2941302744944
Myanmar,MMR,East Asia & Pacific,1974,41.4076276435663,24.7965628847435
Myanmar,MMR,East Asia & Pacific,1975,35.163291569876,41.4076276435663
Myanmar,MMR,East Asia & Pacific,1976,39.1660083715823,35.163291569876
Myanmar,MMR,East Asia & Pacific,1977,27.8600867193791,39.1660083715823
Myanmar,MMR,East Asia & Pacific,1978,29.2562311044151,27.8600867193791
Myanmar,MMR,East Asia & Pacific,1979,29.2136757858848,29.2562311044151
Myanmar,MMR,East Asia & Pacific,1980,31.2462392881093,29.2136757858848
Myanmar,MMR,East Asia & Pacific,1981,32.8127790443581,31.2462392881093
Myanmar,MMR,East Asia & Pacific,1982,42.9535414901862,32.8127790443581
Myanmar,MMR,East Asia & Pacific,1983,39.2908686161265,42.9535414901862
Myanmar,MMR,East Asia & Pacific,1984,36.3255768443636,39.2908686161265
Myanmar,MMR,East Asia & Pacific,1985,40.3821412603663,36.3255768443636
Myanmar,MMR,East Asia & Pacific,1986,42.4193735892874,40.3821412603663
Myanmar,MMR,East Asia & Pacific,1987,41.1478137224602,42.4193735892874
Myanmar,MMR,East Asia & Pacific,1988,39.9236088878004,41.1478137224602
Myanmar,MMR,East Asia & Pacific,1989,51.3443285034615,39.9236088878004
Myanmar,MMR,East Asia & Pacific,1990,53.1225401094506,51.3443285034615
Myanmar,MMR,East Asia & Pacific,1991,51.2408970610106,53.1225401094506
Myanmar,MMR,East Asia & Pacific,1992,58.8896739558883,51.2408970610106
Myanmar,MMR,East Asia & Pacific,1993,76.212889482598,58.8896739558883
Myanmar,MMR,East Asia & Pacific,1994,105.391561114159,76.212889482598
Myanmar,MMR,East Asia & Pacific,1995,124.14348039051,105.391561114159
Myanmar,MMR,East Asia & Pacific,1996,141.897267580367,124.14348039051
Myanmar,MMR,East Asia & Pacific,1997,108.039770292032,141.897267580367
Myanmar,MMR,East Asia & Pacific,1998,145.950830383757,108.039770292032
Myanmar,MMR,East Asia & Pacific,1999,189.490155849067,145.950830383757
Myanmar,MMR,East Asia & Pacific,2000,196.619580625284,189.490155849067
Myanmar,MMR,East Asia & Pacific,2001,141.525660705722,196.619580625284
Myanmar,MMR,East Asia & Pacific,2002,146.598390364449,141.525660705722
Myanmar,MMR,East Asia & Pacific,2003,224.292688912409,146.598390364449
Myanmar,MMR,East Asia & Pacific,2004,224.508811413327,224.292688912409
Myanmar,MMR,East Asia & Pacific,2005,252.685193060728,224.508811413327
Myanmar,MMR,East Asia & Pacific,2006,303.495087119254,252.685193060728
Myanmar,MMR,East Asia & Pacific,2007,419.375780725042,303.495087119254
Myanmar,MMR,East Asia & Pacific,2008,658.442487229705,419.375780725042
Myanmar,MMR,East Asia & Pacific,2009,758.442935789255,658.442487229705
Myanmar,MMR,East Asia & Pacific,2010,1010.53417343401,758.442935789255
Myanmar,MMR,East Asia & Pacific,2011,1213.62898703376,1010.53417343401
Myanmar,MMR,East Asia & Pacific,2012,1202.6658960055,1213.62898703376
Myanmar,MMR,East Asia & Pacific,2013,1199.09561597055,1202.6658960055
Myanmar,MMR,East Asia & Pacific,2014,1293.00042319714,1199.09561597055
Myanmar,MMR,East Asia & Pacific,2015,1166.73305547935,1293.00042319714
Myanmar,MMR,East Asia & Pacific,2016,1229.19713491328,1166.73305547935
Myanmar,MMR,East Asia & Pacific,2017,1272.82241815234,1229.19713491328
Myanmar,MMR,East Asia & Pacific,2018,1298.21310327675,1272.82241815234
Myanmar,MMR,East Asia & Pacific,2019,1425.98954241668,1298.21310327675
Myanmar,MMR,East Asia & Pacific,2020,1490.21683599469,1425.98954241668
Myanmar,MMR,East Asia & Pacific,2021,1242.7213439951,1490.21683599469
Myanmar,MMR,East Asia & Pacific,2022,1158.05005055976,1242.7213439951
Myanmar,MMR,East Asia & Pacific,2023,1233.19666209269,1158.05005055976
Myanmar,MMR,East Asia & Pacific,2024,1359.05001560107,1233.19666209269
Montenegro,MNE,Europe & Central Asia,2007,5971.84638953467,4418.84951521682
Montenegro,MNE,Europe & Central Asia,2008,7359.95118960869,5971.84638953467
Montenegro,MNE,Europe & Central Asia,2009,6700.11405052395,7359.95118960869
Montenegro,MNE,Europe & Central Asia,2010,6678.63930800758,6700.11405052395
Montenegro,MNE,Europe & Central Asia,2011,7265.51668681954,6678.63930800758
Montenegro,MNE,Europe & Central Asia,2012,6552.48071710904,7265.51668681954
Montenegro,MNE,Europe & Central Asia,2013,7102.77882895852,6552.48071710904
Montenegro,MNE,Europe & Central Asia,2014,7342.17339453427,7102.77882895852
Montenegro,MNE,Europe & Central Asia,2015,6421.00307345999,7342.17339453427
Montenegro,MNE,Europe & Central Asia,2016,6968.01539365317,6421.00307345999
Montenegro,MNE,Europe & Central Asia,2017,7674.2813940676,6968.01539365317
Montenegro,MNE,Europe & Central Asia,2018,8673.59128084795,7674.2813940676
Montenegro,MNE,Europe & Central Asia,2019,8749.02375172644,8673.59128084795
Montenegro,MNE,Europe & Central Asia,2020,7538.53635992191,8749.02375172644
Montenegro,MNE,Europe & Central Asia,2021,9317.15520065156,7538.53635992191
Montenegro,MNE,Europe & Central Asia,2022,10024.5435616209,9317.15520065156
Montenegro,MNE,Europe & Central Asia,2023,12259.8775034436,10024.5435616209
Montenegro,MNE,Europe & Central Asia,2024,13263.3281277699,12259.8775034436
Mongolia,MNG,East Asia & Pacific,1990,1220.17127664137,1683.92432862486
Mongolia,MNG,East Asia & Pacific,1991,1098.68017445549,1220.17127664137
Mongolia,MNG,East Asia & Pacific,1992,607.813424662797,1098.68017445549
Mongolia,MNG,East Asia & Pacific,1993,354.898613087701,607.813424662797
Mongolia,MNG,East Asia & Pacific,1994,422.864349383041,354.898613087701
Mongolia,MNG,East Asia & Pacific,1995,652.67456284915,422.864349383041
Mongolia,MNG,East Asia & Pacific,1996,595.5810149554,652.67456284915
Mongolia,MNG,East Asia & Pacific,1997,515.298004947316,595.5810149554
Mongolia,MNG,East Asia & Pacific,1998,483.878066074871,515.298004947316
Mongolia,MNG,East Asia & Pacific,1999,448.660368337533,483.878066074871
Mongolia,MNG,East Asia & Pacific,2000,476.02755082717,448.660368337533
Mongolia,MNG,East Asia & Pacific,2001,524.453483552485,476.02755082717
Mongolia,MNG,East Asia & Pacific,2002,570.249213248399,524.453483552485
Mongolia,MNG,East Asia & Pacific,2003,643.168068921658,570.249213248399
Mongolia,MNG,East Asia & Pacific,2004,794.154552001815,643.168068921658
Mongolia,MNG,East Asia & Pacific,2005,994.90010913241,794.154552001815
Mongolia,MNG,East Asia & Pacific,2006,1329.89179579053,994.90010913241
Mongolia,MNG,East Asia & Pacific,2007,1627.68787743359,1329.89179579053
Mongolia,MNG,East Asia & Pacific,2008,2127.42678594737,1627.68787743359
Mongolia,MNG,East Asia & Pacific,2009,1703.32756790019,2127.42678594737
Mongolia,MNG,East Asia & Pacific,2010,2625.21881402433,1703.32756790019
Mongolia,MNG,East Asia & Pacific,2011,3736.04201455077,2625.21881402433
Mongolia,MNG,East Asia & Pacific,2012,4328.89001905655,3736.04201455077
Mongolia,MNG,East Asia & Pacific,2013,4340.14310544449,4328.89001905655
Mongolia,MNG,East Asia & Pacific,2014,4126.23975800524,4340.14310544449
Mongolia,MNG,East Asia & Pacific,2015,3838.92126989984,4126.23975800524
Mongolia,MNG,East Asia & Pacific,2016,3619.90026383792,3838.92126989984
Mongolia,MNG,East Asia & Pacific,2017,3645.96708669551,3619.90026383792
Mongolia,MNG,East Asia & Pacific,2018,4107.64288528468,3645.96708669551
Mongolia,MNG,East Asia & Pacific,2019,4347.54610314873,4107.64288528468
Mongolia,MNG,East Asia & Pacific,2020,4001.25193077703,4347.54610314873
Mongolia,MNG,East Asia & Pacific,2021,4517.61578018785,4001.25193077703
Mongolia,MNG,East Asia & Pacific,2022,4993.51487463495,4517.61578018785
Mongolia,MNG,East Asia & Pacific,2023,5838.63108083902,4993.51487463495
Mongolia,MNG,East Asia & Pacific,2024,6750.6301157724,5838.63108083902
Northern Mariana Islands,MNP,East Asia & Pacific,2012,14013.6003306158,13598.7166094613
Northern Mariana Islands,MNP,East Asia & Pacific,2013,14632.8518897608,14013.6003306158
Northern Mariana Islands,MNP,East Asia & Pacific,2014,15945.417608954,14632.8518897608
Northern Mariana Islands,MNP,East Asia & Pacific,2015,17665.1007493109,15945.417608954
Northern Mariana Islands,MNP,East Asia & Pacific,2016,24225.474169342,17665.1007493109
Northern Mariana Islands,MNP,East Asia & Pacific,2017,31225.6049960968,24225.474169342
Northern Mariana Islands,MNP,East Asia & Pacific,2018,26509.3628379893,31225.6049960968
Northern Mariana Islands,MNP,East Asia & Pacific,2019,24496.6652122421,26509.3628379893
Northern Mariana Islands,MNP,East Asia & Pacific,2020,18220.8382427201,24496.6652122421
Northern Mariana Islands,MNP,East Asia & Pacific,2021,19455.50139424,18220.8382427201
Northern Mariana Islands,MNP,East Asia & Pacific,2022,23785.754590043,19455.50139424
Mozambique,MOZ,Sub-Saharan Africa ,2001,304.792138621913,327.12623979157
Mozambique,MOZ,Sub-Saharan Africa ,2002,313.886661721198,304.792138621913
Mozambique,MOZ,Sub-Saharan Africa ,2003,339.488737800648,313.886661721198
Mozambique,MOZ,Sub-Saharan Africa ,2004,400.056973161545,339.488737800648
Mozambique,MOZ,Sub-Saharan Africa ,2005,436.773856167384,400.056973161545
Mozambique,MOZ,Sub-Saharan Africa ,2006,457.487647833183,436.773856167384
Mozambique,MOZ,Sub-Saharan Africa ,2007,507.874923914304,457.487647833183
Mozambique,MOZ,Sub-Saharan Africa ,2008,592.159111184122,507.874923914304
Mozambique,MOZ,Sub-Saharan Africa ,2009,547.697144193651,592.159111184122
Mozambique,MOZ,Sub-Saharan Africa ,2010,496.185839392659,547.697144193651
Mozambique,MOZ,Sub-Saharan Africa ,2011,618.17649286789,496.185839392659
Mozambique,MOZ,Sub-Saharan Africa ,2012,685.685748199513,618.17649286789
Mozambique,MOZ,Sub-Saharan Africa ,2013,686.505672517351,685.685748199513
Mozambique,MOZ,Sub-Saharan Africa ,2014,697.142680444123,686.505672517351
Mozambique,MOZ,Sub-Saharan Africa ,2015,610.563774706589,697.142680444123
Mozambique,MOZ,Sub-Saharan Africa ,2016,441.489734819071,610.563774706589
Mozambique,MOZ,Sub-Saharan Africa ,2017,470.93856305196,441.489734819071
Mozambique,MOZ,Sub-Saharan Africa ,2018,517.507260258101,470.93856305196
Mozambique,MOZ,Sub-Saharan Africa ,2019,519.09255091362,517.507260258101
Mozambique,MOZ,Sub-Saharan Africa ,2020,462.433876479921,519.09255091362
Mozambique,MOZ,Sub-Saharan Africa ,2021,509.907829475551,462.433876479921
Mozambique,MOZ,Sub-Saharan Africa ,2022,578.251663751351,509.907829475551
Mozambique,MOZ,Sub-Saharan Africa ,2023,622.000297682823,578.251663751351
Mozambique,MOZ,Sub-Saharan Africa ,2024,656.776824637306,622.000297682823
Mauritania,MRT,Sub-Saharan Africa ,1971,295.993927021331,281.327175871626
Mauritania,MRT,Sub-Saharan Africa ,1972,335.23154288786,295.993927021331
Mauritania,MRT,Sub-Saharan Africa ,1973,409.721138785311,335.23154288786
Mauritania,MRT,Sub-Saharan Africa ,1974,494.288408290337,409.721138785311
Mauritania,MRT,Sub-Saharan Africa ,1975,550.66258324178,494.288408290337
Mauritania,MRT,Sub-Saharan Africa ,1976,589.237667658903,550.66258324178
Mauritania,MRT,Sub-Saharan Africa ,1977,590.226698413217,589.237667658903
Mauritania,MRT,Sub-Saharan Africa ,1978,577.742777476832,590.226698413217
Mauritania,MRT,Sub-Saharan Africa ,1979,664.383619042778,577.742777476832
Mauritania,MRT,Sub-Saharan Africa ,1980,710.918952530534,664.383619042778
Mauritania,MRT,Sub-Saharan Africa ,1981,728.796521822095,710.918952530534
Mauritania,MRT,Sub-Saharan Africa ,1982,710.21886884239,728.796521822095
Mauritania,MRT,Sub-Saharan Africa ,1983,725.174522510668,710.21886884239
Mauritania,MRT,Sub-Saharan Africa ,1984,649.681186509673,725.174522510668
Mauritania,MRT,Sub-Saharan Africa ,1985,593.219654421302,649.681186509673
Mauritania,MRT,Sub-Saharan Africa ,1986,677.363323878901,593.219654421302
Mauritania,MRT,Sub-Saharan Africa ,1987,745.787178962507,677.363323878901
Mauritania,MRT,Sub-Saharan Africa ,1988,762.423918016846,745.787178962507
Mauritania,MRT,Sub-Saharan Africa ,1989,762.275580637475,762.423918016846
Mauritania,MRT,Sub-Saharan Africa ,1990,772.033092140219,762.275580637475
Mauritania,MRT,Sub-Saharan Africa ,1991,1061.67704285264,772.033092140219
Mauritania,MRT,Sub-Saharan Africa ,1992,1036.47437808576,1061.67704285264
Mauritania,MRT,Sub-Saharan Africa ,1993,849.620301696661,1036.47437808576
Mauritania,MRT,Sub-Saharan Africa ,1994,864.599478365453,849.620301696661
Mauritania,MRT,Sub-Saharan Africa ,1995,904.719170071042,864.599478365453
Mauritania,MRT,Sub-Saharan Africa ,1996,904.120879798142,904.719170071042
Mauritania,MRT,Sub-Saharan Africa ,1997,859.28395817576,904.120879798142
Mauritania,MRT,Sub-Saharan Africa ,1998,821.266378551937,859.28395817576
Mauritania,MRT,Sub-Saharan Africa ,1999,781.337033563197,821.266378551937
Mauritania,MRT,Sub-Saharan Africa ,2000,680.911061879778,781.337033563197
Mauritania,MRT,Sub-Saharan Africa ,2001,651.817840199777,680.911061879778
Mauritania,MRT,Sub-Saharan Africa ,2002,648.879643934862,651.817840199777
Mauritania,MRT,Sub-Saharan Africa ,2003,732.017820812675,648.879643934862
Mauritania,MRT,Sub-Saharan Africa ,2004,823.554457141893,732.017820812675
Mauritania,MRT,Sub-Saharan Africa ,2005,998.96583416747,823.554457141893
Mauritania,MRT,Sub-Saharan Africa ,2006,1300.60367988659,998.96583416747
Mauritania,MRT,Sub-Saharan Africa ,2007,1405.15016203368,1300.60367988659
Mauritania,MRT,Sub-Saharan Africa ,2008,1635.5630623124,1405.15016203368
Mauritania,MRT,Sub-Saharan Africa ,2009,1435.43010811893,1635.5630623124
Mauritania,MRT,Sub-Saharan Africa ,2010,1659.96369705455,1435.43010811893
Mauritania,MRT,Sub-Saharan Africa ,2011,1931.19975525465,1659.96369705455
Mauritania,MRT,Sub-Saharan Africa ,2012,1859.11733247641,1931.19975525465
Mauritania,MRT,Sub-Saharan Africa ,2013,1934.24103064714,1859.11733247641
Mauritania,MRT,Sub-Saharan Africa ,2014,1713.00865264234,1934.24103064714
Mauritania,MRT,Sub-Saharan Africa ,2015,1554.94897871782,1713.00865264234
Mauritania,MRT,Sub-Saharan Africa ,2016,1565.76575722696,1554.94897871782
Mauritania,MRT,Sub-Saharan Africa ,2017,1615.00401327323,1565.76575722696
Mauritania,MRT,Sub-Saharan Africa ,2018,1722.93528854073,1615.00401327323
Mauritania,MRT,Sub-Saharan Africa ,2019,1767.072710621,1722.93528854073
Mauritania,MRT,Sub-Saharan Africa ,2020,1795.76459566714,1767.072710621
Mauritania,MRT,Sub-Saharan Africa ,2021,1947.78918383313,1795.76459566714
Mauritania,MRT,Sub-Saharan Africa ,2022,1960.35240077424,1947.78918383313
Mauritania,MRT,Sub-Saharan Africa ,2023,2135.78187606359,1960.35240077424
Mauritania,MRT,Sub-Saharan Africa ,2024,2110.12036938187,2135.78187606359
Mauritius,MUS,Sub-Saharan Africa ,1970,271.338746980393,272.713256163629
Mauritius,MUS,Sub-Saharan Africa ,1971,299.604801832026,271.338746980393
Mauritius,MUS,Sub-Saharan Africa ,1972,373.996570209941,299.604801832026
Mauritius,MUS,Sub-Saharan Africa ,1973,467.480218496262,373.996570209941
Mauritius,MUS,Sub-Saharan Africa ,1974,762.940758670279,467.480218496262
Mauritius,MUS,Sub-Saharan Africa ,1975,754.833281472402,762.940758670279
Mauritius,MUS,Sub-Saharan Africa ,1976,787.098225962589,754.833281472402
Mauritius,MUS,Sub-Saharan Africa ,1977,905.949638747869,787.098225962589
Mauritius,MUS,Sub-Saharan Africa ,1978,1102.34753691974,905.949638747869
Mauritius,MUS,Sub-Saharan Africa ,1979,1292.2014302482,1102.34753691974
Mauritius,MUS,Sub-Saharan Africa ,1980,1187.35157080412,1292.2014302482
Mauritius,MUS,Sub-Saharan Africa ,1981,1180.84070937438,1187.35157080412
Mauritius,MUS,Sub-Saharan Africa ,1982,1101.15920527391,1180.84070937438
Mauritius,MUS,Sub-Saharan Africa ,1983,1103.09124580137,1101.15920527391
Mauritius,MUS,Sub-Saharan Africa ,1984,1041.83252378016,1103.09124580137
Mauritius,MUS,Sub-Saharan Africa ,1985,1068.67359316099,1041.83252378016
Mauritius,MUS,Sub-Saharan Africa ,1986,1441.71452837714,1068.67359316099
Mauritius,MUS,Sub-Saharan Africa ,1987,1839.79109565422,1441.71452837714
Mauritius,MUS,Sub-Saharan Africa ,1988,2073.59238787189,1839.79109565422
Mauritius,MUS,Sub-Saharan Africa ,1989,2103.48802694458,2073.59238787189
Mauritius,MUS,Sub-Saharan Africa ,1990,2539.92846467452,2103.48802694458
Mauritius,MUS,Sub-Saharan Africa ,1991,2705.26648158805,2539.92846467452
Mauritius,MUS,Sub-Saharan Africa ,1992,3013.23706337167,2705.26648158805
Mauritius,MUS,Sub-Saharan Africa ,1993,3013.83313790492,3013.23706337167
Mauritius,MUS,Sub-Saharan Africa ,1994,3240.38624662702,3013.83313790492
Mauritius,MUS,Sub-Saharan Africa ,1995,3648.01649622256,3240.38624662702
Mauritius,MUS,Sub-Saharan Africa ,1996,3951.94494649336,3648.01649622256
Mauritius,MUS,Sub-Saharan Africa ,1997,3695.73668844327,3951.94494649336
Mauritius,MUS,Sub-Saharan Africa ,1998,3641.62142564086,3695.73668844327
Mauritius,MUS,Sub-Saharan Africa ,1999,3745.69625069831,3641.62142564086
Mauritius,MUS,Sub-Saharan Africa ,2000,3981.98343249582,3745.69625069831
Mauritius,MUS,Sub-Saharan Africa ,2001,3908.55694927435,3981.98343249582
Mauritius,MUS,Sub-Saharan Africa ,2002,4073.06053055903,3908.55694927435
Mauritius,MUS,Sub-Saharan Africa ,2003,4858.26575549747,4073.06053055903
Mauritius,MUS,Sub-Saharan Africa ,2004,5460.60800184198,4858.26575549747
Mauritius,MUS,Sub-Saharan Africa ,2005,5354.02974260642,5460.60800184198
Mauritius,MUS,Sub-Saharan Africa ,2006,5784.22491883026,5354.02974260642
Mauritius,MUS,Sub-Saharan Africa ,2007,6677.34962448608,5784.22491883026
Mauritius,MUS,Sub-Saharan Africa ,2008,8140.50808595895,6677.34962448608
Mauritius,MUS,Sub-Saharan Africa ,2009,7426.88645617593,8140.50808595895
Mauritius,MUS,Sub-Saharan Africa ,2010,8113.17670740212,7426.88645617593
Mauritius,MUS,Sub-Saharan Africa ,2011,9324.24232310496,8113.17670740212
Mauritius,MUS,Sub-Saharan Africa ,2012,9421.52514098225,9324.24232310496
Mauritius,MUS,Sub-Saharan Africa ,2013,9877.13865958834,9421.52514098225
Mauritius,MUS,Sub-Saharan Africa ,2014,10490.3315563853,9877.13865958834
Mauritius,MUS,Sub-Saharan Africa ,2015,9630.5437837507,10490.3315563853
Mauritius,MUS,Sub-Saharan Africa ,2016,10095.1225574156,9630.5437837507
Mauritius,MUS,Sub-Saharan Africa ,2017,10986.7034093005,10095.1225574156
Mauritius,MUS,Sub-Saharan Africa ,2018,11818.7480619272,10986.7034093005
Mauritius,MUS,Sub-Saharan Africa ,2019,11568.2533399824,11818.7480619272
Mauritius,MUS,Sub-Saharan Africa ,2020,9135.84773751062,11568.2533399824
Mauritius,MUS,Sub-Saharan Africa ,2021,9177.71195973013,9135.84773751062
Mauritius,MUS,Sub-Saharan Africa ,2022,10246.5017455553,9177.71195973013
Mauritius,MUS,Sub-Saharan Africa ,2023,11269.9684462139,10246.5017455553
Mauritius,MUS,Sub-Saharan Africa ,2024,11990.7798944837,11269.9684462139
Malawi,MWI,Sub-Saharan Africa ,1990,286.730598968269,252.19590741943
Malawi,MWI,Sub-Saharan Africa ,1991,325.75273105931,286.730598968269
Malawi,MWI,Sub-Saharan Africa ,1992,258.393430877557,325.75273105931
Malawi,MWI,Sub-Saharan Africa ,1993,293.016883079922,258.393430877557
Malawi,MWI,Sub-Saharan Africa ,1994,169.196526919639,293.016883079922
Malawi,MWI,Sub-Saharan Africa ,1995,200.362370007247,169.196526919639
Malawi,MWI,Sub-Saharan Africa ,1996,320.662735559137,200.362370007247
Malawi,MWI,Sub-Saharan Africa ,1997,366.954461274104,320.662735559137
Malawi,MWI,Sub-Saharan Africa ,1998,236.045479450504,366.954461274104
Malawi,MWI,Sub-Saharan Africa ,1999,233.935986197873,236.045479450504
Malawi,MWI,Sub-Saharan Africa ,2000,224.22415918428,233.935986197873
Malawi,MWI,Sub-Saharan Africa ,2001,215.474524898357,224.22415918428
Malawi,MWI,Sub-Saharan Africa ,2002,428.210439838398,215.474524898357
Malawi,MWI,Sub-Saharan Africa ,2003,383.348596852642,428.210439838398
Malawi,MWI,Sub-Saharan Africa ,2004,404.674248445428,383.348596852642
Malawi,MWI,Sub-Saharan Africa ,2005,414.361121984475,404.674248445428
Malawi,MWI,Sub-Saharan Africa ,2006,440.822149023873,414.361121984475
Malawi,MWI,Sub-Saharan Africa ,2007,475.180261659331,440.822149023873
Malawi,MWI,Sub-Saharan Africa ,2008,554.048820396119,475.180261659331
Malawi,MWI,Sub-Saharan Africa ,2009,625.869729869625,554.048820396119
Malawi,MWI,Sub-Saharan Africa ,2010,683.124694716799,625.869729869625
Malawi,MWI,Sub-Saharan Africa ,2011,763.061000394572,683.124694716799
Malawi,MWI,Sub-Saharan Africa ,2012,558.46208832772,763.061000394572
Malawi,MWI,Sub-Saharan Africa ,2013,496.947368267313,558.46208832772
Malawi,MWI,Sub-Saharan Africa ,2014,529.5133440206,496.947368267313
Malawi,MWI,Sub-Saharan Africa ,2015,539.605363240686,529.5133440206
Malawi,MWI,Sub-Saharan Africa ,2016,450.506105510719,539.605363240686
Malawi,MWI,Sub-Saharan Africa ,2017,495.769683367165,450.506105510719
Malawi,MWI,Sub-Saharan Africa ,2018,533.202567189331,495.769683367165
Malawi,MWI,Sub-Saharan Africa ,2019,580.889139762475,533.202567189331
Malawi,MWI,Sub-Saharan Africa ,2020,602.507478176106,580.889139762475
Malawi,MWI,Sub-Saharan Africa ,2021,617.446994451007,602.507478176106
Malawi,MWI,Sub-Saharan Africa ,2022,604.269740360317,617.446994451007
Malawi,MWI,Sub-Saharan Africa ,2023,633.214767978695,604.269740360317
Malawi,MWI,Sub-Saharan Africa ,2024,522.570393642547,633.214767978695
Malaysia,MYS,East Asia & Pacific,1970,379.626764270849,368.385655484736
Malaysia,MYS,East Asia & Pacific,1971,407.19672797331,379.626764270849
Malaysia,MYS,East Asia & Pacific,1972,472.363509449959,407.19672797331
Malaysia,MYS,East Asia & Pacific,1973,700.728626010603,472.363509449959
Malaysia,MYS,East Asia & Pacific,1974,847.806802570239,700.728626010603
Malaysia,MYS,East Asia & Pacific,1975,810.570999701272,847.806802570239
Malaysia,MYS,East Asia & Pacific,1976,940.437734141673,810.570999701272
Malaysia,MYS,East Asia & Pacific,1977,1091.70837095855,940.437734141673
Malaysia,MYS,East Asia & Pacific,1978,1326.88769798353,1091.70837095855
Malaysia,MYS,East Asia & Pacific,1979,1679.87779419937,1326.88769798353
Malaysia,MYS,East Asia & Pacific,1980,1886.12339323875,1679.87779419937
Malaysia,MYS,East Asia & Pacific,1981,1866.10246831744,1886.12339323875
Malaysia,MYS,East Asia & Pacific,1982,1937.74922725899,1866.10246831744
Malaysia,MYS,East Asia & Pacific,1983,2124.29229106221,1937.74922725899
Malaysia,MYS,East Asia & Pacific,1984,2299.80870816235,2124.29229106221
Malaysia,MYS,East Asia & Pacific,1985,2045.57471772113,2299.80870816235
Malaysia,MYS,East Asia & Pacific,1986,1759.73185736702,2045.57471772113
Malaysia,MYS,East Asia & Pacific,1987,1977.1290866202,1759.73185736702
Malaysia,MYS,East Asia & Pacific,1988,2099.95467656701,1977.1290866202
Malaysia,MYS,East Asia & Pacific,1989,2243.60219599914,2099.95467656701
Malaysia,MYS,East Asia & Pacific,1990,2468.69080320116,2243.60219599914
Malaysia,MYS,East Asia & Pacific,1991,2679.20101106745,2468.69080320116
Malaysia,MYS,East Asia & Pacific,1992,3141.43321987651,2679.20101106745
Malaysia,MYS,East Asia & Pacific,1993,3461.99504214189,3141.43321987651
Malaysia,MYS,East Asia & Pacific,1994,3757.65292858601,3461.99504214189
Malaysia,MYS,East Asia & Pacific,1995,4363.14458333034,3757.65292858601
Malaysia,MYS,East Asia & Pacific,1996,4837.16897250768,4363.14458333034
Malaysia,MYS,East Asia & Pacific,1997,4678.56390058182,4837.16897250768
Malaysia,MYS,East Asia & Pacific,1998,3294.30978444095,4678.56390058182
Malaysia,MYS,East Asia & Pacific,1999,3527.81581379249,3294.30978444095
Malaysia,MYS,East Asia & Pacific,2000,4083.52874483605,3527.81581379249
Malaysia,MYS,East Asia & Pacific,2001,3943.79943910239,4083.52874483605
Malaysia,MYS,East Asia & Pacific,2002,4184.03163773539,3943.79943910239
Malaysia,MYS,East Asia & Pacific,2003,4465.32194567208,4184.03163773539
Malaysia,MYS,East Asia & Pacific,2004,4939.24851854427,4465.32194567208
Malaysia,MYS,East Asia & Pacific,2005,5555.58179951206,4939.24851854427
Malaysia,MYS,East Asia & Pacific,2006,6158.40785533236,5555.58179951206
Malaysia,MYS,East Asia & Pacific,2007,7168.93031942508,6158.40785533236
Malaysia,MYS,East Asia & Pacific,2008,8371.82156086005,7168.93031942508
Malaysia,MYS,East Asia & Pacific,2009,7191.43287234626,8371.82156086005
Malaysia,MYS,East Asia & Pacific,2010,8899.34505544675,7191.43287234626
Malaysia,MYS,East Asia & Pacific,2011,10217.1068585031,8899.34505544675
Malaysia,MYS,East Asia & Pacific,2012,10600.5744240026,10217.1068585031
Malaysia,MYS,East Asia & Pacific,2013,10713.6407638899,10600.5744240026
Malaysia,MYS,East Asia & Pacific,2014,11013.3107334403,10713.6407638899
Malaysia,MYS,East Asia & Pacific,2015,9648.6797937523,11013.3107334403
Malaysia,MYS,East Asia & Pacific,2016,9476.53409809923,9648.6797937523
Malaysia,MYS,East Asia & Pacific,2017,9862.54806612235,9476.53409809923
Malaysia,MYS,East Asia & Pacific,2018,10901.8019954421,9862.54806612235
Malaysia,MYS,East Asia & Pacific,2019,10920.191763972,10901.8019954421
Malaysia,MYS,East Asia & Pacific,2020,9957.52626697613,10920.191763972
Malaysia,MYS,East Asia & Pacific,2021,10903.1037480772,9957.52626697613
Malaysia,MYS,East Asia & Pacific,2022,11754.5678336248,10903.1037480772
Malaysia,MYS,East Asia & Pacific,2023,11386.0395636528,11754.5678336248
Malaysia,MYS,East Asia & Pacific,2024,11874.4273684245,11386.0395636528
Namibia,NAM,Sub-Saharan Africa ,1990,2037.47589359778,1966.82702819252
Namibia,NAM,Sub-Saharan Africa ,1991,2116.90552516214,2037.47589359778
Namibia,NAM,Sub-Saharan Africa ,1992,2346.86242963741,2116.90552516214
Namibia,NAM,Sub-Saharan Africa ,1993,2154.96473655435,2346.86242963741
Namibia,NAM,Sub-Saharan Africa ,1994,2355.90445673153,2154.96473655435
Namibia,NAM,Sub-Saharan Africa ,1995,2483.20353415161,2355.90445673153
Namibia,NAM,Sub-Saharan Africa ,1996,2423.3982907313,2483.20353415161
Namibia,NAM,Sub-Saharan Africa ,1997,2459.64511763936,2423.3982907313
Namibia,NAM,Sub-Saharan Africa ,1998,2235.24515468625,2459.64511763936
Namibia,NAM,Sub-Saharan Africa ,1999,2177.78733370092,2235.24515468625
Namibia,NAM,Sub-Saharan Africa ,2000,2156.67590512714,2177.78733370092
Namibia,NAM,Sub-Saharan Africa ,2001,1915.58926594875,2156.67590512714
Namibia,NAM,Sub-Saharan Africa ,2002,1772.07565537493,1915.58926594875
Namibia,NAM,Sub-Saharan Africa ,2003,2569.24739317883,1772.07565537493
Namibia,NAM,Sub-Saharan Africa ,2004,3403.15496192955,2569.24739317883
Namibia,NAM,Sub-Saharan Africa ,2005,3685.77299991587,3403.15496192955
Namibia,NAM,Sub-Saharan Africa ,2006,4017.1834716928,3685.77299991587
Namibia,NAM,Sub-Saharan Africa ,2007,4379.04313682732,4017.1834716928
Namibia,NAM,Sub-Saharan Africa ,2008,4204.78555422749,4379.04313682732
Namibia,NAM,Sub-Saharan Africa ,2009,4302.91374148376,4204.78555422749
Namibia,NAM,Sub-Saharan Africa ,2010,5418.21633365814,4302.91374148376
Namibia,NAM,Sub-Saharan Africa ,2011,5834.7917675794,5418.21633365814
Namibia,NAM,Sub-Saharan Africa ,2012,5942.64680978673,5834.7917675794
Namibia,NAM,Sub-Saharan Africa ,2013,5346.62131149967,5942.64680978673
Namibia,NAM,Sub-Saharan Africa ,2014,5378.32326241205,5346.62131149967
Namibia,NAM,Sub-Saharan Africa ,2015,4774.10650865775,5378.32326241205
Namibia,NAM,Sub-Saharan Africa ,2016,4395.68776162376,4774.10650865775
Namibia,NAM,Sub-Saharan Africa ,2017,5143.96072323076,4395.68776162376
Namibia,NAM,Sub-Saharan Africa ,2018,5308.60813408705,5143.96072323076
Namibia,NAM,Sub-Saharan Africa ,2019,4731.9210318831,5308.60813408705
Namibia,NAM,Sub-Saharan Africa ,2020,3878.58982993966,4731.9210318831
Namibia,NAM,Sub-Saharan Africa ,2021,4412.8355693052,3878.58982993966
Namibia,NAM,Sub-Saharan Africa ,2022,4349.79908493314,4412.8355693052
Namibia,NAM,Sub-Saharan Africa ,2023,4187.60500396525,4349.79908493314
Namibia,NAM,Sub-Saharan Africa ,2024,4413.12752211572,4187.60500396525
New Caledonia,NCL,East Asia & Pacific,1975,5940.93032547352,4848.9446983879
New Caledonia,NCL,East Asia & Pacific,1976,5618.32573273327,5940.93032547352
New Caledonia,NCL,East Asia & Pacific,1977,5792.71036838794,5618.32573273327
New Caledonia,NCL,East Asia & Pacific,1978,5779.03633913119,5792.71036838794
New Caledonia,NCL,East Asia & Pacific,1979,7069.54421444295,5779.03633913119
New Caledonia,NCL,East Asia & Pacific,1980,7892.72212911846,7069.54421444295
New Caledonia,NCL,East Asia & Pacific,1981,6422.06638106676,7892.72212911846
New Caledonia,NCL,East Asia & Pacific,1982,5912.37880618972,6422.06638106676
New Caledonia,NCL,East Asia & Pacific,1983,5315.10934087161,5912.37880618972
New Caledonia,NCL,East Asia & Pacific,1984,5051.72635841793,5315.10934087161
New Caledonia,NCL,East Asia & Pacific,1985,5334.82839832455,5051.72635841793
New Caledonia,NCL,East Asia & Pacific,1986,7374.68547045802,5334.82839832455
New Caledonia,NCL,East Asia & Pacific,1987,8983.35708724875,7374.68547045802
New Caledonia,NCL,East Asia & Pacific,1988,12301.1923190702,8983.35708724875
New Caledonia,NCL,East Asia & Pacific,1989,12701.8289877333,12301.1923190702
New Caledonia,NCL,East Asia & Pacific,1990,14334.6807372176,12701.8289877333
New Caledonia,NCL,East Asia & Pacific,1991,14642.5179713722,14334.6807372176
New Caledonia,NCL,East Asia & Pacific,1992,15713.7198562158,14642.5179713722
New Caledonia,NCL,East Asia & Pacific,1993,14787.2165075183,15713.7198562158
New Caledonia,NCL,East Asia & Pacific,1994,15534.3093278924,14787.2165075183
New Caledonia,NCL,East Asia & Pacific,1995,18107.8880778022,15534.3093278924
New Caledonia,NCL,East Asia & Pacific,1996,17592.0502745845,18107.8880778022
New Caledonia,NCL,East Asia & Pacific,1997,15704.9593483537,17592.0502745845
New Caledonia,NCL,East Asia & Pacific,1998,16614.5978812179,15704.9593483537
New Caledonia,NCL,East Asia & Pacific,1999,16692.6835119189,16614.5978812179
New Caledonia,NCL,East Asia & Pacific,2000,15329.7297200058,16692.6835119189
New Caledonia,NCL,East Asia & Pacific,2001,14482.3606263602,15329.7297200058
New Caledonia,NCL,East Asia & Pacific,2002,16104.5520406819,14482.3606263602
New Caledonia,NCL,East Asia & Pacific,2003,20768.1061488848,16104.5520406819
New Caledonia,NCL,East Asia & Pacific,2004,24475.6488547037,20768.1061488848
New Caledonia,NCL,East Asia & Pacific,2005,25528.2918353444,24475.6488547037
New Caledonia,NCL,East Asia & Pacific,2006,28193.2537573387,25528.2918353444
New Caledonia,NCL,East Asia & Pacific,2007,35177.6535261448,28193.2537573387
New Caledonia,NCL,East Asia & Pacific,2008,35723.9033194947,35177.6535261448
New Caledonia,NCL,East Asia & Pacific,2009,33836.494080472,35723.9033194947
New Caledonia,NCL,East Asia & Pacific,2010,35798.9084757829,33836.494080472
New Caledonia,NCL,East Asia & Pacific,2011,38835.9401851385,35798.9084757829
New Caledonia,NCL,East Asia & Pacific,2012,35559.5672006157,38835.9401851385
New Caledonia,NCL,East Asia & Pacific,2013,36671.1566752621,35559.5672006157
New Caledonia,NCL,East Asia & Pacific,2014,37816.9558599295,36671.1566752621
New Caledonia,NCL,East Asia & Pacific,2015,30858.7237060533,37816.9558599295
New Caledonia,NCL,East Asia & Pacific,2016,30782.8544433514,30858.7237060533
New Caledonia,NCL,East Asia & Pacific,2017,32354.7102832901,30782.8544433514
New Caledonia,NCL,East Asia & Pacific,2018,34902.8968780031,32354.7102832901
New Caledonia,NCL,East Asia & Pacific,2019,33411.3358835672,34902.8968780031
New Caledonia,NCL,East Asia & Pacific,2020,33270.330597637,33411.3358835672
New Caledonia,NCL,East Asia & Pacific,2021,35311.5543551452,33270.330597637
New Caledonia,NCL,East Asia & Pacific,2022,33516.363085906,35311.5543551452
New Caledonia,NCL,East Asia & Pacific,2023,33701.8923322781,33516.363085906
New Caledonia,NCL,East Asia & Pacific,2024,29213.1923192946,33701.8923322781
Niger,NER,Sub-Saharan Africa ,1970,139.75875001865,138.291209756182
Niger,NER,Sub-Saharan Africa ,1971,145.213783611591,139.75875001865
Niger,NER,Sub-Saharan Africa ,1972,151.437947747318,145.213783611591
Niger,NER,Sub-Saharan Africa ,1973,187.854399670045,151.437947747318
Niger,NER,Sub-Saharan Africa ,1974,198.28916531089,187.854399670045
Niger,NER,Sub-Saharan Africa ,1975,197.232873008404,198.28916531089
Niger,NER,Sub-Saharan Africa ,1976,194.789570593583,197.232873008404
Niger,NER,Sub-Saharan Africa ,1977,229.808417625006,194.789570593583
Niger,NER,Sub-Saharan Africa ,1978,306.828022482047,229.808417625006
Niger,NER,Sub-Saharan Africa ,1979,354.169730869649,306.828022482047
Niger,NER,Sub-Saharan Africa ,1980,408.822779755471,354.169730869649
Niger,NER,Sub-Saharan Africa ,1981,343.386800706738,408.822779755471
Niger,NER,Sub-Saharan Africa ,1982,309.795062345471,343.386800706738
Niger,NER,Sub-Saharan Africa ,1983,268.772580748131,309.795062345471
Niger,NER,Sub-Saharan Africa ,1984,211.468807340699,268.772580748131
Niger,NER,Sub-Saharan Africa ,1985,202.372740665362,211.468807340699
Niger,NER,Sub-Saharan Africa ,1986,259.561894151866,202.372740665362
Niger,NER,Sub-Saharan Africa ,1987,295.326253933298,259.561894151866
Niger,NER,Sub-Saharan Africa ,1988,292.587878484489,295.326253933298
Niger,NER,Sub-Saharan Africa ,1989,271.266557931133,292.587878484489
Niger,NER,Sub-Saharan Africa ,1990,423.887460599302,271.266557931133
Niger,NER,Sub-Saharan Africa ,1991,384.44311679922,423.887460599302
Niger,NER,Sub-Saharan Africa ,1992,384.029657304316,384.44311679922
Niger,NER,Sub-Saharan Africa ,1993,335.429581902384,384.029657304316
Niger,NER,Sub-Saharan Africa ,1994,206.214617135856,335.429581902384
Niger,NER,Sub-Saharan Africa ,1995,237.01998956862,206.214617135856
Niger,NER,Sub-Saharan Africa ,1996,239.494513213973,237.01998956862
Niger,NER,Sub-Saharan Africa ,1997,220.562957209,239.494513213973
Niger,NER,Sub-Saharan Africa ,1998,246.090855923026,220.562957209
Niger,NER,Sub-Saharan Africa ,1999,228.271656116064,246.090855923026
Niger,NER,Sub-Saharan Africa ,2000,194.771959898935,228.271656116064
Niger,NER,Sub-Saharan Africa ,2001,205.417936120931,194.771959898935
Niger,NER,Sub-Saharan Africa ,2002,225.294391147438,205.417936120931
Niger,NER,Sub-Saharan Africa ,2003,265.225363452469,225.294391147438
Niger,NER,Sub-Saharan Africa ,2004,283.468281798296,265.225363452469
Niger,NER,Sub-Saharan Africa ,2005,318.643121918273,283.468281798296
Niger,NER,Sub-Saharan Africa ,2006,333.345078419447,318.643121918273
Niger,NER,Sub-Saharan Africa ,2007,387.168065883301,333.345078419447
Niger,NER,Sub-Saharan Africa ,2008,475.044955398162,387.168065883301
Niger,NER,Sub-Saharan Africa ,2009,461.131533961487,475.044955398162
Niger,NER,Sub-Saharan Africa ,2010,474.425692340831,461.131533961487
Niger,NER,Sub-Saharan Africa ,2011,510.75956176268,474.425692340831
Niger,NER,Sub-Saharan Africa ,2012,528.510104469655,510.75956176268
Niger,NER,Sub-Saharan Africa ,2013,552.103334363117,528.510104469655
Niger,NER,Sub-Saharan Africa ,2014,565.30989731175,552.103334363117
Niger,NER,Sub-Saharan Africa ,2015,485.662574175279,565.30989731175
Niger,NER,Sub-Saharan Africa ,2016,502.706475406446,485.662574175279
Niger,NER,Sub-Saharan Africa ,2017,521.804130023434,502.706475406446
Niger,NER,Sub-Saharan Africa ,2018,578.568035680892,521.804130023434
Niger,NER,Sub-Saharan Africa ,2019,561.691304349698,578.568035680892
Niger,NER,Sub-Saharan Africa ,2020,579.512495758236,561.691304349698
Niger,NER,Sub-Saharan Africa ,2021,608.722439593808,579.512495758236
Niger,NER,Sub-Saharan Africa ,2022,609.745147574878,608.722439593808
Niger,NER,Sub-Saharan Africa ,2023,638.336080897887,609.745147574878
Niger,NER,Sub-Saharan Africa ,2024,735.270255787226,638.336080897887
Nigeria,NGA,Sub-Saharan Africa ,1970,224.46293599595,121.436663307697
Nigeria,NGA,Sub-Saharan Africa ,1971,160.479255841113,224.46293599595
Nigeria,NGA,Sub-Saharan Africa ,1972,209.454776294345,160.479255841113
Nigeria,NGA,Sub-Saharan Africa ,1973,252.369032452868,209.454776294345
Nigeria,NGA,Sub-Saharan Africa ,1974,402.836999782685,252.369032452868
Nigeria,NGA,Sub-Saharan Africa ,1975,438.078813916795,402.836999782685
Nigeria,NGA,Sub-Saharan Africa ,1976,556.389687719878,438.078813916795
Nigeria,NGA,Sub-Saharan Africa ,1977,535.965307817329,556.389687719878
Nigeria,NGA,Sub-Saharan Africa ,1978,526.895852928476,535.965307817329
Nigeria,NGA,Sub-Saharan Africa ,1979,660.994040864293,526.895852928476
Nigeria,NGA,Sub-Saharan Africa ,1980,870.359934682057,660.994040864293
Nigeria,NGA,Sub-Saharan Africa ,1981,2162.20995436075,870.359934682057
Nigeria,NGA,Sub-Saharan Africa ,1982,1821.53265482387,2162.20995436075
Nigeria,NGA,Sub-Saharan Africa ,1983,1207.07374565349,1821.53265482387
Nigeria,NGA,Sub-Saharan Africa ,1984,890.434106332302,1207.07374565349
Nigeria,NGA,Sub-Saharan Africa ,1985,868.640540548893,890.434106332302
Nigeria,NGA,Sub-Saharan Africa ,1986,628.248453718536,868.640540548893
Nigeria,NGA,Sub-Saharan Africa ,1987,587.956613434089,628.248453718536
Nigeria,NGA,Sub-Saharan Africa ,1988,539.539468397166,587.956613434089
Nigeria,NGA,Sub-Saharan Africa ,1989,465.488089532188,539.539468397166
Nigeria,NGA,Sub-Saharan Africa ,1990,556.376449130902,465.488089532188
Nigeria,NGA,Sub-Saharan Africa ,1991,596.938795710722,556.376449130902
Nigeria,NGA,Sub-Saharan Africa ,1992,508.515905682785,596.938795710722
Nigeria,NGA,Sub-Saharan Africa ,1993,539.573202297542,508.515905682785
Nigeria,NGA,Sub-Saharan Africa ,1994,744.884247151377,539.573202297542
Nigeria,NGA,Sub-Saharan Africa ,1995,1271.61617353199,744.884247151377
Nigeria,NGA,Sub-Saharan Africa ,1996,1632.72469370276,1271.61617353199
Nigeria,NGA,Sub-Saharan Africa ,1997,1720.27540949396,1632.72469370276
Nigeria,NGA,Sub-Saharan Africa ,1998,1822.46998452473,1720.27540949396
Nigeria,NGA,Sub-Saharan Africa ,1999,480.669363941805,1822.46998452473
Nigeria,NGA,Sub-Saharan Africa ,2000,547.318298903379,480.669363941805
Nigeria,NGA,Sub-Saharan Africa ,2001,566.428231812933,547.318298903379
Nigeria,NGA,Sub-Saharan Africa ,2002,712.164852077686,566.428231812933
Nigeria,NGA,Sub-Saharan Africa ,2003,763.388745367223,712.164852077686
Nigeria,NGA,Sub-Saharan Africa ,2004,962.48104194733,763.388745367223
Nigeria,NGA,Sub-Saharan Africa ,2005,1211.37703504386,962.48104194733
Nigeria,NGA,Sub-Saharan Africa ,2006,1599.53891556365,1211.37703504386
Nigeria,NGA,Sub-Saharan Africa ,2007,1815.52697545827,1599.53891556365
Nigeria,NGA,Sub-Saharan Africa ,2008,2154.10543545364,1815.52697545827
Nigeria,NGA,Sub-Saharan Africa ,2009,1820.48633854782,2154.10543545364
Nigeria,NGA,Sub-Saharan Africa ,2010,2202.25672957344,1820.48633854782
Nigeria,NGA,Sub-Saharan Africa ,2011,2418.41316975875,2202.25672957344
Nigeria,NGA,Sub-Saharan Africa ,2012,2633.19734671361,2418.41316975875
Nigeria,NGA,Sub-Saharan Africa ,2013,2872.79083379398,2633.19734671361
Nigeria,NGA,Sub-Saharan Africa ,2014,3088.72131316169,2872.79083379398
Nigeria,NGA,Sub-Saharan Africa ,2015,2585.73360671797,3088.72131316169
Nigeria,NGA,Sub-Saharan Africa ,2016,2070.4127339595,2585.73360671797
Nigeria,NGA,Sub-Saharan Africa ,2017,1876.34027111773,2070.4127339595
Nigeria,NGA,Sub-Saharan Africa ,2018,2057.87944554011,1876.34027111773
Nigeria,NGA,Sub-Saharan Africa ,2019,3189.81286498516,2057.87944554011
Nigeria,NGA,Sub-Saharan Africa ,2020,2797.18458068686,3189.81286498516
Nigeria,NGA,Sub-Saharan Africa ,2021,2787.48779224428,2797.18458068686
Nigeria,NGA,Sub-Saharan Africa ,2022,2899.16047470324,2787.48779224428
Nigeria,NGA,Sub-Saharan Africa ,2023,2138.76383719983,2899.16047470324
Nigeria,NGA,Sub-Saharan Africa ,2024,1084.16041805436,2138.76383719983
Nicaragua,NIC,Latin America & Caribbean ,1970,321.316159006971,319.366650327118
Nicaragua,NIC,Latin America & Caribbean ,1971,331.451182972568,321.316159006971
Nicaragua,NIC,Latin America & Caribbean ,1972,341.380772391976,331.451182972568
Nicaragua,NIC,Latin America & Caribbean ,1973,412.527494204714,341.380772391976
Nicaragua,NIC,Latin America & Caribbean ,1974,556.866122465391,412.527494204714
Nicaragua,NIC,Latin America & Caribbean ,1975,561.459695350208,556.866122465391
Nicaragua,NIC,Latin America & Caribbean ,1976,632.573778388006,561.459695350208
Nicaragua,NIC,Latin America & Caribbean ,1977,744.185320440322,632.573778388006
Nicaragua,NIC,Latin America & Caribbean ,1978,690.741261696299,744.185320440322
Nicaragua,NIC,Latin America & Caribbean ,1979,495.366597419221,690.741261696299
Nicaragua,NIC,Latin America & Caribbean ,1980,659.297143121648,495.366597419221
Nicaragua,NIC,Latin America & Caribbean ,1981,739.671655710215,659.297143121648
Nicaragua,NIC,Latin America & Caribbean ,1982,713.777809066357,739.671655710215
Nicaragua,NIC,Latin America & Caribbean ,1983,779.852730684977,713.777809066357
Nicaragua,NIC,Latin America & Caribbean ,1984,861.428649767358,779.852730684977
Nicaragua,NIC,Latin America & Caribbean ,1985,724.056425347288,861.428649767358
Nicaragua,NIC,Latin America & Caribbean ,1986,760.59055909276,724.056425347288
Nicaragua,NIC,Latin America & Caribbean ,1987,992.024066415935,760.59055909276
Nicaragua,NIC,Latin America & Caribbean ,1988,662.308196621167,992.024066415935
Nicaragua,NIC,Latin America & Caribbean ,1989,249.155474069011,662.308196621167
Nicaragua,NIC,Latin America & Caribbean ,1990,242.508390600822,249.155474069011
Nicaragua,NIC,Latin America & Caribbean ,1991,349.514318640612,242.508390600822
Nicaragua,NIC,Latin America & Caribbean ,1992,411.473330661786,349.514318640612
Nicaragua,NIC,Latin America & Caribbean ,1993,394.378074021071,411.473330661786
Nicaragua,NIC,Latin America & Caribbean ,1994,849.179331364895,394.378074021071
Nicaragua,NIC,Latin America & Caribbean ,1995,891.779352309996,849.179331364895
Nicaragua,NIC,Latin America & Caribbean ,1996,910.861645917295,891.779352309996
Nicaragua,NIC,Latin America & Caribbean ,1997,912.757429788533,910.861645917295
Nicaragua,NIC,Latin America & Caribbean ,1998,949.155373494771,912.757429788533
Nicaragua,NIC,Latin America & Caribbean ,1999,980.219744675246,949.155373494771
Nicaragua,NIC,Latin America & Caribbean ,2000,1017.3124434882,980.219744675246
Nicaragua,NIC,Latin America & Caribbean ,2001,1051.874235891,1017.3124434882
Nicaragua,NIC,Latin America & Caribbean ,2002,1014.3339042591,1051.874235891
Nicaragua,NIC,Latin America & Caribbean ,2003,1021.35216668794,1014.3339042591
Nicaragua,NIC,Latin America & Caribbean ,2004,1098.62118662335,1021.35216668794
Nicaragua,NIC,Latin America & Caribbean ,2005,1183.30214010175,1098.62118662335
Nicaragua,NIC,Latin America & Caribbean ,2006,1248.17371577788,1183.30214010175
Nicaragua,NIC,Latin America & Caribbean ,2007,1350.38145753377,1248.17371577788
Nicaragua,NIC,Latin America & Caribbean ,2008,1523.68437086409,1350.38145753377
Nicaragua,NIC,Latin America & Caribbean ,2009,1467.08288052845,1523.68437086409
Nicaragua,NIC,Latin America & Caribbean ,2010,1526.56706951408,1467.08288052845
Nicaragua,NIC,Latin America & Caribbean ,2011,1679.71192084633,1526.56706951408
Nicaragua,NIC,Latin America & Caribbean ,2012,1784.69836017555,1679.71192084633
Nicaragua,NIC,Latin America & Caribbean ,2013,1835.43996363715,1784.69836017555
Nicaragua,NIC,Latin America & Caribbean ,2014,1958.37047579547,1835.43996363715
Nicaragua,NIC,Latin America & Caribbean ,2015,2074.45620634731,1958.37047579547
Nicaragua,NIC,Latin America & Caribbean ,2016,2131.68704828322,2074.45620634731
Nicaragua,NIC,Latin America & Caribbean ,2017,2182.61380995674,2131.68704828322
Nicaragua,NIC,Latin America & Caribbean ,2018,2035.16549390507,2182.61380995674
Nicaragua,NIC,Latin America & Caribbean ,2019,1958.62051528095,2035.16549390507
Nicaragua,NIC,Latin America & Caribbean ,2020,1938.44704754382,1958.62051528095
Nicaragua,NIC,Latin America & Caribbean ,2021,2138.38588469449,1938.44704754382
Nicaragua,NIC,Latin America & Caribbean ,2022,2322.89053964583,2138.38588469449
Nicaragua,NIC,Latin America & Caribbean ,2023,2609.44492072931,2322.89053964583
Nicaragua,NIC,Latin America & Caribbean ,2024,2847.53966339498,2609.44492072931
Netherlands,NLD,Europe & Central Asia,1970,2931.38078026525,2646.84581766825
Netherlands,NLD,Europe & Central Asia,1971,3383.58715579996,2931.38078026525
Netherlands,NLD,Europe & Central Asia,1972,4110.49164551948,3383.58715579996
Netherlands,NLD,Europe & Central Asia,1973,5353.44265154981,4110.49164551948
Netherlands,NLD,Europe & Central Asia,1974,6450.45770236493,5353.44265154981
Netherlands,NLD,Europe & Central Asia,1975,7346.3047476862,6450.45770236493
Netherlands,NLD,Europe & Central Asia,1976,7937.35246713998,7346.3047476862
Netherlands,NLD,Europe & Central Asia,1977,9180.29918461772,7937.35246713998
Netherlands,NLD,Europe & Central Asia,1978,11195.8424872959,9180.29918461772
Netherlands,NLD,Europe & Central Asia,1979,12817.3790153401,11195.8424872959
Netherlands,NLD,Europe & Central Asia,1980,13812.1600098191,12817.3790153401
Netherlands,NLD,Europe & Central Asia,1981,11537.4026865092,13812.1600098191
Netherlands,NLD,Europe & Central Asia,1982,11088.9543150885,11537.4026865092
Netherlands,NLD,Europe & Central Asia,1983,10696.0774958682,11088.9543150885
Netherlands,NLD,Europe & Central Asia,1984,9991.84377655651,10696.0774958682
Netherlands,NLD,Europe & Central Asia,1985,9940.73843593795,9991.84377655651
Netherlands,NLD,Europe & Central Asia,1986,13804.1360603265,9940.73843593795
Netherlands,NLD,Europe & Central Asia,1987,16734.1514052316,13804.1360603265
Netherlands,NLD,Europe & Central Asia,1988,17770.6162376388,16734.1514052316
Netherlands,NLD,Europe & Central Asia,1989,17423.2961585523,17770.6162376388
Netherlands,NLD,Europe & Central Asia,1990,21322.1944802703,17423.2961585523
Netherlands,NLD,Europe & Central Asia,1991,21764.2144987258,21322.1944802703
Netherlands,NLD,Europe & Central Asia,1992,23939.2173482108,21764.2144987258
Netherlands,NLD,Europe & Central Asia,1993,23156.4404444568,23939.2173482108
Netherlands,NLD,Europe & Central Asia,1994,24682.5866742863,23156.4404444568
Netherlands,NLD,Europe & Central Asia,1995,29301.1940492376,24682.5866742863
Netherlands,NLD,Europe & Central Asia,1996,29063.6236532536,29301.1940492376
Netherlands,NLD,Europe & Central Asia,1997,26744.9601318097,29063.6236532536
Netherlands,NLD,Europe & Central Asia,1998,27924.281808994,26744.9601318097
Netherlands,NLD,Europe & Central Asia,1999,28318.7466538357,27924.281808994
Netherlands,NLD,Europe & Central Asia,2000,26225.1697734149,28318.7466538357
Netherlands,NLD,Europe & Central Asia,2001,26955.7128032278,26225.1697734149
Netherlands,NLD,Europe & Central Asia,2002,29446.5330872868,26955.7128032278
Netherlands,NLD,Europe & Central Asia,2003,35896.7504630706,29446.5330872868
Netherlands,NLD,Europe & Central Asia,2004,40611.3414353091,35896.7504630706
Netherlands,NLD,Europe & Central Asia,2005,42165.396168388,40611.3414353091
Netherlands,NLD,Europe & Central Asia,2006,45123.5432406426,42165.396168388
Netherlands,NLD,Europe & Central Asia,2007,52100.7996285947,45123.5432406426
Netherlands,NLD,Europe & Central Asia,2008,58246.7026905874,52100.7996285947
Netherlands,NLD,Europe & Central Asia,2009,53172.0261581418,58246.7026905874
Netherlands,NLD,Europe & Central Asia,2010,51305.7338533973,53172.0261581418
Netherlands,NLD,Europe & Central Asia,2011,54701.7728030611,51305.7338533973
Netherlands,NLD,Europe & Central Asia,2012,50473.9442002689,54701.7728030611
Netherlands,NLD,Europe & Central Asia,2013,52602.2860520766,50473.9442002689
Netherlands,NLD,Europe & Central Asia,2014,53457.2234864322,52602.2860520766
Netherlands,NLD,Europe & Central Asia,2015,45793.8135434697,53457.2234864322
Netherlands,NLD,Europe & Central Asia,2016,46808.5291492503,45793.8135434697
Netherlands,NLD,Europe & Central Asia,2017,49513.6817346384,46808.5291492503
Netherlands,NLD,Europe & Central Asia,2018,53955.0770024266,49513.6817346384
Netherlands,NLD,Europe & Central Asia,2019,53554.9007491475,53955.0770024266
Netherlands,NLD,Europe & Central Asia,2020,53467.9277413737,53554.9007491475
Netherlands,NLD,Europe & Central Asia,2021,60141.9880911492,53467.9277413737
Netherlands,NLD,Europe & Central Asia,2022,59123.318556487,60141.9880911492
Netherlands,NLD,Europe & Central Asia,2023,63515.6030780019,59123.318556487
Netherlands,NLD,Europe & Central Asia,2024,67520.4218956281,63515.6030780019
Norway,NOR,Europe & Central Asia,1970,3306.21947607769,2894.23998236681
Norway,NOR,Europe & Central Asia,1971,3736.34873749991,3306.21947607769
Norway,NOR,Europe & Central Asia,1972,4413.57569168528,3736.34873749991
Norway,NOR,Europe & Central Asia,1973,5689.5888066967,4413.57569168528
Norway,NOR,Europe & Central Asia,1974,6811.52733653232,5689.5888066967
Norway,NOR,Europe & Central Asia,1975,8204.45151152979,6811.52733653232
Norway,NOR,Europe & Central Asia,1976,8927.20162734477,8204.45151152979
Norway,NOR,Europe & Central Asia,1977,10266.1206718698,8927.20162734477
Norway,NOR,Europe & Central Asia,1978,11462.5945916053,10266.1206718698
Norway,NOR,Europe & Central Asia,1979,13046.5372210653,11462.5945916053
Norway,NOR,Europe & Central Asia,1980,15772.2409073814,13046.5372210653
Norway,NOR,Europe & Central Asia,1981,15512.5067043575,15772.2409073814
Norway,NOR,Europe & Central Asia,1982,15224.8939100982,15512.5067043575
Norway,NOR,Europe & Central Asia,1983,14927.5174766339,15224.8939100982
Norway,NOR,Europe & Central Asia,1984,14989.4857665906,14927.5174766339
Norway,NOR,Europe & Central Asia,1985,15753.5527652129,14989.4857665906
Norway,NOR,Europe & Central Asia,1986,18883.2333523873,15753.5527652129
Norway,NOR,Europe & Central Asia,1987,22505.8622623684,18883.2333523873
Norway,NOR,Europe & Central Asia,1988,24207.281468963,22505.8622623684
Norway,NOR,Europe & Central Asia,1989,24281.1304051396,24207.281468963
Norway,NOR,Europe & Central Asia,1990,28242.981402822,24281.1304051396
Norway,NOR,Europe & Central Asia,1991,28596.9330036444,28242.981402822
Norway,NOR,Europe & Central Asia,1992,30523.9850558974,28596.9330036444
Norway,NOR,Europe & Central Asia,1993,27963.6979095744,30523.9850558974
Norway,NOR,Europe & Central Asia,1994,29315.8092337732,27963.6979095744
Norway,NOR,Europe & Central Asia,1995,34875.7043347536,29315.8092337732
Norway,NOR,Europe & Central Asia,1996,37321.9741993473,34875.7043347536
Norway,NOR,Europe & Central Asia,1997,36629.0309036621,37321.9741993473
Norway,NOR,Europe & Central Asia,1998,34803.4634058738,36629.0309036621
Norway,NOR,Europe & Central Asia,1999,36393.2927471088,34803.4634058738
Norway,NOR,Europe & Central Asia,2000,38178.2368777076,36393.2927471088
Norway,NOR,Europe & Central Asia,2001,38601.897639231,38178.2368777076
Norway,NOR,Europe & Central Asia,2002,43170.557174499,38601.897639231
Norway,NOR,Europe & Central Asia,2003,50250.3298214345,43170.557174499
Norway,NOR,Europe & Central Asia,2004,57768.6980958462,50250.3298214345
Norway,NOR,Europe & Central Asia,2005,67047.1704558264,57768.6980958462
Norway,NOR,Europe & Central Asia,2006,74434.4996835671,67047.1704558264
Norway,NOR,Europe & Central Asia,2007,85502.2677087731,74434.4996835671
Norway,NOR,Europe & Central Asia,2008,97503.5407803783,85502.2677087731
Norway,NOR,Europe & Central Asia,2009,80347.5700665184,97503.5407803783
Norway,NOR,Europe & Central Asia,2010,88163.2085931423,80347.5700665184
Norway,NOR,Europe & Central Asia,2011,101221.813476644,88163.2085931423
Norway,NOR,Europe & Central Asia,2012,102175.919298374,101221.813476644
Norway,NOR,Europe & Central Asia,2013,103553.840134417,102175.919298374
Norway,NOR,Europe & Central Asia,2014,97666.6951838749,103553.840134417
Norway,NOR,Europe & Central Asia,2015,74809.9658049898,97666.6951838749
Norway,NOR,Europe & Central Asia,2016,70867.3609970749,74809.9658049898
Norway,NOR,Europe & Central Asia,2017,76131.8384032764,70867.3609970749
Norway,NOR,Europe & Central Asia,2018,82792.8427113304,76131.8384032764
Norway,NOR,Europe & Central Asia,2019,76430.5889473338,82792.8427113304
Norway,NOR,Europe & Central Asia,2020,68340.0181033702,76430.5889473338
Norway,NOR,Europe & Central Asia,2021,93072.8925119571,68340.0181033702
Norway,NOR,Europe & Central Asia,2022,109269.520580298,93072.8925119571
Norway,NOR,Europe & Central Asia,2023,87497.2179649556,109269.520580298
Norway,NOR,Europe & Central Asia,2024,86785.4334489176,87497.2179649556
Nepal,NPL,South Asia,1970,69.6334897297304,64.8179199463286
Nepal,NPL,South Asia,1971,69.4540704096493,69.6334897297304
Nepal,NPL,South Asia,1972,78.842912842237,69.4540704096493
Nepal,NPL,South Asia,1973,73.2266835267801,78.842912842237
Nepal,NPL,South Asia,1974,89.7637455591626,73.2266835267801
Nepal,NPL,South Asia,1975,113.605645172746,89.7637455591626
Nepal,NPL,South Asia,1976,102.470373251774,113.605645172746
Nepal,NPL,South Asia,1977,95.3433557426543,102.470373251774
Nepal,NPL,South Asia,1978,108.099425052837,95.3433557426543
Nepal,NPL,South Asia,1979,121.86820974915,108.099425052837
Nepal,NPL,South Asia,1980,125.114347478097,121.86820974915
Nepal,NPL,South Asia,1981,142.916898807843,125.114347478097
Nepal,NPL,South Asia,1982,146.976662933749,142.916898807843
Nepal,NPL,South Asia,1983,146.632953086254,146.976662933749
Nepal,NPL,South Asia,1984,151.078187115939,146.632953086254
Nepal,NPL,South Asia,1985,149.900453418882,151.078187115939
Nepal,NPL,South Asia,1986,159.545682806044,149.900453418882
Nepal,NPL,South Asia,1987,162.036906898913,159.545682806044
Nepal,NPL,South Asia,1988,187.084777621975,162.036906898913
Nepal,NPL,South Asia,1989,184.975416457251,187.084777621975
Nepal,NPL,South Asia,1990,185.794600449903,184.975416457251
Nepal,NPL,South Asia,1991,195.716621410462,185.794600449903
Nepal,NPL,South Asia,1992,165.02959412726,195.716621410462
Nepal,NPL,South Asia,1993,172.805202579767,165.02959412726
Nepal,NPL,South Asia,1994,187.258176246151,172.805202579767
Nepal,NPL,South Asia,1995,197.843001330326,187.258176246151
Nepal,NPL,South Asia,1996,198.821907435345,197.843001330326
Nepal,NPL,South Asia,1997,211.834869589153,198.821907435345
Nepal,NPL,South Asia,1998,205.075246306069,211.834869589153
Nepal,NPL,South Asia,1999,208.646667913743,205.075246306069
Nepal,NPL,South Asia,2000,223.830289183078,208.646667913743
Nepal,NPL,South Asia,2001,240.795114544664,223.830289183078
Nepal,NPL,South Asia,2002,238.89140296106,240.795114544664
Nepal,NPL,South Asia,2003,246.429706587633,238.89140296106
Nepal,NPL,South Asia,2004,279.587750044428,246.429706587633
Nepal,NPL,South Asia,2005,309.024168339372,279.587750044428
Nepal,NPL,South Asia,2006,340.431796437968,309.024168339372
Nepal,NPL,South Asia,2007,385.449767660642,340.431796437968
Nepal,NPL,South Asia,2008,464.817391891529,385.449767660642
Nepal,NPL,South Asia,2009,473.078751198621,464.817391891529
Nepal,NPL,South Asia,2010,585.278491984574,473.078751198621
Nepal,NPL,South Asia,2011,785.518656222132,585.278491984574
Nepal,NPL,South Asia,2012,788.202937148377,785.518656222132
Nepal,NPL,South Asia,2013,803.269595420477,788.202937148377
Nepal,NPL,South Asia,2014,821.455224911731,803.269595420477
Nepal,NPL,South Asia,2015,875.543635474862,821.455224911731
Nepal,NPL,South Asia,2016,877.256454696737,875.543635474862
Nepal,NPL,South Asia,2017,1034.28374906846,877.256454696737
Nepal,NPL,South Asia,2018,1179.19843190389,1034.28374906846
Nepal,NPL,South Asia,2019,1203.14294706401,1179.19843190389
Nepal,NPL,South Asia,2020,1154.21517578318,1203.14294706401
Nepal,NPL,South Asia,2021,1252.75076731986,1154.21517578318
Nepal,NPL,South Asia,2022,1385.91066274851,1252.75076731986
Nepal,NPL,South Asia,2023,1382.33055769304,1385.91066274851
Nepal,NPL,South Asia,2024,1447.31004458428,1382.33055769304
Nauru,NRU,East Asia & Pacific,1980,6137.68129611495,5949.5621623368
Nauru,NRU,East Asia & Pacific,1981,6593.90695188717,6137.68129611495
Nauru,NRU,East Asia & Pacific,1982,6576.83364047027,6593.90695188717
Nauru,NRU,East Asia & Pacific,1983,5895.70266811075,6576.83364047027
Nauru,NRU,East Asia & Pacific,1984,5653.96100020028,5895.70266811075
Nauru,NRU,East Asia & Pacific,1985,4858.93351745825,5653.96100020028
Nauru,NRU,East Asia & Pacific,1986,4568.67887653491,4858.93351745825
Nauru,NRU,East Asia & Pacific,1987,4484.50814586951,4568.67887653491
Nauru,NRU,East Asia & Pacific,1988,5011.58031484611,4484.50814586951
Nauru,NRU,East Asia & Pacific,1989,5722.7674219742,5011.58031484611
Nauru,NRU,East Asia & Pacific,1990,5775.55347423089,5722.7674219742
Nauru,NRU,East Asia & Pacific,1991,5333.37954889626,5775.55347423089
Nauru,NRU,East Asia & Pacific,1992,5102.59685913907,5333.37954889626
Nauru,NRU,East Asia & Pacific,1993,4310.24433298623,5102.59685913907
Nauru,NRU,East Asia & Pacific,1994,3920.53972987914,4310.24433298623
Nauru,NRU,East Asia & Pacific,1995,3932.0910939209,3920.53972987914
Nauru,NRU,East Asia & Pacific,1996,3678.56242894634,3932.0910939209
Nauru,NRU,East Asia & Pacific,1997,3661.02846701327,3678.56242894634
Nauru,NRU,East Asia & Pacific,1998,2908.84986525428,3661.02846701327
Nauru,NRU,East Asia & Pacific,1999,2682.69486680046,2908.84986525428
Nauru,NRU,East Asia & Pacific,2000,2648.60152860938,2682.69486680046
Nauru,NRU,East Asia & Pacific,2001,2232.30874026726,2648.60152860938
Nauru,NRU,East Asia & Pacific,2002,2084.64824520971,2232.30874026726
Nauru,NRU,East Asia & Pacific,2003,2463.28259078079,2084.64824520971
Nauru,NRU,East Asia & Pacific,2004,3040.51349889,2463.28259078079
Nauru,NRU,East Asia & Pacific,2005,2992.40382776926,3040.51349889
Nauru,NRU,East Asia & Pacific,2006,2910.14145794684,2992.40382776926
Nauru,NRU,East Asia & Pacific,2007,2272.15291307045,2910.14145794684
Nauru,NRU,East Asia & Pacific,2008,3756.84531228766,2272.15291307045
Nauru,NRU,East Asia & Pacific,2009,4410.56764668962,3756.84531228766
Nauru,NRU,East Asia & Pacific,2010,4735.92000502092,4410.56764668962
Nauru,NRU,East Asia & Pacific,2011,6444.03642094634,4735.92000502092
Nauru,NRU,East Asia & Pacific,2012,9842.77032731856,6444.03642094634
Nauru,NRU,East Asia & Pacific,2013,8974.51886874433,9842.77032731856
Nauru,NRU,East Asia & Pacific,2014,9230.05440328927,8974.51886874433
Nauru,NRU,East Asia & Pacific,2015,7747.25584993607,9230.05440328927
Nauru,NRU,East Asia & Pacific,2016,8748.15632605428,7747.25584993607
Nauru,NRU,East Asia & Pacific,2017,9656.97976571484,8748.15632605428
Nauru,NRU,East Asia & Pacific,2018,11413.7463016389,9656.97976571484
Nauru,NRU,East Asia & Pacific,2019,10801.7705659635,11413.7463016389
Nauru,NRU,East Asia & Pacific,2020,10709.068810538,10801.7705659635
Nauru,NRU,East Asia & Pacific,2021,14979.099896799,10709.068810538
Nauru,NRU,East Asia & Pacific,2022,12911.9086441381,14979.099896799
Nauru,NRU,East Asia & Pacific,2023,12752.4723855838,12911.9086441381
Nauru,NRU,East Asia & Pacific,2024,13609.158837552,12752.4723855838
New Zealand,NZL,East Asia & Pacific,1970,2311.02761979013,2096.92646729301
New Zealand,NZL,East Asia & Pacific,1971,2772.9185969396,2311.02761979013
New Zealand,NZL,East Asia & Pacific,1972,3294.64894268304,2772.9185969396
New Zealand,NZL,East Asia & Pacific,1973,4323.19653458655,3294.64894268304
New Zealand,NZL,East Asia & Pacific,1974,4610.57042634013,4323.19653458655
New Zealand,NZL,East Asia & Pacific,1975,4171.76973967475,4610.57042634013
New Zealand,NZL,East Asia & Pacific,1976,4373.84099791231,4171.76973967475
New Zealand,NZL,East Asia & Pacific,1977,4950.58820538927,4373.84099791231
New Zealand,NZL,East Asia & Pacific,1978,5936.98526036423,4950.58820538927
New Zealand,NZL,East Asia & Pacific,1979,6668.1386662247,5936.98526036423
New Zealand,NZL,East Asia & Pacific,1980,7467.16803773805,6668.1386662247
New Zealand,NZL,East Asia & Pacific,1981,7813.88754336067,7467.16803773805
New Zealand,NZL,East Asia & Pacific,1982,7656.47573238963,7813.88754336067
New Zealand,NZL,East Asia & Pacific,1983,7598.31203875006,7656.47573238963
New Zealand,NZL,East Asia & Pacific,1984,6713.76013104154,7598.31203875006
New Zealand,NZL,East Asia & Pacific,1985,7600.56524172937,6713.76013104154
New Zealand,NZL,East Asia & Pacific,1986,9427.55394035348,7600.56524172937
New Zealand,NZL,East Asia & Pacific,1987,12330.9168305483,9427.55394035348
New Zealand,NZL,East Asia & Pacific,1988,13759.1556295922,12330.9168305483
New Zealand,NZL,East Asia & Pacific,1989,13312.3855858113,13759.1556295922
New Zealand,NZL,East Asia & Pacific,1990,13663.0216184298,13312.3855858113
New Zealand,NZL,East Asia & Pacific,1991,12230.0734548834,13663.0216184298
New Zealand,NZL,East Asia & Pacific,1992,11793.1392416214,12230.0734548834
New Zealand,NZL,East Asia & Pacific,1993,13094.3454502639,11793.1392416214
New Zealand,NZL,East Asia & Pacific,1994,15280.3127842922,13094.3454502639
New Zealand,NZL,East Asia & Pacific,1995,17400.4201848172,15280.3127842922
New Zealand,NZL,East Asia & Pacific,1996,18794.436039393,17400.4201848172
New Zealand,NZL,East Asia & Pacific,1997,17474.187029724,18794.436039393
New Zealand,NZL,East Asia & Pacific,1998,14738.4455703918,17474.187029724
New Zealand,NZL,East Asia & Pacific,1999,15322.2238340267,14738.4455703918
New Zealand,NZL,East Asia & Pacific,2000,13641.1027183822,15322.2238340267
New Zealand,NZL,East Asia & Pacific,2001,13882.8568268586,13641.1027183822
New Zealand,NZL,East Asia & Pacific,2002,16874.1874918196,13882.8568268586
New Zealand,NZL,East Asia & Pacific,2003,21913.7081719961,16874.1874918196
New Zealand,NZL,East Asia & Pacific,2004,25420.234882944,21913.7081719961
New Zealand,NZL,East Asia & Pacific,2005,27751.0654708859,25420.234882944
New Zealand,NZL,East Asia & Pacific,2006,26654.5932018985,27751.0654708859
New Zealand,NZL,East Asia & Pacific,2007,32479.9817381467,26654.5932018985
New Zealand,NZL,East Asia & Pacific,2008,31324.7397977102,32479.9817381467
New Zealand,NZL,East Asia & Pacific,2009,28276.7255416225,31324.7397977102
New Zealand,NZL,East Asia & Pacific,2010,33761.9009639947,28276.7255416225
New Zealand,NZL,East Asia & Pacific,2011,38431.7766788499,33761.9009639947
New Zealand,NZL,East Asia & Pacific,2012,40053.6991536369,38431.7766788499
New Zealand,NZL,East Asia & Pacific,2013,43000.4646849189,40053.6991536369
New Zealand,NZL,East Asia & Pacific,2014,44618.266973847,43000.4646849189
New Zealand,NZL,East Asia & Pacific,2015,38665.3723018158,44618.266973847
New Zealand,NZL,East Asia & Pacific,2016,40113.7195382428,38665.3723018158
New Zealand,NZL,East Asia & Pacific,2017,42950.3841711138,40113.7195382428
New Zealand,NZL,East Asia & Pacific,2018,43257.0769238879,42950.3841711138
New Zealand,NZL,East Asia & Pacific,2019,42855.831861632,43257.0769238879
New Zealand,NZL,East Asia & Pacific,2020,41997.7830324279,42855.831861632
New Zealand,NZL,East Asia & Pacific,2021,49950.4251691316,41997.7830324279
New Zealand,NZL,East Asia & Pacific,2022,49099.7090423358,49950.4251691316
New Zealand,NZL,East Asia & Pacific,2023,49075.9562832927,49099.7090423358
New Zealand,NZL,East Asia & Pacific,2024,49205.1792146792,49075.9562832927
Oman,OMN,"Middle East, North Africa, Afghanistan & Pakistan",1970,386.792712839023,371.945677290612
Oman,OMN,"Middle East, North Africa, Afghanistan & Pakistan",1971,441.935384423256,386.792712839023
Oman,OMN,"Middle East, North Africa, Afghanistan & Pakistan",1972,523.675726630998,441.935384423256
Oman,OMN,"Middle East, North Africa, Afghanistan & Pakistan",1973,669.829529995212,523.675726630998
Oman,OMN,"Middle East, North Africa, Afghanistan & Pakistan",1974,2203.40591346986,669.829529995212
Oman,OMN,"Middle East, North Africa, Afghanistan & Pakistan",1975,2691.99653514052,2203.40591346986
Oman,OMN,"Middle East, North Africa, Afghanistan & Pakistan",1976,3142.52717836645,2691.99653514052
Oman,OMN,"Middle East, North Africa, Afghanistan & Pakistan",1977,3204.86972958061,3142.52717836645
Oman,OMN,"Middle East, North Africa, Afghanistan & Pakistan",1978,3043.75121036129,3204.86972958061
Oman,OMN,"Middle East, North Africa, Afghanistan & Pakistan",1979,3933.50510857105,3043.75121036129
Oman,OMN,"Middle East, North Africa, Afghanistan & Pakistan",1980,5974.30434611467,3933.50510857105
Oman,OMN,"Middle East, North Africa, Afghanistan & Pakistan",1981,6865.58482819779,5974.30434611467
Oman,OMN,"Middle East, North Africa, Afghanistan & Pakistan",1982,6759.29870293907,6865.58482819779
Oman,OMN,"Middle East, North Africa, Afghanistan & Pakistan",1983,6714.19125910699,6759.29870293907
Oman,OMN,"Middle East, North Africa, Afghanistan & Pakistan",1984,7070.07295804885,6714.19125910699
Oman,OMN,"Middle East, North Africa, Afghanistan & Pakistan",1985,7548.69588410284,7070.07295804885
Oman,OMN,"Middle East, North Africa, Afghanistan & Pakistan",1986,5181.87980290561,7548.69588410284
Oman,OMN,"Middle East, North Africa, Afghanistan & Pakistan",1987,5203.99994065839,5181.87980290561
Oman,OMN,"Middle East, North Africa, Afghanistan & Pakistan",1988,5279.10411437183,5203.99994065839
Oman,OMN,"Middle East, North Africa, Afghanistan & Pakistan",1989,5591.22723847558,5279.10411437183
Oman,OMN,"Middle East, North Africa, Afghanistan & Pakistan",1990,7545.70305230441,5591.22723847558
Oman,OMN,"Middle East, North Africa, Afghanistan & Pakistan",1991,6977.3285922345,7545.70305230441
Oman,OMN,"Middle East, North Africa, Afghanistan & Pakistan",1992,7317.78815838166,6977.3285922345
Oman,OMN,"Middle East, North Africa, Afghanistan & Pakistan",1993,7038.9301587736,7317.78815838166
Oman,OMN,"Middle East, North Africa, Afghanistan & Pakistan",1994,7068.38996979073,7038.9301587736
Oman,OMN,"Middle East, North Africa, Afghanistan & Pakistan",1995,7414.30279204109,7068.38996979073
Oman,OMN,"Middle East, North Africa, Afghanistan & Pakistan",1996,8068.00076784612,7414.30279204109
Oman,OMN,"Middle East, North Africa, Afghanistan & Pakistan",1997,8234.64063759005,8068.00076784612
Oman,OMN,"Middle East, North Africa, Afghanistan & Pakistan",1998,7219.02932432025,8234.64063759005
Oman,OMN,"Middle East, North Africa, Afghanistan & Pakistan",1999,7915.44169380534,7219.02932432025
Oman,OMN,"Middle East, North Africa, Afghanistan & Pakistan",2000,9753.84755185404,7915.44169380534
Oman,OMN,"Middle East, North Africa, Afghanistan & Pakistan",2001,9611.96360191054,9753.84755185404
Oman,OMN,"Middle East, North Africa, Afghanistan & Pakistan",2002,9869.13050219438,9611.96360191054
Oman,OMN,"Middle East, North Africa, Afghanistan & Pakistan",2003,10463.5425832141,9869.13050219438
Oman,OMN,"Middle East, North Africa, Afghanistan & Pakistan",2004,11800.8507411171,10463.5425832141
Oman,OMN,"Middle East, North Africa, Afghanistan & Pakistan",2005,14434.8577924647,11800.8507411171
Oman,OMN,"Middle East, North Africa, Afghanistan & Pakistan",2006,16930.8565071853,14434.8577924647
Oman,OMN,"Middle East, North Africa, Afghanistan & Pakistan",2007,18792.653772482,16930.8565071853
Oman,OMN,"Middle East, North Africa, Afghanistan & Pakistan",2008,26576.779241509,18792.653772482
Oman,OMN,"Middle East, North Africa, Afghanistan & Pakistan",2009,20655.9180249218,26576.779241509
Oman,OMN,"Middle East, North Africa, Afghanistan & Pakistan",2010,23570.1798147325,20655.9180249218
Oman,OMN,"Middle East, North Africa, Afghanistan & Pakistan",2011,25188.0074151885,23570.1798147325
Oman,OMN,"Middle East, North Africa, Afghanistan & Pakistan",2012,24642.2978768596,25188.0074151885
Oman,OMN,"Middle East, North Africa, Afghanistan & Pakistan",2013,23458.0233840053,24642.2978768596
Oman,OMN,"Middle East, North Africa, Afghanistan & Pakistan",2014,23160.6502252547,23458.0233840053
Oman,OMN,"Middle East, North Africa, Afghanistan & Pakistan",2015,18808.3077921839,23160.6502252547
Oman,OMN,"Middle East, North Africa, Afghanistan & Pakistan",2016,17110.1897460545,18808.3077921839
Oman,OMN,"Middle East, North Africa, Afghanistan & Pakistan",2017,17820.0661809335,17110.1897460545
Oman,OMN,"Middle East, North Africa, Afghanistan & Pakistan",2018,19901.7615642016,17820.0661809335
Oman,OMN,"Middle East, North Africa, Afghanistan & Pakistan",2019,19180.1864152801,19901.7615642016
Oman,OMN,"Middle East, North Africa, Afghanistan & Pakistan",2020,16784.8630630058,19180.1864152801
Oman,OMN,"Middle East, North Africa, Afghanistan & Pakistan",2021,19403.4600160211,16784.8630630058
Oman,OMN,"Middle East, North Africa, Afghanistan & Pakistan",2022,23223.5829405935,19403.4600160211
Oman,OMN,"Middle East, North Africa, Afghanistan & Pakistan",2023,21027.7384778886,23223.5829405935
Oman,OMN,"Middle East, North Africa, Afghanistan & Pakistan",2024,20285.2272897377,21027.7384778886
Pakistan,PAK,"Middle East, North Africa, Afghanistan & Pakistan",1970,166.662061958389,148.528512990071
Pakistan,PAK,"Middle East, North Africa, Afghanistan & Pakistan",1971,172.453662202274,166.662061958389
Pakistan,PAK,"Middle East, North Africa, Afghanistan & Pakistan",1972,148.073976270617,172.453662202274
Pakistan,PAK,"Middle East, North Africa, Afghanistan & Pakistan",1973,97.5136425928243,148.073976270617
Pakistan,PAK,"Middle East, North Africa, Afghanistan & Pakistan",1974,132.005156607293,97.5136425928243
Pakistan,PAK,"Middle East, North Africa, Afghanistan & Pakistan",1975,161.681774899518,132.005156607293
Pakistan,PAK,"Middle East, North Africa, Afghanistan & Pakistan",1976,183.859733422347,161.681774899518
Pakistan,PAK,"Middle East, North Africa, Afghanistan & Pakistan",1977,204.677762649367,183.859733422347
Pakistan,PAK,"Middle East, North Africa, Afghanistan & Pakistan",1978,233.41799161409,204.677762649367
Pakistan,PAK,"Middle East, North Africa, Afghanistan & Pakistan",1979,249.229389957057,233.41799161409
Pakistan,PAK,"Middle East, North Africa, Afghanistan & Pakistan",1980,287.448707270022,249.229389957057
Pakistan,PAK,"Middle East, North Africa, Afghanistan & Pakistan",1981,327.505069961745,287.448707270022
Pakistan,PAK,"Middle East, North Africa, Afghanistan & Pakistan",1982,344.889792466995,327.505069961745
Pakistan,PAK,"Middle East, North Africa, Afghanistan & Pakistan",1983,311.098361356703,344.889792466995
Pakistan,PAK,"Middle East, North Africa, Afghanistan & Pakistan",1984,327.345625152291,311.098361356703
Pakistan,PAK,"Middle East, North Africa, Afghanistan & Pakistan",1985,317.063499386432,327.345625152291
Pakistan,PAK,"Middle East, North Africa, Afghanistan & Pakistan",1986,313.946324043906,317.063499386432
Pakistan,PAK,"Middle East, North Africa, Afghanistan & Pakistan",1987,317.23867416111,313.946324043906
Pakistan,PAK,"Middle East, North Africa, Afghanistan & Pakistan",1988,353.85454278549,317.23867416111
Pakistan,PAK,"Middle East, North Africa, Afghanistan & Pakistan",1989,357.595796105007,353.85454278549
Pakistan,PAK,"Middle East, North Africa, Afghanistan & Pakistan",1990,344.45547384189,357.595796105007
Pakistan,PAK,"Middle East, North Africa, Afghanistan & Pakistan",1991,380.019843346229,344.45547384189
Pakistan,PAK,"Middle East, North Africa, Afghanistan & Pakistan",1992,395.67720859593,380.019843346229
Pakistan,PAK,"Middle East, North Africa, Afghanistan & Pakistan",1993,407.888140688466,395.67720859593
Pakistan,PAK,"Middle East, North Africa, Afghanistan & Pakistan",1994,399.955927561352,407.888140688466
Pakistan,PAK,"Middle East, North Africa, Afghanistan & Pakistan",1995,450.550279346206,399.955927561352
Pakistan,PAK,"Middle East, North Africa, Afghanistan & Pakistan",1996,456.996961832943,450.550279346206
Pakistan,PAK,"Middle East, North Africa, Afghanistan & Pakistan",1997,438.030942680153,456.996961832943
Pakistan,PAK,"Middle East, North Africa, Afghanistan & Pakistan",1998,424.453697798497,438.030942680153
Pakistan,PAK,"Middle East, North Africa, Afghanistan & Pakistan",1999,418.249257055367,424.453697798497
Pakistan,PAK,"Middle East, North Africa, Afghanistan & Pakistan",2000,642.338346499898,418.249257055367
Pakistan,PAK,"Middle East, North Africa, Afghanistan & Pakistan",2001,609.939506905073,642.338346499898
Pakistan,PAK,"Middle East, North Africa, Afghanistan & Pakistan",2002,599.937345723927,609.939506905073
Pakistan,PAK,"Middle East, North Africa, Afghanistan & Pakistan",2003,672.44178669894,599.937345723927
Pakistan,PAK,"Middle East, North Africa, Afghanistan & Pakistan",2004,771.902247348954,672.44178669894
Pakistan,PAK,"Middle East, North Africa, Afghanistan & Pakistan",2005,827.619861189926,771.902247348954
Pakistan,PAK,"Middle East, North Africa, Afghanistan & Pakistan",2006,900.873564984808,827.619861189926
Pakistan,PAK,"Middle East, North Africa, Afghanistan & Pakistan",2007,998.090114197524,900.873564984808
Pakistan,PAK,"Middle East, North Africa, Afghanistan & Pakistan",2008,1067.04324565284,998.090114197524
Pakistan,PAK,"Middle East, North Africa, Afghanistan & Pakistan",2009,963.788066395225,1067.04324565284
Pakistan,PAK,"Middle East, North Africa, Afghanistan & Pakistan",2010,987.304571124485,963.788066395225
Pakistan,PAK,"Middle East, North Africa, Afghanistan & Pakistan",2011,1131.73513834324,987.304571124485
Pakistan,PAK,"Middle East, North Africa, Afghanistan & Pakistan",2012,1204.36475491585,1131.73513834324
Pakistan,PAK,"Middle East, North Africa, Afghanistan & Pakistan",2013,1225.4340119198,1204.36475491585
Pakistan,PAK,"Middle East, North Africa, Afghanistan & Pakistan",2014,1266.61340849959,1225.4340119198
Pakistan,PAK,"Middle East, North Africa, Afghanistan & Pakistan",2015,1380.47020838317,1266.61340849959
Pakistan,PAK,"Middle East, North Africa, Afghanistan & Pakistan",2016,1424.69161195897,1380.47020838317
Pakistan,PAK,"Middle East, North Africa, Afghanistan & Pakistan",2017,1519.23459514248,1424.69161195897
Pakistan,PAK,"Middle East, North Africa, Afghanistan & Pakistan",2018,1569.33814626355,1519.23459514248
Pakistan,PAK,"Middle East, North Africa, Afghanistan & Pakistan",2019,1390.41690981745,1569.33814626355
Pakistan,PAK,"Middle East, North Africa, Afghanistan & Pakistan",2020,1278.39735206896,1390.41690981745
Pakistan,PAK,"Middle East, North Africa, Afghanistan & Pakistan",2021,1455.31922370186,1278.39735206896
Pakistan,PAK,"Middle East, North Africa, Afghanistan & Pakistan",2022,1538.3228133171,1455.31922370186
Pakistan,PAK,"Middle East, North Africa, Afghanistan & Pakistan",2023,1360.32417758419,1538.3228133171
Pakistan,PAK,"Middle East, North Africa, Afghanistan & Pakistan",2024,1478.77277977996,1360.32417758419
Panama,PAN,Latin America & Caribbean ,1970,892.890877487492,830.319752856442
Panama,PAN,Latin America & Caribbean ,1971,979.3302533737,892.890877487492
Panama,PAN,Latin America & Caribbean ,1972,1046.06341222824,979.3302533737
Panama,PAN,Latin America & Caribbean ,1973,1164.32745834068,1046.06341222824
Panama,PAN,Latin America & Caribbean ,1974,1296.44759308169,1164.32745834068
Panama,PAN,Latin America & Caribbean ,1975,1405.74899748267,1296.44759308169
Panama,PAN,Latin America & Caribbean ,1976,1456.50009707727,1405.74899748267
Panama,PAN,Latin America & Caribbean ,1977,1503.26503409472,1456.50009707727
Panama,PAN,Latin America & Caribbean ,1978,1738.48763684081,1503.26503409472
Panama,PAN,Latin America & Caribbean ,1979,1937.98107506361,1738.48763684081
Panama,PAN,Latin America & Caribbean ,1980,2357.09131999751,1937.98107506361
Panama,PAN,Latin America & Caribbean ,1981,2605.45529924397,2357.09131999751
Panama,PAN,Latin America & Caribbean ,1982,2811.40643706411,2605.45529924397
Panama,PAN,Latin America & Caribbean ,1983,2819.35128451397,2811.40643706411
Panama,PAN,Latin America & Caribbean ,1984,2874.94832112227,2819.35128451397
Panama,PAN,Latin America & Caribbean ,1985,2972.18070666064,2874.94832112227
Panama,PAN,Latin America & Caribbean ,1986,3019.48150533575,2972.18070666064
Panama,PAN,Latin America & Caribbean ,1987,2966.00967866653,3019.48150533575
Panama,PAN,Latin America & Caribbean ,1988,2508.78229277879,2966.00967866653
Panama,PAN,Latin America & Caribbean ,1989,2462.11022455924,2508.78229277879
Panama,PAN,Latin America & Caribbean ,1990,2620.13827266274,2462.11022455924
Panama,PAN,Latin America & Caribbean ,1991,2820.54547665418,2620.13827266274
Panama,PAN,Latin America & Caribbean ,1992,3139.89952899581,2820.54547665418
Panama,PAN,Latin America & Caribbean ,1993,3358.41411740053,3139.89952899581
Panama,PAN,Latin America & Caribbean ,1994,3508.19570069218,3358.41411740053
Panama,PAN,Latin America & Caribbean ,1995,3513.89737854631,3508.19570069218
Panama,PAN,Latin America & Caribbean ,1996,3308.18430390528,3513.89737854631
Panama,PAN,Latin America & Caribbean ,1997,3545.97670392453,3308.18430390528
Panama,PAN,Latin America & Caribbean ,1998,3807.83868807701,3545.97670392453
Panama,PAN,Latin America & Caribbean ,1999,3950.34144236614,3807.83868807701
Panama,PAN,Latin America & Caribbean ,2000,3975.09310275544,3950.34144236614
Panama,PAN,Latin America & Caribbean ,2001,3991.77672094655,3975.09310275544
Panama,PAN,Latin America & Caribbean ,2002,4090.58616456082,3991.77672094655
Panama,PAN,Latin America & Caribbean ,2003,4264.66428949623,4090.58616456082
Panama,PAN,Latin America & Caribbean ,2004,4644.56581177581,4264.66428949623
Panama,PAN,Latin America & Caribbean ,2005,5017.74110414832,4644.56581177581
Panama,PAN,Latin America & Caribbean ,2006,5528.76705854901,5017.74110414832
Panama,PAN,Latin America & Caribbean ,2007,6317.8173051466,5528.76705854901
Panama,PAN,Latin America & Caribbean ,2008,7347.59049046839,6317.8173051466
Panama,PAN,Latin America & Caribbean ,2009,7796.92618363433,7347.59049046839
Panama,PAN,Latin America & Caribbean ,2010,8331.46422259967,7796.92618363433
Panama,PAN,Latin America & Caribbean ,2011,9662.29590911979,8331.46422259967
Panama,PAN,Latin America & Caribbean ,2012,11064.8063662003,9662.29590911979
Panama,PAN,Latin America & Caribbean ,2013,12273.3224983788,11064.8063662003
Panama,PAN,Latin America & Caribbean ,2014,13213.1989591137,12273.3224983788
Panama,PAN,Latin America & Caribbean ,2015,14082.6548434996,13213.1989591137
Panama,PAN,Latin America & Caribbean ,2016,14832.3611652459,14082.6548434996
Panama,PAN,Latin America & Caribbean ,2017,15694.6297518495,14832.3611652459
Panama,PAN,Latin America & Caribbean ,2018,16151.3273433486,15694.6297518495
Panama,PAN,Latin America & Caribbean ,2019,16477.9066268111,16151.3273433486
Panama,PAN,Latin America & Caribbean ,2020,13290.5608397749,16477.9066268111
Panama,PAN,Latin America & Caribbean ,2021,15509.8069124139,13290.5608397749
Panama,PAN,Latin America & Caribbean ,2022,17378.6070017557,15509.8069124139
Panama,PAN,Latin America & Caribbean ,2023,18797.1933994045,17378.6070017557
Panama,PAN,Latin America & Caribbean ,2024,19161.2188501596,18797.1933994045
Peru,PER,Latin America & Caribbean ,1970,550.484609442545,487.660318575547
Peru,PER,Latin America & Caribbean ,1971,599.041967615617,550.484609442545
Peru,PER,Latin America & Caribbean ,1972,646.679686654992,599.041967615617
Peru,PER,Latin America & Caribbean ,1973,753.924581161999,646.679686654992
Peru,PER,Latin America & Caribbean ,1974,926.57995047717,753.924581161999
Peru,PER,Latin America & Caribbean ,1975,1104.16133001287,926.57995047717
Peru,PER,Latin America & Caribbean ,1976,1026.41438542928,1104.16133001287
Peru,PER,Latin America & Caribbean ,1977,902.860901025509,1026.41438542928
Peru,PER,Latin America & Caribbean ,1978,756.347306761911,902.860901025509
Peru,PER,Latin America & Caribbean ,1979,942.176901705359,756.347306761911
Peru,PER,Latin America & Caribbean ,1980,1044.69165468575,942.176901705359
Peru,PER,Latin America & Caribbean ,1981,1216.27350223135,1044.69165468575
Peru,PER,Latin America & Caribbean ,1982,1194.45000618562,1216.27350223135
Peru,PER,Latin America & Caribbean ,1983,927.258656933852,1194.45000618562
Peru,PER,Latin America & Caribbean ,1984,917.896274683145,927.258656933852
Peru,PER,Latin America & Caribbean ,1985,767.43588754407,917.896274683145
Peru,PER,Latin America & Caribbean ,1986,1086.60913755382,767.43588754407
Peru,PER,Latin America & Caribbean ,1987,1792.30070238361,1086.60913755382
Peru,PER,Latin America & Caribbean ,1988,733.299784874657,1792.30070238361
Peru,PER,Latin America & Caribbean ,1989,1044.90725784847,733.299784874657
Peru,PER,Latin America & Caribbean ,1990,1199.66666756615,1044.90725784847
Peru,PER,Latin America & Caribbean ,1991,1527.38879472866,1199.66666756615
Peru,PER,Latin America & Caribbean ,1992,1567.40910765128,1527.38879472866
Peru,PER,Latin America & Caribbean ,1993,1487.67404314175,1567.40910765128
Peru,PER,Latin America & Caribbean ,1994,1879.36657757919,1487.67404314175
Peru,PER,Latin America & Caribbean ,1995,2189.53431515311,1879.36657757919
Peru,PER,Latin America & Caribbean ,1996,2226.91682429265,2189.53431515311
Peru,PER,Latin America & Caribbean ,1997,2300.67200774461,2226.91682429265
Peru,PER,Latin America & Caribbean ,1998,2156.39377651613,2300.67200774461
Peru,PER,Latin America & Caribbean ,1999,1916.53397367908,2156.39377651613
Peru,PER,Latin America & Caribbean ,2000,1945.41338451698,1916.53397367908
Peru,PER,Latin America & Caribbean ,2001,1929.57273038846,1945.41338451698
Peru,PER,Latin America & Caribbean ,2002,2007.37019626753,1929.57273038846
Peru,PER,Latin America & Caribbean ,2003,2129.44114197634,2007.37019626753
Peru,PER,Latin America & Caribbean ,2004,2397.25147277714,2129.44114197634
Peru,PER,Latin America & Caribbean ,2005,2706.66947297608,2397.25147277714
Peru,PER,Latin America & Caribbean ,2006,3129.55996496982,2706.66947297608
Peru,PER,Latin America & Caribbean ,2007,3581.0893081917,3129.55996496982
Peru,PER,Latin America & Caribbean ,2008,4197.58444634142,3581.0893081917
Peru,PER,Latin America & Caribbean ,2009,4181.18755462253,4197.58444634142
Peru,PER,Latin America & Caribbean ,2010,5072.11494019615,4181.18755462253
Peru,PER,Latin America & Caribbean ,2011,5861.35793645245,5072.11494019615
Peru,PER,Latin America & Caribbean ,2012,6519.37852981527,5861.35793645245
Peru,PER,Latin America & Caribbean ,2013,6746.80025696601,6519.37852981527
Peru,PER,Latin America & Caribbean ,2014,6667.13410360861,6746.80025696601
Peru,PER,Latin America & Caribbean ,2015,6231.71150338894,6667.13410360861
Peru,PER,Latin America & Caribbean ,2016,6217.03599995447,6231.71150338894
Peru,PER,Latin America & Caribbean ,2017,6736.16693725487,6217.03599995447
Peru,PER,Latin America & Caribbean ,2018,6978.49121548627,6736.16693725487
Peru,PER,Latin America & Caribbean ,2019,7037.00803692604,6978.49121548627
Peru,PER,Latin America & Caribbean ,2020,6133.32552410183,7037.00803692604
Peru,PER,Latin America & Caribbean ,2021,6826.20255614477,6133.32552410183
Peru,PER,Latin America & Caribbean ,2022,7350.63034300417,6826.20255614477
Peru,PER,Latin America & Caribbean ,2023,7887.54185920108,7350.63034300417
Peru,PER,Latin America & Caribbean ,2024,8452.37167056621,7887.54185920108
Philippines,PHL,East Asia & Pacific,1970,200.921655645037,261.090890369413
Philippines,PHL,East Asia & Pacific,1971,217.429055093343,200.921655645037
Philippines,PHL,East Asia & Pacific,1972,230.097611314044,217.429055093343
Philippines,PHL,East Asia & Pacific,1973,283.228592733126,230.097611314044
Philippines,PHL,East Asia & Pacific,1974,379.068181207602,283.228592733126
Philippines,PHL,East Asia & Pacific,1975,400.638883090952,379.068181207602
Philippines,PHL,East Asia & Pacific,1976,448.620084504484,400.638883090952
Philippines,PHL,East Asia & Pacific,1977,502.23424288346,448.620084504484
Philippines,PHL,East Asia & Pacific,1978,565.267487053598,502.23424288346
Philippines,PHL,East Asia & Pacific,1979,666.956386771672,565.267487053598
Philippines,PHL,East Asia & Pacific,1980,766.969451146209,666.956386771672
Philippines,PHL,East Asia & Pacific,1981,821.293256858092,766.969451146209
Philippines,PHL,East Asia & Pacific,1982,832.536200258054,821.293256858092
Philippines,PHL,East Asia & Pacific,1983,723.430497138016,832.536200258054
Philippines,PHL,East Asia & Pacific,1984,665.042349344043,723.430497138016
Philippines,PHL,East Asia & Pacific,1985,633.211065310196,665.042349344043
Philippines,PHL,East Asia & Pacific,1986,600.002843935462,633.211065310196
Philippines,PHL,East Asia & Pacific,1987,649.812857590607,600.002843935462
Philippines,PHL,East Asia & Pacific,1988,722.343718454247,649.812857590607
Philippines,PHL,East Asia & Pacific,1989,791.864324425833,722.343718454247
Philippines,PHL,East Asia & Pacific,1990,803.572588255813,791.864324425833
Philippines,PHL,East Asia & Pacific,1991,804.323330530547,803.572588255813
Philippines,PHL,East Asia & Pacific,1992,916.515694532029,804.323330530547
Philippines,PHL,East Asia & Pacific,1993,918.642953796961,916.515694532029
Philippines,PHL,East Asia & Pacific,1994,1059.9838951587,918.642953796961
Philippines,PHL,East Asia & Pacific,1995,1199.84171414993,1059.9838951587
Philippines,PHL,East Asia & Pacific,1996,1311.09249403865,1199.84171414993
Philippines,PHL,East Asia & Pacific,1997,1273.27604875636,1311.09249403865
Philippines,PHL,East Asia & Pacific,1998,982.865943728564,1273.27604875636
Philippines,PHL,East Asia & Pacific,1999,1101.43515975318,982.865943728564
Philippines,PHL,East Asia & Pacific,2000,1050.79273107952,1101.43515975318
Philippines,PHL,East Asia & Pacific,2001,969.530611744453,1050.79273107952
Philippines,PHL,East Asia & Pacific,2002,1014.90879320106,969.530611744453
Philippines,PHL,East Asia & Pacific,2003,1027.2301192843,1014.90879320106
Philippines,PHL,East Asia & Pacific,2004,1099.63013023758,1027.2301192843
Philippines,PHL,East Asia & Pacific,2005,1220.46018559867,1099.63013023758
Philippines,PHL,East Asia & Pacific,2006,1426.14649179546,1220.46018559867
Philippines,PHL,East Asia & Pacific,2007,1712.65543282793,1426.14649179546
Philippines,PHL,East Asia & Pacific,2008,1959.29233534978,1712.65543282793
Philippines,PHL,East Asia & Pacific,2009,1864.45043406471,1959.29233534978
Philippines,PHL,East Asia & Pacific,2010,2162.91375885614,1864.45043406471
Philippines,PHL,East Asia & Pacific,2011,2383.91892522087,2162.91375885614
Philippines,PHL,East Asia & Pacific,2012,2614.61644401308,2383.91892522087
Philippines,PHL,East Asia & Pacific,2013,2781.27957677397,2614.61644401308
Philippines,PHL,East Asia & Pacific,2014,2866.83803761407,2781.27957677397
Philippines,PHL,East Asia & Pacific,2015,2909.85818010301,2866.83803761407
Philippines,PHL,East Asia & Pacific,2016,2985.19564024046,2909.85818010301
Philippines,PHL,East Asia & Pacific,2017,3038.12124959289,2985.19564024046
Philippines,PHL,East Asia & Pacific,2018,3168.51036609727,3038.12124959289
Philippines,PHL,East Asia & Pacific,2019,3400.78949767074,3168.51036609727
Philippines,PHL,East Asia & Pacific,2020,3227.57910235199,3400.78949767074
Philippines,PHL,East Asia & Pacific,2021,3484.38593882819,3227.57910235199
Philippines,PHL,East Asia & Pacific,2022,3548.06930572116,3484.38593882819
Philippines,PHL,East Asia & Pacific,2023,3804.08274131097,3548.06930572116
Philippines,PHL,East Asia & Pacific,2024,3984.8315387656,3804.08274131097
Palau,PLW,East Asia & Pacific,1980,2422.62684377801,2188.88311583043
Palau,PLW,East Asia & Pacific,1981,2638.81583615546,2422.62684377801
Palau,PLW,East Asia & Pacific,1982,2838.1584213014,2638.81583615546
Palau,PLW,East Asia & Pacific,1983,3049.47947101338,2838.1584213014
Palau,PLW,East Asia & Pacific,1984,3360.14538501912,3049.47947101338
Palau,PLW,East Asia & Pacific,1985,3728.1295295149,3360.14538501912
Palau,PLW,East Asia & Pacific,1986,4143.56203650884,3728.1295295149
Palau,PLW,East Asia & Pacific,1987,4616.29028882378,4143.56203650884
Palau,PLW,East Asia & Pacific,1988,5145.00614544213,4616.29028882378
Palau,PLW,East Asia & Pacific,1989,5741.0868517899,5145.00614544213
Palau,PLW,East Asia & Pacific,1990,6402.929615309,5741.0868517899
Palau,PLW,East Asia & Pacific,1991,6824.34353785065,6402.929615309
Palau,PLW,East Asia & Pacific,1992,6552.7112389768,6824.34353785065
Palau,PLW,East Asia & Pacific,1993,5891.50378695334,6552.7112389768
Palau,PLW,East Asia & Pacific,1994,6329.06976744186,5891.50378695334
Palau,PLW,East Asia & Pacific,1995,7038.00523407967,6329.06976744186
Palau,PLW,East Asia & Pacific,1996,7788.29726974057,7038.00523407967
Palau,PLW,East Asia & Pacific,1997,7944.59907223327,7788.29726974057
Palau,PLW,East Asia & Pacific,1998,8047.91621679983,7944.59907223327
Palau,PLW,East Asia & Pacific,1999,7629.56986402836,8047.91621679983
Palau,PLW,East Asia & Pacific,2000,7798.07504193852,7629.56986402836
Palau,PLW,East Asia & Pacific,2001,8239.26354006532,7798.07504193852
Palau,PLW,East Asia & Pacific,2002,8340.18981304558,8239.26354006532
Palau,PLW,East Asia & Pacific,2003,7862.3931898737,8340.18981304558
Palau,PLW,East Asia & Pacific,2004,8393.73052541231,7862.3931898737
Palau,PLW,East Asia & Pacific,2005,9635.28357539048,8393.73052541231
Palau,PLW,East Asia & Pacific,2006,9881.65970716981,9635.28357539048
Palau,PLW,East Asia & Pacific,2007,10402.5367528907,9881.65970716981
Palau,PLW,East Asia & Pacific,2008,10577.501907762,10402.5367528907
Palau,PLW,East Asia & Pacific,2009,10147.7741092815,10577.501907762
Palau,PLW,East Asia & Pacific,2010,10221.9163762354,10147.7741092815
Palau,PLW,East Asia & Pacific,2011,10993.6038613491,10221.9163762354
Palau,PLW,East Asia & Pacific,2012,12137.1732239921,10993.6038613491
Palau,PLW,East Asia & Pacific,2013,12698.9240118945,12137.1732239921
Palau,PLW,East Asia & Pacific,2014,13863.4544155068,12698.9240118945
Palau,PLW,East Asia & Pacific,2015,16154.0532152373,13863.4544155068
Palau,PLW,East Asia & Pacific,2016,17150.4759377239,16154.0532152373
Palau,PLW,East Asia & Pacific,2017,16401.7847567871,17150.4759377239
Palau,PLW,East Asia & Pacific,2018,16166.9671073752,16401.7847567871
Palau,PLW,East Asia & Pacific,2019,15846.7968470167,16166.9671073752
Palau,PLW,East Asia & Pacific,2020,14708.2119536914,15846.7968470167
Palau,PLW,East Asia & Pacific,2021,13009.2481630213,14708.2119536914
Palau,PLW,East Asia & Pacific,2022,13729.7602761496,13009.2481630213
Palau,PLW,East Asia & Pacific,2023,15610.8231931032,13729.7602761496
Papua New Guinea,PNG,East Asia & Pacific,1970,257.647270580834,225.288234672395
Papua New Guinea,PNG,East Asia & Pacific,1971,279.669733884528,257.647270580834
Papua New Guinea,PNG,East Asia & Pacific,1972,326.720237042343,279.669733884528
Papua New Guinea,PNG,East Asia & Pacific,1973,482.816252421415,326.720237042343
Papua New Guinea,PNG,East Asia & Pacific,1974,533.088651774956,482.816252421415
Papua New Guinea,PNG,East Asia & Pacific,1975,481.950394020557,533.088651774956
Papua New Guinea,PNG,East Asia & Pacific,1976,525.433235600649,481.950394020557
Papua New Guinea,PNG,East Asia & Pacific,1977,558.015016249782,525.433235600649
Papua New Guinea,PNG,East Asia & Pacific,1978,648.490112781654,558.015016249782
Papua New Guinea,PNG,East Asia & Pacific,1979,747.800949082904,648.490112781654
Papua New Guinea,PNG,East Asia & Pacific,1980,812.964617578981,747.800949082904
Papua New Guinea,PNG,East Asia & Pacific,1981,781.41257446286,812.964617578981
Papua New Guinea,PNG,East Asia & Pacific,1982,725.645992789394,781.41257446286
Papua New Guinea,PNG,East Asia & Pacific,1983,768.636364904269,725.645992789394
Papua New Guinea,PNG,East Asia & Pacific,1984,749.637059926778,768.636364904269
Papua New Guinea,PNG,East Asia & Pacific,1985,696.574806636325,749.637059926778
Papua New Guinea,PNG,East Asia & Pacific,1986,744.908522742949,696.574806636325
Papua New Guinea,PNG,East Asia & Pacific,1987,865.468569563314,744.908522742949
Papua New Guinea,PNG,East Asia & Pacific,1988,984.993556016427,865.468569563314
Papua New Guinea,PNG,East Asia & Pacific,1989,934.246494854331,984.993556016427
Papua New Guinea,PNG,East Asia & Pacific,1990,826.317152082832,934.246494854331
Papua New Guinea,PNG,East Asia & Pacific,1991,941.707721616563,826.317152082832
Papua New Guinea,PNG,East Asia & Pacific,1992,1050.7071689258,941.707721616563
Papua New Guinea,PNG,East Asia & Pacific,1993,1151.28388116601,1050.7071689258
Papua New Guinea,PNG,East Asia & Pacific,1994,1228.24343638772,1151.28388116601
Papua New Guinea,PNG,East Asia & Pacific,1995,998.229967376131,1228.24343638772
Papua New Guinea,PNG,East Asia & Pacific,1996,1071.04185150251,998.229967376131
Papua New Guinea,PNG,East Asia & Pacific,1997,989.721550965343,1071.04185150251
Papua New Guinea,PNG,East Asia & Pacific,1998,733.479860137662,989.721550965343
Papua New Guinea,PNG,East Asia & Pacific,1999,649.994719718763,733.479860137662
Papua New Guinea,PNG,East Asia & Pacific,2000,635.957919047725,649.994719718763
Papua New Guinea,PNG,East Asia & Pacific,2001,537.847459634131,635.957919047725
Papua New Guinea,PNG,East Asia & Pacific,2002,506.331789534482,537.847459634131
Papua New Guinea,PNG,East Asia & Pacific,2003,577.467922387259,506.331789534482
Papua New Guinea,PNG,East Asia & Pacific,2004,620.596147680561,577.467922387259
Papua New Guinea,PNG,East Asia & Pacific,2005,744.486489977433,620.596147680561
Papua New Guinea,PNG,East Asia & Pacific,2006,1238.18282926706,744.486489977433
Papua New Guinea,PNG,East Asia & Pacific,2007,1370.753415829,1238.18282926706
Papua New Guinea,PNG,East Asia & Pacific,2008,1624.79319935188,1370.753415829
Papua New Guinea,PNG,East Asia & Pacific,2009,1568.83193368607,1624.79319935188
Papua New Guinea,PNG,East Asia & Pacific,2010,1866.86889851208,1568.83193368607
Papua New Guinea,PNG,East Asia & Pacific,2011,2288.37591141234,1866.86889851208
Papua New Guinea,PNG,East Asia & Pacific,2012,2635.0873631547,2288.37591141234
Papua New Guinea,PNG,East Asia & Pacific,2013,2560.77458976327,2635.0873631547
Papua New Guinea,PNG,East Asia & Pacific,2014,2723.17529825196,2560.77458976327
Papua New Guinea,PNG,East Asia & Pacific,2015,2484.5963398603,2723.17529825196
Papua New Guinea,PNG,East Asia & Pacific,2016,2316.39479758492,2484.5963398603
Papua New Guinea,PNG,East Asia & Pacific,2017,2477.76530986323,2316.39479758492
Papua New Guinea,PNG,East Asia & Pacific,2018,2566.36833735041,2477.76530986323
Papua New Guinea,PNG,East Asia & Pacific,2019,2575.77274140393,2566.36833735041
Papua New Guinea,PNG,East Asia & Pacific,2020,2429.61134585269,2575.77274140393
Papua New Guinea,PNG,East Asia & Pacific,2021,2607.57861874444,2429.61134585269
Papua New Guinea,PNG,East Asia & Pacific,2022,3102.28968594061,2607.57861874444
Papua New Guinea,PNG,East Asia & Pacific,2023,2966.06830432055,3102.28968594061
Papua New Guinea,PNG,East Asia & Pacific,2024,3006.70564478923,2966.06830432055
Poland,POL,Europe & Central Asia,2000,4520.64100449111,4415.50067547826
Poland,POL,Europe & Central Asia,2001,5015.23790036613,4520.64100449111
Poland,POL,Europe & Central Asia,2002,5223.45178967082,5015.23790036613
Poland,POL,Europe & Central Asia,2003,5720.81366178104,5223.45178967082
Poland,POL,Europe & Central Asia,2004,6711.72715262967,5720.81366178104
Poland,POL,Europe & Central Asia,2005,8043.92332253757,6711.72715262967
Poland,POL,Europe & Central Asia,2006,9068.85528307627,8043.92332253757
Poland,POL,Europe & Central Asia,2007,11272.5293683383,9068.85528307627
Poland,POL,Europe & Central Asia,2008,14048.5604672654,11272.5293683383
Poland,POL,Europe & Central Asia,2009,11556.3026866026,14048.5604672654
Poland,POL,Europe & Central Asia,2010,12567.7317676382,11556.3026866026
Poland,POL,Europe & Central Asia,2011,13867.6669408192,12567.7317676382
Poland,POL,Europe & Central Asia,2012,13087.420943321,13867.6669408192
Poland,POL,Europe & Central Asia,2013,13621.9023794031,13087.420943321
Poland,POL,Europe & Central Asia,2014,14262.2841914116,13621.9023794031
Poland,POL,Europe & Central Asia,2015,12637.5220324406,14262.2841914116
Poland,POL,Europe & Central Asia,2016,12464.0110508476,12637.5220324406
Poland,POL,Europe & Central Asia,2017,13913.3402919927,12464.0110508476
Poland,POL,Europe & Central Asia,2018,15658.2120316794,13913.3402919927
Poland,POL,Europe & Central Asia,2019,15874.5220531254,15658.2120316794
Poland,POL,Europe & Central Asia,2020,16150.9304813473,15874.5220531254
Poland,POL,Europe & Central Asia,2021,18635.5104895754,16150.9304813473
Poland,POL,Europe & Central Asia,2022,18891.2121169279,18635.5104895754
Poland,POL,Europe & Central Asia,2023,22145.2660647429,18891.2121169279
Poland,POL,Europe & Central Asia,2024,25103.565661423,22145.2660647429
Puerto Rico (US),PRI,Latin America & Caribbean ,1970,1852.35467255335,1661.86688523369
Puerto Rico (US),PRI,Latin America & Caribbean ,1971,2044.31990558216,1852.35467255335
Puerto Rico (US),PRI,Latin America & Caribbean ,1972,2246.4767135113,2044.31990558216
Puerto Rico (US),PRI,Latin America & Caribbean ,1973,2432.41421904928,2246.4767135113
Puerto Rico (US),PRI,Latin America & Caribbean ,1974,2614.50094053038,2432.41421904928
Puerto Rico (US),PRI,Latin America & Caribbean ,1975,2738.24315297261,2614.50094053038
Puerto Rico (US),PRI,Latin America & Caribbean ,1976,2946.46195251152,2738.24315297261
Puerto Rico (US),PRI,Latin America & Caribbean ,1977,3208.77135614128,2946.46195251152
Puerto Rico (US),PRI,Latin America & Caribbean ,1978,3567.7526290007,3208.77135614128
Puerto Rico (US),PRI,Latin America & Caribbean ,1979,4024.50942019287,3567.7526290007
Puerto Rico (US),PRI,Latin America & Caribbean ,1980,4502.8384279476,4024.50942019287
Puerto Rico (US),PRI,Latin America & Caribbean ,1981,4920.72293674859,4502.8384279476
Puerto Rico (US),PRI,Latin America & Caribbean ,1982,5115.00851423346,4920.72293674859
Puerto Rico (US),PRI,Latin America & Caribbean ,1983,5217.72272856039,5115.00851423346
Puerto Rico (US),PRI,Latin America & Caribbean ,1984,5730.11700890201,5217.72272856039
Puerto Rico (US),PRI,Latin America & Caribbean ,1985,6008.05448623038,5730.11700890201
Puerto Rico (US),PRI,Latin America & Caribbean ,1986,6455.18446107614,6008.05448623038
Puerto Rico (US),PRI,Latin America & Caribbean ,1987,6980.49014338219,6455.18446107614
Puerto Rico (US),PRI,Latin America & Caribbean ,1988,7595.44465611829,6980.49014338219
Puerto Rico (US),PRI,Latin America & Caribbean ,1989,8033.08944133042,7595.44465611829
Puerto Rico (US),PRI,Latin America & Caribbean ,1990,8652.50749222505,8033.08944133042
Puerto Rico (US),PRI,Latin America & Caribbean ,1991,9064.01851711486,8652.50749222505
Puerto Rico (US),PRI,Latin America & Caribbean ,1992,9659.33889995916,9064.01851711486
Puerto Rico (US),PRI,Latin America & Caribbean ,1993,10212.2767630564,9659.33889995916
Puerto Rico (US),PRI,Latin America & Caribbean ,1994,10876.4188239898,10212.2767630564
Puerto Rico (US),PRI,Latin America & Caribbean ,1995,11579.1849969985,10876.4188239898
Puerto Rico (US),PRI,Latin America & Caribbean ,1996,12173.163688986,11579.1849969985
Puerto Rico (US),PRI,Latin America & Caribbean ,1997,12817.6449621352,12173.163688986
Puerto Rico (US),PRI,Latin America & Caribbean ,1998,14304.4049868015,12817.6449621352
Puerto Rico (US),PRI,Latin America & Caribbean ,1999,15220.9913420267,14304.4049868015
Puerto Rico (US),PRI,Latin America & Caribbean ,2000,16192.1269719638,15220.9913420267
Puerto Rico (US),PRI,Latin America & Caribbean ,2001,18123.1987019918,16192.1269719638
Puerto Rico (US),PRI,Latin America & Caribbean ,2002,18731.4593897378,18123.1987019918
Puerto Rico (US),PRI,Latin America & Caribbean ,2003,19557.1202492358,18731.4593897378
Puerto Rico (US),PRI,Latin America & Caribbean ,2004,20988.9923326534,19557.1202492358
Puerto Rico (US),PRI,Latin America & Caribbean ,2005,21959.322696986,20988.9923326534
Puerto Rico (US),PRI,Latin America & Caribbean ,2006,22935.9411586313,21959.322696986
Puerto Rico (US),PRI,Latin America & Caribbean ,2007,23664.8823485096,22935.9411586313
Puerto Rico (US),PRI,Latin America & Caribbean ,2008,24898.3345857045,23664.8823485096
Puerto Rico (US),PRI,Latin America & Caribbean ,2009,25768.7258883384,24898.3345857045
Puerto Rico (US),PRI,Latin America & Caribbean ,2010,26414.8810634548,25768.7258883384
Puerto Rico (US),PRI,Latin America & Caribbean ,2011,27170.0766543278,26414.8810634548
Puerto Rico (US),PRI,Latin America & Caribbean ,2012,27742.024476618,27170.0766543278
Puerto Rico (US),PRI,Latin America & Caribbean ,2013,28212.0499737431,27742.024476618
Puerto Rico (US),PRI,Latin America & Caribbean ,2014,28576.0988023209,28212.0499737431
Puerto Rico (US),PRI,Latin America & Caribbean ,2015,29242.041465085,28576.0988023209
Puerto Rico (US),PRI,Latin America & Caribbean ,2016,29978.0889268918,29242.041465085
Puerto Rico (US),PRI,Latin America & Caribbean ,2017,30328.479490518,29978.0889268918
Puerto Rico (US),PRI,Latin America & Caribbean ,2018,30679.9181934488,30328.479490518
Puerto Rico (US),PRI,Latin America & Caribbean ,2019,31830.5284993358,30679.9181934488
Puerto Rico (US),PRI,Latin America & Caribbean ,2020,31427.1130762831,31830.5284993358
Puerto Rico (US),PRI,Latin America & Caribbean ,2021,32619.0704601174,31427.1130762831
Puerto Rico (US),PRI,Latin America & Caribbean ,2022,35353.6821570014,32619.0704601174
Puerto Rico (US),PRI,Latin America & Caribbean ,2023,36980.7884784287,35353.6821570014
Puerto Rico (US),PRI,Latin America & Caribbean ,2024,39343.7154660139,36980.7884784287
Portugal,PRT,Europe & Central Asia,1970,934.082156096117,832.130682107245
Portugal,PRT,Europe & Central Asia,1971,1064.53771257341,934.082156096117
Portugal,PRT,Europe & Central Asia,1972,1302.2662677393,1064.53771257341
Portugal,PRT,Europe & Central Asia,1973,1747.98904060266,1302.2662677393
Portugal,PRT,Europe & Central Asia,1974,2000.41824574682,1747.98904060266
Portugal,PRT,Europe & Central Asia,1975,2127.6375072593,2000.41824574682
Portugal,PRT,Europe & Central Asia,1976,2173.28393425975,2127.6375072593
Portugal,PRT,Europe & Central Asia,1977,2267.37100319478,2173.28393425975
Portugal,PRT,Europe & Central Asia,1978,2457.31321644599,2267.37100319478
Portugal,PRT,Europe & Central Asia,1979,2755.6246177008,2457.31321644599
Portugal,PRT,Europe & Central Asia,1980,3368.36666940279,2755.6246177008
Portugal,PRT,Europe & Central Asia,1981,3245.97521367748,3368.36666940279
Portugal,PRT,Europe & Central Asia,1982,3079.94956634271,3245.97521367748
Portugal,PRT,Europe & Central Asia,1983,2735.49106580047,3079.94956634271
Portugal,PRT,Europe & Central Asia,1984,2522.74747620658,2735.49106580047
Portugal,PRT,Europe & Central Asia,1985,2705.19300197317,2522.74747620658
Portugal,PRT,Europe & Central Asia,1986,3861.9484333688,2705.19300197317
Portugal,PRT,Europe & Central Asia,1987,4803.86609546941,3861.9484333688
Portugal,PRT,Europe & Central Asia,1988,5623.69699982123,4803.86609546941
Portugal,PRT,Europe & Central Asia,1989,6056.38102771889,5623.69699982123
Portugal,PRT,Europe & Central Asia,1990,7884.61798756332,6056.38102771889
Portugal,PRT,Europe & Central Asia,1991,8958.9853330247,7884.61798756332
Portugal,PRT,Europe & Central Asia,1992,10810.5665079626,8958.9853330247
Portugal,PRT,Europe & Central Asia,1993,9534.6563637308,10810.5665079626
Portugal,PRT,Europe & Central Asia,1994,9977.31990905771,9534.6563637308
Portugal,PRT,Europe & Central Asia,1995,11781.3618502221,9977.31990905771
Portugal,PRT,Europe & Central Asia,1996,12185.0914010629,11781.3618502221
Portugal,PRT,Europe & Central Asia,1997,11575.5071124358,12185.0914010629
Portugal,PRT,Europe & Central Asia,1998,12199.206385024,11575.5071124358
Portugal,PRT,Europe & Central Asia,1999,12475.2917701476,12199.206385024
Portugal,PRT,Europe & Central Asia,2000,11526.3720667968,12475.2917701476
Portugal,PRT,Europe & Central Asia,2001,11734.7649743954,11526.3720667968
Portugal,PRT,Europe & Central Asia,2002,12936.6928204482,11734.7649743954
Portugal,PRT,Europe & Central Asia,2003,15797.7821340276,12936.6928204482
Portugal,PRT,Europe & Central Asia,2004,18064.1580932987,15797.7821340276
Portugal,PRT,Europe & Central Asia,2005,18780.12751241,18064.1580932987
Portugal,PRT,Europe & Central Asia,2006,19839.4540499032,18780.12751241
Portugal,PRT,Europe & Central Asia,2007,22811.0564844365,19839.4540499032
Portugal,PRT,Europe & Central Asia,2008,24949.0413566739,22811.0564844365
Portugal,PRT,Europe & Central Asia,2009,23151.2154130712,24949.0413566739
Portugal,PRT,Europe & Central Asia,2010,22551.935098809,23151.2154130712
Portugal,PRT,Europe & Central Asia,2011,23246.5425416481,22551.935098809
Portugal,PRT,Europe & Central Asia,2012,20593.4274224109,23246.5425416481
Portugal,PRT,Europe & Central Asia,2013,21676.4859642714,20593.4274224109
Portugal,PRT,Europe & Central Asia,2014,22120.6850127107,21676.4859642714
Portugal,PRT,Europe & Central Asia,2015,19215.7813014347,22120.6850127107
Portugal,PRT,Europe & Central Asia,2016,19980.2808866516,19215.7813014347
Portugal,PRT,Europe & Central Asia,2017,21442.3842768879,19980.2808866516
Portugal,PRT,Europe & Central Asia,2018,23541.1401075289,21442.3842768879
Portugal,PRT,Europe & Central Asia,2019,23343.3628970034,23541.1401075289
Portugal,PRT,Europe & Central Asia,2020,22299.4044062173,23343.3628970034
Portugal,PRT,Europe & Central Asia,2021,24711.4510062111,22299.4044062173
Portugal,PRT,Europe & Central Asia,2022,24620.5197587181,24711.4510062111
Portugal,PRT,Europe & Central Asia,2023,27634.6183139773,24620.5197587181
Portugal,PRT,Europe & Central Asia,2024,29292.242104753,27634.6183139773
Paraguay,PRY,Latin America & Caribbean ,1970,248.996708209079,238.242208450243
Paraguay,PRY,Latin America & Caribbean ,1971,272.082440745597,248.996708209079
Paraguay,PRY,Latin America & Caribbean ,1972,307.630516228445,272.082440745597
Paraguay,PRY,Latin America & Caribbean ,1973,388.712259813059,307.630516228445
Paraguay,PRY,Latin America & Caribbean ,1974,507.87047971714,388.712259813059
Paraguay,PRY,Latin America & Caribbean ,1975,561.522396286823,507.87047971714
Paraguay,PRY,Latin America & Caribbean ,1976,615.825049934218,561.522396286823
Paraguay,PRY,Latin America & Caribbean ,1977,739.83449409653,615.825049934218
Paraguay,PRY,Latin America & Caribbean ,1978,882.931919341442,739.83449409653
Paraguay,PRY,Latin America & Caribbean ,1979,1148.89527317637,882.931919341442
Paraguay,PRY,Latin America & Caribbean ,1980,1456.84406918803,1148.89527317637
Paraguay,PRY,Latin America & Caribbean ,1981,1792.61496129399,1456.84406918803
Paraguay,PRY,Latin America & Caribbean ,1982,1679.81843739033,1792.61496129399
Paraguay,PRY,Latin America & Caribbean ,1983,1709.80484009501,1679.81843739033
Paraguay,PRY,Latin America & Caribbean ,1984,1319.23446766653,1709.80484009501
Paraguay,PRY,Latin America & Caribbean ,1985,934.991981806694,1319.23446766653
Paraguay,PRY,Latin America & Caribbean ,1986,1031.15623781062,934.991981806694
Paraguay,PRY,Latin America & Caribbean ,1987,1068.95380287336,1031.15623781062
Paraguay,PRY,Latin America & Caribbean ,1988,1113.89406863138,1068.95380287336
Paraguay,PRY,Latin America & Caribbean ,1989,1211.29634333964,1113.89406863138
Paraguay,PRY,Latin America & Caribbean ,1990,1440.15829610029,1211.29634333964
Paraguay,PRY,Latin America & Caribbean ,1991,1685.26890082621,1440.15829610029
Paraguay,PRY,Latin America & Caribbean ,1992,1682.67444777611,1685.26890082621
Paraguay,PRY,Latin America & Caribbean ,1993,1661.70955306218,1682.67444777611
Paraguay,PRY,Latin America & Caribbean ,1994,1760.28807083292,1661.70955306218
Paraguay,PRY,Latin America & Caribbean ,1995,1978.71514099575,1760.28807083292
Paraguay,PRY,Latin America & Caribbean ,1996,2088.17109102236,1978.71514099575
Paraguay,PRY,Latin America & Caribbean ,1997,2078.50841313824,2088.17109102236
Paraguay,PRY,Latin America & Caribbean ,1998,1889.88455618586,2078.50841313824
Paraguay,PRY,Latin America & Caribbean ,1999,1766.30657288259,1889.88455618586
Paraguay,PRY,Latin America & Caribbean ,2000,1736.11729210765,1766.30657288259
Paraguay,PRY,Latin America & Caribbean ,2001,1637.68615122932,1736.11729210765
Paraguay,PRY,Latin America & Caribbean ,2002,1367.76506935997,1637.68615122932
Paraguay,PRY,Latin America & Caribbean ,2003,1443.99885236205,1367.76506935997
Paraguay,PRY,Latin America & Caribbean ,2004,1786.21533938543,1443.99885236205
Paraguay,PRY,Latin America & Caribbean ,2005,1970.87169852378,1786.21533938543
Paraguay,PRY,Latin America & Caribbean ,2006,2439.43124694576,1970.87169852378
Paraguay,PRY,Latin America & Caribbean ,2007,3211.93621659546,2439.43124694576
Paraguay,PRY,Latin America & Caribbean ,2008,4384.95469437803,3211.93621659546
Paraguay,PRY,Latin America & Caribbean ,2009,3941.84815479431,4384.95469437803
Paraguay,PRY,Latin America & Caribbean ,2010,4750.96273669458,3941.84815479431
Paraguay,PRY,Latin America & Caribbean ,2011,5805.40154542925,4750.96273669458
Paraguay,PRY,Latin America & Caribbean ,2012,5642.16991672846,5805.40154542925
Paraguay,PRY,Latin America & Caribbean ,2013,6435.68342733004,5642.16991672846
Paraguay,PRY,Latin America & Caribbean ,2014,6652.25478942461,6435.68342733004
Paraguay,PRY,Latin America & Caribbean ,2015,5879.33792308762,6652.25478942461
Paraguay,PRY,Latin America & Caribbean ,2016,5775.15963399596,5879.33792308762
Paraguay,PRY,Latin America & Caribbean ,2017,6152.2671153779,5775.15963399596
Paraguay,PRY,Latin America & Caribbean ,2018,6258.44991640984,6152.2671153779
Paraguay,PRY,Latin America & Caribbean ,2019,5821.18199548738,6258.44991640984
Paraguay,PRY,Latin America & Caribbean ,2020,5365.47220721104,5821.18199548738
Paraguay,PRY,Latin America & Caribbean ,2021,5976.93179789949,5365.47220721104
Paraguay,PRY,Latin America & Caribbean ,2022,6205.62595379319,5976.93179789949
Paraguay,PRY,Latin America & Caribbean ,2023,6299.99026533713,6205.62595379319
Paraguay,PRY,Latin America & Caribbean ,2024,6416.09708970845,6299.99026533713
West Bank and Gaza,PSE,"Middle East, North Africa, Afghanistan & Pakistan",2004,1422.19088643544,1257.69857009689
West Bank and Gaza,PSE,"Middle East, North Africa, Afghanistan & Pakistan",2005,1543.70141392774,1422.19088643544
West Bank and Gaza,PSE,"Middle East, North Africa, Afghanistan & Pakistan",2006,1570.10439962728,1543.70141392774
West Bank and Gaza,PSE,"Middle East, North Africa, Afghanistan & Pakistan",2007,1664.24571669276,1570.10439962728
West Bank and Gaza,PSE,"Middle East, North Africa, Afghanistan & Pakistan",2008,2035.20234121766,1664.24571669276
West Bank and Gaza,PSE,"Middle East, North Africa, Afghanistan & Pakistan",2009,2191.78178736868,2035.20234121766
West Bank and Gaza,PSE,"Middle East, North Africa, Afghanistan & Pakistan",2010,2557.07562356699,2191.78178736868
West Bank and Gaza,PSE,"Middle East, North Africa, Afghanistan & Pakistan",2011,2880.79843707909,2557.07562356699
West Bank and Gaza,PSE,"Middle East, North Africa, Afghanistan & Pakistan",2012,3067.43872735614,2880.79843707909
West Bank and Gaza,PSE,"Middle East, North Africa, Afghanistan & Pakistan",2013,3315.29753909282,3067.43872735614
West Bank and Gaza,PSE,"Middle East, North Africa, Afghanistan & Pakistan",2014,3352.11259506043,3315.29753909282
West Bank and Gaza,PSE,"Middle East, North Africa, Afghanistan & Pakistan",2015,3272.15432360708,3352.11259506043
West Bank and Gaza,PSE,"Middle East, North Africa, Afghanistan & Pakistan",2016,3527.61382413178,3272.15432360708
West Bank and Gaza,PSE,"Middle East, North Africa, Afghanistan & Pakistan",2017,3620.36048715937,3527.61382413178
West Bank and Gaza,PSE,"Middle East, North Africa, Afghanistan & Pakistan",2018,3562.33094270256,3620.36048715937
West Bank and Gaza,PSE,"Middle East, North Africa, Afghanistan & Pakistan",2019,3656.85827137011,3562.33094270256
West Bank and Gaza,PSE,"Middle East, North Africa, Afghanistan & Pakistan",2020,3233.56863835858,3656.85827137011
West Bank and Gaza,PSE,"Middle East, North Africa, Afghanistan & Pakistan",2021,3678.63565662194,3233.56863835858
West Bank and Gaza,PSE,"Middle East, North Africa, Afghanistan & Pakistan",2022,3799.95527015163,3678.63565662194
West Bank and Gaza,PSE,"Middle East, North Africa, Afghanistan & Pakistan",2023,3455.02852911712,3799.95527015163
West Bank and Gaza,PSE,"Middle East, North Africa, Afghanistan & Pakistan",2024,2592.30591217647,3455.02852911712
French Polynesia,PYF,East Asia & Pacific,1975,5149.93762191732,4273.16745814336
French Polynesia,PYF,East Asia & Pacific,1976,5302.06138605756,5149.93762191732
French Polynesia,PYF,East Asia & Pacific,1977,5573.60451054244,5302.06138605756
French Polynesia,PYF,East Asia & Pacific,1978,6848.95100426122,5573.60451054244
French Polynesia,PYF,East Asia & Pacific,1979,8016.36524403648,6848.95100426122
French Polynesia,PYF,East Asia & Pacific,1980,8438.72682447341,8016.36524403648
French Polynesia,PYF,East Asia & Pacific,1981,7645.18391267409,8438.72682447341
French Polynesia,PYF,East Asia & Pacific,1982,7416.30736944627,7645.18391267409
French Polynesia,PYF,East Asia & Pacific,1983,7477.03464924524,7416.30736944627
French Polynesia,PYF,East Asia & Pacific,1984,7511.32179070332,7477.03464924524
French Polynesia,PYF,East Asia & Pacific,1985,8002.08427164997,7511.32179070332
French Polynesia,PYF,East Asia & Pacific,1986,11913.8267538469,8002.08427164997
French Polynesia,PYF,East Asia & Pacific,1987,14061.3873698969,11913.8267538469
French Polynesia,PYF,East Asia & Pacific,1988,13952.8382782589,14061.3873698969
French Polynesia,PYF,East Asia & Pacific,1989,13682.8412939782,13952.8382782589
French Polynesia,PYF,East Asia & Pacific,1990,16293.1823294474,13682.8412939782
French Polynesia,PYF,East Asia & Pacific,1991,16414.8132696888,16293.1823294474
French Polynesia,PYF,East Asia & Pacific,1992,17554.3737937032,16414.8132696888
French Polynesia,PYF,East Asia & Pacific,1993,16469.7751983669,17554.3737937032
French Polynesia,PYF,East Asia & Pacific,1994,16806.0592491122,16469.7751983669
French Polynesia,PYF,East Asia & Pacific,1995,18850.3149185956,16806.0592491122
French Polynesia,PYF,East Asia & Pacific,1996,18475.7253329475,18850.3149185956
French Polynesia,PYF,East Asia & Pacific,1997,16423.0214308681,18475.7253329475
French Polynesia,PYF,East Asia & Pacific,1998,16759.7141702526,16423.0214308681
French Polynesia,PYF,East Asia & Pacific,1999,16532.9022343754,16759.7141702526
French Polynesia,PYF,East Asia & Pacific,2000,14978.324104668,16532.9022343754
French Polynesia,PYF,East Asia & Pacific,2001,14640.9360062298,14978.324104668
French Polynesia,PYF,East Asia & Pacific,2002,16004.0583292112,14640.9360062298
French Polynesia,PYF,East Asia & Pacific,2003,19582.8936395312,16004.0583292112
French Polynesia,PYF,East Asia & Pacific,2004,21764.2203208782,19582.8936395312
French Polynesia,PYF,East Asia & Pacific,2005,21984.1936230719,21764.2203208782
French Polynesia,PYF,East Asia & Pacific,2006,22330.8676659055,21984.1936230719
French Polynesia,PYF,East Asia & Pacific,2007,24888.1781337361,22330.8676659055
French Polynesia,PYF,East Asia & Pacific,2008,26592.0262835732,24888.1781337361
French Polynesia,PYF,East Asia & Pacific,2009,24434.2197555208,26592.0262835732
French Polynesia,PYF,East Asia & Pacific,2010,22494.806706186,24434.2197555208
French Polynesia,PYF,East Asia & Pacific,2011,22831.5185348524,22494.806706186
French Polynesia,PYF,East Asia & Pacific,2012,20846.5457478364,22831.5185348524
French Polynesia,PYF,East Asia & Pacific,2013,21955.6329264095,20846.5457478364
French Polynesia,PYF,East Asia & Pacific,2014,22258.6321384251,21955.6329264095
French Polynesia,PYF,East Asia & Pacific,2015,19166.9594761931,22258.6321384251
French Polynesia,PYF,East Asia & Pacific,2016,19690.0775734589,19166.9594761931
French Polynesia,PYF,East Asia & Pacific,2017,20826.9312492172,19690.0775734589
French Polynesia,PYF,East Asia & Pacific,2018,21925.616043938,20826.9312492172
French Polynesia,PYF,East Asia & Pacific,2019,21582.5892046801,21925.616043938
French Polynesia,PYF,East Asia & Pacific,2020,19966.4838503859,21582.5892046801
French Polynesia,PYF,East Asia & Pacific,2021,21426.3854449835,19966.4838503859
French Polynesia,PYF,East Asia & Pacific,2022,20053.9569369322,21426.3854449835
French Polynesia,PYF,East Asia & Pacific,2023,21832.2831795569,20053.9569369322
French Polynesia,PYF,East Asia & Pacific,2024,22439.8838746025,21832.2831795569
Qatar,QAT,"Middle East, North Africa, Afghanistan & Pakistan",1980,28375.4852501113,21776.6381753833
Qatar,QAT,"Middle East, North Africa, Afghanistan & Pakistan",1981,29504.9403812472,28375.4852501113
Qatar,QAT,"Middle East, North Africa, Afghanistan & Pakistan",1982,24384.5938501228,29504.9403812472
Qatar,QAT,"Middle East, North Africa, Afghanistan & Pakistan",1983,19616.0320394418,24384.5938501228
Qatar,QAT,"Middle East, North Africa, Afghanistan & Pakistan",1984,19272.2616094603,19616.0320394418
Qatar,QAT,"Middle East, North Africa, Afghanistan & Pakistan",1985,16815.0419632835,19272.2616094603
Qatar,QAT,"Middle East, North Africa, Afghanistan & Pakistan",1986,13213.2093617769,16815.0419632835
Qatar,QAT,"Middle East, North Africa, Afghanistan & Pakistan",1987,13718.7911520477,13213.2093617769
Qatar,QAT,"Middle East, North Africa, Afghanistan & Pakistan",1988,14682.0218472004,13718.7911520477
Qatar,QAT,"Middle East, North Africa, Afghanistan & Pakistan",1989,15242.5068904961,14682.0218472004
Qatar,QAT,"Middle East, North Africa, Afghanistan & Pakistan",1990,16721.6207714589,15242.5068904961
Qatar,QAT,"Middle East, North Africa, Afghanistan & Pakistan",1991,15133.4969397069,16721.6207714589
Qatar,QAT,"Middle East, North Africa, Afghanistan & Pakistan",1992,16280.2938815273,15133.4969397069
Qatar,QAT,"Middle East, North Africa, Afghanistan & Pakistan",1993,14769.7193322522,16280.2938815273
Qatar,QAT,"Middle East, North Africa, Afghanistan & Pakistan",1994,14764.8771355222,14769.7193322522
Qatar,QAT,"Middle East, North Africa, Afghanistan & Pakistan",1995,15822.5090711554,14764.8771355222
Qatar,QAT,"Middle East, North Africa, Afghanistan & Pakistan",1996,17124.7920861356,15822.5090711554
Qatar,QAT,"Middle East, North Africa, Afghanistan & Pakistan",1997,20522.8012995179,17124.7920861356
Qatar,QAT,"Middle East, North Africa, Afghanistan & Pakistan",1998,17665.4408438222,20522.8012995179
Qatar,QAT,"Middle East, North Africa, Afghanistan & Pakistan",1999,20233.6846826643,17665.4408438222
Qatar,QAT,"Middle East, North Africa, Afghanistan & Pakistan",2000,27535.182940934,20233.6846826643
Qatar,QAT,"Middle East, North Africa, Afghanistan & Pakistan",2001,25870.7991864314,27535.182940934
Qatar,QAT,"Middle East, North Africa, Afghanistan & Pakistan",2002,27226.6593510117,25870.7991864314
Qatar,QAT,"Middle East, North Africa, Afghanistan & Pakistan",2003,31602.470865136,27226.6593510117
Qatar,QAT,"Middle East, North Africa, Afghanistan & Pakistan",2004,41035.5008380177,31602.470865136
Qatar,QAT,"Middle East, North Africa, Afghanistan & Pakistan",2005,53949.6764091147,41035.5008380177
Qatar,QAT,"Middle East, North Africa, Afghanistan & Pakistan",2006,62582.4453138755,53949.6764091147
Qatar,QAT,"Middle East, North Africa, Afghanistan & Pakistan",2007,65954.3419525051,62582.4453138755
Qatar,QAT,"Middle East, North Africa, Afghanistan & Pakistan",2008,80781.4039187792,65954.3419525051
Qatar,QAT,"Middle East, North Africa, Afghanistan & Pakistan",2009,60785.7351551657,80781.4039187792
Qatar,QAT,"Middle East, North Africa, Afghanistan & Pakistan",2010,76462.6119486736,60785.7351551657
Qatar,QAT,"Middle East, North Africa, Afghanistan & Pakistan",2011,103261.510293068,76462.6119486736
Qatar,QAT,"Middle East, North Africa, Afghanistan & Pakistan",2012,108470.387023229,103261.510293068
Qatar,QAT,"Middle East, North Africa, Afghanistan & Pakistan",2013,103697.062789144,108470.387023229
Qatar,QAT,"Middle East, North Africa, Afghanistan & Pakistan",2014,95840.6898934238,103697.062789144
Qatar,QAT,"Middle East, North Africa, Afghanistan & Pakistan",2015,68985.2433380102,95840.6898934238
Qatar,QAT,"Middle East, North Africa, Afghanistan & Pakistan",2016,61253.6217997091,68985.2433380102
Qatar,QAT,"Middle East, North Africa, Afghanistan & Pakistan",2017,63279.8767486216,61253.6217997091
Qatar,QAT,"Middle East, North Africa, Afghanistan & Pakistan",2018,71039.9308240078,63279.8767486216
Qatar,QAT,"Middle East, North Africa, Afghanistan & Pakistan",2019,66841.3623185691,71039.9308240078
Qatar,QAT,"Middle East, North Africa, Afghanistan & Pakistan",2020,51683.5681078949,66841.3623185691
Qatar,QAT,"Middle East, North Africa, Afghanistan & Pakistan",2021,71751.9363398856,51683.5681078949
Qatar,QAT,"Middle East, North Africa, Afghanistan & Pakistan",2022,88701.4689763536,71751.9363398856
Qatar,QAT,"Middle East, North Africa, Afghanistan & Pakistan",2023,81816.9797967481,88701.4689763536
Qatar,QAT,"Middle East, North Africa, Afghanistan & Pakistan",2024,76688.6941743178,81816.9797967481
Romania,ROU,Europe & Central Asia,1997,1577.33656023974,1633.01064354117
Romania,ROU,Europe & Central Asia,1998,1852.5549693339,1577.33656023974
Romania,ROU,Europe & Central Asia,1999,1599.90622808339,1852.5549693339
Romania,ROU,Europe & Central Asia,2000,1659.92904910528,1599.90622808339
Romania,ROU,Europe & Central Asia,2001,1825.19299373184,1659.92904910528
Romania,ROU,Europe & Central Asia,2002,2119.85509684554,1825.19299373184
Romania,ROU,Europe & Central Asia,2003,2679.40626016154,2119.85509684554
Romania,ROU,Europe & Central Asia,2004,3494.99056448955,2679.40626016154
Romania,ROU,Europe & Central Asia,2005,4618.00350802913,3494.99056448955
Romania,ROU,Europe & Central Asia,2006,5757.53127301178,4618.00350802913
Romania,ROU,Europe & Central Asia,2007,8360.33775916596,5757.53127301178
Romania,ROU,Europe & Central Asia,2008,10435.1561230787,8360.33775916596
Romania,ROU,Europe & Central Asia,2009,8548.4543409242,10435.1561230787
Romania,ROU,Europe & Central Asia,2010,8399.5374234284,8548.4543409242
Romania,ROU,Europe & Central Asia,2011,9560.6755277458,8399.5374234284
Romania,ROU,Europe & Central Asia,2012,8929.95366231474,9560.6755277458
Romania,ROU,Europe & Central Asia,2013,9497.67411615237,8929.95366231474
Romania,ROU,Europe & Central Asia,2014,10031.7710755404,9497.67411615237
Romania,ROU,Europe & Central Asia,2015,8977.01748158196,10031.7710755404
Romania,ROU,Europe & Central Asia,2016,9404.54005870715,8977.01748158196
Romania,ROU,Europe & Central Asia,2017,10727.9822007426,9404.54005870715
Romania,ROU,Europe & Central Asia,2018,12416.134317959,10727.9822007426
Romania,ROU,Europe & Central Asia,2019,12909.6104013244,12416.134317959
Romania,ROU,Europe & Central Asia,2020,13009.1770573223,12909.6104013244
Romania,ROU,Europe & Central Asia,2021,14907.9803652143,13009.1770573223
Romania,ROU,Europe & Central Asia,2022,15503.551804598,14907.9803652143
Romania,ROU,Europe & Central Asia,2023,18244.4186876321,15503.551804598
Romania,ROU,Europe & Central Asia,2024,20080.2096215595,18244.4186876321
Russian Federation,RUS,Europe & Central Asia,1998,1834.86181640625,2737.57202148438
Russian Federation,RUS,Europe & Central Asia,1999,1330.75720214844,1834.86181640625
Russian Federation,RUS,Europe & Central Asia,2000,1771.59411621094,1330.75720214844
Russian Federation,RUS,Europe & Central Asia,2001,2100.3525390625,1771.59411621094
Russian Federation,RUS,Europe & Central Asia,2002,2377.52954101563,2100.3525390625
Russian Federation,RUS,Europe & Central Asia,2003,2975.123046875,2377.52954101563
Russian Federation,RUS,Europe & Central Asia,2004,4102.36474609375,2975.123046875
Russian Federation,RUS,Europe & Central Asia,2005,5323.455078125,4102.36474609375
Russian Federation,RUS,Europe & Central Asia,2006,6920.19970703125,5323.455078125
Russian Federation,RUS,Europe & Central Asia,2007,9101.2392578125,6920.19970703125
Russian Federation,RUS,Europe & Central Asia,2008,11635.2841796875,9101.2392578125
Russian Federation,RUS,Europe & Central Asia,2009,8562.82421875,11635.2841796875
Russian Federation,RUS,Europe & Central Asia,2010,10674.990234375,8562.82421875
Russian Federation,RUS,Europe & Central Asia,2011,14305.33203125,10674.990234375
Russian Federation,RUS,Europe & Central Asia,2012,15401.8515625,14305.33203125
Russian Federation,RUS,Europe & Central Asia,2013,15941.4482421875,15401.8515625
Russian Federation,RUS,Europe & Central Asia,2014,14055.47265625,15941.4482421875
Russian Federation,RUS,Europe & Central Asia,2015,9277.7138671875,14055.47265625
Russian Federation,RUS,Europe & Central Asia,2016,8663.158203125,9277.7138671875
Russian Federation,RUS,Europe & Central Asia,2017,10658.9130859375,8663.158203125
Russian Federation,RUS,Europe & Central Asia,2018,11211.8876953125,10658.9130859375
Russian Federation,RUS,Europe & Central Asia,2019,11447.701171875,11211.8876953125
Russian Federation,RUS,Europe & Central Asia,2020,10108.3271484375,11447.701171875
Russian Federation,RUS,Europe & Central Asia,2021,12425.029296875,10108.3271484375
Russian Federation,RUS,Europe & Central Asia,2022,15619.6142578125,12425.029296875
Russian Federation,RUS,Europe & Central Asia,2023,14159.3876953125,15619.6142578125
Russian Federation,RUS,Europe & Central Asia,2024,14889.0185546875,14159.3876953125
Rwanda,RWA,Sub-Saharan Africa ,1970,55.2419721408638,48.8699283215294
Rwanda,RWA,Sub-Saharan Africa ,1971,54.3780760416401,55.2419721408638
Rwanda,RWA,Sub-Saharan Africa ,1972,58.397695523384,54.3780760416401
Rwanda,RWA,Sub-Saharan Africa ,1973,66.9143871506847,58.397695523384
Rwanda,RWA,Sub-Saharan Africa ,1974,68.9411498886186,66.9143871506847
Rwanda,RWA,Sub-Saharan Africa ,1975,124.109648019297,68.9411498886186
Rwanda,RWA,Sub-Saharan Africa ,1976,134.378431212254,124.109648019297
Rwanda,RWA,Sub-Saharan Africa ,1977,152.744262359212,134.378431212254
Rwanda,RWA,Sub-Saharan Africa ,1978,179.876527812666,152.744262359212
Rwanda,RWA,Sub-Saharan Africa ,1979,213.765751335745,179.876527812666
Rwanda,RWA,Sub-Saharan Africa ,1980,234.392851442674,213.765751335745
Rwanda,RWA,Sub-Saharan Africa ,1981,254.569201374867,234.392851442674
Rwanda,RWA,Sub-Saharan Africa ,1982,246.385549568864,254.569201374867
Rwanda,RWA,Sub-Saharan Africa ,1983,250.568951735636,246.385549568864
Rwanda,RWA,Sub-Saharan Africa ,1984,259.906684530767,250.568951735636
Rwanda,RWA,Sub-Saharan Africa ,1985,271.578979038705,259.906684530767
Rwanda,RWA,Sub-Saharan Africa ,1986,297.725981822308,271.578979038705
Rwanda,RWA,Sub-Saharan Africa ,1987,319.643663252334,297.725981822308
Rwanda,RWA,Sub-Saharan Africa ,1988,343.781325819105,319.643663252334
Rwanda,RWA,Sub-Saharan Africa ,1989,334.741963422255,343.781325819105
Rwanda,RWA,Sub-Saharan Africa ,1990,345.773495134655,334.741963422255
Rwanda,RWA,Sub-Saharan Africa ,1991,253.966902025944,345.773495134655
Rwanda,RWA,Sub-Saharan Africa ,1992,264.083914517464,253.966902025944
Rwanda,RWA,Sub-Saharan Africa ,1993,247.023318476014,264.083914517464
Rwanda,RWA,Sub-Saharan Africa ,1994,110.953668251372,247.023318476014
Rwanda,RWA,Sub-Saharan Africa ,1995,227.971147849318,110.953668251372
Rwanda,RWA,Sub-Saharan Africa ,1996,206.04911417485,227.971147849318
Rwanda,RWA,Sub-Saharan Africa ,1997,238.749371368214,206.04911417485
Rwanda,RWA,Sub-Saharan Africa ,1998,246.154673288384,238.749371368214
Rwanda,RWA,Sub-Saharan Africa ,1999,264.74368682977,246.154673288384
Rwanda,RWA,Sub-Saharan Africa ,2000,251.86926386091,264.74368682977
Rwanda,RWA,Sub-Saharan Africa ,2001,237.308846200901,251.86926386091
Rwanda,RWA,Sub-Saharan Africa ,2002,234.043016755733,237.308846200901
Rwanda,RWA,Sub-Saharan Africa ,2003,249.012274982252,234.043016755733
Rwanda,RWA,Sub-Saharan Africa ,2004,269.540446333402,249.012274982252
Rwanda,RWA,Sub-Saharan Africa ,2005,324.016863847189,269.540446333402
Rwanda,RWA,Sub-Saharan Africa ,2006,356.995022901154,324.016863847189
Rwanda,RWA,Sub-Saharan Africa ,2007,426.234183487629,356.995022901154
Rwanda,RWA,Sub-Saharan Africa ,2008,528.326391755502,426.234183487629
Rwanda,RWA,Sub-Saharan Africa ,2009,564.039095842449,528.326391755502
Rwanda,RWA,Sub-Saharan Africa ,2010,593.624927744346,564.039095842449
Rwanda,RWA,Sub-Saharan Africa ,2011,651.133677964662,593.624927744346
Rwanda,RWA,Sub-Saharan Africa ,2012,706.817269168561,651.133677964662
Rwanda,RWA,Sub-Saharan Africa ,2013,704.92421851123,706.817269168561
Rwanda,RWA,Sub-Saharan Africa ,2014,724.957526520906,704.92421851123
Rwanda,RWA,Sub-Saharan Africa ,2015,733.998629882494,724.957526520906
Rwanda,RWA,Sub-Saharan Africa ,2016,729.519133812945,733.998629882494
Rwanda,RWA,Sub-Saharan Africa ,2017,758.300966509647,729.519133812945
Rwanda,RWA,Sub-Saharan Africa ,2018,771.773511207309,758.300966509647
Rwanda,RWA,Sub-Saharan Africa ,2019,810.051412137354,771.773511207309
Rwanda,RWA,Sub-Saharan Africa ,2020,778.701498925026,810.051412137354
Rwanda,RWA,Sub-Saharan Africa ,2021,829.544845263697,778.701498925026
Rwanda,RWA,Sub-Saharan Africa ,2022,975.469323735369,829.544845263697
Rwanda,RWA,Sub-Saharan Africa ,2023,1027.03446826565,975.469323735369
Rwanda,RWA,Sub-Saharan Africa ,2024,999.65456165547,1027.03446826565
Saudi Arabia,SAU,"Middle East, North Africa, Afghanistan & Pakistan",1970,1509.43961165521,1312.73865737123
Saudi Arabia,SAU,"Middle East, North Africa, Afghanistan & Pakistan",1971,1929.30910330483,1509.43961165521
Saudi Arabia,SAU,"Middle East, North Africa, Afghanistan & Pakistan",1972,2474.38683208975,1929.30910330483
Saudi Arabia,SAU,"Middle East, North Africa, Afghanistan & Pakistan",1973,3640.08361192413,2474.38683208975
Saudi Arabia,SAU,"Middle East, North Africa, Afghanistan & Pakistan",1974,10503.4280777085,3640.08361192413
Saudi Arabia,SAU,"Middle East, North Africa, Afghanistan & Pakistan",1975,10265.6414406471,10503.4280777085
Saudi Arabia,SAU,"Middle East, North Africa, Afghanistan & Pakistan",1976,13312.5119926546,10265.6414406471
Saudi Arabia,SAU,"Middle East, North Africa, Afghanistan & Pakistan",1977,14595.3739933329,13312.5119926546
Saudi Arabia,SAU,"Middle East, North Africa, Afghanistan & Pakistan",1978,14914.1542686138,14595.3739933329
Saudi Arabia,SAU,"Middle East, North Africa, Afghanistan & Pakistan",1979,19611.565126033,14914.1542686138
Saudi Arabia,SAU,"Middle East, North Africa, Afghanistan & Pakistan",1980,27205.6452285141,19611.565126033
Saudi Arabia,SAU,"Middle East, North Africa, Afghanistan & Pakistan",1981,28703.35585508,27205.6452285141
Saudi Arabia,SAU,"Middle East, North Africa, Afghanistan & Pakistan",1982,22454.4843169614,28703.35585508
Saudi Arabia,SAU,"Middle East, North Africa, Afghanistan & Pakistan",1983,17809.5527471054,22454.4843169614
Saudi Arabia,SAU,"Middle East, North Africa, Afghanistan & Pakistan",1984,15541.1312184609,17809.5527471054
Saudi Arabia,SAU,"Middle East, North Africa, Afghanistan & Pakistan",1985,12745.41992535,15541.1312184609
Saudi Arabia,SAU,"Middle East, North Africa, Afghanistan & Pakistan",1986,10078.2896080512,12745.41992535
Saudi Arabia,SAU,"Middle East, North Africa, Afghanistan & Pakistan",1987,9385.98469519899,10078.2896080512
Saudi Arabia,SAU,"Middle East, North Africa, Afghanistan & Pakistan",1988,9165.49615323397,9385.98469519899
Saudi Arabia,SAU,"Middle East, North Africa, Afghanistan & Pakistan",1989,9413.58119352769,9165.49615323397
Saudi Arabia,SAU,"Middle East, North Africa, Afghanistan & Pakistan",1990,11054.7495049666,9413.58119352769
Saudi Arabia,SAU,"Middle East, North Africa, Afghanistan & Pakistan",1991,11847.1699534218,11054.7495049666
Saudi Arabia,SAU,"Middle East, North Africa, Afghanistan & Pakistan",1992,11730.2687665244,11847.1699534218
Saudi Arabia,SAU,"Middle East, North Africa, Afghanistan & Pakistan",1993,10884.8607880777,11730.2687665244
Saudi Arabia,SAU,"Middle East, North Africa, Afghanistan & Pakistan",1994,10601.9196697805,10884.8607880777
Saudi Arabia,SAU,"Middle East, North Africa, Afghanistan & Pakistan",1995,10786.4008952769,10601.9196697805
Saudi Arabia,SAU,"Middle East, North Africa, Afghanistan & Pakistan",1996,11471.5045960191,10786.4008952769
Saudi Arabia,SAU,"Middle East, North Africa, Afghanistan & Pakistan",1997,11545.3455998551,11471.5045960191
Saudi Arabia,SAU,"Middle East, North Africa, Afghanistan & Pakistan",1998,9836.05729768574,11545.3455998551
Saudi Arabia,SAU,"Middle East, North Africa, Afghanistan & Pakistan",1999,10452.1899400479,9836.05729768574
Saudi Arabia,SAU,"Middle East, North Africa, Afghanistan & Pakistan",2000,11714.5623675159,10452.1899400479
Saudi Arabia,SAU,"Middle East, North Africa, Afghanistan & Pakistan",2001,10805.311325122,11714.5623675159
Saudi Arabia,SAU,"Middle East, North Africa, Afghanistan & Pakistan",2002,10586.0543471363,10805.311325122
Saudi Arabia,SAU,"Middle East, North Africa, Afghanistan & Pakistan",2003,11487.220410693,10586.0543471363
Saudi Arabia,SAU,"Middle East, North Africa, Afghanistan & Pakistan",2004,13154.4978989446,11487.220410693
Saudi Arabia,SAU,"Middle East, North Africa, Afghanistan & Pakistan",2005,15975.7473782258,13154.4978989446
Saudi Arabia,SAU,"Middle East, North Africa, Afghanistan & Pakistan",2006,17563.6145370639,15975.7473782258
Saudi Arabia,SAU,"Middle East, North Africa, Afghanistan & Pakistan",2007,18596.1502627898,17563.6145370639
Saudi Arabia,SAU,"Middle East, North Africa, Afghanistan & Pakistan",2008,22320.4888964331,18596.1502627898
Saudi Arabia,SAU,"Middle East, North Africa, Afghanistan & Pakistan",2009,17718.3911648365,22320.4888964331
Saudi Arabia,SAU,"Middle East, North Africa, Afghanistan & Pakistan",2010,22028.3901426586,17718.3911648365
Saudi Arabia,SAU,"Middle East, North Africa, Afghanistan & Pakistan",2011,27126.7498747702,22028.3901426586
Saudi Arabia,SAU,"Middle East, North Africa, Afghanistan & Pakistan",2012,28733.4375513452,27126.7498747702
Saudi Arabia,SAU,"Middle East, North Africa, Afghanistan & Pakistan",2013,27865.465604962,28733.4375513452
Saudi Arabia,SAU,"Middle East, North Africa, Afghanistan & Pakistan",2014,27805.4850319422,27865.465604962
Saudi Arabia,SAU,"Middle East, North Africa, Afghanistan & Pakistan",2015,23256.1549553531,27805.4850319422
Saudi Arabia,SAU,"Middle East, North Africa, Afghanistan & Pakistan",2016,22267.7217050387,23256.1549553531
Saudi Arabia,SAU,"Middle East, North Africa, Afghanistan & Pakistan",2017,23929.2907135982,22267.7217050387
Saudi Arabia,SAU,"Middle East, North Africa, Afghanistan & Pakistan",2018,29360.0658968566,23929.2907135982
Saudi Arabia,SAU,"Middle East, North Africa, Afghanistan & Pakistan",2019,29566.7933827436,29360.0658968566
Saudi Arabia,SAU,"Middle East, North Africa, Afghanistan & Pakistan",2020,24338.8307301067,29566.7933827436
Saudi Arabia,SAU,"Middle East, North Africa, Afghanistan & Pakistan",2021,31920.7653655643,24338.8307301067
Saudi Arabia,SAU,"Middle East, North Africa, Afghanistan & Pakistan",2022,38510.2276211037,31920.7653655643
Saudi Arabia,SAU,"Middle East, North Africa, Afghanistan & Pakistan",2023,36156.848337701,38510.2276211037
Saudi Arabia,SAU,"Middle East, North Africa, Afghanistan & Pakistan",2024,35121.6628687742,36156.848337701
Sudan,SDN,Sub-Saharan Africa ,1970,139.038482666016,125.984886169434
Sudan,SDN,Sub-Saharan Africa ,1971,146.931610107422,139.038482666016
Sudan,SDN,Sub-Saharan Africa ,1972,154.511581420898,146.931610107422
Sudan,SDN,Sub-Saharan Africa ,1973,184.524200439453,154.511581420898
Sudan,SDN,Sub-Saharan Africa ,1974,228.787322998047,184.524200439453
Sudan,SDN,Sub-Saharan Africa ,1975,269.652893066406,228.787322998047
Sudan,SDN,Sub-Saharan Africa ,1976,325.185607910156,269.652893066406
Sudan,SDN,Sub-Saharan Africa ,1977,392.399383544922,325.185607910156
Sudan,SDN,Sub-Saharan Africa ,1978,410.072082519531,392.399383544922
Sudan,SDN,Sub-Saharan Africa ,1979,408.899627685547,410.072082519531
Sudan,SDN,Sub-Saharan Africa ,1980,418.348785400391,408.899627685547
Sudan,SDN,Sub-Saharan Africa ,1981,483.802581787109,418.348785400391
Sudan,SDN,Sub-Saharan Africa ,1982,378.945373535156,483.802581787109
Sudan,SDN,Sub-Saharan Africa ,1983,346.221649169922,378.945373535156
Sudan,SDN,Sub-Saharan Africa ,1984,429.993377685547,346.221649169922
Sudan,SDN,Sub-Saharan Africa ,1985,326.402770996094,429.993377685547
Sudan,SDN,Sub-Saharan Africa ,1986,400.333557128906,326.402770996094
Sudan,SDN,Sub-Saharan Africa ,1987,471.1572265625,400.333557128906
Sudan,SDN,Sub-Saharan Africa ,1988,553.07861328125,471.1572265625
Sudan,SDN,Sub-Saharan Africa ,1989,814.267517089844,553.07861328125
Sudan,SDN,Sub-Saharan Africa ,1990,1257.1875,814.267517089844
Sudan,SDN,Sub-Saharan Africa ,1991,1617.55676269531,1257.1875
Sudan,SDN,Sub-Saharan Africa ,1992,252.610092163086,1617.55676269531
Sudan,SDN,Sub-Saharan Africa ,1993,312.693908691406,252.610092163086
Sudan,SDN,Sub-Saharan Africa ,1994,439.420806884766,312.693908691406
Sudan,SDN,Sub-Saharan Africa ,1995,462.585235595703,439.420806884766
Sudan,SDN,Sub-Saharan Africa ,1996,294.826965332031,462.585235595703
Sudan,SDN,Sub-Saharan Africa ,1997,373.09375,294.826965332031
Sudan,SDN,Sub-Saharan Africa ,1998,350.702880859375,373.09375
Sudan,SDN,Sub-Saharan Africa ,1999,324.659606933594,350.702880859375
Sudan,SDN,Sub-Saharan Africa ,2000,362.116882324219,324.659606933594
Sudan,SDN,Sub-Saharan Africa ,2001,451.293304443359,362.116882324219
Sudan,SDN,Sub-Saharan Africa ,2002,506.262634277344,451.293304443359
Sudan,SDN,Sub-Saharan Africa ,2003,580.320251464844,506.262634277344
Sudan,SDN,Sub-Saharan Africa ,2004,705.113342285156,580.320251464844
Sudan,SDN,Sub-Saharan Africa ,2005,905.543640136719,705.113342285156
Sudan,SDN,Sub-Saharan Africa ,2006,1132.474609375,905.543640136719
Sudan,SDN,Sub-Saharan Africa ,2007,1444.37219238281,1132.474609375
Sudan,SDN,Sub-Saharan Africa ,2008,1527.58239746094,1444.37219238281
Sudan,SDN,Sub-Saharan Africa ,2009,1178.22180175781,1527.58239746094
Sudan,SDN,Sub-Saharan Africa ,2010,1305.63598632813,1178.22180175781
Sudan,SDN,Sub-Saharan Africa ,2011,1332.6572265625,1305.63598632813
Sudan,SDN,Sub-Saharan Africa ,2012,1019.22210693359,1332.6572265625
Sudan,SDN,Sub-Saharan Africa ,2013,1138.62780761719,1019.22210693359
Sudan,SDN,Sub-Saharan Africa ,2014,1275.43835449219,1138.62780761719
Sudan,SDN,Sub-Saharan Africa ,2015,1292.37963867188,1275.43835449219
Sudan,SDN,Sub-Saharan Africa ,2016,1033.21594238281,1292.37963867188
Sudan,SDN,Sub-Saharan Africa ,2017,966.505676269531,1033.21594238281
Sudan,SDN,Sub-Saharan Africa ,2018,731.027465820313,966.505676269531
Sudan,SDN,Sub-Saharan Africa ,2019,709.975280761719,731.027465820313
Sudan,SDN,Sub-Saharan Africa ,2020,577.795227050781,709.975280761719
Sudan,SDN,Sub-Saharan Africa ,2021,712.122009277344,577.795227050781
Sudan,SDN,Sub-Saharan Africa ,2022,1046.24084472656,712.122009277344
Sudan,SDN,Sub-Saharan Africa ,2023,797.283447265625,1046.24084472656
Sudan,SDN,Sub-Saharan Africa ,2024,984.607666015625,797.283447265625
Senegal,SEN,Sub-Saharan Africa ,1970,290.486425297989,287.253148792203
Senegal,SEN,Sub-Saharan Africa ,1971,291.08835742165,290.486425297989
Senegal,SEN,Sub-Saharan Africa ,1972,341.835352336553,291.08835742165
Senegal,SEN,Sub-Saharan Africa ,1973,381.439007163828,341.835352336553
Senegal,SEN,Sub-Saharan Africa ,1974,417.407600285381,381.439007163828
Senegal,SEN,Sub-Saharan Africa ,1975,547.378148664851,417.407600285381
Senegal,SEN,Sub-Saharan Africa ,1976,540.594007051938,547.378148664851
Senegal,SEN,Sub-Saharan Africa ,1977,540.126849249781,540.594007051938
Senegal,SEN,Sub-Saharan Africa ,1978,589.134045255614,540.126849249781
Senegal,SEN,Sub-Saharan Africa ,1979,716.281436518959,589.134045255614
Senegal,SEN,Sub-Saharan Africa ,1980,771.533969550579,716.281436518959
Senegal,SEN,Sub-Saharan Africa ,1981,682.972070210382,771.533969550579
Senegal,SEN,Sub-Saharan Africa ,1982,651.93712330983,682.972070210382
Senegal,SEN,Sub-Saharan Africa ,1983,564.369336303935,651.93712330983
Senegal,SEN,Sub-Saharan Africa ,1984,536.231765402514,564.369336303935
Senegal,SEN,Sub-Saharan Africa ,1985,571.417166069201,536.231765402514
Senegal,SEN,Sub-Saharan Africa ,1986,783.940524706279,571.417166069201
Senegal,SEN,Sub-Saharan Africa ,1987,916.09484148409,783.940524706279
Senegal,SEN,Sub-Saharan Africa ,1988,880.487755138196,916.09484148409
Senegal,SEN,Sub-Saharan Africa ,1989,848.555548058968,880.487755138196
Senegal,SEN,Sub-Saharan Africa ,1990,957.314337438177,848.555548058968
Senegal,SEN,Sub-Saharan Africa ,1991,913.399575796737,957.314337438177
Senegal,SEN,Sub-Saharan Africa ,1992,951.204960087807,913.399575796737
Senegal,SEN,Sub-Saharan Africa ,1993,877.52900343803,951.204960087807
Senegal,SEN,Sub-Saharan Africa ,1994,583.782776032181,877.52900343803
Senegal,SEN,Sub-Saharan Africa ,1995,714.994396357297,583.782776032181
Senegal,SEN,Sub-Saharan Africa ,1996,723.469950081149,714.994396357297
Senegal,SEN,Sub-Saharan Africa ,1997,650.776321407448,723.469950081149
Senegal,SEN,Sub-Saharan Africa ,1998,684.588105785786,650.776321407448
Senegal,SEN,Sub-Saharan Africa ,1999,677.516338727268,684.588105785786
Senegal,SEN,Sub-Saharan Africa ,2000,603.233162455158,677.516338727268
Senegal,SEN,Sub-Saharan Africa ,2001,637.213530563724,603.233162455158
Senegal,SEN,Sub-Saharan Africa ,2002,669.430447319209,637.213530563724
Senegal,SEN,Sub-Saharan Africa ,2003,817.888034221442,669.430447319209
Senegal,SEN,Sub-Saharan Africa ,2004,918.102079522155,817.888034221442
Senegal,SEN,Sub-Saharan Africa ,2005,979.846101520171,918.102079522155
Senegal,SEN,Sub-Saharan Africa ,2006,1017.20196747987,979.846101520171
Senegal,SEN,Sub-Saharan Africa ,2007,1188.93877808175,1017.20196747987
Senegal,SEN,Sub-Saharan Africa ,2008,1398.79218010021,1188.93877808175
Senegal,SEN,Sub-Saharan Africa ,2009,1308.69404336205,1398.79218010021
Senegal,SEN,Sub-Saharan Africa ,2010,1275.88357492357,1308.69404336205
Senegal,SEN,Sub-Saharan Africa ,2011,1374.67591873844,1275.88357492357
Senegal,SEN,Sub-Saharan Africa ,2012,1326.83798848379,1374.67591873844
Senegal,SEN,Sub-Saharan Africa ,2013,1379.83196553924,1326.83798848379
Senegal,SEN,Sub-Saharan Africa ,2014,1398.89137601382,1379.83196553924
Senegal,SEN,Sub-Saharan Africa ,2015,1218.00613555438,1398.89137601382
Senegal,SEN,Sub-Saharan Africa ,2016,1266.43957151587,1218.00613555438
Senegal,SEN,Sub-Saharan Africa ,2017,1356.80518449031,1266.43957151587
Senegal,SEN,Sub-Saharan Africa ,2018,1452.55612562445,1356.80518449031
Senegal,SEN,Sub-Saharan Africa ,2019,1431.18128932159,1452.55612562445
Senegal,SEN,Sub-Saharan Africa ,2020,1461.08720350553,1431.18128932159
Senegal,SEN,Sub-Saharan Africa ,2021,1598.10676952274,1461.08720350553
Senegal,SEN,Sub-Saharan Africa ,2022,1574.0281059306,1598.10676952274
Senegal,SEN,Sub-Saharan Africa ,2023,1698.03387300843,1574.0281059306
Senegal,SEN,Sub-Saharan Africa ,2024,1773.21829923448,1698.03387300843
Singapore,SGP,East Asia & Pacific,1970,925.797864348214,812.677487316618
Singapore,SGP,East Asia & Pacific,1971,1071.41154035538,925.797864348214
Singapore,SGP,East Asia & Pacific,1972,1264.37510720987,1071.41154035538
Singapore,SGP,East Asia & Pacific,1973,1685.45979632163,1264.37510720987
Singapore,SGP,East Asia & Pacific,1974,2341.70551423633,1685.45979632163
Singapore,SGP,East Asia & Pacific,1975,2489.91157517591,2341.70551423633
Singapore,SGP,East Asia & Pacific,1976,2758.94038028476,2489.91157517591
Singapore,SGP,East Asia & Pacific,1977,2846.33598832854,2758.94038028476
Singapore,SGP,East Asia & Pacific,1978,3193.90565722355,2846.33598832854
Singapore,SGP,East Asia & Pacific,1979,3900.53355310873,3193.90565722355
Singapore,SGP,East Asia & Pacific,1980,4928.13911785754,3900.53355310873
Singapore,SGP,East Asia & Pacific,1981,5596.58597723068,4928.13911785754
Singapore,SGP,East Asia & Pacific,1982,6077.63424070932,5596.58597723068
Singapore,SGP,East Asia & Pacific,1983,6633.23667366491,6077.63424070932
Singapore,SGP,East Asia & Pacific,1984,7228.31758410647,6633.23667366491
Singapore,SGP,East Asia & Pacific,1985,7001.7667477117,7228.31758410647
Singapore,SGP,East Asia & Pacific,1986,6799.93036332671,7001.7667477117
Singapore,SGP,East Asia & Pacific,1987,7539.02930212443,6799.93036332671
Singapore,SGP,East Asia & Pacific,1988,8914.44122574729,7539.02930212443
Singapore,SGP,East Asia & Pacific,1989,10394.5389962406,8914.44122574729
Singapore,SGP,East Asia & Pacific,1990,11861.7561591366,10394.5389962406
Singapore,SGP,East Asia & Pacific,1991,14502.3799938606,11861.7561591366
Singapore,SGP,East Asia & Pacific,1992,16136.2405377661,14502.3799938606
Singapore,SGP,East Asia & Pacific,1993,18290.130113185,16136.2405377661
Singapore,SGP,East Asia & Pacific,1994,21552.4100366948,18290.130113185
Singapore,SGP,East Asia & Pacific,1995,24914.8507020358,21552.4100366948
Singapore,SGP,East Asia & Pacific,1996,26232.866096827,24914.8507020358
Singapore,SGP,East Asia & Pacific,1997,26375.8653668113,26232.866096827
Singapore,SGP,East Asia & Pacific,1998,21829.2737831583,26375.8653668113
Singapore,SGP,East Asia & Pacific,1999,21796.6373891001,21829.2737831583
Singapore,SGP,East Asia & Pacific,2000,23852.8389514753,21796.6373891001
Singapore,SGP,East Asia & Pacific,2001,21699.7414868907,23852.8389514753
Singapore,SGP,East Asia & Pacific,2002,22159.8373710639,21699.7414868907
Singapore,SGP,East Asia & Pacific,2003,23730.3840054566,22159.8373710639
Singapore,SGP,East Asia & Pacific,2004,27608.080013423,23730.3840054566
Singapore,SGP,East Asia & Pacific,2005,29961.3172812732,27608.080013423
Singapore,SGP,East Asia & Pacific,2006,33768.4528234651,29961.3172812732
Singapore,SGP,East Asia & Pacific,2007,39432.8860198877,33768.4528234651
Singapore,SGP,East Asia & Pacific,2008,40008.5720489092,39432.8860198877
Singapore,SGP,East Asia & Pacific,2009,38926.8054365453,40008.5720489092
Singapore,SGP,East Asia & Pacific,2010,47236.683084953,38926.8054365453
Singapore,SGP,East Asia & Pacific,2011,53891.4570264372,47236.683084953
Singapore,SGP,East Asia & Pacific,2012,55547.5553077786,53891.4570264372
Singapore,SGP,East Asia & Pacific,2013,56967.4257940383,55547.5553077786
Singapore,SGP,East Asia & Pacific,2014,57564.8023114977,56967.4257940383
Singapore,SGP,East Asia & Pacific,2015,55645.6068614606,57564.8023114977
Singapore,SGP,East Asia & Pacific,2016,57005.5887176547,55645.6068614606
Singapore,SGP,East Asia & Pacific,2017,61236.251270627,57005.5887176547
Singapore,SGP,East Asia & Pacific,2018,66881.6067035265,61236.251270627
Singapore,SGP,East Asia & Pacific,2019,65952.0378959293,66881.6067035265
Singapore,SGP,East Asia & Pacific,2020,61410.0792630788,65952.0378959293
Singapore,SGP,East Asia & Pacific,2021,80056.1288247844,61410.0792630788
Singapore,SGP,East Asia & Pacific,2022,90299.0694637269,80056.1288247844
Singapore,SGP,East Asia & Pacific,2023,85412.230345235,90299.0694637269
Singapore,SGP,East Asia & Pacific,2024,90674.066632628,85412.230345235
Solomon Islands,SLB,East Asia & Pacific,1978,500.058223062566,434.409813335233
Solomon Islands,SLB,East Asia & Pacific,1979,657.858329669684,500.058223062566
Solomon Islands,SLB,East Asia & Pacific,1980,767.850616345384,657.858329669684
Solomon Islands,SLB,East Asia & Pacific,1981,785.830912783879,767.850616345384
Solomon Islands,SLB,East Asia & Pacific,1982,755.885653343722,785.830912783879
Solomon Islands,SLB,East Asia & Pacific,1983,686.264140182978,755.885653343722
Solomon Islands,SLB,East Asia & Pacific,1984,664.696440482807,686.264140182978
Solomon Islands,SLB,East Asia & Pacific,1985,586.02235220521,664.696440482807
Solomon Islands,SLB,East Asia & Pacific,1986,505.821806525665,586.02235220521
Solomon Islands,SLB,East Asia & Pacific,1987,514.6693332731,505.821806525665
Solomon Islands,SLB,East Asia & Pacific,1988,567.022935580171,514.6693332731
Solomon Islands,SLB,East Asia & Pacific,1989,538.101762870503,567.022935580171
Solomon Islands,SLB,East Asia & Pacific,1990,648.325212624098,538.101762870503
Solomon Islands,SLB,East Asia & Pacific,1991,665.833104132659,648.325212624098
Solomon Islands,SLB,East Asia & Pacific,1992,763.857968549522,665.833104132659
Solomon Islands,SLB,East Asia & Pacific,1993,828.869997791691,763.857968549522
Solomon Islands,SLB,East Asia & Pacific,1994,1078.0410925874,828.869997791691
Solomon Islands,SLB,East Asia & Pacific,1995,1220.17919311126,1078.0410925874
Solomon Islands,SLB,East Asia & Pacific,1996,1289.33036923435,1220.17919311126
Solomon Islands,SLB,East Asia & Pacific,1997,1292.23951946469,1289.33036923435
Solomon Islands,SLB,East Asia & Pacific,1998,1091.89096889326,1292.23951946469
Solomon Islands,SLB,East Asia & Pacific,1999,1133.62256531791,1091.89096889326
Solomon Islands,SLB,East Asia & Pacific,2000,953.17190137706,1133.62256531791
Solomon Islands,SLB,East Asia & Pacific,2001,911.791935385411,953.17190137706
Solomon Islands,SLB,East Asia & Pacific,2002,756.890296490792,911.791935385411
Solomon Islands,SLB,East Asia & Pacific,2003,895.984242546501,756.890296490792
Solomon Islands,SLB,East Asia & Pacific,2004,986.070953503889,895.984242546501
Solomon Islands,SLB,East Asia & Pacific,2005,1144.49233397681,986.070953503889
Solomon Islands,SLB,East Asia & Pacific,2006,1255.62447417684,1144.49233397681
Solomon Islands,SLB,East Asia & Pacific,2007,1390.14870956707,1255.62447417684
Solomon Islands,SLB,East Asia & Pacific,2008,1525.84666261203,1390.14870956707
Solomon Islands,SLB,East Asia & Pacific,2009,1554.70671006386,1525.84666261203
Solomon Islands,SLB,East Asia & Pacific,2010,1685.14535823757,1554.70671006386
Solomon Islands,SLB,East Asia & Pacific,2011,1924.05795643133,1685.14535823757
Solomon Islands,SLB,East Asia & Pacific,2012,2066.25738638356,1924.05795643133
Solomon Islands,SLB,East Asia & Pacific,2013,2161.38627543917,2066.25738638356
Solomon Islands,SLB,East Asia & Pacific,2014,2164.95289873002,2161.38627543917
Solomon Islands,SLB,East Asia & Pacific,2015,2045.47721526649,2164.95289873002
Solomon Islands,SLB,East Asia & Pacific,2016,2082.62383124213,2045.47721526649
Solomon Islands,SLB,East Asia & Pacific,2017,2143.57670489272,2082.62383124213
Solomon Islands,SLB,East Asia & Pacific,2018,2278.19908624102,2143.57670489272
Solomon Islands,SLB,East Asia & Pacific,2019,2223.65890942466,2278.19908624102
Solomon Islands,SLB,East Asia & Pacific,2020,2063.32780991967,2223.65890942466
Solomon Islands,SLB,East Asia & Pacific,2021,2043.44413170658,2063.32780991967
Solomon Islands,SLB,East Asia & Pacific,2022,1877.78104490956,2043.44413170658
Solomon Islands,SLB,East Asia & Pacific,2023,1882.64394148042,1877.78104490956
Solomon Islands,SLB,East Asia & Pacific,2024,1933.55538435227,1882.64394148042
Sierra Leone,SLE,Sub-Saharan Africa ,1970,160.164147056907,153.564115961571
Sierra Leone,SLE,Sub-Saharan Africa ,1971,151.83336869958,160.164147056907
Sierra Leone,SLE,Sub-Saharan Africa ,1972,165.357917863636,151.83336869958
Sierra Leone,SLE,Sub-Saharan Africa ,1973,200.641699774769,165.357917863636
Sierra Leone,SLE,Sub-Saharan Africa ,1974,222.085173234717,200.641699774769
Sierra Leone,SLE,Sub-Saharan Africa ,1975,228.374681042069,222.085173234717
Sierra Leone,SLE,Sub-Saharan Africa ,1976,196.411784759207,228.374681042069
Sierra Leone,SLE,Sub-Saharan Africa ,1977,224.21335896988,196.411784759207
Sierra Leone,SLE,Sub-Saharan Africa ,1978,305.427800560744,224.21335896988
Sierra Leone,SLE,Sub-Saharan Africa ,1979,345.86913707629,305.427800560744
Sierra Leone,SLE,Sub-Saharan Africa ,1980,336.386279506102,345.86913707629
Sierra Leone,SLE,Sub-Saharan Africa ,1981,333.887542728491,336.386279506102
Sierra Leone,SLE,Sub-Saharan Africa ,1982,380.074041189746,333.887542728491
Sierra Leone,SLE,Sub-Saharan Africa ,1983,285.814326139727,380.074041189746
Sierra Leone,SLE,Sub-Saharan Africa ,1984,305.576232491583,285.814326139727
Sierra Leone,SLE,Sub-Saharan Africa ,1985,235.510529343624,305.576232491583
Sierra Leone,SLE,Sub-Saharan Africa ,1986,131.473041005587,235.510529343624
Sierra Leone,SLE,Sub-Saharan Africa ,1987,172.364214833661,131.473041005587
Sierra Leone,SLE,Sub-Saharan Africa ,1988,268.160979625957,172.364214833661
Sierra Leone,SLE,Sub-Saharan Africa ,1989,231.275622974338,268.160979625957
Sierra Leone,SLE,Sub-Saharan Africa ,1990,154.794072467618,231.275622974338
Sierra Leone,SLE,Sub-Saharan Africa ,1991,183.686515027567,154.794072467618
Sierra Leone,SLE,Sub-Saharan Africa ,1992,163.197571684381,183.686515027567
Sierra Leone,SLE,Sub-Saharan Africa ,1993,184.951609154872,163.197571684381
Sierra Leone,SLE,Sub-Saharan Africa ,1994,218.507275126222,184.951609154872
Sierra Leone,SLE,Sub-Saharan Africa ,1995,208.351997250955,218.507275126222
Sierra Leone,SLE,Sub-Saharan Africa ,1996,224.258711163044,208.351997250955
Sierra Leone,SLE,Sub-Saharan Africa ,1997,199.880001395777,224.258711163044
Sierra Leone,SLE,Sub-Saharan Africa ,1998,156.51811883387,199.880001395777
Sierra Leone,SLE,Sub-Saharan Africa ,1999,155.020833269007,156.51811883387
Sierra Leone,SLE,Sub-Saharan Africa ,2000,143.743743239644,155.020833269007
Sierra Leone,SLE,Sub-Saharan Africa ,2001,358.315716051546,143.743743239644
Sierra Leone,SLE,Sub-Saharan Africa ,2002,388.995111216836,358.315716051546
Sierra Leone,SLE,Sub-Saharan Africa ,2003,413.817607346927,388.995111216836
Sierra Leone,SLE,Sub-Saharan Africa ,2004,417.749983329227,413.817607346927
Sierra Leone,SLE,Sub-Saharan Africa ,2005,462.633324427945,417.749983329227
Sierra Leone,SLE,Sub-Saharan Africa ,2006,580.26796974773,462.633324427945
Sierra Leone,SLE,Sub-Saharan Africa ,2007,631.889926264998,580.26796974773
Sierra Leone,SLE,Sub-Saharan Africa ,2008,705.359014080005,631.889926264998
Sierra Leone,SLE,Sub-Saharan Africa ,2009,652.845806767943,705.359014080005
Sierra Leone,SLE,Sub-Saharan Africa ,2010,685.039673490948,652.845806767943
Sierra Leone,SLE,Sub-Saharan Africa ,2011,761.146365577281,685.039673490948
Sierra Leone,SLE,Sub-Saharan Africa ,2012,937.504428180231,761.146365577281
Sierra Leone,SLE,Sub-Saharan Africa ,2013,1117.47183075115,937.504428180231
Sierra Leone,SLE,Sub-Saharan Africa ,2014,1117.7586465721,1117.47183075115
Sierra Leone,SLE,Sub-Saharan Africa ,2015,964.575980888989,1117.7586465721
Sierra Leone,SLE,Sub-Saharan Africa ,2016,844.416411175476,964.575980888989
Sierra Leone,SLE,Sub-Saharan Africa ,2017,779.186007841728,844.416411175476
Sierra Leone,SLE,Sub-Saharan Africa ,2018,845.914540460932,779.186007841728
Sierra Leone,SLE,Sub-Saharan Africa ,2019,843.712517809977,845.914540460932
Sierra Leone,SLE,Sub-Saharan Africa ,2020,845.277557920549,843.712517809977
Sierra Leone,SLE,Sub-Saharan Africa ,2021,885.396401885395,845.277557920549
Sierra Leone,SLE,Sub-Saharan Africa ,2022,860.371067916096,885.396401885395
Sierra Leone,SLE,Sub-Saharan Africa ,2023,758.329137378248,860.371067916096
Sierra Leone,SLE,Sub-Saharan Africa ,2024,806.654650417726,758.329137378248
El Salvador,SLV,Latin America & Caribbean ,1975,457.260871327372,413.403476363207
El Salvador,SLV,Latin America & Caribbean ,1976,552.994933864727,457.260871327372
El Salvador,SLV,Latin America & Caribbean ,1977,683.90258566335,552.994933864727
El Salvador,SLV,Latin America & Caribbean ,1978,711.852264187957,683.90258566335
El Salvador,SLV,Latin America & Caribbean ,1979,773.066953129952,711.852264187957
El Salvador,SLV,Latin America & Caribbean ,1980,787.149605473724,773.066953129952
El Salvador,SLV,Latin America & Caribbean ,1981,752.024012607538,787.149605473724
El Salvador,SLV,Latin America & Caribbean ,1982,735.360954743528,752.024012607538
El Salvador,SLV,Latin America & Caribbean ,1983,744.863912246485,735.360954743528
El Salvador,SLV,Latin America & Caribbean ,1984,763.168218110743,744.863912246485
El Salvador,SLV,Latin America & Caribbean ,1985,776.424283705702,763.168218110743
El Salvador,SLV,Latin America & Caribbean ,1986,755.425135831439,776.424283705702
El Salvador,SLV,Latin America & Caribbean ,1987,777.239402479086,755.425135831439
El Salvador,SLV,Latin America & Caribbean ,1988,806.392353256927,777.239402479086
El Salvador,SLV,Latin America & Caribbean ,1989,825.105232536306,806.392353256927
El Salvador,SLV,Latin America & Caribbean ,1990,892.18271519703,825.105232536306
El Salvador,SLV,Latin America & Caribbean ,1991,955.826897421092,892.18271519703
El Salvador,SLV,Latin America & Caribbean ,1992,1040.78164082019,955.826897421092
El Salvador,SLV,Latin America & Caribbean ,1993,1180.26854267621,1040.78164082019
El Salvador,SLV,Latin America & Caribbean ,1994,1343.9290572544,1180.26854267621
El Salvador,SLV,Latin America & Caribbean ,1995,1548.3763038362,1343.9290572544
El Salvador,SLV,Latin America & Caribbean ,1996,1651.31016800895,1548.3763038362
El Salvador,SLV,Latin America & Caribbean ,1997,1748.92111971129,1651.31016800895
El Salvador,SLV,Latin America & Caribbean ,1998,1859.73085887742,1748.92111971129
El Salvador,SLV,Latin America & Caribbean ,1999,1908.0804545224,1859.73085887742
El Salvador,SLV,Latin America & Caribbean ,2000,1982.87093542615,1908.0804545224
El Salvador,SLV,Latin America & Caribbean ,2001,2058.04459070452,1982.87093542615
El Salvador,SLV,Latin America & Caribbean ,2002,2115.41187355626,2058.04459070452
El Salvador,SLV,Latin America & Caribbean ,2003,2207.83089518069,2115.41187355626
El Salvador,SLV,Latin America & Caribbean ,2004,2285.68907438892,2207.83089518069
El Salvador,SLV,Latin America & Caribbean ,2005,2447.39140845394,2285.68907438892
El Salvador,SLV,Latin America & Caribbean ,2006,2665.61807194853,2447.39140845394
El Salvador,SLV,Latin America & Caribbean ,2007,2830.65693770733,2665.61807194853
El Salvador,SLV,Latin America & Caribbean ,2008,2983.24829577976,2830.65693770733
El Salvador,SLV,Latin America & Caribbean ,2009,2910.18651752011,2983.24829577976
El Salvador,SLV,Latin America & Caribbean ,2010,3040.07300952878,2910.18651752011
El Salvador,SLV,Latin America & Caribbean ,2011,3330.60049486653,3040.07300952878
El Salvador,SLV,Latin America & Caribbean ,2012,3497.91256915509,3330.60049486653
El Salvador,SLV,Latin America & Caribbean ,2013,3582.26694005169,3497.91256915509
El Salvador,SLV,Latin America & Caribbean ,2014,3666.01248913873,3582.26694005169
El Salvador,SLV,Latin America & Caribbean ,2015,3790.34089108162,3666.01248913873
El Salvador,SLV,Latin America & Caribbean ,2016,3901.34014965811,3790.34089108162
El Salvador,SLV,Latin America & Caribbean ,2017,4020.12671373919,3901.34014965811
El Salvador,SLV,Latin America & Caribbean ,2018,4183.54620971358,4020.12671373919
El Salvador,SLV,Latin America & Caribbean ,2019,4320.11671534627,4183.54620971358
El Salvador,SLV,Latin America & Caribbean ,2020,3997.19279583709,4320.11671534627
El Salvador,SLV,Latin America & Caribbean ,2021,4642.60743101342,3997.19279583709
El Salvador,SLV,Latin America & Caribbean ,2022,5074.60210221806,4642.60743101342
El Salvador,SLV,Latin America & Caribbean ,2023,5365.44491399171,5074.60210221806
El Salvador,SLV,Latin America & Caribbean ,2024,5579.65969165029,5365.44491399171
San Marino,SMR,Europe & Central Asia,2007,70124.4634385624,63270.7780755157
San Marino,SMR,Europe & Central Asia,2008,75902.1320521765,70124.4634385624
San Marino,SMR,Europe & Central Asia,2009,62428.9943269418,75902.1320521765
San Marino,SMR,Europe & Central Asia,2010,56543.1898204098,62428.9943269418
San Marino,SMR,Europe & Central Asia,2011,55601.3929703047,56543.1898204098
San Marino,SMR,Europe & Central Asia,2012,47945.8991734281,55601.3929703047
San Marino,SMR,Europe & Central Asia,2013,50807.8289138024,47945.8991734281
San Marino,SMR,Europe & Central Asia,2014,51260.4938347125,50807.8289138024
San Marino,SMR,Europe & Central Asia,2015,43146.8240435428,51260.4938347125
San Marino,SMR,Europe & Central Asia,2016,44359.4797662688,43146.8240435428
San Marino,SMR,Europe & Central Asia,2017,45192.0279766943,44359.4797662688
San Marino,SMR,Europe & Central Asia,2018,47950.6880557136,45192.0279766943
San Marino,SMR,Europe & Central Asia,2019,46630.1443120725,47950.6880557136
San Marino,SMR,Europe & Central Asia,2020,44326.9556746411,46630.1443120725
San Marino,SMR,Europe & Central Asia,2021,54176.4798021628,44326.9556746411
San Marino,SMR,Europe & Central Asia,2022,54190.8417700372,54176.4798021628
San Marino,SMR,Europe & Central Asia,2023,59879.7173015651,54190.8417700372
"Somalia, Fed. Rep.",SOM,Sub-Saharan Africa ,1970,93.0828499649358,84.1406268777878
"Somalia, Fed. Rep.",SOM,Sub-Saharan Africa ,1971,90.4292309374489,93.0828499649358
"Somalia, Fed. Rep.",SOM,Sub-Saharan Africa ,1972,113.69240195555,90.4292309374489
"Somalia, Fed. Rep.",SOM,Sub-Saharan Africa ,1973,119.562133453537,113.69240195555
"Somalia, Fed. Rep.",SOM,Sub-Saharan Africa ,1974,137.891575811774,119.562133453537
"Somalia, Fed. Rep.",SOM,Sub-Saharan Africa ,1975,177.806143412254,137.891575811774
"Somalia, Fed. Rep.",SOM,Sub-Saharan Africa ,1976,199.583547142014,177.806143412254
"Somalia, Fed. Rep.",SOM,Sub-Saharan Africa ,1977,111.183132355277,199.583547142014
"Somalia, Fed. Rep.",SOM,Sub-Saharan Africa ,1978,117.255345126001,111.183132355277
"Somalia, Fed. Rep.",SOM,Sub-Saharan Africa ,1979,108.194947756464,117.255345126001
"Somalia, Fed. Rep.",SOM,Sub-Saharan Africa ,1980,101.499312257078,108.194947756464
"Somalia, Fed. Rep.",SOM,Sub-Saharan Africa ,1981,116.884526594286,101.499312257078
"Somalia, Fed. Rep.",SOM,Sub-Saharan Africa ,1982,129.013919752012,116.884526594286
"Somalia, Fed. Rep.",SOM,Sub-Saharan Africa ,1983,118.644340868341,129.013919752012
"Somalia, Fed. Rep.",SOM,Sub-Saharan Africa ,1984,122.493293689734,118.644340868341
"Somalia, Fed. Rep.",SOM,Sub-Saharan Africa ,1985,130.832875614815,122.493293689734
"Somalia, Fed. Rep.",SOM,Sub-Saharan Africa ,1986,131.414859681198,130.832875614815
"Somalia, Fed. Rep.",SOM,Sub-Saharan Africa ,1987,140.969852181578,131.414859681198
"Somalia, Fed. Rep.",SOM,Sub-Saharan Africa ,1988,145.341346820158,140.969852181578
"Somalia, Fed. Rep.",SOM,Sub-Saharan Africa ,1989,166.042337271006,145.341346820158
"Somalia, Fed. Rep.",SOM,Sub-Saharan Africa ,1990,145.603501373513,166.042337271006
"Somalia, Fed. Rep.",SOM,Sub-Saharan Africa ,1991,105.37132651622,145.603501373513
"Somalia, Fed. Rep.",SOM,Sub-Saharan Africa ,1992,109.204910481074,105.37132651622
"Somalia, Fed. Rep.",SOM,Sub-Saharan Africa ,1993,188.603158677914,109.204910481074
"Somalia, Fed. Rep.",SOM,Sub-Saharan Africa ,1994,210.793779581384,188.603158677914
"Somalia, Fed. Rep.",SOM,Sub-Saharan Africa ,1995,210.673254610492,210.793779581384
"Somalia, Fed. Rep.",SOM,Sub-Saharan Africa ,1996,237.241440951671,210.673254610492
"Somalia, Fed. Rep.",SOM,Sub-Saharan Africa ,1997,280.112724233259,237.241440951671
"Somalia, Fed. Rep.",SOM,Sub-Saharan Africa ,1998,363.200013489992,280.112724233259
"Somalia, Fed. Rep.",SOM,Sub-Saharan Africa ,1999,358.658780828071,363.200013489992
"Somalia, Fed. Rep.",SOM,Sub-Saharan Africa ,2000,386.119274401275,358.658780828071
"Somalia, Fed. Rep.",SOM,Sub-Saharan Africa ,2001,244.914842538455,386.119274401275
"Somalia, Fed. Rep.",SOM,Sub-Saharan Africa ,2002,229.598918310039,244.914842538455
"Somalia, Fed. Rep.",SOM,Sub-Saharan Africa ,2003,286.273025198975,229.598918310039
"Somalia, Fed. Rep.",SOM,Sub-Saharan Africa ,2004,375.410326225387,286.273025198975
"Somalia, Fed. Rep.",SOM,Sub-Saharan Africa ,2005,439.979907805478,375.410326225387
"Somalia, Fed. Rep.",SOM,Sub-Saharan Africa ,2006,457.996662206659,439.979907805478
"Somalia, Fed. Rep.",SOM,Sub-Saharan Africa ,2007,479.635628065289,457.996662206659
"Somalia, Fed. Rep.",SOM,Sub-Saharan Africa ,2008,507.03744334738,479.635628065289
"Somalia, Fed. Rep.",SOM,Sub-Saharan Africa ,2009,246.513251675105,507.03744334738
"Somalia, Fed. Rep.",SOM,Sub-Saharan Africa ,2010,219.202453852397,246.513251675105
"Somalia, Fed. Rep.",SOM,Sub-Saharan Africa ,2011,235.325945610434,219.202453852397
"Somalia, Fed. Rep.",SOM,Sub-Saharan Africa ,2012,350.261946720512,235.325945610434
"Somalia, Fed. Rep.",SOM,Sub-Saharan Africa ,2013,393.398703952979,350.261946720512
"Somalia, Fed. Rep.",SOM,Sub-Saharan Africa ,2014,429.431656725102,393.398703952979
"Somalia, Fed. Rep.",SOM,Sub-Saharan Africa ,2015,445.583080073396,429.431656725102
"Somalia, Fed. Rep.",SOM,Sub-Saharan Africa ,2016,460.928490585175,445.583080073396
"Somalia, Fed. Rep.",SOM,Sub-Saharan Africa ,2017,510.939952317726,460.928490585175
"Somalia, Fed. Rep.",SOM,Sub-Saharan Africa ,2018,509.497273804534,510.939952317726
"Somalia, Fed. Rep.",SOM,Sub-Saharan Africa ,2019,539.954816211694,509.497273804534
"Somalia, Fed. Rep.",SOM,Sub-Saharan Africa ,2020,518.16113333875,539.954816211694
"Somalia, Fed. Rep.",SOM,Sub-Saharan Africa ,2021,549.056994756254,518.16113333875
"Somalia, Fed. Rep.",SOM,Sub-Saharan Africa ,2022,573.141165798229,549.056994756254
"Somalia, Fed. Rep.",SOM,Sub-Saharan Africa ,2023,596.885985135589,573.141165798229
"Somalia, Fed. Rep.",SOM,Sub-Saharan Africa ,2024,629.538899449007,596.885985135589
Serbia,SRB,Europe & Central Asia,2005,3807.97417321786,3597.08798057009
Serbia,SRB,Europe & Central Asia,2006,4492.7136699046,3807.97417321786
Serbia,SRB,Europe & Central Asia,2007,6081.08765700202,4492.7136699046
Serbia,SRB,Europe & Central Asia,2008,7376.73517910716,6081.08765700202
Serbia,SRB,Europe & Central Asia,2009,6414.0448463847,7376.73517910716
Serbia,SRB,Europe & Central Asia,2010,5970.92660940072,6414.0448463847
Serbia,SRB,Europe & Central Asia,2011,7082.2861666075,5970.92660940072
Serbia,SRB,Europe & Central Asia,2012,6263.04086072815,7082.2861666075
Serbia,SRB,Europe & Central Asia,2013,7040.41812068781,6263.04086072815
Serbia,SRB,Europe & Central Asia,2014,6886.67809068704,7040.41812068781
Serbia,SRB,Europe & Central Asia,2015,5820.3215576888,6886.67809068704
Serbia,SRB,Europe & Central Asia,2016,5982.37030126471,5820.3215576888
Serbia,SRB,Europe & Central Asia,2017,6548.03653824187,5982.37030126471
Serbia,SRB,Europe & Central Asia,2018,7559.86165747394,6548.03653824187
Serbia,SRB,Europe & Central Asia,2019,7755.632986437,7559.86165747394
Serbia,SRB,Europe & Central Asia,2020,8098.70955668849,7755.632986437
Serbia,SRB,Europe & Central Asia,2021,9680.52798074468,8098.70955668849
Serbia,SRB,Europe & Central Asia,2022,10024.8191112596,9680.52798074468
Serbia,SRB,Europe & Central Asia,2023,12281.707946167,10024.8191112596
Serbia,SRB,Europe & Central Asia,2024,13679.2065983557,12281.707946167
Sao Tome and Principe,STP,Sub-Saharan Africa ,1980,828.688007722406,683.1642785186
Sao Tome and Principe,STP,Sub-Saharan Africa ,1981,829.888818772033,828.688007722406
Sao Tome and Principe,STP,Sub-Saharan Africa ,1982,783.429221364288,829.888818772033
Sao Tome and Principe,STP,Sub-Saharan Africa ,1983,719.585065944304,783.429221364288
Sao Tome and Principe,STP,Sub-Saharan Africa ,1984,735.13352186245,719.585065944304
Sao Tome and Principe,STP,Sub-Saharan Africa ,1985,761.407990592529,735.13352186245
Sao Tome and Principe,STP,Sub-Saharan Africa ,1986,1042.99511241999,761.407990592529
Sao Tome and Principe,STP,Sub-Saharan Africa ,1987,1017.85413731046,1042.99511241999
Sao Tome and Principe,STP,Sub-Saharan Africa ,1988,846.60177007008,1017.85413731046
Sao Tome and Principe,STP,Sub-Saharan Africa ,1989,821.355129173615,846.60177007008
Sao Tome and Principe,STP,Sub-Saharan Africa ,1990,970.059625606155,821.355129173615
Sao Tome and Principe,STP,Sub-Saharan Africa ,1991,855.105075821698,970.059625606155
Sao Tome and Principe,STP,Sub-Saharan Africa ,1992,740.471318576498,855.105075821698
Sao Tome and Principe,STP,Sub-Saharan Africa ,1993,963.785698734091,740.471318576498
Sao Tome and Principe,STP,Sub-Saharan Africa ,1994,989.500757799244,963.785698734091
Sao Tome and Principe,STP,Sub-Saharan Africa ,1995,768.710751184259,989.500757799244
Sao Tome and Principe,STP,Sub-Saharan Africa ,1996,987.048712395264,768.710751184259
Sao Tome and Principe,STP,Sub-Saharan Africa ,1997,661.668232822488,987.048712395264
Sao Tome and Principe,STP,Sub-Saharan Africa ,1998,513.569380269738,661.668232822488
Sao Tome and Principe,STP,Sub-Saharan Africa ,1999,542.692548018387,513.569380269738
Sao Tome and Principe,STP,Sub-Saharan Africa ,2000,529.089383412262,542.692548018387
Sao Tome and Principe,STP,Sub-Saharan Africa ,2001,518.88050130005,529.089383412262
Sao Tome and Principe,STP,Sub-Saharan Africa ,2002,568.10257252271,518.88050130005
Sao Tome and Principe,STP,Sub-Saharan Africa ,2003,663.696211810494,568.10257252271
Sao Tome and Principe,STP,Sub-Saharan Africa ,2004,726.560882130444,663.696211810494
Sao Tome and Principe,STP,Sub-Saharan Africa ,2005,844.169181884274,726.560882130444
Sao Tome and Principe,STP,Sub-Saharan Africa ,2006,861.970707697664,844.169181884274
Sao Tome and Principe,STP,Sub-Saharan Africa ,2007,878.885791918745,861.970707697664
Sao Tome and Principe,STP,Sub-Saharan Africa ,2008,1081.8684584729,878.885791918745
Sao Tome and Principe,STP,Sub-Saharan Africa ,2009,1128.28046213305,1081.8684584729
Sao Tome and Principe,STP,Sub-Saharan Africa ,2010,1045.20958234528,1128.28046213305
Sao Tome and Principe,STP,Sub-Saharan Africa ,2011,1219.80189089671,1045.20958234528
Sao Tome and Principe,STP,Sub-Saharan Africa ,2012,1192.0202911189,1219.80189089671
Sao Tome and Principe,STP,Sub-Saharan Africa ,2013,1382.5757842916,1192.0202911189
Sao Tome and Principe,STP,Sub-Saharan Africa ,2014,1489.67633417608,1382.5757842916
Sao Tome and Principe,STP,Sub-Saharan Africa ,2015,1298.10946596396,1489.67633417608
Sao Tome and Principe,STP,Sub-Saharan Africa ,2016,1434.87018050521,1298.10946596396
Sao Tome and Principe,STP,Sub-Saharan Africa ,2017,1555.79477812888,1434.87018050521
Sao Tome and Principe,STP,Sub-Saharan Africa ,2018,1825.59971753966,1555.79477812888
Sao Tome and Principe,STP,Sub-Saharan Africa ,2019,1935.2931816596,1825.59971753966
Sao Tome and Principe,STP,Sub-Saharan Africa ,2020,2167.22001796925,1935.2931816596
Sao Tome and Principe,STP,Sub-Saharan Africa ,2021,2362.58827248102,2167.22001796925
Sao Tome and Principe,STP,Sub-Saharan Africa ,2022,2389.73729784737,2362.58827248102
Sao Tome and Principe,STP,Sub-Saharan Africa ,2023,2990.6606143535,2389.73729784737
Sao Tome and Principe,STP,Sub-Saharan Africa ,2024,3490.56883486557,2990.6606143535
Suriname,SUR,Latin America & Caribbean ,1970,724.484901513275,707.674445225753
Suriname,SUR,Latin America & Caribbean ,1971,767.990365675678,724.484901513275
Suriname,SUR,Latin America & Caribbean ,1972,784.951674957789,767.990365675678
Suriname,SUR,Latin America & Caribbean ,1973,857.69079166793,784.951674957789
Suriname,SUR,Latin America & Caribbean ,1974,1041.08454668306,857.69079166793
Suriname,SUR,Latin America & Caribbean ,1975,1190.01968453614,1041.08454668306
Suriname,SUR,Latin America & Caribbean ,1976,1301.86536317022,1190.01968453614
Suriname,SUR,Latin America & Caribbean ,1977,1665.94384873282,1301.86536317022
Suriname,SUR,Latin America & Caribbean ,1978,1927.90601359888,1665.94384873282
Suriname,SUR,Latin America & Caribbean ,1979,2072.28775271317,1927.90601359888
Suriname,SUR,Latin America & Caribbean ,1980,2117.87083385503,2072.28775271317
Suriname,SUR,Latin America & Caribbean ,1981,2367.76851800063,2117.87083385503
Suriname,SUR,Latin America & Caribbean ,1982,2429.92391549707,2367.76851800063
Suriname,SUR,Latin America & Caribbean ,1983,2332.69790308016,2429.92391549707
Suriname,SUR,Latin America & Caribbean ,1984,2260.63794993629,2332.69790308016
Suriname,SUR,Latin America & Caribbean ,1985,2255.97717664327,2260.63794993629
Suriname,SUR,Latin America & Caribbean ,1986,2271.04733260266,2255.97717664327
Suriname,SUR,Latin America & Caribbean ,1987,2469.06737278634,2271.04733260266
Suriname,SUR,Latin America & Caribbean ,1988,2886.42980207694,2469.06737278634
Suriname,SUR,Latin America & Caribbean ,1989,1328.57013435061,2886.42980207694
Suriname,SUR,Latin America & Caribbean ,1990,941.591736102188,1328.57013435061
Suriname,SUR,Latin America & Caribbean ,1991,1079.72521342705,941.591736102188
Suriname,SUR,Latin America & Caribbean ,1992,968.895253466926,1079.72521342705
Suriname,SUR,Latin America & Caribbean ,1993,1022.44583519896,968.895253466926
Suriname,SUR,Latin America & Caribbean ,1994,1433.54255652781,1022.44583519896
Suriname,SUR,Latin America & Caribbean ,1995,1609.82504373206,1433.54255652781
Suriname,SUR,Latin America & Caribbean ,1996,1962.88495820295,1609.82504373206
Suriname,SUR,Latin America & Caribbean ,1997,2067.59814938391,1962.88495820295
Suriname,SUR,Latin America & Caribbean ,1998,2428.58641994202,2067.59814938391
Suriname,SUR,Latin America & Caribbean ,1999,1898.1801816053,2428.58641994202
Suriname,SUR,Latin America & Caribbean ,2000,1988.22172925433,1898.1801816053
Suriname,SUR,Latin America & Caribbean ,2001,1714.64846637242,1988.22172925433
Suriname,SUR,Latin America & Caribbean ,2002,2202.340682196,1714.64846637242
Suriname,SUR,Latin America & Caribbean ,2003,2516.10404020956,2202.340682196
Suriname,SUR,Latin America & Caribbean ,2004,2887.7721728844,2516.10404020956
Suriname,SUR,Latin America & Caribbean ,2005,3453.42865937765,2887.7721728844
Suriname,SUR,Latin America & Caribbean ,2006,5002.65798695759,3453.42865937765
Suriname,SUR,Latin America & Caribbean ,2007,5530.17615638309,5002.65798695759
Suriname,SUR,Latin America & Caribbean ,2008,6576.08546307249,5530.17615638309
Suriname,SUR,Latin America & Caribbean ,2009,7129.5768626291,6576.08546307249
Suriname,SUR,Latin America & Caribbean ,2010,7943.60482816915,7129.5768626291
Suriname,SUR,Latin America & Caribbean ,2011,7949.88867218383,7943.60482816915
Suriname,SUR,Latin America & Caribbean ,2012,8851.24050668908,7949.88867218383
Suriname,SUR,Latin America & Caribbean ,2013,9043.19281529222,8851.24050668908
Suriname,SUR,Latin America & Caribbean ,2014,9108.18905406764,9043.19281529222
Suriname,SUR,Latin America & Caribbean ,2015,8813.61705392067,9108.18905406764
Suriname,SUR,Latin America & Caribbean ,2016,5644.2061057532,8813.61705392067
Suriname,SUR,Latin America & Caribbean ,2017,6049.52128553675,5644.2061057532
Suriname,SUR,Latin America & Caribbean ,2018,6665.74180472239,6049.52128553675
Suriname,SUR,Latin America & Caribbean ,2019,6629.66775248603,6665.74180472239
Suriname,SUR,Latin America & Caribbean ,2020,4755.39221710693,6629.66775248603
Suriname,SUR,Latin America & Caribbean ,2021,5029.84838543953,4755.39221710693
Suriname,SUR,Latin America & Caribbean ,2022,6084.43876736445,5029.84838543953
Suriname,SUR,Latin America & Caribbean ,2023,5521.97602122638,6084.43876736445
Suriname,SUR,Latin America & Caribbean ,2024,6961.78955961526,5521.97602122638
Slovak Republic,SVK,Europe & Central Asia,2000,5421.6448441887,5651.62327514236
Slovak Republic,SVK,Europe & Central Asia,2001,5712.47802761654,5421.6448441887
Slovak Republic,SVK,Europe & Central Asia,2002,6554.62808369461,5712.47802761654
Slovak Republic,SVK,Europe & Central Asia,2003,8675.39633696465,6554.62808369461
Slovak Republic,SVK,Europe & Central Asia,2004,10650.1290097126,8675.39633696465
Slovak Republic,SVK,Europe & Central Asia,2005,11641.5410321763,10650.1290097126
Slovak Republic,SVK,Europe & Central Asia,2006,13167.8954730379,11641.5410321763
Slovak Republic,SVK,Europe & Central Asia,2007,16110.4817265237,13167.8954730379
Slovak Republic,SVK,Europe & Central Asia,2008,18744.3192278346,16110.4817265237
Slovak Republic,SVK,Europe & Central Asia,2009,16586.7527805228,18744.3192278346
Slovak Republic,SVK,Europe & Central Asia,2010,16899.448680529,16586.7527805228
Slovak Republic,SVK,Europe & Central Asia,2011,18469.4354316836,16899.448680529
Slovak Republic,SVK,Europe & Central Asia,2012,17516.9691054078,18469.4354316836
Slovak Republic,SVK,Europe & Central Asia,2013,18312.7805149823,17516.9691054078
Slovak Republic,SVK,Europe & Central Asia,2014,18770.9289896545,18312.7805149823
Slovak Republic,SVK,Europe & Central Asia,2015,16442.0760860018,18770.9289896545
Slovak Republic,SVK,Europe & Central Asia,2016,16636.0769133073,16442.0760860018
Slovak Republic,SVK,Europe & Central Asia,2017,17645.5298716761,16636.0769133073
Slovak Republic,SVK,Europe & Central Asia,2018,19573.3717031314,17645.5298716761
Slovak Republic,SVK,Europe & Central Asia,2019,19406.0589683582,19573.3717031314
Slovak Republic,SVK,Europe & Central Asia,2020,19735.4858280801,19406.0589683582
Slovak Republic,SVK,Europe & Central Asia,2021,22123.3342114545,19735.4858280801
Slovak Republic,SVK,Europe & Central Asia,2022,21317.7943982363,22123.3342114545
Slovak Republic,SVK,Europe & Central Asia,2023,24614.8734642794,21317.7943982363
Slovak Republic,SVK,Europe & Central Asia,2024,25992.6748502048,24614.8734642794
Slovenia,SVN,Europe & Central Asia,2000,10135.7219109212,11401.4906790909
Slovenia,SVN,Europe & Central Asia,2001,10375.6255869861,10135.7219109212
Slovenia,SVN,Europe & Central Asia,2002,11639.1297780477,10375.6255869861
Slovenia,SVN,Europe & Central Asia,2003,14711.674874253,11639.1297780477
Slovenia,SVN,Europe & Central Asia,2004,17103.8297783905,14711.674874253
Slovenia,SVN,Europe & Central Asia,2005,17969.7095907161,17103.8297783905
Slovenia,SVN,Europe & Central Asia,2006,19563.005059144,17969.7095907161
Slovenia,SVN,Europe & Central Asia,2007,23725.1596001515,19563.005059144
Slovenia,SVN,Europe & Central Asia,2008,27461.9764165315,23725.1596001515
Slovenia,SVN,Europe & Central Asia,2009,24501.7897290425,27461.9764165315
Slovenia,SVN,Europe & Central Asia,2010,23329.8417691156,24501.7897290425
Slovenia,SVN,Europe & Central Asia,2011,24940.6284841605,23329.8417691156
Slovenia,SVN,Europe & Central Asia,2012,22442.1417859955,24940.6284841605
Slovenia,SVN,Europe & Central Asia,2013,23236.9655321695,22442.1417859955
Slovenia,SVN,Europe & Central Asia,2014,24013.0682060959,23236.9655321695
Slovenia,SVN,Europe & Central Asia,2015,20697.2748530619,24013.0682060959
Slovenia,SVN,Europe & Central Asia,2016,21447.8377796036,20697.2748530619
Slovenia,SVN,Europe & Central Asia,2017,23303.077705959,21447.8377796036
Slovenia,SVN,Europe & Central Asia,2018,25888.0481065655,23303.077705959
Slovenia,SVN,Europe & Central Asia,2019,25814.1687167572,25888.0481065655
Slovenia,SVN,Europe & Central Asia,2020,25392.0651093612,25814.1687167572
Slovenia,SVN,Europe & Central Asia,2021,29192.8401933019,25392.0651093612
Slovenia,SVN,Europe & Central Asia,2022,28360.3041467268,29192.8401933019
Slovenia,SVN,Europe & Central Asia,2023,32660.4753581346,28360.3041467268
Slovenia,SVN,Europe & Central Asia,2024,34301.0318686594,32660.4753581346
Sweden,SWE,Europe & Central Asia,1970,4729.35071602705,4262.92603293035
Sweden,SWE,Europe & Central Asia,1971,5125.27034757101,4729.35071602705
Sweden,SWE,Europe & Central Asia,1972,6018.39052977191,5125.27034757101
Sweden,SWE,Europe & Central Asia,1973,7290.6303239401,6018.39052977191
Sweden,SWE,Europe & Central Asia,1974,8078.18604272449,7290.6303239401
Sweden,SWE,Europe & Central Asia,1975,10102.6388909372,8078.18604272449
Sweden,SWE,Europe & Central Asia,1976,10852.5192441428,10102.6388909372
Sweden,SWE,Europe & Central Asia,1977,11432.0214920218,10852.5192441428
Sweden,SWE,Europe & Central Asia,1978,12602.2217238449,11432.0214920218
Sweden,SWE,Europe & Central Asia,1979,14855.5957561141,12602.2217238449
Sweden,SWE,Europe & Central Asia,1980,17073.0446711494,14855.5957561141
Sweden,SWE,Europe & Central Asia,1981,15563.8332773497,17073.0446711494
Sweden,SWE,Europe & Central Asia,1982,13719.0538964279,15563.8332773497
Sweden,SWE,Europe & Central Asia,1983,12589.950077442,13719.0538964279
Sweden,SWE,Europe & Central Asia,1984,13080.0302290066,12589.950077442
Sweden,SWE,Europe & Central Asia,1985,13647.0439039697,13080.0302290066
Sweden,SWE,Europe & Central Asia,1986,17954.9510185679,13647.0439039697
Sweden,SWE,Europe & Central Asia,1987,21760.9646490625,17954.9510185679
Sweden,SWE,Europe & Central Asia,1988,24499.1240758517,21760.9646490625
Sweden,SWE,Europe & Central Asia,1989,25625.0162127747,24499.1240758517
Sweden,SWE,Europe & Central Asia,1990,30549.3185706762,25625.0162127747
Sweden,SWE,Europe & Central Asia,1991,31776.6680192213,30549.3185706762
Sweden,SWE,Europe & Central Asia,1992,32753.4287003642,31776.6680192213
Sweden,SWE,Europe & Central Asia,1993,24389.8738124128,32753.4287003642
Sweden,SWE,Europe & Central Asia,1994,26045.5196995275,24389.8738124128
Sweden,SWE,Europe & Central Asia,1995,30254.0273028727,26045.5196995275
Sweden,SWE,Europe & Central Asia,1996,33022.2444768661,30254.0273028727
Sweden,SWE,Europe & Central Asia,1997,30324.1845796306,33022.2444768661
Sweden,SWE,Europe & Central Asia,1998,30605.3669074811,30324.1845796306
Sweden,SWE,Europe & Central Asia,1999,30968.8710702052,30605.3669074811
Sweden,SWE,Europe & Central Asia,2000,29632.5890811623,30968.8710702052
Sweden,SWE,Europe & Central Asia,2001,27259.3174300217,29632.5890811623
Sweden,SWE,Europe & Central Asia,2002,29957.7776664916,27259.3174300217
Sweden,SWE,Europe & Central Asia,2003,37292.2419727801,29957.7776664916
Sweden,SWE,Europe & Central Asia,2004,42758.0048564929,37292.2419727801
Sweden,SWE,Europe & Central Asia,2005,43378.4077394363,42758.0048564929
Sweden,SWE,Europe & Central Asia,2006,46531.3762240485,43378.4077394363
Sweden,SWE,Europe & Central Asia,2007,53568.3057787832,46531.3762240485
Sweden,SWE,Europe & Central Asia,2008,55817.1759726485,53568.3057787832
Sweden,SWE,Europe & Central Asia,2009,46707.6425044751,55817.1759726485
Sweden,SWE,Europe & Central Asia,2010,52542.5759090299,46707.6425044751
Sweden,SWE,Europe & Central Asia,2011,60379.4814599322,52542.5759090299
Sweden,SWE,Europe & Central Asia,2012,57749.5615420853,60379.4814599322
Sweden,SWE,Europe & Central Asia,2013,60843.9888799369,57749.5615420853
Sweden,SWE,Europe & Central Asia,2014,59583.4584491714,60843.9888799369
Sweden,SWE,Europe & Central Asia,2015,51188.1652120493,59583.4584491714
Sweden,SWE,Europe & Central Asia,2016,51703.5088332851,51188.1652120493
Sweden,SWE,Europe & Central Asia,2017,53210.2233318965,51703.5088332851
Sweden,SWE,Europe & Central Asia,2018,54018.4554391861,53210.2233318965
Sweden,SWE,Europe & Central Asia,2019,51648.9892820514,54018.4554391861
Sweden,SWE,Europe & Central Asia,2020,52568.5726980146,51648.9892820514
Sweden,SWE,Europe & Central Asia,2021,60647.5416365347,52568.5726980146
Sweden,SWE,Europe & Central Asia,2022,54836.8907235124,60647.5416365347
Sweden,SWE,Europe & Central Asia,2023,54950.2834725622,54836.8907235124
Sweden,SWE,Europe & Central Asia,2024,57117.4877440616,54950.2834725622
Eswatini,SWZ,Sub-Saharan Africa ,1970,254.161125489597,245.233981580731
Eswatini,SWZ,Sub-Saharan Africa ,1971,301.119152172814,254.161125489597
Eswatini,SWZ,Sub-Saharan Africa ,1972,315.028466244508,301.119152172814
Eswatini,SWZ,Sub-Saharan Africa ,1973,463.251615844177,315.028466244508
Eswatini,SWZ,Sub-Saharan Africa ,1974,536.161003835798,463.251615844177
Eswatini,SWZ,Sub-Saharan Africa ,1975,567.884816620216,536.161003835798
Eswatini,SWZ,Sub-Saharan Africa ,1976,520.799625738095,567.884816620216
Eswatini,SWZ,Sub-Saharan Africa ,1977,562.711578492044,520.799625738095
Eswatini,SWZ,Sub-Saharan Africa ,1978,609.960650013647,562.711578492044
Eswatini,SWZ,Sub-Saharan Africa ,1979,713.953305118319,609.960650013647
Eswatini,SWZ,Sub-Saharan Africa ,1980,908.375601827987,713.953305118319
Eswatini,SWZ,Sub-Saharan Africa ,1981,925.368712517647,908.375601827987
Eswatini,SWZ,Sub-Saharan Africa ,1982,843.043006864844,925.368712517647
Eswatini,SWZ,Sub-Saharan Africa ,1983,842.750203378801,843.043006864844
Eswatini,SWZ,Sub-Saharan Africa ,1984,726.345118603826,842.750203378801
Eswatini,SWZ,Sub-Saharan Africa ,1985,509.885951472336,726.345118603826
Eswatini,SWZ,Sub-Saharan Africa ,1986,611.298158219647,509.885951472336
Eswatini,SWZ,Sub-Saharan Africa ,1987,764.752134047322,611.298158219647
Eswatini,SWZ,Sub-Saharan Africa ,1988,865.25154443731,764.752134047322
Eswatini,SWZ,Sub-Saharan Africa ,1989,831.847150129225,865.25154443731
Eswatini,SWZ,Sub-Saharan Africa ,1990,1277.69173005665,831.847150129225
Eswatini,SWZ,Sub-Saharan Africa ,1991,1273.01224518903,1277.69173005665
Eswatini,SWZ,Sub-Saharan Africa ,1992,1361.8169795148,1273.01224518903
Eswatini,SWZ,Sub-Saharan Africa ,1993,1397.26593317978,1361.8169795148
Eswatini,SWZ,Sub-Saharan Africa ,1994,1461.36400128736,1397.26593317978
Eswatini,SWZ,Sub-Saharan Africa ,1995,1750.75400773784,1461.36400128736
Eswatini,SWZ,Sub-Saharan Africa ,1996,1619.19119707662,1750.75400773784
Eswatini,SWZ,Sub-Saharan Africa ,1997,1705.39874942229,1619.19119707662
Eswatini,SWZ,Sub-Saharan Africa ,1998,1546.51519325373,1705.39874942229
Eswatini,SWZ,Sub-Saharan Africa ,1999,1501.66426653189,1546.51519325373
Eswatini,SWZ,Sub-Saharan Africa ,2000,1629.67038842815,1501.66426653189
Eswatini,SWZ,Sub-Saharan Africa ,2001,1429.85630359447,1629.67038842815
Eswatini,SWZ,Sub-Saharan Africa ,2002,1315.73634647994,1429.85630359447
Eswatini,SWZ,Sub-Saharan Africa ,2003,2015.21743065251,1315.73634647994
Eswatini,SWZ,Sub-Saharan Africa ,2004,2525.5640452625,2015.21743065251
Eswatini,SWZ,Sub-Saharan Africa ,2005,2871.06877437449,2525.5640452625
Eswatini,SWZ,Sub-Saharan Africa ,2006,2964.95865200682,2871.06877437449
Eswatini,SWZ,Sub-Saharan Africa ,2007,3109.11097608864,2964.95865200682
Eswatini,SWZ,Sub-Saharan Africa ,2008,2946.8606613746,3109.11097608864
Eswatini,SWZ,Sub-Saharan Africa ,2009,3189.79679956637,2946.8606613746
Eswatini,SWZ,Sub-Saharan Africa ,2010,3922.74039390733,3189.79679956637
Eswatini,SWZ,Sub-Saharan Africa ,2011,4225.06049411911,3922.74039390733
Eswatini,SWZ,Sub-Saharan Africa ,2012,4224.54789174487,4225.06049411911
Eswatini,SWZ,Sub-Saharan Africa ,2013,3949.94310039907,4224.54789174487
Eswatini,SWZ,Sub-Saharan Africa ,2014,3771.07228381938,3949.94310039907
Eswatini,SWZ,Sub-Saharan Africa ,2015,3419.82276559528,3771.07228381938
Eswatini,SWZ,Sub-Saharan Africa ,2016,3238.17611961364,3419.82276559528
Eswatini,SWZ,Sub-Saharan Africa ,2017,3853.09956569679,3238.17611961364
Eswatini,SWZ,Sub-Saharan Africa ,2018,3972.65450620357,3853.09956569679
Eswatini,SWZ,Sub-Saharan Africa ,2019,3913.14577547336,3972.65450620357
Eswatini,SWZ,Sub-Saharan Africa ,2020,3466.56936278145,3913.14577547336
Eswatini,SWZ,Sub-Saharan Africa ,2021,3984.00229174306,3466.56936278145
Eswatini,SWZ,Sub-Saharan Africa ,2022,3894.1620089869,3984.00229174306
Eswatini,SWZ,Sub-Saharan Africa ,2023,3755.52111232464,3894.1620089869
Eswatini,SWZ,Sub-Saharan Africa ,2024,3909.55892378182,3755.52111232464
Sint Maarten (Dutch part),SXM,Latin America & Caribbean ,2019,34861.469528968,31708.3110124742
Sint Maarten (Dutch part),SXM,Latin America & Caribbean ,2020,30150.8998380477,34861.469528968
Sint Maarten (Dutch part),SXM,Latin America & Caribbean ,2021,32548.4366854902,30150.8998380477
Sint Maarten (Dutch part),SXM,Latin America & Caribbean ,2022,37793.1284399157,32548.4366854902
Sint Maarten (Dutch part),SXM,Latin America & Caribbean ,2023,39451.8223361963,37793.1284399157
Sint Maarten (Dutch part),SXM,Latin America & Caribbean ,2024,41472.5874498583,39451.8223361963
Seychelles,SYC,Sub-Saharan Africa ,1970,343.88118849057,314.179858636278
Seychelles,SYC,Sub-Saharan Africa ,1971,401.608022143052,343.88118849057
Seychelles,SYC,Sub-Saharan Africa ,1972,546.951095334072,401.608022143052
Seychelles,SYC,Sub-Saharan Africa ,1973,648.531963657638,546.951095334072
Seychelles,SYC,Sub-Saharan Africa ,1974,744.506898260813,648.531963657638
Seychelles,SYC,Sub-Saharan Africa ,1975,806.232644338165,744.506898260813
Seychelles,SYC,Sub-Saharan Africa ,1976,814.47477447888,806.232644338165
Seychelles,SYC,Sub-Saharan Africa ,1977,1044.35311338903,814.47477447888
Seychelles,SYC,Sub-Saharan Africa ,1978,1376.5465132826,1044.35311338903
Seychelles,SYC,Sub-Saharan Africa ,1979,2030.13590313409,1376.5465132826
Seychelles,SYC,Sub-Saharan Africa ,1980,2478.36470343969,2030.13590313409
Seychelles,SYC,Sub-Saharan Africa ,1981,2557.20665504671,2478.36470343969
Seychelles,SYC,Sub-Saharan Africa ,1982,2440.6841742286,2557.20665504671
Seychelles,SYC,Sub-Saharan Africa ,1983,2426.33460826276,2440.6841742286
Seychelles,SYC,Sub-Saharan Africa ,1984,2487.64499220084,2426.33460826276
Seychelles,SYC,Sub-Saharan Africa ,1985,2754.14571028218,2487.64499220084
Seychelles,SYC,Sub-Saharan Africa ,1986,3368.4740950781,2754.14571028218
Seychelles,SYC,Sub-Saharan Africa ,1987,3871.77851995844,3368.4740950781
Seychelles,SYC,Sub-Saharan Africa ,1988,4392.19864861545,3871.77851995844
Seychelles,SYC,Sub-Saharan Africa ,1989,4689.1345079999,4392.19864861545
Seychelles,SYC,Sub-Saharan Africa ,1990,5642.072897243,4689.1345079999
Seychelles,SYC,Sub-Saharan Africa ,1991,5654.63975724251,5642.072897243
Seychelles,SYC,Sub-Saharan Africa ,1992,6520.48950519188,5654.63975724251
Seychelles,SYC,Sub-Saharan Africa ,1993,6978.68075445824,6520.48950519188
Seychelles,SYC,Sub-Saharan Africa ,1994,6974.86770636796,6978.68075445824
Seychelles,SYC,Sub-Saharan Africa ,1995,7180.66832748656,6974.86770636796
Seychelles,SYC,Sub-Saharan Africa ,1996,7004.33603896356,7180.66832748656
Seychelles,SYC,Sub-Saharan Africa ,1997,7746.69851330444,7004.33603896356
Seychelles,SYC,Sub-Saharan Africa ,1998,8209.51444287,7746.69851330444
Seychelles,SYC,Sub-Saharan Africa ,1999,8243.23610099084,8209.51444287
Seychelles,SYC,Sub-Saharan Africa ,2000,8063.65500575169,8243.23610099084
Seychelles,SYC,Sub-Saharan Africa ,2001,8153.2986369879,8063.65500575169
Seychelles,SYC,Sub-Saharan Africa ,2002,8864.16919495467,8153.2986369879
Seychelles,SYC,Sub-Saharan Africa ,2003,9070.28460757013,8864.16919495467
Seychelles,SYC,Sub-Saharan Africa ,2004,10827.671636033,9070.28460757013
Seychelles,SYC,Sub-Saharan Africa ,2005,11802.1118276833,10827.671636033
Seychelles,SYC,Sub-Saharan Africa ,2006,12782.9938926475,11802.1118276833
Seychelles,SYC,Sub-Saharan Africa ,2007,12669.3026687222,12782.9938926475
Seychelles,SYC,Sub-Saharan Africa ,2008,11265.4376270005,12669.3026687222
Seychelles,SYC,Sub-Saharan Africa ,2009,9747.09180546291,11265.4376270005
Seychelles,SYC,Sub-Saharan Africa ,2010,10934.79494629,9747.09180546291
Seychelles,SYC,Sub-Saharan Africa ,2011,12110.0937461973,10934.79494629
Seychelles,SYC,Sub-Saharan Africa ,2012,12337.1554669388,12110.0937461973
Seychelles,SYC,Sub-Saharan Africa ,2013,14821.2921476077,12337.1554669388
Seychelles,SYC,Sub-Saharan Africa ,2014,15188.1902175113,14821.2921476077
Seychelles,SYC,Sub-Saharan Africa ,2015,15333.1051727105,15188.1902175113
Seychelles,SYC,Sub-Saharan Africa ,2016,16566.9946042294,15333.1051727105
Seychelles,SYC,Sub-Saharan Africa ,2017,17480.3651911372,16566.9946042294
Seychelles,SYC,Sub-Saharan Africa ,2018,18440.2340460932,17480.3651911372
Seychelles,SYC,Sub-Saharan Africa ,2019,19141.5118743615,18440.2340460932
Seychelles,SYC,Sub-Saharan Africa ,2020,14041.4754074575,19141.5118743615
Seychelles,SYC,Sub-Saharan Africa ,2021,14982.9111487767,14041.4754074575
Seychelles,SYC,Sub-Saharan Africa ,2022,16836.6721895387,14982.9111487767
Seychelles,SYC,Sub-Saharan Africa ,2023,18262.7115849287,16836.6721895387
Seychelles,SYC,Sub-Saharan Africa ,2024,17858.8226383978,18262.7115849287
Syrian Arab Republic,SYR,"Middle East, North Africa, Afghanistan & Pakistan",1970,335.451366800943,363.554844445761
Syrian Arab Republic,SYR,"Middle East, North Africa, Afghanistan & Pakistan",1971,392.515069525448,335.451366800943
Syrian Arab Republic,SYR,"Middle East, North Africa, Afghanistan & Pakistan",1972,448.237758556479,392.515069525448
Syrian Arab Republic,SYR,"Middle East, North Africa, Afghanistan & Pakistan",1973,458.830061186419,448.237758556479
Syrian Arab Republic,SYR,"Middle East, North Africa, Afghanistan & Pakistan",1974,706.579580221326,458.830061186419
Syrian Arab Republic,SYR,"Middle East, North Africa, Afghanistan & Pakistan",1975,903.713462066405,706.579580221326
Syrian Arab Republic,SYR,"Middle East, North Africa, Afghanistan & Pakistan",1976,976.48924016597,903.713462066405
Syrian Arab Republic,SYR,"Middle East, North Africa, Afghanistan & Pakistan",1977,951.240398587355,976.48924016597
Syrian Arab Republic,SYR,"Middle East, North Africa, Afghanistan & Pakistan",1978,1107.78304477534,951.240398587355
Syrian Arab Republic,SYR,"Middle East, North Africa, Afghanistan & Pakistan",1979,1146.36179260974,1107.78304477534
Syrian Arab Republic,SYR,"Middle East, North Africa, Afghanistan & Pakistan",1980,1458.23976434095,1146.36179260974
Syrian Arab Republic,SYR,"Middle East, North Africa, Afghanistan & Pakistan",1981,1675.79747403807,1458.23976434095
Syrian Arab Republic,SYR,"Middle East, North Africa, Afghanistan & Pakistan",1982,1702.68062491316,1675.79747403807
Syrian Arab Republic,SYR,"Middle East, North Africa, Afghanistan & Pakistan",1983,1775.83203705709,1702.68062491316
Syrian Arab Republic,SYR,"Middle East, North Africa, Afghanistan & Pakistan",1984,1706.21944810524,1775.83203705709
Syrian Arab Republic,SYR,"Middle East, North Africa, Afghanistan & Pakistan",1985,1543.7649395519,1706.21944810524
Syrian Arab Republic,SYR,"Middle East, North Africa, Afghanistan & Pakistan",1986,1208.16084262217,1543.7649395519
Syrian Arab Republic,SYR,"Middle East, North Africa, Afghanistan & Pakistan",1987,997.128134355135,1208.16084262217
Syrian Arab Republic,SYR,"Middle East, North Africa, Afghanistan & Pakistan",1988,897.70876335774,997.128134355135
Syrian Arab Republic,SYR,"Middle East, North Africa, Afghanistan & Pakistan",1989,809.044028162459,897.70876335774
Syrian Arab Republic,SYR,"Middle East, North Africa, Afghanistan & Pakistan",1990,978.489616979607,809.044028162459
Syrian Arab Republic,SYR,"Middle East, North Africa, Afghanistan & Pakistan",1991,1000.07798684947,978.489616979607
Syrian Arab Republic,SYR,"Middle East, North Africa, Afghanistan & Pakistan",1992,990.138251191708,1000.07798684947
Syrian Arab Republic,SYR,"Middle East, North Africa, Afghanistan & Pakistan",1993,992.771367475098,990.138251191708
Syrian Arab Republic,SYR,"Middle East, North Africa, Afghanistan & Pakistan",1994,712.387716635783,992.771367475098
Syrian Arab Republic,SYR,"Middle East, North Africa, Afghanistan & Pakistan",1995,779.699100153744,712.387716635783
Syrian Arab Republic,SYR,"Middle East, North Africa, Afghanistan & Pakistan",1996,918.195857362788,779.699100153744
Syrian Arab Republic,SYR,"Middle East, North Africa, Afghanistan & Pakistan",1997,940.826589804978,918.195857362788
Syrian Arab Republic,SYR,"Middle East, North Africa, Afghanistan & Pakistan",1998,960.837504927725,940.826589804978
Syrian Arab Republic,SYR,"Middle East, North Africa, Afghanistan & Pakistan",1999,978.17453169496,960.837504927725
Syrian Arab Republic,SYR,"Middle East, North Africa, Afghanistan & Pakistan",2000,1138.1884854278,978.17453169496
Syrian Arab Republic,SYR,"Middle East, North Africa, Afghanistan & Pakistan",2001,1186.82913474027,1138.1884854278
Syrian Arab Republic,SYR,"Middle East, North Africa, Afghanistan & Pakistan",2002,1183.2473451033,1186.82913474027
Syrian Arab Republic,SYR,"Middle East, North Africa, Afghanistan & Pakistan",2003,1220.179077256,1183.2473451033
Syrian Arab Republic,SYR,"Middle East, North Africa, Afghanistan & Pakistan",2004,1368.1148230028,1220.179077256
Syrian Arab Republic,SYR,"Middle East, North Africa, Afghanistan & Pakistan",2005,1533.90166536568,1368.1148230028
Syrian Arab Republic,SYR,"Middle East, North Africa, Afghanistan & Pakistan",2006,1718.78347217338,1533.90166536568
Syrian Arab Republic,SYR,"Middle East, North Africa, Afghanistan & Pakistan",2007,1937.61138578027,1718.78347217338
Syrian Arab Republic,SYR,"Middle East, North Africa, Afghanistan & Pakistan",2008,2429.12477087189,1937.61138578027
Syrian Arab Republic,SYR,"Middle East, North Africa, Afghanistan & Pakistan",2009,2462.20193643202,2429.12477087189
Syrian Arab Republic,SYR,"Middle East, North Africa, Afghanistan & Pakistan",2010,2730.61477118949,2462.20193643202
Syrian Arab Republic,SYR,"Middle East, North Africa, Afghanistan & Pakistan",2011,2952.14349372257,2730.61477118949
Syrian Arab Republic,SYR,"Middle East, North Africa, Afghanistan & Pakistan",2012,1897.66115018696,2952.14349372257
Syrian Arab Republic,SYR,"Middle East, North Africa, Afghanistan & Pakistan",2013,985.892669227054,1897.66115018696
Syrian Arab Republic,SYR,"Middle East, North Africa, Afghanistan & Pakistan",2014,1060.59105886854,985.892669227054
Syrian Arab Republic,SYR,"Middle East, North Africa, Afghanistan & Pakistan",2015,847.731631942565,1060.59105886854
Syrian Arab Republic,SYR,"Middle East, North Africa, Afghanistan & Pakistan",2016,656.3490586313,847.731631942565
Syrian Arab Republic,SYR,"Middle East, North Africa, Afghanistan & Pakistan",2017,851.502005254153,656.3490586313
Syrian Arab Republic,SYR,"Middle East, North Africa, Afghanistan & Pakistan",2018,1098.0668642357,851.502005254153
Syrian Arab Republic,SYR,"Middle East, North Africa, Afghanistan & Pakistan",2019,1109.53926036049,1098.0668642357
Syrian Arab Republic,SYR,"Middle East, North Africa, Afghanistan & Pakistan",2020,572.355289831901,1109.53926036049
Syrian Arab Republic,SYR,"Middle East, North Africa, Afghanistan & Pakistan",2021,663.614245706815,572.355289831901
Syrian Arab Republic,SYR,"Middle East, North Africa, Afghanistan & Pakistan",2022,1051.67149587463,663.614245706815
Turks and Caicos Islands,TCA,Latin America & Caribbean ,2011,27327.4006354146,23093.8498268267
Turks and Caicos Islands,TCA,Latin America & Caribbean ,2012,25923.6156503875,27327.4006354146
Turks and Caicos Islands,TCA,Latin America & Caribbean ,2013,25653.819867471,25923.6156503875
Turks and Caicos Islands,TCA,Latin America & Caribbean ,2014,27292.5820256776,25653.819867471
Turks and Caicos Islands,TCA,Latin America & Caribbean ,2015,29457.0140691162,27292.5820256776
Turks and Caicos Islands,TCA,Latin America & Caribbean ,2016,31373.5612684327,29457.0140691162
Turks and Caicos Islands,TCA,Latin America & Caribbean ,2017,30014.2309523213,31373.5612684327
Turks and Caicos Islands,TCA,Latin America & Caribbean ,2018,31625.616593277,30014.2309523213
Turks and Caicos Islands,TCA,Latin America & Caribbean ,2019,31780.5217068989,31625.616593277
Turks and Caicos Islands,TCA,Latin America & Caribbean ,2020,20690.9160546118,31780.5217068989
Turks and Caicos Islands,TCA,Latin America & Caribbean ,2021,27329.2885087196,20690.9160546118
Turks and Caicos Islands,TCA,Latin America & Caribbean ,2022,31280.5418020808,27329.2885087196
Turks and Caicos Islands,TCA,Latin America & Caribbean ,2023,35470.2151608295,31280.5418020808
Turks and Caicos Islands,TCA,Latin America & Caribbean ,2024,37506.7798431288,35470.2151608295
Chad,TCD,Sub-Saharan Africa ,1970,125.882078424937,129.175848997716
Chad,TCD,Sub-Saharan Africa ,1971,131.816410865026,125.882078424937
Chad,TCD,Sub-Saharan Africa ,1972,150.369805704401,131.816410865026
Chad,TCD,Sub-Saharan Africa ,1973,162.371866237422,150.369805704401
Chad,TCD,Sub-Saharan Africa ,1974,159.998978775959,162.371866237422
Chad,TCD,Sub-Saharan Africa ,1975,207.476255156215,159.998978775959
Chad,TCD,Sub-Saharan Africa ,1976,203.713116730324,207.476255156215
Chad,TCD,Sub-Saharan Africa ,1977,215.935450416974,203.713116730324
Chad,TCD,Sub-Saharan Africa ,1978,252.511381682505,215.935450416974
Chad,TCD,Sub-Saharan Africa ,1979,222.914738532944,252.511381682505
Chad,TCD,Sub-Saharan Africa ,1980,228.770491876017,222.914738532944
Chad,TCD,Sub-Saharan Africa ,1981,193.971579541809,228.770491876017
Chad,TCD,Sub-Saharan Africa ,1982,176.083750783324,193.971579541809
Chad,TCD,Sub-Saharan Africa ,1983,167.180974589951,176.083750783324
Chad,TCD,Sub-Saharan Africa ,1984,182.175880946335,167.180974589951
Chad,TCD,Sub-Saharan Africa ,1985,202.710985101435,182.175880946335
Chad,TCD,Sub-Saharan Africa ,1986,203.354449515341,202.710985101435
Chad,TCD,Sub-Saharan Africa ,1987,213.931729919066,203.354449515341
Chad,TCD,Sub-Saharan Africa ,1988,263.544647841815,213.931729919066
Chad,TCD,Sub-Saharan Africa ,1989,246.355378549117,263.544647841815
Chad,TCD,Sub-Saharan Africa ,1990,290.599045262191,246.355378549117
Chad,TCD,Sub-Saharan Africa ,1991,302.487268390603,290.599045262191
Chad,TCD,Sub-Saharan Africa ,1992,290.648286132566,302.487268390603
Chad,TCD,Sub-Saharan Africa ,1993,220.729964903293,290.648286132566
Chad,TCD,Sub-Saharan Africa ,1994,173.928895064035,220.729964903293
Chad,TCD,Sub-Saharan Africa ,1995,203.964852705041,173.928895064035
Chad,TCD,Sub-Saharan Africa ,1996,216.912541056484,203.964852705041
Chad,TCD,Sub-Saharan Africa ,1997,201.384076969355,216.912541056484
Chad,TCD,Sub-Saharan Africa ,1998,219.779530915601,201.384076969355
Chad,TCD,Sub-Saharan Africa ,1999,186.638531146223,219.779530915601
Chad,TCD,Sub-Saharan Africa ,2000,163.121663683369,186.638531146223
Chad,TCD,Sub-Saharan Africa ,2001,194.32295331156,163.121663683369
Chad,TCD,Sub-Saharan Africa ,2002,219.061391951349,194.32295331156
Chad,TCD,Sub-Saharan Africa ,2003,289.087621122168,219.061391951349
Chad,TCD,Sub-Saharan Africa ,2004,445.850767157087,289.087621122168
Chad,TCD,Sub-Saharan Africa ,2005,838.092107712557,445.850767157087
Chad,TCD,Sub-Saharan Africa ,2006,906.897260572747,838.092107712557
Chad,TCD,Sub-Saharan Africa ,2007,980.483531485103,906.897260572747
Chad,TCD,Sub-Saharan Africa ,2008,1166.36883453841,980.483531485103
Chad,TCD,Sub-Saharan Africa ,2009,1035.63719694254,1166.36883453841
Chad,TCD,Sub-Saharan Africa ,2010,1141.80069268412,1035.63719694254
Chad,TCD,Sub-Saharan Africa ,2011,1308.1421872538,1141.80069268412
Chad,TCD,Sub-Saharan Africa ,2012,1354.34344701937,1308.1421872538
Chad,TCD,Sub-Saharan Africa ,2013,1304.88742971475,1354.34344701937
Chad,TCD,Sub-Saharan Africa ,2014,1278.78981422494,1304.88742971475
Chad,TCD,Sub-Saharan Africa ,2015,993.990730610869,1278.78981422494
Chad,TCD,Sub-Saharan Africa ,2016,861.831767630746,993.990730610869
Chad,TCD,Sub-Saharan Africa ,2017,854.46120040098,861.831767630746
Chad,TCD,Sub-Saharan Africa ,2018,948.656629871231,854.46120040098
Chad,TCD,Sub-Saharan Africa ,2019,893.336441643325,948.656629871231
Chad,TCD,Sub-Saharan Africa ,2020,866.947814890409,893.336441643325
Chad,TCD,Sub-Saharan Africa ,2021,946.358500208374,866.947814890409
Chad,TCD,Sub-Saharan Africa ,2022,966.036468278568,946.358500208374
Chad,TCD,Sub-Saharan Africa ,2023,949.333453674592,966.036468278568
Chad,TCD,Sub-Saharan Africa ,2024,961.55975562506,949.333453674592
Togo,TGO,Sub-Saharan Africa ,1970,159.778184212523,174.653254091407
Togo,TGO,Sub-Saharan Africa ,1971,174.569696910771,159.778184212523
Togo,TGO,Sub-Saharan Africa ,1972,198.7610542599,174.569696910771
Togo,TGO,Sub-Saharan Africa ,1973,234.418057538789,198.7610542599
Togo,TGO,Sub-Saharan Africa ,1974,315.097902810358,234.418057538789
Togo,TGO,Sub-Saharan Africa ,1975,338.605700917386,315.097902810358
Togo,TGO,Sub-Saharan Africa ,1976,331.595624501807,338.605700917386
Togo,TGO,Sub-Saharan Africa ,1977,406.342301359026,331.595624501807
Togo,TGO,Sub-Saharan Africa ,1978,420.507009475158,406.342301359026
Togo,TGO,Sub-Saharan Africa ,1979,443.461428487243,420.507009475158
Togo,TGO,Sub-Saharan Africa ,1980,549.433466591605,443.461428487243
Togo,TGO,Sub-Saharan Africa ,1981,451.047897242509,549.433466591605
Togo,TGO,Sub-Saharan Africa ,1982,372.494829726432,451.047897242509
Togo,TGO,Sub-Saharan Africa ,1983,335.532470799693,372.494829726432
Togo,TGO,Sub-Saharan Africa ,1984,304.296330488676,335.532470799693
Togo,TGO,Sub-Saharan Africa ,1985,312.867204158294,304.296330488676
Togo,TGO,Sub-Saharan Africa ,1986,422.277296555811,312.867204158294
Togo,TGO,Sub-Saharan Africa ,1987,482.289598775121,422.277296555811
Togo,TGO,Sub-Saharan Africa ,1988,516.536238879357,482.289598775121
Togo,TGO,Sub-Saharan Africa ,1989,491.999321055752,516.536238879357
Togo,TGO,Sub-Saharan Africa ,1990,575.094511928654,491.999321055752
Togo,TGO,Sub-Saharan Africa ,1991,549.808011573,575.094511928654
Togo,TGO,Sub-Saharan Africa ,1992,564.71733648074,549.808011573
Togo,TGO,Sub-Saharan Africa ,1993,414.013995214907,564.71733648074
Togo,TGO,Sub-Saharan Africa ,1994,328.600956079736,414.013995214907
Togo,TGO,Sub-Saharan Africa ,1995,419.220334892756,328.600956079736
Togo,TGO,Sub-Saharan Africa ,1996,452.068436882428,419.220334892756
Togo,TGO,Sub-Saharan Africa ,1997,448.001096915436,452.068436882428
Togo,TGO,Sub-Saharan Africa ,1998,461.158245854911,448.001096915436
Togo,TGO,Sub-Saharan Africa ,1999,445.291484100954,461.158245854911
Togo,TGO,Sub-Saharan Africa ,2000,409.889802792768,445.291484100954
Togo,TGO,Sub-Saharan Africa ,2001,396.692654520135,409.889802792768
Togo,TGO,Sub-Saharan Africa ,2002,445.238691488925,396.692654520135
Togo,TGO,Sub-Saharan Africa ,2003,538.16537776929,445.238691488925
Togo,TGO,Sub-Saharan Africa ,2004,560.266308533382,538.16537776929
Togo,TGO,Sub-Saharan Africa ,2005,551.259850017077,560.266308533382
Togo,TGO,Sub-Saharan Africa ,2006,552.50227125256,551.259850017077
Togo,TGO,Sub-Saharan Africa ,2007,607.587886721352,552.50227125256
Togo,TGO,Sub-Saharan Africa ,2008,718.948386717473,607.587886721352
Togo,TGO,Sub-Saharan Africa ,2009,720.693768151415,718.948386717473
Togo,TGO,Sub-Saharan Africa ,2010,704.986772286079,720.693768151415
Togo,TGO,Sub-Saharan Africa ,2011,783.988944671672,704.986772286079
Togo,TGO,Sub-Saharan Africa ,2012,762.39162379069,783.988944671672
Togo,TGO,Sub-Saharan Africa ,2013,826.542799987227,762.39162379069
Togo,TGO,Sub-Saharan Africa ,2014,855.584809246574,826.542799987227
Togo,TGO,Sub-Saharan Africa ,2015,751.051987587248,855.584809246574
Togo,TGO,Sub-Saharan Africa ,2016,772.581357620609,751.051987587248
Togo,TGO,Sub-Saharan Africa ,2017,792.765700965864,772.581357620609
Togo,TGO,Sub-Saharan Africa ,2018,851.120561233595,792.765700965864
Togo,TGO,Sub-Saharan Africa ,2019,826.255209019798,851.120561233595
Togo,TGO,Sub-Saharan Africa ,2020,863.468665870276,826.255209019798
Togo,TGO,Sub-Saharan Africa ,2021,962.075187515872,863.468665870276
Togo,TGO,Sub-Saharan Africa ,2022,951.232378690387,962.075187515872
Togo,TGO,Sub-Saharan Africa ,2023,1055.01727877926,951.232378690387
Togo,TGO,Sub-Saharan Africa ,2024,1119.38160509429,1055.01727877926
Thailand,THA,East Asia & Pacific,1970,197.097903475424,191.438734515692
Thailand,THA,East Asia & Pacific,1971,199.662201986255,197.097903475424
Thailand,THA,East Asia & Pacific,1972,215.582022917854,199.662201986255
Thailand,THA,East Asia & Pacific,1973,278.285062967675,215.582022917854
Thailand,THA,East Asia & Pacific,1974,342.978897633446,278.285062967675
Thailand,THA,East Asia & Pacific,1975,363.526350179478,342.978897633446
Thailand,THA,East Asia & Pacific,1976,405.408734060752,363.526350179478
Thailand,THA,East Asia & Pacific,1977,461.659141640678,405.408734060752
Thailand,THA,East Asia & Pacific,1978,548.233113208345,461.659141640678
Thailand,THA,East Asia & Pacific,1979,612.08876018577,548.233113208345
Thailand,THA,East Asia & Pacific,1980,708.729450091584,612.08876018577
Thailand,THA,East Asia & Pacific,1981,748.156726132308,708.729450091584
Thailand,THA,East Asia & Pacific,1982,770.398953205891,748.156726132308
Thailand,THA,East Asia & Pacific,1983,826.932302137698,770.398953205891
Thailand,THA,East Asia & Pacific,1984,846.934168430884,826.932302137698
Thailand,THA,East Asia & Pacific,1985,773.823923674613,846.934168430884
Thailand,THA,East Asia & Pacific,1986,842.098436226451,773.823923674613
Thailand,THA,East Asia & Pacific,1987,970.452522513385,842.098436226451
Thailand,THA,East Asia & Pacific,1988,1164.20096229495,970.452522513385
Thailand,THA,East Asia & Pacific,1989,1341.72978395303,1164.20096229495
Thailand,THA,East Asia & Pacific,1990,1559.11209344755,1341.72978395303
Thailand,THA,East Asia & Pacific,1991,1765.62267359529,1559.11209344755
Thailand,THA,East Asia & Pacific,1992,1971.60879910694,1765.62267359529
Thailand,THA,East Asia & Pacific,1993,2245.13688708983,1971.60879910694
Thailand,THA,East Asia & Pacific,1994,2517.70732641683,2245.13688708983
Thailand,THA,East Asia & Pacific,1995,2864.36515719866,2517.70732641683
Thailand,THA,East Asia & Pacific,1996,3054.65690806473,2864.36515719866
Thailand,THA,East Asia & Pacific,1997,2473.14096982086,3054.65690806473
Thailand,THA,East Asia & Pacific,1998,1847.70379269771,2473.14096982086
Thailand,THA,East Asia & Pacific,1999,2033.24490520569,1847.70379269771
Thailand,THA,East Asia & Pacific,2000,2005.97694514234,2033.24490520569
Thailand,THA,East Asia & Pacific,2001,1889.93432467144,2005.97694514234
Thailand,THA,East Asia & Pacific,2002,2089.75183111554,1889.93432467144
Thailand,THA,East Asia & Pacific,2003,2347.54001286066,2089.75183111554
Thailand,THA,East Asia & Pacific,2004,2641.56268717857,2347.54001286066
Thailand,THA,East Asia & Pacific,2005,2867.70383436062,2641.56268717857
Thailand,THA,East Asia & Pacific,2006,3331.32043511773,2867.70383436062
Thailand,THA,East Asia & Pacific,2007,3918.52817434581,3331.32043511773
Thailand,THA,East Asia & Pacific,2008,4309.13509292986,3918.52817434581
Thailand,THA,East Asia & Pacific,2009,4135.43986952819,4309.13509292986
Thailand,THA,East Asia & Pacific,2010,4973.86288823778,4135.43986952819
Thailand,THA,East Asia & Pacific,2011,5373.6232832898,4973.86288823778
Thailand,THA,East Asia & Pacific,2012,5725.52802835463,5373.6232832898
Thailand,THA,East Asia & Pacific,2013,6018.08244729255,5725.52802835463
Thailand,THA,East Asia & Pacific,2014,5801.1978916205,6018.08244729255
Thailand,THA,East Asia & Pacific,2015,5688.85335397884,5801.1978916205
Thailand,THA,East Asia & Pacific,2016,5833.57715617098,5688.85335397884
Thailand,THA,East Asia & Pacific,2017,6413.09182530343,5833.57715617098
Thailand,THA,East Asia & Pacific,2018,7099.77650081458,6413.09182530343
Thailand,THA,East Asia & Pacific,2019,7605.69657797759,7099.77650081458
Thailand,THA,East Asia & Pacific,2020,6985.64393892574,7605.69657797759
Thailand,THA,East Asia & Pacific,2021,7057.20754802279,6985.64393892574
Thailand,THA,East Asia & Pacific,2022,6909.35281815827,7057.20754802279
Thailand,THA,East Asia & Pacific,2023,7195.10130919449,6909.35281815827
Thailand,THA,East Asia & Pacific,2024,7346.62022142185,7195.10130919449
Tajikistan,TJK,Europe & Central Asia,2000,136.925716400723,175.023764735625
Tajikistan,TJK,Europe & Central Asia,2001,168.676285365186,136.925716400723
Tajikistan,TJK,Europe & Central Asia,2002,186.951638285222,168.676285365186
Tajikistan,TJK,Europe & Central Asia,2003,233.58124845289,186.951638285222
Tajikistan,TJK,Europe & Central Asia,2004,305.745158587502,233.58124845289
Tajikistan,TJK,Europe & Central Asia,2005,333.927150941684,305.745158587502
Tajikistan,TJK,Europe & Central Asia,2006,401.018403316427,333.927150941684
Tajikistan,TJK,Europe & Central Asia,2007,516.997210618914,401.018403316427
Tajikistan,TJK,Europe & Central Asia,2008,703.327375898643,516.997210618914
Tajikistan,TJK,Europe & Central Asia,2009,664.795655734657,703.327375898643
Tajikistan,TJK,Europe & Central Asia,2010,737.338883219356,664.795655734657
Tajikistan,TJK,Europe & Central Asia,2011,833.601978202852,737.338883219356
Tajikistan,TJK,Europe & Central Asia,2012,952.452819695469,833.601978202852
Tajikistan,TJK,Europe & Central Asia,2013,1028.19704279396,952.452819695469
Tajikistan,TJK,Europe & Central Asia,2014,1081.54402932039,1028.19704279396
Tajikistan,TJK,Europe & Central Asia,2015,956.916310930656,1081.54402932039
Tajikistan,TJK,Europe & Central Asia,2016,788.710481734485,956.916310930656
Tajikistan,TJK,Europe & Central Asia,2017,829.45714764957,788.710481734485
Tajikistan,TJK,Europe & Central Asia,2018,834.288404578801,829.45714764957
Tajikistan,TJK,Europe & Central Asia,2019,871.022372934846,834.288404578801
Tajikistan,TJK,Europe & Central Asia,2020,834.311715460625,871.022372934846
Tajikistan,TJK,Europe & Central Asia,2021,896.748053372182,834.311715460625
Tajikistan,TJK,Europe & Central Asia,2022,1052.17949484894,896.748053372182
Tajikistan,TJK,Europe & Central Asia,2023,1178.47990060249,1052.17949484894
Tajikistan,TJK,Europe & Central Asia,2024,1341.20229027672,1178.47990060249
Turkmenistan,TKM,Europe & Central Asia,1997,565.022638048501,557.894220051334
Turkmenistan,TKM,Europe & Central Asia,1998,590.791293266381,565.022638048501
Turkmenistan,TKM,Europe & Central Asia,1999,545.519003106054,590.791293266381
Turkmenistan,TKM,Europe & Central Asia,2000,633.835487638011,545.519003106054
Turkmenistan,TKM,Europe & Central Asia,2001,756.034976276398,633.835487638011
Turkmenistan,TKM,Europe & Central Asia,2002,935.540801478466,756.034976276398
Turkmenistan,TKM,Europe & Central Asia,2003,1228.94870289404,935.540801478466
Turkmenistan,TKM,Europe & Central Asia,2004,1379.23009682692,1228.94870289404
Turkmenistan,TKM,Europe & Central Asia,2005,1604.01618452312,1379.23009682692
Turkmenistan,TKM,Europe & Central Asia,2006,1996.59310717308,1604.01618452312
Turkmenistan,TKM,Europe & Central Asia,2007,2414.96071986964,1996.59310717308
Turkmenistan,TKM,Europe & Central Asia,2008,3605.50395120549,2414.96071986964
Turkmenistan,TKM,Europe & Central Asia,2009,3707.97850699617,3605.50395120549
Turkmenistan,TKM,Europe & Central Asia,2010,4058.53937000739,3707.97850699617
Turkmenistan,TKM,Europe & Central Asia,2011,5143.61929334647,4058.53937000739
Turkmenistan,TKM,Europe & Central Asia,2012,6053.8748468749,5143.61929334647
Turkmenistan,TKM,Europe & Central Asia,2013,6599.64529055481,6053.8748468749
Turkmenistan,TKM,Europe & Central Asia,2014,7164.14536184006,6599.64529055481
Turkmenistan,TKM,Europe & Central Asia,2015,5759.497903834,7164.14536184006
Turkmenistan,TKM,Europe & Central Asia,2016,5686.98040962764,5759.497903834
Turkmenistan,TKM,Europe & Central Asia,2017,5828.4816623489,5686.98040962764
Turkmenistan,TKM,Europe & Central Asia,2018,6125.05169712085,5828.4816623489
Turkmenistan,TKM,Europe & Central Asia,2019,5998.0017434754,6125.05169712085
Turkmenistan,TKM,Europe & Central Asia,2020,5972.72356566861,5998.0017434754
Turkmenistan,TKM,Europe & Central Asia,2021,5723.30227157906,5972.72356566861
Turkmenistan,TKM,Europe & Central Asia,2022,5837.84224538947,5723.30227157906
Turkmenistan,TKM,Europe & Central Asia,2023,6231.91323839698,5837.84224538947
Turkmenistan,TKM,Europe & Central Asia,2024,6856.65802730208,6231.91323839698
Timor-Leste,TLS,East Asia & Pacific,2000,492.457637913906,269.987312761397
Timor-Leste,TLS,East Asia & Pacific,2001,587.700634429079,492.457637913906
Timor-Leste,TLS,East Asia & Pacific,2002,533.982465942154,587.700634429079
Timor-Leste,TLS,East Asia & Pacific,2003,534.901171348385,533.982465942154
Timor-Leste,TLS,East Asia & Pacific,2004,474.420726695663,534.901171348385
Timor-Leste,TLS,East Asia & Pacific,2005,487.464506929223,474.420726695663
Timor-Leste,TLS,East Asia & Pacific,2006,464.667016791076,487.464506929223
Timor-Leste,TLS,East Asia & Pacific,2007,540.154630518785,464.667016791076
Timor-Leste,TLS,East Asia & Pacific,2008,628.153191495026,540.154630518785
Timor-Leste,TLS,East Asia & Pacific,2009,686.579329690731,628.153191495026
Timor-Leste,TLS,East Asia & Pacific,2010,813.060220670369,686.579329690731
Timor-Leste,TLS,East Asia & Pacific,2011,939.045238884406,813.060220670369
Timor-Leste,TLS,East Asia & Pacific,2012,1022.61906675901,939.045238884406
Timor-Leste,TLS,East Asia & Pacific,2013,1204.56843320518,1022.61906675901
Timor-Leste,TLS,East Asia & Pacific,2014,1224.74956308733,1204.56843320518
Timor-Leste,TLS,East Asia & Pacific,2015,1319.59295003154,1224.74956308733
Timor-Leste,TLS,East Asia & Pacific,2016,1335.54391073349,1319.59295003154
Timor-Leste,TLS,East Asia & Pacific,2017,1266.17771143471,1335.54391073349
Timor-Leste,TLS,East Asia & Pacific,2018,1219.46599728983,1266.17771143471
Timor-Leste,TLS,East Asia & Pacific,2019,1562.36458068032,1219.46599728983
Timor-Leste,TLS,East Asia & Pacific,2020,1630.86938521256,1562.36458068032
Timor-Leste,TLS,East Asia & Pacific,2021,2684.92676774277,1630.86938521256
Timor-Leste,TLS,East Asia & Pacific,2022,2343.24954740187,2684.92676774277
Timor-Leste,TLS,East Asia & Pacific,2023,1502.41147438211,2343.24954740187
Timor-Leste,TLS,East Asia & Pacific,2024,1331.9705130185,1502.41147438211
Tonga,TON,East Asia & Pacific,1985,612.943575629463,655.66235882708
Tonga,TON,East Asia & Pacific,1986,695.805077185729,612.943575629463
Tonga,TON,East Asia & Pacific,1987,830.153019585043,695.805077185729
Tonga,TON,East Asia & Pacific,1988,1077.6835915018,830.153019585043
Tonga,TON,East Asia & Pacific,1989,1069.83546760253,1077.6835915018
Tonga,TON,East Asia & Pacific,1990,1139.0553819198,1069.83546760253
Tonga,TON,East Asia & Pacific,1991,1323.40098550339,1139.0553819198
Tonga,TON,East Asia & Pacific,1992,1370.36142598699,1323.40098550339
Tonga,TON,East Asia & Pacific,1993,1383.47386584881,1370.36142598699
Tonga,TON,East Asia & Pacific,1994,1956.66180354821,1383.47386584881
Tonga,TON,East Asia & Pacific,1995,2084.02759539718,1956.66180354821
Tonga,TON,East Asia & Pacific,1996,2214.91474789811,2084.02759539718
Tonga,TON,East Asia & Pacific,1997,2135.52111086276,2214.91474789811
Tonga,TON,East Asia & Pacific,1998,1888.83194028282,2135.52111086276
Tonga,TON,East Asia & Pacific,1999,1952.14626248861,1888.83194028282
Tonga,TON,East Asia & Pacific,2000,1995.07667546271,1952.14626248861
Tonga,TON,East Asia & Pacific,2001,1753.51667576626,1995.07667546271
Tonga,TON,East Asia & Pacific,2002,1759.4805324576,1753.51667576626
Tonga,TON,East Asia & Pacific,2003,1936.04104012389,1759.4805324576
Tonga,TON,East Asia & Pacific,2004,2195.44890047673,1936.04104012389
Tonga,TON,East Asia & Pacific,2005,2477.72620144825,2195.44890047673
Tonga,TON,East Asia & Pacific,2006,2750.34778600857,2477.72620144825
Tonga,TON,East Asia & Pacific,2007,2797.06560109144,2750.34778600857
Tonga,TON,East Asia & Pacific,2008,3218.45303993196,2797.06560109144
Tonga,TON,East Asia & Pacific,2009,2914.23774004564,3218.45303993196
Tonga,TON,East Asia & Pacific,2010,3416.08356601207,2914.23774004564
Tonga,TON,East Asia & Pacific,2011,3849.99375750134,3416.08356601207
Tonga,TON,East Asia & Pacific,2012,4384.17058724217,3849.99375750134
Tonga,TON,East Asia & Pacific,2013,4219.24670113014,4384.17058724217
Tonga,TON,East Asia & Pacific,2014,4136.59013792529,4219.24670113014
Tonga,TON,East Asia & Pacific,2015,4123.90323993332,4136.59013792529
Tonga,TON,East Asia & Pacific,2016,3987.98626206287,4123.90323993332
Tonga,TON,East Asia & Pacific,2017,4365.92932788383,3987.98626206287
Tonga,TON,East Asia & Pacific,2018,4675.04791274385,4365.92932788383
Tonga,TON,East Asia & Pacific,2019,4788.83342304684,4675.04791274385
Tonga,TON,East Asia & Pacific,2020,4792.35854741522,4788.83342304684
Tonga,TON,East Asia & Pacific,2021,4922.80171378368,4792.35854741522
Tonga,TON,East Asia & Pacific,2022,5298.01941509951,4922.80171378368
Tonga,TON,East Asia & Pacific,2023,5651.59373063157,5298.01941509951
Trinidad and Tobago,TTO,Latin America & Caribbean ,1970,828.919857464313,794.529655166788
Trinidad and Tobago,TTO,Latin America & Caribbean ,1971,894.45305348288,828.919857464313
Trinidad and Tobago,TTO,Latin America & Caribbean ,1972,1067.46412567566,894.45305348288
Trinidad and Tobago,TTO,Latin America & Caribbean ,1973,1273.3221357336,1067.46412567566
Trinidad and Tobago,TTO,Latin America & Caribbean ,1974,1962.02689234886,1273.3221357336
Trinidad and Tobago,TTO,Latin America & Caribbean ,1975,2318.69169815563,1962.02689234886
Trinidad and Tobago,TTO,Latin America & Caribbean ,1976,2344.93028321949,2318.69169815563
Trinidad and Tobago,TTO,Latin America & Caribbean ,1977,2907.3734770717,2344.93028321949
Trinidad and Tobago,TTO,Latin America & Caribbean ,1978,3258.0927567116,2907.3734770717
Trinidad and Tobago,TTO,Latin America & Caribbean ,1979,4155.1594201721,3258.0927567116
Trinidad and Tobago,TTO,Latin America & Caribbean ,1980,5559.05209507101,4155.1594201721
Trinidad and Tobago,TTO,Latin America & Caribbean ,1981,6159.70947284839,5559.05209507101
Trinidad and Tobago,TTO,Latin America & Caribbean ,1982,7091.40621892043,6159.70947284839
Trinidad and Tobago,TTO,Latin America & Caribbean ,1983,6689.80831238034,7091.40621892043
Trinidad and Tobago,TTO,Latin America & Caribbean ,1984,6613.11947420709,6689.80831238034
Trinidad and Tobago,TTO,Latin America & Caribbean ,1985,6212.00065299742,6613.11947420709
Trinidad and Tobago,TTO,Latin America & Caribbean ,1986,3984.99609719733,6212.00065299742
Trinidad and Tobago,TTO,Latin America & Caribbean ,1987,3941.12013972631,3984.99609719733
Trinidad and Tobago,TTO,Latin America & Caribbean ,1988,3655.81977035897,3941.12013972631
Trinidad and Tobago,TTO,Latin America & Caribbean ,1989,3481.84505761067,3655.81977035897
Trinidad and Tobago,TTO,Latin America & Caribbean ,1990,4047.25093594674,3481.84505761067
Trinidad and Tobago,TTO,Latin America & Caribbean ,1991,4205.37778348016,4047.25093594674
Trinidad and Tobago,TTO,Latin America & Caribbean ,1992,4277.47436935604,4205.37778348016
Trinidad and Tobago,TTO,Latin America & Caribbean ,1993,3646.71231742803,4277.47436935604
Trinidad and Tobago,TTO,Latin America & Caribbean ,1994,3839.96290233114,3646.71231742803
Trinidad and Tobago,TTO,Latin America & Caribbean ,1995,4114.68908475464,3839.96290233114
Trinidad and Tobago,TTO,Latin America & Caribbean ,1996,4427.27832448289,4114.68908475464
Trinidad and Tobago,TTO,Latin America & Caribbean ,1997,4393.94496943068,4427.27832448289
Trinidad and Tobago,TTO,Latin America & Caribbean ,1998,4612.70900312686,4393.94496943068
Trinidad and Tobago,TTO,Latin America & Caribbean ,1999,5179.08350809274,4612.70900312686
Trinidad and Tobago,TTO,Latin America & Caribbean ,2000,6178.58975559687,5179.08350809274
Trinidad and Tobago,TTO,Latin America & Caribbean ,2001,6657.41466937221,6178.58975559687
Trinidad and Tobago,TTO,Latin America & Caribbean ,2002,6762.93080808096,6657.41466937221
Trinidad and Tobago,TTO,Latin America & Caribbean ,2003,8445.04653518298,6762.93080808096
Trinidad and Tobago,TTO,Latin America & Caribbean ,2004,9871.03419820086,8445.04653518298
Trinidad and Tobago,TTO,Latin America & Caribbean ,2005,12346.4373094075,9871.03419820086
Trinidad and Tobago,TTO,Latin America & Caribbean ,2006,14152.6607422113,12346.4373094075
Trinidad and Tobago,TTO,Latin America & Caribbean ,2007,16606.675360681,14152.6607422113
Trinidad and Tobago,TTO,Latin America & Caribbean ,2008,21298.9945258063,16606.675360681
Trinidad and Tobago,TTO,Latin America & Caribbean ,2009,14634.0565003912,21298.9945258063
Trinidad and Tobago,TTO,Latin America & Caribbean ,2010,16815.424737361,14634.0565003912
Trinidad and Tobago,TTO,Latin America & Caribbean ,2011,19151.0870229722,16815.424737361
Trinidad and Tobago,TTO,Latin America & Caribbean ,2012,20332.1389531925,19151.0870229722
Trinidad and Tobago,TTO,Latin America & Caribbean ,2013,21304.9777496628,20332.1389531925
Trinidad and Tobago,TTO,Latin America & Caribbean ,2014,21908.3014555644,21304.9777496628
Trinidad and Tobago,TTO,Latin America & Caribbean ,2015,19887.2327716498,21908.3014555644
Trinidad and Tobago,TTO,Latin America & Caribbean ,2016,17449.1538801956,19887.2327716498
Trinidad and Tobago,TTO,Latin America & Caribbean ,2017,17566.0999700656,17449.1538801956
Trinidad and Tobago,TTO,Latin America & Caribbean ,2018,17571.498737278,17566.0999700656
Trinidad and Tobago,TTO,Latin America & Caribbean ,2019,17212.6128892163,17571.498737278
Trinidad and Tobago,TTO,Latin America & Caribbean ,2020,15283.6270531554,17212.6128892163
Trinidad and Tobago,TTO,Latin America & Caribbean ,2021,17712.5674104655,15283.6270531554
Trinidad and Tobago,TTO,Latin America & Caribbean ,2022,20750.5202434652,17712.5674104655
Trinidad and Tobago,TTO,Latin America & Caribbean ,2023,18308.4536298575,20750.5202434652
Trinidad and Tobago,TTO,Latin America & Caribbean ,2024,18733.4110406494,18308.4536298575
Tunisia,TUN,"Middle East, North Africa, Afghanistan & Pakistan",1971,320.272102901124,280.476910228346
Tunisia,TUN,"Middle East, North Africa, Afghanistan & Pakistan",1972,414.626612581104,320.272102901124
Tunisia,TUN,"Middle East, North Africa, Afghanistan & Pakistan",1973,493.172121667472,414.626612581104
Tunisia,TUN,"Middle East, North Africa, Afghanistan & Pakistan",1974,623.75935280482,493.172121667472
Tunisia,TUN,"Middle East, North Africa, Afghanistan & Pakistan",1975,741.35491566103,623.75935280482
Tunisia,TUN,"Middle East, North Africa, Afghanistan & Pakistan",1976,751.741946408618,741.35491566103
Tunisia,TUN,"Middle East, North Africa, Afghanistan & Pakistan",1977,829.983963323177,751.741946408618
Tunisia,TUN,"Middle East, North Africa, Afghanistan & Pakistan",1978,945.964678061001,829.983963323177
Tunisia,TUN,"Middle East, North Africa, Afghanistan & Pakistan",1979,1113.44445018775,945.964678061001
Tunisia,TUN,"Middle East, North Africa, Afghanistan & Pakistan",1980,1323.62643763339,1113.44445018775
Tunisia,TUN,"Middle East, North Africa, Afghanistan & Pakistan",1981,1247.12801268551,1323.62643763339
Tunisia,TUN,"Middle East, North Africa, Afghanistan & Pakistan",1982,1177.30518554913,1247.12801268551
Tunisia,TUN,"Middle East, North Africa, Afghanistan & Pakistan",1983,1183.8417233031,1177.30518554913
Tunisia,TUN,"Middle East, North Africa, Afghanistan & Pakistan",1984,1143.2812867658,1183.8417233031
Tunisia,TUN,"Middle East, North Africa, Afghanistan & Pakistan",1985,1134.99813055736,1143.2812867658
Tunisia,TUN,"Middle East, North Africa, Afghanistan & Pakistan",1986,1186.50651525734,1134.99813055736
Tunisia,TUN,"Middle East, North Africa, Afghanistan & Pakistan",1987,1244.76663577347,1186.50651525734
Tunisia,TUN,"Middle East, North Africa, Afghanistan & Pakistan",1988,1266.07583258953,1244.76663577347
Tunisia,TUN,"Middle East, North Africa, Afghanistan & Pakistan",1989,1239.23860226784,1266.07583258953
Tunisia,TUN,"Middle East, North Africa, Afghanistan & Pakistan",1990,1476.43160477311,1239.23860226784
Tunisia,TUN,"Middle East, North Africa, Afghanistan & Pakistan",1991,1537.87916511306,1476.43160477311
Tunisia,TUN,"Middle East, North Africa, Afghanistan & Pakistan",1992,1784.81850188268,1537.87916511306
Tunisia,TUN,"Middle East, North Africa, Afghanistan & Pakistan",1993,1649.18537309075,1784.81850188268
Tunisia,TUN,"Middle East, North Africa, Afghanistan & Pakistan",1994,1733.46614673506,1649.18537309075
Tunisia,TUN,"Middle East, North Africa, Afghanistan & Pakistan",1995,1968.16600944373,1733.46614673506
Tunisia,TUN,"Middle East, North Africa, Afghanistan & Pakistan",1996,2107.40815649257,1968.16600944373
Tunisia,TUN,"Middle East, North Africa, Afghanistan & Pakistan",1997,2202.06090620956,2107.40815649257
Tunisia,TUN,"Middle East, North Africa, Afghanistan & Pakistan",1998,2285.01933541864,2202.06090620956
Tunisia,TUN,"Middle East, North Africa, Afghanistan & Pakistan",1999,2376.06566791596,2285.01933541864
Tunisia,TUN,"Middle East, North Africa, Afghanistan & Pakistan",2000,2199.04465936314,2376.06566791596
Tunisia,TUN,"Middle East, North Africa, Afghanistan & Pakistan",2001,2235.71981624751,2199.04465936314
Tunisia,TUN,"Middle East, North Africa, Afghanistan & Pakistan",2002,2320.7723805785,2235.71981624751
Tunisia,TUN,"Middle East, North Africa, Afghanistan & Pakistan",2003,2725.8643148859,2320.7723805785
Tunisia,TUN,"Middle East, North Africa, Afghanistan & Pakistan",2004,3067.41936376975,2725.8643148859
Tunisia,TUN,"Middle East, North Africa, Afghanistan & Pakistan",2005,3146.8260743927,3067.41936376975
Tunisia,TUN,"Middle East, North Africa, Afghanistan & Pakistan",2006,3322.56933570096,3146.8260743927
Tunisia,TUN,"Middle East, North Africa, Afghanistan & Pakistan",2007,3726.91672935667,3322.56933570096
Tunisia,TUN,"Middle East, North Africa, Afghanistan & Pakistan",2008,4255.05008019523,3726.91672935667
Tunisia,TUN,"Middle East, North Africa, Afghanistan & Pakistan",2009,4080.09032448781,4255.05008019523
Tunisia,TUN,"Middle East, North Africa, Afghanistan & Pakistan",2010,4291.86120891575,4080.09032448781
Tunisia,TUN,"Middle East, North Africa, Afghanistan & Pakistan",2011,4420.64772206537,4291.86120891575
Tunisia,TUN,"Middle East, North Africa, Afghanistan & Pakistan",2012,4297.26782454273,4420.64772206537
Tunisia,TUN,"Middle East, North Africa, Afghanistan & Pakistan",2013,4369.79345826358,4297.26782454273
Tunisia,TUN,"Middle East, North Africa, Afghanistan & Pakistan",2014,4458.97895464547,4369.79345826358
Tunisia,TUN,"Middle East, North Africa, Afghanistan & Pakistan",2015,4014.94773686432,4458.97895464547
Tunisia,TUN,"Middle East, North Africa, Afghanistan & Pakistan",2016,3847.80354448809,4014.94773686432
Tunisia,TUN,"Middle East, North Africa, Afghanistan & Pakistan",2017,3619.03247319953,3847.80354448809
Tunisia,TUN,"Middle East, North Africa, Afghanistan & Pakistan",2018,3628.10366464236,3619.03247319953
Tunisia,TUN,"Middle East, North Africa, Afghanistan & Pakistan",2019,3528.87213306798,3628.10366464236
Tunisia,TUN,"Middle East, North Africa, Afghanistan & Pakistan",2020,3548.65363663803,3528.87213306798
Tunisia,TUN,"Middle East, North Africa, Afghanistan & Pakistan",2021,3906.93926319391,3548.65363663803
Tunisia,TUN,"Middle East, North Africa, Afghanistan & Pakistan",2022,3707.29283414381,3906.93926319391
Tunisia,TUN,"Middle East, North Africa, Afghanistan & Pakistan",2023,3951.11683376921,3707.29283414381
Tunisia,TUN,"Middle East, North Africa, Afghanistan & Pakistan",2024,4181.13789301228,3951.11683376921
Turkiye,TUR,Europe & Central Asia,1970,487.565086682435,543.947401329478
Turkiye,TUR,Europe & Central Asia,1971,430.897259673783,487.565086682435
Turkiye,TUR,Europe & Central Asia,1972,537.337529232528,430.897259673783
Turkiye,TUR,Europe & Central Asia,1973,661.080821885172,537.337529232528
Turkiye,TUR,Europe & Central Asia,1974,880.728167716848,661.080821885172
Turkiye,TUR,Europe & Central Asia,1975,1121.54326914976,880.728167716848
Turkiye,TUR,Europe & Central Asia,1976,1227.92409658199,1121.54326914976
Turkiye,TUR,Europe & Central Asia,1977,1371.96185651463,1227.92409658199
Turkiye,TUR,Europe & Central Asia,1978,1510.18531064944,1371.96185651463
Turkiye,TUR,Europe & Central Asia,1979,2013.37374286503,1510.18531064944
Turkiye,TUR,Europe & Central Asia,1980,1515.64589850068,2013.37374286503
Turkiye,TUR,Europe & Central Asia,1981,1536.66562064101,1515.64589850068
Turkiye,TUR,Europe & Central Asia,1982,1360.23825219775,1536.66562064101
Turkiye,TUR,Europe & Central Asia,1983,1275.68337617131,1360.23825219775
Turkiye,TUR,Europe & Central Asia,1984,1209.05149383313,1275.68337617131
Turkiye,TUR,Europe & Central Asia,1985,1326.42701445307,1209.05149383313
Turkiye,TUR,Europe & Central Asia,1986,1461.49658654754,1326.42701445307
Turkiye,TUR,Europe & Central Asia,1987,1649.96264794402,1461.49658654754
Turkiye,TUR,Europe & Central Asia,1988,1685.69479240535,1649.96264794402
Turkiye,TUR,Europe & Central Asia,1989,1948.59179454794,1685.69479240535
Turkiye,TUR,Europe & Central Asia,1990,2689.52621921233,1948.59179454794
Turkiye,TUR,Europe & Central Asia,1991,2649.27259974439,2689.52621921233
Turkiye,TUR,Europe & Central Asia,1992,2743.65320297936,2649.27259974439
Turkiye,TUR,Europe & Central Asia,1993,3057.93737480422,2743.65320297936
Turkiye,TUR,Europe & Central Asia,1994,2176.2801813809,3057.93737480422
Turkiye,TUR,Europe & Central Asia,1995,3845.98997887841,2176.2801813809
Turkiye,TUR,Europe & Central Asia,1996,4041.36210281686,3845.98997887841
Turkiye,TUR,Europe & Central Asia,1997,4197.37636165642,4041.36210281686
Turkiye,TUR,Europe & Central Asia,1998,4331.02761275037,4197.37636165642
Turkiye,TUR,Europe & Central Asia,1999,3973.77763854116,4331.02761275037
Turkiye,TUR,Europe & Central Asia,2000,4199.3798635759,3973.77763854116
Turkiye,TUR,Europe & Central Asia,2001,3052.2256706793,4199.3798635759
Turkiye,TUR,Europe & Central Asia,2002,3591.08628982587,3052.2256706793
Turkiye,TUR,Europe & Central Asia,2003,4649.63668068586,3591.08628982587
Turkiye,TUR,Europe & Central Asia,2004,5979.6054216148,4649.63668068586
Turkiye,TUR,Europe & Central Asia,2005,7331.85429430255,5979.6054216148
Turkiye,TUR,Europe & Central Asia,2006,7990.08251407245,7331.85429430255
Turkiye,TUR,Europe & Central Asia,2007,9766.91734545294,7990.08251407245
Turkiye,TUR,Europe & Central Asia,2008,10913.4079047769,9766.91734545294
Turkiye,TUR,Europe & Central Asia,2009,9076.92472236977,10913.4079047769
Turkiye,TUR,Europe & Central Asia,2010,10698.9699409757,9076.92472236977
Turkiye,TUR,Europe & Central Asia,2011,11373.6355760885,10698.9699409757
Turkiye,TUR,Europe & Central Asia,2012,11776.7593362033,11373.6355760885
Turkiye,TUR,Europe & Central Asia,2013,12635.5570016068,11776.7593362033
Turkiye,TUR,Europe & Central Asia,2014,12209.3862327674,12635.5570016068
Turkiye,TUR,Europe & Central Asia,2015,11064.6494504662,12209.3862327674
Turkiye,TUR,Europe & Central Asia,2016,10984.3643169061,11064.6494504662
Turkiye,TUR,Europe & Central Asia,2017,10756.3877677883,10984.3643169061
Turkiye,TUR,Europe & Central Asia,2018,9684.11819884721,10756.3877677883
Turkiye,TUR,Europe & Central Asia,2019,9395.23378001368,9684.11819884721
Turkiye,TUR,Europe & Central Asia,2020,8798.11791709313,9395.23378001368
Turkiye,TUR,Europe & Central Asia,2021,9981.76398411336,8798.11791709313
Turkiye,TUR,Europe & Central Asia,2022,10897.8397861365,9981.76398411336
Turkiye,TUR,Europe & Central Asia,2023,13375.0947282864,10897.8397861365
Turkiye,TUR,Europe & Central Asia,2024,15892.7157287241,13375.0947282864
Tuvalu,TUV,East Asia & Pacific,1980,571.0192959143,565.932549315669
Tuvalu,TUV,East Asia & Pacific,1981,634.203764501491,571.0192959143
Tuvalu,TUV,East Asia & Pacific,1982,537.440652615639,634.203764501491
Tuvalu,TUV,East Asia & Pacific,1983,533.130094256608,537.440652615639
Tuvalu,TUV,East Asia & Pacific,1984,567.195381239419,533.130094256608
Tuvalu,TUV,East Asia & Pacific,1985,480.095933768573,567.195381239419
Tuvalu,TUV,East Asia & Pacific,1986,556.736790985481,480.095933768573
Tuvalu,TUV,East Asia & Pacific,1987,599.750746530394,556.736790985481
Tuvalu,TUV,East Asia & Pacific,1988,823.087505442832,599.750746530394
Tuvalu,TUV,East Asia & Pacific,1989,976.047477175313,823.087505442832
Tuvalu,TUV,East Asia & Pacific,1990,1084.66707221699,976.047477175313
Tuvalu,TUV,East Asia & Pacific,1991,1134.33175551477,1084.66707221699
Tuvalu,TUV,East Asia & Pacific,1992,1165.63710360353,1134.33175551477
Tuvalu,TUV,East Asia & Pacific,1993,1141.17904410247,1165.63710360353
Tuvalu,TUV,East Asia & Pacific,1994,1278.65870076399,1141.17904410247
Tuvalu,TUV,East Asia & Pacific,1995,1284.76446104166,1278.65870076399
Tuvalu,TUV,East Asia & Pacific,1996,1427.80960501753,1284.76446104166
Tuvalu,TUV,East Asia & Pacific,1997,1461.08618049276,1427.80960501753
Tuvalu,TUV,East Asia & Pacific,1998,1459.64937141718,1461.08618049276
Tuvalu,TUV,East Asia & Pacific,1999,1558.60396569869,1459.64937141718
Tuvalu,TUV,East Asia & Pacific,2000,1579.41906275542,1558.60396569869
Tuvalu,TUV,East Asia & Pacific,2001,1456.78409421177,1579.41906275542
Tuvalu,TUV,East Asia & Pacific,2002,1750.25175052348,1456.78409421177
Tuvalu,TUV,East Asia & Pacific,2003,2006.84249941442,1750.25175052348
Tuvalu,TUV,East Asia & Pacific,2004,2322.56265072892,2006.84249941442
Tuvalu,TUV,East Asia & Pacific,2005,2304.82694329052,2322.56265072892
Tuvalu,TUV,East Asia & Pacific,2006,2396.26844307702,2304.82694329052
Tuvalu,TUV,East Asia & Pacific,2007,2794.16310084119,2396.26844307702
Tuvalu,TUV,East Asia & Pacific,2008,3088.30877413836,2794.16310084119
Tuvalu,TUV,East Asia & Pacific,2009,2683.96749549583,3088.30877413836
Tuvalu,TUV,East Asia & Pacific,2010,3024.8170790571,2683.96749549583
Tuvalu,TUV,East Asia & Pacific,2011,3636.08139989792,3024.8170790571
Tuvalu,TUV,East Asia & Pacific,2012,3598.46163091053,3636.08139989792
Tuvalu,TUV,East Asia & Pacific,2013,3510.21640142483,3598.46163091053
Tuvalu,TUV,East Asia & Pacific,2014,3528.85858102782,3510.21640142483
Tuvalu,TUV,East Asia & Pacific,2015,3357.83417700071,3528.85858102782
Tuvalu,TUV,East Asia & Pacific,2016,3808.69755015909,3357.83417700071
Tuvalu,TUV,East Asia & Pacific,2017,4165.66338700106,3808.69755015909
Tuvalu,TUV,East Asia & Pacific,2018,4466.12034928245,4165.66338700106
Tuvalu,TUV,East Asia & Pacific,2019,5115.13075950206,4466.12034928245
Tuvalu,TUV,East Asia & Pacific,2020,4976.11254109571,5115.13075950206
Tuvalu,TUV,East Asia & Pacific,2021,5905.08198095343,4976.11254109571
Tuvalu,TUV,East Asia & Pacific,2022,5911.32727055301,5905.08198095343
Tuvalu,TUV,East Asia & Pacific,2023,6344.7750188689,5911.32727055301
Tanzania,TZA,Sub-Saharan Africa ,1970,217.235641479492,405.450805664063
Tanzania,TZA,Sub-Saharan Africa ,1971,224.451416015625,217.235641479492
Tanzania,TZA,Sub-Saharan Africa ,1972,246.546295166016,224.451416015625
Tanzania,TZA,Sub-Saharan Africa ,1973,283.801849365234,246.546295166016
Tanzania,TZA,Sub-Saharan Africa ,1974,328.783599853516,283.801849365234
Tanzania,TZA,Sub-Saharan Africa ,1975,364.969940185547,328.783599853516
Tanzania,TZA,Sub-Saharan Africa ,1976,397.542755126953,364.969940185547
Tanzania,TZA,Sub-Saharan Africa ,1977,458.058349609375,397.542755126953
Tanzania,TZA,Sub-Saharan Africa ,1978,529.603637695313,458.058349609375
Tanzania,TZA,Sub-Saharan Africa ,1979,542.11474609375,529.603637695313
Tanzania,TZA,Sub-Saharan Africa ,1980,611.211791992188,542.11474609375
Tanzania,TZA,Sub-Saharan Africa ,1981,683.913269042969,611.211791992188
Tanzania,TZA,Sub-Saharan Africa ,1982,701.959838867188,683.913269042969
Tanzania,TZA,Sub-Saharan Africa ,1983,685.276489257813,701.959838867188
Tanzania,TZA,Sub-Saharan Africa ,1984,609.331420898438,685.276489257813
Tanzania,TZA,Sub-Saharan Africa ,1985,700.450073242188,609.331420898438
Tanzania,TZA,Sub-Saharan Africa ,1986,479.281768798828,700.450073242188
Tanzania,TZA,Sub-Saharan Africa ,1987,334.822784423828,479.281768798828
Tanzania,TZA,Sub-Saharan Africa ,1988,307.50634765625,334.822784423828
Tanzania,TZA,Sub-Saharan Africa ,1989,259.502227783203,307.50634765625
Tanzania,TZA,Sub-Saharan Africa ,1990,243.611557006836,259.502227783203
Tanzania,TZA,Sub-Saharan Africa ,1991,276.452453613281,243.611557006836
Tanzania,TZA,Sub-Saharan Africa ,1992,250.329925537109,276.452453613281
Tanzania,TZA,Sub-Saharan Africa ,1993,224.491546630859,250.329925537109
Tanzania,TZA,Sub-Saharan Africa ,1994,228.890029907227,224.491546630859
Tanzania,TZA,Sub-Saharan Africa ,1995,258.418334960938,228.890029907227
Tanzania,TZA,Sub-Saharan Africa ,1996,313.658386230469,258.418334960938
Tanzania,TZA,Sub-Saharan Africa ,1997,363.597686767578,313.658386230469
Tanzania,TZA,Sub-Saharan Africa ,1998,386.378448486328,363.597686767578
Tanzania,TZA,Sub-Saharan Africa ,1999,392.621765136719,386.378448486328
Tanzania,TZA,Sub-Saharan Africa ,2000,401.698150634766,392.621765136719
Tanzania,TZA,Sub-Saharan Africa ,2001,396.638732910156,401.698150634766
Tanzania,TZA,Sub-Saharan Africa ,2002,402.649047851563,396.638732910156
Tanzania,TZA,Sub-Saharan Africa ,2003,422.18359375,402.649047851563
Tanzania,TZA,Sub-Saharan Africa ,2004,450.385284423828,422.18359375
Tanzania,TZA,Sub-Saharan Africa ,2005,483.334869384766,450.385284423828
Tanzania,TZA,Sub-Saharan Africa ,2006,475.746734619141,483.334869384766
Tanzania,TZA,Sub-Saharan Africa ,2007,543.198303222656,475.746734619141
Tanzania,TZA,Sub-Saharan Africa ,2008,675.977233886719,543.198303222656
Tanzania,TZA,Sub-Saharan Africa ,2009,693.823547363281,675.977233886719
Tanzania,TZA,Sub-Saharan Africa ,2010,736.530151367188,693.823547363281
Tanzania,TZA,Sub-Saharan Africa ,2011,775.392761230469,736.530151367188
Tanzania,TZA,Sub-Saharan Africa ,2012,861.969909667969,775.392761230469
Tanzania,TZA,Sub-Saharan Africa ,2013,963.05712890625,861.969909667969
Tanzania,TZA,Sub-Saharan Africa ,2014,1022.74841308594,963.05712890625
Tanzania,TZA,Sub-Saharan Africa ,2015,939.127319335938,1022.74841308594
Tanzania,TZA,Sub-Saharan Africa ,2016,953.0107421875,939.127319335938
Tanzania,TZA,Sub-Saharan Africa ,2017,986.674011230469,953.0107421875
Tanzania,TZA,Sub-Saharan Africa ,2018,1023.10626220703,986.674011230469
Tanzania,TZA,Sub-Saharan Africa ,2019,1063.32250976563,1023.10626220703
Tanzania,TZA,Sub-Saharan Africa ,2020,1117.41528320313,1063.32250976563
Tanzania,TZA,Sub-Saharan Africa ,2021,1159.85656738281,1117.41528320313
Tanzania,TZA,Sub-Saharan Africa ,2022,1207.52062988281,1159.85656738281
Tanzania,TZA,Sub-Saharan Africa ,2023,1224.00219726563,1207.52062988281
Tanzania,TZA,Sub-Saharan Africa ,2024,1186.71691894531,1224.00219726563
Uganda,UGA,Sub-Saharan Africa ,1970,122.030929585629,116.682296330854
Uganda,UGA,Sub-Saharan Africa ,1971,133.468088316131,122.030929585629
Uganda,UGA,Sub-Saharan Africa ,1972,136.964736487473,133.468088316131
Uganda,UGA,Sub-Saharan Africa ,1973,152.709417587824,136.964736487473
Uganda,UGA,Sub-Saharan Africa ,1974,183.71757196626,152.709417587824
Uganda,UGA,Sub-Saharan Africa ,1975,201.237292844799,183.71757196626
Uganda,UGA,Sub-Saharan Africa ,1976,203.309813650809,201.237292844799
Uganda,UGA,Sub-Saharan Africa ,1977,237.584889064205,203.309813650809
Uganda,UGA,Sub-Saharan Africa ,1978,190.690145097606,237.584889064205
Uganda,UGA,Sub-Saharan Africa ,1979,164.513012181127,190.690145097606
Uganda,UGA,Sub-Saharan Africa ,1980,93.7506991135184,164.513012181127
Uganda,UGA,Sub-Saharan Africa ,1981,98.6467550654109,93.7506991135184
Uganda,UGA,Sub-Saharan Africa ,1982,156.952422909331,98.6467550654109
Uganda,UGA,Sub-Saharan Africa ,1983,157.527216922525,156.952422909331
Uganda,UGA,Sub-Saharan Africa ,1984,247.516937638636,157.527216922525
Uganda,UGA,Sub-Saharan Africa ,1985,234.276502777526,247.516937638636
Uganda,UGA,Sub-Saharan Africa ,1986,253.643058810817,234.276502777526
Uganda,UGA,Sub-Saharan Africa ,1987,392.97074320479,253.643058810817
Uganda,UGA,Sub-Saharan Africa ,1988,395.187660960924,392.97074320479
Uganda,UGA,Sub-Saharan Africa ,1989,310.186025249445,395.187660960924
Uganda,UGA,Sub-Saharan Africa ,1990,244.987168126806,310.186025249445
Uganda,UGA,Sub-Saharan Africa ,1991,182.955897348348,244.987168126806
Uganda,UGA,Sub-Saharan Africa ,1992,152.113542415537,182.955897348348
Uganda,UGA,Sub-Saharan Africa ,1993,165.616476211716,152.113542415537
Uganda,UGA,Sub-Saharan Africa ,1994,198.441987998795,165.616476211716
Uganda,UGA,Sub-Saharan Africa ,1995,278.520835668767,198.441987998795
Uganda,UGA,Sub-Saharan Africa ,1996,284.698259285733,278.520835668767
Uganda,UGA,Sub-Saharan Africa ,1997,286.846637912964,284.698259285733
Uganda,UGA,Sub-Saharan Africa ,1998,292.453037058835,286.846637912964
Uganda,UGA,Sub-Saharan Africa ,1999,257.921949601357,292.453037058835
Uganda,UGA,Sub-Saharan Africa ,2000,258.050338731086,257.921949601357
Uganda,UGA,Sub-Saharan Africa ,2001,236.021188853993,258.050338731086
Uganda,UGA,Sub-Saharan Africa ,2002,241.984688408335,236.021188853993
Uganda,UGA,Sub-Saharan Africa ,2003,250.71543664681,241.984688408335
Uganda,UGA,Sub-Saharan Africa ,2004,292.38185796262,250.71543664681
Uganda,UGA,Sub-Saharan Africa ,2005,330.405402707025,292.38185796262
Uganda,UGA,Sub-Saharan Africa ,2006,346.518255310647,330.405402707025
Uganda,UGA,Sub-Saharan Africa ,2007,401.389130865581,346.518255310647
Uganda,UGA,Sub-Saharan Africa ,2008,472.842681495852,401.389130865581
Uganda,UGA,Sub-Saharan Africa ,2009,798.947089938247,472.842681495852
Uganda,UGA,Sub-Saharan Africa ,2010,823.488144282,798.947089938247
Uganda,UGA,Sub-Saharan Africa ,2011,835.620060555838,823.488144282
Uganda,UGA,Sub-Saharan Africa ,2012,795.222867553127,835.620060555838
Uganda,UGA,Sub-Saharan Africa ,2013,818.285427416713,795.222867553127
Uganda,UGA,Sub-Saharan Africa ,2014,896.054795546394,818.285427416713
Uganda,UGA,Sub-Saharan Africa ,2015,862.934610355811,896.054795546394
Uganda,UGA,Sub-Saharan Africa ,2016,752.696571725656,862.934610355811
Uganda,UGA,Sub-Saharan Africa ,2017,765.218332297361,752.696571725656
Uganda,UGA,Sub-Saharan Africa ,2018,792.16570022814,765.218332297361
Uganda,UGA,Sub-Saharan Africa ,2019,822.171150036357,792.16570022814
Uganda,UGA,Sub-Saharan Africa ,2020,845.766463890124,822.171150036357
Uganda,UGA,Sub-Saharan Africa ,2021,882.791717542504,845.766463890124
Uganda,UGA,Sub-Saharan Africa ,2022,963.067314117178,882.791717542504
Uganda,UGA,Sub-Saharan Africa ,2023,1002.30913917142,963.067314117178
Uganda,UGA,Sub-Saharan Africa ,2024,1077.91278452817,1002.30913917142
Ukraine,UKR,Europe & Central Asia,1997,987.489807128906,869.846069335938
Ukraine,UKR,Europe & Central Asia,1998,831.336791992188,987.489807128906
Ukraine,UKR,Europe & Central Asia,1999,631.910461425781,831.336791992188
Ukraine,UKR,Europe & Central Asia,2000,653.294311523438,631.910461425781
Ukraine,UKR,Europe & Central Asia,2001,800.49072265625,653.294311523438
Ukraine,UKR,Europe & Central Asia,2002,903.011901855469,800.49072265625
Ukraine,UKR,Europe & Central Asia,2003,1076.48156738281,903.011901855469
Ukraine,UKR,Europe & Central Asia,2004,1401.01806640625,1076.48156738281
Ukraine,UKR,Europe & Central Asia,2005,1875.33508300781,1401.01806640625
Ukraine,UKR,Europe & Central Asia,2006,2366.494140625,1875.33508300781
Ukraine,UKR,Europe & Central Asia,2007,3160.32763671875,2366.494140625
Ukraine,UKR,Europe & Central Asia,2008,4017.806640625,3160.32763671875
Ukraine,UKR,Europe & Central Asia,2009,2607.08764648438,4017.806640625
Ukraine,UKR,Europe & Central Asia,2010,3039.63232421875,2607.08764648438
Ukraine,UKR,Europe & Central Asia,2011,3656.69799804688,3039.63232421875
Ukraine,UKR,Europe & Central Asia,2012,3951.34228515625,3656.69799804688
Ukraine,UKR,Europe & Central Asia,2013,4129.89697265625,3951.34228515625
Ukraine,UKR,Europe & Central Asia,2014,3054.908203125,4129.89697265625
Ukraine,UKR,Europe & Central Asia,2015,2094.47387695313,3054.908203125
Ukraine,UKR,Europe & Central Asia,2016,2158.46118164063,2094.47387695313
Ukraine,UKR,Europe & Central Asia,2017,2604.28759765625,2158.46118164063
Ukraine,UKR,Europe & Central Asia,2018,3059.0517578125,2604.28759765625
Ukraine,UKR,Europe & Central Asia,2019,3619.86157226563,3059.0517578125
Ukraine,UKR,Europe & Central Asia,2020,3709.76928710938,3619.86157226563
Ukraine,UKR,Europe & Central Asia,2021,4775.94580078125,3709.76928710938
Ukraine,UKR,Europe & Central Asia,2022,4199.6708984375,4775.94580078125
Ukraine,UKR,Europe & Central Asia,2023,5139.59814453125,4199.6708984375
Ukraine,UKR,Europe & Central Asia,2024,5389.47314453125,5139.59814453125
Uruguay,URY,Latin America & Caribbean ,1970,765.763011986694,722.586254907569
Uruguay,URY,Latin America & Caribbean ,1971,1000.28365412257,765.763011986694
Uruguay,URY,Latin America & Caribbean ,1972,775.937251050835,1000.28365412257
Uruguay,URY,Latin America & Caribbean ,1973,1397.28960304383,775.937251050835
Uruguay,URY,Latin America & Caribbean ,1974,1433.17797475063,1397.28960304383
Uruguay,URY,Latin America & Caribbean ,1975,1231.85370953179,1433.17797475063
Uruguay,URY,Latin America & Caribbean ,1976,1268.30303240921,1231.85370953179
Uruguay,URY,Latin America & Caribbean ,1977,1414.23789985403,1268.30303240921
Uruguay,URY,Latin America & Caribbean ,1978,1678.30925622568,1414.23789985403
Uruguay,URY,Latin America & Caribbean ,1979,2442.65957894266,1678.30925622568
Uruguay,URY,Latin America & Caribbean ,1980,3442.81230620351,2442.65957894266
Uruguay,URY,Latin America & Caribbean ,1981,3728.4455696996,3442.81230620351
Uruguay,URY,Latin America & Caribbean ,1982,3084.79407002174,3728.4455696996
Uruguay,URY,Latin America & Caribbean ,1983,1707.14462849135,3084.79407002174
Uruguay,URY,Latin America & Caribbean ,1984,1615.40647277136,1707.14462849135
Uruguay,URY,Latin America & Caribbean ,1985,1568.43216486363,1615.40647277136
Uruguay,URY,Latin America & Caribbean ,1986,1938.8108486947,1568.43216486363
Uruguay,URY,Latin America & Caribbean ,1987,2415.6541994875,1938.8108486947
Uruguay,URY,Latin America & Caribbean ,1988,2677.19777690993,2415.6541994875
Uruguay,URY,Latin America & Caribbean ,1989,2734.36623871535,2677.19777690993
Uruguay,URY,Latin America & Caribbean ,1990,2995.36105663465,2734.36623871535
Uruguay,URY,Latin America & Caribbean ,1991,3589.01541942634,2995.36105663465
Uruguay,URY,Latin America & Caribbean ,1992,4101.71054155291,3589.01541942634
Uruguay,URY,Latin America & Caribbean ,1993,4753.00924682647,4101.71054155291
Uruguay,URY,Latin America & Caribbean ,1994,5507.56481300056,4753.00924682647
Uruguay,URY,Latin America & Caribbean ,1995,6050.48632253644,5507.56481300056
Uruguay,URY,Latin America & Caribbean ,1996,6398.43575184095,6050.48632253644
Uruguay,URY,Latin America & Caribbean ,1997,7436.29342620682,6398.43575184095
Uruguay,URY,Latin America & Caribbean ,1998,7836.89183322307,7436.29342620682
Uruguay,URY,Latin America & Caribbean ,1999,7370.56995453931,7836.89183322307
Uruguay,URY,Latin America & Caribbean ,2000,6987.70098766257,7370.56995453931
Uruguay,URY,Latin America & Caribbean ,2001,6382.76104740859,6987.70098766257
Uruguay,URY,Latin America & Caribbean ,2002,4149.76140312687,6382.76104740859
Uruguay,URY,Latin America & Caribbean ,2003,3671.12329256883,4149.76140312687
Uruguay,URY,Latin America & Caribbean ,2004,4168.66065438387,3671.12329256883
Uruguay,URY,Latin America & Caribbean ,2005,5284.25677987129,4168.66065438387
Uruguay,URY,Latin America & Caribbean ,2006,6001.33294783172,5284.25677987129
Uruguay,URY,Latin America & Caribbean ,2007,7222.05403645877,6001.33294783172
Uruguay,URY,Latin America & Caribbean ,2008,9423.96562595893,7222.05403645877
Uruguay,URY,Latin America & Caribbean ,2009,9881.39573127081,9423.96562595893
Uruguay,URY,Latin America & Caribbean ,2010,12641.0576849008,9881.39573127081
Uruguay,URY,Latin America & Caribbean ,2011,15132.2675725587,12641.0576849008
Uruguay,URY,Latin America & Caribbean ,2012,16259.5940814256,15132.2675725587
Uruguay,URY,Latin America & Caribbean ,2013,18335.2594772322,16259.5940814256
Uruguay,URY,Latin America & Caribbean ,2014,18322.4276767157,18335.2594772322
Uruguay,URY,Latin America & Caribbean ,2015,17125.9016800298,18322.4276767157
Uruguay,URY,Latin America & Caribbean ,2016,17009.7584207276,17125.9016800298
Uruguay,URY,Latin America & Caribbean ,2017,19184.6502617082,17009.7584207276
Uruguay,URY,Latin America & Caribbean ,2018,19249.9404677501,19184.6502617082
Uruguay,URY,Latin America & Caribbean ,2019,18315.7316980028,19249.9404677501
Uruguay,URY,Latin America & Caribbean ,2020,15757.5355995779,18315.7316980028
Uruguay,URY,Latin America & Caribbean ,2021,17881.818721099,15757.5355995779
Uruguay,URY,Latin America & Caribbean ,2022,20818.6146091144,17881.818721099
Uruguay,URY,Latin America & Caribbean ,2023,23019.4221560046,20818.6146091144
Uruguay,URY,Latin America & Caribbean ,2024,23906.5133029408,23019.4221560046
United States,USA,North America,1970,5234.2966662115,5019.99818634473
United States,USA,North America,1971,5609.38259952519,5234.2966662115
United States,USA,North America,1972,6094.01798986165,5609.38259952519
United States,USA,North America,1973,6726.35895596695,6094.01798986165
United States,USA,North America,1974,7225.69135952566,6726.35895596695
United States,USA,North America,1975,7801.45666356443,7225.69135952566
United States,USA,North America,1976,8592.25353727612,7801.45666356443
United States,USA,North America,1977,9452.57651914511,8592.25353727612
United States,USA,North America,1978,10564.9482220275,9452.57651914511
United States,USA,North America,1979,11674.1818666548,10564.9482220275
United States,USA,North America,1980,12574.7915062163,11674.1818666548
United States,USA,North America,1981,13976.10539252,12574.7915062163
United States,USA,North America,1982,14433.787727053,13976.10539252
United States,USA,North America,1983,15543.8937174925,14433.787727053
United States,USA,North America,1984,17121.2254849995,15543.8937174925
United States,USA,North America,1985,18236.8277265009,17121.2254849995
United States,USA,North America,1986,19071.2271949295,18236.8277265009
United States,USA,North America,1987,20038.9410992658,19071.2271949295
United States,USA,North America,1988,21417.0119305191,20038.9410992658
United States,USA,North America,1989,22857.1544330056,21417.0119305191
United States,USA,North America,1990,23888.6000088133,22857.1544330056
United States,USA,North America,1991,24342.2589048189,23888.6000088133
United States,USA,North America,1992,25418.9907763319,24342.2589048189
United States,USA,North America,1993,26387.2937338171,25418.9907763319
United States,USA,North America,1994,27694.853416234,26387.2937338171
United States,USA,North America,1995,28690.8757013347,27694.853416234
United States,USA,North America,1996,29967.7127181749,28690.8757013347
United States,USA,North America,1997,31459.1389804773,29967.7127181749
United States,USA,North America,1998,32853.6769523009,31459.1389804773
United States,USA,North America,1999,34515.3902272076,32853.6769523009
United States,USA,North America,2000,36329.9560727102,34515.3902272076
United States,USA,North America,2001,37133.623113437,36329.9560727102
United States,USA,North America,2002,37997.7596573051,37133.623113437
United States,USA,North America,2003,39490.2749557007,37997.7596573051
United States,USA,North America,2004,41724.6316287624,39490.2749557007
United States,USA,North America,2005,44123.4070679055,41724.6316287624
United States,USA,North America,2006,46302.0008800056,44123.4070679055
United States,USA,North America,2007,48050.2237771135,46302.0008800056
United States,USA,North America,2008,48570.0459804586,48050.2237771135
United States,USA,North America,2009,47194.9433547336,48570.0459804586
United States,USA,North America,2010,48642.6100179312,47194.9433547336
United States,USA,North America,2011,50024.868799398,48642.6100179312
United States,USA,North America,2012,51708.4011556577,50024.868799398
United States,USA,North America,2013,53179.0127634561,51708.4011556577
United States,USA,North America,2014,54973.4207515712,53179.0127634561
United States,USA,North America,2015,56572.9188996063,54973.4207515712
United States,USA,North America,2016,57638.1018367192,56572.9188996063
United States,USA,North America,2017,59635.0984397965,57638.1018367192
United States,USA,North America,2018,62499.8744390068,59635.0984397965
United States,USA,North America,2019,64746.4506778863,62499.8744390068
United States,USA,North America,2020,63515.9491807833,64746.4506778863
United States,USA,North America,2021,70205.050916026,63515.9491807833
United States,USA,North America,2022,76657.2488844403,70205.050916026
United States,USA,North America,2023,81032.262117545,76657.2488844403
United States,USA,North America,2024,84534.0407841548,81032.262117545
Uzbekistan,UZB,Europe & Central Asia,1997,620.59129581366,597.33228695111
Uzbekistan,UZB,Europe & Central Asia,1998,621.048904301242,620.59129581366
Uzbekistan,UZB,Europe & Central Asia,1999,697.763539790812,621.048904301242
Uzbekistan,UZB,Europe & Central Asia,2000,555.149231099186,697.763539790812
Uzbekistan,UZB,Europe & Central Asia,2001,454.415812256778,555.149231099186
Uzbekistan,UZB,Europe & Central Asia,2002,381.409296889283,454.415812256778
Uzbekistan,UZB,Europe & Central Asia,2003,394.164028897235,381.409296889283
Uzbekistan,UZB,Europe & Central Asia,2004,462.171492867885,394.164028897235
Uzbekistan,UZB,Europe & Central Asia,2005,542.835808692209,462.171492867885
Uzbekistan,UZB,Europe & Central Asia,2006,649.118167003925,542.835808692209
Uzbekistan,UZB,Europe & Central Asia,2007,824.028192334768,649.118167003925
Uzbekistan,UZB,Europe & Central Asia,2008,1074.72928796701,824.028192334768
Uzbekistan,UZB,Europe & Central Asia,2009,1205.7993547038,1074.72928796701
Uzbekistan,UZB,Europe & Central Asia,2010,1753.20730243278,1205.7993547038
Uzbekistan,UZB,Europe & Central Asia,2011,2087.86386135694,1753.20730243278
Uzbekistan,UZB,Europe & Central Asia,2012,2307.34649117185,2087.86386135694
Uzbekistan,UZB,Europe & Central Asia,2013,2461.97947403595,2307.34649117185
Uzbekistan,UZB,Europe & Central Asia,2014,2674.9628382103,2461.97947403595
Uzbekistan,UZB,Europe & Central Asia,2015,2803.19018021751,2674.9628382103
Uzbekistan,UZB,Europe & Central Asia,2016,2753.37951427589,2803.19018021751
Uzbekistan,UZB,Europe & Central Asia,2017,2190.60411562888,2753.37951427589
Uzbekistan,UZB,Europe & Central Asia,2018,1813.08530813664,2190.60411562888
Uzbekistan,UZB,Europe & Central Asia,2019,2041.38480729431,1813.08530813664
Uzbekistan,UZB,Europe & Central Asia,2020,1978.28051860763,2041.38480729431
Uzbekistan,UZB,Europe & Central Asia,2021,2258.51964119278,1978.28051860763
Uzbekistan,UZB,Europe & Central Asia,2022,2578.66689394219,2258.51964119278
Uzbekistan,UZB,Europe & Central Asia,2023,2878.96879292451,2578.66689394219
Uzbekistan,UZB,Europe & Central Asia,2024,3161.70010632875,2878.96879292451
St. Vincent and the Grenadines,VCT,Latin America & Caribbean ,1970,192.259597349006,175.156220412801
St. Vincent and the Grenadines,VCT,Latin America & Caribbean ,1971,206.99399543877,192.259597349006
St. Vincent and the Grenadines,VCT,Latin America & Caribbean ,1972,282.092288222755,206.99399543877
St. Vincent and the Grenadines,VCT,Latin America & Caribbean ,1973,305.651792826921,282.092288222755
St. Vincent and the Grenadines,VCT,Latin America & Caribbean ,1974,330.705359076164,305.651792826921
St. Vincent and the Grenadines,VCT,Latin America & Caribbean ,1975,331.090937950783,330.705359076164
St. Vincent and the Grenadines,VCT,Latin America & Caribbean ,1976,324.049573435426,331.090937950783
St. Vincent and the Grenadines,VCT,Latin America & Caribbean ,1977,483.859271677682,324.049573435426
St. Vincent and the Grenadines,VCT,Latin America & Caribbean ,1978,592.019182500428,483.859271677682
St. Vincent and the Grenadines,VCT,Latin America & Caribbean ,1979,687.067392389007,592.019182500428
St. Vincent and the Grenadines,VCT,Latin America & Caribbean ,1980,790.115816929074,687.067392389007
St. Vincent and the Grenadines,VCT,Latin America & Caribbean ,1981,971.577277314431,790.115816929074
St. Vincent and the Grenadines,VCT,Latin America & Caribbean ,1982,1073.51398364931,971.577277314431
St. Vincent and the Grenadines,VCT,Latin America & Caribbean ,1983,1144.30586148776,1073.51398364931
St. Vincent and the Grenadines,VCT,Latin America & Caribbean ,1984,1253.86525558125,1144.30586148776
St. Vincent and the Grenadines,VCT,Latin America & Caribbean ,1985,1342.2456378927,1253.86525558125
St. Vincent and the Grenadines,VCT,Latin America & Caribbean ,1986,1471.86296489478,1342.2456378927
St. Vincent and the Grenadines,VCT,Latin America & Caribbean ,1987,1596.17319303831,1471.86296489478
St. Vincent and the Grenadines,VCT,Latin America & Caribbean ,1988,1813.93765107441,1596.17319303831
St. Vincent and the Grenadines,VCT,Latin America & Caribbean ,1989,1929.91050958212,1813.93765107441
St. Vincent and the Grenadines,VCT,Latin America & Caribbean ,1990,2149.73944358984,1929.91050958212
St. Vincent and the Grenadines,VCT,Latin America & Caribbean ,1991,2270.76357246912,2149.73944358984
St. Vincent and the Grenadines,VCT,Latin America & Caribbean ,1992,2470.51840791008,2270.76357246912
St. Vincent and the Grenadines,VCT,Latin America & Caribbean ,1993,2539.64968649849,2470.51840791008
St. Vincent and the Grenadines,VCT,Latin America & Caribbean ,1994,2563.24976564442,2539.64968649849
St. Vincent and the Grenadines,VCT,Latin America & Caribbean ,1995,2795.36305613955,2563.24976564442
St. Vincent and the Grenadines,VCT,Latin America & Caribbean ,1996,2930.44394742606,2795.36305613955
St. Vincent and the Grenadines,VCT,Latin America & Caribbean ,1997,3073.7784743848,2930.44394742606
St. Vincent and the Grenadines,VCT,Latin America & Caribbean ,1998,3301.10018129103,3073.7784743848
St. Vincent and the Grenadines,VCT,Latin America & Caribbean ,1999,3446.52293031878,3301.10018129103
St. Vincent and the Grenadines,VCT,Latin America & Caribbean ,2000,3768.95536604022,3446.52293031878
St. Vincent and the Grenadines,VCT,Latin America & Caribbean ,2001,4071.08601098962,3768.95536604022
St. Vincent and the Grenadines,VCT,Latin America & Caribbean ,2002,4303.27976789727,4071.08601098962
St. Vincent and the Grenadines,VCT,Latin America & Caribbean ,2003,4499.61454193342,4303.27976789727
St. Vincent and the Grenadines,VCT,Latin America & Caribbean ,2004,4873.48947742443,4499.61454193342
St. Vincent and the Grenadines,VCT,Latin America & Caribbean ,2005,5157.39373878102,4873.48947742443
St. Vincent and the Grenadines,VCT,Latin America & Caribbean ,2006,5744.8278621257,5157.39373878102
St. Vincent and the Grenadines,VCT,Latin America & Caribbean ,2007,6398.19123532172,5744.8278621257
St. Vincent and the Grenadines,VCT,Latin America & Caribbean ,2008,6598.90531450859,6398.19123532172
St. Vincent and the Grenadines,VCT,Latin America & Caribbean ,2009,6463.78777336717,6598.90531450859
St. Vincent and the Grenadines,VCT,Latin America & Caribbean ,2010,6551.96835992405,6463.78777336717
St. Vincent and the Grenadines,VCT,Latin America & Caribbean ,2011,6527.68996854448,6551.96835992405
St. Vincent and the Grenadines,VCT,Latin America & Caribbean ,2012,6713.80768643865,6527.68996854448
St. Vincent and the Grenadines,VCT,Latin America & Caribbean ,2013,7072.46737188939,6713.80768643865
St. Vincent and the Grenadines,VCT,Latin America & Caribbean ,2014,7168.82875342911,7072.46737188939
St. Vincent and the Grenadines,VCT,Latin America & Caribbean ,2015,7353.73556054184,7168.82875342911
St. Vincent and the Grenadines,VCT,Latin America & Caribbean ,2016,7656.90042881178,7353.73556054184
St. Vincent and the Grenadines,VCT,Latin America & Caribbean ,2017,7988.04445019298,7656.90042881178
St. Vincent and the Grenadines,VCT,Latin America & Caribbean ,2018,8428.12677153069,7988.04445019298
St. Vincent and the Grenadines,VCT,Latin America & Caribbean ,2019,8740.59425232061,8428.12677153069
St. Vincent and the Grenadines,VCT,Latin America & Caribbean ,2020,8351.20324040982,8740.59425232061
St. Vincent and the Grenadines,VCT,Latin America & Caribbean ,2021,8641.27904024443,8351.20324040982
St. Vincent and the Grenadines,VCT,Latin America & Caribbean ,2022,9693.55867833025,8641.27904024443
St. Vincent and the Grenadines,VCT,Latin America & Caribbean ,2023,10582.3656725229,9693.55867833025
St. Vincent and the Grenadines,VCT,Latin America & Caribbean ,2024,11501.2265187188,10582.3656725229
"Venezuela, RB",VEN,Latin America & Caribbean ,1970,1015.21990755986,931.598755748143
"Venezuela, RB",VEN,Latin America & Caribbean ,1971,1106.08824294225,1015.21990755986
"Venezuela, RB",VEN,Latin America & Caribbean ,1972,1155.26236263344,1106.08824294225
"Venezuela, RB",VEN,Latin America & Caribbean ,1973,1366.83361997071,1155.26236263344
"Venezuela, RB",VEN,Latin America & Caribbean ,1974,2033.51900797712,1366.83361997071
"Venezuela, RB",VEN,Latin America & Caribbean ,1975,2078.1534203511,2033.51900797712
"Venezuela, RB",VEN,Latin America & Caribbean ,1976,2309.19293494983,2078.1534203511
"Venezuela, RB",VEN,Latin America & Caribbean ,1977,2585.22051087846,2309.19293494983
"Venezuela, RB",VEN,Latin America & Caribbean ,1978,2727.13746585327,2585.22051087846
"Venezuela, RB",VEN,Latin America & Caribbean ,1979,3256.64908738452,2727.13746585327
"Venezuela, RB",VEN,Latin America & Caribbean ,1980,3874.40470623155,3256.64908738452
"Venezuela, RB",VEN,Latin America & Caribbean ,1981,4228.0988152685,3874.40470623155
"Venezuela, RB",VEN,Latin America & Caribbean ,1982,4201.54283466342,4228.0988152685
"Venezuela, RB",VEN,Latin America & Caribbean ,1983,4078.94233103427,4201.54283466342
"Venezuela, RB",VEN,Latin America & Caribbean ,1984,3519.80146489308,4078.94233103427
"Venezuela, RB",VEN,Latin America & Caribbean ,1985,3548.70434276284,3519.80146489308
"Venezuela, RB",VEN,Latin America & Caribbean ,1986,3376.34960597843,3548.70434276284
"Venezuela, RB",VEN,Latin America & Caribbean ,1987,2610.98837126004,3376.34960597843
"Venezuela, RB",VEN,Latin America & Caribbean ,1988,3191.47633742656,2610.98837126004
"Venezuela, RB",VEN,Latin America & Caribbean ,1989,2250.08459665588,3191.47633742656
"Venezuela, RB",VEN,Latin America & Caribbean ,1990,2451.5523114567,2250.08459665588
"Venezuela, RB",VEN,Latin America & Caribbean ,1991,2632.53969814106,2451.5523114567
"Venezuela, RB",VEN,Latin America & Caribbean ,1992,2907.30334439434,2632.53969814106
"Venezuela, RB",VEN,Latin America & Caribbean ,1993,2824.69144366441,2907.30334439434
"Venezuela, RB",VEN,Latin America & Caribbean ,1994,2688.98325145295,2824.69144366441
"Venezuela, RB",VEN,Latin America & Caribbean ,1995,3486.98350635919,2688.98325145295
"Venezuela, RB",VEN,Latin America & Caribbean ,1996,3112.825848106,3486.98350635919
"Venezuela, RB",VEN,Latin America & Caribbean ,1997,3710.82688355096,3112.825848106
"Venezuela, RB",VEN,Latin America & Caribbean ,1998,3869.98258848894,3710.82688355096
"Venezuela, RB",VEN,Latin America & Caribbean ,1999,4070.90619189484,3869.98258848894
"Venezuela, RB",VEN,Latin America & Caribbean ,2000,4776.2816763938,4070.90619189484
"Venezuela, RB",VEN,Latin America & Caribbean ,2001,4920.39313600453,4776.2816763938
"Venezuela, RB",VEN,Latin America & Caribbean ,2002,3652.09896501865,4920.39313600453
"Venezuela, RB",VEN,Latin America & Caribbean ,2003,3229.50557082079,3652.09896501865
"Venezuela, RB",VEN,Latin America & Caribbean ,2004,4269.08970872392,3229.50557082079
"Venezuela, RB",VEN,Latin America & Caribbean ,2005,5432.4854184654,4269.08970872392
"Venezuela, RB",VEN,Latin America & Caribbean ,2006,6739.38065342218,5432.4854184654
"Venezuela, RB",VEN,Latin America & Caribbean ,2007,8331.62096991844,6739.38065342218
"Venezuela, RB",VEN,Latin America & Caribbean ,2008,11262.4514256759,8331.62096991844
"Venezuela, RB",VEN,Latin America & Caribbean ,2009,11596.6021921731,11262.4514256759
"Venezuela, RB",VEN,Latin America & Caribbean ,2010,13646.3046622664,11596.6021921731
"Venezuela, RB",VEN,Latin America & Caribbean ,2011,10843.9229703167,13646.3046622664
"Venezuela, RB",VEN,Latin America & Caribbean ,2012,12607.2361246243,10843.9229703167
"Venezuela, RB",VEN,Latin America & Caribbean ,2013,8656.35669723668,12607.2361246243
"Venezuela, RB",VEN,Latin America & Caribbean ,2014,7096.22047105512,8656.35669723668
"Venezuela, RB",VEN,Latin America & Caribbean ,2015,4103.1384987005,7096.22047105512
"Venezuela, RB",VEN,Latin America & Caribbean ,2016,3670.15737848208,4103.1384987005
"Venezuela, RB",VEN,Latin America & Caribbean ,2017,3791.33160682077,3670.15737848208
"Venezuela, RB",VEN,Latin America & Caribbean ,2018,3422.65467014854,3791.33160682077
"Venezuela, RB",VEN,Latin America & Caribbean ,2019,2523.11275230667,3422.65467014854
"Venezuela, RB",VEN,Latin America & Caribbean ,2020,1506.0436210041,2523.11275230667
"Venezuela, RB",VEN,Latin America & Caribbean ,2021,2004.93397949792,1506.0436210041
"Venezuela, RB",VEN,Latin America & Caribbean ,2022,3155.04207099687,2004.93397949792
"Venezuela, RB",VEN,Latin America & Caribbean ,2023,3617.43594578269,3155.04207099687
"Venezuela, RB",VEN,Latin America & Caribbean ,2024,4217.59102643391,3617.43594578269
Virgin Islands (U.S.),VIR,Latin America & Caribbean ,2012,37795.3192590675,38997.1373164651
Virgin Islands (U.S.),VIR,Latin America & Caribbean ,2013,34597.9766940328,37795.3192590675
Virgin Islands (U.S.),VIR,Latin America & Caribbean ,2014,33045.3643795999,34597.9766940328
Virgin Islands (U.S.),VIR,Latin America & Caribbean ,2015,34007.3529411765,33045.3643795999
Virgin Islands (U.S.),VIR,Latin America & Caribbean ,2016,35324.9748874586,34007.3529411765
Virgin Islands (U.S.),VIR,Latin America & Caribbean ,2017,35365.0693039774,35324.9748874586
Virgin Islands (U.S.),VIR,Latin America & Caribbean ,2018,36663.2087550584,35365.0693039774
Virgin Islands (U.S.),VIR,Latin America & Caribbean ,2019,38633.5298915336,36663.2087550584
Virgin Islands (U.S.),VIR,Latin America & Caribbean ,2020,39787.3741650202,38633.5298915336
Virgin Islands (U.S.),VIR,Latin America & Caribbean ,2021,42571.0777368471,39787.3741650202
Virgin Islands (U.S.),VIR,Latin America & Caribbean ,2022,44320.909185774,42571.0777368471
Viet Nam,VNM,East Asia & Pacific,1995,287.802661028593,229.857787265757
Viet Nam,VNM,East Asia & Pacific,1996,337.051231790277,287.802661028593
Viet Nam,VNM,East Asia & Pacific,1997,361.643884085566,337.051231790277
Viet Nam,VNM,East Asia & Pacific,1998,361.350928411167,361.643884085566
Viet Nam,VNM,East Asia & Pacific,1999,375.994455900496,361.350928411167
Viet Nam,VNM,East Asia & Pacific,2000,404.029784055118,375.994455900496
Viet Nam,VNM,East Asia & Pacific,2001,419.205677580901,404.029784055118
Viet Nam,VNM,East Asia & Pacific,2002,445.132861817313,419.205677580901
Viet Nam,VNM,East Asia & Pacific,2003,497.117089249256,445.132861817313
Viet Nam,VNM,East Asia & Pacific,2004,565.452284586212,497.117089249256
Viet Nam,VNM,East Asia & Pacific,2005,710.746759994861,565.452284586212
Viet Nam,VNM,East Asia & Pacific,2006,807.756645117054,710.746759994861
Viet Nam,VNM,East Asia & Pacific,2007,925.640338348717,807.756645117054
Viet Nam,VNM,East Asia & Pacific,2008,1163.83195772873,925.640338348717
Viet Nam,VNM,East Asia & Pacific,2009,1226.16976051536,1163.83195772873
Viet Nam,VNM,East Asia & Pacific,2010,1683.16182443979,1226.16976051536
Viet Nam,VNM,East Asia & Pacific,2011,1950.92504174913,1683.16182443979
Viet Nam,VNM,East Asia & Pacific,2012,2185.11767654291,1950.92504174913
Viet Nam,VNM,East Asia & Pacific,2013,2359.51736472828,2185.11767654291
Viet Nam,VNM,East Asia & Pacific,2014,2546.38464459903,2359.51736472828
Viet Nam,VNM,East Asia & Pacific,2015,2577.56885340113,2546.38464459903
Viet Nam,VNM,East Asia & Pacific,2016,2735.0604380416,2577.56885340113
Viet Nam,VNM,East Asia & Pacific,2017,2956.10992127753,2735.0604380416
Viet Nam,VNM,East Asia & Pacific,2018,3222.31003125366,2956.10992127753
Viet Nam,VNM,East Asia & Pacific,2019,3440.90025375434,3222.31003125366
Viet Nam,VNM,East Asia & Pacific,2020,3534.03953482647,3440.90025375434
Viet Nam,VNM,East Asia & Pacific,2021,3704.1935590038,3534.03953482647
Viet Nam,VNM,East Asia & Pacific,2022,4147.69777213621,3704.1935590038
Viet Nam,VNM,East Asia & Pacific,2023,4323.35031982451,4147.69777213621
Viet Nam,VNM,East Asia & Pacific,2024,4717.29028732449,4323.35031982451
Vanuatu,VUT,East Asia & Pacific,1989,1066.62512806351,1125.00616977712
Vanuatu,VUT,East Asia & Pacific,1990,1140.59020311724,1066.62512806351
Vanuatu,VUT,East Asia & Pacific,1991,1326.37321256212,1140.59020311724
Vanuatu,VUT,East Asia & Pacific,1992,1343.68942861831,1326.37321256212
Vanuatu,VUT,East Asia & Pacific,1993,1257.29387486656,1343.68942861831
Vanuatu,VUT,East Asia & Pacific,1994,1430.99367776483,1257.29387486656
Vanuatu,VUT,East Asia & Pacific,1995,1491.78967004617,1430.99367776483
Vanuatu,VUT,East Asia & Pacific,1996,1529.27573115021,1491.78967004617
Vanuatu,VUT,East Asia & Pacific,1997,1562.03090670153,1529.27573115021
Vanuatu,VUT,East Asia & Pacific,1998,1470.97189048658,1562.03090670153
Vanuatu,VUT,East Asia & Pacific,1999,1472.17751741462,1470.97189048658
Vanuatu,VUT,East Asia & Pacific,2000,1460.23817692229,1472.17751741462
Vanuatu,VUT,East Asia & Pacific,2001,1350.18338238522,1460.23817692229
Vanuatu,VUT,East Asia & Pacific,2002,1340.71537528287,1350.18338238522
Vanuatu,VUT,East Asia & Pacific,2003,1566.51396790858,1340.71537528287
Vanuatu,VUT,East Asia & Pacific,2004,1774.31867585894,1566.51396790858
Vanuatu,VUT,East Asia & Pacific,2005,1873.99142640619,1774.31867585894
Vanuatu,VUT,East Asia & Pacific,2006,2034.79289624351,1873.99142640619
Vanuatu,VUT,East Asia & Pacific,2007,2333.70506748914,2034.79289624351
Vanuatu,VUT,East Asia & Pacific,2008,2603.60883136724,2333.70506748914
Vanuatu,VUT,East Asia & Pacific,2009,2546.38324565986,2603.60883136724
Vanuatu,VUT,East Asia & Pacific,2010,2815.18828985779,2546.38324565986
Vanuatu,VUT,East Asia & Pacific,2011,3163.1861645138,2815.18828985779
Vanuatu,VUT,East Asia & Pacific,2012,3004.78416664293,3163.1861645138
Vanuatu,VUT,East Asia & Pacific,2013,2979.79608084399,3004.78416664293
Vanuatu,VUT,East Asia & Pacific,2014,2973.09026493408,2979.79608084399
Vanuatu,VUT,East Asia & Pacific,2015,2854.89412272653,2973.09026493408
Vanuatu,VUT,East Asia & Pacific,2016,2956.12644801489,2854.89412272653
Vanuatu,VUT,East Asia & Pacific,2017,3159.86055790126,2956.12644801489
Vanuatu,VUT,East Asia & Pacific,2018,3206.65748718811,3159.86055790126
Vanuatu,VUT,East Asia & Pacific,2019,3207.44650452083,3206.65748718811
Vanuatu,VUT,East Asia & Pacific,2020,3042.98711598286,3207.44650452083
Vanuatu,VUT,East Asia & Pacific,2021,3107.20312858002,3042.98711598286
Vanuatu,VUT,East Asia & Pacific,2022,3370.21191956953,3107.20312858002
Vanuatu,VUT,East Asia & Pacific,2023,3482.61458237637,3370.21191956953
Vanuatu,VUT,East Asia & Pacific,2024,3410.77023167097,3482.61458237637
Samoa,WSM,East Asia & Pacific,1980,765.24773288828,750.588726090539
Samoa,WSM,East Asia & Pacific,1981,713.375672542904,765.24773288828
Samoa,WSM,East Asia & Pacific,1982,728.127937935873,713.375672542904
Samoa,WSM,East Asia & Pacific,1983,670.98638131758,728.127937935873
Samoa,WSM,East Asia & Pacific,1984,654.697560664036,670.98638131758
Samoa,WSM,East Asia & Pacific,1985,572.806387713236,654.697560664036
Samoa,WSM,East Asia & Pacific,1986,604.257418815764,572.806387713236
Samoa,WSM,East Asia & Pacific,1987,666.308337309081,604.257418815764
Samoa,WSM,East Asia & Pacific,1988,790.134992313838,666.308337309081
Samoa,WSM,East Asia & Pacific,1989,728.151128858805,790.134992313838
Samoa,WSM,East Asia & Pacific,1990,743.994213008355,728.151128858805
Samoa,WSM,East Asia & Pacific,1991,741.563963808482,743.994213008355
Samoa,WSM,East Asia & Pacific,1992,776.740824409711,741.563963808482
Samoa,WSM,East Asia & Pacific,1993,774.988631552282,776.740824409711
Samoa,WSM,East Asia & Pacific,1994,1276.85021574897,774.988631552282
Samoa,WSM,East Asia & Pacific,1995,1288.10473321401,1276.85021574897
Samoa,WSM,East Asia & Pacific,1996,1419.35849045228,1288.10473321401
Samoa,WSM,East Asia & Pacific,1997,1607.88744330521,1419.35849045228
Samoa,WSM,East Asia & Pacific,1998,1506.30359215846,1607.88744330521
Samoa,WSM,East Asia & Pacific,1999,1416.76915966987,1506.30359215846
Samoa,WSM,East Asia & Pacific,2000,1424.75240002471,1416.76915966987
Samoa,WSM,East Asia & Pacific,2001,1453.87021324606,1424.75240002471
Samoa,WSM,East Asia & Pacific,2002,1527.55790455937,1453.87021324606
Samoa,WSM,East Asia & Pacific,2003,1798.12429714048,1527.55790455937
Samoa,WSM,East Asia & Pacific,2004,2189.26042607992,1798.12429714048
Samoa,WSM,East Asia & Pacific,2005,2550.04221437511,2189.26042607992
Samoa,WSM,East Asia & Pacific,2006,2663.29135939532,2550.04221437511
Samoa,WSM,East Asia & Pacific,2007,3038.61904093377,2663.29135939532
Samoa,WSM,East Asia & Pacific,2008,3373.60639884263,3038.61904093377
Samoa,WSM,East Asia & Pacific,2009,3279.18269477295,3373.60639884263
Samoa,WSM,East Asia & Pacific,2010,3524.2479246203,3279.18269477295
Samoa,WSM,East Asia & Pacific,2011,3821.50678264479,3524.2479246203
Samoa,WSM,East Asia & Pacific,2012,3934.60320799981,3821.50678264479
Samoa,WSM,East Asia & Pacific,2013,4023.5254013825,3934.60320799981
Samoa,WSM,East Asia & Pacific,2014,3982.68080202084,4023.5254013825
Samoa,WSM,East Asia & Pacific,2015,4084.36083819933,3982.68080202084
Samoa,WSM,East Asia & Pacific,2016,4147.07097674888,4084.36083819933
Samoa,WSM,East Asia & Pacific,2017,4307.59381964907,4147.07097674888
Samoa,WSM,East Asia & Pacific,2018,4231.81409469194,4307.59381964907
Samoa,WSM,East Asia & Pacific,2019,4351.94234943706,4231.81409469194
Samoa,WSM,East Asia & Pacific,2020,4099.59660548583,4351.94234943706
Samoa,WSM,East Asia & Pacific,2021,4021.55934894283,4099.59660548583
Samoa,WSM,East Asia & Pacific,2022,4132.44717734444,4021.55934894283
Samoa,WSM,East Asia & Pacific,2023,4822.74084650019,4132.44717734444
Samoa,WSM,East Asia & Pacific,2024,5392.87761915762,4822.74084650019
Kosovo,XKX,Europe & Central Asia,2018,4384.18796444738,4009.32022050863
Kosovo,XKX,Europe & Central Asia,2019,4415.99923011071,4384.18796444738
Kosovo,XKX,Europe & Central Asia,2020,4310.88963754863,4415.99923011071
Kosovo,XKX,Europe & Central Asia,2021,5270.43236861018,4310.88963754863
Kosovo,XKX,Europe & Central Asia,2022,5290.95006509706,5270.43236861018
Kosovo,XKX,Europe & Central Asia,2023,6221.20618847799,5290.95006509706
Kosovo,XKX,Europe & Central Asia,2024,7023.06598512878,6221.20618847799
"Yemen, Rep.",YEM,"Middle East, North Africa, Afghanistan & Pakistan",2000,493.235182634814,401.448141660801
"Yemen, Rep.",YEM,"Middle East, North Africa, Afghanistan & Pakistan",2001,487.141257946318,493.235182634814
"Yemen, Rep.",YEM,"Middle East, North Africa, Afghanistan & Pakistan",2002,513.241486570603,487.141257946318
"Yemen, Rep.",YEM,"Middle East, North Africa, Afghanistan & Pakistan",2003,548.905883049973,513.241486570603
"Yemen, Rep.",YEM,"Middle East, North Africa, Afghanistan & Pakistan",2004,627.632023395762,548.905883049973
"Yemen, Rep.",YEM,"Middle East, North Africa, Afghanistan & Pakistan",2005,734.159908450927,627.632023395762
"Yemen, Rep.",YEM,"Middle East, North Africa, Afghanistan & Pakistan",2006,809.713127624703,734.159908450927
"Yemen, Rep.",YEM,"Middle East, North Africa, Afghanistan & Pakistan",2007,890.305768114988,809.713127624703
"Yemen, Rep.",YEM,"Middle East, North Africa, Afghanistan & Pakistan",2008,1071.63583282105,890.305768114988
"Yemen, Rep.",YEM,"Middle East, North Africa, Afghanistan & Pakistan",2009,969.243509864478,1071.63583282105
"Yemen, Rep.",YEM,"Middle East, North Africa, Afghanistan & Pakistan",2010,1155.20305261418,969.243509864478
"Yemen, Rep.",YEM,"Middle East, North Africa, Afghanistan & Pakistan",2011,1186.47500581215,1155.20305261418
"Yemen, Rep.",YEM,"Middle East, North Africa, Afghanistan & Pakistan",2012,1245.05068272078,1186.47500581215
"Yemen, Rep.",YEM,"Middle East, North Africa, Afghanistan & Pakistan",2013,1378.75002954928,1245.05068272078
"Yemen, Rep.",YEM,"Middle East, North Africa, Afghanistan & Pakistan",2014,1430.16420964026,1378.75002954928
"Yemen, Rep.",YEM,"Middle East, North Africa, Afghanistan & Pakistan",2015,1362.1738120601,1430.16420964026
"Yemen, Rep.",YEM,"Middle East, North Africa, Afghanistan & Pakistan",2016,975.359417003225,1362.1738120601
"Yemen, Rep.",YEM,"Middle East, North Africa, Afghanistan & Pakistan",2017,811.165970405745,975.359417003225
"Yemen, Rep.",YEM,"Middle East, North Africa, Afghanistan & Pakistan",2018,633.887202451545,811.165970405745
South Africa,ZAF,Sub-Saharan Africa ,1970,952.352188073537,890.922089102936
South Africa,ZAF,Sub-Saharan Africa ,1971,1020.43983590718,952.352188073537
South Africa,ZAF,Sub-Saharan Africa ,1972,1038.39407468283,1020.43983590718
South Africa,ZAF,Sub-Saharan Africa ,1973,1369.16160033933,1038.39407468283
South Africa,ZAF,Sub-Saharan Africa ,1974,1656.2890557998,1369.16160033933
South Africa,ZAF,Sub-Saharan Africa ,1975,1670.11816898954,1656.2890557998
South Africa,ZAF,Sub-Saharan Africa ,1976,1558.99824733487,1670.11816898954
South Africa,ZAF,Sub-Saharan Africa ,1977,1671.46618837272,1558.99824733487
South Africa,ZAF,Sub-Saharan Africa ,1978,1851.75191300848,1671.46618837272
South Africa,ZAF,Sub-Saharan Africa ,1979,2201.51922339868,1851.75191300848
South Africa,ZAF,Sub-Saharan Africa ,1980,3028.97447561832,2201.51922339868
South Africa,ZAF,Sub-Saharan Africa ,1981,3049.71474333882,3028.97447561832
South Africa,ZAF,Sub-Saharan Africa ,1982,2717.16388710425,3049.71474333882
South Africa,ZAF,Sub-Saharan Africa ,1983,2938.48980239675,2717.16388710425
South Africa,ZAF,Sub-Saharan Africa ,1984,2504.07736790289,2938.48980239675
South Africa,ZAF,Sub-Saharan Africa ,1985,1839.4841908184,2504.07736790289
South Africa,ZAF,Sub-Saharan Africa ,1986,2027.4662038189,1839.4841908184
South Africa,ZAF,Sub-Saharan Africa ,1987,2586.27423314228,2027.4662038189
South Africa,ZAF,Sub-Saharan Africa ,1988,2702.05504774508,2586.27423314228
South Africa,ZAF,Sub-Saharan Africa ,1989,2726.70980679488,2702.05504774508
South Africa,ZAF,Sub-Saharan Africa ,1990,3093.48920352334,2726.70980679488
South Africa,ZAF,Sub-Saharan Africa ,1991,3243.23616023953,3093.48920352334
South Africa,ZAF,Sub-Saharan Africa ,1992,3462.39400202835,3243.23616023953
South Africa,ZAF,Sub-Saharan Africa ,1993,3399.64009566241,3462.39400202835
South Africa,ZAF,Sub-Saharan Africa ,1994,3488.59711541763,3399.64009566241
South Africa,ZAF,Sub-Saharan Africa ,1995,3855.6340871567,3488.59711541763
South Africa,ZAF,Sub-Saharan Africa ,1996,3617.55336002932,3855.6340871567
South Africa,ZAF,Sub-Saharan Africa ,1997,3700.23554789867,3617.55336002932
South Africa,ZAF,Sub-Saharan Africa ,1998,3309.60933087472,3700.23554789867
South Africa,ZAF,Sub-Saharan Africa ,1999,3242.36830483958,3309.60933087472
South Africa,ZAF,Sub-Saharan Africa ,2000,3217.84693448467,3242.36830483958
South Africa,ZAF,Sub-Saharan Africa ,2001,2847.15191945908,3217.84693448467
South Africa,ZAF,Sub-Saharan Africa ,2002,2688.23676032806,2847.15191945908
South Africa,ZAF,Sub-Saharan Africa ,2003,4062.21755993786,2688.23676032806
South Africa,ZAF,Sub-Saharan Africa ,2004,5221.46333731721,4062.21755993786
South Africa,ZAF,Sub-Saharan Africa ,2005,5836.87663325127,5221.46333731721
South Africa,ZAF,Sub-Saharan Africa ,2006,6077.38293388876,5836.87663325127
South Africa,ZAF,Sub-Saharan Africa ,2007,6591.85535960564,6077.38293388876
South Africa,ZAF,Sub-Saharan Africa ,2008,6184.75474328399,6591.85535960564
South Africa,ZAF,Sub-Saharan Africa ,2009,6374.70560042992,6184.75474328399
South Africa,ZAF,Sub-Saharan Africa ,2010,7973.47195771517,6374.70560042992
South Africa,ZAF,Sub-Saharan Africa ,2011,8646.05571071635,7973.47195771517
South Africa,ZAF,Sub-Saharan Africa ,2012,8076.97678479741,8646.05571071635
South Africa,ZAF,Sub-Saharan Africa ,2013,7331.65467384919,8076.97678479741
South Africa,ZAF,Sub-Saharan Africa ,2014,6856.73137092522,7331.65467384919
South Africa,ZAF,Sub-Saharan Africa ,2015,6112.27382485974,6856.73137092522
South Africa,ZAF,Sub-Saharan Africa ,2016,5651.20585165749,6112.27382485974
South Africa,ZAF,Sub-Saharan Africa ,2017,6618.33508255701,5651.20585165749
South Africa,ZAF,Sub-Saharan Africa ,2018,6914.1780318076,6618.33508255701
South Africa,ZAF,Sub-Saharan Africa ,2019,6533.71121032856,6914.1780318076
South Africa,ZAF,Sub-Saharan Africa ,2020,5580.60383075189,6533.71121032856
South Africa,ZAF,Sub-Saharan Africa ,2021,6828.75624590017,5580.60383075189
South Africa,ZAF,Sub-Saharan Africa ,2022,6534.24867783397,6828.75624590017
South Africa,ZAF,Sub-Saharan Africa ,2023,6034.27208964673,6534.24867783397
South Africa,ZAF,Sub-Saharan Africa ,2024,6267.186814093,6034.27208964673
Zambia,ZMB,Sub-Saharan Africa ,1970,413.904675224945,458.981650783744
Zambia,ZMB,Sub-Saharan Africa ,1971,372.144071511389,413.904675224945
Zambia,ZMB,Sub-Saharan Africa ,1972,409.781146356948,372.144071511389
Zambia,ZMB,Sub-Saharan Africa ,1973,517.630055161873,409.781146356948
Zambia,ZMB,Sub-Saharan Africa ,1974,601.101371432691,517.630055161873
Zambia,ZMB,Sub-Saharan Africa ,1975,489.505018740558,601.101371432691
Zambia,ZMB,Sub-Saharan Africa ,1976,533.231631721853,489.505018740558
Zambia,ZMB,Sub-Saharan Africa ,1977,474.362362443019,533.231631721853
Zambia,ZMB,Sub-Saharan Africa ,1978,514.334878626644,474.362362443019
Zambia,ZMB,Sub-Saharan Africa ,1979,595.455849101956,514.334878626644
Zambia,ZMB,Sub-Saharan Africa ,1980,669.419722015371,595.455849101956
Zambia,ZMB,Sub-Saharan Africa ,1981,669.886829361684,669.419722015371
Zambia,ZMB,Sub-Saharan Africa ,1982,626.532533448195,669.886829361684
Zambia,ZMB,Sub-Saharan Africa ,1983,520.45583354177,626.532533448195
Zambia,ZMB,Sub-Saharan Africa ,1984,413.269974271735,520.45583354177
Zambia,ZMB,Sub-Saharan Africa ,1985,332.173737253298,413.269974271735
Zambia,ZMB,Sub-Saharan Africa ,1986,238.23379616097,332.173737253298
Zambia,ZMB,Sub-Saharan Africa ,1987,314.999602622841,238.23379616097
Zambia,ZMB,Sub-Saharan Africa ,1988,504.486020154114,314.999602622841
Zambia,ZMB,Sub-Saharan Africa ,1989,526.361769256072,504.486020154114
Zambia,ZMB,Sub-Saharan Africa ,1990,422.336298804219,526.361769256072
Zambia,ZMB,Sub-Saharan Africa ,1991,423.071256835592,422.336298804219
Zambia,ZMB,Sub-Saharan Africa ,1992,389.254665832226,423.071256835592
Zambia,ZMB,Sub-Saharan Africa ,1993,390.916673784646,389.254665832226
Zambia,ZMB,Sub-Saharan Africa ,1994,426.386598390102,390.916673784646
Zambia,ZMB,Sub-Saharan Africa ,1995,433.312782642118,426.386598390102
Zambia,ZMB,Sub-Saharan Africa ,1996,399.511304742449,433.312782642118
Zambia,ZMB,Sub-Saharan Africa ,1997,465.871942164799,399.511304742449
Zambia,ZMB,Sub-Saharan Africa ,1998,373.084763057408,465.871942164799
Zambia,ZMB,Sub-Saharan Africa ,1999,349.515723095687,373.084763057408
Zambia,ZMB,Sub-Saharan Africa ,2000,359.429500988221,349.515723095687
Zambia,ZMB,Sub-Saharan Africa ,2001,396.548952993504,359.429500988221
Zambia,ZMB,Sub-Saharan Africa ,2002,393.864625518616,396.548952993504
Zambia,ZMB,Sub-Saharan Africa ,2003,446.290104839041,393.864625518616
Zambia,ZMB,Sub-Saharan Africa ,2004,548.685974566277,446.290104839041
Zambia,ZMB,Sub-Saharan Africa ,2005,710.982068171696,548.685974566277
Zambia,ZMB,Sub-Saharan Africa ,2006,1051.71714895686,710.982068171696
Zambia,ZMB,Sub-Saharan Africa ,2007,1118.73162626953,1051.71714895686
Zambia,ZMB,Sub-Saharan Africa ,2008,1375.50211006997,1118.73162626953
Zambia,ZMB,Sub-Saharan Africa ,2009,1136.24168316848,1375.50211006997
Zambia,ZMB,Sub-Saharan Africa ,2010,1451.10616017155,1136.24168316848
Zambia,ZMB,Sub-Saharan Africa ,2011,1624.86817763443,1451.10616017155
Zambia,ZMB,Sub-Saharan Africa ,2012,1710.05061343728,1624.86817763443
Zambia,ZMB,Sub-Saharan Africa ,2013,1820.71854827391,1710.05061343728
Zambia,ZMB,Sub-Saharan Africa ,2014,1707.48573136694,1820.71854827391
Zambia,ZMB,Sub-Saharan Africa ,2015,1295.87788680068,1707.48573136694
Zambia,ZMB,Sub-Saharan Africa ,2016,1239.08527877713,1295.87788680068
Zambia,ZMB,Sub-Saharan Africa ,2017,1483.46577328065,1239.08527877713
Zambia,ZMB,Sub-Saharan Africa ,2018,1463.89997855593,1483.46577328065
Zambia,ZMB,Sub-Saharan Africa ,2019,1258.98619844462,1463.89997855593
Zambia,ZMB,Sub-Saharan Africa ,2020,951.644316655957,1258.98619844462
Zambia,ZMB,Sub-Saharan Africa ,2021,1127.16077872857,951.644316655957
Zambia,ZMB,Sub-Saharan Africa ,2022,1447.12310138035,1127.16077872857
Zambia,ZMB,Sub-Saharan Africa ,2023,1330.72780576709,1447.12310138035
Zambia,ZMB,Sub-Saharan Africa ,2024,1187.10943350064,1330.72780576709
Zimbabwe,ZWE,Sub-Saharan Africa ,1970,361.425992338609,345.754984688223
Zimbabwe,ZWE,Sub-Saharan Africa ,1971,405.571258550669,361.425992338609
Zimbabwe,ZWE,Sub-Saharan Africa ,1972,483.378111388597,405.571258550669
Zimbabwe,ZWE,Sub-Saharan Africa ,1973,578.81284112321,483.378111388597
Zimbabwe,ZWE,Sub-Saharan Africa ,1974,674.335381210306,578.81284112321
Zimbabwe,ZWE,Sub-Saharan Africa ,1975,717.130326238498,674.335381210306
Zimbabwe,ZWE,Sub-Saharan Africa ,1976,687.212457369771,717.130326238498
Zimbabwe,ZWE,Sub-Saharan Africa ,1977,677.045095606361,687.212457369771
Zimbabwe,ZWE,Sub-Saharan Africa ,1978,665.358361846219,677.045095606361
Zimbabwe,ZWE,Sub-Saharan Africa ,1979,779.249232367068,665.358361846219
Zimbabwe,ZWE,Sub-Saharan Africa ,1980,949.011610530352,779.249232367068
Zimbabwe,ZWE,Sub-Saharan Africa ,1981,1068.92311090177,949.011610530352
Zimbabwe,ZWE,Sub-Saharan Africa ,1982,1095.88472887835,1068.92311090177
Zimbabwe,ZWE,Sub-Saharan Africa ,1983,959.205194217604,1095.88472887835
Zimbabwe,ZWE,Sub-Saharan Africa ,1984,757.359025240321,959.205194217604
Zimbabwe,ZWE,Sub-Saharan Africa ,1985,649.27581323637,757.359025240321
Zimbabwe,ZWE,Sub-Saharan Africa ,1986,692.529276865648,649.27581323637
Zimbabwe,ZWE,Sub-Saharan Africa ,1987,726.43141011947,692.529276865648
Zimbabwe,ZWE,Sub-Saharan Africa ,1988,815.89246404532,726.43141011947
Zimbabwe,ZWE,Sub-Saharan Africa ,1989,840.417972601175,815.89246404532
Zimbabwe,ZWE,Sub-Saharan Africa ,1990,866.928868406131,840.417972601175
Zimbabwe,ZWE,Sub-Saharan Africa ,1991,830.961354818769,866.928868406131
Zimbabwe,ZWE,Sub-Saharan Africa ,1992,631.149149280088,830.961354818769
Zimbabwe,ZWE,Sub-Saharan Africa ,1993,604.70311652877,631.149149280088
Zimbabwe,ZWE,Sub-Saharan Africa ,1994,634.062003018813,604.70311652877
Zimbabwe,ZWE,Sub-Saharan Africa ,1995,648.315259628165,634.062003018813
Zimbabwe,ZWE,Sub-Saharan Africa ,1996,766.913775859535,648.315259628165
Zimbabwe,ZWE,Sub-Saharan Africa ,1997,750.583100340929,766.913775859535
Zimbabwe,ZWE,Sub-Saharan Africa ,1998,552.448328691252,750.583100340929
Zimbabwe,ZWE,Sub-Saharan Africa ,1999,582.299355588147,552.448328691252
Zimbabwe,ZWE,Sub-Saharan Africa ,2000,562.833757496076,582.299355588147
Zimbabwe,ZWE,Sub-Saharan Africa ,2001,566.388746448872,562.833757496076
Zimbabwe,ZWE,Sub-Saharan Africa ,2002,524.936478570323,566.388746448872
Zimbabwe,ZWE,Sub-Saharan Africa ,2003,468.471932927213,524.936478570323
Zimbabwe,ZWE,Sub-Saharan Africa ,2004,469.719298949304,468.471932927213
Zimbabwe,ZWE,Sub-Saharan Africa ,2005,461.271387547912,469.719298949304
Zimbabwe,ZWE,Sub-Saharan Africa ,2006,431.034994414964,461.271387547912
Zimbabwe,ZWE,Sub-Saharan Africa ,2007,413.521244592925,431.034994414964
Zimbabwe,ZWE,Sub-Saharan Africa ,2008,340.917447588572,413.521244592925
Zimbabwe,ZWE,Sub-Saharan Africa ,2009,735.821693871697,340.917447588572
Zimbabwe,ZWE,Sub-Saharan Africa ,2010,902.010759067388,735.821693871697
Zimbabwe,ZWE,Sub-Saharan Africa ,2011,1037.77565157218,902.010759067388
Zimbabwe,ZWE,Sub-Saharan Africa ,2012,1239.22709745709,1037.77565157218
Zimbabwe,ZWE,Sub-Saharan Africa ,2013,1362.99498323368,1239.22709745709
Zimbabwe,ZWE,Sub-Saharan Africa ,2014,1372.91526173161,1362.99498323368
Zimbabwe,ZWE,Sub-Saharan Africa ,2015,1387.12632595026,1372.91526173161
Zimbabwe,ZWE,Sub-Saharan Africa ,2016,1408.13945253431,1387.12632595026
Zimbabwe,ZWE,Sub-Saharan Africa ,2017,3445.44941020134,1408.13945253431
Zimbabwe,ZWE,Sub-Saharan Africa ,2018,2270.89531874302,3445.44941020134
Zimbabwe,ZWE,Sub-Saharan Africa ,2019,2184.32923855469,2270.89531874302
Zimbabwe,ZWE,Sub-Saharan Africa ,2020,2059.67445384499,2184.32923855469
Zimbabwe,ZWE,Sub-Saharan Africa ,2021,2613.60542083552,2059.67445384499
Zimbabwe,ZWE,Sub-Saharan Africa ,2022,2536.40050223076,2613.60542083552
Zimbabwe,ZWE,Sub-Saharan Africa ,2023,2195.22492079245,2536.40050223076
Zimbabwe,ZWE,Sub-Saharan Africa ,2024,2497.20332208763,2195.22492079245
