country_name,country_code,wb_region,feature_year,target_year,actual_gdp_next_year,pred_ols,pred_ridge,pred_elastic_net,pred_random_forest,pred_xgboost,spec,split
Afghanistan,AFG,"Middle East, North Africa, Afghanistan & Pakistan",2005,2006,274.2186,278.3131,278.3131002324693,279.85483317486387,279.8352515664257,332.30148,Model 3,train
Afghanistan,AFG,"Middle East, North Africa, Afghanistan & Pakistan",2006,2007,376.2232,299.3923,299.3923366710497,301.39485606204533,350.27088139132985,376.8212,Model 3,train
Afghanistan,AFG,"Middle East, North Africa, Afghanistan & Pakistan",2007,2008,381.7332,408.7723,408.7722952063827,410.6499665911001,388.2158350551293,451.1611,Model 3,train
Afghanistan,AFG,"Middle East, North Africa, Afghanistan & Pakistan",2008,2009,452.0537,398.2673,398.2673521287256,406.021340415145,454.00096878623646,425.42947,Model 3,train
Afghanistan,AFG,"Middle East, North Africa, Afghanistan & Pakistan",2009,2010,560.6215,467.7874,467.78739154187787,479.2237403083216,536.1877973337926,569.48816,Model 3,train
Afghanistan,AFG,"Middle East, North Africa, Afghanistan & Pakistan",2010,2011,606.6947,604.2043,604.2043149156544,607.5127393804063,588.0951196166966,659.0324,Model 3,train
Afghanistan,AFG,"Middle East, North Africa, Afghanistan & Pakistan",2011,2012,651.4171,653.8496,653.8496271759954,656.6087000901973,643.6081680409499,676.97504,Model 3,train
Afghanistan,AFG,"Middle East, North Africa, Afghanistan & Pakistan",2012,2013,637.0871,700.402,700.4020347576137,704.1489366575114,640.4754041802094,713.8344,Model 3,train
Afghanistan,AFG,"Middle East, North Africa, Afghanistan & Pakistan",2013,2014,625.0549,685.1126,685.1126253057557,689.2219423808295,624.6153307628613,692.5616,Model 3,train
Afghanistan,AFG,"Middle East, North Africa, Afghanistan & Pakistan",2014,2015,565.5697,671.3969,671.3969148060601,676.1539547090928,594.4984424489372,662.3937,Model 3,train
Afghanistan,AFG,"Middle East, North Africa, Afghanistan & Pakistan",2015,2016,522.0822,607.1375,607.137477375277,612.7970778944339,532.4461080057534,631.80585,Model 3,train
Afghanistan,AFG,"Middle East, North Africa, Afghanistan & Pakistan",2016,2017,525.4698,560.9474,560.9474159616674,566.7858275862396,520.6912207720434,583.5378,Model 3,train
Afghanistan,AFG,"Middle East, North Africa, Afghanistan & Pakistan",2017,2018,491.3372,563.4903,563.4903368002903,569.7080658660534,514.1145828778539,583.5378,Model 3,train
Angola,AGO,Sub-Saharan Africa ,1996,1997,521.7029,577.8767,577.8765701463976,563.9706346443619,522.5433631511902,522.4848,Model 3,train
Angola,AGO,Sub-Saharan Africa ,1997,1998,429.1881,515.1628,515.162685756777,515.739994245172,495.4865057564899,510.0985,Model 3,train
Angola,AGO,Sub-Saharan Africa ,1998,1999,392.7255,419.4218,419.4217624156697,424.7427063412536,413.08449818400464,429.06558,Model 3,train
Angola,AGO,Sub-Saharan Africa ,1999,2000,563.7338,428.0055,428.00548152227384,418.49011822701414,468.96071953207183,451.90997,Model 3,train
Angola,AGO,Sub-Saharan Africa ,2000,2001,533.5862,610.911,610.9109178011352,596.3281398599448,615.1895113793555,596.24304,Model 3,train
Angola,AGO,Sub-Saharan Africa ,2001,2002,999.0659,576.6419,576.6417970724766,565.4116458163936,699.94003053327,589.25305,Model 3,train
Angola,AGO,Sub-Saharan Africa ,2002,2003,1133.6633,1061.4676,1061.4674389112538,1044.9656011278494,1116.120936530746,1101.0801,Model 3,train
Angola,AGO,Sub-Saharan Africa ,2003,2004,1451.4712,1202.457,1202.4568030034611,1187.569141777709,1412.5004330395016,1334.4695,Model 3,train
Angola,AGO,Sub-Saharan Africa ,2004,2005,2145.8862,1520.0081,1520.0078764230811,1513.9748250894822,1810.339393575047,1603.2634,Model 3,train
Angola,AGO,Sub-Saharan Africa ,2005,2006,2930.4443,2226.2448,2226.244420902248,2221.9617695090064,2693.7637988653632,2314.0967,Model 3,train
Angola,AGO,Sub-Saharan Africa ,2006,2007,3515.0568,3020.8695,3020.8688330275654,3016.481754214579,3512.8111945157425,3030.276,Model 3,train
Angola,AGO,Sub-Saharan Africa ,2007,2008,4578.1553,3615.0378,3615.036978395726,3610.636560363873,4136.5295861437835,3653.9695,Model 3,train
Angola,AGO,Sub-Saharan Africa ,2008,2009,3645.1485,4491.3384,4491.337478252424,4559.979041952573,4224.898372624748,3932.9214,Model 3,train
Angola,AGO,Sub-Saharan Africa ,2009,2010,4101.6372,3590.6202,3590.619510613036,3654.430311713425,3912.2600924535,3670.5874,Model 3,train
Angola,AGO,Sub-Saharan Africa ,2010,2011,5184.1527,4214.0513,4214.050374121032,4217.743793068337,4757.87844429317,4288.856,Model 3,train
Angola,AGO,Sub-Saharan Africa ,2011,2012,5702.4531,5304.0564,5304.055251241505,5308.993649721707,5569.59675767285,5291.0874,Model 3,train
Angola,AGO,Sub-Saharan Africa ,2012,2013,5688.5792,5818.9955,5818.99422247879,5833.703694817168,5637.216342897418,5428.0576,Model 3,train
Angola,AGO,Sub-Saharan Africa ,2013,2014,5649.6876,5795.9691,5795.96797967146,5825.880753542557,5496.800827641823,5046.9136,Model 3,train
Angola,AGO,Sub-Saharan Africa ,2014,2015,3641.7289,5742.1948,5742.193879605728,5791.739579566377,4657.5765317291225,4831.4253,Model 3,train
Angola,AGO,Sub-Saharan Africa ,2015,2016,2051.8146,3727.8952,3727.894739677577,3773.269078130268,2722.239930364514,3299.862,Model 3,train
Angola,AGO,Sub-Saharan Africa ,2016,2017,2790.7189,2126.2986,2126.2985271934244,2154.912662525187,2414.86414861457,2204.9048,Model 3,train
Angola,AGO,Sub-Saharan Africa ,2017,2018,2860.0936,2874.7868,2874.786530734891,2911.881541839576,2802.9480469308537,2792.6553,Model 3,train
Albania,ALB,Europe & Central Asia,1995,1996,1020.9762,1028.0554,1028.0556393042914,1015.2411520736696,966.7592399687765,1145.4523,Model 3,train
Albania,ALB,Europe & Central Asia,1996,1997,728.5455,1150.1134,1150.1136099227194,1133.957767568408,889.3751166316822,1165.5239,Model 3,train
Albania,ALB,Europe & Central Asia,1997,1998,831.1753,749.9743,749.9744162043567,757.1415152800033,832.640115898379,804.76807,Model 3,train
Albania,ALB,Europe & Central Asia,1998,1999,1056.3448,852.0813,852.0815088547165,862.4710081585789,943.325036262868,969.4455,Model 3,train
Albania,ALB,Europe & Central Asia,1999,2000,1160.4205,1183.8557,1183.8559436351863,1171.161480727531,1099.401009498859,1270.7756,Model 3,train
Albania,ALB,Europe & Central Asia,2000,2001,1326.4165,1298.3838,1298.3840977134307,1283.6858759237468,1325.0138886649995,1414.7139,Model 3,train
Albania,ALB,Europe & Central Asia,2001,2002,1479.8388,1481.243,1481.2432170843458,1462.7324476196004,1483.9660636445726,1664.451,Model 3,train
Albania,ALB,Europe & Central Asia,2002,2003,1908.699,1650.4729,1650.473189420686,1627.5729898519355,1732.91352714073,1831.9529,Model 3,train
Albania,ALB,Europe & Central Asia,2003,2004,2446.9095,2116.8034,2116.803670848846,2086.993112096892,2312.4441977522215,2421.6096,Model 3,train
Albania,ALB,Europe & Central Asia,2004,2005,2741.7214,2702.5041,2702.5043835280076,2661.006869721047,2760.8811404672138,3276.1345,Model 3,train
Albania,ALB,Europe & Central Asia,2005,2006,3057.7726,3019.4556,3019.455888589496,2975.045455018484,3116.8879663240477,3422.7996,Model 3,train
Albania,ALB,Europe & Central Asia,2006,2007,3743.0553,3358.5458,3358.5461355756697,3311.681527506648,3529.2347585772277,3910.813,Model 3,train
Albania,ALB,Europe & Central Asia,2007,2008,4498.5049,4092.6591,4092.659486096163,4038.7866928618914,4362.888396132142,4788.3486,Model 3,train
Albania,ALB,Europe & Central Asia,2008,2009,4213.6501,4685.9666,4685.967173217991,4709.903326704876,4430.1061219343965,4680.6704,Model 3,train
Albania,ALB,Europe & Central Asia,2009,2010,4149.1447,4369.1294,4369.130162426969,4417.748696765999,4339.012094552708,4923.626,Model 3,train
Albania,ALB,Europe & Central Asia,2010,2011,4465.7091,4487.0634,4487.0640815092775,4464.651398342342,4404.4630953874375,4782.575,Model 3,train
Albania,ALB,Europe & Central Asia,2011,2012,4280.9332,4817.3437,4817.344387923801,4792.99348381938,4433.778538061831,4883.605,Model 3,train
Albania,ALB,Europe & Central Asia,2012,2013,4542.929,4612.6435,4612.64419707745,4593.852751276197,4487.147533805118,4693.45,Model 3,train
Albania,ALB,Europe & Central Asia,2013,2014,4793.5975,4881.2794,4881.280135895906,4864.3091966951715,4701.310585896449,4968.223,Model 3,train
Albania,ALB,Europe & Central Asia,2014,2015,4199.5391,5137.3974,5137.398106542724,5123.471933491833,4640.730712292983,5101.5522,Model 3,train
Albania,ALB,Europe & Central Asia,2015,2016,4457.6341,4506.5293,4506.530050589894,4502.182058605638,4431.019185718494,4576.0513,Model 3,train
Albania,ALB,Europe & Central Asia,2016,2017,5006.3601,4774.6568,4774.657638627529,4772.216720336373,4825.53951364284,4936.7207,Model 3,train
Albania,ALB,Europe & Central Asia,2017,2018,5897.6545,5348.5971,5348.597974658878,5345.054715820651,5642.907343472514,5810.0146,Model 3,train
United Arab Emirates,ARE,"Middle East, North Africa, Afghanistan & Pakistan",2008,2009,37803.0664,48899.5947,48899.59338443621,49989.229357153214,41923.15887441643,42189.277,Model 3,train
United Arab Emirates,ARE,"Middle East, North Africa, Afghanistan & Pakistan",2009,2010,44795.2949,36990.7914,36990.79185684046,37976.260515723385,41906.93090119617,38589.36,Model 3,train
United Arab Emirates,ARE,"Middle East, North Africa, Afghanistan & Pakistan",2010,2011,51921.9045,45581.3079,45581.30678843772,46022.51958341347,49584.907006259265,46153.145,Model 3,train
United Arab Emirates,ARE,"Middle East, North Africa, Afghanistan & Pakistan",2011,2012,53141.6124,52519.4296,52519.42866242004,53132.97129972662,52704.875601632826,53346.945,Model 3,train
United Arab Emirates,ARE,"Middle East, North Africa, Afghanistan & Pakistan",2012,2013,53247.2409,53584.0481,53584.047828723465,54318.419481503646,53019.367813156605,54251.52,Model 3,train
United Arab Emirates,ARE,"Middle East, North Africa, Afghanistan & Pakistan",2013,2014,52725.2358,53608.3869,53608.38670358532,54392.28731922878,51860.980407656585,53915.746,Model 3,train
United Arab Emirates,ARE,"Middle East, North Africa, Afghanistan & Pakistan",2014,2015,44910.335,53026.7082,53026.70811542792,53840.05560185737,49005.60164871603,51649.254,Model 3,train
United Arab Emirates,ARE,"Middle East, North Africa, Afghanistan & Pakistan",2015,2016,42721.0999,45263.269,45263.26959716948,46004.49706233498,44029.1385805693,45598.566,Model 3,train
United Arab Emirates,ARE,"Middle East, North Africa, Afghanistan & Pakistan",2016,2017,43733.6192,43044.6256,43044.62625314675,43793.6107401296,43776.510448206565,44592.645,Model 3,train
United Arab Emirates,ARE,"Middle East, North Africa, Afghanistan & Pakistan",2017,2018,47135.3592,43968.7843,43968.7853190155,44796.82892514805,45561.61065806444,45080.61,Model 3,train
Armenia,ARM,Europe & Central Asia,1994,1995,443.9249,457.0785,457.0785386643751,438.68281902875975,451.3858080102165,479.19528,Model 3,train
Armenia,ARM,Europe & Central Asia,1995,1996,487.0686,517.9437,517.9437615934887,496.83799715185273,498.90196930713273,529.7785,Model 3,train
Armenia,ARM,Europe & Central Asia,1996,1997,505.0359,552.511,552.5111686892822,544.0661832165296,531.7585315507273,563.3402,Model 3,train
Armenia,ARM,Europe & Central Asia,1997,1998,590.2399,519.0761,519.0762548751231,524.6904097712047,563.0950425897717,553.55096,Model 3,train
Armenia,ARM,Europe & Central Asia,1998,1999,582.6699,604.6498,604.6499205937766,611.1844474883001,580.1587522262283,637.50006,Model 3,train
Armenia,ARM,Europe & Central Asia,1999,2000,593.4506,656.4085,656.4086051754779,648.6053753968969,618.4389961691821,673.7579,Model 3,train
Armenia,ARM,Europe & Central Asia,2000,2001,659.589,669.8982,669.8983241469343,663.7209198653054,647.5943134478969,709.34534,Model 3,train
Armenia,ARM,Europe & Central Asia,2001,2002,742.6511,743.327,743.3271976122984,735.5961428197593,744.3079192728593,818.7669,Model 3,train
Armenia,ARM,Europe & Central Asia,2002,2003,882.0302,834.2857,834.2858686344695,825.2027347580326,877.3925283007737,980.44,Model 3,train
Armenia,ARM,Europe & Central Asia,2003,2004,1130.0879,987.3809,987.3810836161256,975.6285896858606,1085.2780839930847,1138.4839,Model 3,train
Armenia,ARM,Europe & Central Asia,2004,2005,1557.4846,1259.9505,1259.95073551498,1242.7446800168848,1450.743656371613,1377.961,Model 3,train
Armenia,ARM,Europe & Central Asia,2005,2006,2041.6527,1724.6108,1724.6109679767208,1699.435913342939,1891.492975631459,1989.301,Model 3,train
Armenia,ARM,Europe & Central Asia,2006,2007,2962.7023,2249.4758,2249.475967501015,2211.4891655346346,2651.9634583931816,2509.5935,Model 3,train
Armenia,ARM,Europe & Central Asia,2007,2008,3777.6686,3243.6089,3243.6089572704254,3180.5076526913854,3517.4882730722065,3355.0732,Model 3,train
Armenia,ARM,Europe & Central Asia,2008,2009,2820.5927,3941.4667,3941.466761927409,3926.782141204937,3425.7638351725577,3741.9875,Model 3,train
Armenia,ARM,Europe & Central Asia,2009,2010,3041.3445,2943.0735,2943.0736931971837,2949.3900695948564,3119.659676776763,3124.7441,Model 3,train
Armenia,ARM,Europe & Central Asia,2010,2011,3349.5531,3302.1529,3302.153156821889,3258.6359106293153,3372.829862524349,3362.2483,Model 3,train
Armenia,ARM,Europe & Central Asia,2011,2012,3511.564,3624.4047,3624.404946185646,3583.6494821828874,3571.4224128682235,3592.8423,Model 3,train
Armenia,ARM,Europe & Central Asia,2012,2013,3680.1669,3787.2315,3787.2317881271224,3752.940027015726,3718.4162732804502,3875.6858,Model 3,train
Armenia,ARM,Europe & Central Asia,2013,2014,3852.118,3963.583,3963.5833770109607,3930.623693472469,3791.21505130656,3992.1519,Model 3,train
Armenia,ARM,Europe & Central Asia,2014,2015,3512.3935,4126.5026,4126.503089652798,4109.5414367298035,3745.3673829754302,3930.9226,Model 3,train
Armenia,ARM,Europe & Central Asia,2015,2016,3524.4248,3760.6839,3760.6844226455582,3752.434159131366,3598.1086657040582,3807.097,Model 3,train
Armenia,ARM,Europe & Central Asia,2016,2017,3869.0537,3762.2059,3762.206536370984,3762.486854401944,3754.6180714299658,3933.7053,Model 3,train
Armenia,ARM,Europe & Central Asia,2017,2018,4196.0056,4124.1131,4124.113659637263,4122.070494223322,4072.102351838772,4163.515,Model 3,train
Australia,AUS,East Asia & Pacific,1991,1992,18650.3675,20148.5657,20148.563956282553,19837.2707113958,18946.580779782413,20662.863,Model 3,train
Australia,AUS,East Asia & Pacific,1992,1993,17724.54,19875.4787,19875.47696870314,19587.27061648157,18505.067865655023,20110.312,Model 3,train
Australia,AUS,East Asia & Pacific,1993,1994,18155.6282,18903.3642,18903.362761698725,18644.112574260744,18757.099102582903,19263.012,Model 3,train
Australia,AUS,East Asia & Pacific,1994,1995,20479.1748,19344.7266,19344.72491082755,19074.577885973016,19791.16447197913,19935.152,Model 3,train
Australia,AUS,East Asia & Pacific,1995,1996,22055.8385,21772.6054,21772.603062739337,21440.832868639332,21396.664620891857,20242.463,Model 3,train
Australia,AUS,East Asia & Pacific,1996,1997,23683.4949,23400.2458,23400.243031672548,23049.986861480866,23238.804384090476,22050.404,Model 3,train
Australia,AUS,East Asia & Pacific,1997,1998,21516.0403,22681.9688,22681.966713913323,23002.91428549992,22702.29868851288,23280.498,Model 3,train
Australia,AUS,East Asia & Pacific,1998,1999,20749.6444,20545.4451,20545.444249653967,20936.073963520877,21507.28982418474,22115.627,Model 3,train
Australia,AUS,East Asia & Pacific,1999,2000,21908.9968,21776.0284,21776.02828385096,21711.696950880352,21762.09615000974,22241.39,Model 3,train
Australia,AUS,East Asia & Pacific,2000,2001,19733.651,22939.2574,22939.25746838318,22896.441811135886,20921.107060136943,22653.193,Model 3,train
Australia,AUS,East Asia & Pacific,2001,2002,20335.096,20654.2904,20654.291102079933,20675.972642818542,20757.71396830415,22337.025,Model 3,train
Australia,AUS,East Asia & Pacific,2005,2006,36658.8243,35671.5608,35671.56040650574,35728.181017368035,37339.48465046783,36399.098,Model 3,train
Australia,AUS,East Asia & Pacific,2006,2007,41128.2477,37785.6971,37785.69663353464,37865.33585224679,40307.41971161573,40316.844,Model 3,train
Australia,AUS,East Asia & Pacific,2007,2008,49811.2067,42249.3843,42249.38358235431,42366.51150009153,47378.01903544493,44654.69,Model 3,train
Australia,AUS,East Asia & Pacific,2008,2009,42954.8495,48797.0194,48797.018652737184,49731.04847543702,43932.61409339429,45173.87,Model 3,train
Australia,AUS,East Asia & Pacific,2009,2010,52313.8939,42097.6369,42097.637298526606,43014.762196409,48369.47667037238,44184.227,Model 3,train
Australia,AUS,East Asia & Pacific,2010,2011,62799.3895,53342.2621,53342.2600050299,53537.01771170744,57903.62428093257,54258.04,Model 3,train
Australia,AUS,East Asia & Pacific,2011,2012,68301.4403,63759.8364,63759.832923488495,63988.24784208649,64878.13834585296,59561.48,Model 3,train
Australia,AUS,East Asia & Pacific,2012,2013,68476.6788,69206.7242,69206.7194815595,69439.2364871208,68591.50561056421,65954.71,Model 3,train
Australia,AUS,East Asia & Pacific,2013,2014,62817.2062,69253.9667,69253.96259160012,69582.68448061484,65187.41487953739,66169.42,Model 3,train
Australia,AUS,East Asia & Pacific,2014,2015,56970.3613,63569.5671,63569.56380993759,63934.84525606683,59758.40893671088,57746.695,Model 3,train
Australia,AUS,East Asia & Pacific,2015,2016,50084.4441,57688.9905,57688.98809571025,58086.16560711276,53174.54619843915,52719.957,Model 3,train
Australia,AUS,East Asia & Pacific,2016,2017,54117.5477,50757.8641,50757.86279290825,51185.70739093886,51017.541076689784,48779.94,Model 3,train
Australia,AUS,East Asia & Pacific,2017,2018,57410.1737,54748.7841,54748.781830960026,55180.39006358641,55078.45870225403,53901.043,Model 3,train
Austria,AUT,Europe & Central Asia,1991,1992,24782.7119,24020.7979,24020.79494376216,23276.46540979769,24253.96655578358,23450.361,Model 3,train
Austria,AUT,Europe & Central Asia,1992,1993,23987.2037,26610.3791,26610.37545748719,25774.200804211963,24777.524582977007,24382.494,Model 3,train
Austria,AUT,Europe & Central Asia,1993,1994,25546.2461,25754.212,25754.20851783211,24962.26013650944,25248.717639283157,24669.53,Model 3,train
Austria,AUT,Europe & Central Asia,1994,1995,30207.0674,27388.6614,27388.657499392495,26549.420322927013,28158.330551951854,27097.666,Model 3,train
Austria,AUT,Europe & Central Asia,1995,1996,29645.9451,32274.9236,32274.918325351468,31270.726135570098,30202.881342614182,30538.46,Model 3,train
Austria,AUT,Europe & Central Asia,1996,1997,26571.7524,31618.4442,31618.43951917733,30695.93147681235,28326.91746522682,29942.51,Model 3,train
Austria,AUT,Europe & Central Asia,1997,1998,27212.4643,25743.3437,25743.34038950332,25676.840843333324,26810.93355357484,27232.096,Model 3,train
Austria,AUT,Europe & Central Asia,1998,1999,27078.7082,26299.8157,26299.8126994111,26284.33249724513,27017.57697633774,27984.008,Model 3,train
Austria,AUT,Europe & Central Asia,1999,2000,24487.2975,28760.614,28760.61144701516,28100.284212747887,25725.53611096136,26981.213,Model 3,train
Austria,AUT,Europe & Central Asia,2000,2001,24430.496,25967.0543,25967.05300556629,25465.858530959813,25166.34560743476,26357.854,Model 3,train
Austria,AUT,Europe & Central Asia,2001,2002,26334.8622,25867.5065,25867.505617609608,25415.8883770812,25868.908715177047,26458.113,Model 3,train
Austria,AUT,Europe & Central Asia,2002,2003,32110.116,27848.4431,27848.441584432676,27338.59718499737,30085.357493808777,29035.201,Model 3,train
Austria,AUT,Europe & Central Asia,2003,2004,36614.2507,33761.3089,33761.306746149625,33159.74127221782,35767.479581049665,34512.195,Model 3,train
Austria,AUT,Europe & Central Asia,2004,2005,38157.3702,38285.5481,38285.54639873385,37718.8110549889,38720.63490240636,38327.49,Model 3,train
Austria,AUT,Europe & Central Asia,2005,2006,40382.2078,39813.0555,39813.0538391426,39258.66316548017,39908.53866445001,39731.594,Model 3,train
Austria,AUT,Europe & Central Asia,2006,2007,46622.9623,42024.2552,42024.25399814655,41516.19459172228,45177.76143492481,43740.277,Model 3,train
Austria,AUT,Europe & Central Asia,2007,2008,51581.3982,48321.2579,48321.256392554606,47776.136699001654,50958.62514680475,49918.727,Model 3,train
Austria,AUT,Europe & Central Asia,2008,2009,47857.4447,51044.0719,51044.07124475775,51351.037539523946,48077.206359822856,46660.945,Model 3,train
Austria,AUT,Europe & Central Asia,2009,2010,46611.1393,47338.3577,47338.35748279322,47682.58729846603,47008.38544105647,48201.984,Model 3,train
Austria,AUT,Europe & Central Asia,2010,2011,51116.8954,48149.5683,48149.567078417014,47710.7005106584,50600.66230144154,49194.465,Model 3,train
Austria,AUT,Europe & Central Asia,2011,2012,48250.4059,52677.459,52677.45755643985,52224.5441575244,49199.48991033525,49364.266,Model 3,train
Austria,AUT,Europe & Central Asia,2012,2013,50305.3546,49704.0863,49704.08518571688,49322.67391975635,49955.438809807645,48555.21,Model 3,train
Austria,AUT,Europe & Central Asia,2013,2014,51314.9723,51746.693,51746.6914806023,51363.02196743646,50219.30374360635,49894.785,Model 3,train
Austria,AUT,Europe & Central Asia,2014,2015,43915.228,52742.994,52742.99244292867,52375.62595000444,47133.47391731868,47926.41,Model 3,train
Austria,AUT,Europe & Central Asia,2015,2016,45061.4994,45154.9355,45154.93499511368,44922.0746014976,44929.73875103851,44068.543,Model 3,train
Austria,AUT,Europe & Central Asia,2016,2017,47163.7426,46300.7304,46300.729827225485,46082.13153029285,46930.255127153345,46858.316,Model 3,train
Austria,AUT,Europe & Central Asia,2017,2018,51194.075,48354.8356,48354.834834421345,48150.721017218064,49993.46501051836,49033.48,Model 3,train
Azerbaijan,AZE,Europe & Central Asia,1994,1995,314.558,184.1275,184.12749742996385,176.86562641650193,239.34242087390163,210.20035,Model 3,train
Azerbaijan,AZE,Europe & Central Asia,1995,1996,409.1855,365.1655,365.1655612511002,349.71655763535165,342.47682893213147,375.60294,Model 3,train
Azerbaijan,AZE,Europe & Central Asia,1996,1997,505.5162,460.9839,460.9839158458347,452.6376047020024,469.10141673350176,437.75058,Model 3,train
Azerbaijan,AZE,Europe & Central Asia,1997,1998,561.9068,513.5468,513.5468258948114,517.9375721696327,553.6807064245874,502.59216,Model 3,train
Azerbaijan,AZE,Europe & Central Asia,1998,1999,573.8935,569.5327,569.5328121905441,574.9470387540275,568.1870776776569,597.9328,Model 3,train
Azerbaijan,AZE,Europe & Central Asia,1999,2000,655.0972,640.6431,640.6431652062511,631.5700737645321,643.2932366944337,609.7737,Model 3,train
Azerbaijan,AZE,Europe & Central Asia,2000,2001,703.671,730.2915,730.2916254866834,719.3051682613539,703.1123455166288,680.8728,Model 3,train
Azerbaijan,AZE,Europe & Central Asia,2001,2002,763.1089,783.6872,783.6873156995498,771.9895840813683,754.7247610539347,784.3677,Model 3,train
Azerbaijan,AZE,Europe & Central Asia,2002,2003,883.6926,848.1017,848.1018062569657,836.4212163072407,856.8772204840055,939.9387,Model 3,train
Azerbaijan,AZE,Europe & Central Asia,2005,2006,2472.9573,1733.6708,1733.6708070043574,1701.906643495367,2131.969327770335,1869.6525,Model 3,train
Azerbaijan,AZE,Europe & Central Asia,2006,2007,3851.3302,2694.287,2694.2870086767734,2642.2931630095395,3341.792807899452,2919.5078,Model 3,train
Azerbaijan,AZE,Europe & Central Asia,2007,2008,5574.4681,4167.5654,4167.565127838631,4072.872896917056,4748.41575396436,4512.4546,Model 3,train
Azerbaijan,AZE,Europe & Central Asia,2008,2009,4950.3995,5742.3904,5742.389973462667,5697.950454245346,5407.823593209358,4937.3936,Model 3,train
Azerbaijan,AZE,Europe & Central Asia,2009,2010,5843.5338,5076.9458,5076.945667902359,5075.966651147287,5681.065382724161,5727.87,Model 3,train
Azerbaijan,AZE,Europe & Central Asia,2010,2011,7189.8187,6213.2051,6213.205056841077,6131.37738943932,6846.818297529929,6328.0327,Model 3,train
Azerbaijan,AZE,Europe & Central Asia,2011,2012,7495.8653,7610.7197,7610.719528858447,7507.904173211372,7581.342005485065,7403.817,Model 3,train
Azerbaijan,AZE,Europe & Central Asia,2012,2013,7875.3454,7910.4541,7910.454002537699,7823.630813088801,7845.133102519924,7932.6436,Model 3,train
Azerbaijan,AZE,Europe & Central Asia,2013,2014,7890.8403,8259.8079,8259.808137815364,8212.274717377899,7587.924638714384,8117.145,Model 3,train
Azerbaijan,AZE,Europe & Central Asia,2014,2015,5500.5036,8268.3174,8268.317706948801,8230.515806264712,6735.221300899333,7377.358,Model 3,train
Azerbaijan,AZE,Europe & Central Asia,2015,2016,3880.6852,5794.7818,5794.78235761761,5785.639655925723,4931.621897025945,5460.435,Model 3,train
Azerbaijan,AZE,Europe & Central Asia,2016,2017,4147.1981,4113.5397,4113.5402303751425,4113.364324228773,4089.778170701061,4142.552,Model 3,train
Azerbaijan,AZE,Europe & Central Asia,2017,2018,4739.7943,4388.3432,4388.343706686369,4387.554559993196,4483.214866366943,4399.1636,Model 3,train
Burundi,BDI,Sub-Saharan Africa ,1991,1992,184.869,221.1091,221.10913082893856,221.95468811150369,192.06197953679157,208.61528,Model 3,train
Burundi,BDI,Sub-Saharan Africa ,1992,1993,165.3441,199.6031,199.6031369199172,200.72888265494635,168.93016835930797,171.82668,Model 3,train
Burundi,BDI,Sub-Saharan Africa ,1993,1994,161.8926,177.3539,177.35394085979985,177.07509287751608,163.47477397076486,173.26404,Model 3,train
Burundi,BDI,Sub-Saharan Africa ,1994,1995,164.9153,175.3293,175.32928516328212,176.09343837256085,160.80418357085364,156.2802,Model 3,train
Burundi,BDI,Sub-Saharan Africa ,1995,1996,143.1567,178.5514,178.55141647497237,179.21635725134,154.54458009621763,174.11835,Model 3,train
Burundi,BDI,Sub-Saharan Africa ,1996,1997,160.2783,155.4649,155.46494850241837,156.03905201628726,150.33375853363646,154.81238,Model 3,train
Burundi,BDI,Sub-Saharan Africa ,1997,1998,144.4569,157.9018,157.90184757700624,162.38854128836363,150.4906998963156,153.38643,Model 3,train
Burundi,BDI,Sub-Saharan Africa ,1998,1999,127.5142,142.1685,142.16848344026292,146.9085547172239,135.67407592699195,151.45456,Model 3,train
Burundi,BDI,Sub-Saharan Africa ,1999,2000,134.5379,138.3801,138.38016774452242,139.92425416609282,131.25975735579806,136.7857,Model 3,train
Burundi,BDI,Sub-Saharan Africa ,2000,2001,132.1596,146.2849,146.28493706118857,147.35207904024543,135.3151976951752,155.35088,Model 3,train
Burundi,BDI,Sub-Saharan Africa ,2001,2002,120.9523,143.4248,143.42485958922504,144.98829658593658,126.57027078333856,137.34682,Model 3,train
Burundi,BDI,Sub-Saharan Africa ,2002,2003,111.4067,131.3433,131.34329879212692,133.27697304820472,118.31781068517698,139.97368,Model 3,train
Burundi,BDI,Sub-Saharan Africa ,2003,2004,125.195,121.4483,121.44830565913604,123.19009843124483,136.01908923422857,148.1796,Model 3,train
Burundi,BDI,Sub-Saharan Africa ,2004,2005,147.2346,136.2658,136.2658418740111,138.34433634650784,142.07404463322038,153.20157,Model 3,train
Burundi,BDI,Sub-Saharan Africa ,2005,2006,161.8928,160.014,160.01405771952412,162.2889218355537,167.22102052962842,175.74641,Model 3,train
Burundi,BDI,Sub-Saharan Africa ,2006,2007,166.1627,175.4264,175.42645463468608,178.2948681771508,176.48347322680243,199.7865,Model 3,train
Burundi,BDI,Sub-Saharan Africa ,2007,2008,189.5021,180.2264,180.22646558999816,183.1119751210094,191.69477145147255,206.01668,Model 3,train
Burundi,BDI,Sub-Saharan Africa ,2008,2009,198.4315,196.95,196.95004539256269,202.95982815419256,207.92253133042303,229.91766,Model 3,train
Burundi,BDI,Sub-Saharan Africa ,2009,2010,216.7277,205.6445,205.6445169695501,212.54700404237164,216.2579559260467,246.59532,Model 3,train
Burundi,BDI,Sub-Saharan Africa ,2010,2011,230.0698,234.1148,234.11478666863633,238.08988488039552,237.09540739208947,266.83636,Model 3,train
Burundi,BDI,Sub-Saharan Africa ,2011,2012,231.0988,248.4443,248.44435274824028,252.6288081393981,237.2948339709091,262.2914,Model 3,train
Burundi,BDI,Sub-Saharan Africa ,2012,2013,234.8448,249.9151,249.9151085246207,253.94656135264347,240.2254297562191,260.29242,Model 3,train
Burundi,BDI,Sub-Saharan Africa ,2013,2014,250.5445,253.4804,253.48045418617448,258.17557218272566,247.4102303668484,268.96432,Model 3,train
Burundi,BDI,Sub-Saharan Africa ,2014,2015,254.4026,269.9957,269.9957422206018,275.1975339652417,253.79701348681508,272.79556,Model 3,train
Burundi,BDI,Sub-Saharan Africa ,2015,2016,232.9378,273.9832,273.98322059800984,279.36051416035036,253.509084020227,290.77817,Model 3,train
Burundi,BDI,Sub-Saharan Africa ,2016,2017,246.0607,251.2381,251.23815626273455,256.50706418309653,247.7410739903453,277.3434,Model 3,train
Burundi,BDI,Sub-Saharan Africa ,2017,2018,245.6617,265.5865,265.5865312971895,270.76784406713125,255.60520330512975,290.08185,Model 3,train
Belgium,BEL,Europe & Central Asia,1991,1992,23372.6192,22653.9106,22653.908162282372,21996.839560324224,23036.555654257525,21839.928,Model 3,train
Belgium,BEL,Europe & Central Asia,1992,1993,22283.936,25106.3073,25106.30419250631,24367.92127342747,23393.215321843178,24222.898,Model 3,train
Belgium,BEL,Europe & Central Asia,1993,1994,24208.5548,23933.7029,23933.699943478197,23242.24828591769,23841.174346239022,22911.635,Model 3,train
Belgium,BEL,Europe & Central Asia,1994,1995,28413.8264,25948.2742,25948.270810698377,25204.56846951313,27228.96353838062,25597.854,Model 3,train
Belgium,BEL,Europe & Central Asia,1995,1996,27489.5552,30357.4001,30357.395462535704,29465.983777587448,28143.07477194129,28061.777,Model 3,train
Belgium,BEL,Europe & Central Asia,1996,1997,24820.9381,29363.2957,29363.29150517576,28531.227879851616,26182.065613872837,27151.084,Model 3,train
Belgium,BEL,Europe & Central Asia,1997,1998,25338.4433,24079.3701,24079.366902790614,24024.603189935096,25628.715124928072,24964.588,Model 3,train
Belgium,BEL,Europe & Central Asia,1998,1999,25252.8019,24534.3937,24534.390482422925,24503.271682872022,25144.270842308953,24903.547,Model 3,train
Belgium,BEL,Europe & Central Asia,1999,2000,23098.8865,26883.8097,26883.80673078382,26232.36744271907,24223.021715327213,23811.52,Model 3,train
Belgium,BEL,Europe & Central Asia,2000,2001,23015.0713,24514.3591,24514.35765720513,24032.67673072542,23586.083505665123,23170.326,Model 3,train
Belgium,BEL,Europe & Central Asia,2001,2002,25006.1914,24405.6531,24405.65172964924,23944.562844169523,24427.229495844516,23403.02,Model 3,train
Belgium,BEL,Europe & Central Asia,2002,2003,30655.2093,26345.6668,26345.666096810215,25955.934934761914,28415.754398732646,26825.398,Model 3,train
Belgium,BEL,Europe & Central Asia,2003,2004,35429.4078,32134.9677,32134.96632263278,31656.151184966267,34249.642207096185,31009.285,Model 3,train
Belgium,BEL,Europe & Central Asia,2004,2005,36809.7013,37026.6895,37026.68785871045,36501.553214291176,37203.80996397505,37412.613,Model 3,train
Belgium,BEL,Europe & Central Asia,2005,2006,38705.1068,38400.2358,38400.23391050175,37874.1897299151,38893.6151174676,38047.105,Model 3,train
Belgium,BEL,Europe & Central Asia,2006,2007,44319.1654,40259.951,40259.94952661163,39787.242459760986,42699.525213347566,40410.152,Model 3,train
Belgium,BEL,Europe & Central Asia,2007,2008,48303.398,45933.7496,45933.7478655275,45428.431201982276,46996.755572813236,44670.11,Model 3,train
Belgium,BEL,Europe & Central Asia,2008,2009,44923.34,47820.8597,47820.85845825944,48081.13719003831,44824.84049012907,44321.215,Model 3,train
Belgium,BEL,Europe & Central Asia,2009,2010,44197.3937,44400.5025,44400.50257755326,44794.48016628011,45321.135908392265,45546.89,Model 3,train
Belgium,BEL,Europe & Central Asia,2010,2011,47760.8299,45588.754,45588.75326882121,45255.590835169714,47000.27525186548,44665.723,Model 3,train
Belgium,BEL,Europe & Central Asia,2011,2012,44874.1709,49156.7104,49156.70956136681,48828.80785685397,46225.416992549915,47765.062,Model 3,train
Belgium,BEL,Europe & Central Asia,2012,2013,46964.5947,46191.0617,46191.06076734406,45892.08151665703,46602.226976795806,46153.934,Model 3,train
Belgium,BEL,Europe & Central Asia,2013,2014,47995.7787,48245.651,48245.64990955818,47969.74094889378,47752.335139166025,47571.586,Model 3,train
Belgium,BEL,Europe & Central Asia,2014,2015,40893.8045,49249.2714,49249.27088864671,49040.47746555535,43947.239967063775,46255.28,Model 3,train
Belgium,BEL,Europe & Central Asia,2015,2016,41854.5498,42024.7488,42024.7487363016,41880.953430438145,42817.202045731974,42313.14,Model 3,train
Belgium,BEL,Europe & Central Asia,2016,2017,44035.3239,42986.558,42986.557977863915,42855.28414946896,44180.95791355679,43314.42,Model 3,train
Belgium,BEL,Europe & Central Asia,2017,2018,47487.21,45152.6745,45152.674012349555,45011.91600588577,46695.471656040994,44519.43,Model 3,train
Benin,BEN,Sub-Saharan Africa ,1996,1997,344.5505,399.1738,399.1738954692429,403.42275688831216,363.0707659916838,354.60367,Model 3,train
Benin,BEN,Sub-Saharan Africa ,1997,1998,361.602,338.136,338.1360705427203,350.7794817220658,370.5397700757733,348.71075,Model 3,train
Benin,BEN,Sub-Saharan Africa ,1998,1999,525.1306,354.5401,354.5401400844146,367.6276403758447,424.239188251681,350.7299,Model 3,train
Benin,BEN,Sub-Saharan Africa ,1999,2000,487.4241,563.0744,563.0744516803002,568.6804429971314,519.5331386768372,511.03168,Model 3,train
Benin,BEN,Sub-Saharan Africa ,2000,2001,492.4015,523.3662,523.3662101320432,528.6803636018402,497.66974299466784,488.13187,Model 3,train
Benin,BEN,Sub-Saharan Africa ,2001,2002,546.4638,528.2341,528.2341220721295,533.6723056875901,538.241760473993,507.5771,Model 3,train
Benin,BEN,Sub-Saharan Africa ,2002,2003,676.0029,584.7649,584.7649910718527,590.7337702803787,626.5699467356592,548.1315,Model 3,train
Benin,BEN,Sub-Saharan Africa ,2003,2004,758.6958,720.4376,720.4376661007522,727.1603777635411,752.6059589986263,723.78345,Model 3,train
Benin,BEN,Sub-Saharan Africa ,2004,2005,779.4378,806.5883,806.5882738800475,813.8935530896074,811.5667278455023,809.54443,Model 3,train
Benin,BEN,Sub-Saharan Africa ,2005,2006,809.1471,828.6544,828.6543747046894,835.7884788354393,824.1505856998411,838.44086,Model 3,train
Benin,BEN,Sub-Saharan Africa ,2006,2007,912.3382,859.0206,859.0206341225719,866.765263128148,896.7377757647755,846.6228,Model 3,train
Benin,BEN,Sub-Saharan Africa ,2007,2008,1060.6025,965.8638,965.8638133080356,974.6079184392162,1013.2342844326772,984.0779,Model 3,train
Benin,BEN,Sub-Saharan Africa ,2008,2009,1024.1028,1072.59,1072.590010473432,1098.5259826850154,1048.2175003074794,1072.3975,Model 3,train
Benin,BEN,Sub-Saharan Africa ,2009,2010,973.2443,1034.318,1034.3180426153522,1061.222084223181,1029.3732611338282,1022.8064,Model 3,train
Benin,BEN,Sub-Saharan Africa ,2010,2011,1059.4136,1026.8621,1026.862083921813,1036.4039798429274,1037.5605785899372,1010.70526,Model 3,train
Benin,BEN,Sub-Saharan Africa ,2011,2012,1071.5258,1115.0231,1115.023067149055,1125.4426037743578,1094.5746881864102,1068.0139,Model 3,train
Benin,BEN,Sub-Saharan Africa ,2012,2013,1168.927,1127.5352,1127.5351326812583,1137.502592850237,1131.588804370179,1125.3945,Model 3,train
Benin,BEN,Sub-Saharan Africa ,2013,2014,1204.3992,1226.4706,1226.4705210090217,1238.456715362964,1190.2892574057398,1179.3533,Model 3,train
Benin,BEN,Sub-Saharan Africa ,2014,2015,1002.4189,1261.8009,1261.800833299511,1274.7323661365847,1108.552141910554,1166.3167,Model 3,train
Benin,BEN,Sub-Saharan Africa ,2015,2016,1010.5339,1051.1561,1051.1560377064832,1064.924856624168,1019.3919098566672,987.6049,Model 3,train
Benin,BEN,Sub-Saharan Africa ,2016,2017,1054.9741,1057.7751,1057.7750540811385,1073.0104527297956,1053.3890262290397,1013.1468,Model 3,train
Benin,BEN,Sub-Saharan Africa ,2017,2018,1151.741,1101.884,1101.8839779405505,1118.9602107291844,1105.4379615764974,1058.6672,Model 3,train
Burkina Faso,BFA,Sub-Saharan Africa ,1996,1997,223.854,261.7728,261.7728289583419,264.2069466377608,235.82953347378336,253.08714,Model 3,train
Burkina Faso,BFA,Sub-Saharan Africa ,1997,1998,249.5317,219.0666,219.06661448462577,226.9663538949276,238.42367925438327,226.68547,Model 3,train
Burkina Faso,BFA,Sub-Saharan Africa ,1998,1999,292.837,243.8859,243.88593087170713,252.54238021112104,274.89824900314136,252.7838,Model 3,train
Burkina Faso,BFA,Sub-Saharan Africa ,1999,2000,248.9085,314.0705,314.0705087834064,317.2917631793358,267.3305404101022,293.0845,Model 3,train
Burkina Faso,BFA,Sub-Saharan Africa ,2000,2001,259.4852,267.5857,267.5857190932122,270.7090665295292,261.2528104577289,250.8878,Model 3,train
Burkina Faso,BFA,Sub-Saharan Africa ,2001,2002,285.6541,278.9328,278.93280234116145,281.99134520857365,279.57288675557203,271.2802,Model 3,train
Burkina Faso,BFA,Sub-Saharan Africa ,2002,2003,362.3739,306.3062,306.3062054717207,309.7248786996901,334.9895326584863,319.45422,Model 3,train
Burkina Faso,BFA,Sub-Saharan Africa ,2003,2004,403.8128,387.0393,387.0392768817897,390.9764836622762,395.5762903112271,374.54828,Model 3,train
Burkina Faso,BFA,Sub-Saharan Africa ,2004,2005,441.1641,430.3494,430.3493847554944,434.9349586658125,440.6466211163025,428.6116,Model 3,train
Burkina Faso,BFA,Sub-Saharan Africa ,2005,2006,455.5137,470.0239,470.0239545577203,474.5885955655456,462.5337848500945,461.16776,Model 3,train
Burkina Faso,BFA,Sub-Saharan Africa ,2006,2007,514.6845,484.6759,484.6759514580956,489.8886128337006,503.27071919934554,478.35446,Model 3,train
Burkina Faso,BFA,Sub-Saharan Africa ,2007,2008,619.4375,546.3422,546.3422235049524,552.3401581062071,587.3561735138022,544.39417,Model 3,train
Burkina Faso,BFA,Sub-Saharan Africa ,2008,2009,601.5695,628.9472,628.9472211646395,645.3813288691165,631.9767477107898,609.51404,Model 3,train
Burkina Faso,BFA,Sub-Saharan Africa ,2009,2010,624.9573,610.1919,610.191869510762,627.5649555431368,630.8759173341872,626.6058,Model 3,train
Burkina Faso,BFA,Sub-Saharan Africa ,2010,2011,725.0248,661.0634,661.0634247447703,669.2520778507017,690.360920148792,673.869,Model 3,train
Burkina Faso,BFA,Sub-Saharan Africa ,2011,2012,731.4701,765.4673,765.4672547423188,774.3972333395072,732.9973602919662,744.90875,Model 3,train
Burkina Faso,BFA,Sub-Saharan Africa ,2012,2013,759.7621,771.9905,771.9905283870226,781.3763157052649,746.5863631860591,746.5487,Model 3,train
Burkina Faso,BFA,Sub-Saharan Africa ,2013,2014,764.8617,800.4424,800.4423851018068,811.146146974863,740.7314896750074,791.2338,Model 3,train
Burkina Faso,BFA,Sub-Saharan Africa ,2014,2015,630.1248,805.1843,805.1842637001755,816.6803101343137,696.1085865409601,772.0264,Model 3,train
Burkina Faso,BFA,Sub-Saharan Africa ,2015,2016,663.7424,665.2349,665.2349579553365,675.9706911470145,643.1925282646212,638.7796,Model 3,train
Burkina Faso,BFA,Sub-Saharan Africa ,2016,2017,709.0915,699.7966,699.7965917454036,711.3336806228003,715.1493025460463,700.27435,Model 3,train
Burkina Faso,BFA,Sub-Saharan Africa ,2017,2018,777.4656,746.6235,746.6235531633785,758.9611313088586,747.4247154630727,735.8712,Model 3,train
Bangladesh,BGD,South Asia,1997,1998,385.6169,379.41,379.4100462534179,388.3775543840488,381.8907908166791,368.77063,Model 3,train
Bangladesh,BGD,South Asia,1998,1999,388.0957,385.9151,385.915137101729,395.097589412567,390.23280362028606,367.5565,Model 3,train
Bangladesh,BGD,South Asia,1999,2000,396.6707,427.7969,427.7968633427319,427.6621115668591,401.43313574751966,405.88028,Model 3,train
Bangladesh,BGD,South Asia,2000,2001,394.6564,436.9145,436.9144891028226,437.36490489108394,399.0358874190969,430.99512,Model 3,train
Bangladesh,BGD,South Asia,2001,2002,393.8864,434.7977,434.79771639148566,435.64451413409785,406.8080657093788,442.02158,Model 3,train
Bangladesh,BGD,South Asia,2002,2003,426.7488,434.13,434.1299889227285,435.23385598086657,423.7951024106353,457.8712,Model 3,train
Bangladesh,BGD,South Asia,2003,2004,455.614,469.9791,469.9790852129893,471.08898851588015,455.3441970379498,487.01892,Model 3,train
Bangladesh,BGD,South Asia,2004,2005,480.0859,501.4357,501.43571940426585,502.5536104634561,484.7494947293474,524.07825,Model 3,train
Bangladesh,BGD,South Asia,2005,2006,490.388,527.897,527.8970543520489,529.2519452950206,514.4129267004286,581.59546,Model 3,train
Bangladesh,BGD,South Asia,2006,2007,537.9555,538.933,538.9329730865841,540.620281201836,536.1616395306759,586.6295,Model 3,train
Bangladesh,BGD,South Asia,2007,2008,613.062,590.282,590.2820546169213,591.9527458979039,615.1338384374259,617.85675,Model 3,train
Bangladesh,BGD,South Asia,2008,2009,679.2115,642.5162,642.5162578009043,655.4139070536842,691.023516719364,687.0616,Model 3,train
Bangladesh,BGD,South Asia,2009,2010,757.3853,710.0161,710.0161163978958,724.7245674811388,753.6208211045453,787.2863,Model 3,train
Bangladesh,BGD,South Asia,2010,2011,837.3369,825.897,825.8970131392737,828.116220827784,830.6444763671391,872.3254,Model 3,train
Bangladesh,BGD,South Asia,2011,2012,859.6805,911.783,911.7829591050456,913.8217836155958,894.2634477446824,938.85516,Model 3,train
Bangladesh,BGD,South Asia,2012,2013,958.263,934.6333,934.6332287620296,938.0183681039354,931.8909102990908,935.5531,Model 3,train
Bangladesh,BGD,South Asia,2013,2014,1094.462,1039.6124,1039.6123553461368,1043.452683729407,1057.413871101357,1046.5454,Model 3,train
Bangladesh,BGD,South Asia,2014,2015,1224.3865,1183.8838,1183.883745820636,1188.756251376938,1220.6916190737447,1196.461,Model 3,train
Bangladesh,BGD,South Asia,2015,2016,1649.2838,1320.5656,1320.5655392810622,1327.1381235428205,1473.7933222557642,1335.6293,Model 3,train
Bangladesh,BGD,South Asia,2016,2017,1811.0822,1767.8765,1767.8763916646717,1776.5650143667613,1787.3451388952858,1777.1829,Model 3,train
Bangladesh,BGD,South Asia,2017,2018,1965.2437,1935.8259,1935.825749881952,1947.6705840569475,1985.1434830494416,1936.5985,Model 3,train
Bulgaria,BGR,Europe & Central Asia,1993,1994,1149.8946,1443.6808,1443.6809673039313,1407.201549993085,1298.7891325111468,1331.0332,Model 3,train
Bulgaria,BGR,Europe & Central Asia,1994,1995,2259.2592,1305.3143,1305.3144669340345,1267.444053281023,1619.452079758673,1390.3124,Model 3,train
Bulgaria,BGR,Europe & Central Asia,1995,1996,1470.1926,2521.2231,2521.223152968681,2450.069283417068,2011.5089436663563,2490.7134,Model 3,train
Bulgaria,BGR,Europe & Central Asia,1996,1997,1361.4094,1666.4239,1666.4239478491531,1608.3037715749315,1475.5553787187464,1658.8572,Model 3,train
Bulgaria,BGR,Europe & Central Asia,1997,1998,1820.4487,1412.2933,1412.2932669180964,1385.917276106251,1651.3858050807228,1535.2253,Model 3,train
Bulgaria,BGR,Europe & Central Asia,1998,1999,1660.9089,1831.9351,1831.9351863366203,1842.6952121335771,1721.3468804748748,1803.1211,Model 3,train
Bulgaria,BGR,Europe & Central Asia,1999,2000,1621.2621,1837.5384,1837.538578511636,1810.3519914840188,1706.4013767643632,1860.141,Model 3,train
Bulgaria,BGR,Europe & Central Asia,2000,2001,1770.907,1794.1932,1794.193418753376,1767.890203285737,1784.7589154067705,1832.1564,Model 3,train
Bulgaria,BGR,Europe & Central Asia,2001,2002,2092.9829,1952.7132,1952.7134357773095,1926.382494825014,2003.211226739608,1981.1676,Model 3,train
Bulgaria,BGR,Europe & Central Asia,2002,2003,2719.4944,2299.6405,2299.640735748539,2267.133559711482,2582.545275160431,2459.321,Model 3,train
Bulgaria,BGR,Europe & Central Asia,2003,2004,3389.6874,2972.1279,2972.128054013674,2927.7267597690193,3260.301370115277,3134.6982,Model 3,train
Bulgaria,BGR,Europe & Central Asia,2004,2005,3899.826,3688.3263,3688.326503818277,3632.614308700578,3844.2666250952434,3823.5908,Model 3,train
Bulgaria,BGR,Europe & Central Asia,2005,2006,4523.1466,4229.3886,4229.388699338056,4163.320718424976,4516.4761880980295,4400.657,Model 3,train
Bulgaria,BGR,Europe & Central Asia,2006,2007,5888.5708,4883.5388,4883.53895532021,4809.9576259779315,5549.225899775231,5570.3525,Model 3,train
Bulgaria,BGR,Europe & Central Asia,2007,2008,7271.3034,6318.6672,6318.667247611241,6221.327189845351,7118.304034586223,7226.42,Model 3,train
Bulgaria,BGR,Europe & Central Asia,2008,2009,6988.2732,7436.2559,7436.255983777831,7445.575861626162,7324.715969036905,7032.6797,Model 3,train
Bulgaria,BGR,Europe & Central Asia,2009,2010,6853.9481,7126.6556,7126.655879731129,7164.372508000823,7221.693011317639,7614.815,Model 3,train
Bulgaria,BGR,Europe & Central Asia,2010,2011,7849.5806,7292.1349,7292.1350325689855,7215.345426561438,7616.26612102313,7220.757,Model 3,train
Bulgaria,BGR,Europe & Central Asia,2011,2012,7431.9579,8331.7017,8331.701841542543,8244.311445483681,7673.171279155416,7973.989,Model 3,train
Bulgaria,BGR,Europe & Central Asia,2012,2013,7795.9809,7879.6113,7879.61152385322,7812.710645107128,7709.925878818602,8176.6436,Model 3,train
Bulgaria,BGR,Europe & Central Asia,2013,2014,8069.6001,8253.1816,8253.181913018265,8190.760516810578,7912.249029612382,7983.82,Model 3,train
Bulgaria,BGR,Europe & Central Asia,2014,2015,7268.6545,8521.0638,8521.063977480098,8458.821155538926,7493.53830390965,7662.808,Model 3,train
Bulgaria,BGR,Europe & Central Asia,2015,2016,7822.4992,7686.2491,7686.249364989702,7634.653044407084,7701.770766015243,7232.632,Model 3,train
Bulgaria,BGR,Europe & Central Asia,2016,2017,8696.6893,8252.3949,8252.395171792396,8200.833529516432,8348.356726825916,8140.5103,Model 3,train
Bulgaria,BGR,Europe & Central Asia,2017,2018,9849.384,9150.1953,9150.19544023153,9089.543248828964,9711.68691048565,9189.426,Model 3,train
Bahrain,BHR,"Middle East, North Africa, Afghanistan & Pakistan",1995,1996,12091.7802,12691.4542,12691.453110254392,12492.590091016602,12538.503580314686,12531.25,Model 3,train
Bahrain,BHR,"Middle East, North Africa, Afghanistan & Pakistan",1996,1997,12254.6663,12877.1103,12877.109174042307,12686.780941451145,12518.133746067013,13303.176,Model 3,train
Bahrain,BHR,"Middle East, North Africa, Afghanistan & Pakistan",1997,1998,11625.0344,11841.294,11841.29282833041,11961.576591153776,12012.305231083064,12934.338,Model 3,train
Bahrain,BHR,"Middle East, North Africa, Afghanistan & Pakistan",1998,1999,12123.3535,11227.2294,11227.22846704569,11359.528559997034,12078.173578989205,12793.905,Model 3,train
Bahrain,BHR,"Middle East, North Africa, Afghanistan & Pakistan",1999,2000,14214.4837,12877.8571,12877.856024846726,12715.708394269554,13178.764029107935,12856.454,Model 3,train
Bahrain,BHR,"Middle East, North Africa, Afghanistan & Pakistan",2000,2001,13573.234,15050.1489,15050.147400921624,14854.269393218558,14116.055797902727,14236.676,Model 3,train
Bahrain,BHR,"Middle East, North Africa, Afghanistan & Pakistan",2001,2002,13501.4709,14337.2275,14337.226466728833,14197.794347968427,13966.13415022861,14198.128,Model 3,train
Bahrain,BHR,"Middle East, North Africa, Afghanistan & Pakistan",2002,2003,14486.0269,14244.357,14244.356096196869,14123.20407179832,14336.681318415604,14960.315,Model 3,train
Bahrain,BHR,"Middle East, North Africa, Afghanistan & Pakistan",2003,2004,15963.9493,15248.0676,15248.066594877504,15128.047443425758,15842.733325122856,15861.331,Model 3,train
Bahrain,BHR,"Middle East, North Africa, Afghanistan & Pakistan",2004,2005,17966.1658,16772.4013,16772.400011740203,16634.711878400358,18065.43597939062,17940.756,Model 3,train
Bahrain,BHR,"Middle East, North Africa, Afghanistan & Pakistan",2005,2006,19267.2826,18833.9431,18833.941322529285,18672.403641767156,19528.11218616426,18718.059,Model 3,train
Bahrain,BHR,"Middle East, North Africa, Afghanistan & Pakistan",2006,2007,20908.4043,20125.1896,20125.187866353157,19996.42777618244,21053.34370576945,22124.508,Model 3,train
Bahrain,BHR,"Middle East, North Africa, Afghanistan & Pakistan",2007,2008,23299.4993,21779.2217,21779.219913738627,21665.929171869077,23318.571466660516,23646.256,Model 3,train
Bahrain,BHR,"Middle East, North Africa, Afghanistan & Pakistan",2008,2009,19465.3141,23064.9668,23064.966594555848,23464.68714780118,21364.72825369564,21360.473,Model 3,train
Bahrain,BHR,"Middle East, North Africa, Afghanistan & Pakistan",2009,2010,21819.3291,19313.1123,19313.112669235597,19693.79605943714,21947.50484565204,21888.45,Model 3,train
Bahrain,BHR,"Middle East, North Africa, Afghanistan & Pakistan",2010,2011,25032.7868,22553.3801,22553.3798127465,22623.175794270308,24114.185869589397,22655.203,Model 3,train
Bahrain,BHR,"Middle East, North Africa, Afghanistan & Pakistan",2011,2012,26438.6733,25646.1148,25646.115769906,25888.039021015957,25907.89883447479,27352.396,Model 3,train
Bahrain,BHR,"Middle East, North Africa, Afghanistan & Pakistan",2012,2013,26989.7601,26988.3861,26988.387864734224,27318.476599613154,26591.804681701127,29057.334,Model 3,train
Bahrain,BHR,"Middle East, North Africa, Afghanistan & Pakistan",2013,2014,26451.7966,27520.2246,27520.2264604091,27879.05757871981,26721.66600388572,29809.168,Model 3,train
Bahrain,BHR,"Middle East, North Africa, Afghanistan & Pakistan",2014,2015,23734.0551,26959.2142,26959.216019153904,27330.43944757476,25391.287926226287,28007.902,Model 3,train
Bahrain,BHR,"Middle East, North Africa, Afghanistan & Pakistan",2015,2016,23800.0014,24191.4766,24191.478678193253,24572.86016410236,24445.51628970312,25379.352,Model 3,train
Bahrain,BHR,"Middle East, North Africa, Afghanistan & Pakistan",2016,2017,24784.7694,24212.8798,24212.882114788517,24626.958392902103,24946.92287456811,26655.432,Model 3,train
Bahrain,BHR,"Middle East, North Africa, Afghanistan & Pakistan",2017,2018,26324.4067,25187.5599,25187.561871334263,25605.51901096376,26023.85343389852,28127.07,Model 3,train
"Bahamas, The",BHS,Latin America & Caribbean ,1995,1996,11783.7972,12121.2071,12121.20599582713,11902.454996128306,12311.227161677598,11651.627,Model 3,train
"Bahamas, The",BHS,Latin America & Caribbean ,1996,1997,20367.5733,12536.2606,12536.259419207534,12313.760756746453,15308.781717241602,11556.114,Model 3,train
"Bahamas, The",BHS,Latin America & Caribbean ,1997,1998,21667.4488,19491.5974,19491.59400816254,19557.463091245347,21137.0572711108,17458.0,Model 3,train
"Bahamas, The",BHS,Latin America & Caribbean ,1998,1999,24041.0933,20710.2485,20710.24477957542,20773.716417736527,22640.02001662842,18527.336,Model 3,train
"Bahamas, The",BHS,Latin America & Caribbean ,1999,2000,24940.0775,25256.1802,25256.175501152677,24708.23630425688,24330.68959198675,19821.164,Model 3,train
"Bahamas, The",BHS,Latin America & Caribbean ,2000,2001,25371.9238,26148.3083,26148.303532814465,25612.412666760567,25123.11398803823,21385.033,Model 3,train
"Bahamas, The",BHS,Latin America & Caribbean ,2001,2002,26781.6196,26558.027,26558.022428893375,26044.50955469085,25939.777229774365,21318.875,Model 3,train
"Bahamas, The",BHS,Latin America & Caribbean ,2002,2003,26429.1248,27939.7002,27939.695706069193,27455.11822051416,26858.946804257415,22977.564,Model 3,train
"Bahamas, The",BHS,Latin America & Caribbean ,2003,2004,26650.2934,27544.9908,27544.986523267744,27095.037889722607,26687.43551936671,22627.479,Model 3,train
"Bahamas, The",BHS,Latin America & Caribbean ,2004,2005,28602.4182,27729.8749,27729.87059150449,27299.86349731253,27688.388082010984,24376.146,Model 3,train
"Bahamas, The",BHS,Latin America & Caribbean ,2005,2006,29184.7865,29690.3919,29690.38714665869,29244.68884025855,29295.143258615393,29784.02,Model 3,train
"Bahamas, The",BHS,Latin America & Caribbean ,2006,2007,30051.849,30272.89,30272.884944294696,29809.58595652008,29661.15836898845,29784.02,Model 3,train
"Bahamas, The",BHS,Latin America & Caribbean ,2007,2008,29392.3824,31125.5639,31125.558531379873,30655.09149517945,30145.479704213343,30313.613,Model 3,train
"Bahamas, The",BHS,Latin America & Caribbean ,2008,2009,27512.9131,29104.3037,29104.299678647403,29192.302324219392,28581.9074560816,26492.629,Model 3,train
"Bahamas, The",BHS,Latin America & Caribbean ,2009,2010,27473.1004,27197.5384,27197.535041315263,27348.935942802455,27259.715276133426,26834.074,Model 3,train
"Bahamas, The",BHS,Latin America & Caribbean ,2010,2011,27090.8377,28268.0698,28268.066195254556,28024.90419011583,27685.079896083887,26742.205,Model 3,train
"Bahamas, The",BHS,Latin America & Caribbean ,2011,2012,28552.0243,27696.8672,27696.86546961695,27632.69375953524,27914.183255358603,26813.686,Model 3,train
"Bahamas, The",BHS,Latin America & Caribbean ,2012,2013,27642.742,29090.1077,29090.106140182117,29077.850363474925,28476.351181393195,28697.916,Model 3,train
"Bahamas, The",BHS,Latin America & Caribbean ,2013,2014,29137.2176,28148.6729,28148.671513920825,28167.314062689384,28575.61632998896,28622.533,Model 3,train
"Bahamas, The",BHS,Latin America & Caribbean ,2014,2015,30719.4054,29601.1495,29601.148096638102,29641.56811564465,29961.524629238404,27723.688,Model 3,train
"Bahamas, The",BHS,Latin America & Caribbean ,2015,2016,30616.5363,31152.4387,31152.436780054348,31178.13398454255,30878.862330467044,29476.41,Model 3,train
"Bahamas, The",BHS,Latin America & Caribbean ,2016,2017,31875.4882,31004.3236,31004.3219099471,31071.39794523328,31088.633765274782,29450.56,Model 3,train
"Bahamas, The",BHS,Latin America & Caribbean ,2017,2018,32642.3353,32254.5291,32254.52689609099,32297.478051060654,32579.33734713647,33119.99,Model 3,train
Bosnia and Herzegovina,BIH,Europe & Central Asia,2006,2007,3931.4895,3447.2661,3447.2665456357313,3419.2121399844987,3780.447877862667,4082.1292,Model 3,train
Bosnia and Herzegovina,BIH,Europe & Central Asia,2007,2008,4841.6931,4258.4732,4258.473720303641,4223.462576644717,4618.488390853231,4716.0366,Model 3,train
Bosnia and Herzegovina,BIH,Europe & Central Asia,2008,2009,4539.9186,5001.5626,5001.563190237912,5039.60252286492,4766.738462060583,5026.969,Model 3,train
Bosnia and Herzegovina,BIH,Europe & Central Asia,2009,2010,4506.4783,4683.122,4683.122652592444,4733.32677212896,4676.683300487434,5000.2607,Model 3,train
Bosnia and Herzegovina,BIH,Europe & Central Asia,2010,2011,4982.6938,4846.215,4846.21564635412,4823.58786251611,4890.0729095692595,4865.5264,Model 3,train
Bosnia and Herzegovina,BIH,Europe & Central Asia,2011,2012,4693.789,5346.8157,5346.816330534072,5319.264279224467,4854.076332187233,5397.442,Model 3,train
Bosnia and Herzegovina,BIH,Europe & Central Asia,2012,2013,5034.5663,5035.3989,5035.399551150134,5015.091390899049,4916.640379817939,5169.984,Model 3,train
Bosnia and Herzegovina,BIH,Europe & Central Asia,2013,2014,5206.0657,5385.2166,5385.217255712178,5368.1983041527665,5055.3172800059665,5280.416,Model 3,train
Bosnia and Herzegovina,BIH,Europe & Central Asia,2014,2015,4662.2587,5558.7656,5558.766285167487,5542.717253146923,4956.702382855693,5222.612,Model 3,train
Bosnia and Herzegovina,BIH,Europe & Central Asia,2015,2016,4928.5666,4979.355,4979.355654413679,4972.667990717088,4902.630932882583,5110.4097,Model 3,train
Bosnia and Herzegovina,BIH,Europe & Central Asia,2016,2017,5345.0198,5245.7836,5245.784317777685,5247.218789086175,5284.438615628199,5389.5,Model 3,train
Bosnia and Herzegovina,BIH,Europe & Central Asia,2017,2018,6047.8471,5678.8217,5678.82254103577,5679.616945672264,5778.386692369321,5809.6323,Model 3,train
Belarus,BLR,Europe & Central Asia,1994,1995,1370.6999,1666.8852,1666.8851507587033,1592.204940999022,1425.5389085866657,1559.7013,Model 3,train
Belarus,BLR,Europe & Central Asia,1995,1996,1427.269,1563.6431,1563.6431199766769,1494.9627360351049,1451.496073984241,1446.0642,Model 3,train
Belarus,BLR,Europe & Central Asia,1996,1997,1396.442,1591.7392,1591.739300020068,1554.3816581834706,1433.4812753329552,1472.7653,Model 3,train
Belarus,BLR,Europe & Central Asia,1997,1998,1511.3253,1417.2879,1417.2879526046984,1414.9880552429167,1465.4762041450758,1360.5624,Model 3,train
Belarus,BLR,Europe & Central Asia,1998,1999,1210.6117,1533.8564,1533.8564121327056,1527.4768746044058,1351.374242813473,1399.853,Model 3,train
Belarus,BLR,Europe & Central Asia,1999,2000,1276.288,1379.9013,1379.9012120869706,1318.9965009480716,1291.44870809517,1284.9241,Model 3,train
Belarus,BLR,Europe & Central Asia,2000,2001,1244.3732,1452.761,1452.7609342245912,1390.9851722822482,1289.0027611033363,1348.6632,Model 3,train
Belarus,BLR,Europe & Central Asia,2001,2002,1479.3807,1389.1016,1389.1016222791595,1354.8978205987137,1408.1363867788134,1380.4496,Model 3,train
Belarus,BLR,Europe & Central Asia,2002,2003,1819.5265,1637.7161,1637.7162024502693,1601.876331409929,1705.560902803449,1677.555,Model 3,train
Belarus,BLR,Europe & Central Asia,2006,2007,4735.4811,4159.9289,4159.928770454911,4078.907560819191,4610.17698167808,4289.0234,Model 3,train
Belarus,BLR,Europe & Central Asia,2007,2008,6376.1757,5100.5022,5100.501903775653,5001.221663960105,5819.327929565017,5346.488,Model 3,train
Belarus,BLR,Europe & Central Asia,2008,2009,5352.4881,6543.2253,6543.224923304454,6513.103664882396,6083.728493735388,5645.078,Model 3,train
Belarus,BLR,Europe & Central Asia,2009,2010,6034.6789,5495.6347,5495.634535123061,5484.882466512206,5810.924673699919,6000.7705,Model 3,train
Belarus,BLR,Europe & Central Asia,2010,2011,6527.6593,6441.3591,6441.358750645043,6328.643540030211,6661.201344581382,6284.5264,Model 3,train
Belarus,BLR,Europe & Central Asia,2011,2012,6953.2159,6993.0848,6993.084212396267,6831.176580535304,6821.228511857461,6639.195,Model 3,train
Belarus,BLR,Europe & Central Asia,2012,2013,7998.0802,7441.5386,7441.538147804531,7283.477210409503,7240.229358352366,6802.2866,Model 3,train
Belarus,BLR,Europe & Central Asia,2013,2014,8341.3181,8463.9605,8463.960373507114,8355.080514633124,7958.615650893821,7834.986,Model 3,train
Belarus,BLR,Europe & Central Asia,2014,2015,5967.056,8808.1721,8808.171969529134,8708.995027840958,6946.6060473032885,7773.413,Model 3,train
Belarus,BLR,Europe & Central Asia,2015,2016,5039.7756,6324.6358,6324.636089383492,6282.0908071752465,5593.871977501557,6119.878,Model 3,train
Belarus,BLR,Europe & Central Asia,2016,2017,5785.5449,5338.5488,5338.549257688355,5324.935800151703,5553.077142268245,5603.8564,Model 3,train
Belarus,BLR,Europe & Central Asia,2017,2018,6360.0375,6101.6186,6101.619145389515,6093.816357928644,6210.508166032905,6435.1123,Model 3,train
Belize,BLZ,Latin America & Caribbean ,1995,1996,4043.2652,4338.4993,4338.49932012175,4277.997146060856,4080.326436346221,4163.6304,Model 3,train
Belize,BLZ,Latin America & Caribbean ,1996,1997,4014.4038,4370.4268,4370.426812087627,4308.885439367701,4087.940526966993,3901.7532,Model 3,train
Belize,BLZ,Latin America & Caribbean ,1997,1998,4125.9254,3932.2077,3932.207651345701,3978.0232515832977,4093.987125859708,4055.9316,Model 3,train
Belize,BLZ,Latin America & Caribbean ,1998,1999,4289.5278,4033.9439,4033.9438012464097,4080.864492807173,4282.549461722961,4258.9956,Model 3,train
Belize,BLZ,Latin America & Caribbean ,1999,2000,4726.5068,4613.1929,4613.192832537898,4552.3734733276415,4577.608538915027,4364.1587,Model 3,train
Belize,BLZ,Latin America & Caribbean ,2000,2001,4718.7772,5070.2217,5070.2215201248,5001.137407634791,4895.129602902776,5034.6167,Model 3,train
Belize,BLZ,Latin America & Caribbean ,2002,2003,4959.7401,5208.1063,5208.1061390392615,5138.009430746599,5133.922033376426,5217.1206,Model 3,train
Belize,BLZ,Latin America & Caribbean ,2004,2005,5270.4148,5509.9053,5509.905051200829,5442.67207107605,5368.680821520602,5461.5337,Model 3,train
Belize,BLZ,Latin America & Caribbean ,2005,2006,5524.7817,5610.6195,5610.619347781303,5561.6162789950495,5600.78010912019,5850.046,Model 3,train
Belize,BLZ,Latin America & Caribbean ,2006,2007,5762.2102,5861.8358,5861.83574115978,5822.490820363651,5799.451956540135,6221.975,Model 3,train
Belize,BLZ,Latin America & Caribbean ,2007,2008,5711.8146,6111.0218,6111.021646831301,6064.460559997234,6097.908644864078,6698.028,Model 3,train
Belize,BLZ,Latin America & Caribbean ,2008,2009,5399.671,5797.4338,5797.433851924061,5851.629669830059,5635.812177915606,5847.6865,Model 3,train
Belize,BLZ,Latin America & Caribbean ,2009,2010,5461.4074,5473.8798,5473.879880087205,5536.891564752834,5559.99901541529,6323.2065,Model 3,train
Belize,BLZ,Latin America & Caribbean ,2010,2011,5596.0522,5778.2333,5778.2332039614075,5746.195075849609,5605.19607194598,6016.001,Model 3,train
Belize,BLZ,Latin America & Caribbean ,2011,2012,5732.6652,5911.1674,5911.16735156718,5881.998245778854,5753.815527063411,5910.6616,Model 3,train
Belize,BLZ,Latin America & Caribbean ,2012,2013,5957.3495,6049.1049,6049.104767906687,6020.389511182766,5944.49522537062,6268.1084,Model 3,train
Belize,BLZ,Latin America & Caribbean ,2013,2014,6128.1205,6273.3167,6273.316534114004,6248.697709582572,6087.790217998073,6218.1196,Model 3,train
Belize,BLZ,Latin America & Caribbean ,2014,2015,6154.6226,6438.1514,6438.151307538049,6421.697388618564,6155.8020441544395,5987.4624,Model 3,train
Belize,BLZ,Latin America & Caribbean ,2015,2016,6140.8671,6455.5068,6455.506718706529,6447.492912279145,6138.834721996857,6008.713,Model 3,train
Belize,BLZ,Latin America & Caribbean ,2016,2017,6071.8545,6434.7737,6434.773705689125,6431.869601820931,6139.352648408116,6158.8247,Model 3,train
Belize,BLZ,Latin America & Caribbean ,2017,2018,6011.9904,6353.6264,6353.6264579201215,6360.004601562885,6127.634756776162,6181.214,Model 3,train
Bolivia,BOL,Latin America & Caribbean ,1995,1996,922.1133,928.4234,928.4233961459992,922.6738499463572,892.9185119720469,793.0219,Model 3,train
Bolivia,BOL,Latin America & Caribbean ,1996,1997,970.3518,1002.9714,1002.9713769913432,996.3736996117136,952.4178419829776,927.45184,Model 3,train
Bolivia,BOL,Latin America & Caribbean ,1997,1998,1022.1451,955.8065,955.806529777138,975.0064059520485,971.828129659934,925.6894,Model 3,train
Bolivia,BOL,Latin America & Caribbean ,1998,1999,979.3445,1006.3107,1006.3106537770587,1026.229475195602,976.013129565178,969.62024,Model 3,train
Bolivia,BOL,Latin America & Caribbean ,1999,2000,975.7771,1061.6306,1061.6306504925578,1057.794474136474,974.7926992007912,1032.4719,Model 3,train
Bolivia,BOL,Latin America & Caribbean ,2000,2001,930.1682,1057.8587,1057.858706004959,1054.2441127150894,962.5482235028738,1013.10626,Model 3,train
Bolivia,BOL,Latin America & Caribbean ,2001,2002,888.2213,1008.3127,1008.3127031092424,1006.432421035441,923.2644175233872,1006.85657,Model 3,train
Bolivia,BOL,Latin America & Caribbean ,2002,2003,893.0138,963.1024,963.1024067588908,962.5112330696124,927.0685212777892,990.02277,Model 3,train
Bolivia,BOL,Latin America & Caribbean ,2003,2004,953.1919,968.2565,968.2565294417428,967.7538307831962,958.0723254890958,1011.3922,Model 3,train
Bolivia,BOL,Latin America & Caribbean ,2004,2005,1020.1233,1032.076,1032.0760070388462,1031.5747536835056,1005.1049399617622,1057.5577,Model 3,train
Bolivia,BOL,Latin America & Caribbean ,2005,2006,1202.7115,1102.9867,1102.9866746694263,1102.452065656325,1141.034819658569,1126.4553,Model 3,train
Bolivia,BOL,Latin America & Caribbean ,2006,2007,1354.5491,1296.0332,1296.033166346588,1295.0623266240225,1358.9159778798162,1373.2317,Model 3,train
Bolivia,BOL,Latin America & Caribbean ,2007,2008,1692.6725,1455.8563,1455.8563152028248,1454.969990042035,1598.792104597813,1549.7946,Model 3,train
Bolivia,BOL,Latin America & Caribbean ,2008,2009,1731.1817,1735.6778,1735.6778439311895,1761.912614231445,1846.1298841711568,1755.6483,Model 3,train
Bolivia,BOL,Latin America & Caribbean ,2009,2010,1929.7837,1768.5521,1768.5520994726955,1801.2759162898783,1927.5816523806927,1961.5253,Model 3,train
Bolivia,BOL,Latin America & Caribbean ,2010,2011,2315.5212,2051.5357,2051.53568843326,2056.97782936783,2189.0180178258684,2222.728,Model 3,train
Bolivia,BOL,Latin America & Caribbean ,2011,2012,2575.5986,2451.3776,2451.377541110185,2457.852597251919,2542.0873457056728,2589.963,Model 3,train
Bolivia,BOL,Latin America & Caribbean ,2012,2013,2870.0238,2714.6039,2714.60384314083,2727.3330813138227,2801.3819529696016,2745.5522,Model 3,train
Bolivia,BOL,Latin America & Caribbean ,2013,2014,3041.435,3017.2761,3017.2760125823224,3030.9242578895514,3018.1653336088684,3056.0967,Model 3,train
Bolivia,BOL,Latin America & Caribbean ,2014,2015,2996.0129,3195.4306,3195.4305144379423,3206.9512916656986,3092.02159467418,2999.8486,Model 3,train
Bolivia,BOL,Latin America & Caribbean ,2015,2016,3035.8735,3143.0519,3143.051818274552,3159.641148886562,3117.7930702890617,2982.6272,Model 3,train
Bolivia,BOL,Latin America & Caribbean ,2016,2017,4048.4012,3180.1894,3180.1893554586577,3199.895517462609,3461.0194103790054,3082.3813,Model 3,train
Bolivia,BOL,Latin America & Caribbean ,2017,2018,4206.8553,4213.5488,4213.548546000567,4237.98536948866,4157.057716902796,3911.988,Model 3,train
Brazil,BRA,Latin America & Caribbean ,1991,1992,2127.2908,2495.5179,2495.5176405558595,2429.798550647204,2435.5974155964864,2368.4983,Model 3,train
Brazil,BRA,Latin America & Caribbean ,1992,1993,2348.9064,2352.3756,2352.375337223622,2292.269821905444,2285.6020750067432,2183.0317,Model 3,train
Brazil,BRA,Latin America & Caribbean ,1993,1994,3298.7149,2593.0392,2593.038860199139,2525.663278692932,2914.11464838089,2478.4053,Model 3,train
Brazil,BRA,Latin America & Caribbean ,1994,1995,4756.7501,3620.8902,3620.889588777672,3520.554674378633,4146.705192815611,3466.4277,Model 3,train
Brazil,BRA,Latin America & Caribbean ,1995,1996,5179.1305,5096.427,5096.42640282389,5035.937004563681,5139.365944113075,5137.7603,Model 3,train
Brazil,BRA,Latin America & Caribbean ,1996,1997,5299.3979,5492.2754,5492.274808163653,5473.761304442464,5212.994829364059,5170.4473,Model 3,train
Brazil,BRA,Latin America & Caribbean ,1997,1998,5105.8925,5089.1496,5089.149064497288,5210.911638625781,5064.543191437793,5377.9736,Model 3,train
Brazil,BRA,Latin America & Caribbean ,1998,1999,3493.5719,4899.8419,4899.841434333858,5025.248137449813,4440.220675468063,5097.909,Model 3,train
Brazil,BRA,Latin America & Caribbean ,1999,2000,3766.5479,3714.7533,3714.753156323248,3726.76228907659,3712.607128580597,3613.16,Model 3,train
Brazil,BRA,Latin America & Caribbean ,2000,2001,3176.2898,3999.8826,3999.882385492395,4011.70726828385,3673.4616896567136,3762.9368,Model 3,train
Brazil,BRA,Latin America & Caribbean ,2001,2002,2855.9402,3379.8194,3379.8193257574335,3396.7326135679123,3085.1505873736937,3283.5789,Model 3,train
Brazil,BRA,Latin America & Caribbean ,2002,2003,3090.6069,3040.2345,3040.234477731073,3062.2130863950742,3100.2702222502335,3188.2102,Model 3,train
Brazil,BRA,Latin America & Caribbean ,2003,2004,3663.8226,3284.9276,3284.927618774627,3309.2139674038026,3479.0220348983867,3312.613,Model 3,train
Brazil,BRA,Latin America & Caribbean ,2004,2005,4827.7817,3872.0183,3872.018281181508,3909.358945820658,4395.103050699583,3988.4072,Model 3,train
Brazil,BRA,Latin America & Caribbean ,2005,2006,5934.1456,5076.222,5076.221894544981,5121.129689823858,5620.359708692828,5430.315,Model 3,train
Brazil,BRA,Latin America & Caribbean ,2006,2007,7409.69,6203.4891,6203.48893666394,6267.568758492903,7111.173656091324,6869.414,Model 3,train
Brazil,BRA,Latin America & Caribbean ,2007,2008,8908.3334,7711.2504,7711.250113567688,7788.992853517389,8649.335756839304,8901.05,Model 3,train
Brazil,BRA,Latin America & Caribbean ,2008,2009,8678.6585,8844.7994,8844.799148480537,9082.98525216796,9039.411258291708,8810.531,Model 3,train
Brazil,BRA,Latin America & Caribbean ,2009,2010,11403.284,8601.8636,8601.86347903319,8854.77534709774,10316.717940304045,9744.234,Model 3,train
Brazil,BRA,Latin America & Caribbean ,2010,2011,13396.6263,11748.0853,11748.084505467345,11874.128067065512,12517.783256154597,11239.884,Model 3,train
Brazil,BRA,Latin America & Caribbean ,2011,2012,12521.7238,13746.8412,13746.84006993638,13897.93520307578,12469.395790290491,12529.135,Model 3,train
Brazil,BRA,Latin America & Caribbean ,2012,2013,12458.8903,12845.6995,12845.698685249365,13009.59557779434,12026.196141711374,11320.544,Model 3,train
Brazil,BRA,Latin America & Caribbean ,2013,2014,12274.9942,12770.5362,12770.535436786764,12944.865471637511,11617.787319949224,11396.533,Model 3,train
Brazil,BRA,Latin America & Caribbean ,2014,2015,8936.1956,12567.6077,12567.607117940128,12755.525115290187,10301.39652114047,11011.369,Model 3,train
Brazil,BRA,Latin America & Caribbean ,2015,2016,8836.2855,9183.7584,9183.7584133848,9352.369745012502,9184.772227799414,8929.431,Model 3,train
Brazil,BRA,Latin America & Caribbean ,2016,2017,10080.5079,9064.6455,9064.645568541624,9243.53950488994,9615.83619855024,9166.825,Model 3,train
Brazil,BRA,Latin America & Caribbean ,2017,2018,9300.6607,10285.3243,10285.32442640216,10513.660168395058,9719.501094993082,10292.532,Model 3,train
Barbados,BRB,Latin America & Caribbean ,1995,1996,9011.7788,9079.0004,9079.000254754275,8959.824268052509,9088.920303041816,10660.042,Model 3,train
Barbados,BRB,Latin America & Caribbean ,1996,1997,9521.5713,9663.6669,9663.66663827624,9527.563707873482,9788.05380391664,11196.598,Model 3,train
Barbados,BRB,Latin America & Caribbean ,1997,1998,10734.3637,9259.7665,9259.76609065587,9349.314972176231,10451.402686979343,10317.229,Model 3,train
Barbados,BRB,Latin America & Caribbean ,1998,1999,11244.3088,10402.6902,10402.689618562095,10515.51319078622,11181.55740715465,12424.77,Model 3,train
Barbados,BRB,Latin America & Caribbean ,1999,2000,11674.6736,11997.589,11997.588285954687,11818.418748442004,11645.207826538151,12523.496,Model 3,train
Barbados,BRB,Latin America & Caribbean ,2000,2001,11639.5161,12439.3037,12439.302840516631,12252.056466541862,11813.530424100794,13134.077,Model 3,train
Barbados,BRB,Latin America & Caribbean ,2001,2002,11760.4525,12366.6927,12366.692152997744,12211.25491998344,11945.32925839511,12677.658,Model 3,train
Barbados,BRB,Latin America & Caribbean ,2002,2003,12075.9587,12422.828,12422.828013106442,12330.095448824237,12472.776045044684,14308.121,Model 3,train
Barbados,BRB,Latin America & Caribbean ,2003,2004,12886.3665,12700.7991,12700.799432160216,12646.172094739895,12980.1046575065,14087.422,Model 3,train
Barbados,BRB,Latin America & Caribbean ,2004,2005,14214.4202,13497.4976,13497.498198673757,13474.422889026284,14366.527784163209,15047.484,Model 3,train
Barbados,BRB,Latin America & Caribbean ,2005,2006,15619.6006,14852.7504,14852.750837892554,14814.30787151688,15462.19146131421,15954.161,Model 3,train
Barbados,BRB,Latin America & Caribbean ,2006,2007,17235.4396,16278.1703,16278.170604318182,16236.532398318288,16621.935688145993,16804.396,Model 3,train
Barbados,BRB,Latin America & Caribbean ,2007,2008,17565.693,17905.1751,17905.175370109955,17872.81481583444,18050.423081225606,19649.498,Model 3,train
Barbados,BRB,Latin America & Caribbean ,2008,2009,16294.9099,17448.0029,17448.003564072354,17720.89357602585,16910.063441339727,18039.598,Model 3,train
Barbados,BRB,Latin America & Caribbean ,2009,2010,20610.5151,16164.5505,16164.551425784435,16461.50642070459,18792.742360481538,18202.023,Model 3,train
Barbados,BRB,Latin America & Caribbean ,2010,2011,20508.1499,21265.3234,21265.323394877712,21254.63226995237,20705.768678890017,21036.049,Model 3,train
Barbados,BRB,Latin America & Caribbean ,2011,2012,20804.115,21152.2939,21152.293827261063,21142.51500055447,20492.472136201344,21085.398,Model 3,train
Barbados,BRB,Latin America & Caribbean ,2012,2013,20410.2065,21393.4266,21393.42687712425,21432.887471281178,20646.06046769275,21556.809,Model 3,train
Barbados,BRB,Latin America & Caribbean ,2013,2014,20192.7084,20969.1548,20969.155024203013,21025.822055548157,20378.4706120032,20918.277,Model 3,train
Barbados,BRB,Latin America & Caribbean ,2014,2015,20424.2088,20734.8423,20734.842471450746,20797.967505566612,20409.232355744345,19382.348,Model 3,train
Barbados,BRB,Latin America & Caribbean ,2015,2016,20295.5672,20954.3862,20954.386264023215,21022.92527365966,20127.255337016868,20037.812,Model 3,train
Barbados,BRB,Latin America & Caribbean ,2016,2017,20284.5762,20829.3115,20829.311411896848,20884.761765366995,20522.716712753005,20551.355,Model 3,train
Barbados,BRB,Latin America & Caribbean ,2017,2018,21381.2426,20818.8287,20818.828475038692,20863.003794836903,20886.049750379803,20395.041,Model 3,train
Brunei Darussalam,BRN,East Asia & Pacific,1995,1996,25692.2357,28142.8297,28142.824233081858,27231.04758860597,24586.77142857744,21721.053,Model 3,train
Brunei Darussalam,BRN,East Asia & Pacific,1996,1997,25522.3975,27307.2561,27307.251126609284,26471.11488580964,24463.141558918564,22509.383,Model 3,train
Brunei Darussalam,BRN,East Asia & Pacific,1997,1998,17769.2463,24602.0045,24601.99990568185,24473.71187608738,21970.15963976302,21592.896,Model 3,train
Brunei Darussalam,BRN,East Asia & Pacific,1998,1999,19752.2013,17205.9629,17205.96052560525,17177.256681422117,18842.697329821203,18593.482,Model 3,train
Brunei Darussalam,BRN,East Asia & Pacific,1999,2000,20130.2572,21017.812,21017.80901005431,20463.681714078062,20057.093206198075,19791.904,Model 3,train
Brunei Darussalam,BRN,East Asia & Pacific,2000,2001,18287.8272,21402.0109,21402.007718927616,20842.11428178898,19682.804472369648,19842.459,Model 3,train
Brunei Darussalam,BRN,East Asia & Pacific,2001,2002,18621.2923,19437.8218,19437.819392922764,18970.93088160943,18975.988531318395,18214.682,Model 3,train
Brunei Darussalam,BRN,East Asia & Pacific,2002,2003,20677.9001,19752.1524,19752.15000550504,19302.686818916864,20415.37872954549,19804.234,Model 3,train
Brunei Darussalam,BRN,East Asia & Pacific,2003,2004,24423.0947,21867.5209,21867.518083222138,21376.376781893192,23041.167730315756,21899.494,Model 3,train
Brunei Darussalam,BRN,East Asia & Pacific,2004,2005,29386.2704,25670.9364,25670.93328280987,25141.774190932694,27782.120356255153,26557.209,Model 3,train
Brunei Darussalam,BRN,East Asia & Pacific,2005,2006,34674.7995,30719.5548,30719.550845783026,30110.10874966831,32374.409655677904,30752.07,Model 3,train
Brunei Darussalam,BRN,East Asia & Pacific,2006,2007,36217.3291,36063.2629,36063.257989923906,35378.26308571841,37687.60618926471,38216.9,Model 3,train
Brunei Darussalam,BRN,East Asia & Pacific,2007,2008,42156.5686,37593.3799,37593.3745770621,36894.53796550739,40308.38209563885,38208.152,Model 3,train
Brunei Darussalam,BRN,East Asia & Pacific,2008,2009,30946.4674,41754.7689,41754.76325198773,41652.60104910797,36358.568365751584,38385.652,Model 3,train
Brunei Darussalam,BRN,East Asia & Pacific,2009,2010,34937.5555,30746.7446,30746.74166531049,30770.414375241584,33411.83696697354,31489.982,Model 3,train
Brunei Darussalam,BRN,East Asia & Pacific,2010,2011,46382.8274,36114.9683,36114.963611254345,35551.208326227556,40839.33286353875,35855.637,Model 3,train
Brunei Darussalam,BRN,East Asia & Pacific,2011,2012,46968.5971,47653.9237,47653.916056603106,46866.85449232939,45364.30431320387,44301.65,Model 3,train
Brunei Darussalam,BRN,East Asia & Pacific,2012,2013,44003.0644,48151.5282,48151.52076437421,47414.72162161607,44685.05061279728,44323.37,Model 3,train
Brunei Darussalam,BRN,East Asia & Pacific,2013,2014,41026.5084,45072.1377,45072.13144075659,44458.14481257156,40926.20570956066,41114.336,Model 3,train
Brunei Darussalam,BRN,East Asia & Pacific,2014,2015,30625.1288,41983.0737,41983.06855157255,41489.69632498612,35028.04641408273,38099.684,Model 3,train
Brunei Darussalam,BRN,East Asia & Pacific,2015,2016,26663.2973,31435.2267,31435.224026677555,31156.71724600006,29221.983122425543,29067.229,Model 3,train
Brunei Darussalam,BRN,East Asia & Pacific,2016,2017,28024.3825,27258.8205,27258.82003120075,27194.605449542592,28284.511251294003,28537.357,Model 3,train
Brunei Darussalam,BRN,East Asia & Pacific,2017,2018,30988.119,28560.2071,28560.20677285195,28534.138010774794,30139.433666922676,29838.492,Model 3,train
Bhutan,BTN,South Asia,1999,2000,771.9249,759.7551,759.7550545639533,746.9237505124348,750.2989082338183,714.4583,Model 3,train
Bhutan,BTN,South Asia,2000,2001,812.2382,852.6974,852.697412654295,838.0374600620886,833.8102553180514,790.3175,Model 3,train
Bhutan,BTN,South Asia,2001,2002,895.7995,897.2549,897.2548420628675,883.0217339843052,888.4071506158089,884.0992,Model 3,train
Bhutan,BTN,South Asia,2002,2003,1022.3824,987.7286,987.7286090194156,972.4550501547524,1003.6051686160616,1014.2958,Model 3,train
Bhutan,BTN,South Asia,2003,2004,1130.3593,1124.8502,1124.850208816739,1107.4464402314795,1126.2409759608177,1141.8584,Model 3,train
Bhutan,BTN,South Asia,2004,2005,1299.9494,1241.6636,1241.6635389920698,1222.4791239771198,1279.977464597415,1311.0757,Model 3,train
Bhutan,BTN,South Asia,2005,2006,1405.6072,1424.6677,1424.667608906043,1402.2977499769083,1442.529290530105,1383.723,Model 3,train
Bhutan,BTN,South Asia,2006,2007,1850.4157,1538.263,1538.262914712806,1514.634724368282,1722.1749478439317,1644.244,Model 3,train
Bhutan,BTN,South Asia,2007,2008,1919.5977,2015.5082,2015.5080862916705,1983.0783882000217,1981.1274317904135,1960.7546,Model 3,train
Bhutan,BTN,South Asia,2008,2009,1918.396,2001.2937,2001.29359242305,2002.9305430311924,2019.880490830064,1947.8278,Model 3,train
Bhutan,BTN,South Asia,2009,2010,2435.5798,1997.9646,1997.964474215,2002.2056780368987,2215.1988884959337,2031.6797,Model 3,train
Bhutan,BTN,South Asia,2010,2011,2787.9797,2636.156,2636.1557817802495,2597.916418840293,2778.7966317567793,2635.2236,Model 3,train
Bhutan,BTN,South Asia,2011,2012,2751.2129,3011.1766,3011.1763467569813,2966.0703686454103,2793.168478073857,2799.8982,Model 3,train
Bhutan,BTN,South Asia,2012,2013,2679.9522,2972.2985,2972.2982227587045,2928.9188004966563,2747.5730000331305,2807.5923,Model 3,train
Bhutan,BTN,South Asia,2013,2014,2849.5,2888.8091,2888.8089235786697,2855.331950446,2813.359113962854,2907.5337,Model 3,train
Bhutan,BTN,South Asia,2014,2015,2954.0408,3060.5683,3060.568096361452,3032.0066021015627,2973.209749124532,3009.1064,Model 3,train
Bhutan,BTN,South Asia,2015,2016,3152.3091,3159.3596,3159.359509490763,3140.591393776712,3119.8673059565726,3098.9521,Model 3,train
Bhutan,BTN,South Asia,2016,2017,3435.288,3359.4996,3359.4995659390715,3346.5746427225836,3364.842149760747,3368.555,Model 3,train
Bhutan,BTN,South Asia,2017,2018,3400.2042,3647.4691,3647.469076405596,3639.8157086452,3420.2829432901035,3623.467,Model 3,train
Botswana,BWA,Sub-Saharan Africa ,1991,1992,3004.6126,3105.3406,3105.340546578876,3094.2524092602343,3045.566183320255,2551.9573,Model 3,train
Botswana,BWA,Sub-Saharan Africa ,1995,1996,3156.2687,3299.4883,3299.4878926151023,3279.4291977482944,3180.6915413197944,3060.3547,Model 3,train
Botswana,BWA,Sub-Saharan Africa ,1996,1997,3194.1811,3294.9251,3294.9246911752216,3274.319070586016,3188.7103018253765,3065.2766,Model 3,train
Botswana,BWA,Sub-Saharan Africa ,1997,1998,2981.1964,3020.6721,3020.6716516439787,3076.4883714355055,3148.102393043163,3003.2007,Model 3,train
Botswana,BWA,Sub-Saharan Africa ,1998,1999,3339.996,2816.909,2816.908595405217,2870.053441590071,3226.2526734060157,2961.36,Model 3,train
Botswana,BWA,Sub-Saharan Africa ,1999,2000,3450.8118,3467.6062,3467.605610332847,3440.3685061563965,3428.3699825377635,3468.5276,Model 3,train
Botswana,BWA,Sub-Saharan Africa ,2000,2001,3206.0712,3577.0711,3577.0704167829663,3547.7403443736325,3366.2523412665464,3636.1992,Model 3,train
Botswana,BWA,Sub-Saharan Africa ,2001,2002,3117.2509,3321.5712,3321.57064831029,3299.0466618281594,3243.994458054316,3508.0015,Model 3,train
Botswana,BWA,Sub-Saharan Africa ,2002,2003,4230.1233,3228.7639,3228.763313617021,3208.6911281860753,3740.260885823809,3436.8188,Model 3,train
Botswana,BWA,Sub-Saharan Africa ,2003,2004,4956.6929,4358.9265,4358.925562478135,4325.878886006237,4722.5689267696835,4685.6816,Model 3,train
Botswana,BWA,Sub-Saharan Africa ,2004,2005,5391.0708,5095.4288,5095.427673419709,5055.298783093958,5585.649407851839,5611.429,Model 3,train
Botswana,BWA,Sub-Saharan Africa ,2005,2006,5291.5838,5539.4208,5539.419497998001,5493.883240108147,5539.674851709082,5968.757,Model 3,train
Botswana,BWA,Sub-Saharan Africa ,2006,2007,5529.1257,5442.5782,5442.576983668807,5399.643286218594,5566.860620956574,6007.7905,Model 3,train
Botswana,BWA,Sub-Saharan Africa ,2007,2008,5503.074,5685.0972,5685.096028513585,5652.453567952439,5555.925325630296,6074.3433,Model 3,train
Botswana,BWA,Sub-Saharan Africa ,2008,2009,5082.9339,5424.0954,5424.094497095811,5486.562745189451,5256.990365050089,5011.862,Model 3,train
Botswana,BWA,Sub-Saharan Africa ,2009,2010,6215.7322,5012.8828,5012.882031565511,5080.384821624742,5698.909164913674,5146.1113,Model 3,train
Botswana,BWA,Sub-Saharan Africa ,2010,2011,7287.383,6381.9433,6381.942056112939,6357.859955520392,6771.370693056283,6473.793,Model 3,train
Botswana,BWA,Sub-Saharan Africa ,2011,2012,6595.5385,7458.5308,7458.529279455558,7431.620380580828,7067.01461045871,7169.6978,Model 3,train
Botswana,BWA,Sub-Saharan Africa ,2012,2013,6666.9122,6747.2745,6747.273352920051,6746.518188051965,6731.766611882156,6643.267,Model 3,train
Botswana,BWA,Sub-Saharan Africa ,2013,2014,7122.3642,6791.5839,6791.583086860733,6825.602746217887,6910.732594541195,6561.4077,Model 3,train
Botswana,BWA,Sub-Saharan Africa ,2014,2015,6141.2039,7235.0433,7235.042577765661,7291.117523384645,6608.27312316721,6569.9673,Model 3,train
Botswana,BWA,Sub-Saharan Africa ,2015,2016,6749.0599,6251.0034,6251.003007701556,6317.877873181599,6368.036392283763,5706.753,Model 3,train
Botswana,BWA,Sub-Saharan Africa ,2016,2017,7104.964,6858.751,6858.750602034619,6940.361636313689,7085.478089371203,6759.045,Model 3,train
Botswana,BWA,Sub-Saharan Africa ,2017,2018,7407.9594,7214.4719,7214.471494128827,7310.362241809521,7170.90215393639,6995.942,Model 3,train
Central African Republic,CAF,Sub-Saharan Africa ,1996,1997,265.5213,315.1612,315.1612057783361,316.52978011769034,268.6171016840652,299.52148,Model 3,train
Central African Republic,CAF,Sub-Saharan Africa ,1997,1998,266.5705,258.9537,258.95376284207015,266.8645140333186,264.13264219596846,261.3841,Model 3,train
Central African Republic,CAF,Sub-Saharan Africa ,1998,1999,267.996,259.5492,259.54925356419807,267.60552842405957,263.1972661758714,255.98767,Model 3,train
Central African Republic,CAF,Sub-Saharan Africa ,1999,2000,239.1541,287.1946,287.1946558652726,288.7385990345429,252.27353541245452,256.22775,Model 3,train
Central African Republic,CAF,Sub-Saharan Africa ,2000,2001,237.9517,256.6603,256.6603492010504,257.9897508222542,242.05495614360296,237.24748,Model 3,train
Central African Republic,CAF,Sub-Saharan Africa ,2001,2002,248.6393,255.2647,255.26468367516412,256.6211818193085,246.98219249861177,238.19012,Model 3,train
Central African Republic,CAF,Sub-Saharan Africa ,2002,2003,278.404,266.3097,266.309708816762,267.7653038203921,267.70637009495766,271.18127,Model 3,train
Central African Republic,CAF,Sub-Saharan Africa ,2003,2004,303.4613,297.696,297.6959775127431,299.15730449114176,301.13201919664357,319.0873,Model 3,train
Central African Republic,CAF,Sub-Saharan Africa ,2004,2005,311.95,323.6244,323.62445163854034,325.50657042528326,324.246619621891,357.45663,Model 3,train
Central African Republic,CAF,Sub-Saharan Africa ,2005,2006,333.9425,332.7725,332.77253696125115,334.5505769043903,341.24174077393,360.5814,Model 3,train
Central African Republic,CAF,Sub-Saharan Africa ,2006,2007,380.887,356.0286,356.02862646473017,357.7190921274052,375.3767619227034,367.18793,Model 3,train
Central African Republic,CAF,Sub-Saharan Africa ,2007,2008,437.2483,404.8635,404.863502862638,407.0876768000445,427.7955750003247,393.3088,Model 3,train
Central African Republic,CAF,Sub-Saharan Africa ,2008,2009,456.4717,444.5167,444.51666956881166,453.91908182453545,458.7388489467172,464.3696,Model 3,train
Central African Republic,CAF,Sub-Saharan Africa ,2009,2010,476.8738,442.9563,442.9561097130664,438.5273755416037,479.6007042227312,511.31393,Model 3,train
Central African Republic,CAF,Sub-Saharan Africa ,2010,2011,534.0573,502.3013,502.3012800256489,503.4185800737003,532.0527866239852,552.23193,Model 3,train
Central African Republic,CAF,Sub-Saharan Africa ,2011,2012,544.3958,563.3323,563.3322682535885,565.9061905664907,522.8198037065146,573.0711,Model 3,train
Central African Republic,CAF,Sub-Saharan Africa ,2012,2013,364.367,574.9236,574.9235517100144,577.7586137568617,468.6028716539303,562.34534,Model 3,train
Central African Republic,CAF,Sub-Saharan Africa ,2013,2014,409.8505,386.1794,386.1793895020231,388.4109767918188,402.5378884634079,392.34003,Model 3,train
Central African Republic,CAF,Sub-Saharan Africa ,2014,2015,366.3229,428.8625,428.86241648029954,426.87816183787754,411.6074014669944,430.7952,Model 3,train
Central African Republic,CAF,Sub-Saharan Africa ,2015,2016,387.1762,388.4541,388.45406488938306,391.99447109523027,396.8298304501434,386.73633,Model 3,train
Central African Republic,CAF,Sub-Saharan Africa ,2016,2017,432.324,409.6489,409.6488567934539,412.6851499863126,429.8198007218782,456.92285,Model 3,train
Central African Republic,CAF,Sub-Saharan Africa ,2017,2018,455.244,452.8313,452.8312786803544,453.6811884987746,453.86844859985376,478.167,Model 3,train
Canada,CAN,North America,1991,1992,20950.3305,23557.6558,23557.654443967534,22888.180081057424,21167.815985595244,21028.367,Model 3,train
Canada,CAN,North America,1992,1993,20186.7989,22575.6979,22575.696781619827,21966.81864128363,20658.69586972243,21938.334,Model 3,train
Canada,CAN,North America,1993,1994,19997.6237,21745.7255,21745.72439115662,21163.91272030197,20454.353120833057,21454.938,Model 3,train
Canada,CAN,North America,1994,1995,20679.6348,21523.9338,21523.93271048649,20963.70778201962,20697.517372356582,22093.514,Model 3,train
Canada,CAN,North America,1995,1996,21296.9724,22232.3852,22232.38396883635,21652.85101396867,21589.41135076744,22046.072,Model 3,train
Canada,CAN,North America,1996,1997,21901.5629,22856.1958,22856.19455808192,22281.353724742217,21642.80329003844,21491.43,Model 3,train
Canada,CAN,North America,1997,1998,21024.5851,21266.0967,21266.095863233462,21306.68360432766,21579.031469076595,22017.75,Model 3,train
Canada,CAN,North America,1998,1999,22315.2467,20361.4222,20361.421989199167,20468.191758712142,21799.323753582732,22324.758,Model 3,train
Canada,CAN,North America,1999,2000,24271.0021,23704.5689,23704.569357784203,23306.89491269427,23585.962064630497,23007.867,Model 3,train
Canada,CAN,North America,2000,2001,23822.0962,25635.1663,25635.167618841373,25302.635028087698,24934.141554201266,25407.953,Model 3,train
Canada,CAN,North America,2001,2002,24256.0192,25090.8306,25090.83254488631,24841.068494527,25054.715155524216,25448.475,Model 3,train
Canada,CAN,North America,2002,2003,28301.8646,25513.421,25513.42291524316,25273.745036304343,27420.549644699688,26342.826,Model 3,train
Canada,CAN,North America,2003,2004,32145.5413,29662.6765,29662.678373999253,29378.999063765965,31833.461152773863,30155.373,Model 3,train
Canada,CAN,North America,2004,2005,36383.66,33590.9052,33590.90692364337,33270.964518612804,35032.438740805985,34622.24,Model 3,train
Canada,CAN,North America,2005,2006,40504.0371,37866.1105,37866.11230628666,37537.16707635391,40228.48504239033,39957.0,Model 3,train
Canada,CAN,North America,2006,2007,44660.0839,42066.7914,42066.79297025791,41698.17323343527,44660.61670072497,44061.69,Model 3,train
Canada,CAN,North America,2007,2008,46710.2527,46271.2941,46271.29508178667,45845.06999081405,46941.34986577755,45281.098,Model 3,train
Canada,CAN,North America,2008,2009,40874.8832,46232.01,46232.01223662174,46635.40047973883,43552.31601152791,44805.527,Model 3,train
Canada,CAN,North America,2009,2010,47560.6666,40460.5453,40460.54846284382,40935.63295334237,45096.94469249813,43166.586,Model 3,train
Canada,CAN,North America,2010,2011,52223.8588,49050.9009,49050.902394547695,48738.31069757547,49496.58901919862,48266.797,Model 3,train
Canada,CAN,North America,2011,2012,52670.3447,53725.8524,53725.853594617845,53387.15571620076,52402.466392938826,53132.277,Model 3,train
Canada,CAN,North America,2012,2013,52638.1187,54140.8626,54140.86358075106,53818.617762118425,52272.839956923846,53132.277,Model 3,train
Canada,CAN,North America,2013,2014,50960.8431,54028.3326,54028.33374882434,53760.26892827849,51397.17092692835,53088.77,Model 3,train
Canada,CAN,North America,2014,2015,43594.1941,52288.5869,52288.5881827557,52055.30781110158,46053.64727832068,47159.13,Model 3,train
Canada,CAN,North America,2015,2016,42314.0616,44768.9479,44768.949955488,44662.21811475605,43873.80974298472,43063.832,Model 3,train
Canada,CAN,North America,2016,2017,45129.6281,43437.078,43437.08010334339,43361.89545622352,44358.972983483494,43187.668,Model 3,train
Canada,CAN,North America,2017,2018,46539.1762,46224.7485,46224.75026202515,46136.75244354725,46314.72161631396,46108.137,Model 3,train
Switzerland,CHE,Europe & Central Asia,1991,1992,40713.6882,42298.7099,42298.70290180562,40870.935998903,41225.86034859145,37770.035,Model 3,train
Switzerland,CHE,Europe & Central Asia,1992,1993,39237.1187,43490.0122,43490.00491977227,42050.25573071311,41124.99553218792,38226.008,Model 3,train
Switzerland,CHE,Europe & Central Asia,1993,1994,43091.7771,41904.1018,41904.09499799581,40556.624007445025,41894.33717576416,40258.367,Model 3,train
Switzerland,CHE,Europe & Central Asia,1994,1995,50113.8321,45908.8729,45908.86504532623,44442.670476480715,46864.48347103653,42643.258,Model 3,train
Switzerland,CHE,Europe & Central Asia,1995,1996,48092.6433,53229.1833,53229.1730263229,51482.27928858477,47685.2680457651,44841.137,Model 3,train
Switzerland,CHE,Europe & Central Asia,1996,1997,41584.4418,51082.7557,51082.74634862937,49470.209538867275,45364.83926828776,43902.68,Model 3,train
Switzerland,CHE,Europe & Central Asia,1997,1998,42680.5867,40038.9734,40038.96775048219,39930.60616387683,42418.39141361791,40027.367,Model 3,train
Switzerland,CHE,Europe & Central Asia,1998,1999,41695.6913,40946.5998,40946.59496268724,40953.59664022267,42416.78220732776,42319.4,Model 3,train
Switzerland,CHE,Europe & Central Asia,1999,2000,38865.0219,43962.2744,43962.27062890507,43006.607186029614,41267.649635015725,41555.28,Model 3,train
Switzerland,CHE,Europe & Central Asia,2000,2001,39638.7911,40852.5067,40852.50497059092,40132.74807786444,40135.31681034763,38935.145,Model 3,train
Switzerland,CHE,Europe & Central Asia,2001,2002,42458.7385,41550.4972,41550.496400814125,40930.560503024375,42241.690731553696,41020.848,Model 3,train
Switzerland,CHE,Europe & Central Asia,2002,2003,49335.7456,44351.6306,44351.630064436904,43764.76521649441,46400.66727164904,44118.16,Model 3,train
Switzerland,CHE,Europe & Central Asia,2003,2004,54659.4571,51321.8466,51321.84543335651,50664.145062517506,51457.275448135966,48582.91,Model 3,train
Switzerland,CHE,Europe & Central Asia,2004,2005,56242.8934,56722.3361,56722.33470791074,56030.91030962782,57640.27624801309,54925.996,Model 3,train
Switzerland,CHE,Europe & Central Asia,2005,2006,59011.0325,58272.8262,58272.824718529635,57597.25554535309,58525.52735515394,56063.504,Model 3,train
Switzerland,CHE,Europe & Central Asia,2006,2007,64989.1553,60975.0611,60975.06008906784,60359.56714101366,63968.28295004964,59733.44,Model 3,train
Switzerland,CHE,Europe & Central Asia,2007,2008,74175.1928,66994.0364,66994.03469535538,66321.5931751783,71900.28891906646,69331.266,Model 3,train
Switzerland,CHE,Europe & Central Asia,2008,2009,71568.3124,73004.683,73004.68200080398,73487.28066392356,74137.93300494752,72001.87,Model 3,train
Switzerland,CHE,Europe & Central Asia,2009,2010,76531.3729,70347.5134,70347.51294253238,70922.79954377774,75865.99140823465,76898.914,Model 3,train
Switzerland,CHE,Europe & Central Asia,2010,2011,90476.759,78402.4091,78402.40636682922,77742.8287598688,87378.41678397683,78836.56,Model 3,train
Switzerland,CHE,Europe & Central Asia,2011,2012,85836.2077,92393.0904,92393.0856946953,91590.0789268069,87373.73912942449,81181.63,Model 3,train
Switzerland,CHE,Europe & Central Asia,2012,2013,87304.3306,87650.3868,87650.38241118877,86938.75303133055,87412.40104756865,81181.63,Model 3,train
Switzerland,CHE,Europe & Central Asia,2013,2014,88724.9909,89047.3717,89047.36695769717,88352.44347999923,87903.66656978505,80679.19,Model 3,train
Switzerland,CHE,Europe & Central Asia,2014,2015,83806.4476,90526.9899,90526.98408813124,89775.42810405303,83308.10477308636,77505.734,Model 3,train
Switzerland,CHE,Europe & Central Asia,2015,2016,82153.0745,85381.4621,85381.45745031799,84796.96214940252,82567.24913903352,79345.32,Model 3,train
Switzerland,CHE,Europe & Central Asia,2016,2017,82254.3769,83705.9551,83705.95143164055,83232.82924398249,82371.98473370029,81123.82,Model 3,train
Switzerland,CHE,Europe & Central Asia,2017,2018,85217.3692,83744.6992,83744.69502839282,83268.83299294063,82986.77697203375,81123.82,Model 3,train
Chile,CHL,Latin America & Caribbean ,1992,1993,3540.9138,3641.3099,3641.310166957579,3635.713057263645,3546.4543863487816,3750.7732,Model 3,train
Chile,CHL,Latin America & Caribbean ,1993,1994,4012.1016,3840.2166,3840.216847723482,3836.0821825641583,3936.050901179164,4070.4358,Model 3,train
Chile,CHL,Latin America & Caribbean ,1994,1995,5081.4683,4339.1326,4339.132861745737,4334.177765815771,4627.668702765703,4672.665,Model 3,train
Chile,CHL,Latin America & Caribbean ,1995,1996,5333.5044,5471.0974,5471.097513739627,5460.379637547174,5389.583390040946,5504.17,Model 3,train
Chile,CHL,Latin America & Caribbean ,1996,1997,5741.9584,5731.9628,5731.962962074013,5724.329254265793,5579.114248914476,5799.336,Model 3,train
Chile,CHL,Latin America & Caribbean ,1997,1998,5419.8242,5591.0284,5591.0284470765255,5725.501046037013,5665.740020164845,6197.0386,Model 3,train
Chile,CHL,Latin America & Caribbean ,1998,1999,4933.5558,5279.7251,5279.725200698118,5413.571980507941,5225.6913195568295,5643.6626,Model 3,train
Chile,CHL,Latin America & Caribbean ,1999,2000,5052.9925,5293.226,5293.226305265947,5307.403309280905,5021.964294978205,5450.6743,Model 3,train
Chile,CHL,Latin America & Caribbean ,2000,2001,4563.5953,5399.5484,5399.548870464431,5433.926503500548,4929.651559963654,5442.2446,Model 3,train
Chile,CHL,Latin America & Caribbean ,2001,2002,4430.8474,4880.0602,4880.060742092707,4920.479225616208,4623.8245092378675,4998.0244,Model 3,train
Chile,CHL,Latin America & Caribbean ,2002,2003,4773.4018,4733.6795,4733.680044107439,4780.053119706641,4741.550041043999,5058.242,Model 3,train
Chile,CHL,Latin America & Caribbean ,2003,2004,6120.5915,5085.9163,5085.91684784697,5138.0366526509,5671.623398655162,5973.25,Model 3,train
Chile,CHL,Latin America & Caribbean ,2004,2005,7480.3233,6486.8355,6486.836025935528,6552.444234155207,7292.019116979045,7224.5522,Model 3,train
Chile,CHL,Latin America & Caribbean ,2005,2006,9318.6566,7895.7716,7895.772158060705,7969.776107432753,8781.289109118748,9352.601,Model 3,train
Chile,CHL,Latin America & Caribbean ,2006,2007,10346.4138,9787.5861,9787.586567815815,9874.274833358912,10386.376264679053,11589.81,Model 3,train
Chile,CHL,Latin America & Caribbean ,2007,2008,10683.2189,10841.4297,10841.430002556996,10933.001787021378,10849.250628540936,12003.538,Model 3,train
Chile,CHL,Latin America & Caribbean ,2008,2009,10098.8017,10707.6862,10707.686715778236,10980.75866052384,10596.60802612809,11381.066,Model 3,train
Chile,CHL,Latin America & Caribbean ,2009,2010,12632.8705,10095.6559,10095.656629806994,10389.480203657264,11682.00838846295,11586.317,Model 3,train
Chile,CHL,Latin America & Caribbean ,2010,2011,14487.3928,13133.165,13133.165281843583,13275.335606476005,13894.114796258606,12873.644,Model 3,train
Chile,CHL,Latin America & Caribbean ,2011,2012,15241.907,14996.3085,14996.308866643503,15171.710419991316,15017.89450621176,14904.236,Model 3,train
Chile,CHL,Latin America & Caribbean ,2012,2013,15683.5486,15741.2363,15741.236655390618,15932.508552553609,15559.078071447198,14992.78,Model 3,train
Chile,CHL,Latin America & Caribbean ,2013,2014,14529.6767,16169.1664,16169.16679677596,16384.399827448895,15021.607934784157,14583.02,Model 3,train
Chile,CHL,Latin America & Caribbean ,2014,2015,13433.9203,14983.1205,14983.121074085964,15200.4731444609,14128.833478900857,13774.782,Model 3,train
Chile,CHL,Latin America & Caribbean ,2015,2016,13649.852,13803.0211,13803.022344653464,14078.650847969804,13890.508336899806,14228.111,Model 3,train
Chile,CHL,Latin America & Caribbean ,2016,2017,14879.9086,13986.2682,13986.269743862897,14299.17888967288,14727.956323565028,15567.323,Model 3,train
Chile,CHL,Latin America & Caribbean ,2017,2018,15659.4809,15221.2991,15221.300511767644,15557.66698230696,15569.1800678312,16609.775,Model 3,train
China,CHN,East Asia & Pacific,1993,1994,475.6779,422.408,422.40814179632065,426.98325689861906,443.5276561970024,439.8184,Model 3,train
China,CHN,East Asia & Pacific,1994,1995,612.6803,529.027,529.0271462318323,533.2824260741958,572.9275588760603,585.4377,Model 3,train
China,CHN,East Asia & Pacific,1995,1996,713.3374,677.7671,677.7672400992487,683.2853119989945,685.6741174979721,697.18176,Model 3,train
China,CHN,East Asia & Pacific,1996,1997,786.7435,785.9702,785.9703414897531,793.0748023906432,784.7860173769609,780.4473,Model 3,train
China,CHN,East Asia & Pacific,1997,1998,835.0953,784.6912,784.6913242665015,812.4214452187634,832.348606577535,875.1981,Model 3,train
China,CHN,East Asia & Pacific,1998,1999,881.1466,831.396,831.3961132963872,861.3147444113328,849.9920067573125,908.1287,Model 3,train
China,CHN,East Asia & Pacific,1999,2000,969.1995,965.1339,965.1340635701248,975.415202851706,971.0491952774512,976.38947,Model 3,train
China,CHN,East Asia & Pacific,2000,2001,1065.406,1059.6593,1059.659436388754,1070.6494705631474,1040.8523573060058,1029.4004,Model 3,train
China,CHN,East Asia & Pacific,2001,2002,1163.5596,1162.5287,1162.528868983647,1174.6154429930607,1099.5019950147,1219.741,Model 3,train
China,CHN,East Asia & Pacific,2002,2003,1306.9725,1266.4242,1266.4242877264423,1280.4226391645325,1309.3121344924334,1400.9762,Model 3,train
China,CHN,East Asia & Pacific,2003,2004,1530.9273,1419.2362,1419.2363335138757,1434.6042642884192,1542.9849567766537,1647.7759,Model 3,train
China,CHN,East Asia & Pacific,2004,2005,1777.645,1658.0616,1658.0616998173275,1674.5627159812734,1766.5058464432368,1976.1528,Model 3,train
China,CHN,East Asia & Pacific,2005,2006,2129.257,1918.878,1918.8781636353915,1938.089508051046,2092.9727783895673,2217.752,Model 3,train
China,CHN,East Asia & Pacific,2006,2007,2734.7271,2289.8285,2289.8286351387214,2312.051610480514,2536.9562359109873,2662.9934,Model 3,train
China,CHN,East Asia & Pacific,2007,2008,3523.443,2925.6398,2925.639873959012,2953.2576783610125,3254.8223052461194,3299.84,Model 3,train
China,CHN,East Asia & Pacific,2008,2009,3898.2446,3585.7177,3585.7178398068622,3682.231183206831,3878.882832560459,3848.137,Model 3,train
China,CHN,East Asia & Pacific,2009,2010,4629.2455,3948.7091,3948.7092685064663,4066.182771657766,4442.876671911038,4641.363,Model 3,train
China,CHN,East Asia & Pacific,2010,2011,5703.7603,4879.0029,4879.002964748946,4939.630990490759,5424.67972813261,5484.604,Model 3,train
China,CHN,East Asia & Pacific,2011,2012,6405.0574,5984.5546,5984.554546662274,6056.438838704924,6151.140850252301,5953.629,Model 3,train
China,CHN,East Asia & Pacific,2012,2013,7147.0352,6694.8391,6694.839046898889,6783.365845498195,6990.164677959621,6595.65,Model 3,train
China,CHN,East Asia & Pacific,2013,2014,7781.066,7446.9704,7446.970309810746,7549.555219661042,7698.472466456021,7594.798,Model 3,train
China,CHN,East Asia & Pacific,2014,2015,8175.3329,8087.765,8087.764902630276,8202.733700250257,8082.730483054808,8001.6567,Model 3,train
China,CHN,East Asia & Pacific,2015,2016,8254.8686,8481.1378,8481.137700835761,8607.896313197438,8004.366727906243,8619.208,Model 3,train
China,CHN,East Asia & Pacific,2016,2017,8979.6765,8552.6569,8552.656854059689,8688.466943984335,8652.10041699812,9535.6,Model 3,train
China,CHN,East Asia & Pacific,2017,2018,10085.6638,9281.4876,9281.48742251899,9427.582545151685,9965.720235414825,10659.839,Model 3,train
Cote d'Ivoire,CIV,Sub-Saharan Africa ,1995,1996,1170.2362,787.3292,787.3292114956049,789.8793298693346,952.7578148826716,750.1456,Model 3,train
Cote d'Ivoire,CIV,Sub-Saharan Africa ,1996,1997,1124.6567,1231.7051,1231.7050099535793,1234.3495385854842,1143.2295721586825,1064.7722,Model 3,train
Cote d'Ivoire,CIV,Sub-Saharan Africa ,1997,1998,1177.3713,1074.4433,1074.4432144007626,1104.0643445565106,1135.129392723131,1001.84143,Model 3,train
Cote d'Ivoire,CIV,Sub-Saharan Africa ,1998,1999,1096.1352,1122.7985,1122.7984157165156,1153.163517919518,1118.8517376698337,1081.5508,Model 3,train
Cote d'Ivoire,CIV,Sub-Saharan Africa ,1999,2000,936.6365,1151.3154,1151.3152709322922,1154.798279543351,1038.279239439923,998.5054,Model 3,train
Cote d'Ivoire,CIV,Sub-Saharan Africa ,2000,2001,924.7273,985.8564,985.8563011270584,989.8759986813212,961.9289291076118,882.9381,Model 3,train
Cote d'Ivoire,CIV,Sub-Saharan Africa ,2001,2002,967.8159,973.0302,973.0301073270348,976.9994911524228,971.5422302884956,901.97595,Model 3,train
Cote d'Ivoire,CIV,Sub-Saharan Africa ,2002,2003,1111.1714,1016.7213,1016.721176217349,1021.0519693503496,1085.185974554416,952.4562,Model 3,train
Cote d'Ivoire,CIV,Sub-Saharan Africa ,2003,2004,1199.8252,1163.6461,1163.6460216152354,1167.613635602139,1172.2840264021136,1118.2623,Model 3,train
Cote d'Ivoire,CIV,Sub-Saharan Africa ,2004,2005,1197.7462,1254.3672,1254.3670624961994,1259.0994035462638,1210.7834052583044,1241.4939,Model 3,train
Cote d'Ivoire,CIV,Sub-Saharan Africa ,2005,2006,1230.4306,1252.4901,1252.48992479317,1257.4710162088431,1241.172177849754,1274.8761,Model 3,train
Cote d'Ivoire,CIV,Sub-Saharan Africa ,2006,2007,1367.5382,1285.405,1285.404831736972,1291.4062792927891,1321.4947726188077,1314.1514,Model 3,train
Cote d'Ivoire,CIV,Sub-Saharan Africa ,2007,2008,1583.9707,1425.889,1425.8888334749909,1432.6899358737548,1541.906778999224,1544.8386,Model 3,train
Cote d'Ivoire,CIV,Sub-Saharan Africa ,2008,2009,1540.4539,1578.876,1578.875829749483,1612.1310863889946,1581.838216214057,1645.091,Model 3,train
Cote d'Ivoire,CIV,Sub-Saharan Africa ,2009,2010,1553.5489,1534.6681,1534.66790177831,1569.7004590150582,1564.812620168222,1674.8224,Model 3,train
Cote d'Ivoire,CIV,Sub-Saharan Africa ,2010,2011,1596.6283,1615.9892,1615.989001082928,1626.0637914952292,1597.0911303820494,1696.8934,Model 3,train
Cote d'Ivoire,CIV,Sub-Saharan Africa ,2011,2012,1546.946,1661.082,1661.0817652845185,1671.5012348926225,1604.8483950897603,1672.3844,Model 3,train
Cote d'Ivoire,CIV,Sub-Saharan Africa ,2012,2013,1786.1586,1608.5221,1608.5219720467298,1621.6630304887128,1705.1371696876809,1642.5693,Model 3,train
Cote d'Ivoire,CIV,Sub-Saharan Africa ,2013,2014,1991.3654,1852.8634,1852.8632145680372,1867.0821378880485,1909.0549471091283,1692.8573,Model 3,train
Cote d'Ivoire,CIV,Sub-Saharan Africa ,2014,2015,1814.7186,2060.0271,2060.026860677418,2078.3055783780437,1919.0924895779212,1859.0176,Model 3,train
Cote d'Ivoire,CIV,Sub-Saharan Africa ,2015,2016,1862.596,1864.8868,1864.886749781965,1898.751616762195,1907.2607539988917,1827.9294,Model 3,train
Cote d'Ivoire,CIV,Sub-Saharan Africa ,2016,2017,1964.2993,1911.6236,1911.623572304023,1948.6492011553864,1968.6949335557945,1933.1931,Model 3,train
Cote d'Ivoire,CIV,Sub-Saharan Africa ,2017,2018,2130.8662,2012.0743,2012.0742841823148,2053.4434327702197,2059.018113794544,2032.6875,Model 3,train
Cameroon,CMR,Sub-Saharan Africa ,1997,1998,798.7456,754.0248,754.0247753139132,777.9097492666152,804.0343131117546,755.8903,Model 3,train
Cameroon,CMR,Sub-Saharan Africa ,1998,1999,796.2626,767.875,767.8750224999981,792.3167975424311,799.9445681694322,770.5491,Model 3,train
Cameroon,CMR,Sub-Saharan Africa ,1999,2000,708.5657,842.6859,842.685852051349,848.4103675796357,773.8942236936058,767.1476,Model 3,train
Cameroon,CMR,Sub-Saharan Africa ,2000,2001,715.4703,750.7615,750.7614990160866,756.7426032203556,722.926788922162,712.0296,Model 3,train
Cameroon,CMR,Sub-Saharan Africa ,2001,2002,789.6238,758.0492,758.04919891358,763.8719440348035,754.0207104876919,714.0292,Model 3,train
Cameroon,CMR,Sub-Saharan Africa ,2002,2003,988.2413,834.8731,834.8731042041181,841.1969068159141,907.307099842394,826.6816,Model 3,train
Cameroon,CMR,Sub-Saharan Africa ,2003,2004,1133.3933,1040.4835,1040.4834375454657,1047.5186150462202,1129.777531529552,998.8592,Model 3,train
Cameroon,CMR,Sub-Saharan Africa ,2004,2005,1142.6247,1190.2457,1190.2455781594372,1197.710367090308,1164.5022517939046,1187.6388,Model 3,train
Cameroon,CMR,Sub-Saharan Africa ,2005,2006,1191.4546,1199.7099,1199.7098495123769,1207.2939380639702,1200.8042900405196,1227.4022,Model 3,train
Cameroon,CMR,Sub-Saharan Africa ,2006,2007,1325.6725,1250.3855,1250.3853918889556,1257.9421608097132,1303.9458119040598,1250.2397,Model 3,train
Cameroon,CMR,Sub-Saharan Africa ,2007,2008,1492.1427,1387.3524,1387.352314088915,1396.5861294442293,1486.2834675427057,1410.8315,Model 3,train
Cameroon,CMR,Sub-Saharan Africa ,2008,2009,1461.39,1492.6936,1492.693529523134,1527.0831631159867,1486.506791006139,1455.1102,Model 3,train
Cameroon,CMR,Sub-Saharan Africa ,2009,2010,1398.587,1461.1522,1461.1521019264303,1496.5174330378618,1458.116456049337,1491.0526,Model 3,train
Cameroon,CMR,Sub-Saharan Africa ,2010,2011,1513.9606,1460.6686,1460.6685056318777,1472.680309807483,1497.1114414013127,1444.7313,Model 3,train
Cameroon,CMR,Sub-Saharan Africa ,2011,2012,1449.0987,1579.1588,1579.158709843324,1592.0346999744263,1503.0905038212768,1502.1267,Model 3,train
Cameroon,CMR,Sub-Saharan Africa ,2012,2013,1575.9288,1511.6026,1511.602472433749,1526.5892986626336,1519.7147878820217,1484.189,Model 3,train
Cameroon,CMR,Sub-Saharan Africa ,2013,2014,1649.4434,1640.2911,1640.2909647506033,1657.962018107228,1621.3035098899747,1583.1288,Model 3,train
Cameroon,CMR,Sub-Saharan Africa ,2014,2015,1415.0001,1712.0263,1712.026206418196,1733.8646936268588,1496.9214587123454,1562.5397,Model 3,train
Cameroon,CMR,Sub-Saharan Africa ,2015,2016,1441.7202,1471.4832,1471.4831099887806,1493.386949457365,1470.9493443035055,1451.1606,Model 3,train
Cameroon,CMR,Sub-Saharan Africa ,2016,2017,1496.0895,1497.3695,1497.3694237631516,1521.9250437697997,1525.1186327615733,1480.4011,Model 3,train
Cameroon,CMR,Sub-Saharan Africa ,2017,2018,1610.6964,1551.5303,1551.5303083074534,1578.737341500215,1669.3555197620792,1501.2273,Model 3,train
"Congo, Dem. Rep.",COD,Sub-Saharan Africa ,1996,1997,132.3235,142.2139,142.21395036349264,140.6260174440496,149.21841992244018,155.84694,Model 3,train
"Congo, Dem. Rep.",COD,Sub-Saharan Africa ,1997,1998,131.4613,134.0601,134.0601381829144,136.03008603922845,149.35662112444186,155.45009,Model 3,train
"Congo, Dem. Rep.",COD,Sub-Saharan Africa ,1998,1999,96.3192,129.7746,129.77466252813042,134.84247063407136,119.43962530432978,137.88483,Model 3,train
"Congo, Dem. Rep.",COD,Sub-Saharan Africa ,1999,2000,377.9254,107.836,107.8360374020894,106.93122252778728,191.61957761778717,162.75812,Model 3,train
"Congo, Dem. Rep.",COD,Sub-Saharan Africa ,2000,2001,142.6781,414.6564,414.6563586194653,408.1146740230313,267.33586950112044,346.152,Model 3,train
"Congo, Dem. Rep.",COD,Sub-Saharan Africa ,2001,2002,162.3805,158.9226,158.92258978422075,157.50717192846454,179.76371609235036,183.02188,Model 3,train
"Congo, Dem. Rep.",COD,Sub-Saharan Africa ,2002,2003,161.4916,176.1346,176.13457382201983,178.67997971818224,166.48532823175088,183.6332,Model 3,train
"Congo, Dem. Rep.",COD,Sub-Saharan Africa ,2003,2004,180.6648,174.632,174.63201635842714,177.82881865914823,175.06926386451343,174.4209,Model 3,train
"Congo, Dem. Rep.",COD,Sub-Saharan Africa ,2004,2005,214.5397,194.7199,194.7198977971366,198.5558186467805,201.3392918759021,201.0104,Model 3,train
"Congo, Dem. Rep.",COD,Sub-Saharan Africa ,2005,2006,255.4452,231.232,231.23204732678263,234.95288261011152,267.93240821195286,238.06738,Model 3,train
"Congo, Dem. Rep.",COD,Sub-Saharan Africa ,2006,2007,294.1016,274.1253,274.1252860383933,278.76398679554336,289.9416593449043,283.5143,Model 3,train
"Congo, Dem. Rep.",COD,Sub-Saharan Africa ,2007,2008,352.9004,315.033,315.0330617114151,320.03194703340665,345.19290782185385,329.0574,Model 3,train
"Congo, Dem. Rep.",COD,Sub-Saharan Africa ,2008,2009,280.179,360.7894,360.78944891753093,372.535393266784,323.2025287876804,352.8909,Model 3,train
"Congo, Dem. Rep.",COD,Sub-Saharan Africa ,2009,2010,352.4004,286.6983,286.6983005832199,297.3796865302077,336.5770774593634,319.1567,Model 3,train
"Congo, Dem. Rep.",COD,Sub-Saharan Africa ,2010,2011,372.5143,375.5246,375.52459617992525,382.3490673747031,370.4445582651949,369.69037,Model 3,train
"Congo, Dem. Rep.",COD,Sub-Saharan Africa ,2011,2012,409.9314,397.0337,397.0337605697635,403.8338482685695,405.16783810939774,385.64526,Model 3,train
"Congo, Dem. Rep.",COD,Sub-Saharan Africa ,2012,2013,460.3703,435.6735,435.6735094097734,443.5633064813655,452.2786941554442,454.15485,Model 3,train
"Congo, Dem. Rep.",COD,Sub-Saharan Africa ,2013,2014,489.176,487.4723,487.472304814775,496.9841441365648,481.5041868819938,493.07635,Model 3,train
"Congo, Dem. Rep.",COD,Sub-Saharan Africa ,2014,2015,495.8266,517.2839,517.283943102982,527.5096054162976,495.2822400733262,515.829,Model 3,train
"Congo, Dem. Rep.",COD,Sub-Saharan Africa ,2015,2016,459.765,523.9136,523.9136088230775,534.6509410604097,485.2824698782442,522.76196,Model 3,train
"Congo, Dem. Rep.",COD,Sub-Saharan Africa ,2016,2017,431.0526,485.556,485.55605867396054,496.73624784911334,463.0936716433297,503.9247,Model 3,train
"Congo, Rep.",COG,Sub-Saharan Africa ,1996,1997,804.3041,957.1258,957.1257916230649,961.224861047453,869.9207386817709,944.73364,Model 3,train
"Congo, Rep.",COG,Sub-Saharan Africa ,1999,2000,1024.3016,825.2085,825.2085090903684,829.9889834235327,894.18246339994,810.5611,Model 3,train
"Congo, Rep.",COG,Sub-Saharan Africa ,2000,2001,854.5983,1083.4592,1083.4592301447406,1089.641349790567,972.6020078764984,975.1481,Model 3,train
"Congo, Rep.",COG,Sub-Saharan Africa ,2001,2002,905.5381,906.5716,906.5716303359702,913.247711629492,897.41237580279,812.9587,Model 3,train
"Congo, Rep.",COG,Sub-Saharan Africa ,2002,2003,1016.8236,960.3481,960.3481501746396,966.8812874071166,990.3227930490416,995.18567,Model 3,train
"Congo, Rep.",COG,Sub-Saharan Africa ,2003,2004,1306.1014,1075.5019,1075.501940625607,1083.8239779577511,1188.3744750842693,1103.3911,Model 3,train
"Congo, Rep.",COG,Sub-Saharan Africa ,2004,2005,1799.0516,1376.8231,1376.8230485549311,1385.8610856350972,1628.087515908422,1563.1598,Model 3,train
"Congo, Rep.",COG,Sub-Saharan Africa ,2005,2006,2103.5821,1887.2557,1887.255630421594,1897.0608104991104,1979.922001276328,1948.1724,Model 3,train
"Congo, Rep.",COG,Sub-Saharan Africa ,2006,2007,2206.471,2202.5982,2202.598069441975,2212.4427609112,2341.410754338671,2303.508,Model 3,train
"Congo, Rep.",COG,Sub-Saharan Africa ,2007,2008,2832.0918,2306.3205,2306.320391108867,2319.4989008115267,2731.6871223265407,2524.2957,Model 3,train
"Congo, Rep.",COG,Sub-Saharan Africa ,2008,2009,2271.1522,2823.2017,2823.201584664204,2885.681402244106,2693.0273453234536,2879.58,Model 3,train
"Congo, Rep.",COG,Sub-Saharan Africa ,2009,2010,2946.558,2271.079,2271.078937692134,2326.28675020721,2835.084834951178,2544.4932,Model 3,train
"Congo, Rep.",COG,Sub-Saharan Africa ,2010,2011,3396.1651,3062.2226,3062.2223962218013,3082.370772492892,3253.2819074025806,3205.7625,Model 3,train
"Congo, Rep.",COG,Sub-Saharan Africa ,2011,2012,3732.3274,3521.4172,3521.4169122040403,3543.2165157207937,3565.800323882361,3390.1313,Model 3,train
"Congo, Rep.",COG,Sub-Saharan Africa ,2012,2013,3697.4171,3864.6092,3864.608846182604,3886.2192757437183,3692.5609718081937,3768.3667,Model 3,train
"Congo, Rep.",COG,Sub-Saharan Africa ,2013,2014,3601.2366,3826.6493,3826.648911725878,3850.687264316334,3542.732914196362,3666.543,Model 3,train
"Congo, Rep.",COG,Sub-Saharan Africa ,2014,2015,2439.3519,3724.8608,3724.8604555120087,3753.344388381699,2879.304620240402,3330.1865,Model 3,train
"Congo, Rep.",COG,Sub-Saharan Africa ,2015,2016,2093.1073,2538.2871,2538.286975824627,2564.888546422146,2365.857692658047,2444.679,Model 3,train
"Congo, Rep.",COG,Sub-Saharan Africa ,2016,2017,2211.6331,2181.9394,2181.9393022731556,2208.1730038319006,2264.8437366211015,2197.4368,Model 3,train
"Congo, Rep.",COG,Sub-Saharan Africa ,2017,2018,2694.4341,2301.0382,2301.0381159126614,2330.238173105076,2554.8821376633455,2341.129,Model 3,train
Colombia,COL,Latin America & Caribbean ,1994,1995,2583.6658,2518.2168,2518.2169110665154,2513.516537846371,2593.3555337681346,2664.8606,Model 3,train
Colombia,COL,Latin America & Caribbean ,1995,1996,2664.6406,2790.7398,2790.7398741649727,2785.9183483013535,2680.4223269897766,2709.9578,Model 3,train
Colombia,COL,Latin America & Caribbean ,1996,1997,2873.2814,2874.5959,2874.5959068274265,2871.799395336559,2822.1682565811075,2751.068,Model 3,train
Colombia,COL,Latin America & Caribbean ,1997,1998,2604.8717,2808.1622,2808.1622663377325,2877.8078217805264,2787.1726317385123,2847.8904,Model 3,train
Colombia,COL,Latin America & Caribbean ,1998,1999,2241.2291,2547.4044,2547.4044963370807,2614.677212221092,2379.7277383013625,2559.2947,Model 3,train
Colombia,COL,Latin America & Caribbean ,1999,2000,2555.0075,2413.2218,2413.2218975509195,2423.7976934570697,2478.7532864215364,2444.4658,Model 3,train
Colombia,COL,Latin America & Caribbean ,2000,2001,2472.9908,2741.9944,2741.9945363104252,2753.1000275479905,2567.366579053976,2695.5083,Model 3,train
Colombia,COL,Latin America & Caribbean ,2001,2002,2428.9297,2655.5407,2655.540823617235,2666.5342760019485,2519.386107580912,2687.9446,Model 3,train
Colombia,COL,Latin America & Caribbean ,2002,2003,2311.9422,2606.4312,2606.4313418916913,2620.3429946068227,2494.476449445113,2684.7576,Model 3,train
Colombia,COL,Latin America & Caribbean ,2003,2004,2818.572,2482.2432,2482.2433812723407,2499.4230262423507,2697.2709681150254,2592.3848,Model 3,train
Colombia,COL,Latin America & Caribbean ,2004,2005,3456.0661,3013.8644,3013.864543162209,3034.4702949420307,3305.5503374798163,3133.2039,Model 3,train
Colombia,COL,Latin America & Caribbean ,2005,2006,3789.8536,3681.7442,3681.744256375432,3704.4078606575463,3905.354269879346,3921.2214,Model 3,train
Colombia,COL,Latin America & Caribbean ,2006,2007,4769.9261,4024.677,4024.677123812801,4054.026370755741,4518.428400411601,4341.593,Model 3,train
Colombia,COL,Latin America & Caribbean ,2007,2008,5541.8363,5036.5848,5036.584851918414,5075.394144650933,5484.267668538695,5421.1357,Model 3,train
Colombia,COL,Latin America & Caribbean ,2008,2009,5250.9729,5583.3645,5583.364637841035,5724.8949078416645,5572.233507875201,5633.021,Model 3,train
Colombia,COL,Latin America & Caribbean ,2009,2010,6398.2958,5283.3497,5283.349902046538,5431.245133305585,5940.953839425706,5819.4526,Model 3,train
Colombia,COL,Latin America & Caribbean ,2010,2011,7400.9941,6687.5173,6687.517366377729,6766.002908411313,7153.332777607901,6577.5093,Model 3,train
Colombia,COL,Latin America & Caribbean ,2011,2012,8108.5984,7709.0743,7709.074319016693,7800.580401193126,7925.252277527985,7274.379,Model 3,train
Colombia,COL,Latin America & Caribbean ,2012,2013,8279.1026,8411.5342,8411.53437634358,8531.059439298975,8014.41351699372,8119.8086,Model 3,train
Colombia,COL,Latin America & Caribbean ,2013,2014,8187.2082,8574.416,8574.416185626076,8704.77797631118,8232.44771795303,8748.631,Model 3,train
Colombia,COL,Latin America & Caribbean ,2014,2015,6248.5149,8475.6911,8475.691309676562,8606.786346141216,7145.294405426667,7838.521,Model 3,train
Colombia,COL,Latin America & Caribbean ,2015,2016,5959.8425,6489.0633,6489.0637255631345,6606.253840796191,6129.573500515515,6265.3174,Model 3,train
Colombia,COL,Latin America & Caribbean ,2016,2017,6479.5323,6189.0723,6189.0727307076595,6305.80644372329,6266.874038083153,6336.463,Model 3,train
Colombia,COL,Latin America & Caribbean ,2017,2018,6816.9682,6704.8035,6704.803999908802,6841.0038356061905,6780.4590417794725,6940.1157,Model 3,train
Comoros,COM,Sub-Saharan Africa ,2001,2002,764.6135,734.0901,734.0901737333763,737.5116372098971,742.2253113990511,675.28564,Model 3,train
Comoros,COM,Sub-Saharan Africa ,2002,2003,959.691,821.7436,821.7437054559363,825.4018507974305,877.5353621203492,769.18744,Model 3,train
Comoros,COM,Sub-Saharan Africa ,2003,2004,1072.2841,1027.5285,1027.5285839690812,1031.1508436412823,1065.1620675445188,961.0929,Model 3,train
Comoros,COM,Sub-Saharan Africa ,2004,2005,1105.788,1145.648,1145.6480711183392,1149.2690147004037,1118.8837201885613,1181.7451,Model 3,train
Comoros,COM,Sub-Saharan Africa ,2005,2006,1138.4791,1179.9686,1179.968687334366,1184.4035041243735,1166.3221059657856,1198.5653,Model 3,train
Comoros,COM,Sub-Saharan Africa ,2006,2007,1289.7363,1213.9365,1213.9365733818734,1218.7190521719142,1272.0955102664898,1259.5295,Model 3,train
Comoros,COM,Sub-Saharan Africa ,2007,2008,1455.0277,1372.0514,1372.0514527908942,1376.5709733047495,1378.8035381298644,1326.5005,Model 3,train
Comoros,COM,Sub-Saharan Africa ,2008,2009,1410.3052,1478.0213,1478.0213827006517,1508.816944880471,1459.503165889697,1482.707,Model 3,train
Comoros,COM,Sub-Saharan Africa ,2009,2010,1386.5742,1433.3304,1433.3304348781355,1463.5991587778442,1446.4751335656406,1527.7131,Model 3,train
Comoros,COM,Sub-Saharan Africa ,2010,2011,1531.4379,1471.1571,1471.1571809022923,1478.6290782749902,1483.317925598926,1507.9894,Model 3,train
Comoros,COM,Sub-Saharan Africa ,2011,2012,1490.3151,1621.2516,1621.2516162065897,1629.6277426794984,1558.980790148683,1637.134,Model 3,train
Comoros,COM,Sub-Saharan Africa ,2012,2013,1603.328,1578.923,1578.923074352938,1587.0183403667152,1545.4444600114043,1551.9932,Model 3,train
Comoros,COM,Sub-Saharan Africa ,2013,2014,1615.7172,1693.397,1693.3969767809683,1704.801253362706,1647.6060253385622,1680.999,Model 3,train
Comoros,COM,Sub-Saharan Africa ,2014,2015,1329.3705,1708.4062,1708.406235236854,1717.664985022483,1470.0591882105714,1567.5547,Model 3,train
Comoros,COM,Sub-Saharan Africa ,2015,2016,1365.484,1407.5044,1407.5044981089277,1419.5623507157025,1393.6424399787495,1371.7324,Model 3,train
Comoros,COM,Sub-Saharan Africa ,2016,2017,1423.9248,1444.6425,1444.6425493870956,1457.2812878548746,1433.5759439142737,1443.0541,Model 3,train
Comoros,COM,Sub-Saharan Africa ,2017,2018,1527.4053,1504.5141,1504.5141630039716,1518.3046832213756,1513.7143256900924,1506.8816,Model 3,train
Cabo Verde,CPV,Sub-Saharan Africa ,1997,1998,1186.7429,1111.741,1111.741144265205,1148.1506513509728,1195.8346471382283,1157.1962,Model 3,train
Cabo Verde,CPV,Sub-Saharan Africa ,1998,1999,1326.7447,1162.2148,1162.2150302858158,1201.600677679154,1275.422754508077,1197.1562,Model 3,train
Cabo Verde,CPV,Sub-Saharan Africa ,1999,2000,1189.5148,1428.8623,1428.8625204396803,1440.9900570188215,1319.066281354206,1453.258,Model 3,train
Cabo Verde,CPV,Sub-Saharan Africa ,2000,2001,1223.3306,1281.7846,1281.784815829615,1296.253770115523,1259.7981023015825,1284.1597,Model 3,train
Cabo Verde,CPV,Sub-Saharan Africa ,2001,2002,1328.5787,1318.5767,1318.5769164002609,1333.0730881162317,1323.529632346842,1313.8174,Model 3,train
Cabo Verde,CPV,Sub-Saharan Africa ,2002,2003,1717.9757,1429.7101,1429.710345708861,1446.4156898119215,1593.2449574742614,1578.5088,Model 3,train
Cabo Verde,CPV,Sub-Saharan Africa ,2003,2004,1929.4908,1840.4848,1840.4850520399496,1860.5318641681035,1895.081038021738,1966.0565,Model 3,train
Cabo Verde,CPV,Sub-Saharan Africa ,2004,2005,2004.1468,2061.4602,2061.460546368089,2084.9607748440276,2056.957399403037,2269.7307,Model 3,train
Cabo Verde,CPV,Sub-Saharan Africa ,2005,2006,2256.9967,2139.9438,2139.9440776999827,2164.3824815904304,2299.295018483097,2336.004,Model 3,train
Cabo Verde,CPV,Sub-Saharan Africa ,2006,2007,3324.5768,2406.4088,2406.4091228597476,2431.4286408833655,2875.7267578798733,2684.2827,Model 3,train
Cabo Verde,CPV,Sub-Saharan Africa ,2007,2008,3908.6489,3519.0768,3519.077134013894,3549.0869134793606,3735.8990900055846,3651.7332,Model 3,train
Cabo Verde,CPV,Sub-Saharan Africa ,2008,2009,3659.7205,3945.094,3945.094444580849,4049.447648751789,3739.770032602146,3814.9182,Model 3,train
Cabo Verde,CPV,Sub-Saharan Africa ,2009,2010,3579.4601,3685.0679,3685.068434316569,3796.7592049928353,3715.4123046686314,4080.1558,Model 3,train
Cabo Verde,CPV,Sub-Saharan Africa ,2010,2011,4002.0139,3757.6028,3757.60331156824,3815.626850307227,3927.153161134013,4261.494,Model 3,train
Cabo Verde,CPV,Sub-Saharan Africa ,2011,2012,3736.8152,4192.0618,4192.062379766877,4256.228843527497,3919.2024134297503,4290.3364,Model 3,train
Cabo Verde,CPV,Sub-Saharan Africa ,2012,2013,3960.976,3913.3065,3913.307019553896,3981.159850902615,3943.1453645394186,4223.076,Model 3,train
Cabo Verde,CPV,Sub-Saharan Africa ,2013,2014,3985.6071,4138.0525,4138.053116872025,4213.148160177104,3950.568538089198,4149.8984,Model 3,train
Cabo Verde,CPV,Sub-Saharan Africa ,2014,2015,3415.0627,4157.3871,4157.387696781103,4238.754167167139,3727.6181362123193,4004.8918,Model 3,train
Cabo Verde,CPV,Sub-Saharan Africa ,2015,2016,3608.9661,3567.5044,3567.505008630993,3644.677148518093,3569.2153356834415,3570.173,Model 3,train
Cabo Verde,CPV,Sub-Saharan Africa ,2016,2017,3893.0957,3755.9979,3755.998597137877,3846.3767782800874,3817.234132145101,4049.5237,Model 3,train
Cabo Verde,CPV,Sub-Saharan Africa ,2017,2018,4294.9651,4039.2786,4039.2793941450136,4142.574167957365,4089.36987435664,4243.589,Model 3,train
Costa Rica,CRI,Latin America & Caribbean ,1992,1993,2840.3871,2869.7938,2869.794229954259,2862.0554341733555,2834.06228054011,3166.7104,Model 3,train
Costa Rica,CRI,Latin America & Caribbean ,1993,1994,3039.5633,3107.1515,3107.151868001022,3103.446013023337,3073.740850044695,3454.1912,Model 3,train
Costa Rica,CRI,Latin America & Caribbean ,1994,1995,3275.2526,3320.9045,3320.9048514413553,3313.894929708726,3240.262845527568,3695.0005,Model 3,train
Costa Rica,CRI,Latin America & Caribbean ,1995,1996,3226.964,3577.056,3577.056382506196,3563.3316862706542,3398.495355639838,3840.0571,Model 3,train
Costa Rica,CRI,Latin America & Caribbean ,1996,1997,3407.7761,3518.1492,3518.1495479023647,3509.560346154053,3394.020630911276,3667.5957,Model 3,train
Costa Rica,CRI,Latin America & Caribbean ,1997,1998,3617.4576,3364.661,3364.661303685249,3444.0573955853256,3583.893553585865,3726.2083,Model 3,train
Costa Rica,CRI,Latin America & Caribbean ,1998,1999,3690.9615,3565.0379,3565.038151262635,3650.720907673376,3789.7986672228526,4228.2505,Model 3,train
Costa Rica,CRI,Latin America & Caribbean ,1999,2000,3812.7539,4001.3054,4001.3057361711058,3999.5198110774663,3865.657872721801,4323.2314,Model 3,train
Costa Rica,CRI,Latin America & Caribbean ,2000,2001,3985.1298,4128.4116,4128.411942759119,4128.038307075335,4054.809948325572,4456.1543,Model 3,train
Costa Rica,CRI,Latin America & Caribbean ,2001,2002,4067.7185,4305.3482,4305.348554778572,4310.2218332984585,4137.896926541484,4339.275,Model 3,train
Costa Rica,CRI,Latin America & Caribbean ,2002,2003,4173.1486,4376.8882,4376.888693306441,4397.728098316253,4273.8506035245655,4725.1167,Model 3,train
Costa Rica,CRI,Latin America & Caribbean ,2003,2004,4431.0117,4486.2711,4486.2715717474175,4508.79385633998,4483.808956209273,4858.844,Model 3,train
Costa Rica,CRI,Latin America & Caribbean ,2004,2005,4703.0072,4759.1155,4759.116009205172,4780.824943712177,4717.925596073714,4975.06,Model 3,train
Costa Rica,CRI,Latin America & Caribbean ,2005,2006,5256.5964,5044.3067,5044.307217894841,5068.103465016691,5309.960599464651,5459.9194,Model 3,train
Costa Rica,CRI,Latin America & Caribbean ,2006,2007,6137.712,5618.8772,5618.877694923599,5648.802680629093,5948.495289340315,6427.6846,Model 3,train
Costa Rica,CRI,Latin America & Caribbean ,2007,2008,6937.2426,6533.1384,6533.138903677106,6568.958122373246,7024.752782782257,7376.134,Model 3,train
Costa Rica,CRI,Latin America & Caribbean ,2008,2009,6832.6983,7047.9841,7047.984729193197,7206.985050728439,7238.971218235945,7148.983,Model 3,train
Costa Rica,CRI,Latin America & Caribbean ,2009,2010,8265.7882,6926.4223,6926.423077378181,7099.051770263709,7889.74017740211,7684.924,Model 3,train
Costa Rica,CRI,Latin America & Caribbean ,2010,2011,9276.3911,8711.4761,8711.476661695113,8774.68567674352,9082.506833862675,9345.958,Model 3,train
Costa Rica,CRI,Latin America & Caribbean ,2011,2012,10126.9991,9742.5677,9742.568272256543,9821.100092324454,10173.943514140576,10171.67,Model 3,train
Costa Rica,CRI,Latin America & Caribbean ,2012,2013,10803.2402,10592.1207,10592.121435208195,10700.29096895993,10928.90910733546,10387.245,Model 3,train
Costa Rica,CRI,Latin America & Caribbean ,2013,2014,10911.4979,11291.5064,11291.5069998397,11397.103136386637,11156.609190230933,10826.127,Model 3,train
Costa Rica,CRI,Latin America & Caribbean ,2014,2015,11714.7106,11370.307,11370.307764739906,11502.148646827787,11455.5436880647,10823.123,Model 3,train
Costa Rica,CRI,Latin America & Caribbean ,2015,2016,12091.0302,12156.2984,12156.299366685324,12325.56282761464,12363.017189633509,12221.123,Model 3,train
Costa Rica,CRI,Latin America & Caribbean ,2016,2017,12317.0903,12501.8293,12501.830294709218,12692.545969262,12485.354555872587,12242.388,Model 3,train
Costa Rica,CRI,Latin America & Caribbean ,2017,2018,12590.2494,12706.1628,12706.16391826648,12916.061809028928,12719.034381489086,13033.048,Model 3,train
Cyprus,CYP,Europe & Central Asia,1992,1993,10526.1416,12382.0042,12382.003886781951,11985.088827404132,11216.747352856495,12253.426,Model 3,train
Cyprus,CYP,Europe & Central Asia,1993,1994,11617.6924,11524.1801,11524.17980896652,11165.167934555504,11263.949098441024,11096.271,Model 3,train
Cyprus,CYP,Europe & Central Asia,1994,1995,15261.417,12690.8327,12690.83223103692,12289.774790853306,13573.30043538702,13259.187,Model 3,train
Cyprus,CYP,Europe & Central Asia,1995,1996,15139.2207,16584.1167,16584.11546829095,16041.408707417148,15378.519176599404,17151.578,Model 3,train
Cyprus,CYP,Europe & Central Asia,1996,1997,14234.2412,16445.9263,16445.925132100278,15915.515658865064,15000.139622897554,16415.922,Model 3,train
Cyprus,CYP,Europe & Central Asia,1997,1998,15092.8281,14028.6884,14028.68754245454,13944.138909275323,15065.7783484489,15837.072,Model 3,train
Cyprus,CYP,Europe & Central Asia,1998,1999,15287.918,14828.4766,14828.47570436954,14757.34392490199,15166.211235644683,16511.29,Model 3,train
Cyprus,CYP,Europe & Central Asia,1999,2000,14388.3525,16521.9826,16521.98184654878,16060.364975179344,14912.635883087742,15975.31,Model 3,train
Cyprus,CYP,Europe & Central Asia,2000,2001,14821.4492,15550.4263,15550.425805308005,15136.755019626937,15089.055278073456,15039.637,Model 3,train
Cyprus,CYP,Europe & Central Asia,2001,2002,16093.2158,15984.4876,15984.48724485623,15581.199461492184,15961.423866729578,16202.482,Model 3,train
Cyprus,CYP,Europe & Central Asia,2002,2003,20252.2461,17289.9262,17289.926161900763,16896.411325378736,18841.068678618256,20183.979,Model 3,train
Cyprus,CYP,Europe & Central Asia,2003,2004,23792.6191,21658.3851,21658.38441702464,21145.73546730196,23122.827495894628,23578.002,Model 3,train
Cyprus,CYP,Europe & Central Asia,2004,2005,24959.2617,25326.5616,25326.560536649395,24740.96429477816,25564.86392989589,26507.818,Model 3,train
Cyprus,CYP,Europe & Central Asia,2005,2006,26729.2812,26541.3903,26541.388860895837,25919.57861867539,26853.989641249995,28058.03,Model 3,train
Cyprus,CYP,Europe & Central Asia,2006,2007,31244.8789,28359.1244,28359.122850273372,27711.848386882903,30139.220096933663,30094.896,Model 3,train
Cyprus,CYP,Europe & Central Asia,2007,2008,35397.2969,33014.6963,33014.69420959249,32281.85554012076,34052.1551045907,33854.453,Model 3,train
Cyprus,CYP,Europe & Central Asia,2008,2009,32236.4492,35715.7175,35715.71558222826,35499.97083548885,35175.28301367101,34552.44,Model 3,train
Cyprus,CYP,Europe & Central Asia,2009,2010,31105.0273,32466.5951,32466.594667626858,32409.657108156793,31703.19987137249,33092.49,Model 3,train
Cyprus,CYP,Europe & Central Asia,2010,2011,32485.7988,32704.2245,32704.22356049437,32134.602194790376,32216.058317987827,30903.832,Model 3,train
Cyprus,CYP,Europe & Central Asia,2011,2012,28991.9355,34075.6685,34075.66766725178,33522.09844599549,30407.802025689,31639.139,Model 3,train
Cyprus,CYP,Europe & Central Asia,2012,2013,27764.7305,30396.1828,30396.182923383614,29991.58105102947,28623.044236481524,28275.746,Model 3,train
Cyprus,CYP,Europe & Central Asia,2013,2014,26993.1035,29043.4652,29043.4659082909,28742.82893214413,26830.656306101027,28734.037,Model 3,train
Cyprus,CYP,Europe & Central Asia,2014,2015,23088.4414,28192.4507,28192.45170251455,27944.526879729252,24909.809272009083,26381.518,Model 3,train
Cyprus,CYP,Europe & Central Asia,2015,2016,24280.0566,24145.4734,24145.47474908901,23977.449413498856,23225.693155973204,22787.926,Model 3,train
Cyprus,CYP,Europe & Central Asia,2016,2017,26247.4492,25335.4211,25335.42252580671,25173.43934649285,25415.69410116519,25463.914,Model 3,train
Cyprus,CYP,Europe & Central Asia,2017,2018,29120.375,27313.7267,27313.728152411935,27147.92753272711,28326.42075100136,28893.193,Model 3,train
Czechia,CZE,Europe & Central Asia,1993,1994,4663.2867,4392.9944,4392.994517930697,4287.0815381343355,4506.079445134512,4326.721,Model 3,train
Czechia,CZE,Europe & Central Asia,1994,1995,5865.2946,5116.5615,5116.561578329132,4998.950955660142,5400.076029884824,5402.643,Model 3,train
Czechia,CZE,Europe & Central Asia,1995,1996,6573.1964,6407.2036,6407.203410541149,6252.23165237818,6399.860241025468,6178.3555,Model 3,train
Czechia,CZE,Europe & Central Asia,1996,1997,6069.3876,7167.3466,7167.346421238574,6993.836802872655,6525.335886144243,6941.8433,Model 3,train
Czechia,CZE,Europe & Central Asia,1997,1998,6526.5964,6008.7058,6008.705613958707,6018.399686163719,6420.551896304756,6303.6626,Model 3,train
Czechia,CZE,Europe & Central Asia,1998,1999,6377.6211,6453.7424,6453.742216887876,6466.49177709301,6567.1288560083385,6839.0967,Model 3,train
Czechia,CZE,Europe & Central Asia,1999,2000,6062.9215,6928.7093,6928.70929090159,6790.85757664371,5942.971206559166,6742.1265,Model 3,train
Czechia,CZE,Europe & Central Asia,2000,2001,6669.0749,6586.2342,6586.234269725638,6463.05405247095,6422.021613470335,6334.892,Model 3,train
Czechia,CZE,Europe & Central Asia,2001,2002,8101.2602,7222.2465,7222.246558374887,7092.364557456169,7645.54517951076,7115.7417,Model 3,train
Czechia,CZE,Europe & Central Asia,2002,2003,9852.4568,8714.5779,8714.577931653877,8572.901656980584,9331.223388657125,8815.558,Model 3,train
Czechia,CZE,Europe & Central Asia,2003,2004,11782.5547,10522.0352,10522.035211780194,10372.049760898177,11434.00464133546,11424.26,Model 3,train
Czechia,CZE,Europe & Central Asia,2004,2005,13442.4916,12547.9178,12547.917626498756,12360.415919461904,13280.256267905424,14095.203,Model 3,train
Czechia,CZE,Europe & Central Asia,2005,2006,15259.0788,14279.1713,14279.1708208337,14056.672651592584,15152.28023296008,15535.569,Model 3,train
Czechia,CZE,Europe & Central Asia,2006,2007,18452.6533,16121.8965,16121.896414993049,15920.6895435633,17045.15983122387,17333.412,Model 3,train
Czechia,CZE,Europe & Central Asia,2007,2008,22774.7045,19412.7173,19412.71684030253,19165.84356622993,21786.592681045586,21632.533,Model 3,train
Czechia,CZE,Europe & Central Asia,2008,2009,19817.4216,22797.2667,22797.266823322618,22924.179527063745,20727.692614505868,21521.395,Model 3,train
Czechia,CZE,Europe & Central Asia,2009,2010,20160.4355,19836.2931,19836.29365054488,20001.44086464941,20505.381757817133,20769.807,Model 3,train
Czechia,CZE,Europe & Central Asia,2010,2011,22049.1081,21039.3791,21039.379318780644,20887.85832964657,21069.067319988517,21473.176,Model 3,train
Czechia,CZE,Europe & Central Asia,2011,2012,20014.0354,22967.4108,22967.410970562378,22805.482369148023,21554.210186093373,22018.36,Model 3,train
Czechia,CZE,Europe & Central Asia,2012,2013,20260.4955,20856.7212,20856.721697976976,20741.258016906475,20642.873544600272,21337.629,Model 3,train
Czechia,CZE,Europe & Central Asia,2013,2014,20038.4163,21086.9812,21086.981662394417,20981.507641589284,20502.845966722776,21315.072,Model 3,train
Czechia,CZE,Europe & Central Asia,2014,2015,17931.5988,20860.1842,20860.18474455563,20771.99138063608,19455.1525950223,20420.05,Model 3,train
Czechia,CZE,Europe & Central Asia,2015,2016,18753.9687,18676.3955,18676.396063296896,18612.539318740535,19004.722129924212,19271.133,Model 3,train
Czechia,CZE,Europe & Central Asia,2016,2017,20913.1976,19516.4608,19516.461337344685,19452.37587544794,20347.144133724298,20811.643,Model 3,train
Czechia,CZE,Europe & Central Asia,2017,2018,23705.933,21705.5233,21705.52358721727,21622.09687704447,23016.979299083017,22418.143,Model 3,train
Germany,DEU,Europe & Central Asia,1991,1992,26559.8544,25049.6716,25049.667947896254,24401.831317173168,25005.22629001308,22634.559,Model 3,train
Germany,DEU,Europe & Central Asia,1992,1993,25616.6509,28320.2903,28320.285742288743,27579.407548312098,26275.440737212662,25694.145,Model 3,train
Germany,DEU,Europe & Central Asia,1993,1994,27201.9594,27304.2036,27304.19923517409,26607.062505183745,26895.74224199107,24911.742,Model 3,train
Germany,DEU,Europe & Central Asia,1994,1995,31747.2449,28943.5074,28943.502649768307,28221.02493239613,29752.59313321282,28366.496,Model 3,train
Germany,DEU,Europe & Central Asia,1995,1996,30599.7891,33668.6194,33668.613215478785,32810.81131563665,30848.00355725729,31159.344,Model 3,train
Germany,DEU,Europe & Central Asia,1996,1997,27046.9565,32442.2826,32442.276846945304,31647.421984707253,28723.51708133071,29332.107,Model 3,train
Germany,DEU,Europe & Central Asia,1997,1998,27395.9441,26044.5822,26044.578148556244,26111.709099547737,27164.57026596718,26794.488,Model 3,train
Germany,DEU,Europe & Central Asia,1998,1999,26965.4923,26342.0224,26342.018552800186,26446.41284906985,26845.033860238575,27224.746,Model 3,train
Germany,DEU,Europe & Central Asia,1999,2000,23925.856,28474.3136,28474.31046035361,27976.472535822017,25163.97656441372,26063.922,Model 3,train
Germany,DEU,Europe & Central Asia,2000,2001,23878.3641,25239.9104,25239.908614908098,24884.291646932073,24391.89809509882,24454.148,Model 3,train
Germany,DEU,Europe & Central Asia,2001,2002,25486.5942,25178.3137,25178.3120243285,24841.12408543621,25283.88517917677,24639.387,Model 3,train
Germany,DEU,Europe & Central Asia,2002,2003,30711.1023,26686.1851,26686.184304485218,26451.973800417156,28763.973260405022,27377.318,Model 3,train
Germany,DEU,Europe & Central Asia,2003,2004,34566.7359,31971.7035,31971.702397313045,31729.740806291265,33868.44908996226,32006.26,Model 3,train
Germany,DEU,Europe & Central Asia,2004,2005,35084.4364,35814.0597,35814.05886358777,35617.44150916481,36085.26484142911,37862.36,Model 3,train
Germany,DEU,Europe & Central Asia,2005,2006,36980.335,36283.2985,36283.297939654985,36134.3991649005,36633.215624879595,38577.438,Model 3,train
Germany,DEU,Europe & Central Asia,2006,2007,42350.9217,38163.0548,38163.05424102024,38033.01394333851,40926.09925472518,40393.547,Model 3,train
Germany,DEU,Europe & Central Asia,2007,2008,46379.1648,43581.6025,43581.60145584632,43432.19826472025,45572.76347523393,44893.51,Model 3,train
Germany,DEU,Europe & Central Asia,2008,2009,42471.8869,45581.7551,45581.75488088652,46213.7590608496,43246.35409679628,44770.12,Model 3,train
Germany,DEU,Europe & Central Asia,2009,2010,42396.9666,41746.0017,41746.001936899986,42385.72330047592,43387.13583176985,43086.918,Model 3,train
Germany,DEU,Europe & Central Asia,2010,2011,47630.9762,43480.4227,43480.422059167235,43434.589363265135,45635.995958071915,44102.43,Model 3,train
Germany,DEU,Europe & Central Asia,2011,2012,44718.0159,48780.626,48780.6243688672,48683.43079454761,45955.96566466586,48236.61,Model 3,train
Germany,DEU,Europe & Central Asia,2012,2013,47206.8354,45806.813,45806.811830046376,45751.136013719435,46826.28039600158,46766.484,Model 3,train
Germany,DEU,Europe & Central Asia,2013,2014,48959.5991,48249.2804,48249.27880025232,48201.42566396725,47849.918628001535,48202.95,Model 3,train
Germany,DEU,Europe & Central Asia,2014,2015,41929.7549,49982.8388,49982.837345430264,49981.52574512835,43837.78885967525,46869.176,Model 3,train
Germany,DEU,Europe & Central Asia,2015,2016,42948.9382,42839.3235,42839.3226937809,42885.172577084224,43080.04531987764,42874.715,Model 3,train
Germany,DEU,Europe & Central Asia,2016,2017,45553.9341,43898.8147,43898.81322755035,43907.712499655136,44307.99239731158,44445.656,Model 3,train
Germany,DEU,Europe & Central Asia,2017,2018,48916.1687,46493.0291,46493.02687231049,46478.4379353483,47281.420281222025,46672.027,Model 3,train
Djibouti,DJI,"Middle East, North Africa, Afghanistan & Pakistan",2001,2002,743.0133,803.5304,803.5304342281627,798.3814818885892,767.465764036701,831.4917,Model 3,train
Djibouti,DJI,"Middle East, North Africa, Afghanistan & Pakistan",2002,2003,764.6345,803.9923,803.9923046692134,799.3252628649617,782.0071961519075,862.6864,Model 3,train
Djibouti,DJI,"Middle East, North Africa, Afghanistan & Pakistan",2003,2004,806.2617,826.7914,826.7914095532275,821.892899101649,819.3578519546913,876.9577,Model 3,train
Djibouti,DJI,"Middle East, North Africa, Afghanistan & Pakistan",2004,2005,844.4484,870.6418,870.6417949250015,865.1432120745283,857.0833898100129,895.873,Model 3,train
Djibouti,DJI,"Middle East, North Africa, Afghanistan & Pakistan",2005,2006,898.4646,911.0071,911.0070667449928,905.441374983761,887.2233146671081,954.29004,Model 3,train
Djibouti,DJI,"Middle East, North Africa, Afghanistan & Pakistan",2006,2007,969.5732,968.1023,968.102308039488,962.2327684816144,973.0418110590712,1044.4894,Model 3,train
Djibouti,DJI,"Middle East, North Africa, Afghanistan & Pakistan",2007,2008,1119.1523,1043.3819,1043.3818919556652,1036.8110526762537,1087.9654881626186,1091.5315,Model 3,train
Djibouti,DJI,"Middle East, North Africa, Afghanistan & Pakistan",2008,2009,1150.9376,1151.3792,1151.3791258216424,1162.0533084355852,1208.9429222687,1196.8862,Model 3,train
Djibouti,DJI,"Middle East, North Africa, Afghanistan & Pakistan",2009,2010,1213.2335,1180.8074,1180.807363284805,1194.8909774652109,1233.9257555263252,1388.8413,Model 3,train
Djibouti,DJI,"Middle East, North Africa, Afghanistan & Pakistan",2010,2011,1306.3455,1298.261,1298.260990104054,1292.0958856655377,1296.1797342637956,1415.475,Model 3,train
Djibouti,DJI,"Middle East, North Africa, Afghanistan & Pakistan",2011,2012,1400.1936,1396.3472,1396.347087729452,1389.797975978659,1470.0061597246129,1540.6808,Model 3,train
Djibouti,DJI,"Middle East, North Africa, Afghanistan & Pakistan",2012,2013,2075.945,1493.292,1493.2919706051457,1487.5491418887132,1730.9740239742391,1639.6786,Model 3,train
Djibouti,DJI,"Middle East, North Africa, Afghanistan & Pakistan",2013,2014,2214.6208,2195.166,2195.165850571833,2186.3513002151985,2270.127133185626,2307.7153,Model 3,train
Djibouti,DJI,"Middle East, North Africa, Afghanistan & Pakistan",2014,2015,2376.1255,2337.3399,2337.3397055436326,2329.0182001347216,2416.3353175228203,2304.6924,Model 3,train
Djibouti,DJI,"Middle East, North Africa, Afghanistan & Pakistan",2015,2016,2510.43,2499.4278,2499.4276662234206,2495.4279725968263,2478.2870108415536,2401.643,Model 3,train
Djibouti,DJI,"Middle East, North Africa, Afghanistan & Pakistan",2016,2017,2618.9552,2633.448,2633.4478466528203,2634.310395302741,2621.7060309623207,2625.3516,Model 3,train
Djibouti,DJI,"Middle East, North Africa, Afghanistan & Pakistan",2017,2018,2718.0834,2724.193,2724.1930683278492,2745.9675634524983,2731.7918364485186,2852.68,Model 3,train
Denmark,DNK,Europe & Central Asia,1991,1992,29579.4914,28951.6992,28951.69496514239,28007.464157211027,28695.903643144968,26823.762,Model 3,train
Denmark,DNK,Europe & Central Asia,1992,1993,27581.7241,31645.0398,31645.03470923316,30599.064312616894,29019.483531255253,28528.406,Model 3,train
Denmark,DNK,Europe & Central Asia,1993,1994,29967.8304,29503.6567,29503.652121444786,28553.882355841328,29283.825408024528,26770.299,Model 3,train
Denmark,DNK,Europe & Central Asia,1994,1995,35321.0981,32012.1768,32012.17137417065,30962.749492981104,32058.768797725,29896.457,Model 3,train
Denmark,DNK,Europe & Central Asia,1995,1996,35621.9878,37578.1367,37578.12947601515,36321.736671793784,34842.52471404,33084.66,Model 3,train
Denmark,DNK,Europe & Central Asia,1996,1997,32779.879,37865.135,37865.12796584928,36629.8024563634,33945.5966761789,33217.574,Model 3,train
Denmark,DNK,Europe & Central Asia,1997,1998,33346.4884,31616.1705,31616.16519896825,31432.74513957877,32961.38274405954,30452.201,Model 3,train
Denmark,DNK,Europe & Central Asia,1998,1999,33426.2381,32034.5125,32034.508042166053,31955.904589082893,33580.2299227321,32242.832,Model 3,train
Denmark,DNK,Europe & Central Asia,1999,2000,30722.0252,35282.8971,35282.89311818145,34408.69047416475,32524.43864903819,32798.594,Model 3,train
Denmark,DNK,Europe & Central Asia,2000,2001,30768.4775,32384.7082,32384.705603939172,31681.514509983183,31253.90237105715,31959.014,Model 3,train
Denmark,DNK,Europe & Central Asia,2001,2002,33257.1623,32381.4982,32381.49588226381,31721.021103272917,32954.335856011094,31338.06,Model 3,train
Denmark,DNK,Europe & Central Asia,2002,2003,40519.0975,34723.2233,34723.222553274194,34211.478309879,38671.23275781646,36457.047,Model 3,train
Denmark,DNK,Europe & Central Asia,2003,2004,46625.0501,42001.0502,42001.04972746521,41491.0434060598,44876.650936813574,43015.48,Model 3,train
Denmark,DNK,Europe & Central Asia,2004,2005,48925.8077,48139.4754,48139.47471893891,47596.60910169182,49377.94041215415,47977.35,Model 3,train
Denmark,DNK,Europe & Central Asia,2005,2006,52119.1788,50445.756,50445.75517345902,49895.755134989515,51481.5404727404,48618.367,Model 3,train
Denmark,DNK,Europe & Central Asia,2006,2007,58631.6566,53612.1573,53612.15648542849,53070.19579308848,57480.26281341296,54661.223,Model 3,train
Denmark,DNK,Europe & Central Asia,2007,2008,64616.6658,60191.0835,60191.081125284865,59516.37320178514,63070.61538586256,58583.453,Model 3,train
Denmark,DNK,Europe & Central Asia,2008,2009,58412.7472,63406.3241,63406.32223942983,63728.21510701109,61916.63755288538,62591.87,Model 3,train
Denmark,DNK,Europe & Central Asia,2009,2010,58104.5446,57306.4454,57306.44476964145,57721.72641865782,57566.09620549805,56126.953,Model 3,train
Denmark,DNK,Europe & Central Asia,2010,2011,61809.7379,59507.3665,59507.364793284025,58991.308141207046,60690.886754372565,57335.133,Model 3,train
Denmark,DNK,Europe & Central Asia,2011,2012,58443.7747,63235.9387,63235.936895836465,62718.59197987569,59252.44606246774,60067.855,Model 3,train
Denmark,DNK,Europe & Central Asia,2012,2013,61377.5941,59776.3467,59776.3456720767,59371.063382070446,60492.5332954571,56835.316,Model 3,train
Denmark,DNK,Europe & Central Asia,2013,2014,62520.451,62648.2735,62648.27241407456,62274.67349998096,60949.5339057227,59384.125,Model 3,train
Denmark,DNK,Europe & Central Asia,2014,2015,53094.0134,63760.4369,63760.43592873213,63420.52131019264,57640.530131989355,58111.15,Model 3,train
Denmark,DNK,Europe & Central Asia,2015,2016,54500.926,54248.6278,54248.627727416184,54022.108016574166,54649.27426280489,52747.113,Model 3,train
Denmark,DNK,Europe & Central Asia,2016,2017,57521.5515,55624.6945,55624.69413672186,55402.261417435075,56261.1875094352,54290.492,Model 3,train
Denmark,DNK,Europe & Central Asia,2017,2018,61324.7665,58642.5663,58642.56541244475,58394.31235251046,59747.05065905028,58049.0,Model 3,train
Dominican Republic,DOM,Latin America & Caribbean ,1995,1996,2270.8656,2290.5222,2290.522337356006,2282.678745448579,2225.0142000582814,2166.4275,Model 3,train
Dominican Republic,DOM,Latin America & Caribbean ,1996,1997,2448.8939,2459.0409,2459.0409701634967,2453.018974296804,2408.4607209166243,2355.6167,Model 3,train
Dominican Republic,DOM,Latin America & Caribbean ,1997,1998,2607.8546,2404.2019,2404.201975276544,2457.2598557182546,2476.740397719373,2399.8652,Model 3,train
Dominican Republic,DOM,Latin America & Caribbean ,1998,1999,2620.8897,2554.5145,2554.514550279381,2611.6918136979943,2562.157288884096,2423.0764,Model 3,train
Dominican Republic,DOM,Latin America & Caribbean ,1999,2000,2831.4588,2827.27,2827.2701044066407,2819.9122033137264,2802.802890495302,2713.5771,Model 3,train
Dominican Republic,DOM,Latin America & Caribbean ,2000,2001,2935.8937,3047.473,3047.473009941287,3040.371637306441,2977.892236463165,2982.6982,Model 3,train
Dominican Republic,DOM,Latin America & Caribbean ,2001,2002,3065.6033,3156.0675,3156.0675029673216,3149.1261361939823,3043.887801417106,3128.7458,Model 3,train
Dominican Republic,DOM,Latin America & Caribbean ,2002,2003,2383.2617,3287.4922,3287.4922537438933,3284.0488530147104,2824.07096575231,3263.2874,Model 3,train
Dominican Republic,DOM,Latin America & Caribbean ,2003,2004,2451.6916,2573.3264,2573.3264143893734,2566.707179332318,2565.9145019781827,2741.0144,Model 3,train
Dominican Republic,DOM,Latin America & Caribbean ,2004,2005,3878.3121,2653.9361,2653.9361058978157,2636.255060067293,3218.404358487236,2874.9153,Model 3,train
Dominican Republic,DOM,Latin America & Caribbean ,2005,2006,4055.1427,4130.1296,4130.129475498281,4127.344261106008,4236.270742574286,4155.2446,Model 3,train
Dominican Republic,DOM,Latin America & Caribbean ,2006,2007,4649.6456,4311.2461,4311.245977895159,4308.435888713485,4498.372171825165,4220.7446,Model 3,train
Dominican Republic,DOM,Latin America & Caribbean ,2007,2008,5023.5851,4924.5053,4924.505118261895,4922.028601676152,5222.8077067132635,5132.1094,Model 3,train
Dominican Republic,DOM,Latin America & Caribbean ,2008,2009,4973.9519,5084.9713,5084.971247981239,5168.916704260063,5078.332342683524,4637.792,Model 3,train
Dominican Republic,DOM,Latin America & Caribbean ,2009,2010,5478.6247,5015.1709,5015.170929859696,5118.433404471979,5490.948310171493,5689.5757,Model 3,train
Dominican Republic,DOM,Latin America & Caribbean ,2010,2011,5826.5101,5759.0,5758.999857246679,5778.3797596683335,5734.6711896955085,5786.569,Model 3,train
Dominican Republic,DOM,Latin America & Caribbean ,2011,2012,6013.8197,6104.786,6104.785996121317,6138.743944729307,6137.781369943271,6145.975,Model 3,train
Dominican Republic,DOM,Latin America & Caribbean ,2012,2013,6136.5943,6285.1967,6285.196708853756,6331.755516522271,6227.581485465979,6115.6772,Model 3,train
Dominican Republic,DOM,Latin America & Caribbean ,2013,2014,6496.4517,6402.6145,6402.61456028819,6456.875605145798,6376.359275777657,5954.424,Model 3,train
Dominican Republic,DOM,Latin America & Caribbean ,2014,2015,6800.9531,6759.3944,6759.394514224951,6823.779436253594,6666.480187489693,6237.648,Model 3,train
Dominican Republic,DOM,Latin America & Caribbean ,2015,2016,7160.442,7051.6051,7051.605189672023,7129.010283241021,7015.279893183075,6623.2583,Model 3,train
Dominican Republic,DOM,Latin America & Caribbean ,2016,2017,7412.7157,7392.8055,7392.80570261042,7490.651124799424,7228.149744884272,7069.2803,Model 3,train
Dominican Republic,DOM,Latin America & Caribbean ,2017,2018,7882.9822,7643.8915,7643.891708003814,7751.403000045822,7723.299445630954,7788.3354,Model 3,train
Algeria,DZA,"Middle East, North Africa, Afghanistan & Pakistan",1994,1995,1466.9481,1653.9688,1653.9689445794706,1656.713250204985,1547.3241377513195,1511.9141,Model 3,train
Algeria,DZA,"Middle East, North Africa, Afghanistan & Pakistan",1995,1996,1616.832,1590.258,1590.25807530497,1594.8365736043568,1573.0633742048544,1482.326,Model 3,train
Algeria,DZA,"Middle East, North Africa, Afghanistan & Pakistan",1996,1997,1628.761,1747.6063,1747.6064503786338,1754.7645437665915,1632.1026836038695,1584.0153,Model 3,train
Algeria,DZA,"Middle East, North Africa, Afghanistan & Pakistan",1997,1998,1603.3662,1595.1068,1595.1069216340036,1646.0766811360702,1614.8501813567173,1519.3376,Model 3,train
Algeria,DZA,"Middle East, North Africa, Afghanistan & Pakistan",1998,1999,1596.1182,1569.8527,1569.8527673266965,1621.5500217622964,1626.157903152777,1519.3376,Model 3,train
Algeria,DZA,"Middle East, North Africa, Afghanistan & Pakistan",1999,2000,1772.9287,1721.0121,1721.0122791278247,1736.3331449037642,1690.636374940322,1651.221,Model 3,train
Algeria,DZA,"Middle East, North Africa, Afghanistan & Pakistan",2000,2001,1896.3002,1907.0132,1907.013346278843,1924.8552308975136,1883.3463273221655,1875.2103,Model 3,train
Algeria,DZA,"Middle East, North Africa, Afghanistan & Pakistan",2001,2002,1937.4641,2039.239,2039.239112444476,2056.301981737121,1950.3461959936456,1969.1292,Model 3,train
Algeria,DZA,"Middle East, North Africa, Afghanistan & Pakistan",2002,2003,2283.773,2081.8077,2081.807843635573,2101.333043493125,2202.1856033909294,2132.9988,Model 3,train
Algeria,DZA,"Middle East, North Africa, Afghanistan & Pakistan",2003,2004,2816.9938,2448.1435,2448.1436107938407,2467.509029248079,2644.6032413278103,2507.6104,Model 3,train
Algeria,DZA,"Middle East, North Africa, Afghanistan & Pakistan",2004,2005,3233.1334,3010.4581,3010.4581727870454,3031.3457369994244,3161.7039994655993,3109.26,Model 3,train
Algeria,DZA,"Middle East, North Africa, Afghanistan & Pakistan",2005,2006,3660.661,3445.0087,3445.00874271229,3468.2866511839866,3589.3226008985503,3617.7078,Model 3,train
Algeria,DZA,"Middle East, North Africa, Afghanistan & Pakistan",2006,2007,4167.4517,3892.1154,3892.1153738341095,3915.6806365275384,4201.16376208834,3976.7168,Model 3,train
Algeria,DZA,"Middle East, North Africa, Afghanistan & Pakistan",2007,2008,5180.9188,4417.2402,4417.240154325501,4444.002011152725,4890.333501461679,4457.013,Model 3,train
Algeria,DZA,"Middle East, North Africa, Afghanistan & Pakistan",2008,2009,4235.4299,5239.2428,5239.242716064174,5353.414381036879,4856.868117130667,5102.107,Model 3,train
Algeria,DZA,"Middle East, North Africa, Afghanistan & Pakistan",2009,2010,4912.7859,4295.1305,4295.13053459314,4395.900504293149,4717.874162913113,4501.031,Model 3,train
Algeria,DZA,"Middle East, North Africa, Afghanistan & Pakistan",2010,2011,5916.3136,5186.1593,5186.159119517573,5217.978814949487,5703.1800419823685,5340.123,Model 3,train
Algeria,DZA,"Middle East, North Africa, Afghanistan & Pakistan",2011,2012,6033.6488,6220.7715,6220.771178563776,6256.602405097828,6055.687628127355,6159.5063,Model 3,train
Algeria,DZA,"Middle East, North Africa, Afghanistan & Pakistan",2012,2013,5979.6014,6336.9296,6336.929245436754,6376.743608987281,5968.226110329437,6128.6504,Model 3,train
Algeria,DZA,"Middle East, North Africa, Afghanistan & Pakistan",2013,2014,6094.6939,6265.3766,6265.376366473521,6319.450463525739,5901.30270741005,5989.4956,Model 3,train
Algeria,DZA,"Middle East, North Africa, Afghanistan & Pakistan",2014,2015,4685.059,6367.1608,6367.160655136652,6436.590992796377,5279.978318007677,5678.333,Model 3,train
Algeria,DZA,"Middle East, North Africa, Afghanistan & Pakistan",2015,2016,4424.9853,4900.8096,4900.809785170173,4975.865332113735,4699.155070522294,4838.7476,Model 3,train
Algeria,DZA,"Middle East, North Africa, Afghanistan & Pakistan",2016,2017,4554.6675,4626.0406,4626.04077373251,4704.1340145173635,4542.877418044291,4452.3184,Model 3,train
Algeria,DZA,"Middle East, North Africa, Afghanistan & Pakistan",2017,2018,4577.2103,4748.1705,4748.170779581785,4836.899718487027,4597.747452125312,4713.1636,Model 3,train
Ecuador,ECU,Latin America & Caribbean ,1992,1993,1697.8888,1820.5898,1820.589936717305,1805.32752238756,1730.8711208797265,1813.4138,Model 3,train
Ecuador,ECU,Latin America & Caribbean ,1993,1994,1996.8589,1863.4913,1863.4913951190952,1851.7316124554657,1874.471420851505,1813.6196,Model 3,train
Ecuador,ECU,Latin America & Caribbean ,1994,1995,2108.007,2180.0927,2180.092838889106,2172.161785955604,2104.7228617463707,2215.7163,Model 3,train
Ecuador,ECU,Latin America & Caribbean ,1995,1996,2135.8479,2297.4406,2297.4407947205978,2291.0831431129977,2173.129490820644,2206.333,Model 3,train
Ecuador,ECU,Latin America & Caribbean ,1996,1997,2340.766,2327.5116,2327.5117178135592,2321.474807757431,2258.5829837477777,2162.2034,Model 3,train
Ecuador,ECU,Latin America & Caribbean ,1997,1998,2284.0157,2313.2297,2313.2298076213524,2362.3251336794233,2201.6418501243843,2311.2646,Model 3,train
Ecuador,ECU,Latin America & Caribbean ,1998,1999,1575.3023,2258.2849,2258.2849942635353,2304.5169513439473,1888.3878994053175,2221.036,Model 3,train
Ecuador,ECU,Latin America & Caribbean ,1999,2000,1382.2342,1729.0657,1729.0657900001663,1720.979237271996,1541.5952089170282,1712.3827,Model 3,train
Ecuador,ECU,Latin America & Caribbean ,2000,2001,1791.3036,1530.4618,1530.4619112015046,1514.0765361747297,1688.987600664812,1561.8923,Model 3,train
Ecuador,ECU,Latin America & Caribbean ,2001,2002,2059.1586,1955.1633,1955.163434146012,1951.4391663060792,1993.033170535172,1921.1779,Model 3,train
Ecuador,ECU,Latin America & Caribbean ,2002,2003,2315.6222,2231.8718,2231.871918810045,2237.5680133830533,2281.1133326875733,2406.0066,Model 3,train
Ecuador,ECU,Latin America & Caribbean ,2003,2004,2586.2091,2502.4323,2502.4325033542254,2510.4602091051374,2573.8697729045853,2922.986,Model 3,train
Ecuador,ECU,Latin America & Caribbean ,2004,2005,2909.0261,2786.2956,2786.295780006992,2796.3959642762165,2875.188597821861,3090.5378,Model 3,train
Ecuador,ECU,Latin America & Caribbean ,2005,2006,3243.6701,3125.3729,3125.373034322655,3135.3044345696376,3225.7912064297825,3490.4514,Model 3,train
Ecuador,ECU,Latin America & Caribbean ,2006,2007,3478.9249,3476.3761,3476.3762052337693,3485.8424545380212,3501.156391274992,3794.7146,Model 3,train
Ecuador,ECU,Latin America & Caribbean ,2007,2008,4194.7575,3718.3898,3718.3898707674657,3732.0209909111527,4046.015313877941,4224.514,Model 3,train
Ecuador,ECU,Latin America & Caribbean ,2008,2009,4053.3633,4273.2243,4273.224529481718,4365.396196902805,4207.801967604088,4264.8853,Model 3,train
Ecuador,ECU,Latin America & Caribbean ,2009,2010,4520.3096,4119.809,4119.809229647657,4220.47290577219,4442.374567061538,4189.7163,Model 3,train
Ecuador,ECU,Latin America & Caribbean ,2010,2011,5153.6916,4781.7928,4781.792958697208,4820.995962018941,5033.621447187871,4863.893,Model 3,train
Ecuador,ECU,Latin America & Caribbean ,2011,2012,5634.0839,5434.1833,5434.18347785841,5476.521265380266,5615.125062042914,5445.354,Model 3,train
Ecuador,ECU,Latin America & Caribbean ,2012,2013,6109.2903,5924.6834,5924.683501385947,5974.9652026352405,6043.909877580531,5896.401,Model 3,train
Ecuador,ECU,Latin America & Caribbean ,2013,2014,6405.7998,6402.3495,6402.349637905927,6467.627028928484,6301.041666248857,6107.966,Model 3,train
Ecuador,ECU,Latin America & Caribbean ,2014,2015,5976.1597,6696.0738,6696.07408001863,6774.301623829042,6268.3751620059265,6165.036,Model 3,train
Ecuador,ECU,Latin America & Caribbean ,2015,2016,5917.6377,6244.1855,6244.185801655595,6326.783091125201,6039.828699292344,5989.4272,Model 3,train
Ecuador,ECU,Latin America & Caribbean ,2016,2017,6233.3224,6166.1532,6166.153607103821,6260.348497846355,6206.394154507667,6368.942,Model 3,train
Ecuador,ECU,Latin America & Caribbean ,2017,2018,6303.9189,6482.1509,6482.151304853488,6584.009779308873,6329.757458578806,6502.026,Model 3,train
"Egypt, Arab Rep.",EGY,"Middle East, North Africa, Afghanistan & Pakistan",1993,1994,807.3035,807.473,807.4730403185566,812.2602559347772,824.2794228861904,790.43665,Model 3,train
"Egypt, Arab Rep.",EGY,"Middle East, North Africa, Afghanistan & Pakistan",1994,1995,916.3266,878.6402,878.6403017846033,884.4033005135326,905.9163625888376,844.0861,Model 3,train
"Egypt, Arab Rep.",EGY,"Middle East, North Africa, Afghanistan & Pakistan",1995,1996,1008.9764,996.4965,996.496594041827,1001.4967090308506,975.279292691192,954.3351,Model 3,train
"Egypt, Arab Rep.",EGY,"Middle East, North Africa, Afghanistan & Pakistan",1996,1997,1146.2017,1094.2399,1094.2400229975715,1100.864288128872,1058.0995243564446,990.02893,Model 3,train
"Egypt, Arab Rep.",EGY,"Middle East, North Africa, Afghanistan & Pakistan",1997,1998,1212.8226,1125.4744,1125.474477157675,1160.9627935314695,1204.098992105659,1165.7268,Model 3,train
"Egypt, Arab Rep.",EGY,"Middle East, North Africa, Afghanistan & Pakistan",1998,1999,1268.3095,1189.4733,1189.4734030575405,1227.1949950947337,1257.444332293289,1205.499,Model 3,train
"Egypt, Arab Rep.",EGY,"Middle East, North Africa, Afghanistan & Pakistan",1999,2000,1366.0927,1368.8447,1368.8447157810035,1377.7400116283943,1249.419764079606,1241.9972,Model 3,train
"Egypt, Arab Rep.",EGY,"Middle East, North Africa, Afghanistan & Pakistan",2000,2001,1295.1374,1471.6678,1471.6678173330777,1481.5205327333213,1375.4118950899906,1439.9541,Model 3,train
"Egypt, Arab Rep.",EGY,"Middle East, North Africa, Afghanistan & Pakistan",2001,2002,1116.8288,1395.6303,1395.6303875567753,1406.181496591726,1156.7959496059304,1284.9994,Model 3,train
"Egypt, Arab Rep.",EGY,"Middle East, North Africa, Afghanistan & Pakistan",2002,2003,1031.2756,1205.0788,1205.0788819625436,1216.457725560837,1116.9723636772535,1227.425,Model 3,train
"Egypt, Arab Rep.",EGY,"Middle East, North Africa, Afghanistan & Pakistan",2003,2004,991.2557,1113.3811,1113.3811696192352,1125.0347401204958,1046.801925478664,1124.3802,Model 3,train
"Egypt, Arab Rep.",EGY,"Middle East, North Africa, Afghanistan & Pakistan",2004,2005,1105.5392,1069.1581,1069.15816888228,1082.0149051124845,1097.6120577643042,1111.2563,Model 3,train
"Egypt, Arab Rep.",EGY,"Middle East, North Africa, Afghanistan & Pakistan",2005,2006,1298.979,1188.0013,1188.0014351106458,1203.3686095584458,1273.146860095453,1291.546,Model 3,train
"Egypt, Arab Rep.",EGY,"Middle East, North Africa, Afghanistan & Pakistan",2006,2007,1547.7417,1391.9301,1391.9302014672776,1408.2722051137807,1495.1730142102576,1447.6351,Model 3,train
"Egypt, Arab Rep.",EGY,"Middle East, North Africa, Afghanistan & Pakistan",2007,2008,1896.2159,1652.725,1652.725064893439,1670.7138953938486,1882.5198740248552,1842.9707,Model 3,train
"Egypt, Arab Rep.",EGY,"Middle East, North Africa, Afghanistan & Pakistan",2008,2009,2161.6396,1933.1481,1933.148150764879,1983.4716032465617,2095.075782641986,1949.7634,Model 3,train
"Egypt, Arab Rep.",EGY,"Middle East, North Africa, Afghanistan & Pakistan",2009,2010,2455.0819,2194.1039,2194.1039135708806,2253.6842586560147,2408.814746254885,2382.3352,Model 3,train
"Egypt, Arab Rep.",EGY,"Middle East, North Africa, Afghanistan & Pakistan",2010,2011,2590.6438,2594.9502,2594.950143309852,2620.0136803914,2697.982513740354,2849.5,Model 3,train
"Egypt, Arab Rep.",EGY,"Middle East, North Africa, Afghanistan & Pakistan",2011,2012,2996.0677,2729.398,2729.3979938586685,2760.4178124520963,2898.0433319726053,2812.3557,Model 3,train
"Egypt, Arab Rep.",EGY,"Middle East, North Africa, Afghanistan & Pakistan",2012,2013,3025.5256,3145.1953,3145.1952727112066,3181.428598115941,3013.6390373430195,3107.2769,Model 3,train
"Egypt, Arab Rep.",EGY,"Middle East, North Africa, Afghanistan & Pakistan",2013,2014,3133.391,3172.1724,3172.1723413819795,3211.0371620163955,3082.6601802287764,3082.1433,Model 3,train
"Egypt, Arab Rep.",EGY,"Middle East, North Africa, Afghanistan & Pakistan",2014,2015,3306.9816,3278.2465,3278.2464114179184,3322.685608754562,3174.6637540204297,3149.7744,Model 3,train
"Egypt, Arab Rep.",EGY,"Middle East, North Africa, Afghanistan & Pakistan",2015,2016,3270.6288,3451.6101,3451.6100470038778,3501.8682132088907,3148.775707997673,3225.2104,Model 3,train
"Egypt, Arab Rep.",EGY,"Middle East, North Africa, Afghanistan & Pakistan",2016,2017,2395.1033,3411.9556,3411.955592916319,3464.200954609963,2824.846385646727,3298.981,Model 3,train
"Egypt, Arab Rep.",EGY,"Middle East, North Africa, Afghanistan & Pakistan",2017,2018,2484.7032,2514.1909,2514.1910153705844,2554.582132595948,2512.200730503149,2568.1614,Model 3,train
Spain,ESP,Europe & Central Asia,1991,1992,16100.6799,15972.1561,15972.155244884232,15622.885405041774,15643.456284930951,14341.6045,Model 3,train
Spain,ESP,Europe & Central Asia,1992,1993,13330.3798,17343.5295,17343.52839350636,16966.91320432428,15061.22772767997,16330.416,Model 3,train
Spain,ESP,Europe & Central Asia,1993,1994,13405.7044,14381.4298,14381.429276300249,14102.432753460736,13942.685417880622,14305.364,Model 3,train
Spain,ESP,Europe & Central Asia,1994,1995,15460.911,14452.8794,14452.878826932974,14181.779694487495,14370.627679190831,14723.8125,Model 3,train
Spain,ESP,Europe & Central Asia,1995,1996,16100.6216,16624.3771,16624.376058238817,16295.351227069428,15635.01152354546,14797.618,Model 3,train
Spain,ESP,Europe & Central Asia,1996,1997,14722.3718,17285.5231,17285.52195217256,16947.944307611757,15554.97270564836,17175.723,Model 3,train
Spain,ESP,Europe & Central Asia,1997,1998,15382.3349,14358.9324,14358.931544835636,14457.546879141066,15373.451229591334,15439.388,Model 3,train
Spain,ESP,Europe & Central Asia,1998,1999,15707.9473,14980.4869,14980.485900989166,15082.707566384272,15465.471116352144,15646.087,Model 3,train
Spain,ESP,Europe & Central Asia,1999,2000,14743.2671,16833.6708,16833.669791702367,16532.27027411864,15079.049008689526,15080.368,Model 3,train
Spain,ESP,Europe & Central Asia,2000,2001,15368.2338,15786.8924,15786.89181600406,15537.249106768448,15490.19358673612,14939.286,Model 3,train
Spain,ESP,Europe & Central Asia,2001,2002,17111.0685,16429.638,16429.637446820176,16184.02136204785,16524.81668533453,16337.894,Model 3,train
Spain,ESP,Europe & Central Asia,2002,2003,21522.0171,18237.4516,18237.450856426276,17971.55366636867,20443.211160068357,19607.006,Model 3,train
Spain,ESP,Europe & Central Asia,2003,2004,24925.0268,22711.0324,22711.03198813976,22475.12060738831,23565.070654097293,23841.012,Model 3,train
Spain,ESP,Europe & Central Asia,2004,2005,26450.953,26199.9104,26199.9098013191,25939.54658058925,26514.503597097424,27806.54,Model 3,train
Spain,ESP,Europe & Central Asia,2005,2006,28421.6865,27746.7378,27746.737138783963,27490.24583620796,28740.04663278628,28866.066,Model 3,train
Spain,ESP,Europe & Central Asia,2006,2007,32652.0156,29765.1407,29765.140073113675,29512.3929785875,31852.03657172393,30445.232,Model 3,train
Spain,ESP,Europe & Central Asia,2007,2008,35603.2483,34047.8333,34047.83229616483,33780.33391611689,34643.17556744691,34706.305,Model 3,train
Spain,ESP,Europe & Central Asia,2008,2009,32279.8208,35427.4826,35427.48257946457,35799.67479820644,34203.094073901746,33703.207,Model 3,train
Spain,ESP,Europe & Central Asia,2009,2010,30658.7422,32077.3683,32077.369124232424,32529.35390039474,31077.4919736009,31042.72,Model 3,train
Spain,ESP,Europe & Central Asia,2010,2011,31824.6219,31802.2505,31802.25094522027,31751.899118275134,31431.67549813469,30949.104,Model 3,train
Spain,ESP,Europe & Central Asia,2011,2012,28456.4438,32991.8288,32991.82945026322,32970.05518826594,29767.57546930096,32436.27,Model 3,train
Spain,ESP,Europe & Central Asia,2012,2013,29228.8466,29487.959,29487.96012999008,29532.587580600888,29266.069097815765,29501.975,Model 3,train
Spain,ESP,Europe & Central Asia,2013,2014,29707.7655,30252.2919,30252.293331097066,30338.35838950474,29218.48181189215,30259.86,Model 3,train
Spain,ESP,Europe & Central Asia,2014,2015,25982.4416,30684.3832,30684.38484035109,30813.793002521405,27859.756109296344,28556.77,Model 3,train
Spain,ESP,Europe & Central Asia,2015,2016,26755.6061,26850.7939,26850.795648619584,26990.449774876393,26533.099001803897,25782.018,Model 3,train
Spain,ESP,Europe & Central Asia,2016,2017,28381.3426,27631.8877,27631.889546429324,27786.61909765806,27863.598225407302,27691.238,Model 3,train
Spain,ESP,Europe & Central Asia,2017,2018,30602.4213,29248.874,29248.87571116515,29413.345924129226,30156.07264318495,30310.086,Model 3,train
Estonia,EST,Europe & Central Asia,1993,1994,2819.1261,3010.1041,3010.1039850029165,2885.6154574280004,2887.762507153588,2841.1912,Model 3,train
Estonia,EST,Europe & Central Asia,1994,1995,3134.3898,3125.8823,3125.882238558075,3014.2535204745795,3152.462827265985,3091.652,Model 3,train
Estonia,EST,Europe & Central Asia,1995,1996,3380.9263,3458.1538,3458.1537692626625,3348.6375108145867,3464.3981157711155,3410.0732,Model 3,train
Estonia,EST,Europe & Central Asia,1996,1997,3682.9523,3728.3419,3728.341870634728,3619.5686590085666,3631.936266335818,3459.644,Model 3,train
Estonia,EST,Europe & Central Asia,1997,1998,4093.3925,3669.651,3669.651002577435,3661.630093118656,4021.2030538353247,3868.5366,Model 3,train
Estonia,EST,Europe & Central Asia,1998,1999,4140.9366,4059.7297,4059.729644003593,4053.362722938076,4228.177486068515,4223.519,Model 3,train
Estonia,EST,Europe & Central Asia,1999,2000,4070.609,4514.6082,4514.608261741158,4408.499247122133,4271.177734563421,4211.4565,Model 3,train
Estonia,EST,Europe & Central Asia,2000,2001,4502.6661,4419.2948,4419.295068040637,4335.7411559513785,4406.16891656063,4697.1445,Model 3,train
Estonia,EST,Europe & Central Asia,2001,2002,5343.1831,4873.7473,4873.747532120688,4780.224645747574,5191.3645803658765,5065.1304,Model 3,train
Estonia,EST,Europe & Central Asia,2002,2003,7205.407,5752.6636,5752.663981129212,5654.79978362674,6394.751286427243,6776.8013,Model 3,train
Estonia,EST,Europe & Central Asia,2003,2004,8916.0728,7706.8374,7706.837668944136,7576.0141296446,8556.774215514293,8922.816,Model 3,train
Estonia,EST,Europe & Central Asia,2004,2005,10414.6381,9487.6868,9487.687159721896,9335.411499409358,10583.278036534535,11079.797,Model 3,train
Estonia,EST,Europe & Central Asia,2005,2006,12641.4801,11036.0807,11036.081115945635,10874.493359137809,12184.60008970045,12615.125,Model 3,train
Estonia,EST,Europe & Central Asia,2006,2007,16745.4308,13345.027,13345.027198188316,13136.804786825076,15220.602637970367,14879.326,Model 3,train
Estonia,EST,Europe & Central Asia,2007,2008,18205.9064,17585.9861,17585.98589548058,17284.54569326472,18371.315339831603,19569.309,Model 3,train
Estonia,EST,Europe & Central Asia,2008,2009,14712.4494,18276.2216,18276.22193329455,18291.524223313896,16298.916421349595,16881.98,Model 3,train
Estonia,EST,Europe & Central Asia,2009,2010,14663.7041,14775.9232,14775.9243133275,14876.874575028,14779.457501774305,15685.738,Model 3,train
Estonia,EST,Europe & Central Asia,2010,2011,17555.5455,15377.6439,15377.64478261667,15236.78022676618,16203.272138829116,16159.444,Model 3,train
Estonia,EST,Europe & Central Asia,2011,2012,17568.2138,18369.6105,18369.611286479485,18186.936405493507,17986.54364175878,18630.19,Model 3,train
Estonia,EST,Europe & Central Asia,2012,2013,19310.3875,18365.7162,18365.716978032167,18191.551386059844,18727.0846234924,18877.193,Model 3,train
Estonia,EST,Europe & Central Asia,2013,2014,20581.7899,20154.6138,20154.614689411617,19974.722482244353,20126.558411176677,20398.775,Model 3,train
Estonia,EST,Europe & Central Asia,2014,2015,17722.1558,21410.0161,21410.01698661675,21240.246741981173,19249.964310094965,20092.791,Model 3,train
Estonia,EST,Europe & Central Asia,2015,2016,18666.3737,18458.4309,18458.432212068074,18360.890817020885,18738.50487173874,18504.645,Model 3,train
Estonia,EST,Europe & Central Asia,2016,2017,20851.5223,19421.0563,19421.05746520906,19305.831781848938,19897.404994679546,19983.883,Model 3,train
Estonia,EST,Europe & Central Asia,2017,2018,23618.1361,21663.9259,21663.926924620155,21518.66496467327,22960.965892301952,22424.406,Model 3,train
Ethiopia,ETH,Sub-Saharan Africa ,1995,1996,147.3275,147.8728,147.87286032261957,150.1471334600306,146.34548704665707,157.02486,Model 3,train
Ethiopia,ETH,Sub-Saharan Africa ,1996,1997,143.3695,159.0205,159.02049209176857,161.83217546871347,147.440238868894,153.80074,Model 3,train
Ethiopia,ETH,Sub-Saharan Africa ,1997,1998,126.4651,140.6264,140.62642840803267,146.72265449297242,132.84968857336324,153.20346,Model 3,train
Ethiopia,ETH,Sub-Saharan Africa ,1998,1999,120.7346,124.2504,124.25045886949512,129.86517836030592,121.073654887413,136.14949,Model 3,train
Ethiopia,ETH,Sub-Saharan Africa ,1999,2000,122.2692,130.7833,130.78336623410186,133.18106951802233,128.62069022045725,138.37381,Model 3,train
Ethiopia,ETH,Sub-Saharan Africa ,2000,2001,118.4572,132.391,132.39102523609674,135.1516605692347,122.69877757738824,136.734,Model 3,train
Ethiopia,ETH,Sub-Saharan Africa ,2001,2002,109.5938,128.2487,128.24872449912633,131.099838731705,117.10363960703438,136.09946,Model 3,train
Ethiopia,ETH,Sub-Saharan Africa ,2002,2003,116.8005,118.8771,118.87713075317696,121.59546085492414,132.65610119994386,143.7448,Model 3,train
Ethiopia,ETH,Sub-Saharan Africa ,2003,2004,133.1698,126.8726,126.87262291895436,129.54040390827024,139.32058094390854,148.80432,Model 3,train
Ethiopia,ETH,Sub-Saharan Africa ,2004,2005,158.2435,144.15,144.15005052518325,147.43326231325022,157.0343812593422,176.69096,Model 3,train
Ethiopia,ETH,Sub-Saharan Africa ,2005,2006,189.3457,171.0234,171.02344143183592,174.6322761033018,190.67228752077992,179.28073,Model 3,train
Ethiopia,ETH,Sub-Saharan Africa ,2006,2007,237.1463,204.2462,204.2462240300113,208.4386338463752,224.67369855984415,202.98166,Model 3,train
Ethiopia,ETH,Sub-Saharan Africa ,2007,2008,316.4105,255.2829,255.28288503424764,260.2153250087737,285.1626856303813,268.42365,Model 3,train
Ethiopia,ETH,Sub-Saharan Africa ,2008,2009,368.5747,326.3166,326.31662660125943,336.53651878294033,356.71145406265083,351.8235,Model 3,train
Ethiopia,ETH,Sub-Saharan Africa ,2009,2010,330.6194,377.08,377.0800572852143,391.2385824968463,355.3070363571224,373.9096,Model 3,train
Ethiopia,ETH,Sub-Saharan Africa ,2010,2011,343.0249,354.0442,354.0442763917632,361.7971522119431,360.9814248966517,370.71317,Model 3,train
Ethiopia,ETH,Sub-Saharan Africa ,2011,2012,452.101,368.7631,368.7631039476246,375.52872554592466,418.0709334959293,383.842,Model 3,train
Ethiopia,ETH,Sub-Saharan Africa ,2012,2013,484.0398,483.0127,483.0127601977255,492.437063429768,492.0584673358306,503.74908,Model 3,train
Ethiopia,ETH,Sub-Saharan Africa ,2013,2014,549.9866,514.9959,514.9959005725539,526.879663291001,529.3542897112185,535.298,Model 3,train
Ethiopia,ETH,Sub-Saharan Africa ,2014,2015,597.9121,583.5071,583.5071597306753,597.529117573655,566.2316013119444,571.0468,Model 3,train
Ethiopia,ETH,Sub-Saharan Africa ,2015,2016,641.6515,632.7152,632.7152792141217,648.8731959633596,627.3602670784643,624.45135,Model 3,train
Ethiopia,ETH,Sub-Saharan Africa ,2016,2017,696.3484,677.5703,677.5703571606027,695.625208419814,682.7960444134399,667.55743,Model 3,train
Ethiopia,ETH,Sub-Saharan Africa ,2017,2018,739.702,734.813,734.8130293684975,754.0119005873597,741.0991220381718,755.3657,Model 3,train
Finland,FIN,Europe & Central Asia,1991,1992,22320.1125,27367.9528,27367.94911305672,26475.63683344705,23865.73635876168,23744.375,Model 3,train
Finland,FIN,Europe & Central Asia,1992,1993,17588.6782,23978.2658,23978.263065178307,23249.890554163896,20593.41606401362,22598.15,Model 3,train
Finland,FIN,Europe & Central Asia,1993,1994,20278.2911,18939.9943,18939.992723975512,18417.953453872706,19671.95724108304,18863.031,Model 3,train
Finland,FIN,Europe & Central Asia,1994,1995,26246.2743,21771.0777,21771.075792287873,21183.73610802499,23222.776583601335,21536.3,Model 3,train
Finland,FIN,Europe & Central Asia,1995,1996,25756.6777,27967.7657,27967.76298241451,27241.66845450901,25798.6517150296,25586.969,Model 3,train
Finland,FIN,Europe & Central Asia,1996,1997,24682.2908,27427.2584,27427.25594304044,26743.548791629142,25220.25045474451,26020.36,Model 3,train
Finland,FIN,Europe & Central Asia,1997,1998,25999.9862,23847.656,23847.653940744523,23868.092413006627,25501.84670122457,25244.486,Model 3,train
Finland,FIN,Europe & Central Asia,1998,1999,26180.4129,25053.534,25053.53203992737,25107.67019329253,25732.3046246422,24688.312,Model 3,train
Finland,FIN,Europe & Central Asia,1999,2000,24335.9225,27728.8468,27728.845195026643,27154.58598145272,25215.23289033452,26394.781,Model 3,train
Finland,FIN,Europe & Central Asia,2000,2001,24965.203,25766.4368,25766.435833114712,25275.943600224386,25322.25573042017,24859.934,Model 3,train
Finland,FIN,Europe & Central Asia,2001,2002,26989.3893,26376.9237,26376.92311737376,25925.367308796696,26388.37563778884,25891.617,Model 3,train
Finland,FIN,Europe & Central Asia,2002,2003,32920.0857,28302.1205,28302.121116234885,27968.845539976475,30719.058840392852,29303.951,Model 3,train
Finland,FIN,Europe & Central Asia,2003,2004,37768.1334,34327.9277,34327.92830715909,33957.775932355726,36758.5243499327,35558.324,Model 3,train
Finland,FIN,Europe & Central Asia,2004,2005,39049.8704,39247.5309,39247.531213205315,38841.22169399229,38844.42610714639,40488.613,Model 3,train
Finland,FIN,Europe & Central Asia,2005,2006,41214.0188,40518.2819,40518.28216742275,40111.4255498159,41860.75943499888,41089.953,Model 3,train
Finland,FIN,Europe & Central Asia,2006,2007,48473.024,42666.0143,42666.014841724595,42291.11294558364,46493.237416707496,44070.18,Model 3,train
Finland,FIN,Europe & Central Asia,2007,2008,53769.4726,50027.9275,50027.926937120355,49530.30976526179,52012.33110006463,50611.734,Model 3,train
Finland,FIN,Europe & Central Asia,2008,2009,47478.3495,52999.283,52999.28340511263,53379.693679725846,48599.94989819558,49735.97,Model 3,train
Finland,FIN,Europe & Central Asia,2009,2010,46506.2919,46837.156,46837.1569068122,47250.98530564971,47184.06879800197,48195.18,Model 3,train
Finland,FIN,Europe & Central Asia,2010,2011,51060.3243,47858.946,47858.94631025831,47533.02802504337,50166.39768180298,49229.008,Model 3,train
Finland,FIN,Europe & Central Asia,2011,2012,47551.6741,52467.521,52467.52103092324,52110.49013644502,48669.322812925086,49825.695,Model 3,train
Finland,FIN,Europe & Central Asia,2012,2013,49691.0145,48871.9332,48871.93361442397,48591.9804237193,49302.34359009735,48539.7,Model 3,train
Finland,FIN,Europe & Central Asia,2013,2014,50073.7761,50982.2416,50982.2420754144,50732.24414693305,49855.5279460884,48681.37,Model 3,train
Finland,FIN,Europe & Central Asia,2014,2015,42560.3457,51412.6614,51412.66098445404,51102.9205149974,45740.2568048711,46766.527,Model 3,train
Finland,FIN,Europe & Central Asia,2015,2016,43451.2562,43784.4669,43784.46736223235,43594.22361788102,43357.21762018981,42831.52,Model 3,train
Finland,FIN,Europe & Central Asia,2016,2017,46085.0175,44644.0749,44644.07507832759,44451.62185694283,45308.07691991142,44400.88,Model 3,train
Finland,FIN,Europe & Central Asia,2017,2018,49654.2497,47292.9293,47292.928925778215,47072.7819562321,48241.954198836655,46625.004,Model 3,train
Fiji,FJI,East Asia & Pacific,1993,1994,2297.1801,2271.0485,2271.0485181206186,2225.543946995654,2255.3933200293627,2130.7512,Model 3,train
Fiji,FJI,East Asia & Pacific,1994,1995,2466.7435,2513.3979,2513.397923126863,2463.8254758809276,2417.0569682228765,2549.2148,Model 3,train
Fiji,FJI,East Asia & Pacific,1995,1996,2648.3277,2695.2952,2695.295218204536,2640.8905419416324,2587.8277860889366,2690.857,Model 3,train
Fiji,FJI,East Asia & Pacific,1996,1997,2573.7234,2889.5227,2889.5226379024216,2830.0655542205895,2649.869157181241,2784.928,Model 3,train
Fiji,FJI,East Asia & Pacific,1997,1998,2010.4964,2548.4862,2548.4861737594333,2560.1412119694746,2217.467382317206,2426.8171,Model 3,train
Fiji,FJI,East Asia & Pacific,1998,1999,2327.9572,1998.3122,1998.3122386600048,2010.7977445473005,2190.427417591491,1904.9196,Model 3,train
Fiji,FJI,East Asia & Pacific,1999,2000,1995.7207,2540.2618,2540.261796380061,2492.8438554897,2237.3396650657355,2378.1948,Model 3,train
Fiji,FJI,East Asia & Pacific,2000,2001,1944.9974,2179.3683,2179.3683028303512,2140.6383951990774,2026.8738958900592,2021.4143,Model 3,train
Fiji,FJI,East Asia & Pacific,2001,2002,2136.5679,2124.2813,2124.2813245212055,2086.1142986229333,2103.99216744601,1973.4635,Model 3,train
Fiji,FJI,East Asia & Pacific,2002,2003,2655.5808,2322.023,2322.0229334091973,2281.704542601688,2430.0531183878898,2360.474,Model 3,train
Fiji,FJI,East Asia & Pacific,2003,2004,3097.191,2875.8843,2875.8841923778605,2821.1889787749246,2970.664566327508,2987.0051,Model 3,train
Fiji,FJI,East Asia & Pacific,2004,2005,3377.6913,3342.9761,3342.975826440764,3278.0843363639196,3391.909474812449,3314.5312,Model 3,train
Fiji,FJI,East Asia & Pacific,2005,2006,3455.106,3637.8781,3637.877750423626,3566.704575095061,3556.944624569059,3639.4116,Model 3,train
Fiji,FJI,East Asia & Pacific,2006,2007,3762.7469,3716.7579,3716.7575876089463,3645.2957847094,3819.200919117361,3976.6218,Model 3,train
Fiji,FJI,East Asia & Pacific,2007,2008,3899.9223,4039.5138,4039.513386571721,3959.907453687628,3906.19601223001,4155.4985,Model 3,train
Fiji,FJI,East Asia & Pacific,2008,2009,3164.1328,4003.5946,4003.594303787384,3992.407302867702,3552.6511701471545,3782.3977,Model 3,train
Fiji,FJI,East Asia & Pacific,2009,2010,3449.1445,3250.5253,3250.5251798938816,3252.5401726387713,3433.554113610989,3473.4102,Model 3,train
Fiji,FJI,East Asia & Pacific,2010,2011,4139.6029,3692.5033,3692.503063182607,3634.63421798893,3864.2654644466106,3848.9885,Model 3,train
Fiji,FJI,East Asia & Pacific,2011,2012,4341.4034,4408.7993,4408.798943027451,4342.361625489099,4305.1121405842705,4292.6,Model 3,train
Fiji,FJI,East Asia & Pacific,2012,2013,4572.4438,4600.2744,4600.274023325496,4535.6904014903885,4490.668240083473,4471.4585,Model 3,train
Fiji,FJI,East Asia & Pacific,2013,2014,5293.3568,4839.7648,4839.764408433216,4775.86211339552,5038.44620553399,4660.7954,Model 3,train
Fiji,FJI,East Asia & Pacific,2014,2015,5097.5311,5580.4651,5580.4645641817515,5507.374772949137,5353.615457421928,5301.644,Model 3,train
Fiji,FJI,East Asia & Pacific,2015,2016,5363.7903,5365.7368,5365.736386038269,5303.484214975568,5369.082559926793,5053.3384,Model 3,train
Fiji,FJI,East Asia & Pacific,2016,2017,5826.8481,5629.8812,5629.880798819544,5572.525196399687,5585.398182103497,5479.1724,Model 3,train
Fiji,FJI,East Asia & Pacific,2017,2018,6085.4198,6098.6996,6098.699139575886,6043.541377472174,6107.912800468201,6034.9004,Model 3,train
France,FRA,Europe & Central Asia,1991,1992,23615.0169,23051.0283,23051.02575777262,22497.658253181693,23185.512567026588,22619.346,Model 3,train
France,FRA,Europe & Central Asia,1992,1993,22238.8251,25261.5941,25261.59104144901,24654.66289442787,23392.378093004023,24115.672,Model 3,train
France,FRA,Europe & Central Asia,1993,1994,23359.8985,23794.1847,23794.18194968086,23244.038170200296,22966.97574016403,22458.758,Model 3,train
France,FRA,Europe & Central Asia,1994,1995,26791.8152,24958.6988,24958.69579116012,24390.873556323077,24800.819304065742,24645.334,Model 3,train
France,FRA,Europe & Central Asia,1995,1996,26757.6351,28545.1101,28545.10616460724,27875.477676486917,26190.03207138494,27216.129,Model 3,train
France,FRA,Europe & Central Asia,1996,1997,24169.4008,28487.4954,28487.491467142107,27834.44679051189,25461.791585260853,26180.41,Model 3,train
France,FRA,Europe & Central Asia,1997,1998,24869.4031,23372.9027,23372.89977984823,23455.210031666207,24850.01523967553,23503.086,Model 3,train
France,FRA,Europe & Central Asia,1998,1999,24576.3152,24016.5448,24016.541814032473,24118.605600888513,24372.80806640326,25036.855,Model 3,train
France,FRA,Europe & Central Asia,1999,2000,22340.594,26117.719,26117.71604205228,25607.96268949247,23653.940391878423,23423.025,Model 3,train
France,FRA,Europe & Central Asia,2000,2001,22331.7948,23745.3568,23745.35468002407,23328.25029795829,22835.590524600048,21603.28,Model 3,train
France,FRA,Europe & Central Asia,2001,2002,24144.5727,23645.9029,23645.90149619716,23308.99233404774,23853.94858649519,23517.953,Model 3,train
France,FRA,Europe & Central Asia,2002,2003,29479.5222,25491.5099,25491.508268057863,25145.614738229546,28087.83153725587,26444.34,Model 3,train
France,FRA,Europe & Central Asia,2003,2004,33644.9282,30947.7015,30947.6991296349,30533.76215138822,32617.557401312955,31054.209,Model 3,train
France,FRA,Europe & Central Asia,2004,2005,34696.3718,35234.2994,35234.29676359161,34799.843146338986,35297.39277107941,35884.78,Model 3,train
France,FRA,Europe & Central Asia,2005,2006,36431.5659,36250.8786,36250.87592468215,35838.7215500668,36376.07735961573,38313.895,Model 3,train
France,FRA,Europe & Central Asia,2006,2007,41486.1908,37994.354,37994.35161067895,37617.290333241835,39985.1396660143,39070.426,Model 3,train
France,FRA,Europe & Central Asia,2007,2008,45464.8181,42927.5994,42927.59832495927,42710.248037401936,44725.16900524459,43854.56,Model 3,train
France,FRA,Europe & Central Asia,2008,2009,41728.0884,44903.6639,44903.663815208005,45467.67694584106,42659.40650216837,43175.438,Model 3,train
France,FRA,Europe & Central Asia,2009,2010,40694.8212,41209.9296,41209.93003816024,41802.00054242601,41900.13417672616,42779.633,Model 3,train
France,FRA,Europe & Central Asia,2010,2011,43929.7841,41918.593,41918.59315404364,41880.37894515788,43274.90574208188,43483.785,Model 3,train
France,FRA,Europe & Central Asia,2011,2012,40863.5814,45187.681,45187.68082887028,45145.57117813531,42625.07218114648,43782.723,Model 3,train
France,FRA,Europe & Central Asia,2012,2013,42669.1795,41995.8159,41995.81625688224,42022.12429014465,42483.40587927868,43230.566,Model 3,train
France,FRA,Europe & Central Asia,2013,2014,43148.0459,43789.9545,43789.95457475196,43830.81157122294,42475.446666170756,42963.004,Model 3,train
France,FRA,Europe & Central Asia,2014,2015,36702.4324,44241.8075,44241.80788433736,44329.98390185443,40350.36939146505,42031.574,Model 3,train
France,FRA,Europe & Central Asia,2015,2016,37024.2157,37743.7359,37743.73587986788,37788.44949991897,37610.992598542885,36549.195,Model 3,train
France,FRA,Europe & Central Asia,2016,2017,38687.1626,38043.7607,38043.760730143505,38107.66006706927,38777.08351086251,37933.92,Model 3,train
France,FRA,Europe & Central Asia,2017,2018,41418.1766,39692.9365,39692.93610783785,39753.66820673835,40602.587586318055,38407.035,Model 3,train
Gabon,GAB,Sub-Saharan Africa ,1996,1997,4508.7534,5167.2311,5167.230749346455,5152.8099548226,4879.393376079445,4524.352,Model 3,train
Gabon,GAB,Sub-Saharan Africa ,1997,1998,3699.9951,4284.5725,4284.572205043346,4382.007642947355,4091.3680924363407,3855.6492,Model 3,train
Gabon,GAB,Sub-Saharan Africa ,1998,1999,3751.3532,3523.3005,3523.300323032649,3610.5535830131594,3764.4252198686017,3420.7275,Model 3,train
Gabon,GAB,Sub-Saharan Africa ,1999,2000,3982.9062,3929.8836,3929.8834104431417,3930.802368867228,3903.1908143217825,3531.5015,Model 3,train
Gabon,GAB,Sub-Saharan Africa ,2000,2001,3835.7572,4166.5557,4166.55542646846,4166.397294904029,3980.333992457716,3973.3542,Model 3,train
Gabon,GAB,Sub-Saharan Africa ,2001,2002,3966.48,4013.8332,4013.832981176808,4014.7147430637665,3965.436575504825,3938.2097,Model 3,train
Gabon,GAB,Sub-Saharan Africa ,2002,2003,4710.7486,4144.4184,4144.418189098053,4147.376030956521,4396.268579506082,4147.758,Model 3,train
Gabon,GAB,Sub-Saharan Africa ,2003,2004,5465.7919,4907.7349,4907.734468995989,4906.290315632968,5374.056546913006,5242.9126,Model 3,train
Gabon,GAB,Sub-Saharan Africa ,2004,2005,6547.8761,5676.0498,5676.049255112934,5672.661377987637,6156.989124653579,5913.0522,Model 3,train
Gabon,GAB,Sub-Saharan Africa ,2005,2006,6847.0099,6777.8168,6777.815934283832,6767.692971518274,7047.24998270127,7126.3154,Model 3,train
Gabon,GAB,Sub-Saharan Africa ,2006,2007,8003.5429,7071.2535,7071.252624512202,7069.335649282294,7627.168879596461,7381.3975,Model 3,train
Gabon,GAB,Sub-Saharan Africa ,2007,2008,9688.6452,8250.371,8250.36977241105,8235.281285525869,9214.944055880538,8420.428,Model 3,train
Gabon,GAB,Sub-Saharan Africa ,2008,2009,7290.5753,9524.5569,9524.55558569541,9668.36366937612,8575.519836524158,8694.691,Model 3,train
Gabon,GAB,Sub-Saharan Africa ,2009,2010,8356.7466,7188.2477,7188.246977800357,7322.878776716455,7941.696066765334,7553.5386,Model 3,train
Gabon,GAB,Sub-Saharan Africa ,2010,2011,10219.1139,8574.6056,8574.604470930828,8593.571086725677,9616.65350158198,8776.459,Model 3,train
Gabon,GAB,Sub-Saharan Africa ,2011,2012,9296.9659,10434.472,10434.470509985573,10462.87009300162,9576.464152544231,9442.644,Model 3,train
Gabon,GAB,Sub-Saharan Africa ,2012,2013,9197.7011,9489.8611,9489.8600334942,9539.68012605509,9039.95967827615,8999.886,Model 3,train
Gabon,GAB,Sub-Saharan Africa ,2013,2014,9201.3628,9365.337,9365.336146337662,9440.235655234155,8894.354384697916,8873.504,Model 3,train
Gabon,GAB,Sub-Saharan Africa ,2014,2015,7047.1265,9351.5591,9351.55846694695,9444.154191618338,7842.516009477163,8479.5205,Model 3,train
Gabon,GAB,Sub-Saharan Africa ,2015,2016,6677.07,7167.2492,7167.24907353903,7276.146153762526,6932.534629470571,6615.6704,Model 3,train
Gabon,GAB,Sub-Saharan Africa ,2016,2017,6921.7337,6791.8165,6791.816471117121,6901.576973871756,7014.137779607268,6768.321,Model 3,train
Gabon,GAB,Sub-Saharan Africa ,2017,2018,7624.2775,7026.6546,7026.654580068398,7147.513994944139,7294.744453133264,7045.3604,Model 3,train
United Kingdom,GBR,Europe & Central Asia,1991,1992,20487.1708,21359.3562,21359.35379906017,20825.423372078512,20542.97124243977,20231.559,Model 3,train
United Kingdom,GBR,Europe & Central Asia,1992,1993,18389.0196,21957.7838,21957.781252358756,21427.100487969423,19982.87039927648,20236.383,Model 3,train
United Kingdom,GBR,Europe & Central Asia,1993,1994,19709.2381,19717.9827,19717.980567697337,19264.909196229957,19750.565340204797,20174.645,Model 3,train
United Kingdom,GBR,Europe & Central Asia,1994,1995,23252.6157,21106.8746,21106.872284125508,20624.277271420066,21942.455065488863,22341.05,Model 3,train
United Kingdom,GBR,Europe & Central Asia,1995,1996,24503.383,24817.138,24817.134632174504,24222.878266943066,24305.520170454653,23126.793,Model 3,train
United Kingdom,GBR,Europe & Central Asia,1996,1997,26910.1382,26106.4275,26106.42384974607,25492.580562795793,26620.595340904332,24429.998,Model 3,train
United Kingdom,GBR,Europe & Central Asia,1997,1998,28396.3524,25948.2138,25948.209918625103,25990.31684933359,27684.466252534112,26810.77,Model 3,train
United Kingdom,GBR,Europe & Central Asia,1998,1999,28858.0065,27290.4222,27290.41824671382,27373.105397057,28573.27803508023,27441.701,Model 3,train
United Kingdom,GBR,Europe & Central Asia,1999,2000,28383.8761,30466.9625,30466.95880785671,29872.420462144702,28445.443456103418,27393.225,Model 3,train
United Kingdom,GBR,Europe & Central Asia,2000,2001,28013.873,29918.1617,29918.15854452333,29395.425244661965,28278.055590557073,29408.77,Model 3,train
United Kingdom,GBR,Europe & Central Asia,2001,2002,30158.7018,29471.9024,29471.899878898697,29017.350338050932,29752.675064622297,29522.38,Model 3,train
United Kingdom,GBR,Europe & Central Asia,2002,2003,34556.7726,31463.5352,31463.534211257964,31176.52478512311,34179.3695494671,32315.977,Model 3,train
United Kingdom,GBR,Europe & Central Asia,2003,2004,40504.4118,35876.4804,35876.47955869819,35612.99568855041,39162.3419393396,39532.293,Model 3,train
United Kingdom,GBR,Europe & Central Asia,2004,2005,42240.2463,41923.8173,41923.81558304071,41592.32279906955,42992.82590338092,44347.85,Model 3,train
United Kingdom,GBR,Europe & Central Asia,2005,2006,44695.161,43625.0024,43625.000879585445,43333.2624096095,45095.50518138978,45266.29,Model 3,train
United Kingdom,GBR,Europe & Central Asia,2006,2007,50629.0799,46112.5568,46112.55457041277,45782.670336568575,48821.452401171,45296.344,Model 3,train
United Kingdom,GBR,Europe & Central Asia,2007,2008,47652.4031,52013.4286,52013.42609163632,51703.214597610815,48681.66764490491,51413.656,Model 3,train
United Kingdom,GBR,Europe & Central Asia,2008,2009,39009.3716,46852.0023,46852.00186254523,47439.44804646236,42287.09210947151,44824.504,Model 3,train
United Kingdom,GBR,Europe & Central Asia,2009,2010,39778.3221,38391.5841,38391.585437060625,39023.13915994136,40998.68691055503,40518.707,Model 3,train
United Kingdom,GBR,Europe & Central Asia,2010,2011,42295.9274,40851.9284,40851.9287333455,40847.0781105545,42490.48136637639,43637.242,Model 3,train
United Kingdom,GBR,Europe & Central Asia,2011,2012,42688.3264,43398.1292,43398.129369354225,43394.771232211606,43291.576241696144,43270.164,Model 3,train
United Kingdom,GBR,Europe & Central Asia,2012,2013,43606.9838,43724.4553,43724.455451728136,43754.89683188054,43853.90064795282,44189.79,Model 3,train
United Kingdom,GBR,Europe & Central Asia,2013,2014,47746.2422,44595.5997,44595.59984021123,44655.09030437805,45802.48211718823,44382.125,Model 3,train
United Kingdom,GBR,Europe & Central Asia,2014,2015,45255.3449,48720.8761,48720.8758939546,48793.049906099826,45324.07115638259,45947.348,Model 3,train
United Kingdom,GBR,Europe & Central Asia,2015,2016,41257.9086,46158.2047,46158.2043457064,46238.15103932815,43611.99638383203,45774.023,Model 3,train
United Kingdom,GBR,Europe & Central Asia,2016,2017,40916.8115,42098.4959,42098.49623272604,42232.31830960035,42596.79713118229,43715.84,Model 3,train
United Kingdom,GBR,Europe & Central Asia,2017,2018,43702.9976,41798.063,41798.06256211833,41872.3381076338,43119.499918910784,43715.84,Model 3,train
Georgia,GEO,Europe & Central Asia,1995,1996,689.0346,670.7255,670.7255364882718,644.48335744467,646.1337820514158,656.5689,Model 3,train
Georgia,GEO,Europe & Central Asia,1996,1997,807.0323,780.7752,780.7753784125586,766.3482385133336,775.4781987825154,770.65045,Model 3,train
Georgia,GEO,Europe & Central Asia,1997,1998,851.5155,822.0081,822.0082025376354,830.1259299063431,810.971704778275,811.4896,Model 3,train
Georgia,GEO,Europe & Central Asia,1998,1999,673.5378,865.2219,865.2220300626964,874.4385444805954,752.2841161630002,905.8646,Model 3,train
Georgia,GEO,Europe & Central Asia,1999,2000,749.9085,758.5381,758.5382430300563,747.0044039118712,753.0411045170838,754.7281,Model 3,train
Georgia,GEO,Europe & Central Asia,2000,2001,801.9838,840.8816,840.881753636299,829.2822935278518,812.5117184124193,864.523,Model 3,train
Georgia,GEO,Europe & Central Asia,2001,2002,853.5262,897.9594,897.9594985961737,885.4740360719669,851.9277489365118,901.668,Model 3,train
Georgia,GEO,Europe & Central Asia,2002,2003,1010.0315,953.9497,953.9498912273664,940.570524778896,945.9142749355044,973.04816,Model 3,train
Georgia,GEO,Europe & Central Asia,2003,2004,1305.0475,1125.399,1125.3991777758345,1110.3231718287752,1204.2284324048965,1202.1444,Model 3,train
Georgia,GEO,Europe & Central Asia,2004,2005,1642.7836,1446.9562,1446.9563384569103,1424.284768173985,1592.173848541053,1501.7213,Model 3,train
Georgia,GEO,Europe & Central Asia,2005,2006,1996.0201,1812.1478,1812.1479121277775,1781.1652064823252,1936.167229547752,1937.6423,Model 3,train
Georgia,GEO,Europe & Central Asia,2006,2007,2635.3665,2193.8472,2193.8472708402915,2154.596333027088,2510.09194595001,2372.5122,Model 3,train
Georgia,GEO,Europe & Central Asia,2007,2008,3324.7537,2881.4562,2881.456195227047,2825.078663225705,3245.9863531133683,3100.575,Model 3,train
Georgia,GEO,Europe & Central Asia,2008,2009,2822.6894,3461.2596,3461.259630190198,3450.141587999587,3199.0543280454326,3269.215,Model 3,train
Georgia,GEO,Europe & Central Asia,2009,2010,3281.7293,2930.7373,2930.7375013593537,2938.740608730746,3194.635146573114,3106.6042,Model 3,train
Georgia,GEO,Europe & Central Asia,2010,2011,4119.6682,3547.6042,3547.6043061937444,3499.2712936706316,3819.081578517114,3644.1733,Model 3,train
Georgia,GEO,Europe & Central Asia,2011,2012,4530.6953,4434.1598,4434.159896242924,4374.452571168807,4365.899010295771,4322.0854,Model 3,train
Georgia,GEO,Europe & Central Asia,2012,2013,4712.0023,4851.7115,4851.711655580157,4799.334727201228,4774.159112686544,4700.4287,Model 3,train
Georgia,GEO,Europe & Central Asia,2013,2014,4830.3349,5032.8175,5032.8177741449745,4987.464741910089,4865.89739075553,5035.4136,Model 3,train
Georgia,GEO,Europe & Central Asia,2014,2015,4086.6223,5150.1874,5150.1876808668,5107.352172893979,4513.999900663265,4836.856,Model 3,train
Georgia,GEO,Europe & Central Asia,2015,2016,4143.4013,4369.7749,4369.775224815761,4335.740932864317,4149.642601298121,4012.599,Model 3,train
Georgia,GEO,Europe & Central Asia,2016,2017,4418.7521,4410.5265,4410.526889701781,4390.710638375156,4407.309764616798,4225.626,Model 3,train
Georgia,GEO,Europe & Central Asia,2017,2018,4804.0546,4700.6926,4700.693022778694,4675.615627785274,4700.3657049520325,4659.8975,Model 3,train
Ghana,GHA,Sub-Saharan Africa ,1995,1996,389.2713,404.6294,404.6294675558367,406.8667978455081,367.2529319818396,366.96704,Model 3,train
Ghana,GHA,Sub-Saharan Africa ,1996,1997,377.8419,422.5122,422.51223060960456,425.8274158481602,396.8890193901738,413.51706,Model 3,train
Ghana,GHA,Sub-Saharan Africa ,1997,1998,400.3668,371.0737,371.0737715361766,384.9119475543285,372.2698981866903,363.5573,Model 3,train
Ghana,GHA,Sub-Saharan Africa ,1998,1999,403.0373,391.7708,391.770834660686,407.3049848196756,399.090344928873,405.82104,Model 3,train
Ghana,GHA,Sub-Saharan Africa ,1999,2000,253.7469,433.4468,433.44681208042306,440.4995529355577,343.73275044090695,404.9782,Model 3,train
Ghana,GHA,Sub-Saharan Africa ,2000,2001,263.5422,276.4229,276.4229923383127,280.24474147169775,274.4166167850257,270.90598,Model 3,train
Ghana,GHA,Sub-Saharan Africa ,2001,2002,297.4616,286.8951,286.89518642711147,290.78698860645665,291.6149326439235,282.11707,Model 3,train
Ghana,GHA,Sub-Saharan Africa ,2002,2003,358.3993,321.3217,321.3217983042433,327.3159596369196,348.9730105178828,369.1589,Model 3,train
Ghana,GHA,Sub-Saharan Africa ,2003,2004,406.1321,387.209,387.2090826380905,392.7111126166092,411.2597207194821,433.15533,Model 3,train
Ghana,GHA,Sub-Saharan Africa ,2004,2005,478.6119,436.8822,436.8822824837817,443.75386047833103,468.04166810562225,503.04602,Model 3,train
Ghana,GHA,Sub-Saharan Africa ,2005,2006,906.441,513.1657,513.1657366571479,521.0284188393076,683.0564700366571,565.9462,Model 3,train
Ghana,GHA,Sub-Saharan Africa ,2006,2007,1050.1246,961.0575,961.0575368087344,972.7030231183994,1028.3403427099183,998.0817,Model 3,train
Ghana,GHA,Sub-Saharan Africa ,2007,2008,1182.6576,1109.8256,1109.8256125329808,1123.1508657036954,1157.5133771012418,1099.911,Model 3,train
Ghana,GHA,Sub-Saharan Africa ,2008,2009,1047.7043,1194.9401,1194.940106550773,1228.4815916994091,1178.4086435211352,1184.3356,Model 3,train
Ghana,GHA,Sub-Saharan Africa ,2009,2010,1263.8925,1060.3893,1060.389313086201,1091.3833077676047,1194.2617202740585,1110.5238,Model 3,train
Ghana,GHA,Sub-Saharan Africa ,2010,2011,1507.4357,1328.9599,1328.9598714401468,1346.4113420918206,1411.5471189743107,1284.5289,Model 3,train
Ghana,GHA,Sub-Saharan Africa ,2011,2012,1543.7752,1579.2795,1579.2794207129832,1599.520807694269,1548.4058535205218,1509.966,Model 3,train
Ghana,GHA,Sub-Saharan Africa ,2012,2013,2294.7958,1616.4922,1616.4921162371438,1637.449712615007,1926.9829572257036,1600.0543,Model 3,train
Ghana,GHA,Sub-Saharan Africa ,2013,2014,1949.9083,2384.7663,2384.7661853393024,2412.8366664950645,2207.1144550594913,2152.4082,Model 3,train
Ghana,GHA,Sub-Saharan Africa ,2014,2015,1722.7728,2029.4488,2029.4487025044336,2058.33318192919,1850.416086991632,1822.555,Model 3,train
Ghana,GHA,Sub-Saharan Africa ,2015,2016,1912.4799,1793.7684,1793.768412765664,1823.8043071758104,1893.890502980542,1702.5238,Model 3,train
Ghana,GHA,Sub-Saharan Africa ,2016,2017,2012.2866,1985.0923,1985.0922850452337,2020.0389040075831,1976.6353607849744,1927.0305,Model 3,train
Ghana,GHA,Sub-Saharan Africa ,2017,2018,2195.3217,2079.1338,2079.1338658857258,2123.017950193364,2122.3370617844,2074.8176,Model 3,train
Guinea,GIN,Sub-Saharan Africa ,2005,2006,446.9806,496.3104,496.3104143360591,498.95853036445993,486.3168160235005,481.88467,Model 3,train
Guinea,GIN,Sub-Saharan Africa ,2006,2007,650.1486,479.3944,479.3944318588903,482.0492090174842,565.5002924302737,486.37006,Model 3,train
Guinea,GIN,Sub-Saharan Africa ,2007,2008,703.5328,691.0168,691.016836286772,695.3241209145755,683.9250247678511,642.4228,Model 3,train
Guinea,GIN,Sub-Saharan Africa ,2008,2009,662.1859,715.4468,715.4467840744533,731.688344963159,697.5924593332172,690.722,Model 3,train
Guinea,GIN,Sub-Saharan Africa ,2009,2010,659.2353,671.7403,671.7403089840839,689.6921315169532,675.5074648111441,706.3963,Model 3,train
Guinea,GIN,Sub-Saharan Africa ,2010,2011,636.695,699.5655,699.5654805007553,705.2423936763447,671.7431780060463,708.23914,Model 3,train
Guinea,GIN,Sub-Saharan Africa ,2011,2012,699.3534,676.3249,676.3248532000797,681.7233068246128,684.6602404758955,668.65173,Model 3,train
Guinea,GIN,Sub-Saharan Africa ,2012,2013,748.455,740.5614,740.5614144563191,747.2785888078511,733.7329656763571,747.862,Model 3,train
Guinea,GIN,Sub-Saharan Africa ,2013,2014,765.147,790.679,790.6789779145997,798.5804692239187,747.4581383624317,794.1636,Model 3,train
Guinea,GIN,Sub-Saharan Africa ,2014,2015,747.357,806.3151,806.3151062512545,815.6584396675121,735.912268226497,771.9219,Model 3,train
Guinea,GIN,Sub-Saharan Africa ,2015,2016,711.9965,787.6818,787.681837569407,797.1364592374094,735.1427530129961,781.9049,Model 3,train
Guinea,GIN,Sub-Saharan Africa ,2016,2017,833.5986,749.6984,749.6984533166725,760.7182880855103,765.1754805436083,746.5028,Model 3,train
Guinea,GIN,Sub-Saharan Africa ,2017,2018,933.2736,873.8514,873.8514378662451,887.3181313112392,870.7986098812119,839.1848,Model 3,train
"Gambia, The",GMB,Sub-Saharan Africa ,1995,1996,651.7849,667.5614,667.5614960469891,669.4975544730012,630.3430729509911,636.062,Model 3,train
"Gambia, The",GMB,Sub-Saharan Africa ,1996,1997,600.224,698.6182,698.6182982599371,701.545124468519,615.286784390418,631.2539,Model 3,train
"Gambia, The",GMB,Sub-Saharan Africa ,1997,1998,610.2347,584.7342,584.7342742467301,602.4720254194974,601.6351657632797,581.13666,Model 3,train
"Gambia, The",GMB,Sub-Saharan Africa ,1998,1999,575.4599,594.279,594.2790347016191,612.9186481980986,586.1641937635536,585.5544,Model 3,train
"Gambia, The",GMB,Sub-Saharan Africa ,1999,2000,538.0541,618.0821,618.0821721069472,622.0708376710777,569.7028036580182,605.75696,Model 3,train
"Gambia, The",GMB,Sub-Saharan Africa ,2000,2001,459.8031,578.0774,578.0774797685552,582.6772496144479,506.1247798420381,571.6004,Model 3,train
"Gambia, The",GMB,Sub-Saharan Africa ,2001,2002,376.531,495.3542,495.3542771232416,499.7904439740629,427.5568396235385,536.33685,Model 3,train
"Gambia, The",GMB,Sub-Saharan Africa ,2002,2003,308.7191,407.058,407.05804018736745,411.25735364656447,362.0238657567244,458.12955,Model 3,train
"Gambia, The",GMB,Sub-Saharan Africa ,2003,2004,593.2853,335.1682,335.1682336329506,338.8387201020089,435.4798449497348,435.7972,Model 3,train
"Gambia, The",GMB,Sub-Saharan Africa ,2004,2005,616.4837,636.9588,636.9588352268174,641.9327536587089,626.4026620374351,705.8239,Model 3,train
"Gambia, The",GMB,Sub-Saharan Africa ,2005,2006,614.5443,660.1292,660.1292879345673,666.5331893034378,639.5747880408952,750.0373,Model 3,train
"Gambia, The",GMB,Sub-Saharan Africa ,2006,2007,724.7264,657.432,657.432041859991,664.8419093202016,686.8533416397712,757.70264,Model 3,train
"Gambia, The",GMB,Sub-Saharan Africa ,2007,2008,859.1277,773.2102,773.2102249695959,781.1720807029767,801.8041009118307,855.87335,Model 3,train
"Gambia, The",GMB,Sub-Saharan Africa ,2008,2009,774.888,874.78,874.7801154383814,898.6787791803254,811.6790045903798,897.93823,Model 3,train
"Gambia, The",GMB,Sub-Saharan Africa ,2009,2010,801.0334,789.8376,789.8376731279538,812.3741242044416,786.8372843462979,897.53284,Model 3,train
"Gambia, The",GMB,Sub-Saharan Africa ,2010,2011,710.6084,851.8884,851.8885115801309,861.9272186617126,761.2996856040567,923.33264,Model 3,train
"Gambia, The",GMB,Sub-Saharan Africa ,2011,2012,692.5794,756.4902,756.4902753885257,766.8438197392943,693.9600046752275,807.5662,Model 3,train
"Gambia, The",GMB,Sub-Saharan Africa ,2012,2013,653.8627,736.9394,736.939456715798,747.8736594028088,682.3320469150896,778.9342,Model 3,train
"Gambia, The",GMB,Sub-Saharan Africa ,2013,2014,568.0045,696.1096,696.109719834617,707.052695771095,614.2464548778023,706.58124,Model 3,train
"Gambia, The",GMB,Sub-Saharan Africa ,2014,2015,619.5364,605.7128,605.7128664275366,616.189042871907,602.6707025677762,633.5611,Model 3,train
"Gambia, The",GMB,Sub-Saharan Africa ,2015,2016,650.0565,659.3909,659.3909693817374,670.9025266808239,641.3104463299517,687.13403,Model 3,train
"Gambia, The",GMB,Sub-Saharan Africa ,2016,2017,642.5226,690.8799,690.8800191434153,703.3526142342278,654.5410686846251,675.648,Model 3,train
"Gambia, The",GMB,Sub-Saharan Africa ,2017,2018,696.2198,682.4619,682.46199944229,695.4067191090857,680.3601912223078,682.75946,Model 3,train
Guinea-Bissau,GNB,Sub-Saharan Africa ,1997,1998,497.7243,583.6631,583.6630421230469,591.9772192352727,551.5344603795266,550.75195,Model 3,train
Guinea-Bissau,GNB,Sub-Saharan Africa ,1998,1999,478.7332,482.7602,482.76017039587913,493.7577603443323,473.57457974338627,467.47015,Model 3,train
Guinea-Bissau,GNB,Sub-Saharan Africa ,1999,2000,316.9455,510.8685,510.8684903027561,510.8098770404437,414.7237020806458,458.40247,Model 3,train
Guinea-Bissau,GNB,Sub-Saharan Africa ,2000,2001,327.1384,341.6717,341.6717172856791,342.64901823791604,336.332737562558,344.98242,Model 3,train
Guinea-Bissau,GNB,Sub-Saharan Africa ,2001,2002,362.0346,352.1393,352.1392873413597,353.55448490944167,367.1669211165824,356.02686,Model 3,train
Guinea-Bissau,GNB,Sub-Saharan Africa ,2002,2003,419.7849,388.9625,388.96252172942206,390.5815590857373,404.59339491100167,402.7743,Model 3,train
Guinea-Bissau,GNB,Sub-Saharan Africa ,2003,2004,431.3766,449.4342,449.43422937830735,451.63772508243767,452.639375464871,509.4398,Model 3,train
Guinea-Bissau,GNB,Sub-Saharan Africa ,2004,2005,463.074,461.8808,461.88082541349263,464.13056487600414,460.6152648114181,508.43314,Model 3,train
Guinea-Bissau,GNB,Sub-Saharan Africa ,2005,2006,448.5131,495.1808,495.1808348979187,497.2680024814593,467.84689301997525,529.9185,Model 3,train
Guinea-Bissau,GNB,Sub-Saharan Africa ,2006,2007,519.0698,480.0499,480.04987490058875,482.84585148212994,499.1524522997985,533.3428,Model 3,train
Guinea-Bissau,GNB,Sub-Saharan Africa ,2007,2008,640.2103,554.6359,554.6359358354517,557.5317240854496,598.9696821277746,607.54785,Model 3,train
Guinea-Bissau,GNB,Sub-Saharan Africa ,2008,2009,583.19,653.2296,653.2295769797754,666.6724463517456,615.4647260790504,667.5412,Model 3,train
Guinea-Bissau,GNB,Sub-Saharan Africa ,2009,2010,600.1943,595.0206,595.020588296197,609.4821864347192,619.558061219753,651.11285,Model 3,train
Guinea-Bissau,GNB,Sub-Saharan Africa ,2010,2011,719.5396,639.8398,639.839801094547,644.231558805317,669.6049974505278,659.276,Model 3,train
Guinea-Bissau,GNB,Sub-Saharan Africa ,2011,2012,635.4617,765.2097,765.2097355182815,769.7679635846214,679.5497290879213,756.3677,Model 3,train
Guinea-Bissau,GNB,Sub-Saharan Africa ,2012,2013,654.3045,676.7505,676.7505616025571,682.1728255168397,656.9835508066353,679.64795,Model 3,train
Guinea-Bissau,GNB,Sub-Saharan Africa ,2013,2014,652.0225,696.3483,696.3483038346019,702.3944418271465,653.2075702428472,681.1264,Model 3,train
Guinea-Bissau,GNB,Sub-Saharan Africa ,2014,2015,645.0668,693.5818,693.5818661749945,700.4376871190553,649.2254006344889,665.3529,Model 3,train
Guinea-Bissau,GNB,Sub-Saharan Africa ,2015,2016,679.6654,686.1018,686.1018257513208,693.5639218029168,661.0160482651098,661.8983,Model 3,train
Guinea-Bissau,GNB,Sub-Saharan Africa ,2016,2017,783.1232,720.6578,720.6578644915743,730.2810100524358,743.2104623632998,748.7284,Model 3,train
Guinea-Bissau,GNB,Sub-Saharan Africa ,2017,2018,808.5316,828.2159,828.215938406528,839.1560909208764,811.9677498366023,828.9407,Model 3,train
Equatorial Guinea,GNQ,Sub-Saharan Africa ,1997,1998,577.8685,695.7254,695.7254054120242,712.436165864344,658.6572175806906,731.3747,Model 3,train
Equatorial Guinea,GNQ,Sub-Saharan Africa ,1998,1999,930.9125,562.8204,562.8204404679743,576.9303664234833,696.5909517205849,590.70667,Model 3,train
Equatorial Guinea,GNQ,Sub-Saharan Africa ,1999,2000,1487.3166,989.758,989.757980908184,988.0326558184262,1135.2954916799458,943.97986,Model 3,train
Equatorial Guinea,GNQ,Sub-Saharan Africa ,2000,2001,1948.6115,1570.2755,1570.275345101585,1562.2497886093056,1702.6652017019142,1433.0721,Model 3,train
Equatorial Guinea,GNQ,Sub-Saharan Africa ,2001,2002,2264.2107,2049.2244,2049.2241698944113,2034.881541824802,2182.9551837535623,1842.5103,Model 3,train
Equatorial Guinea,GNQ,Sub-Saharan Africa ,2002,2003,2930.6018,2374.3105,2374.310218109876,2357.4145923690576,2793.795609676449,2225.2732,Model 3,train
Equatorial Guinea,GNQ,Sub-Saharan Africa ,2003,2004,4901.3013,3059.4573,3059.4568830820403,3034.553852440414,3761.312785428979,2968.0,Model 3,train
Equatorial Guinea,GNQ,Sub-Saharan Africa ,2004,2005,8673.9026,5071.2242,5071.223150596333,5018.79729825396,6391.125772200456,5022.886,Model 3,train
Equatorial Guinea,GNQ,Sub-Saharan Africa ,2005,2006,10184.8841,8892.9817,8892.979194544208,8770.919550944009,10026.37384847416,9391.678,Model 3,train
Equatorial Guinea,GNQ,Sub-Saharan Africa ,2006,2007,12616.9533,10412.5282,10412.525119618547,10267.7276092221,11949.419236829008,10214.257,Model 3,train
Equatorial Guinea,GNQ,Sub-Saharan Africa ,2007,2008,18210.5553,12848.6142,12848.610145860575,12663.550146098278,16029.241716339671,11715.428,Model 3,train
Equatorial Guinea,GNQ,Sub-Saharan Africa ,2008,2009,13232.5019,17659.1819,17659.175955677165,17661.140424587247,15122.282021712275,13668.485,Model 3,train
Equatorial Guinea,GNQ,Sub-Saharan Africa ,2009,2010,13720.1659,12889.2262,12889.222379266328,12931.477718525974,14228.289153978089,12267.177,Model 3,train
Equatorial Guinea,GNQ,Sub-Saharan Africa ,2010,2011,17198.2137,13939.3001,13939.29567770278,13761.568327788704,15366.889426215588,12690.747,Model 3,train
Equatorial Guinea,GNQ,Sub-Saharan Africa ,2011,2012,17308.5724,17370.7892,17370.783608289217,17168.80768004837,16295.467244350411,14575.512,Model 3,train
Equatorial Guinea,GNQ,Sub-Saharan Africa ,2012,2013,16304.0713,17461.5931,17461.587627527922,17282.702851336966,16098.470669058916,14376.305,Model 3,train
Equatorial Guinea,GNQ,Sub-Saharan Africa ,2013,2014,15548.6625,16447.4144,16447.409424660673,16307.891566166718,15457.005438906192,13422.239,Model 3,train
Equatorial Guinea,GNQ,Sub-Saharan Africa ,2014,2015,9068.91,15686.0609,15686.056414940162,15573.580899609597,11646.528047054846,11281.486,Model 3,train
Equatorial Guinea,GNQ,Sub-Saharan Africa ,2015,2016,7453.198,9214.2786,9214.276593908144,9196.725913563345,7983.087560443514,7996.3853,Model 3,train
Equatorial Guinea,GNQ,Sub-Saharan Africa ,2016,2017,7809.1047,7588.8389,7588.837533757855,7594.092283661119,7896.982973124203,6922.3145,Model 3,train
Equatorial Guinea,GNQ,Sub-Saharan Africa ,2017,2018,8102.4708,7936.5878,7936.586399371744,7949.941346208859,8114.840220850815,7106.6475,Model 3,train
Greece,GRC,Europe & Central Asia,1991,1992,11021.0122,10984.9573,10984.957163525263,10701.356299968716,10868.668165303478,10823.929,Model 3,train
Greece,GRC,Europe & Central Asia,1992,1993,10257.3086,12018.1055,12018.105213878422,11713.144521631884,10917.91489005466,11518.925,Model 3,train
Greece,GRC,Europe & Central Asia,1993,1994,10937.0224,11184.9339,11184.933707599985,10912.128486722357,11001.38909784226,11384.236,Model 3,train
Greece,GRC,Europe & Central Asia,1994,1995,12779.0815,11902.3278,11902.327476229417,11616.926012448394,11749.17092737719,12456.84,Model 3,train
Greece,GRC,Europe & Central Asia,1995,1996,13432.5262,13855.4266,13855.425891540865,13515.344926874986,13032.675769163365,13728.894,Model 3,train
Greece,GRC,Europe & Central Asia,1996,1997,13015.9175,14538.9014,14538.900589454672,14184.114156421228,13615.791866277606,14171.627,Model 3,train
Greece,GRC,Europe & Central Asia,1997,1998,13022.9649,12784.5054,12784.504754748285,12804.497483083682,13157.826246676055,13566.45,Model 3,train
Greece,GRC,Europe & Central Asia,1998,1999,12742.5404,12767.453,12767.452253603578,12794.591563189317,13067.64467850303,13394.912,Model 3,train
Greece,GRC,Europe & Central Asia,1999,2000,11638.2011,13741.6105,13741.609974812109,13453.614315158551,12446.69619221705,13688.483,Model 3,train
Greece,GRC,Europe & Central Asia,2000,2001,12156.9573,12552.8494,12552.848972113929,12302.042175374476,12322.497165387287,12710.356,Model 3,train
Greece,GRC,Europe & Central Asia,2001,2002,13782.1956,13097.2111,13097.210718046845,12843.078349886193,13296.754167122564,13264.044,Model 3,train
Greece,GRC,Europe & Central Asia,2002,2003,18020.612,14798.6533,14798.652685408671,14517.1639630649,16386.085943944247,15298.302,Model 3,train
Greece,GRC,Europe & Central Asia,2003,2004,21449.2553,19242.8484,19242.847146802294,18862.628867206444,20600.008568085872,19077.686,Model 3,train
Greece,GRC,Europe & Central Asia,2004,2005,22054.1316,22801.6426,22801.640842746023,22358.04212473072,22252.970597209453,21625.314,Model 3,train
Greece,GRC,Europe & Central Asia,2005,2006,24416.0233,23411.0277,23411.025870540507,22968.81362191027,23445.153158842644,22320.67,Model 3,train
Greece,GRC,Europe & Central Asia,2006,2007,28440.7625,25806.5125,25806.510774800667,25364.441172812327,27549.30149855293,27249.19,Model 3,train
Greece,GRC,Europe & Central Asia,2007,2008,31695.8331,29936.7125,29936.71007173912,29424.38163466855,31213.75149293871,30515.346,Model 3,train
Greece,GRC,Europe & Central Asia,2008,2009,29425.4573,31873.2326,31873.23055072075,31869.44887968428,29880.903680991854,29947.05,Model 3,train
Greece,GRC,Europe & Central Asia,2009,2010,26653.0488,29554.5579,29554.55670984304,29632.63765364815,28599.577126412933,29312.393,Model 3,train
Greece,GRC,Europe & Central Asia,2010,2011,25504.7867,27979.597,27979.59564143707,27616.97011966156,26053.109774823508,25907.227,Model 3,train
Greece,GRC,Europe & Central Asia,2011,2012,21624.3461,26702.1375,26702.137012098898,26455.58961149013,23482.44072244563,24466.979,Model 3,train
Greece,GRC,Europe & Central Asia,2012,2013,21573.345,22627.8046,22627.804854054215,22494.650581196805,21599.609350145492,21208.275,Model 3,train
Greece,GRC,Europe & Central Asia,2013,2014,21474.7257,22527.8043,22527.80512451177,22459.453613695845,20945.418506499183,20524.719,Model 3,train
Greece,GRC,Europe & Central Asia,2014,2015,17980.7298,22394.5072,22394.50815836178,22349.12602616783,19640.224421011942,20277.668,Model 3,train
Greece,GRC,Europe & Central Asia,2015,2016,17919.2426,18766.915,18766.91611355299,18761.541170369394,18458.529536988655,18499.121,Model 3,train
Greece,GRC,Europe & Central Asia,2016,2017,18631.993,18694.2477,18694.248911355768,18700.61489767059,18703.63150325623,19242.723,Model 3,train
Greece,GRC,Europe & Central Asia,2017,2018,19873.4015,19418.3069,19418.307868544493,19410.286389253022,19797.667241915788,20442.203,Model 3,train
Guatemala,GTM,Latin America & Caribbean ,1995,1996,1481.0599,1540.8132,1540.8132595023449,1532.691169955111,1493.1284120440953,1445.4025,Model 3,train
Guatemala,GTM,Latin America & Caribbean ,1996,1997,1638.4628,1606.0716,1606.071588627375,1597.876332474205,1587.3904360462584,1481.0691,Model 3,train
Guatemala,GTM,Latin America & Caribbean ,1997,1998,1741.2011,1609.8422,1609.8421795241836,1642.826595023766,1680.699830017856,1529.4807,Model 3,train
Guatemala,GTM,Latin America & Caribbean ,1998,1999,1603.6478,1708.4588,1708.4588298339272,1744.994594987938,1695.3664341512424,1721.1862,Model 3,train
Guatemala,GTM,Latin America & Caribbean ,1999,2000,1648.9658,1735.4785,1735.478558701282,1731.400506110606,1631.1392503628344,1651.7471,Model 3,train
Guatemala,GTM,Latin America & Caribbean ,2000,2001,1537.6866,1783.61,1783.6100577282814,1779.8260716034886,1606.9463395479415,1651.7471,Model 3,train
Guatemala,GTM,Latin America & Caribbean ,2001,2002,1669.3352,1664.3926,1664.39268819552,1662.434433047416,1655.3208846616858,1616.5039,Model 3,train
Guatemala,GTM,Latin America & Caribbean ,2002,2003,1722.547,1803.493,1803.4930792543776,1801.774756934787,1772.3643055007274,1830.9232,Model 3,train
Guatemala,GTM,Latin America & Caribbean ,2003,2004,1840.9118,1857.9637,1857.9637595658896,1858.1393486022987,1876.834407735648,1892.2886,Model 3,train
Guatemala,GTM,Latin America & Caribbean ,2004,2005,2046.4661,1982.4708,1982.4708327348123,1981.7061350024485,2008.1612015368712,1924.408,Model 3,train
Guatemala,GTM,Latin America & Caribbean ,2005,2006,2225.1235,2198.4535,2198.4535165864736,2195.897134497023,2196.781041735985,2274.4373,Model 3,train
Guatemala,GTM,Latin America & Caribbean ,2006,2007,2458.8157,2385.7687,2385.7686449256425,2384.713884495272,2483.9221155347454,2526.8691,Model 3,train
Guatemala,GTM,Latin America & Caribbean ,2007,2008,2763.0599,2631.4489,2631.4488850256544,2630.3741940919213,2757.4731188952064,2726.7944,Model 3,train
Guatemala,GTM,Latin America & Caribbean ,2008,2009,2611.6463,2825.7526,2825.7525694841397,2870.253649281161,2778.9827604034563,2672.8704,Model 3,train
Guatemala,GTM,Latin America & Caribbean ,2009,2010,2805.2596,2666.7661,2666.766123196686,2715.696354564725,2820.0500980804636,2900.1492,Model 3,train
Guatemala,GTM,Latin America & Caribbean ,2010,2011,3168.9837,2986.9869,2986.986761110092,2989.908945920581,3086.966672942293,3002.0151,Model 3,train
Guatemala,GTM,Latin America & Caribbean ,2011,2012,3286.6196,3366.8733,3366.8731143031837,3369.222298825063,3292.6174596068477,3219.123,Model 3,train
Guatemala,GTM,Latin America & Caribbean ,2012,2013,3444.158,3484.0832,3484.0830498435107,3492.1231992600115,3421.3262084175526,3282.0762,Model 3,train
Guatemala,GTM,Latin America & Caribbean ,2013,2014,3689.1451,3642.7177,3642.7175443577744,3654.454443172068,3602.170313255226,3283.106,Model 3,train
Guatemala,GTM,Latin America & Caribbean ,2014,2015,3893.5053,3890.4498,3890.449633107358,3906.2826249979303,3893.720599507581,3656.6538,Model 3,train
Guatemala,GTM,Latin America & Caribbean ,2015,2016,4060.1378,4092.3409,4092.3407677470022,4114.690290224755,4072.073366363561,3817.6843,Model 3,train
Guatemala,GTM,Latin America & Caribbean ,2016,2017,4324.9977,4257.5327,4257.532576366416,4286.664731368127,4245.011758690479,4097.0,Model 3,train
Guatemala,GTM,Latin America & Caribbean ,2017,2018,4352.9459,4525.1316,4525.131482418169,4560.3879838595985,4407.775584010727,4272.901,Model 3,train
Guyana,GUY,Latin America & Caribbean ,1996,1997,982.8048,1015.3269,1015.3269655295508,1007.2935398802698,952.7358661470372,937.44025,Model 3,train
Guyana,GUY,Latin America & Caribbean ,1997,1998,939.6855,974.5741,974.5742052776792,991.7860775836205,925.6581709874188,1038.8513,Model 3,train
Guyana,GUY,Latin America & Caribbean ,1998,1999,908.7906,932.585,932.5851085407862,949.7317169889068,917.8230451683607,950.73236,Model 3,train
Guyana,GUY,Latin America & Caribbean ,1999,2000,931.7967,994.3701,994.3701295222296,987.7450870532518,929.1172479515322,966.35693,Model 3,train
Guyana,GUY,Latin America & Caribbean ,2000,2001,931.5747,1018.5044,1018.5044301219313,1012.1694375062356,939.5169105946107,973.83215,Model 3,train
Guyana,GUY,Latin America & Caribbean ,2001,2002,950.8669,1017.2547,1017.2547631889864,1011.929548251426,955.1375598477872,1044.6493,Model 3,train
Guyana,GUY,Latin America & Caribbean ,2002,2003,973.7426,1037.3418,1037.3419134955802,1031.286858467584,989.8939313590852,1065.1354,Model 3,train
Guyana,GUY,Latin America & Caribbean ,2003,2004,1033.3103,1060.9686,1060.968612055505,1054.6820731422508,1055.3759562555035,1118.5631,Model 3,train
Guyana,GUY,Latin America & Caribbean ,2004,2005,1084.0654,1123.5531,1123.553109818423,1117.19533629068,1130.239289423656,1161.8323,Model 3,train
Guyana,GUY,Latin America & Caribbean ,2005,2006,3135.6055,1177.1077,1177.1077010358094,1170.476523347474,1659.1328139855757,1295.3125,Model 3,train
Guyana,GUY,Latin America & Caribbean ,2006,2007,3608.2869,3344.4804,3344.480150980902,3306.346844873123,3551.380397106698,3485.0198,Model 3,train
Guyana,GUY,Latin America & Caribbean ,2007,2008,4008.9629,3838.479,3838.478665732868,3795.228858842767,4109.953228751428,4020.1716,Model 3,train
Guyana,GUY,Latin America & Caribbean ,2008,2009,4209.1323,4066.6486,4066.648411688065,4096.185962807733,4039.575179600298,3780.7424,Model 3,train
Guyana,GUY,Latin America & Caribbean ,2009,2010,4581.7618,4254.254,4254.253819309657,4295.998465817799,4476.769375879586,4566.225,Model 3,train
Guyana,GUY,Latin America & Caribbean ,2010,2011,4947.2217,4820.2797,4820.279450529061,4791.35939828043,4991.364429826765,4886.214,Model 3,train
Guyana,GUY,Latin America & Caribbean ,2011,2012,5444.3975,5197.4426,5197.442264035693,5164.1097082227025,5420.32929535695,5333.3745,Model 3,train
Guyana,GUY,Latin America & Caribbean ,2012,2013,5556.9123,5703.4864,5703.485868300847,5666.733331682088,5575.054804667764,5548.9375,Model 3,train
Guyana,GUY,Latin America & Caribbean ,2013,2014,5472.6882,5815.7881,5815.787539483368,5780.673121944624,5617.390665552687,5540.7466,Model 3,train
Guyana,GUY,Latin America & Caribbean ,2014,2015,5640.4156,5726.5179,5726.517451684599,5698.915148636677,5577.712306528466,5219.0117,Model 3,train
Guyana,GUY,Latin America & Caribbean ,2015,2016,5870.8782,5892.3191,5892.318621040213,5870.559460874131,5792.436709931028,5333.1763,Model 3,train
Guyana,GUY,Latin America & Caribbean ,2016,2017,6178.665,6126.2816,6126.281071815199,6105.466855709645,6102.203536358974,5766.1646,Model 3,train
Guyana,GUY,Latin America & Caribbean ,2017,2018,6048.387,6429.4361,6429.4356989037215,6420.450927224996,6164.340850702479,6283.478,Model 3,train
"Hong Kong SAR, China",HKG,East Asia & Pacific,1991,1992,17976.4689,16656.6892,16656.688221323708,16339.91489282258,16863.884561193612,15822.006,Model 3,train
"Hong Kong SAR, China",HKG,East Asia & Pacific,1992,1993,20395.5622,19286.5408,19286.539176444858,18907.253775935445,20034.337828616302,18658.121,Model 3,train
"Hong Kong SAR, China",HKG,East Asia & Pacific,1993,1994,22502.5302,21825.4917,21825.48951205907,21392.157262668938,22107.577862956736,21189.07,Model 3,train
"Hong Kong SAR, China",HKG,East Asia & Pacific,1994,1995,23497.3921,24030.6046,24030.60202352401,23560.92254643288,23079.29397978264,22904.861,Model 3,train
"Hong Kong SAR, China",HKG,East Asia & Pacific,1995,1996,24818.3022,25054.7951,25054.792247956902,24569.444155825364,24121.30177900624,23086.113,Model 3,train
"Hong Kong SAR, China",HKG,East Asia & Pacific,1996,1997,27330.0934,26428.0892,26428.08637795332,25954.45960711994,26407.54304738141,24321.95,Model 3,train
"Hong Kong SAR, China",HKG,East Asia & Pacific,1997,1998,25808.861,26329.4581,26329.455357299328,26552.20909837628,26469.663793985903,25906.139,Model 3,train
"Hong Kong SAR, China",HKG,East Asia & Pacific,1998,1999,25091.6666,24819.0086,24819.00638265786,25089.838877869926,25831.452553518106,26459.072,Model 3,train
"Hong Kong SAR, China",HKG,East Asia & Pacific,1999,2000,25756.7729,26501.4794,26501.4779702627,26223.910362479623,25210.687423324816,25079.248,Model 3,train
"Hong Kong SAR, China",HKG,East Asia & Pacific,2000,2001,25230.3781,27143.9591,27143.958033733248,26914.35005953083,25602.356987239433,27721.309,Model 3,train
"Hong Kong SAR, China",HKG,East Asia & Pacific,2001,2002,24665.8362,26518.6098,26518.6097008326,26390.197634870423,25240.959437173115,27363.406,Model 3,train
"Hong Kong SAR, China",HKG,East Asia & Pacific,2002,2003,23977.1734,25870.6728,25870.673070082517,25797.6543051778,25240.659219688736,27120.004,Model 3,train
"Hong Kong SAR, China",HKG,East Asia & Pacific,2003,2004,24928.1004,25071.3392,25071.340058619186,25070.96172390669,25048.508635331367,26318.97,Model 3,train
"Hong Kong SAR, China",HKG,East Asia & Pacific,2004,2005,26649.6377,26029.4727,26029.473715918204,26050.73700030207,26434.27792665223,27831.318,Model 3,train
"Hong Kong SAR, China",HKG,East Asia & Pacific,2005,2006,28224.0952,27777.789,27777.789610114734,27778.03826037197,28659.067508203738,29729.59,Model 3,train
"Hong Kong SAR, China",HKG,East Asia & Pacific,2006,2007,30593.9512,29376.3592,29376.36016132897,29410.749830733737,30773.967109217367,31169.865,Model 3,train
"Hong Kong SAR, China",HKG,East Asia & Pacific,2007,2008,31515.5292,31746.2892,31746.29010519669,31799.948899190804,32165.10822739544,32707.947,Model 3,train
"Hong Kong SAR, China",HKG,East Asia & Pacific,2008,2009,30697.5384,31268.4531,31268.454502528548,31856.712041895404,30685.54337659704,32031.941,Model 3,train
"Hong Kong SAR, China",HKG,East Asia & Pacific,2009,2010,32550.1365,30414.2303,30414.232182617412,31056.85054788874,32214.32307986433,33767.715,Model 3,train
"Hong Kong SAR, China",HKG,East Asia & Pacific,2010,2011,35142.4879,33626.966,33626.9670812985,33761.87713468125,34468.43579222938,35789.46,Model 3,train
"Hong Kong SAR, China",HKG,East Asia & Pacific,2011,2012,36730.7962,36277.5111,36277.51185780231,36399.25698490038,37160.67920334041,38687.855,Model 3,train
"Hong Kong SAR, China",HKG,East Asia & Pacific,2012,2013,38403.7777,37850.5426,37850.543072952874,37984.39333093685,38781.161775360626,39431.086,Model 3,train
"Hong Kong SAR, China",HKG,East Asia & Pacific,2013,2014,40315.374,39524.2467,39524.24717840364,39680.86475149419,39275.33707817727,39764.004,Model 3,train
"Hong Kong SAR, China",HKG,East Asia & Pacific,2014,2015,42432.162,41369.3806,41369.38135239198,41592.180523118914,41984.942183824576,39993.598,Model 3,train
"Hong Kong SAR, China",HKG,East Asia & Pacific,2015,2016,43734.1981,43418.2421,43418.24320797963,43726.38657292424,43420.74775197969,42899.625,Model 3,train
"Hong Kong SAR, China",HKG,East Asia & Pacific,2016,2017,46160.4298,44657.8587,44657.85980499049,45003.59043206522,45428.51093384117,45084.996,Model 3,train
"Hong Kong SAR, China",HKG,East Asia & Pacific,2017,2018,48537.5669,47058.652,47058.65313837583,47460.467826550725,48630.50558281026,46830.93,Model 3,train
Honduras,HND,Latin America & Caribbean ,1995,1996,812.817,898.4049,898.4050409259708,895.3790840867847,863.3044410798445,875.4636,Model 3,train
Honduras,HND,Latin America & Caribbean ,1996,1997,917.2727,895.7682,895.7682994662147,894.1259471548238,894.5700130530117,853.36426,Model 3,train
Honduras,HND,Latin America & Caribbean ,1997,1998,988.656,914.9839,914.9839663560851,936.4642281518873,936.5338483503696,963.79095,Model 3,train
Honduras,HND,Latin America & Caribbean ,1998,1999,999.0044,976.799,976.7989926215866,995.9371946309888,971.6017646287424,970.85455,Model 3,train
Honduras,HND,Latin America & Caribbean ,1999,2000,1092.564,1093.5837,1093.5837726363218,1093.4084148646225,1065.8966887993918,1022.0746,Model 3,train
Honduras,HND,Latin America & Caribbean ,2000,2001,1132.1649,1193.5024,1193.502488616174,1193.36781767873,1148.2971869552505,1169.7626,Model 3,train
Honduras,HND,Latin America & Caribbean ,2001,2002,1132.4997,1235.0434,1235.0435507064935,1235.3140940412104,1146.490642588435,1252.2487,Model 3,train
Honduras,HND,Latin America & Caribbean ,2002,2003,1156.0816,1233.9824,1233.9825117689772,1235.4475343175554,1169.233460064823,1307.0414,Model 3,train
Honduras,HND,Latin America & Caribbean ,2003,2004,1215.14,1257.5225,1257.5225844361105,1260.1869544357846,1255.865614527743,1376.379,Model 3,train
Honduras,HND,Latin America & Caribbean ,2004,2005,1304.7004,1319.6759,1319.6760437148314,1322.700167663242,1317.6649272874372,1424.9213,Model 3,train
Honduras,HND,Latin America & Caribbean ,2005,2006,1425.8478,1414.5859,1414.58595623388,1417.4228822445864,1469.722151060574,1428.9233,Model 3,train
Honduras,HND,Latin America & Caribbean ,2006,2007,1577.7379,1541.8341,1541.8341885777124,1545.4635487789628,1587.8065316440263,1675.383,Model 3,train
Honduras,HND,Latin America & Caribbean ,2007,2008,1732.4906,1702.1509,1702.1509689727072,1705.704750412615,1740.1408935553789,1843.4698,Model 3,train
Honduras,HND,Latin America & Caribbean ,2008,2009,1781.157,1787.0115,1787.0116043129026,1819.4231522786267,1850.517829268122,1835.9739,Model 3,train
Honduras,HND,Latin America & Caribbean ,2009,2010,1893.3272,1833.4575,1833.4575826548923,1868.7934611406797,1936.484381196296,1961.3644,Model 3,train
Honduras,HND,Latin America & Caribbean ,2010,2011,2073.6612,2030.7639,2030.7639647879353,2035.44806787689,2073.002177862682,2080.0947,Model 3,train
Honduras,HND,Latin America & Caribbean ,2011,2012,2126.0347,2217.8713,2217.8713065049365,2224.9289261217027,2147.5346305375656,2243.08,Model 3,train
Honduras,HND,Latin America & Caribbean ,2012,2013,2081.1284,2270.4894,2270.4894640614098,2280.02008396137,2147.3929072445426,2284.5894,Model 3,train
Honduras,HND,Latin America & Caribbean ,2013,2014,2179.8817,2222.044,2222.044026345142,2232.928440849381,2158.912460802811,2253.291,Model 3,train
Honduras,HND,Latin America & Caribbean ,2014,2015,2271.2027,2321.2175,2321.217547400895,2336.235574400419,2280.0019500205167,2254.2485,Model 3,train
Honduras,HND,Latin America & Caribbean ,2015,2016,2307.3447,2412.2452,2412.2452951211703,2431.767472685009,2363.9006781542225,2456.4695,Model 3,train
Honduras,HND,Latin America & Caribbean ,2016,2017,2413.0077,2447.0316,2447.0317211866054,2469.504078142305,2410.6789629526315,2529.549,Model 3,train
Honduras,HND,Latin America & Caribbean ,2017,2018,2464.6424,2555.3763,2555.376447085564,2579.331787450707,2461.118759003205,2600.0366,Model 3,train
Croatia,HRV,Europe & Central Asia,1993,1994,3237.9265,2789.2047,2789.2046434927925,2655.6091119810653,3017.642726869542,2780.6816,Model 3,train
Croatia,HRV,Europe & Central Asia,1994,1995,4929.0577,3631.6899,3631.689854517799,3490.9042583386154,4194.1424680927985,3637.6248,Model 3,train
Croatia,HRV,Europe & Central Asia,1995,1996,5299.6411,5395.2052,5395.205155730746,5263.662484830833,5285.336910394377,5099.767,Model 3,train
Croatia,HRV,Europe & Central Asia,1996,1997,5331.0234,5792.4852,5792.485116368864,5649.82625422629,5402.277781501116,5251.6997,Model 3,train
Croatia,HRV,Europe & Central Asia,1997,1998,5712.5899,5284.1795,5284.179400833975,5286.576574443945,5533.376696316377,5255.653,Model 3,train
Croatia,HRV,Europe & Central Asia,1998,1999,5269.0339,5649.202,5649.201797159249,5650.212468748346,5597.242526655232,5838.971,Model 3,train
Croatia,HRV,Europe & Central Asia,1999,2000,4953.6516,5740.2414,5740.241345971502,5610.135488487827,5260.857022585516,5490.198,Model 3,train
Croatia,HRV,Europe & Central Asia,2000,2001,5364.8382,5394.4476,5394.447613630502,5280.089079649676,5313.242343194646,5177.9727,Model 3,train
Croatia,HRV,Europe & Central Asia,2001,2002,6219.5816,5834.928,5834.928097791645,5725.309136297737,5981.549856888234,5760.305,Model 3,train
Croatia,HRV,Europe & Central Asia,2002,2003,8190.1114,6732.1479,6732.148088445379,6613.892404712533,7459.902049424295,6979.708,Model 3,train
Croatia,HRV,Europe & Central Asia,2003,2004,9718.9732,8808.2465,8808.246497799979,8647.718147336675,9399.911820561476,8795.286,Model 3,train
Croatia,HRV,Europe & Central Asia,2004,2005,10443.5278,10405.1708,10405.170873682637,10235.618727531446,10740.352878183749,11204.4375,Model 3,train
Croatia,HRV,Europe & Central Asia,2005,2006,11501.21,11153.6271,11153.627054207833,10967.05975423878,11406.343199821293,11305.548,Model 3,train
Croatia,HRV,Europe & Central Asia,2006,2007,13755.8321,12250.4734,12250.473332889853,12058.883789843048,13357.562522778817,13446.941,Model 3,train
Croatia,HRV,Europe & Central Asia,2007,2008,15888.0607,14585.4979,14585.497533515996,14351.063674771944,15628.16038361909,15585.803,Model 3,train
Croatia,HRV,Europe & Central Asia,2008,2009,14474.652,16083.8698,16083.869628974164,16086.037107259248,15253.290568831431,14198.169,Model 3,train
Croatia,HRV,Europe & Central Asia,2009,2010,13729.7655,14631.868,14631.868252090264,14684.282513127704,14172.552069025824,15152.579,Model 3,train
Croatia,HRV,Europe & Central Asia,2010,2011,14691.5583,14470.7098,14470.71003587569,14319.825604743768,14578.500915318687,14754.554,Model 3,train
Croatia,HRV,Europe & Central Asia,2011,2012,13507.7805,15455.9019,15455.90213628424,15299.305761764872,14406.415385498787,14841.643,Model 3,train
Croatia,HRV,Europe & Central Asia,2012,2013,14134.9475,14207.3333,14207.333860998784,14095.88207311157,14140.361492078116,14122.76,Model 3,train
Croatia,HRV,Europe & Central Asia,2013,2014,14186.7295,14827.466,14827.46673306868,14738.273145958256,14068.631251258716,14587.234,Model 3,train
Croatia,HRV,Europe & Central Asia,2014,2015,12283.7841,14859.995,14859.995747535151,14786.157127408847,13168.37571388208,13466.756,Model 3,train
Croatia,HRV,Europe & Central Asia,2015,2016,12820.1654,12877.272,12877.27281038998,12823.622789629084,12806.94447898672,12241.127,Model 3,train
Croatia,HRV,Europe & Central Asia,2016,2017,13901.7878,13426.388,13426.38886086066,13380.446129406384,13556.635356866338,13290.559,Model 3,train
Croatia,HRV,Europe & Central Asia,2017,2018,15460.367,14560.9668,14560.96717299534,14467.150513468545,14941.805363418029,14295.177,Model 3,train
Haiti,HTI,Latin America & Caribbean ,1996,1997,425.1111,414.3141,414.3140759998953,412.195469068142,396.551216480403,377.0928,Model 3,train
Haiti,HTI,Latin America & Caribbean ,1998,1999,509.5786,461.1175,461.1175040861664,471.42731083904425,487.0404273853893,457.60336,Model 3,train
Haiti,HTI,Latin America & Caribbean ,1999,2000,820.6,555.2437,555.2436727383053,553.8299196984239,640.1847270618969,549.10596,Model 3,train
Haiti,HTI,Latin America & Caribbean ,2000,2001,748.8212,888.031,888.0309569977519,882.6476251484999,793.2430991566545,800.2973,Model 3,train
Haiti,HTI,Latin America & Caribbean ,2001,2002,720.9696,811.7174,811.7174209831608,807.2982535161998,742.5202036948224,778.0329,Model 3,train
Haiti,HTI,Latin America & Caribbean ,2002,2003,578.9953,780.7598,780.7597899856331,778.1773600893088,671.1511330916055,779.2689,Model 3,train
Haiti,HTI,Latin America & Caribbean ,2003,2004,683.1853,631.1006,631.1005674730773,628.165840889146,679.25771412493,674.0995,Model 3,train
Haiti,HTI,Latin America & Caribbean ,2004,2005,775.8457,739.4171,739.4170664112788,736.4836072754391,770.036031891226,822.2298,Model 3,train
Haiti,HTI,Latin America & Caribbean ,2005,2006,828.8057,837.9092,837.9092159789932,836.6633193208216,835.0420861720586,899.13275,Model 3,train
Haiti,HTI,Latin America & Caribbean ,2006,2007,984.567,893.3064,893.3064321927557,892.663927958359,920.663482786545,931.3846,Model 3,train
Haiti,HTI,Latin America & Caribbean ,2007,2008,1094.6606,1056.8619,1056.861854908385,1056.407060200022,1094.5334461858235,1179.765,Model 3,train
Haiti,HTI,Latin America & Caribbean ,2008,2009,1196.8529,1124.1592,1124.159157727179,1140.7875809623818,1246.9647434600424,1174.4518,Model 3,train
Haiti,HTI,Latin America & Caribbean ,2009,2010,1209.7273,1224.0143,1224.014322869857,1245.0611372797227,1260.5390826942678,1351.2579,Model 3,train
Haiti,HTI,Latin America & Caribbean ,2010,2011,1312.0395,1266.2412,1266.2408617140647,1247.0085092078996,1274.2937061832913,1355.9432,Model 3,train
Haiti,HTI,Latin America & Caribbean ,2011,2012,1361.394,1398.5254,1398.5253653611385,1396.4528360377717,1388.4813012509198,1451.5931,Model 3,train
Haiti,HTI,Latin America & Caribbean ,2012,2013,1457.8322,1449.923,1449.9228691953565,1448.9765121301675,1435.4419095366904,1463.648,Model 3,train
Haiti,HTI,Latin America & Caribbean ,2013,2014,1460.189,1550.1788,1550.178733907525,1549.3689695919393,1450.9433274349633,1517.2483,Model 3,train
Haiti,HTI,Latin America & Caribbean ,2014,2015,1411.1268,1551.4638,1551.4636679137689,1551.9443594853558,1436.2189376947215,1502.3832,Model 3,train
Haiti,HTI,Latin America & Caribbean ,2015,2016,1318.4027,1499.1671,1499.1670475295325,1500.7895401316205,1379.350767051914,1471.4646,Model 3,train
Haiti,HTI,Latin America & Caribbean ,2016,2017,1395.2395,1398.9533,1398.9532470314168,1403.7049111326376,1407.0027871226068,1384.3453,Model 3,train
Haiti,HTI,Latin America & Caribbean ,2017,2018,1496.3805,1476.9373,1476.9372583999543,1484.2533394520706,1513.6241528296052,1482.8187,Model 3,train
Hungary,HUN,Europe & Central Asia,1991,1992,3747.3297,3712.4699,3712.4698531767526,3609.0453512523713,3737.238049076594,3260.9136,Model 3,train
Hungary,HUN,Europe & Central Asia,1992,1993,3886.6661,4118.9076,4118.907541865075,4008.846735834301,4050.8051781063546,3677.5496,Model 3,train
Hungary,HUN,Europe & Central Asia,1993,1994,4187.0312,4264.1369,4264.1368046957,4151.589833288972,4234.292831267091,3958.256,Model 3,train
Hungary,HUN,Europe & Central Asia,1994,1995,4509.4174,4584.961,4584.960817658691,4465.5068142904265,4519.2481750299485,4400.393,Model 3,train
Hungary,HUN,Europe & Central Asia,1995,1996,4542.012,4938.8872,4938.886931040495,4801.438097118102,4613.889512971883,4535.0957,Model 3,train
Hungary,HUN,Europe & Central Asia,1996,1997,4606.057,4969.6096,4969.609407283119,4837.755708230459,4595.2464980292425,4335.817,Model 3,train
Hungary,HUN,Europe & Central Asia,1997,1998,4751.7732,4567.8907,4567.890523476854,4565.087732698523,4720.210550582833,4300.188,Model 3,train
Hungary,HUN,Europe & Central Asia,1998,1999,4801.9595,4700.1306,4700.13033608734,4701.6169807719,4838.525154152877,4877.74,Model 3,train
Hungary,HUN,Europe & Central Asia,1999,2000,4629.9176,5224.2106,5224.21038012925,5101.902702259475,4946.9902119090175,4978.672,Model 3,train
Hungary,HUN,Europe & Central Asia,2000,2001,5280.9489,5038.5747,5038.5745131365065,4925.954857224851,5220.6849896865815,4964.9736,Model 3,train
Hungary,HUN,Europe & Central Asia,2001,2002,6658.0449,5726.0255,5726.025454281208,5610.343273023713,6183.580782280974,5552.7646,Model 3,train
Hungary,HUN,Europe & Central Asia,2002,2003,8410.0925,7179.6958,7179.6955611524845,7033.268202665453,7963.819635693659,7266.6616,Model 3,train
Hungary,HUN,Europe & Central Asia,2003,2004,10291.2695,9014.7039,9014.703370867168,8830.523148297369,10096.939578858002,9259.097,Model 3,train
Hungary,HUN,Europe & Central Asia,2004,2005,11212.2047,10977.5659,10977.565155695034,10757.5503477581,11324.477066769028,11593.226,Model 3,train
Hungary,HUN,Europe & Central Asia,2005,2006,11478.4892,11887.9901,11887.989498670797,11689.80562006338,11928.588960295056,12776.749,Model 3,train
Hungary,HUN,Europe & Central Asia,2006,2007,13934.6055,12136.0818,12136.08152254795,11964.746239881382,13181.96467994349,12780.43,Model 3,train
Hungary,HUN,Europe & Central Asia,2007,2008,15762.6323,14662.3466,14662.34602517259,14453.534826200676,14863.36958864716,14585.426,Model 3,train
Hungary,HUN,Europe & Central Asia,2008,2009,13051.1832,15806.9144,15806.914420945686,15886.057672301078,13707.12381289536,13346.878,Model 3,train
Hungary,HUN,Europe & Central Asia,2009,2010,13189.8434,13109.1235,13109.123868887664,13206.608342626296,13314.479977412975,13681.566,Model 3,train
Hungary,HUN,Europe & Central Asia,2010,2011,14211.4606,13818.5841,13818.584248843332,13702.016898184998,13937.196088088498,13618.7295,Model 3,train
Hungary,HUN,Europe & Central Asia,2011,2012,12950.1594,14858.3393,14858.339511005315,14749.386643573178,13517.764115571144,13929.767,Model 3,train
Hungary,HUN,Europe & Central Asia,2012,2013,13739.462,13547.8875,13547.887861008956,13465.627631860993,13683.361120332132,13115.378,Model 3,train
Hungary,HUN,Europe & Central Asia,2013,2014,14352.5019,14343.2791,14343.279539689056,14273.279715681132,14216.015636294873,14419.213,Model 3,train
Hungary,HUN,Europe & Central Asia,2014,2015,12782.9413,14954.1797,14954.180096253902,14891.93082106474,13387.46760475208,13399.192,Model 3,train
Hungary,HUN,Europe & Central Asia,2015,2016,13215.8605,13344.1372,13344.137492316717,13283.740335407763,13198.327516879412,12592.563,Model 3,train
Hungary,HUN,Europe & Central Asia,2016,2017,14736.1668,13767.0605,13767.061033524536,13728.858363322604,14570.768455957756,14285.365,Model 3,train
Hungary,HUN,Europe & Central Asia,2017,2018,16605.0571,15327.6352,15327.635345323908,15252.370074457514,15943.1795213633,14732.269,Model 3,train
Indonesia,IDN,East Asia & Pacific,1994,1995,1011.2261,986.2421,986.2421334666144,984.1160689536003,987.664261767751,979.639,Model 3,train
Indonesia,IDN,East Asia & Pacific,1995,1996,1118.9213,1105.9499,1105.949962467969,1102.8757756249347,1055.251934831206,1025.8116,Model 3,train
Indonesia,IDN,East Asia & Pacific,1996,1997,1044.6067,1220.838,1220.8380436288596,1217.2696080576927,1087.819286300002,1121.4144,Model 3,train
Indonesia,IDN,East Asia & Pacific,1997,1998,454.8778,1034.9895,1034.9895193640998,1059.2910061686032,756.8539829457668,980.353,Model 3,train
Indonesia,IDN,East Asia & Pacific,1998,1999,657.2689,460.4022,460.4022853473951,469.8759694534011,564.3894091933082,527.46606,Model 3,train
Indonesia,IDN,East Asia & Pacific,1999,2000,763.7111,723.3979,723.3979197065007,723.0852526277864,748.9067780371162,712.74335,Model 3,train
Indonesia,IDN,East Asia & Pacific,2000,2001,732.3071,835.806,835.8060274335778,837.313440626756,791.9488795790759,833.4721,Model 3,train
Indonesia,IDN,East Asia & Pacific,2001,2002,881.0029,802.4865,802.4865335981859,803.6171379262595,854.713315826639,848.79065,Model 3,train
Indonesia,IDN,East Asia & Pacific,2002,2003,1043.2106,962.317,962.3170349444872,962.896639481368,1031.2179081419529,1006.90845,Model 3,train
Indonesia,IDN,East Asia & Pacific,2003,2004,1126.84,1134.8119,1134.8119254898827,1135.527152459293,1081.5290522956377,1108.6223,Model 3,train
Indonesia,IDN,East Asia & Pacific,2004,2005,1238.2145,1220.608,1220.607975055411,1219.365838904369,1241.073362657144,1249.937,Model 3,train
Indonesia,IDN,East Asia & Pacific,2005,2006,1558.3156,1342.1228,1342.1227950083903,1341.9525875547572,1470.2864557531211,1353.5828,Model 3,train
Indonesia,IDN,East Asia & Pacific,2006,2007,1823.2198,1682.3016,1682.3015144725096,1679.4926560086892,1884.305426291028,1803.9502,Model 3,train
Indonesia,IDN,East Asia & Pacific,2007,2008,2124.5548,1959.6478,1959.6476885048244,1957.799243962612,2062.8549060172704,1940.3236,Model 3,train
Indonesia,IDN,East Asia & Pacific,2008,2009,2218.4854,2180.1868,2180.18674597288,2213.3896150973774,2245.662814098799,2148.306,Model 3,train
Indonesia,IDN,East Asia & Pacific,2009,2010,3065.6835,2272.7106,2272.710465683652,2308.3683239349934,2771.9179051694855,2532.4287,Model 3,train
Indonesia,IDN,East Asia & Pacific,2010,2011,3579.4644,3258.5578,3258.557462078514,3250.2554798241586,3391.969617690337,3283.46,Model 3,train
Indonesia,IDN,East Asia & Pacific,2011,2012,3632.2725,3792.7861,3792.7856264554025,3781.367611116319,3662.241169398997,3712.4954,Model 3,train
Indonesia,IDN,East Asia & Pacific,2012,2013,3566.6028,3843.4286,3843.428140794555,3835.273774513236,3601.81114765893,3534.3115,Model 3,train
Indonesia,IDN,East Asia & Pacific,2013,2014,3441.0681,3774.2575,3774.257088245191,3766.63414372145,3523.453150847752,3463.6123,Model 3,train
Indonesia,IDN,East Asia & Pacific,2014,2015,3288.2227,3639.7493,3639.748939121725,3636.382585261468,3349.2773551541018,3116.111,Model 3,train
Indonesia,IDN,East Asia & Pacific,2015,2016,3521.4694,3473.881,3473.880714767238,3477.838040652977,3367.8065878443676,3168.1755,Model 3,train
Indonesia,IDN,East Asia & Pacific,2016,2017,3798.8833,3709.3176,3709.317257525042,3718.020497951407,3720.889717840499,3615.5278,Model 3,train
Indonesia,IDN,East Asia & Pacific,2017,2018,3860.9535,3987.5407,3987.5403682064975,4003.303256312575,3902.6797345034142,3835.2407,Model 3,train
India,IND,South Asia,1992,1993,302.8848,352.2621,352.2620812078143,353.54620136035226,329.40759682147325,345.52948,Model 3,train
India,IND,South Asia,1993,1994,347.7342,334.1565,334.1565492121238,335.9427746848053,338.7746123147991,355.94965,Model 3,train
India,IND,South Asia,1994,1995,375.176,382.9709,382.97088894707593,384.574741498036,367.5796365633039,373.98843,Model 3,train
India,IND,South Asia,1995,1996,401.0468,412.5925,412.5924955260456,414.2893419759852,396.3120731142402,382.0545,Model 3,train
India,IND,South Asia,1996,1997,416.2281,440.3795,440.3795299523949,442.27644798336576,418.5388309669533,412.9724,Model 3,train
India,IND,South Asia,1997,1998,413.6309,414.3875,414.3875357415569,426.9363524208048,422.7215724503218,425.4668,Model 3,train
India,IND,South Asia,1998,1999,441.928,412.1646,412.1646148773532,424.42927947702975,434.9888668310276,429.38077,Model 3,train
India,IND,South Asia,1999,2000,442.7502,483.8336,483.8336122921849,486.64546292145104,452.8571887610479,458.74182,Model 3,train
India,IND,South Asia,2000,2001,450.3579,484.5565,484.55654154069214,487.6965263228552,459.14058577057415,483.4262,Model 3,train
India,IND,South Asia,2001,2002,469.1499,492.6013,492.6012833253033,495.9947138606678,477.2957163640991,505.87726,Model 3,train
India,IND,South Asia,2002,2003,544.1431,512.6729,512.6729128605674,516.4189261281132,544.0918248336573,572.154,Model 3,train
India,IND,South Asia,2003,2004,624.2588,593.049,593.0490358247524,597.1323331350952,618.9248467857527,614.3971,Model 3,train
India,IND,South Asia,2004,2005,710.4881,678.6719,678.6718864820705,683.0615772123332,703.2273501931204,723.975,Model 3,train
India,IND,South Asia,2005,2006,801.6684,770.6896,770.6896202279779,775.3917857645425,795.9208694882522,816.72754,Model 3,train
India,IND,South Asia,2006,2007,1021.8871,867.8971,867.8970058960264,872.7573614509353,937.6649458231412,899.7015,Model 3,train
India,IND,South Asia,2007,2008,992.5196,1101.5975,1101.5973815097902,1106.7148961869943,1035.6227003896922,1120.5725,Model 3,train
India,IND,South Asia,2008,2009,1094.9497,1024.8574,1024.8573072077052,1047.7916568718265,1066.2807630478487,1048.6604,Model 3,train
India,IND,South Asia,2009,2010,1347.5194,1128.9298,1128.9297132281251,1153.7273659835964,1286.459567049486,1242.9148,Model 3,train
India,IND,South Asia,2010,2011,1445.4613,1445.4703,1445.4701184139624,1451.6579195544596,1469.3493072160245,1502.8302,Model 3,train
India,IND,South Asia,2011,2012,1429.322,1546.6377,1546.6375359316526,1555.2191410578653,1479.4969144052484,1569.8735,Model 3,train
India,IND,South Asia,2012,2013,1432.844,1529.0887,1529.0885410214346,1538.728775801587,1468.197971628639,1553.3932,Model 3,train
India,IND,South Asia,2013,2014,1553.884,1532.1055,1532.10536780735,1542.820445870843,1506.409519966055,1603.9517,Model 3,train
India,IND,South Asia,2014,2015,1583.9982,1657.5991,1657.5989769626954,1670.5422503138789,1657.467865790207,1705.4839,Model 3,train
India,IND,South Asia,2015,2016,1707.5089,1687.6571,1687.6569532477358,1702.4984583753974,1716.8593379368442,1706.0605,Model 3,train
India,IND,South Asia,2016,2017,1950.1047,1815.8349,1815.8346725110891,1832.4393925139905,1899.9119529943696,1833.0381,Model 3,train
India,IND,South Asia,2017,2018,1966.2546,2067.3237,2067.323493582072,2086.747886898398,2047.2027490250475,2093.8804,Model 3,train
Ireland,IRL,Europe & Central Asia,1991,1992,15714.3847,15259.0498,15259.04889185489,14823.436909275808,15392.933578338832,14409.068,Model 3,train
Ireland,IRL,Europe & Central Asia,1992,1993,14657.0616,16989.4727,16989.471479548207,16497.830347059382,15268.820753207778,16085.258,Model 3,train
Ireland,IRL,Europe & Central Asia,1993,1994,15902.9297,15844.2386,15844.23752349724,15397.751903001756,15675.26978041896,15212.596,Model 3,train
Ireland,IRL,Europe & Central Asia,1994,1995,19158.4565,17171.2454,17171.24406775468,16682.560076494825,17764.76439534697,18510.38,Model 3,train
Ireland,IRL,Europe & Central Asia,1995,1996,20835.8977,20608.5165,20608.514124916936,19986.400502568187,20459.468423091526,19713.182,Model 3,train
Ireland,IRL,Europe & Central Asia,1996,1997,22551.1139,22368.4872,22368.48443779176,21697.752660757054,22290.593127422388,20603.182,Model 3,train
Ireland,IRL,Europe & Central Asia,1997,1998,24294.8548,21928.1784,21928.17542118307,21809.718162207075,23955.3102851879,21690.459,Model 3,train
Ireland,IRL,Europe & Central Asia,1998,1999,26338.1078,23570.0199,23570.01661170496,23450.979654533,25913.512319835387,23766.01,Model 3,train
Ireland,IRL,Europe & Central Asia,1999,2000,26334.5672,28073.5954,28073.591382890012,27243.39789542305,26350.91640521462,24357.51,Model 3,train
Ireland,IRL,Europe & Central Asia,2000,2001,28282.4099,28034.3338,28034.330242475473,27248.43325489044,26923.54878427012,25832.227,Model 3,train
Ireland,IRL,Europe & Central Asia,2001,2002,32705.4346,30027.8438,30027.84031878554,29235.04353013943,31042.174781605623,26931.598,Model 3,train
Ireland,IRL,Europe & Central Asia,2002,2003,41203.5296,34609.1138,34609.10954794048,33710.290160587385,37483.71970439202,34492.555,Model 3,train
Ireland,IRL,Europe & Central Asia,2003,2004,47754.2023,43322.2164,43322.21104626445,42266.49266743097,46204.49998038529,42588.555,Model 3,train
Ireland,IRL,Europe & Central Asia,2004,2005,50933.0216,50030.9229,50030.916227788905,48832.95617014568,50923.77256470324,47264.58,Model 3,train
Ireland,IRL,Europe & Central Asia,2005,2006,54329.1619,53227.8194,53227.81255033606,52018.79612187785,53140.09802332245,48259.434,Model 3,train
Ireland,IRL,Europe & Central Asia,2006,2007,61396.4175,56494.2475,56494.24189902919,55405.36291345154,60080.70880723326,52183.625,Model 3,train
Ireland,IRL,Europe & Central Asia,2007,2008,61353.1066,63590.5485,63590.54238441048,62452.40984039912,62133.20905109487,60105.273,Model 3,train
Ireland,IRL,Europe & Central Asia,2008,2009,52133.0906,60729.5122,60729.5088574636,60796.0867652009,56103.61443327849,53039.78,Model 3,train
Ireland,IRL,Europe & Central Asia,2009,2010,48623.9666,51569.3408,51569.33964655329,51826.495332151346,49009.085961699064,50877.27,Model 3,train
Ireland,IRL,Europe & Central Asia,2010,2011,52613.854,50259.2366,50259.235051268144,49741.018432453246,50828.00329529775,48542.617,Model 3,train
Ireland,IRL,Europe & Central Asia,2011,2012,49335.8408,54223.4744,54223.47268020413,53691.515820250235,52329.866641060995,52961.387,Model 3,train
Ireland,IRL,Europe & Central Asia,2012,2013,52537.6109,50830.0716,50830.070458850525,50397.08871803613,51042.93759075347,47882.734,Model 3,train
Ireland,IRL,Europe & Central Asia,2013,2014,57214.538,54026.8837,54026.88198621073,53567.936881444184,55438.474641218,52718.145,Model 3,train
Ireland,IRL,Europe & Central Asia,2014,2015,64250.1385,58669.7148,58669.713192184216,58235.99095902335,60444.434736989264,55583.89,Model 3,train
Ireland,IRL,Europe & Central Asia,2015,2016,64129.5572,65739.2224,65739.2192515755,65197.688876579145,66805.64242314672,66516.96,Model 3,train
Ireland,IRL,Europe & Central Asia,2016,2017,72161.4048,65606.4686,65606.46520391143,65063.08968482932,69011.8732717131,68007.914,Model 3,train
Ireland,IRL,Europe & Central Asia,2017,2018,80804.1123,73688.6927,73688.68795652766,73047.73870538814,76960.387243209,78106.69,Model 3,train
"Iran, Islamic Rep.",IRN,"Middle East, North Africa, Afghanistan & Pakistan",1994,1995,1550.0096,1273.221,1273.2211089293555,1276.4181026304211,1400.0740181819588,1228.455,Model 3,train
"Iran, Islamic Rep.",IRN,"Middle East, North Africa, Afghanistan & Pakistan",1995,1996,1914.7812,1687.3983,1687.3983787756256,1683.817000517828,1809.5058739775984,1620.8656,Model 3,train
"Iran, Islamic Rep.",IRN,"Middle East, North Africa, Afghanistan & Pakistan",1996,1997,1790.0662,2070.1681,2070.1681096123484,2070.6936772531385,1875.097774496562,1839.9983,Model 3,train
"Iran, Islamic Rep.",IRN,"Middle East, North Africa, Afghanistan & Pakistan",1997,1998,1709.1933,1754.3847,1754.3847246423393,1804.4247399941855,1746.500084315428,1634.995,Model 3,train
"Iran, Islamic Rep.",IRN,"Middle East, North Africa, Afghanistan & Pakistan",1998,1999,1739.5946,1676.2744,1676.274492953634,1725.6629791929663,1722.2658670446788,1670.3617,Model 3,train
"Iran, Islamic Rep.",IRN,"Middle East, North Africa, Afghanistan & Pakistan",1999,2000,1650.0139,1879.1569,1879.1569547777708,1887.1016032240043,1708.9605112360375,1805.5361,Model 3,train
"Iran, Islamic Rep.",IRN,"Middle East, North Africa, Afghanistan & Pakistan",2000,2001,1881.0227,1781.5571,1781.5572189150312,1792.7324134189826,1781.835749291421,1686.7906,Model 3,train
"Iran, Islamic Rep.",IRN,"Middle East, North Africa, Afghanistan & Pakistan",2001,2002,1891.2576,2024.8275,2024.8275949494664,2038.3236048678489,1935.377180176395,1955.1465,Model 3,train
"Iran, Islamic Rep.",IRN,"Middle East, North Africa, Afghanistan & Pakistan",2002,2003,2208.9964,2034.5495,2034.5496069729936,2049.9850917611984,2114.665255604926,2123.1416,Model 3,train
"Iran, Islamic Rep.",IRN,"Middle East, North Africa, Afghanistan & Pakistan",2003,2004,2672.4227,2366.6486,2366.648628412353,2381.0996294758374,2653.047611520572,2568.9563,Model 3,train
"Iran, Islamic Rep.",IRN,"Middle East, North Africa, Afghanistan & Pakistan",2004,2005,3132.0508,2857.2957,2857.2957477330547,2876.121846065761,3162.6998410849274,2981.3816,Model 3,train
"Iran, Islamic Rep.",IRN,"Middle East, North Africa, Afghanistan & Pakistan",2005,2006,3618.916,3337.415,3337.415000097574,3359.4385514477,3586.8455334262144,3541.4104,Model 3,train
"Iran, Islamic Rep.",IRN,"Middle East, North Africa, Afghanistan & Pakistan",2006,2007,4687.9917,3843.9275,3843.9274281542566,3870.186478465364,4382.926581706673,3964.259,Model 3,train
"Iran, Islamic Rep.",IRN,"Middle East, North Africa, Afghanistan & Pakistan",2007,2008,5377.4115,4963.6643,4963.66406649229,4985.305958747992,5359.533454997331,5193.6353,Model 3,train
"Iran, Islamic Rep.",IRN,"Middle East, North Africa, Afghanistan & Pakistan",2008,2009,5415.5228,5441.4055,5441.405232404764,5552.556678736262,5455.82431010875,5264.9336,Model 3,train
"Iran, Islamic Rep.",IRN,"Middle East, North Africa, Afghanistan & Pakistan",2009,2010,6291.1944,5462.8933,5462.8931718867525,5591.632439829104,5881.758289290608,5741.072,Model 3,train
"Iran, Islamic Rep.",IRN,"Middle East, North Africa, Afghanistan & Pakistan",2010,2011,8025.6874,6601.6188,6601.6184097438645,6648.315743302187,7128.997709386043,6517.136,Model 3,train
"Iran, Islamic Rep.",IRN,"Middle East, North Africa, Afghanistan & Pakistan",2011,2012,8114.081,8403.6387,8403.637944019105,8435.182107451958,8011.20312347095,7787.682,Model 3,train
"Iran, Islamic Rep.",IRN,"Middle East, North Africa, Afghanistan & Pakistan",2012,2013,6222.7419,8484.5161,8484.515399737016,8526.178860419079,7203.219621713181,7647.28,Model 3,train
"Iran, Islamic Rep.",IRN,"Middle East, North Africa, Afghanistan & Pakistan",2013,2014,5672.0637,6530.44,6530.439767002794,6578.143583041617,5678.424672099355,6010.954,Model 3,train
"Iran, Islamic Rep.",IRN,"Middle East, North Africa, Afghanistan & Pakistan",2014,2015,4952.7336,5922.8917,5922.891720369013,6008.306220147846,5295.464361006469,5421.4355,Model 3,train
"Iran, Islamic Rep.",IRN,"Middle East, North Africa, Afghanistan & Pakistan",2015,2016,5710.5995,5167.9872,5167.987439461001,5262.033794926984,5429.978642438792,5125.848,Model 3,train
"Iran, Islamic Rep.",IRN,"Middle East, North Africa, Afghanistan & Pakistan",2016,2017,6000.9335,5922.8129,5922.813198429884,6046.977086076872,5765.121676038356,5928.9536,Model 3,train
"Iran, Islamic Rep.",IRN,"Middle East, North Africa, Afghanistan & Pakistan",2017,2018,4783.0107,6198.2249,6198.225326777665,6346.396209241946,5460.761720146937,6151.669,Model 3,train
Iraq,IRQ,"Middle East, North Africa, Afghanistan & Pakistan",2001,2002,1266.1596,1548.4377,1548.4376650224767,1547.409941489227,1406.1026046670927,1459.2814,Model 3,train
Iraq,IRQ,"Middle East, North Africa, Afghanistan & Pakistan",2002,2003,817.8879,1368.4475,1368.4474950162396,1368.9301687420304,1069.2895677811275,1306.4202,Model 3,train
Iraq,IRQ,"Middle East, North Africa, Afghanistan & Pakistan",2003,2004,1328.3716,890.5119,890.511896799936,890.7452172137923,1048.510794593523,913.21063,Model 3,train
Iraq,IRQ,"Middle East, North Africa, Afghanistan & Pakistan",2004,2005,1762.3936,1432.1299,1432.1298486329404,1429.377125867454,1646.7744046233531,1518.8972,Model 3,train
Iraq,IRQ,"Middle East, North Africa, Afghanistan & Pakistan",2005,2006,2276.5544,1893.9779,1893.9777996563844,1884.1578240031256,2058.0782440203516,1909.4767,Model 3,train
Iraq,IRQ,"Middle East, North Africa, Afghanistan & Pakistan",2006,2007,3128.9901,2438.9578,2438.957457610872,2413.6776382482685,2854.3485499016733,2449.5437,Model 3,train
Iraq,IRQ,"Middle East, North Africa, Afghanistan & Pakistan",2007,2008,4542.9661,3303.3571,3303.3566851745695,3294.362598407676,3982.655586681554,3428.1833,Model 3,train
Iraq,IRQ,"Middle East, North Africa, Afghanistan & Pakistan",2008,2009,3714.7121,4584.9621,4584.9614408764755,4636.142799411016,4209.591235007753,4192.098,Model 3,train
Iraq,IRQ,"Middle East, North Africa, Afghanistan & Pakistan",2009,2010,4461.752,3760.8452,3760.844785288558,3816.9044027980767,4217.8924796354995,3871.142,Model 3,train
Iraq,IRQ,"Middle East, North Africa, Afghanistan & Pakistan",2010,2011,5775.5423,4697.4205,4697.4198588491145,4687.695595356887,5222.897883145697,4506.5327,Model 3,train
Iraq,IRQ,"Middle East, North Africa, Afghanistan & Pakistan",2011,2012,6477.5962,6052.3739,6052.3729011196665,6033.210742026224,6238.710153440505,5911.355,Model 3,train
Iraq,IRQ,"Middle East, North Africa, Afghanistan & Pakistan",2012,2013,6650.3528,6770.1219,6770.1207127661955,6750.310905904582,6616.758577029332,6184.2036,Model 3,train
Iraq,IRQ,"Middle East, North Africa, Afghanistan & Pakistan",2013,2014,6249.3923,6933.6482,6933.646984205766,6924.923469829808,6514.132383091775,6227.4785,Model 3,train
Iraq,IRQ,"Middle East, North Africa, Afghanistan & Pakistan",2014,2015,4440.1419,6516.5533,6516.552257461708,6521.123451175164,5167.535164240011,5389.778,Model 3,train
Iraq,IRQ,"Middle East, North Africa, Afghanistan & Pakistan",2015,2016,4334.421,4647.6852,4647.684679753187,4669.0261235212165,4550.499471101896,4105.2056,Model 3,train
Iraq,IRQ,"Middle East, North Africa, Afghanistan & Pakistan",2016,2017,4759.2846,4521.3479,4521.347370681594,4544.627727172738,4601.972907575547,4132.2295,Model 3,train
Iraq,IRQ,"Middle East, North Africa, Afghanistan & Pakistan",2017,2018,5646.6893,4949.6344,4949.633892127969,4988.139374409256,5341.474549794433,4919.7256,Model 3,train
Iceland,ISL,Europe & Central Asia,1991,1992,28072.4041,30103.9966,30103.993738166744,28930.66628651213,27772.873058816345,27793.76,Model 3,train
Iceland,ISL,Europe & Central Asia,1992,1993,24404.0276,30434.4747,30434.47206245772,29298.695745521753,26871.79181057316,27732.361,Model 3,train
Iceland,ISL,Europe & Central Asia,1993,1994,24858.2031,26491.0445,26491.042730130703,25543.472872706076,24997.62508087413,24591.451,Model 3,train
Iceland,ISL,Europe & Central Asia,1994,1995,27564.5691,26923.9516,26923.950042829736,26008.326046422368,26295.38529398872,27487.354,Model 3,train
Iceland,ISL,Europe & Central Asia,1995,1996,28583.5209,29701.7751,29701.772703749994,28675.480122280747,28171.716388016375,29364.854,Model 3,train
Iceland,ISL,Europe & Central Asia,1996,1997,28461.7664,30769.713,30769.710790763016,29742.294837409456,29116.51278823433,29163.94,Model 3,train
Iceland,ISL,Europe & Central Asia,1997,1998,31519.1647,27691.5644,27691.56328421449,27553.382612702477,30097.997785322397,30015.615,Model 3,train
Iceland,ISL,Europe & Central Asia,1998,1999,32834.4216,30546.7437,30546.74298112005,30469.875460402174,32750.437169291417,33915.46,Model 3,train
Iceland,ISL,Europe & Central Asia,1999,2000,32503.579,34962.7795,34962.77880254024,34033.19174334964,33420.4183296569,34685.324,Model 3,train
Iceland,ISL,Europe & Central Asia,2000,2001,29208.1982,34584.909,34584.90861064333,33697.65035110921,31594.017107724216,34452.87,Model 3,train
Iceland,ISL,Europe & Central Asia,2001,2002,32749.379,31111.8199,31111.820636537836,30402.19595507209,32390.386521361455,31434.803,Model 3,train
Iceland,ISL,Europe & Central Asia,2002,2003,39944.2104,34477.0821,34477.085270576106,33963.89240622733,37755.02747523722,37758.617,Model 3,train
Iceland,ISL,Europe & Central Asia,2003,2004,47809.6073,41836.6499,41836.65341455467,41253.80838224928,45756.9010519504,46117.637,Model 3,train
Iceland,ISL,Europe & Central Asia,2004,2005,57783.7746,49897.3833,49897.38621436771,49148.089942789265,53801.45760681524,52555.652,Model 3,train
Iceland,ISL,Europe & Central Asia,2005,2006,58172.1427,60088.5514,60088.55410088819,59173.02159329022,61560.01747836116,62381.152,Model 3,train
Iceland,ISL,Europe & Central Asia,2006,2007,70483.0117,60396.0894,60396.09168853644,59478.21403064209,63877.0669564427,62381.152,Model 3,train
Iceland,ISL,Europe & Central Asia,2007,2008,57489.34,72891.1089,72891.11014008189,71751.82721289122,65178.90173847073,72404.41,Model 3,train
Iceland,ISL,Europe & Central Asia,2008,2009,41483.7844,57134.6,57134.603450295974,57237.72543090211,49349.904496899166,54197.117,Model 3,train
Iceland,ISL,Europe & Central Asia,2009,2010,43776.4677,41364.1116,41364.115967708,41592.94065261354,44356.27926255501,43068.062,Model 3,train
Iceland,ISL,Europe & Central Asia,2010,2011,48254.9539,45473.0535,45473.05702297136,45000.28205840353,46611.89777614159,46343.37,Model 3,train
Iceland,ISL,Europe & Central Asia,2011,2012,46594.9869,50013.6121,50013.61556694098,49511.3812055989,48513.63804102932,49826.266,Model 3,train
Iceland,ISL,Europe & Central Asia,2012,2013,50173.336,48317.7962,48317.80005485941,47871.96519709222,49386.82888113013,50677.902,Model 3,train
Iceland,ISL,Europe & Central Asia,2013,2014,55140.3649,51863.6116,51863.614361951426,51333.44702342771,52412.5222409842,51463.45,Model 3,train
Iceland,ISL,Europe & Central Asia,2014,2015,53505.6964,56889.2442,56889.24722105189,56355.00988253392,55831.72681611051,55626.473,Model 3,train
Iceland,ISL,Europe & Central Asia,2015,2016,62854.0906,55166.0711,55166.07354040786,54639.060562732455,58512.56090618527,56309.773,Model 3,train
Iceland,ISL,Europe & Central Asia,2016,2017,72976.373,64581.5443,64581.54523158842,63873.84636547648,69675.153694633,65131.07,Model 3,train
Iceland,ISL,Europe & Central Asia,2017,2018,75633.8651,74795.0068,74795.00651844821,73934.39273785314,75401.2104305532,82553.62,Model 3,train
Israel,ISR,"Middle East, North Africa, Afghanistan & Pakistan",1991,1992,15509.9914,15292.7461,15292.74528077253,15146.119790713185,15251.609755255067,14398.931,Model 3,train
Israel,ISR,"Middle East, North Africa, Afghanistan & Pakistan",1992,1993,15178.84,16473.3197,16473.318614922184,16326.368119758235,15552.91273163708,15367.643,Model 3,train
Israel,ISR,"Middle East, North Africa, Afghanistan & Pakistan",1993,1994,16806.8353,16127.7979,16127.796959015965,15997.36017427638,16220.065284755115,15077.995,Model 3,train
Israel,ISR,"Middle East, North Africa, Afghanistan & Pakistan",1994,1995,19025.6841,17831.8656,17831.864189439773,17670.209703015207,18870.256234517587,18327.035,Model 3,train
Israel,ISR,"Middle East, North Africa, Afghanistan & Pakistan",1995,1996,20224.2789,20126.1697,20126.167748617667,19935.99073900062,19766.43132748088,18958.11,Model 3,train
Israel,ISR,"Middle East, North Africa, Afghanistan & Pakistan",1996,1997,20469.4699,21373.7213,21373.719210642023,21178.52818274932,20368.72720149589,19551.232,Model 3,train
Israel,ISR,"Middle East, North Africa, Afghanistan & Pakistan",1997,1998,20188.8141,19589.8779,19589.8758683475,19926.209097713796,20562.226975561854,19544.129,Model 3,train
Israel,ISR,"Middle East, North Africa, Afghanistan & Pakistan",1998,1999,19823.2139,19267.6329,19267.63126473548,19652.4306743708,20400.79330190351,19506.236,Model 3,train
Israel,ISR,"Middle East, North Africa, Afghanistan & Pakistan",1999,2000,21706.5194,20825.5662,20825.564894654428,20751.50321259183,21069.19793858831,19613.645,Model 3,train
Israel,ISR,"Middle East, North Africa, Afghanistan & Pakistan",2000,2001,20966.3053,22697.8803,22697.87908570381,22675.88364925696,21267.544207468516,21170.104,Model 3,train
Israel,ISR,"Middle East, North Africa, Afghanistan & Pakistan",2001,2002,19076.4584,21952.1581,21952.15680128775,21926.718796101577,20292.54871287826,21416.096,Model 3,train
Israel,ISR,"Middle East, North Africa, Afghanistan & Pakistan",2002,2003,19643.469,19999.9852,19999.98411317734,19981.586362207578,20153.82119969928,20055.746,Model 3,train
Israel,ISR,"Middle East, North Africa, Afghanistan & Pakistan",2003,2004,20568.0694,20544.4807,20544.47967675675,20557.043255150467,20771.79097510406,20964.55,Model 3,train
Israel,ISR,"Middle East, North Africa, Afghanistan & Pakistan",2004,2005,21286.8389,21471.2663,21471.26538740792,21511.1280388542,21082.62004129886,21465.846,Model 3,train
Israel,ISR,"Middle East, North Africa, Afghanistan & Pakistan",2005,2006,22527.262,22190.2728,22190.271653441087,22231.106268654145,22025.55790600612,23383.074,Model 3,train
Israel,ISR,"Middle East, North Africa, Afghanistan & Pakistan",2006,2007,25721.2594,23443.8589,23443.857701821064,23501.30914870848,25048.13305256757,24647.59,Model 3,train
Israel,ISR,"Middle East, North Africa, Afghanistan & Pakistan",2007,2008,30269.2178,26533.0536,26533.053246568736,26732.65450512622,28745.970291818092,28195.34,Model 3,train
Israel,ISR,"Middle East, North Africa, Afghanistan & Pakistan",2008,2009,28508.4939,29743.0508,29743.051508753764,30533.240703450894,29642.461306640635,28202.332,Model 3,train
Israel,ISR,"Middle East, North Africa, Afghanistan & Pakistan",2009,2010,31439.0887,27990.9903,27990.991556900088,28805.222906939573,30613.792444740877,29007.496,Model 3,train
Israel,ISR,"Middle East, North Africa, Afghanistan & Pakistan",2010,2011,34522.5216,32137.5454,32137.545979142495,32539.877347600835,32840.242754647865,32685.184,Model 3,train
Israel,ISR,"Middle East, North Africa, Afghanistan & Pakistan",2011,2012,33321.4301,35211.7622,35211.76233492536,35636.37295368158,35125.93890363801,35583.223,Model 3,train
Israel,ISR,"Middle East, North Africa, Afghanistan & Pakistan",2012,2013,37034.3161,33955.6934,33955.69373817638,34404.903383324105,36382.28684723613,35873.832,Model 3,train
Israel,ISR,"Middle East, North Africa, Afghanistan & Pakistan",2013,2014,38343.3047,37674.1715,37674.17122632475,38151.01133856082,38333.563442242834,38862.21,Model 3,train
Israel,ISR,"Middle East, North Africa, Afghanistan & Pakistan",2014,2015,36213.1041,38901.5732,38901.57314174747,39450.67940609495,37433.95092858408,36075.77,Model 3,train
Israel,ISR,"Middle East, North Africa, Afghanistan & Pakistan",2015,2016,37671.5389,36713.9508,36713.95102140506,37274.19087907066,38042.51345886844,36564.605,Model 3,train
Israel,ISR,"Middle East, North Africa, Afghanistan & Pakistan",2016,2017,41138.471,38135.459,38135.459179275225,38744.89426006684,39832.87091102406,38422.094,Model 3,train
Israel,ISR,"Middle East, North Africa, Afghanistan & Pakistan",2017,2018,42362.6653,41550.0747,41550.074505537086,42211.70827671015,42808.33908943902,43860.414,Model 3,train
Italy,ITA,Europe & Central Asia,1991,1992,23297.046,23601.292,23601.289344539888,23023.858613981218,21962.67950825046,20363.05,Model 3,train
Italy,ITA,Europe & Central Asia,1992,1993,18781.9529,24956.0342,24956.031255756687,24346.90457359384,20799.478874102693,20335.436,Model 3,train
Italy,ITA,Europe & Central Asia,1993,1994,19382.2002,20176.735,20176.73317395136,19723.904427756905,19742.162661341717,19230.98,Model 3,train
Italy,ITA,Europe & Central Asia,1994,1995,20712.1799,20796.8619,20796.859900313935,20335.10748489713,20826.399488864703,20483.361,Model 3,train
Italy,ITA,Europe & Central Asia,1995,1996,23122.9337,22192.5507,22192.548309026915,21695.200042119857,22073.328218806615,20612.242,Model 3,train
Italy,ITA,Europe & Central Asia,1996,1997,21883.9873,24716.8534,24716.850448481597,24162.510564465352,22225.955692663483,20828.877,Model 3,train
Italy,ITA,Europe & Central Asia,1997,1998,22365.1838,21229.6962,21229.69374943534,21308.88399166393,22126.072096676795,22046.473,Model 3,train
Italy,ITA,Europe & Central Asia,1998,1999,22049.9991,21663.1923,21663.189896903747,21759.432227150133,22320.16957078883,22433.37,Model 3,train
Italy,ITA,Europe & Central Asia,1999,2000,20190.0036,23466.1486,23466.146854078863,23065.16517177759,21227.174931448197,21867.959,Model 3,train
Italy,ITA,Europe & Central Asia,2000,2001,20570.4386,21463.3097,21463.308824598527,21163.75164087272,21195.561874611925,21100.383,Model 3,train
Italy,ITA,Europe & Central Asia,2001,2002,22451.3964,21834.8769,21834.876198269667,21555.387214908555,22269.891093293212,22775.672,Model 3,train
Italy,ITA,Europe & Central Asia,2002,2003,27577.57,23779.5629,23779.561825472676,23469.60575094132,25680.254493417306,25056.035,Model 3,train
Italy,ITA,Europe & Central Asia,2003,2004,31348.1902,29078.7797,29078.77745832344,28660.447649553946,30756.471835905944,30318.932,Model 3,train
Italy,ITA,Europe & Central Asia,2004,2005,32062.7238,32959.6966,32959.69412626135,32519.319564743957,32670.140896866145,33056.625,Model 3,train
Italy,ITA,Europe & Central Asia,2005,2006,33537.1287,33657.7663,33657.76362025986,33221.80549791842,33474.999110688856,34204.88,Model 3,train
Italy,ITA,Europe & Central Asia,2006,2007,37826.1755,35153.3435,35153.34088718523,34728.68452633328,36522.569155945646,35983.1,Model 3,train
Italy,ITA,Europe & Central Asia,2007,2008,40828.5796,39523.8111,39523.80766440454,39050.664805871274,39648.768671063845,39358.348,Model 3,train
Italy,ITA,Europe & Central Asia,2008,2009,37099.6134,40729.9918,40729.98914034247,40954.36433891105,39225.73227248223,37723.273,Model 3,train
Italy,ITA,Europe & Central Asia,2009,2010,35856.8625,36979.4091,36979.40756495546,37281.99345391905,37366.82259689568,36781.9,Model 3,train
Italy,ITA,Europe & Central Asia,2010,2011,38432.3743,37292.9741,37292.97237498446,37036.9094501077,37372.45306385388,35725.25,Model 3,train
Italy,ITA,Europe & Central Asia,2011,2012,34854.3949,39907.8165,39907.81414347153,39621.7250117076,36582.7225057566,35914.09,Model 3,train
Italy,ITA,Europe & Central Asia,2012,2013,35701.6746,36199.4949,36199.49329087912,35992.58253395249,35240.77095845393,34753.004,Model 3,train
Italy,ITA,Europe & Central Asia,2013,2014,36028.3494,37012.6026,37012.601217179414,36858.99268800614,35121.78206373087,34376.566,Model 3,train
Italy,ITA,Europe & Central Asia,2014,2015,30639.883,37360.1585,37360.1567961724,37196.063543931275,33691.09314063363,32959.76,Model 3,train
Italy,ITA,Europe & Central Asia,2015,2016,31391.5693,31790.5283,31790.52725180835,31690.58704313453,31426.905684200177,28296.625,Model 3,train
Italy,ITA,Europe & Central Asia,2016,2017,32844.1157,32534.5973,32534.59655067472,32477.781925937725,32134.33527814385,30028.785,Model 3,train
Italy,ITA,Europe & Central Asia,2017,2018,34904.1082,33972.6798,33972.678654509546,33901.68337286205,34432.99638687729,31527.363,Model 3,train
Jamaica,JAM,Latin America & Caribbean ,1994,1995,2630.8494,2414.9052,2414.9054142459054,2394.7950225158393,2442.1904051210913,2439.3447,Model 3,train
Jamaica,JAM,Latin America & Caribbean ,1995,1996,2928.8969,2866.0808,2866.080977556747,2845.910613022338,2914.1626438476733,2908.8096,Model 3,train
Jamaica,JAM,Latin America & Caribbean ,1996,1997,3296.9163,3185.3594,3185.359479655703,3157.471191859461,3242.1365268576715,3087.7478,Model 3,train
Jamaica,JAM,Latin America & Caribbean ,1997,1998,3419.4935,3236.3462,3236.346297922277,3296.013377896343,3423.7420490040295,3222.0593,Model 3,train
Jamaica,JAM,Latin America & Caribbean ,1998,1999,3431.5681,3350.3646,3350.3646327274105,3413.1415094517556,3450.867252511947,3369.1396,Model 3,train
Jamaica,JAM,Latin America & Caribbean ,1999,2000,3453.0925,3699.3848,3699.384851251538,3677.7474675050153,3482.949854937305,3394.3984,Model 3,train
Jamaica,JAM,Latin America & Caribbean ,2000,2001,3503.5503,3720.6444,3720.6444751094814,3698.5792828285394,3571.164491593101,3691.165,Model 3,train
Jamaica,JAM,Latin America & Caribbean ,2001,2002,3680.6455,3769.9077,3769.907716348732,3748.961935315945,3676.108786826424,3791.466,Model 3,train
Jamaica,JAM,Latin America & Caribbean ,2002,2003,3549.7076,3953.1845,3953.184519878077,3933.0942893418423,3781.2280396746105,4084.746,Model 3,train
Jamaica,JAM,Latin America & Caribbean ,2003,2004,3807.5629,3812.6865,3812.686485600199,3794.644814801104,3902.428373006802,3980.2378,Model 3,train
Jamaica,JAM,Latin America & Caribbean ,2004,2005,4184.4397,4081.8078,4081.8077871696,4060.785980633798,4157.311987177268,4169.4316,Model 3,train
Jamaica,JAM,Latin America & Caribbean ,2005,2006,4417.0013,4473.1992,4473.199101996311,4449.807002146147,4392.545170471192,4516.0107,Model 3,train
Jamaica,JAM,Latin America & Caribbean ,2006,2007,4716.4861,4703.8232,4703.8231213047075,4687.2883737175025,4713.649447400566,4639.9155,Model 3,train
Jamaica,JAM,Latin America & Caribbean ,2007,2008,5029.801,5007.8659,5007.865811543776,4994.489851738667,5114.558350347725,5404.5034,Model 3,train
Jamaica,JAM,Latin America & Caribbean ,2008,2009,4428.3815,5112.0917,5112.0916739411405,5177.075598239802,4892.294510101299,4858.682,Model 3,train
Jamaica,JAM,Latin America & Caribbean ,2009,2010,4809.9774,4497.2149,4497.215019330737,4570.27137330873,4720.809511149996,4529.6406,Model 3,train
Jamaica,JAM,Latin America & Caribbean ,2010,2011,5232.6364,5090.9547,5090.954683872508,5087.428827048991,5171.148022065142,5307.2544,Model 3,train
Jamaica,JAM,Latin America & Caribbean ,2011,2012,5340.8333,5508.2725,5508.2725784079885,5523.460722882518,5348.738168828518,5460.3203,Model 3,train
Jamaica,JAM,Latin America & Caribbean ,2012,2013,5124.213,5622.268,5622.267967537502,5633.280596551121,5316.580029407771,5621.274,Model 3,train
Jamaica,JAM,Latin America & Caribbean ,2013,2014,4975.1133,5390.4684,5390.468467362397,5406.627864145452,5193.385157044924,5223.653,Model 3,train
Jamaica,JAM,Latin America & Caribbean ,2014,2015,5339.3072,5226.5195,5226.519524818779,5248.456626123364,5267.308132215062,4937.6294,Model 3,train
Jamaica,JAM,Latin America & Caribbean ,2015,2016,5302.2955,5590.8886,5590.888617253232,5618.226703157192,5422.311073681844,5275.0054,Model 3,train
Jamaica,JAM,Latin America & Caribbean ,2016,2017,5605.4354,5543.2523,5543.252348565687,5574.52077748096,5542.509748409055,5452.8633,Model 3,train
Jamaica,JAM,Latin America & Caribbean ,2017,2018,5976.9036,5834.7217,5834.721836758877,5879.74167217326,5872.032618802676,5716.607,Model 3,train
Jordan,JOR,"Middle East, North Africa, Afghanistan & Pakistan",1995,1996,1410.1742,1545.4991,1545.499316033901,1551.1113001567617,1442.654149426608,1674.8439,Model 3,train
Jordan,JOR,"Middle East, North Africa, Afghanistan & Pakistan",1996,1997,1435.8759,1540.0145,1540.0147324683076,1544.791747764402,1444.6148417240004,1495.0574,Model 3,train
Jordan,JOR,"Middle East, North Africa, Afghanistan & Pakistan",1997,1998,1532.1138,1421.1627,1421.162865373814,1463.031402305878,1499.494651653537,1611.8073,Model 3,train
Jordan,JOR,"Middle East, North Africa, Afghanistan & Pakistan",1998,1999,1544.5875,1513.7836,1513.7838115894788,1558.4339091685006,1544.5847709628515,1732.7354,Model 3,train
Jordan,JOR,"Middle East, North Africa, Afghanistan & Pakistan",1999,2000,1570.61,1679.0524,1679.0526074811949,1687.5089875157105,1581.5853015069115,1694.5978,Model 3,train
Jordan,JOR,"Middle East, North Africa, Afghanistan & Pakistan",2000,2001,1632.2945,1706.0229,1706.0230588820884,1714.8558555266343,1630.962147832319,1744.7307,Model 3,train
Jordan,JOR,"Middle East, North Africa, Afghanistan & Pakistan",2001,2002,1706.2674,1770.1056,1770.105836507553,1780.3024045556458,1714.616290332463,1810.875,Model 3,train
Jordan,JOR,"Middle East, North Africa, Afghanistan & Pakistan",2002,2003,1775.6763,1847.3079,1847.3081476038633,1858.764072857047,1846.860339013794,1987.7166,Model 3,train
Jordan,JOR,"Middle East, North Africa, Afghanistan & Pakistan",2003,2004,1940.0864,1919.1776,1919.1777787428136,1932.2975205718549,1946.836968315737,2057.3887,Model 3,train
Jordan,JOR,"Middle East, North Africa, Afghanistan & Pakistan",2004,2005,2087.8708,2091.5435,2091.5436741314957,2106.5183292513775,2157.026133897683,2261.3489,Model 3,train
Jordan,JOR,"Middle East, North Africa, Afghanistan & Pakistan",2005,2006,2342.6346,2246.2627,2246.262911282146,2262.6488568343716,2347.492066916582,2443.8235,Model 3,train
Jordan,JOR,"Middle East, North Africa, Afghanistan & Pakistan",2006,2007,2506.206,2515.2196,2515.2198357865677,2531.8234174398335,2574.874194677923,2746.9062,Model 3,train
Jordan,JOR,"Middle East, North Africa, Afghanistan & Pakistan",2007,2008,3241.6524,2681.2684,2681.26867134689,2703.74984496303,3030.115277660422,3103.8442,Model 3,train
Jordan,JOR,"Middle East, North Africa, Afghanistan & Pakistan",2008,2009,3435.8338,3307.4633,3307.4635142297047,3384.847924266652,3429.6100235587273,3341.053,Model 3,train
Jordan,JOR,"Middle East, North Africa, Afghanistan & Pakistan",2009,2010,3718.4657,3488.6057,3488.6060113421768,3581.6370866889656,3688.235991900063,3802.873,Model 3,train
Jordan,JOR,"Middle East, North Africa, Afghanistan & Pakistan",2010,2011,3946.855,3938.7867,3938.78688451335,3971.42118119751,4033.259053203256,4216.1987,Model 3,train
Jordan,JOR,"Middle East, North Africa, Afghanistan & Pakistan",2011,2012,4169.5047,4164.3121,4164.312360006812,4208.087727352599,4139.342747645267,4079.5488,Model 3,train
Jordan,JOR,"Middle East, North Africa, Afghanistan & Pakistan",2012,2013,4311.2192,4391.1748,4391.17505982535,4438.541245525964,4296.249197760731,4381.8833,Model 3,train
Jordan,JOR,"Middle East, North Africa, Afghanistan & Pakistan",2013,2014,4191.1805,4529.6268,4529.627060189719,4584.829531800437,4240.010419947777,4374.226,Model 3,train
Jordan,JOR,"Middle East, North Africa, Afghanistan & Pakistan",2014,2015,4042.7568,4396.1571,4396.157432457805,4460.180590791701,4176.6182796579,4132.695,Model 3,train
Jordan,JOR,"Middle East, North Africa, Afghanistan & Pakistan",2015,2016,3986.7168,4228.2621,4228.262524288543,4307.1010775092855,3999.118469138344,4127.1255,Model 3,train
Jordan,JOR,"Middle East, North Africa, Afghanistan & Pakistan",2016,2017,4065.6163,4166.1136,4166.1140523001195,4250.41291628029,4024.532779820045,4283.3945,Model 3,train
Jordan,JOR,"Middle East, North Africa, Afghanistan & Pakistan",2017,2018,4145.4399,4237.6872,4237.687812854198,4334.61205690294,4132.9918021279045,4382.0337,Model 3,train
Japan,JPN,East Asia & Pacific,1991,1992,31992.7902,31141.4087,31141.40444898913,30719.858129261993,31883.98551569303,30375.34,Model 3,train
Japan,JPN,East Asia & Pacific,1992,1993,36345.2441,33779.0377,33779.03251438002,33314.85202464863,34496.677004637386,33102.59,Model 3,train
Japan,JPN,East Asia & Pacific,1993,1994,39933.5151,38272.1737,38272.16723327225,37731.476915470266,38897.38870820305,37808.887,Model 3,train
Japan,JPN,East Asia & Pacific,1994,1995,44197.6191,41968.5405,41968.53298168329,41376.216772122054,42333.620949715914,40925.504,Model 3,train
Japan,JPN,East Asia & Pacific,1995,1996,39150.0396,46315.0897,46315.08061407621,45643.50562206341,41505.20079603012,41515.594,Model 3,train
Japan,JPN,East Asia & Pacific,1996,1997,35638.232,41078.6384,41078.63148353943,40574.63915302481,37217.61629404401,36671.43,Model 3,train
Japan,JPN,East Asia & Pacific,1997,1998,32423.7556,33939.5917,33939.58654716563,34440.04488532928,34542.27241707982,35166.855,Model 3,train
Japan,JPN,East Asia & Pacific,1998,1999,36610.1683,30859.35,30859.345933307795,31385.08251788188,34860.96900340492,32382.89,Model 3,train
Japan,JPN,East Asia & Pacific,1999,2000,39169.3596,38187.1485,38187.14383688587,37944.25371760893,37693.40391364141,35264.754,Model 3,train
Japan,JPN,East Asia & Pacific,2000,2001,34406.1825,40712.042,40712.037836832904,40561.71901786555,36407.64906120509,40388.42,Model 3,train
Japan,JPN,East Asia & Pacific,2001,2002,32820.7936,35735.0374,35735.0352748536,35736.2965808654,34522.33863147109,35013.92,Model 3,train
Japan,JPN,East Asia & Pacific,2002,2003,35387.0374,34019.6474,34019.64625476417,34123.569179756734,35187.61247765268,34642.152,Model 3,train
Japan,JPN,East Asia & Pacific,2003,2004,38298.9802,36599.1393,36599.137827499,36710.349093763274,37160.95293319569,38347.855,Model 3,train
Japan,JPN,East Asia & Pacific,2004,2005,37812.895,39392.8851,39392.88467505867,39657.13755858575,37534.113800472005,39667.836,Model 3,train
Japan,JPN,East Asia & Pacific,2005,2006,35991.546,38819.5547,38819.55454470614,39132.872965217946,37074.161913606535,40417.01,Model 3,train
Japan,JPN,East Asia & Pacific,2006,2007,35779.0245,36956.0865,36956.08674223267,37294.317123896755,36809.56146449147,39781.83,Model 3,train
Japan,JPN,East Asia & Pacific,2007,2008,39876.304,36665.501,36665.501719157175,37069.3274411002,38456.96732210361,40605.703,Model 3,train
Japan,JPN,East Asia & Pacific,2008,2009,41308.9968,39028.6452,39028.64636915408,40115.67491595298,41795.597384746405,40484.06,Model 3,train
Japan,JPN,East Asia & Pacific,2009,2010,44968.1562,40342.3679,40342.36931172237,41527.15219022789,43816.54669568122,43537.934,Model 3,train
Japan,JPN,East Asia & Pacific,2010,2011,48760.0789,45773.9967,45773.99637674106,46291.45514839466,47127.42477491663,46923.383,Model 3,train
Japan,JPN,East Asia & Pacific,2011,2012,49145.2804,49516.8458,49516.84457435581,50042.982961813635,47045.53401703553,47961.98,Model 3,train
Japan,JPN,East Asia & Pacific,2012,2013,40898.6479,49896.2758,49896.27465648523,50450.87279001519,44228.72696407981,48095.27,Model 3,train
Japan,JPN,East Asia & Pacific,2013,2014,38475.3952,41528.3997,41528.40067553205,42153.27150859386,40148.82563752149,43488.055,Model 3,train
Japan,JPN,East Asia & Pacific,2014,2015,34960.6394,39100.1323,39100.13338315328,39706.060009875786,37277.355045678974,38717.016,Model 3,train
Japan,JPN,East Asia & Pacific,2015,2016,39375.4732,35536.4626,35536.46420905385,36149.1812508525,38340.89785725982,38613.547,Model 3,train
Japan,JPN,East Asia & Pacific,2016,2017,38834.0529,39901.6675,39901.66886340221,40594.72948182035,39194.278005534805,42798.977,Model 3,train
Japan,JPN,East Asia & Pacific,2017,2018,39751.1331,39362.9045,39362.90547017945,40032.490958416274,39460.23081661291,40527.594,Model 3,train
Kazakhstan,KAZ,Europe & Central Asia,1994,1995,1217.7914,1418.1708,1418.1706946762265,1350.9495874070838,1264.2667549571945,1260.3893,Model 3,train
Kazakhstan,KAZ,Europe & Central Asia,1995,1996,1281.3915,1383.3503,1383.350170325621,1318.1974876247384,1319.265514045278,1234.7134,Model 3,train
Kazakhstan,KAZ,Europe & Central Asia,1996,1997,1381.6359,1420.0846,1420.0845836642843,1383.7492703419043,1335.1564950601655,1188.365,Model 3,train
Kazakhstan,KAZ,Europe & Central Asia,1997,1998,1414.5929,1381.9493,1381.9492401953275,1384.8851121131786,1378.2633620686358,1293.0613,Model 3,train
Kazakhstan,KAZ,Europe & Central Asia,1998,1999,1091.5473,1411.0631,1411.0630756701255,1416.322036233975,1270.3723520424194,1381.2576,Model 3,train
Kazakhstan,KAZ,Europe & Central Asia,1999,2000,1180.0445,1204.0448,1204.04487725787,1180.85762970314,1210.8710673909334,1117.0765,Model 3,train
Kazakhstan,KAZ,Europe & Central Asia,2000,2001,1422.2733,1300.7202,1300.7202553180643,1274.2343247548351,1332.2520818905373,1247.8723,Model 3,train
Kazakhstan,KAZ,Europe & Central Asia,2001,2002,1573.5522,1561.75,1561.7500175890982,1529.3604840703067,1529.4165528044673,1546.4283,Model 3,train
Kazakhstan,KAZ,Europe & Central Asia,2002,2003,1958.0205,1723.8397,1723.839659538542,1688.2653320070249,1841.144731730515,1797.5582,Model 3,train
Kazakhstan,KAZ,Europe & Central Asia,2003,2004,2722.4741,2137.1424,2137.142319096407,2090.4363593706216,2430.2294592950248,2202.5625,Model 3,train
Kazakhstan,KAZ,Europe & Central Asia,2004,2005,3577.358,2954.8696,2954.8693315445485,2884.902804074246,3340.9936363126985,2941.153,Model 3,train
Kazakhstan,KAZ,Europe & Central Asia,2005,2006,5030.1349,3865.0306,3865.0301115537777,3767.551765360171,4575.857139953814,3985.2324,Model 3,train
Kazakhstan,KAZ,Europe & Central Asia,2006,2007,6449.4393,5404.8488,5404.84788002697,5257.60672855053,6154.660223922109,5578.9014,Model 3,train
Kazakhstan,KAZ,Europe & Central Asia,2007,2008,8123.5471,6903.226,6903.224629911999,6705.535325203063,7553.206584950465,6772.2075,Model 3,train
Kazakhstan,KAZ,Europe & Central Asia,2008,2009,6938.0118,8287.2046,8287.203063976163,8187.220750389742,7785.154535712575,6950.6406,Model 3,train
Kazakhstan,KAZ,Europe & Central Asia,2009,2010,8793.0759,7070.2742,7070.273287727606,7023.317698083149,8206.517505762728,6763.4297,Model 3,train
Kazakhstan,KAZ,Europe & Central Asia,2010,2011,11287.1465,9292.1821,9292.18078816366,9101.09400550669,10475.808134396051,9426.512,Model 3,train
Kazakhstan,KAZ,Europe & Central Asia,2011,2012,12018.7967,11822.4638,11822.462486270591,11630.450590472276,11961.287645013945,11204.32,Model 3,train
Kazakhstan,KAZ,Europe & Central Asia,2012,2013,13478.4596,12532.545,12532.544082109302,12380.77278075162,12803.426221397807,11567.229,Model 3,train
Kazakhstan,KAZ,Europe & Central Asia,2013,2014,12427.7095,14028.9396,14028.93849481662,13862.62118740955,12645.664478929632,12459.204,Model 3,train
Kazakhstan,KAZ,Europe & Central Asia,2014,2015,10196.1226,12946.0069,12946.006206721764,12816.12185947674,10596.948231176935,10516.264,Model 3,train
Kazakhstan,KAZ,Europe & Central Asia,2015,2016,7475.5669,10640.1747,10640.17450971609,10568.78420426773,8903.868821752287,9062.656,Model 3,train
Kazakhstan,KAZ,Europe & Central Asia,2016,2017,8943.0842,7840.6699,7840.670154516128,7806.980198969908,8140.670432046092,7837.0264,Model 3,train
Kazakhstan,KAZ,Europe & Central Asia,2017,2018,9472.4853,9335.9351,9335.93526619081,9304.626054403952,9384.335286782913,8840.25,Model 3,train
Kenya,KEN,Sub-Saharan Africa ,1995,1996,440.5271,366.7306,366.73066807023343,372.4993266560206,388.2349109363118,351.81912,Model 3,train
Kenya,KEN,Sub-Saharan Africa ,1996,1997,466.7238,473.1898,473.189847338259,479.12262995785346,451.23841110292904,428.61877,Model 3,train
Kenya,KEN,Sub-Saharan Africa ,1997,1998,487.8832,454.4167,454.4167387276344,471.3985930036599,470.6712418431517,438.3296,Model 3,train
Kenya,KEN,Sub-Saharan Africa ,1998,1999,433.7212,474.006,474.0060552217091,492.04650136505745,464.40551609841975,467.66147,Model 3,train
Kenya,KEN,Sub-Saharan Africa ,1999,2000,414.6264,464.8443,464.8443044003983,471.2462382651008,421.50514189527536,422.5509,Model 3,train
Kenya,KEN,Sub-Saharan Africa ,2000,2001,410.7005,444.7711,444.7711038861667,450.87127109620474,415.2528075972399,419.33276,Model 3,train
Kenya,KEN,Sub-Saharan Africa ,2001,2002,402.9364,440.1675,440.16754800351254,446.8041278548718,415.6944972809698,423.02286,Model 3,train
Kenya,KEN,Sub-Saharan Africa ,2002,2003,442.8985,431.4364,431.43642856400186,438.50029781933944,438.85738366714446,455.91324,Model 3,train
Kenya,KEN,Sub-Saharan Africa ,2003,2004,463.6628,473.9076,473.9076850118902,481.2752803809702,471.27747440947144,507.2976,Model 3,train
Kenya,KEN,Sub-Saharan Africa ,2004,2005,523.4563,495.8873,495.8873016726625,503.611758212361,518.5144300650061,527.7315,Model 3,train
Kenya,KEN,Sub-Saharan Africa ,2005,2006,699.8024,558.6021,558.6021393051495,567.3143600393527,648.5259992756605,597.5674,Model 3,train
Kenya,KEN,Sub-Saharan Africa ,2006,2007,840.2014,743.7231,743.723110756957,753.8707686757575,807.2023083198682,778.47675,Model 3,train
Kenya,KEN,Sub-Saharan Africa ,2007,2008,915.5444,889.1557,889.1557580591041,901.4664192853414,896.782516930079,875.67944,Model 3,train
Kenya,KEN,Sub-Saharan Africa ,2008,2009,1047.9678,928.6182,928.6181868353788,955.2505851641656,1014.8081396845884,952.0248,Model 3,train
Kenya,KEN,Sub-Saharan Africa ,2009,2010,1091.5187,1057.2347,1057.2347731151267,1090.6050468411524,1110.477033110095,1098.4937,Model 3,train
Kenya,KEN,Sub-Saharan Africa ,2010,2011,1096.145,1147.8057,1147.8056999254773,1165.6809437760026,1193.347308329698,1147.4191,Model 3,train
Kenya,KEN,Sub-Saharan Africa ,2011,2012,1285.0054,1153.6922,1153.6921671022274,1170.6637265860784,1241.2079194737587,1145.4642,Model 3,train
Kenya,KEN,Sub-Saharan Africa ,2012,2013,1370.8789,1346.7693,1346.7692568635043,1367.288046362224,1343.4445579755647,1252.6261,Model 3,train
Kenya,KEN,Sub-Saharan Africa ,2013,2014,1482.8157,1432.633,1432.6329518108505,1456.1694446795875,1458.4073306646264,1405.5483,Model 3,train
Kenya,KEN,Sub-Saharan Africa ,2014,2015,1489.1196,1545.7766,1545.7765966771658,1572.124558403645,1506.2977733377638,1471.1776,Model 3,train
Kenya,KEN,Sub-Saharan Africa ,2015,2016,1554.1261,1551.5402,1551.5401734086352,1578.595788711486,1534.2085427141187,1464.886,Model 3,train
Kenya,KEN,Sub-Saharan Africa ,2016,2017,1667.4845,1617.3961,1617.396049538671,1645.7062054872229,1675.9536149329847,1600.8427,Model 3,train
Kenya,KEN,Sub-Saharan Africa ,2017,2018,1836.4528,1732.2583,1732.2582445720902,1762.5283411630714,1750.009316900064,1684.8148,Model 3,train
Kyrgyz Republic,KGZ,Europe & Central Asia,1998,1999,258.0481,355.5429,355.5430183720767,359.60601940064004,314.29740017009397,363.75778,Model 3,train
Kyrgyz Republic,KGZ,Europe & Central Asia,1999,2000,279.6217,295.9003,295.9003297118022,291.6115326663546,284.6109740632514,309.32562,Model 3,train
Kyrgyz Republic,KGZ,Europe & Central Asia,2000,2001,308.4113,318.8927,318.8928068783848,315.1437278250401,319.90720611364634,353.53058,Model 3,train
Kyrgyz Republic,KGZ,Europe & Central Asia,2001,2002,321.7268,350.0948,350.09488515456115,346.7037611837404,347.5879584538181,403.5598,Model 3,train
Kyrgyz Republic,KGZ,Europe & Central Asia,2002,2003,380.5058,364.1548,364.15485086521994,360.6595844116762,377.36650589999334,422.80347,Model 3,train
Kyrgyz Republic,KGZ,Europe & Central Asia,2003,2004,433.2339,429.2287,429.2287938922086,424.74831949642095,442.23536342742614,473.8386,Model 3,train
Kyrgyz Republic,KGZ,Europe & Central Asia,2004,2005,476.5482,487.21,487.21004237876497,481.76623905446087,485.421135325028,537.29724,Model 3,train
Kyrgyz Republic,KGZ,Europe & Central Asia,2005,2006,543.1135,533.7669,533.7669908125822,528.2185614749966,566.5254079764869,624.7769,Model 3,train
Kyrgyz Republic,KGZ,Europe & Central Asia,2006,2007,721.7716,606.2348,606.234937645426,599.4915784310354,678.9151233768425,675.79266,Model 3,train
Kyrgyz Republic,KGZ,Europe & Central Asia,2007,2008,966.3886,801.8808,801.8808855694423,791.4110844560539,873.8934543849025,874.44727,Model 3,train
Kyrgyz Republic,KGZ,Europe & Central Asia,2008,2009,870.1989,1025.0945,1025.0946100631734,1025.68202379636,937.6278809542252,1004.3861,Model 3,train
Kyrgyz Republic,KGZ,Europe & Central Asia,2009,2010,876.9545,921.8366,921.8367134230818,926.4677860542656,913.289296165651,998.9897,Model 3,train
Kyrgyz Republic,KGZ,Europe & Central Asia,2010,2011,1117.4017,969.8358,969.8359347409378,958.345104917844,1052.6958467643774,1009.3168,Model 3,train
Kyrgyz Republic,KGZ,Europe & Central Asia,2011,2012,1168.6224,1231.9335,1231.9336216881263,1214.4310308447195,1189.4815705853468,1245.4309,Model 3,train
Kyrgyz Republic,KGZ,Europe & Central Asia,2012,2013,1269.663,1283.3065,1283.306569385865,1269.0686996220695,1262.8468961357937,1329.14,Model 3,train
Kyrgyz Republic,KGZ,Europe & Central Asia,2013,2014,1264.5267,1391.3432,1391.3433340725387,1375.896360532724,1274.4384391441238,1399.6501,Model 3,train
Kyrgyz Republic,KGZ,Europe & Central Asia,2014,2015,1105.6519,1383.1889,1383.1890193114737,1370.1398390378054,1212.1653261156732,1381.8003,Model 3,train
Kyrgyz Republic,KGZ,Europe & Central Asia,2015,2016,1103.2749,1210.5474,1210.5474957728393,1201.484165488082,1158.6526566614789,1282.0616,Model 3,train
Kyrgyz Republic,KGZ,Europe & Central Asia,2016,2017,1221.3905,1202.6933,1202.6934505553534,1198.9414070862808,1197.9975988765275,1321.9055,Model 3,train
Kyrgyz Republic,KGZ,Europe & Central Asia,2017,2018,1283.5203,1325.3924,1325.392658711791,1324.0869305404449,1298.5456891863914,1470.8557,Model 3,train
Cambodia,KHM,East Asia & Pacific,1997,1998,258.781,299.9929,299.99292707582885,304.81470290344487,285.70699331319497,301.4048,Model 3,train
Cambodia,KHM,East Asia & Pacific,1998,1999,286.7536,261.7345,261.73449435279747,266.0651040321758,281.27983018918684,270.78018,Model 3,train
Cambodia,KHM,East Asia & Pacific,1999,2000,296.4267,318.4918,318.4918243369115,316.3552391108448,301.5589435933641,310.80502,Model 3,train
Cambodia,KHM,East Asia & Pacific,2000,2001,327.501,328.9175,328.9175339972878,327.18576799953513,315.6543385889312,325.36432,Model 3,train
Cambodia,KHM,East Asia & Pacific,2001,2002,350.1473,363.006,363.00604913558755,361.1841001312018,359.0863863208159,366.59433,Model 3,train
Cambodia,KHM,East Asia & Pacific,2002,2003,386.6911,387.9014,387.9014812728828,386.1015355274772,387.4038048329295,397.35776,Model 3,train
Cambodia,KHM,East Asia & Pacific,2003,2004,444.1991,427.956,427.956050302445,426.0327845305417,445.3512376175859,473.5506,Model 3,train
Cambodia,KHM,East Asia & Pacific,2004,2005,525.7973,490.9922,490.9922792612179,488.496789473254,517.6328686999802,532.1316,Model 3,train
Cambodia,KHM,East Asia & Pacific,2005,2006,612.2526,580.0536,580.0536333929642,576.7171535005749,601.3559572798819,605.8356,Model 3,train
Cambodia,KHM,East Asia & Pacific,2006,2007,731.6923,673.8357,673.8357227917971,669.912358827242,713.8465527368927,674.2303,Model 3,train
Cambodia,KHM,East Asia & Pacific,2007,2008,866.284,803.478,803.4780702564666,797.9960029290485,852.1549265907549,876.4034,Model 3,train
Cambodia,KHM,East Asia & Pacific,2008,2009,875.7489,910.7422,910.742201907206,917.1430782031362,909.0593354345566,885.6616,Model 3,train
Cambodia,KHM,East Asia & Pacific,2009,2010,952.2746,916.6678,916.6678868696428,927.5218067946116,959.2486669140884,935.31354,Model 3,train
Cambodia,KHM,East Asia & Pacific,2010,2011,1088.9815,1040.3956,1040.395588471747,1034.2769064985434,1049.283902165718,1006.45,Model 3,train
Cambodia,KHM,East Asia & Pacific,2011,2012,1192.8026,1186.8956,1186.8956544254513,1179.8155365887806,1279.9640022471033,1150.9882,Model 3,train
Cambodia,KHM,East Asia & Pacific,2012,2013,1305.6601,1296.8213,1296.821288684138,1290.183242603092,1293.1089449672452,1327.8649,Model 3,train
Cambodia,KHM,East Asia & Pacific,2013,2014,1431.564,1416.7264,1416.7263570432542,1409.607379231683,1429.395480283894,1485.8516,Model 3,train
Cambodia,KHM,East Asia & Pacific,2014,2015,1547.3201,1547.2515,1547.251549459989,1542.5071193827534,1535.0394822857154,1563.3043,Model 3,train
Cambodia,KHM,East Asia & Pacific,2015,2016,1675.1956,1672.6773,1672.6772313912152,1664.2151016523364,1695.6322191402678,1657.7833,Model 3,train
Cambodia,KHM,East Asia & Pacific,2016,2017,1826.3539,1794.7955,1794.7955482248292,1798.2510099652643,1834.262276465507,1971.5428,Model 3,train
Cambodia,KHM,East Asia & Pacific,2017,2018,2036.6738,1953.0228,1953.0228447341697,1956.2692557427235,1982.445620419134,2014.4574,Model 3,train
"Korea, Rep.",KOR,East Asia & Pacific,1991,1992,8387.1631,8462.7963,8462.79568745647,8339.981998659585,8239.541504863793,7301.7495,Model 3,train
"Korea, Rep.",KOR,East Asia & Pacific,1992,1993,9179.9687,9000.4959,9000.495135314595,8875.098787740653,9445.17959726413,8634.635,Model 3,train
"Korea, Rep.",KOR,East Asia & Pacific,1993,1994,10733.9889,9833.0161,9833.015196159424,9698.26219847032,10387.479661289635,9326.593,Model 3,train
"Korea, Rep.",KOR,East Asia & Pacific,1994,1995,13001.7206,11470.0444,11470.043120091432,11302.296206519895,11909.55898657582,10953.909,Model 3,train
"Korea, Rep.",KOR,East Asia & Pacific,1995,1996,13864.9377,13841.2155,13841.213686071207,13630.814417894471,13199.997656330695,12381.253,Model 3,train
"Korea, Rep.",KOR,East Asia & Pacific,1996,1997,12821.6893,14740.7222,14740.720185083175,14519.220825078355,13152.466863486585,12311.631,Model 3,train
"Korea, Rep.",KOR,East Asia & Pacific,1997,1998,8583.4356,12377.4778,12377.476250132837,12521.956908251315,10841.934395314003,11560.193,Model 3,train
"Korea, Rep.",KOR,East Asia & Pacific,1998,1999,11062.5019,8328.3162,8328.315630796522,8460.859315490754,10383.780407983118,9146.618,Model 3,train
"Korea, Rep.",KOR,East Asia & Pacific,1999,2000,12710.2996,11706.4229,11706.422519722855,11652.25735428295,12110.529830947034,11397.381,Model 3,train
"Korea, Rep.",KOR,East Asia & Pacific,2000,2001,11981.4828,13345.783,13345.78316047176,13351.529028703571,12201.92998648238,13920.8955,Model 3,train
"Korea, Rep.",KOR,East Asia & Pacific,2001,2002,13642.9425,12552.6135,12552.614158945456,12608.054872327524,13108.37747245796,13474.76,Model 3,train
"Korea, Rep.",KOR,East Asia & Pacific,2002,2003,15211.5484,14246.9671,14246.967733520729,14315.78931557903,14796.736774231957,16108.807,Model 3,train
"Korea, Rep.",KOR,East Asia & Pacific,2003,2004,17121.6302,15828.784,15828.784789786288,15927.431156488388,16515.790436441974,17764.104,Model 3,train
"Korea, Rep.",KOR,East Asia & Pacific,2004,2005,20167.0475,17743.7046,17743.7056357071,17885.126318777362,19801.79011006232,20812.396,Model 3,train
"Korea, Rep.",KOR,East Asia & Pacific,2005,2006,22609.7059,20836.3347,20836.335551639044,20997.431092883297,22477.674977124272,23563.324,Model 3,train
"Korea, Rep.",KOR,East Asia & Pacific,2006,2007,25078.4854,23283.8618,23283.862775249156,23489.72004149892,24593.61593694968,25912.168,Model 3,train
"Korea, Rep.",KOR,East Asia & Pacific,2007,2008,22252.3125,25777.4129,25777.41371944488,26001.751636849174,24529.022543796764,28919.383,Model 3,train
"Korea, Rep.",KOR,East Asia & Pacific,2008,2009,19937.3029,21929.0389,21929.040595416045,22533.20139724787,21172.38936503402,23278.232,Model 3,train
"Korea, Rep.",KOR,East Asia & Pacific,2009,2010,24071.2621,19668.2655,19668.26733325762,20245.425811540135,22771.947232278693,23938.98,Model 3,train
"Korea, Rep.",KOR,East Asia & Pacific,2010,2011,26175.2399,24702.544,24702.5452191196,24984.69806126644,25620.390719302555,27191.145,Model 3,train
"Korea, Rep.",KOR,East Asia & Pacific,2011,2012,26600.5477,26828.096,26828.097051223293,27125.57096281214,26719.00884044184,29032.35,Model 3,train
"Korea, Rep.",KOR,East Asia & Pacific,2012,2013,28449.3591,27236.44,27236.44098085056,27552.975120756782,27648.190256902843,29644.91,Model 3,train
"Korea, Rep.",KOR,East Asia & Pacific,2013,2014,30667.0912,29083.1976,29083.19847958107,29432.438795074657,30558.995779244313,30976.477,Model 3,train
"Korea, Rep.",KOR,East Asia & Pacific,2014,2015,30171.7907,31283.3299,31283.33088253895,31682.903474062412,30964.424126420185,31335.521,Model 3,train
"Korea, Rep.",KOR,East Asia & Pacific,2015,2016,30832.0628,30750.1939,30750.19507528237,31182.360540681933,31113.06817968769,32079.264,Model 3,train
"Korea, Rep.",KOR,East Asia & Pacific,2016,2017,33296.9845,31374.5169,31374.51827625982,31845.34341697048,32428.819788263292,33760.21,Model 3,train
"Korea, Rep.",KOR,East Asia & Pacific,2017,2018,35363.9508,33816.6879,33816.68918251903,34334.85000191499,36321.329863135536,36748.977,Model 3,train
Kuwait,KWT,"Middle East, North Africa, Afghanistan & Pakistan",1993,1994,14929.7441,15251.1327,15251.131747116233,15073.8737109501,15246.610736460614,15831.741,Model 3,train
Kuwait,KWT,"Middle East, North Africa, Afghanistan & Pakistan",1994,1995,16168.1656,15887.1715,15887.17023266792,15692.346752602638,16136.582341809746,16863.605,Model 3,train
Kuwait,KWT,"Middle East, North Africa, Afghanistan & Pakistan",1995,1996,18201.0959,17170.1264,17170.124763637577,16950.303373485654,17884.0272062806,18378.65,Model 3,train
Kuwait,KWT,"Middle East, North Africa, Afghanistan & Pakistan",1996,1997,16977.3896,19276.0583,19276.056133249793,19015.7642336468,17834.61546732441,18518.15,Model 3,train
Kuwait,KWT,"Middle East, North Africa, Afghanistan & Pakistan",1997,1998,14066.951,16311.1937,16311.19194232854,16522.089222829098,15866.96601539079,18089.057,Model 3,train
Kuwait,KWT,"Middle East, North Africa, Afghanistan & Pakistan",1998,1999,15853.6264,13541.2467,13541.245509014296,13740.5805028863,15339.363519419216,14876.232,Model 3,train
Kuwait,KWT,"Middle East, North Africa, Afghanistan & Pakistan",1999,2000,19296.3472,16770.9959,16770.994226886873,16587.489022346,17945.43416231032,14922.968,Model 3,train
Kuwait,KWT,"Middle East, North Africa, Afghanistan & Pakistan",2000,2001,17374.2319,20321.9085,20321.905993467994,20093.256817692454,19295.61066804938,18611.1,Model 3,train
Kuwait,KWT,"Middle East, North Africa, Afghanistan & Pakistan",2001,2002,18512.7523,18306.7326,18306.73059168323,18128.89077778205,18310.22543420567,17452.773,Model 3,train
Kuwait,KWT,"Middle East, North Africa, Afghanistan & Pakistan",2002,2003,22690.6552,19463.9532,19463.951026075145,19282.549893165153,21390.26155724268,19986.17,Model 3,train
Kuwait,KWT,"Middle East, North Africa, Afghanistan & Pakistan",2003,2004,27552.2827,23681.5383,23681.5357550428,23515.949187168728,25458.665886242943,23270.22,Model 3,train
Kuwait,KWT,"Middle East, North Africa, Afghanistan & Pakistan",2004,2005,36122.6143,28644.1656,28644.161774862903,28415.742236331673,31956.919212728637,28099.857,Model 3,train
Kuwait,KWT,"Middle East, North Africa, Afghanistan & Pakistan",2005,2006,42946.6374,37354.9635,37354.95737503711,37008.77161482443,41111.30438864358,38102.37,Model 3,train
Kuwait,KWT,"Middle East, North Africa, Afghanistan & Pakistan",2006,2007,45709.4133,44214.8983,44214.89031829026,43807.7627295186,46825.11172127336,43646.73,Model 3,train
Kuwait,KWT,"Middle East, North Africa, Afghanistan & Pakistan",2007,2008,55585.1889,46917.1676,46917.15939361694,46541.806224887056,52069.668711212384,45494.492,Model 3,train
Kuwait,KWT,"Middle East, North Africa, Afghanistan & Pakistan",2008,2009,37907.1001,54352.6004,54352.59175955409,54858.80894557898,46690.75227399275,44675.094,Model 3,train
Kuwait,KWT,"Middle East, North Africa, Afghanistan & Pakistan",2009,2010,39212.2522,37141.6286,37141.62539672496,37731.53339216645,40363.07705351094,36631.06,Model 3,train
Kuwait,KWT,"Middle East, North Africa, Afghanistan & Pakistan",2010,2011,49169.6064,39966.3387,39966.33530887733,40047.16167484475,46011.46980751613,39244.97,Model 3,train
Kuwait,KWT,"Middle East, North Africa, Afghanistan & Pakistan",2011,2012,52155.2226,49852.3215,49852.31647062591,49962.54560616112,50599.58822181842,47204.125,Model 3,train
Kuwait,KWT,"Middle East, North Africa, Afghanistan & Pakistan",2012,2013,49651.0439,52721.3266,52721.3216210445,52929.87287231177,51102.22948142828,52562.723,Model 3,train
Kuwait,KWT,"Middle East, North Africa, Afghanistan & Pakistan",2013,2014,44368.7813,50130.9647,50130.96098017664,50448.869205666226,47037.91017816576,46998.44,Model 3,train
Kuwait,KWT,"Middle East, North Africa, Afghanistan & Pakistan",2014,2015,29882.2126,44817.6635,44817.66124755771,45199.50005838372,38477.10596309066,39532.18,Model 3,train
Kuwait,KWT,"Middle East, North Africa, Afghanistan & Pakistan",2015,2016,27323.6891,30337.5006,30337.50072454835,30714.018990693676,29299.749506374603,31234.05,Model 3,train
Kuwait,KWT,"Middle East, North Africa, Afghanistan & Pakistan",2016,2017,29047.6536,27738.7864,27738.787013398956,28140.759166127587,28172.69347315157,30253.627,Model 3,train
Kuwait,KWT,"Middle East, North Africa, Afghanistan & Pakistan",2017,2018,32067.9624,29335.4926,29335.49409424712,29870.54861779501,31245.69716167452,31204.277,Model 3,train
Lao PDR,LAO,East Asia & Pacific,1998,1999,272.3253,250.4784,250.4784295175754,250.9573591688516,268.2440583790208,269.7675,Model 3,train
Lao PDR,LAO,East Asia & Pacific,1999,2000,318.7499,309.2308,309.2307832396496,300.3054711883185,300.76354590399586,304.5667,Model 3,train
Lao PDR,LAO,East Asia & Pacific,2000,2001,320.316,354.9455,354.94547513557677,350.36104566120105,329.04939344898173,354.36905,Model 3,train
Lao PDR,LAO,East Asia & Pacific,2001,2002,313.3508,355.6227,355.62275526147897,352.24319501050286,326.01387347819804,362.54666,Model 3,train
Lao PDR,LAO,East Asia & Pacific,2002,2003,355.0972,348.1015,348.10152582295365,344.83522585488123,347.1861197968918,381.85745,Model 3,train
Lao PDR,LAO,East Asia & Pacific,2003,2004,409.2963,393.9022,393.9021998758768,389.70228296451904,385.74488493961593,397.66693,Model 3,train
Lao PDR,LAO,East Asia & Pacific,2004,2005,466.0615,452.5466,452.5466298363121,447.8696952931447,462.6149983287376,468.43747,Model 3,train
Lao PDR,LAO,East Asia & Pacific,2005,2006,579.3919,513.9231,513.9231640486184,508.8206565567052,545.0532076036764,536.6146,Model 3,train
Lao PDR,LAO,East Asia & Pacific,2006,2007,697.323,636.4269,636.4269460993659,629.5534134603662,674.577997629292,669.33374,Model 3,train
Lao PDR,LAO,East Asia & Pacific,2007,2008,885.7474,763.4294,763.4294226058265,755.0393447297753,825.6865022288056,808.272,Model 3,train
Lao PDR,LAO,East Asia & Pacific,2008,2009,935.0324,924.8259,924.8258889787384,929.4346566189024,964.3568127270356,937.63336,Model 3,train
Lao PDR,LAO,East Asia & Pacific,2009,2010,1125.9161,973.7846,973.7845912261732,980.940212801774,1057.5441521051266,1054.4161,Model 3,train
Lao PDR,LAO,East Asia & Pacific,2010,2011,1361.547,1222.1722,1222.1721354445324,1208.781506804657,1271.501751539996,1221.3187,Model 3,train
Lao PDR,LAO,East Asia & Pacific,2011,2012,1563.5651,1473.4245,1473.4244512402531,1457.0879774109733,1499.0034603990316,1495.6691,Model 3,train
Lao PDR,LAO,East Asia & Pacific,2012,2013,1812.5177,1686.5701,1686.5700159972307,1669.1901414040794,1764.0874105770897,1709.9315,Model 3,train
Lao PDR,LAO,East Asia & Pacific,2013,2014,1981.0391,1950.2129,1950.212781629907,1929.7193130010912,1953.5178077100304,1821.0696,Model 3,train
Lao PDR,LAO,East Asia & Pacific,2014,2015,2121.0134,2126.6984,2126.6982135857666,2106.358653942783,2095.766158175568,1968.5275,Model 3,train
Lao PDR,LAO,East Asia & Pacific,2015,2016,2303.2216,2270.0466,2270.0464286197675,2251.862962071243,2227.588333723647,2122.3784,Model 3,train
Lao PDR,LAO,East Asia & Pacific,2016,2017,2432.4306,2458.344,2458.343803436851,2440.8638965270316,2426.0929905524954,2370.044,Model 3,train
Lao PDR,LAO,East Asia & Pacific,2017,2018,2545.1075,2589.8865,2589.8863380896105,2574.7515885309576,2539.241162068991,2465.3855,Model 3,train
Lebanon,LBN,"Middle East, North Africa, Afghanistan & Pakistan",2009,2010,7625.8105,7156.4799,7156.480256114447,7327.700423729616,7597.74823208099,8028.1953,Model 3,train
Lebanon,LBN,"Middle East, North Africa, Afghanistan & Pakistan",2010,2011,7834.9626,7998.5094,7998.509920858283,8078.217173712434,8068.941592487751,8840.503,Model 3,train
Lebanon,LBN,"Middle East, North Africa, Afghanistan & Pakistan",2011,2012,8406.9841,8191.858,8191.858666632023,8293.491076414128,8238.039466335676,8847.166,Model 3,train
Lebanon,LBN,"Middle East, North Africa, Afghanistan & Pakistan",2012,2013,8162.3793,8753.5438,8753.544572747356,8882.270045841373,8521.588857663635,9478.101,Model 3,train
Lebanon,LBN,"Middle East, North Africa, Afghanistan & Pakistan",2013,2014,7577.6413,8470.2107,8470.21173737506,8625.667680930157,7786.284923033601,9094.283,Model 3,train
Lebanon,LBN,"Middle East, North Africa, Afghanistan & Pakistan",2014,2015,7714.11,7856.415,7856.416083729277,8017.810963171771,7875.240418011242,8426.638,Model 3,train
Lebanon,LBN,"Middle East, North Africa, Afghanistan & Pakistan",2015,2016,8089.0121,7981.8585,7981.859570693537,8155.752380282527,8070.728540183449,8624.487,Model 3,train
Lebanon,LBN,"Middle East, North Africa, Afghanistan & Pakistan",2016,2017,8608.2108,8355.7059,8355.706977020736,8537.875302271961,8293.858158284364,9164.597,Model 3,train
Lebanon,LBN,"Middle East, North Africa, Afghanistan & Pakistan",2017,2018,9174.5367,8878.152,8878.153061221663,9064.896643987038,9161.911043337186,10114.261,Model 3,train
Liberia,LBR,Sub-Saharan Africa ,2002,2003,239.7796,323.8127,323.8127140868574,326.2621698557845,275.9892504008857,312.0801,Model 3,train
Liberia,LBR,Sub-Saharan Africa ,2003,2004,284.1402,259.4404,259.44039977550136,261.7422191397173,273.5581221703553,250.64339,Model 3,train
Liberia,LBR,Sub-Saharan Africa ,2004,2005,287.4873,307.3772,307.3772388385078,310.7134960561605,288.72273110976624,307.80823,Model 3,train
Liberia,LBR,Sub-Saharan Africa ,2005,2006,320.5581,311.1213,311.12137229194434,314.6355116768615,325.51560979397954,335.59613,Model 3,train
Liberia,LBR,Sub-Saharan Africa ,2006,2007,374.2113,346.1493,346.1493001583446,350.28662845795867,370.3112900145608,375.00272,Model 3,train
Liberia,LBR,Sub-Saharan Africa ,2007,2008,451.7139,403.3742,403.37422679574223,407.7917945655151,421.3776830760432,382.9475,Model 3,train
Liberia,LBR,Sub-Saharan Africa ,2008,2009,448.3864,465.204,465.2040891062582,477.56659812571047,471.16313501117565,451.86212,Model 3,train
Liberia,LBR,Sub-Saharan Africa ,2009,2010,492.2528,460.7489,460.7489817532746,474.2546347263276,488.3168422948376,513.2765,Model 3,train
Liberia,LBR,Sub-Saharan Africa ,2010,2011,568.0879,527.2624,527.2624183742586,533.4474153545307,552.5031071268493,547.0875,Model 3,train
Liberia,LBR,Sub-Saharan Africa ,2011,2012,638.3688,606.8258,606.825816475667,613.4027594855218,633.8331552498743,602.711,Model 3,train
Liberia,LBR,Sub-Saharan Africa ,2012,2013,710.7446,680.1658,680.1658737942121,687.4642073093012,689.5989970104673,653.3817,Model 3,train
Liberia,LBR,Sub-Saharan Africa ,2013,2014,706.7145,755.6005,755.600565302859,763.3871394214223,712.6488539533844,730.1506,Model 3,train
Liberia,LBR,Sub-Saharan Africa ,2014,2015,692.5901,749.9068,749.9068320525206,757.3762901960048,706.4912465634773,711.8154,Model 3,train
Liberia,LBR,Sub-Saharan Africa ,2015,2016,714.6131,733.3589,733.3589548591669,742.1475683128043,712.6905714609165,711.52563,Model 3,train
Liberia,LBR,Sub-Saharan Africa ,2016,2017,699.2691,755.7442,755.7442275043503,766.7373027977908,715.2079662451015,736.0014,Model 3,train
Liberia,LBR,Sub-Saharan Africa ,2017,2018,692.2031,739.8208,739.8208878995741,750.621141218884,710.4676729326426,737.2322,Model 3,train
Libya,LBY,"Middle East, North Africa, Afghanistan & Pakistan",1999,2000,7214.1004,7310.3208,7310.3202297340495,7264.3698699953375,6963.171023768468,6247.8467,Model 3,train
Libya,LBY,"Middle East, North Africa, Afghanistan & Pakistan",2000,2001,6312.8003,7630.3672,7630.366527454853,7587.3319402413645,6906.142510768555,6497.5566,Model 3,train
Libya,LBY,"Middle East, North Africa, Afghanistan & Pakistan",2001,2002,3718.2943,6686.9314,6686.930854215053,6656.636003048799,5027.4343681420505,5733.833,Model 3,train
Libya,LBY,"Middle East, North Africa, Afghanistan & Pakistan",2002,2003,4674.0994,3967.4267,3967.426637504012,3966.508471418405,4399.214249479072,3955.3203,Model 3,train
Libya,LBY,"Middle East, North Africa, Afghanistan & Pakistan",2003,2004,5773.7633,4966.7357,4966.735485633736,4959.359347753611,5512.532785918569,5002.9507,Model 3,train
Libya,LBY,"Middle East, North Africa, Afghanistan & Pakistan",2004,2005,8079.2496,6110.7209,6110.720466743013,6095.744588187293,6906.822997605085,6226.3735,Model 3,train
Libya,LBY,"Middle East, North Africa, Afghanistan & Pakistan",2005,2006,10048.848,8507.8648,8507.863870339086,8463.885106708114,9767.415760462884,8208.99,Model 3,train
Libya,LBY,"Middle East, North Africa, Afghanistan & Pakistan",2006,2007,11144.9448,10536.6918,10536.690345686866,10472.92750177964,11222.663394951283,10072.609,Model 3,train
Libya,LBY,"Middle East, North Africa, Afghanistan & Pakistan",2007,2008,13906.1408,11668.5843,11668.582388948904,11584.379437203172,12626.693897433346,11058.198,Model 3,train
Libya,LBY,"Middle East, North Africa, Afghanistan & Pakistan",2008,2009,9551.054,13874.5201,13874.51798117453,14001.347219121077,11036.630365605615,10736.849,Model 3,train
Libya,LBY,"Middle East, North Africa, Afghanistan & Pakistan",2009,2010,11600.9069,9562.7265,9562.725481744095,9694.806196580772,10291.991843476846,9220.273,Model 3,train
Libya,LBY,"Middle East, North Africa, Afghanistan & Pakistan",2010,2011,7593.8392,12077.126,12077.124240729248,12034.092011140288,9367.503673154626,10599.704,Model 3,train
Libya,LBY,"Middle East, North Africa, Afghanistan & Pakistan",2011,2012,14975.8903,7948.356,7948.354902415441,7909.519952434123,10245.691082606874,7486.727,Model 3,train
Libya,LBY,"Middle East, North Africa, Afghanistan & Pakistan",2012,2013,11951.7134,15511.9771,15511.97422511254,15425.05364229806,12077.135053718022,11901.326,Model 3,train
Libya,LBY,"Middle East, North Africa, Afghanistan & Pakistan",2013,2014,8926.4207,12404.684,12404.682031807628,12368.901634458802,9932.630844239564,10054.403,Model 3,train
Libya,LBY,"Middle East, North Africa, Afghanistan & Pakistan",2014,2015,7458.4892,9285.1816,9285.180281608871,9272.175767682253,8154.65948503984,7856.2954,Model 3,train
Libya,LBY,"Middle East, North Africa, Afghanistan & Pakistan",2015,2016,7525.803,7771.7635,7771.762694528056,7779.513175379774,7974.300069106813,7175.601,Model 3,train
Libya,LBY,"Middle East, North Africa, Afghanistan & Pakistan",2016,2017,9965.8324,7834.527,7834.526322298276,7845.561196975063,9164.304219320033,7566.798,Model 3,train
Libya,LBY,"Middle East, North Africa, Afghanistan & Pakistan",2017,2018,11196.5855,10296.42,10296.41923474952,10337.26046908459,10566.65673135974,9300.541,Model 3,train
St. Lucia,LCA,Latin America & Caribbean ,1995,1996,5244.0167,5563.1975,5563.197533342248,5481.199883152774,5302.64666155812,5320.7397,Model 3,train
St. Lucia,LCA,Latin America & Caribbean ,1996,1997,5282.3701,5654.3042,5654.304216618217,5574.981947687003,5340.797512003854,5444.726,Model 3,train
St. Lucia,LCA,Latin America & Caribbean ,1997,1998,5672.5137,5159.7292,5159.729213714458,5220.057895244723,5515.665394660476,5517.8555,Model 3,train
St. Lucia,LCA,Latin America & Caribbean ,1998,1999,5882.834,5531.4347,5531.434533432525,5591.700511536928,5770.224683424165,5650.2217,Model 3,train
St. Lucia,LCA,Latin America & Caribbean ,1999,2000,5879.5619,6314.5042,6314.504021002994,6221.89353033603,5902.358370166505,5810.281,Model 3,train
St. Lucia,LCA,Latin America & Caribbean ,2000,2001,5570.4525,6303.2353,6303.235091021247,6215.563529972518,5809.201398673857,6000.3013,Model 3,train
St. Lucia,LCA,Latin America & Caribbean ,2001,2002,5567.8943,5971.4876,5971.487608144935,5899.550514986095,5660.446573654375,5649.0146,Model 3,train
St. Lucia,LCA,Latin America & Caribbean ,2002,2003,6058.6062,5948.6917,5948.691779220516,5897.322413006037,5984.352586039373,5866.6953,Model 3,train
St. Lucia,LCA,Latin America & Caribbean ,2003,2004,6494.6003,6451.405,6451.405138936343,6407.23892412335,6539.164350329089,6359.328,Model 3,train
St. Lucia,LCA,Latin America & Caribbean ,2004,2005,6863.4364,6906.4347,6906.434800208896,6856.928279778061,6919.071641025858,7478.442,Model 3,train
St. Lucia,LCA,Latin America & Caribbean ,2005,2006,7611.1786,7293.1555,7293.155495580302,7233.937185223094,7529.208340934159,7594.233,Model 3,train
St. Lucia,LCA,Latin America & Caribbean ,2006,2007,7964.3821,8065.7917,8065.791695851875,8002.34396644219,8299.715443075342,8767.675,Model 3,train
St. Lucia,LCA,Latin America & Caribbean ,2007,2008,8516.9608,8423.7255,8423.725480253237,8360.780447953444,8517.670601851947,8944.746,Model 3,train
St. Lucia,LCA,Latin America & Caribbean ,2008,2009,8250.5218,8610.6832,8610.683230144336,8689.984722404715,8479.850192402564,8717.882,Model 3,train
St. Lucia,LCA,Latin America & Caribbean ,2009,2010,8673.6872,8325.6674,8325.667577232036,8418.29883857117,8674.558862318068,9149.235,Model 3,train
St. Lucia,LCA,Latin America & Caribbean ,2010,2011,9128.9944,9125.3663,9125.36610942739,9068.038858657648,9201.922340190964,9638.714,Model 3,train
St. Lucia,LCA,Latin America & Caribbean ,2011,2012,9260.3001,9584.7097,9584.709514413518,9530.702250249818,9301.078735915487,9748.269,Model 3,train
St. Lucia,LCA,Latin America & Caribbean ,2012,2013,9577.2173,9681.0921,9681.092089861231,9656.152075097183,9639.308426331512,9740.045,Model 3,train
St. Lucia,LCA,Latin America & Caribbean ,2013,2014,10044.8218,9978.3564,9978.356428496852,9968.710143573948,9957.127233026386,9533.063,Model 3,train
St. Lucia,LCA,Latin America & Caribbean ,2014,2015,10334.9861,10443.3753,10443.375361513436,10437.021072925158,10203.984558007924,9685.229,Model 3,train
St. Lucia,LCA,Latin America & Caribbean ,2015,2016,10638.1269,10716.5953,10716.595403892596,10730.43037390627,10552.861836809783,9568.823,Model 3,train
St. Lucia,LCA,Latin America & Caribbean ,2016,2017,11333.1124,11008.0445,11008.044528170423,11021.62781461592,11071.730742205717,10804.509,Model 3,train
St. Lucia,LCA,Latin America & Caribbean ,2017,2018,11642.6985,11710.9047,11710.904483912896,11716.381311358502,11505.7561959029,11202.173,Model 3,train
Sri Lanka,LKA,South Asia,1994,1995,741.8383,754.8811,754.8812187110832,754.9476782236483,751.8402343585111,779.9473,Model 3,train
Sri Lanka,LKA,South Asia,1995,1996,776.1924,823.3721,823.3722087124054,822.6653627786604,800.3981011977422,832.4363,Model 3,train
Sri Lanka,LKA,South Asia,1996,1997,827.0358,861.6635,861.6636088099195,859.4900133351891,833.0668480940401,814.4769,Model 3,train
Sri Lanka,LKA,South Asia,1997,1998,847.5336,831.1743,831.1743148919045,850.6915406812739,829.7090485674134,837.773,Model 3,train
Sri Lanka,LKA,South Asia,1998,1999,829.3564,851.1588,851.1589011022743,871.0928237346268,818.2491750079727,842.04596,Model 3,train
Sri Lanka,LKA,South Asia,1999,2000,860.1999,916.9058,916.9058826088744,916.3243968499634,847.2010604339476,902.6028,Model 3,train
Sri Lanka,LKA,South Asia,2000,2001,803.544,950.9766,950.9767025957004,950.529973297236,850.7579110241028,916.1778,Model 3,train
Sri Lanka,LKA,South Asia,2001,2002,834.936,890.4886,890.4887225278962,889.9021360745306,859.4603221600803,893.82697,Model 3,train
Sri Lanka,LKA,South Asia,2002,2003,946.3823,923.6892,923.6892509966,924.1864912392006,920.9227558742916,938.2841,Model 3,train
Sri Lanka,LKA,South Asia,2003,2004,1028.6207,1043.7879,1043.7879641479612,1044.279070516006,1045.3126743526022,1092.9663,Model 3,train
Sri Lanka,LKA,South Asia,2004,2005,1207.2199,1126.179,1126.178984830544,1121.406006077315,1150.4523714920865,1077.9843,Model 3,train
Sri Lanka,LKA,South Asia,2005,2006,1388.8974,1326.7026,1326.7026619079645,1324.8424414175447,1381.077498664616,1370.4117,Model 3,train
Sri Lanka,LKA,South Asia,2006,2007,1578.6345,1520.9651,1520.9650721743135,1517.5855046649915,1598.9621079488804,1610.2947,Model 3,train
Sri Lanka,LKA,South Asia,2007,2008,1973.5848,1725.5302,1725.530180931259,1719.368366089812,1892.169383574924,1878.1957,Model 3,train
Sri Lanka,LKA,South Asia,2008,2009,2026.6594,2057.4821,2057.482021591874,2079.4770123723965,2097.6671019366327,2152.627,Model 3,train
Sri Lanka,LKA,South Asia,2009,2010,2808.3624,2096.9061,2096.906021110286,2122.353503741611,2460.2682442831106,2275.5361,Model 3,train
Sri Lanka,LKA,South Asia,2010,2011,3224.9575,3033.9847,3033.9844971128423,3022.822580186782,3185.7403814096065,3355.0413,Model 3,train
Sri Lanka,LKA,South Asia,2011,2012,3327.7761,3474.7857,3474.7854050919204,3460.1783261936266,3433.4254758359893,3500.1582,Model 3,train
Sri Lanka,LKA,South Asia,2012,2013,3739.4318,3582.8123,3582.812007332543,3569.0431117586627,3651.9151323370784,3680.848,Model 3,train
Sri Lanka,LKA,South Asia,2013,2014,3972.0438,4016.0714,4016.071030424661,4000.440704547587,3968.30678854274,4179.9785,Model 3,train
Sri Lanka,LKA,South Asia,2014,2015,4057.7158,4256.7019,4256.701464709592,4242.622460880585,4085.785082677064,4137.1743,Model 3,train
Sri Lanka,LKA,South Asia,2015,2016,4149.1919,4339.439,4339.438645179877,4331.351341882097,4168.739056030409,4211.079,Model 3,train
Sri Lanka,LKA,South Asia,2016,2017,4398.8883,4424.8032,4424.802925144835,4425.2308167875735,4361.149031847973,4389.4243,Model 3,train
Sri Lanka,LKA,South Asia,2017,2018,4358.561,4683.1896,4683.189258173343,4683.290632842326,4459.615968746777,4649.834,Model 3,train
Lesotho,LSO,Sub-Saharan Africa ,1996,1997,501.9814,516.5838,516.5838610351567,520.2017263840987,492.1643105864382,484.31796,Model 3,train
Lesotho,LSO,Sub-Saharan Africa ,2000,2001,412.6775,472.0522,472.0522397578123,473.26488370622303,419.8274987801716,438.64343,Model 3,train
Lesotho,LSO,Sub-Saharan Africa ,2001,2002,388.9233,438.5932,438.59324305042514,439.9517343207869,397.4842432128453,420.68866,Model 3,train
Lesotho,LSO,Sub-Saharan Africa ,2002,2003,583.27,415.291,415.29102903255296,413.834251935928,505.7456074733836,523.11304,Model 3,train
Lesotho,LSO,Sub-Saharan Africa ,2003,2004,766.6858,614.7163,614.7162642348252,613.2049163825397,729.3988353623248,712.355,Model 3,train
Lesotho,LSO,Sub-Saharan Africa ,2004,2005,861.3815,802.7248,802.7247236179072,799.0205893913607,879.1189783215381,926.06116,Model 3,train
Lesotho,LSO,Sub-Saharan Africa ,2005,2006,925.4675,898.8028,898.8026068566878,893.9342099893815,909.1540603599676,995.96466,Model 3,train
Lesotho,LSO,Sub-Saharan Africa ,2006,2007,861.1884,963.72,963.7198273406896,957.3665433754402,926.41257020942,1106.2006,Model 3,train
Lesotho,LSO,Sub-Saharan Africa ,2007,2008,898.4825,897.9072,897.9070495035133,892.6507854802475,900.4319956977204,977.68274,Model 3,train
Lesotho,LSO,Sub-Saharan Africa ,2008,2009,878.848,896.7514,896.7512948102079,906.7368967819828,926.4128609651904,1006.295,Model 3,train
Lesotho,LSO,Sub-Saharan Africa ,2009,2010,1119.4756,875.5976,875.5974376422168,888.2144526425685,1043.440353860674,1006.8326,Model 3,train
Lesotho,LSO,Sub-Saharan Africa ,2010,2011,1280.7339,1161.1745,1161.1743301433082,1157.1650041828163,1226.662307518319,1279.0659,Model 3,train
Lesotho,LSO,Sub-Saharan Africa ,2011,2012,1217.9307,1326.5851,1326.5848925000328,1321.4795761228684,1230.8739658820737,1343.4122,Model 3,train
Lesotho,LSO,Sub-Saharan Africa ,2012,2013,1151.0374,1262.8906,1262.8903893924348,1260.8158646265551,1189.38742054567,1339.5385,Model 3,train
Lesotho,LSO,Sub-Saharan Africa ,2013,2014,1173.5378,1193.7085,1193.7083366985237,1195.6759958386522,1171.7612817885151,1275.0153,Model 3,train
Lesotho,LSO,Sub-Saharan Africa ,2014,2015,1121.1985,1215.3,1215.2998673675147,1220.966446528607,1116.39046926706,1239.3019,Model 3,train
Lesotho,LSO,Sub-Saharan Africa ,2015,2016,992.4918,1161.1668,1161.166699778657,1169.5713108902544,1072.9701496086905,1213.9653,Model 3,train
Lesotho,LSO,Sub-Saharan Africa ,2016,2017,1069.3667,1028.8907,1028.8907144833051,1039.8941802418374,1055.7836214298818,1125.3939,Model 3,train
Lesotho,LSO,Sub-Saharan Africa ,2017,2018,1170.6557,1105.2821,1105.2821322004008,1120.144131707071,1138.9234992375116,1290.3339,Model 3,train
Lithuania,LTU,Europe & Central Asia,1996,1997,2844.1629,2592.5043,2592.5044147365325,2529.4954135803237,2607.545776187995,2404.9548,Model 3,train
Lithuania,LTU,Europe & Central Asia,1997,1998,3180.645,2844.3371,2844.3372405698587,2851.0007673719206,3081.5437816643825,2848.3425,Model 3,train
Lithuania,LTU,Europe & Central Asia,1998,1999,3127.5118,3171.5758,3171.5759043961293,3180.2730959007404,3251.0361294643367,3203.5896,Model 3,train
Lithuania,LTU,Europe & Central Asia,1999,2000,3300.6363,3432.6379,3432.6380537139853,3361.6754351600466,3356.3130073001757,3074.9941,Model 3,train
Lithuania,LTU,Europe & Central Asia,2000,2001,3532.5279,3614.2379,3614.238056242532,3544.5303877284714,3540.912227564034,3456.5474,Model 3,train
Lithuania,LTU,Europe & Central Asia,2001,2002,4148.1309,3858.5595,3858.559641752705,3782.2937990431574,4013.166583710819,3826.7498,Model 3,train
Lithuania,LTU,Europe & Central Asia,2002,2003,5507.4743,4505.1577,4505.157841441249,4423.384333276889,4912.223695590919,4577.566,Model 3,train
Lithuania,LTU,Europe & Central Asia,2003,2004,6734.5749,5937.5259,5937.5260241993665,5835.356982001537,6373.014470614793,6308.817,Model 3,train
Lithuania,LTU,Europe & Central Asia,2004,2005,7857.0315,7225.7875,7225.787499688172,7096.93488119169,7959.359469556937,8035.763,Model 3,train
Lithuania,LTU,Europe & Central Asia,2005,2006,9210.1012,8389.7461,8389.74592097921,8232.985442173673,9012.64933384302,9255.795,Model 3,train
Lithuania,LTU,Europe & Central Asia,2006,2007,12295.1213,9784.937,9784.936725019732,9605.76978769196,11919.573830622696,11112.41,Model 3,train
Lithuania,LTU,Europe & Central Asia,2007,2008,14955.5345,12976.6613,12976.660491945026,12727.1998680092,14299.200048906308,13015.312,Model 3,train
Lithuania,LTU,Europe & Central Asia,2008,2009,11854.3711,15058.6859,15058.685353162313,15029.188446444585,12500.56179038387,12630.244,Model 3,train
Lithuania,LTU,Europe & Central Asia,2009,2010,11829.1226,11945.3422,11945.342534982106,11996.00292725652,12275.395652528616,11494.946,Model 3,train
Lithuania,LTU,Europe & Central Asia,2010,2011,14261.8434,12425.6305,12425.63068580116,12293.812013447812,13291.672206414503,11904.426,Model 3,train
Lithuania,LTU,Europe & Central Asia,2011,2012,14288.1853,14938.8648,14938.864687605888,14759.234521147037,14294.833728010875,13254.674,Model 3,train
Lithuania,LTU,Europe & Central Asia,2012,2013,15636.5253,14948.3716,14948.371579381725,14785.6571758909,15221.645607944998,13790.753,Model 3,train
Lithuania,LTU,Europe & Central Asia,2013,2014,16446.1647,16318.5005,16318.500276956129,16139.115885538073,15619.83894685823,14471.411,Model 3,train
Lithuania,LTU,Europe & Central Asia,2014,2015,14269.804,17133.0807,17133.08054587565,16966.234523816547,16056.91570855037,15788.453,Model 3,train
Lithuania,LTU,Europe & Central Asia,2015,2016,14934.2703,14890.1926,14890.19257628303,14752.356909492177,14484.113104708746,13114.978,Model 3,train
Lithuania,LTU,Europe & Central Asia,2016,2017,16800.151,15563.0783,15563.07825015884,15424.818399882544,16242.940423654232,14152.557,Model 3,train
Lithuania,LTU,Europe & Central Asia,2017,2018,19247.2315,17475.1487,17475.14868933326,17324.668254742108,18715.8468902388,17492.248,Model 3,train
Luxembourg,LUX,Europe & Central Asia,1992,1993,40066.7243,42492.5911,42492.58347564338,40717.183012670575,41271.57106961938,40492.168,Model 3,train
Luxembourg,LUX,Europe & Central Asia,1993,1994,43933.2354,42981.8331,42981.825139512155,41183.357430331256,42532.15480132556,41250.266,Model 3,train
Luxembourg,LUX,Europe & Central Asia,1994,1995,51032.3496,47043.7485,47043.73945696048,45097.91085110412,48098.8126757932,43792.953,Model 3,train
Luxembourg,LUX,Europe & Central Asia,1995,1996,50444.3591,54470.7739,54470.76241934025,52189.65025145311,49461.43840465341,47301.645,Model 3,train
Luxembourg,LUX,Europe & Central Asia,1996,1997,46641.6409,53744.0225,53744.01160870609,51568.51592500356,48062.70616779203,46470.035,Model 3,train
Luxembourg,LUX,Europe & Central Asia,1997,1998,47445.3811,45134.9028,45134.89400052524,44459.48496454419,48031.74437329799,45450.215,Model 3,train
Luxembourg,LUX,Europe & Central Asia,1998,1999,50872.4493,45809.9468,45809.93822759032,45191.57187271907,49195.52576273208,45547.715,Model 3,train
Luxembourg,LUX,Europe & Central Asia,1999,2000,48659.5989,53981.7667,53981.757581835984,52033.256963286985,49206.90154366648,45527.48,Model 3,train
Luxembourg,LUX,Europe & Central Asia,2000,2001,48440.142,51576.5194,51576.511575852106,49797.981280411965,49520.678270275115,44237.605,Model 3,train
Luxembourg,LUX,Europe & Central Asia,2001,2002,53005.7339,51111.2476,51111.24156177144,49540.45199200974,51889.410462995766,48092.562,Model 3,train
Luxembourg,LUX,Europe & Central Asia,2002,2003,65689.3215,55747.0927,55747.085898434205,54080.27000884001,62292.414004676655,54769.758,Model 3,train
Luxembourg,LUX,Europe & Central Asia,2003,2004,76544.9171,68478.9593,68478.95165859596,66618.52038969898,74374.55165769174,68162.32,Model 3,train
Luxembourg,LUX,Europe & Central Asia,2004,2005,80988.1376,79407.8676,79407.86117878313,77541.60092167456,85038.01938441274,82161.3,Model 3,train
Luxembourg,LUX,Europe & Central Asia,2005,2006,90788.8005,83825.8331,83825.8265839491,81938.66512915962,90710.77605177226,85256.15,Model 3,train
Luxembourg,LUX,Europe & Central Asia,2006,2007,107475.3203,93646.4202,93646.41152646574,91528.64277381146,96713.1920521556,90168.83,Model 3,train
Luxembourg,LUX,Europe & Central Asia,2007,2008,120422.1379,110295.3923,110295.38148547076,107889.68384316824,113083.3409517281,101548.1,Model 3,train
Luxembourg,LUX,Europe & Central Asia,2008,2009,109419.747,118078.1128,118078.10502474576,117637.33156673666,112176.52021589444,94888.86,Model 3,train
Luxembourg,LUX,Europe & Central Asia,2009,2010,110885.9914,107172.9235,107172.91900201303,107072.6340655271,112246.70500794196,101930.68,Model 3,train
Luxembourg,LUX,Europe & Central Asia,2010,2011,119025.0572,113276.6433,113276.635749071,111313.6244532354,117431.07282622898,103698.21,Model 3,train
Luxembourg,LUX,Europe & Central Asia,2011,2012,112584.6763,121449.7908,121449.78129598088,119305.68831178403,113900.50193051322,100450.06,Model 3,train
Luxembourg,LUX,Europe & Central Asia,2012,2013,120000.1407,114875.4949,114875.487374503,113015.87245847656,118193.1657099959,101570.48,Model 3,train
Luxembourg,LUX,Europe & Central Asia,2013,2014,123678.7021,122186.755,122186.746916148,120312.3136508108,117014.79398502842,100353.836,Model 3,train
Luxembourg,LUX,Europe & Central Asia,2014,2015,105462.0126,125790.1322,125790.123869338,123948.5697960561,109248.96497791528,96406.49,Model 3,train
Luxembourg,LUX,Europe & Central Asia,2015,2016,106899.2935,107394.06,107394.05507837444,106017.56967780368,106734.37983862033,97526.625,Model 3,train
Luxembourg,LUX,Europe & Central Asia,2016,2017,110193.2138,108750.7679,108750.76327665434,107449.4200194093,108113.67592801974,99712.66,Model 3,train
Luxembourg,LUX,Europe & Central Asia,2017,2018,116926.7596,111953.8326,111953.82521837826,110470.54525254536,113262.60800282436,101498.14,Model 3,train
Latvia,LVA,Europe & Central Asia,1996,1997,2609.8931,2606.6317,2606.6318370325043,2542.77833074558,2603.9484000923685,2497.2886,Model 3,train
Latvia,LVA,Europe & Central Asia,1997,1998,2893.8,2609.6693,2609.669344792721,2612.454973350921,2730.330172831148,2505.7192,Model 3,train
Latvia,LVA,Europe & Central Asia,1998,1999,3063.8979,2882.9831,2882.983086833872,2885.8828256172064,3060.300483080484,3014.2534,Model 3,train
Latvia,LVA,Europe & Central Asia,1999,2000,3278.179,3358.7164,3358.716420607854,3281.872680806588,3184.66216202767,3115.6804,Model 3,train
Latvia,LVA,Europe & Central Asia,2000,2001,3504.6183,3587.8947,3587.8947777198923,3508.0416098315136,3450.5121437182543,3448.8655,Model 3,train
Latvia,LVA,Europe & Central Asia,2001,2002,4003.6094,3830.4247,3830.424759690576,3745.829477145405,3963.587663562704,3863.397,Model 3,train
Latvia,LVA,Europe & Central Asia,2002,2003,4914.5799,4345.8556,4345.8557719602395,4265.3329343668265,4636.1417630573205,4672.148,Model 3,train
Latvia,LVA,Europe & Central Asia,2003,2004,6109.7327,5310.5021,5310.502194791404,5211.640525332022,5928.905125450081,6075.2124,Model 3,train
Latvia,LVA,Europe & Central Asia,2004,2005,7283.7874,6563.0256,6563.025795248365,6453.56590996684,7238.082816396176,7134.775,Model 3,train
Latvia,LVA,Europe & Central Asia,2005,2006,9211.7374,7776.7847,7776.78482535555,7647.072853273273,8813.113229066952,8948.568,Model 3,train
Latvia,LVA,Europe & Central Asia,2006,2007,13370.9789,9768.8031,9768.803122836978,9603.498985838762,12194.90008293963,11573.839,Model 3,train
Latvia,LVA,Europe & Central Asia,2007,2008,15677.6081,14077.3904,14077.389892252882,13818.222585077723,14906.64522009083,15263.254,Model 3,train
Latvia,LVA,Europe & Central Asia,2008,2009,11996.0323,15770.6106,15770.610514826478,15758.661086952285,12540.73895282483,13502.403,Model 3,train
Latvia,LVA,Europe & Central Asia,2009,2010,11188.4192,12066.2794,12066.28004937307,12140.438769623495,11932.125244480148,12612.13,Model 3,train
Latvia,LVA,Europe & Central Asia,2010,2011,12902.5741,11748.145,11748.14556747726,11647.962947057818,12113.400360258516,12368.543,Model 3,train
Latvia,LVA,Europe & Central Asia,2011,2012,13329.35,13524.4312,13524.431558246824,13383.157006884358,13713.112342813494,13043.207,Model 3,train
Latvia,LVA,Europe & Central Asia,2012,2013,14484.4715,13942.8903,13942.890675243782,13812.557511954945,14474.333282837017,13788.425,Model 3,train
Latvia,LVA,Europe & Central Asia,2013,2014,15185.8146,15117.4831,15117.483382035563,14978.105720581116,14883.242041336614,14313.73,Model 3,train
Latvia,LVA,Europe & Central Asia,2014,2015,13321.9753,15831.4281,15831.42831253706,15680.991877163102,14613.767889366372,13305.789,Model 3,train
Latvia,LVA,Europe & Central Asia,2015,2016,13838.5267,13901.6076,13901.608108864632,13798.590130901024,14243.888208916858,13288.923,Model 3,train
Latvia,LVA,Europe & Central Asia,2016,2017,15132.4958,14421.9172,14421.917636253083,14314.92280812935,14898.475560824703,13663.78,Model 3,train
Latvia,LVA,Europe & Central Asia,2017,2018,17252.171,15747.0264,15747.026612345224,15613.170535991218,16474.915638246814,14344.572,Model 3,train
"Macao SAR, China",MAC,East Asia & Pacific,1994,1995,17215.1179,17170.4913,17170.490114778204,16738.25649235993,17115.923111680455,17218.822,Model 3,train
"Macao SAR, China",MAC,East Asia & Pacific,1995,1996,17289.5518,18538.1017,18538.10000388774,18052.61802839441,17720.982495945616,18433.082,Model 3,train
"Macao SAR, China",MAC,East Asia & Pacific,1996,1997,17415.6983,18605.7758,18605.774232954052,18147.610071889805,17711.472363502933,17864.678,Model 3,train
"Macao SAR, China",MAC,East Asia & Pacific,1997,1998,16094.9914,16990.5039,16990.50241228539,17002.5056364838,16875.283208049164,18767.32,Model 3,train
"Macao SAR, China",MAC,East Asia & Pacific,1998,1999,15318.6007,15689.0322,15689.031274758823,15751.096574845002,15916.53700549729,18480.043,Model 3,train
"Macao SAR, China",MAC,East Asia & Pacific,1999,2000,15731.4082,16444.2968,16444.296230153257,16141.305931669069,15421.485143466867,15388.438,Model 3,train
"Macao SAR, China",MAC,East Asia & Pacific,2000,2001,15810.7228,16874.0942,16874.094013081984,16597.812624366576,15602.9180736275,15865.477,Model 3,train
"Macao SAR, China",MAC,East Asia & Pacific,2001,2002,16814.9926,16911.0584,16911.058613563953,16683.12135466938,16644.507935041787,16249.214,Model 3,train
"Macao SAR, China",MAC,East Asia & Pacific,2002,2003,18589.8998,17947.4707,17947.470893567905,17720.109367546964,18803.025378222424,20966.65,Model 3,train
"Macao SAR, China",MAC,East Asia & Pacific,2003,2004,23407.1994,19799.8311,19799.83099777895,19537.37877615996,21347.29897235548,22267.305,Model 3,train
"Macao SAR, China",MAC,East Asia & Pacific,2004,2005,25681.2167,24793.2734,24793.272794758916,24453.60167260277,25410.660391155565,26633.451,Model 3,train
"Macao SAR, China",MAC,East Asia & Pacific,2005,2006,29813.7877,27144.7386,27144.73785386967,26775.55845041712,28427.09154370823,29007.248,Model 3,train
"Macao SAR, China",MAC,East Asia & Pacific,2006,2007,35400.2335,31328.9621,31328.96164715643,30985.031861812604,33456.914982703725,32708.072,Model 3,train
"Macao SAR, China",MAC,East Asia & Pacific,2007,2008,38888.5118,37064.7097,37064.70829710129,36624.242815227495,38523.99984081222,39326.684,Model 3,train
"Macao SAR, China",MAC,East Asia & Pacific,2008,2009,40354.281,38908.3421,38908.34122398085,39096.844886417224,41125.638839867854,36552.785,Model 3,train
"Macao SAR, China",MAC,East Asia & Pacific,2009,2010,52596.225,40222.5491,40222.548649232966,40522.75476618656,47554.98920280994,42288.492,Model 3,train
"Macao SAR, China",MAC,East Asia & Pacific,2010,2011,67046.7284,54499.3526,54499.34866242829,53886.503827603985,62965.34463337611,53331.89,Model 3,train
"Macao SAR, China",MAC,East Asia & Pacific,2011,2012,76058.0225,69109.443,69109.43673427001,68299.75898804417,75069.29364964884,64666.016,Model 3,train
"Macao SAR, China",MAC,East Asia & Pacific,2012,2013,87107.8313,78167.6122,78167.60355970993,77207.96463263035,82791.86868726634,75952.875,Model 3,train
"Macao SAR, China",MAC,East Asia & Pacific,2013,2014,88355.3182,89166.4794,89166.46907724354,88143.70619842393,84583.56952344193,84553.96,Model 3,train
"Macao SAR, China",MAC,East Asia & Pacific,2014,2015,69902.9606,90290.545,90290.53525117962,89375.97441303065,75756.34671877108,79527.44,Model 3,train
"Macao SAR, China",MAC,East Asia & Pacific,2015,2016,68911.6756,71481.5816,71481.57751599465,71069.62350697127,70581.4055625891,66437.71,Model 3,train
"Macao SAR, China",MAC,East Asia & Pacific,2016,2017,77570.9876,70327.8594,70327.85610330818,70045.78061850551,73837.17230424583,72825.31,Model 3,train
"Macao SAR, China",MAC,East Asia & Pacific,2017,2018,83588.2875,78937.9397,78937.93505008395,78627.60935868676,82913.22275734325,83639.445,Model 3,train
Morocco,MAR,"Middle East, North Africa, Afghanistan & Pakistan",1995,1996,1596.8324,1582.5371,1582.5371779753143,1584.504473276755,1565.698580562952,1465.4163,Model 3,train
Morocco,MAR,"Middle East, North Africa, Afghanistan & Pakistan",1996,1997,1426.3011,1719.6322,1719.6322740509822,1722.3986273821906,1534.9074671239064,1690.8599,Model 3,train
Morocco,MAR,"Middle East, North Africa, Afghanistan & Pakistan",1997,1998,1668.4976,1395.745,1395.745073635253,1435.7220533954478,1557.7132496807717,1520.0928,Model 3,train
Morocco,MAR,"Middle East, North Africa, Afghanistan & Pakistan",1998,1999,1635.6567,1628.9015,1628.901487344297,1673.8851596083384,1604.0500155346365,1732.5726,Model 3,train
Morocco,MAR,"Middle East, North Africa, Afghanistan & Pakistan",1999,2000,1499.1074,1758.6252,1758.6252565372636,1764.2963415330253,1535.7959326204984,1616.2241,Model 3,train
Morocco,MAR,"Middle East, North Africa, Afghanistan & Pakistan",2000,2001,1506.2452,1613.8403,1613.8403048179823,1620.4852515404475,1516.8759007095048,1516.1483,Model 3,train
Morocco,MAR,"Middle East, North Africa, Afghanistan & Pakistan",2001,2002,1596.0206,1620.6736,1620.6736292823346,1628.3738925336495,1564.965385571454,1525.9913,Model 3,train
Morocco,MAR,"Middle East, North Africa, Afghanistan & Pakistan",2002,2003,1941.8726,1715.643,1715.6430698532747,1723.4521527158902,1825.064376370845,1736.9211,Model 3,train
Morocco,MAR,"Middle East, North Africa, Afghanistan & Pakistan",2003,2004,2183.5554,2079.1578,2079.157779714726,2087.95852009516,2152.527933521763,2112.7053,Model 3,train
Morocco,MAR,"Middle East, North Africa, Afghanistan & Pakistan",2004,2005,2242.9883,2327.7839,2327.783911859691,2341.645615865209,2348.1203041712142,2440.728,Model 3,train
Morocco,MAR,"Middle East, North Africa, Afghanistan & Pakistan",2005,2006,2438.1265,2387.1561,2387.1561120005767,2404.7987713225707,2483.8786528662913,2598.989,Model 3,train
Morocco,MAR,"Middle East, North Africa, Afghanistan & Pakistan",2006,2007,2755.5859,2588.8993,2588.899388397091,2609.6669798364787,2751.8860095961295,2838.9324,Model 3,train
Morocco,MAR,"Middle East, North Africa, Afghanistan & Pakistan",2007,2008,3183.2004,2917.8899,2917.889953308582,2942.3077108376856,3103.8504206482467,3165.5964,Model 3,train
Morocco,MAR,"Middle East, North Africa, Afghanistan & Pakistan",2008,2009,3119.5886,3209.2404,3209.2405299673237,3300.104176400798,3202.898330999821,3503.7485,Model 3,train
Morocco,MAR,"Middle East, North Africa, Afghanistan & Pakistan",2009,2010,3067.9854,3136.8359,3136.8361457100636,3236.301190023289,3125.20151221227,3516.9653,Model 3,train
Morocco,MAR,"Middle East, North Africa, Afghanistan & Pakistan",2010,2011,3301.9888,3212.2479,3212.248149656216,3269.912170759844,3210.4539927398146,3467.5222,Model 3,train
Morocco,MAR,"Middle East, North Africa, Afghanistan & Pakistan",2011,2012,3164.1772,3458.5871,3458.587328393633,3514.5012732743808,3243.246604740869,3442.658,Model 3,train
Morocco,MAR,"Middle East, North Africa, Afghanistan & Pakistan",2012,2013,3379.7432,3307.0586,3307.0589349263246,3371.821313909001,3325.9885508664306,3451.4614,Model 3,train
Morocco,MAR,"Middle East, North Africa, Afghanistan & Pakistan",2013,2014,3435.407,3527.7192,3527.719569260111,3597.2301266217773,3388.9646335178104,3514.6116,Model 3,train
Morocco,MAR,"Middle East, North Africa, Afghanistan & Pakistan",2014,2015,3146.2478,3582.2101,3582.210475659679,3655.8993970564065,3252.642774221485,3417.4082,Model 3,train
Morocco,MAR,"Middle East, North Africa, Afghanistan & Pakistan",2015,2016,3140.8555,3284.8994,3284.8996875743987,3355.3083743038724,3217.9365132608377,3331.3967,Model 3,train
Morocco,MAR,"Middle East, North Africa, Afghanistan & Pakistan",2016,2017,3296.5266,3277.3777,3277.378004763411,3349.882800530626,3260.6263262265297,3378.9504,Model 3,train
Morocco,MAR,"Middle East, North Africa, Afghanistan & Pakistan",2017,2018,3501.698,3432.4194,3432.4197852646244,3512.627120897355,3373.0674919222524,3579.4019,Model 3,train
Moldova,MDA,Europe & Central Asia,1994,1995,593.5932,665.5689,665.5689143168481,635.7299876074101,600.8181814155914,644.33624,Model 3,train
Moldova,MDA,Europe & Central Asia,1995,1996,575.1455,671.2304,671.2305376957971,656.5797208017075,592.0118018306127,639.9951,Model 3,train
Moldova,MDA,Europe & Central Asia,1996,1997,657.2921,649.3202,649.320329739739,636.2484389013242,621.3221375228381,615.80554,Model 3,train
Moldova,MDA,Europe & Central Asia,1997,1998,578.7346,670.5421,670.5421552938718,674.5752363078642,639.6597598101282,688.38513,Model 3,train
Moldova,MDA,Europe & Central Asia,1998,1999,399.4998,590.8143,590.8143752906615,595.7253215898146,513.9433671443107,614.32416,Model 3,train
Moldova,MDA,Europe & Central Asia,1999,2000,440.5387,454.1489,454.1489940843402,445.6300655105315,459.3963614164993,472.32877,Model 3,train
Moldova,MDA,Europe & Central Asia,2000,2001,507.4041,499.279,499.2790635839609,490.2706191987472,499.839704627491,498.2548,Model 3,train
Moldova,MDA,Europe & Central Asia,2001,2002,570.7999,571.5274,571.5274613112986,562.7670962568976,570.8927628691512,594.97974,Model 3,train
Moldova,MDA,Europe & Central Asia,2002,2003,682.3191,640.5405,640.5405861924041,631.145571628335,658.6549560165658,698.4805,Model 3,train
Moldova,MDA,Europe & Central Asia,2003,2004,897.1785,763.1906,763.1906618738619,751.0956724403835,812.1880150809652,853.93335,Model 3,train
Moldova,MDA,Europe & Central Asia,2004,2005,1034.392,997.8395,997.8395887006756,981.1221521521476,1039.9899384705952,1068.2986,Model 3,train
Moldova,MDA,Europe & Central Asia,2005,2006,1183.0248,1146.0291,1146.0292674803595,1127.234720541252,1172.8688870727922,1168.0275,Model 3,train
Moldova,MDA,Europe & Central Asia,2006,2007,1531.2162,1305.9697,1305.9698623245606,1285.0798793992324,1402.0436302090468,1428.3689,Model 3,train
Moldova,MDA,Europe & Central Asia,2007,2008,2110.5531,1682.7041,1682.7042640590992,1653.4437241852468,1956.1857269267475,1902.7454,Model 3,train
Moldova,MDA,Europe & Central Asia,2008,2009,1898.4398,2207.162,2207.1621260634697,2203.472283368143,2052.965650907155,2224.977,Model 3,train
Moldova,MDA,Europe & Central Asia,2009,2010,2436.7994,1981.3905,1981.3907016780536,1987.1925825334445,2258.415440169261,2333.628,Model 3,train
Moldova,MDA,Europe & Central Asia,2010,2011,2941.3622,2647.4311,2647.431188974792,2605.419567690034,2883.293681098015,2770.2278,Model 3,train
Moldova,MDA,Europe & Central Asia,2011,2012,3044.8084,3183.145,3183.1450970498367,3131.488966341823,3030.351350579117,3136.8904,Model 3,train
Moldova,MDA,Europe & Central Asia,2012,2013,3321.044,3287.7904,3287.790492320442,3238.1426670817455,3249.5222782512974,3154.9001,Model 3,train
Moldova,MDA,Europe & Central Asia,2013,2014,3289.9576,3575.7563,3575.7563904594413,3522.2625596611356,3289.79867397989,3363.6787,Model 3,train
Moldova,MDA,Europe & Central Asia,2014,2015,2749.5514,3510.5683,3510.5686125620323,3487.349851455965,3047.528069945393,3345.5615,Model 3,train
Moldova,MDA,Europe & Central Asia,2015,2016,2847.0879,2940.2891,2940.2894000941455,2923.647040986549,2831.625369304864,2935.3262,Model 3,train
Moldova,MDA,Europe & Central Asia,2016,2017,3453.2673,3037.7764,3037.7767963777824,3023.3732470214904,3184.05467668577,3160.4653,Model 3,train
Moldova,MDA,Europe & Central Asia,2017,2018,4156.4498,3671.1344,3671.1347012882584,3650.257926301559,3884.846058409922,3829.9263,Model 3,train
Madagascar,MDG,Sub-Saharan Africa ,1996,1997,284.3718,367.5908,367.5908391782887,371.74847015666904,321.2903756440685,345.42242,Model 3,train
Madagascar,MDG,Sub-Saharan Africa ,1997,1998,284.1929,279.2538,279.25386787425106,290.85939167841855,283.34152735928797,296.525,Model 3,train
Madagascar,MDG,Sub-Saharan Africa ,1998,1999,267.3605,279.183,279.1830398628194,290.9118365754565,278.8419768663159,296.83722,Model 3,train
Madagascar,MDG,Sub-Saharan Africa ,1999,2000,280.2829,289.8247,289.82476061156854,294.6786358193128,281.22509182442553,271.11636,Model 3,train
Madagascar,MDG,Sub-Saharan Africa ,2000,2001,319.2833,303.676,303.67610182083934,308.7472160378192,315.9294530288416,304.56628,Model 3,train
Madagascar,MDG,Sub-Saharan Africa ,2001,2002,304.9418,345.0493,345.0493648842453,350.97197417662676,322.4922985509661,345.48154,Model 3,train
Madagascar,MDG,Sub-Saharan Africa ,2002,2003,352.6201,330.202,330.2020734241661,335.6920257208491,343.9573739517868,364.49292,Model 3,train
Madagascar,MDG,Sub-Saharan Africa ,2003,2004,272.2007,379.7667,379.766800184068,387.08667631052816,322.7793225674866,368.0016,Model 3,train
Madagascar,MDG,Sub-Saharan Africa ,2004,2005,305.8121,295.1301,295.13016916546474,300.66802300646214,315.46906076177333,322.575,Model 3,train
Madagascar,MDG,Sub-Saharan Africa ,2005,2006,324.1469,331.2256,331.2256259858066,337.0445250710737,343.84811572820325,365.50323,Model 3,train
Madagascar,MDG,Sub-Saharan Africa ,2006,2007,419.548,350.2331,350.2331095226792,356.9122910118907,391.3598034997259,366.8346,Model 3,train
Madagascar,MDG,Sub-Saharan Africa ,2007,2008,512.5798,451.2818,451.281883919603,459.3576448850404,494.8600073230064,450.96906,Model 3,train
Madagascar,MDG,Sub-Saharan Africa ,2008,2009,446.3152,525.8299,525.8299883889769,544.2481057026465,499.94037523126747,552.089,Model 3,train
Madagascar,MDG,Sub-Saharan Africa ,2009,2010,450.0094,458.6337,458.6337298275736,475.37895330597513,473.8913444125917,513.23047,Model 3,train
Madagascar,MDG,Sub-Saharan Africa ,2010,2011,506.1637,482.7429,482.74299473291313,492.0817247449786,491.80052669619937,516.74774,Model 3,train
Madagascar,MDG,Sub-Saharan Africa ,2011,2012,493.5112,541.8773,541.8773718722246,551.9654204946553,510.754014601565,565.73065,Model 3,train
Madagascar,MDG,Sub-Saharan Africa ,2012,2013,515.3016,528.0032,528.0032492520185,538.2902065817769,508.6137452750657,546.17786,Model 3,train
Madagascar,MDG,Sub-Saharan Africa ,2013,2014,505.6849,550.4962,550.4962896677658,561.3243984801094,505.1034005562044,564.2734,Model 3,train
Madagascar,MDG,Sub-Saharan Africa ,2014,2015,445.3201,539.9271,539.9271987730099,550.8375378975371,483.7597264637908,524.8808,Model 3,train
Madagascar,MDG,Sub-Saharan Africa ,2015,2016,453.9707,476.1481,476.14816053871255,486.2617533544092,471.8875067890921,482.9108,Model 3,train
Madagascar,MDG,Sub-Saharan Africa ,2016,2017,491.8668,484.7282,484.7282848434552,495.23825543178486,484.6994316355415,496.27417,Model 3,train
Madagascar,MDG,Sub-Saharan Africa ,2017,2018,500.4572,524.0899,524.089983506595,535.2564072384281,507.3071259669357,530.563,Model 3,train
Maldives,MDV,South Asia,1991,1992,1194.2325,1174.2181,1174.2181673614482,1148.49943721137,1100.300385311441,1048.29,Model 3,train
Maldives,MDV,South Asia,1992,1993,1316.6145,1328.1242,1328.1241681105737,1298.484061190052,1292.883129164552,1207.8862,Model 3,train
Maldives,MDV,South Asia,1993,1994,1419.3928,1463.079,1463.0789733310403,1429.824459154854,1415.8033131212826,1386.3529,Model 3,train
Maldives,MDV,South Asia,1994,1995,1554.6094,1571.3068,1571.3067555305197,1540.3384333604956,1525.5334128511267,1610.0742,Model 3,train
Maldives,MDV,South Asia,1995,1996,1716.7428,1719.4921,1719.492090003773,1685.2755830973072,1684.5241832990057,1606.2524,Model 3,train
Maldives,MDV,South Asia,1996,1997,1898.4323,1896.3136,1896.3136086048848,1858.732761090985,1849.1711459258065,1770.8682,Model 3,train
Maldives,MDV,South Asia,1997,1998,1980.3845,1901.152,1901.1519917098296,1910.5772668167233,1967.043288564476,1854.8497,Model 3,train
Maldives,MDV,South Asia,1998,1999,2124.0601,1979.1743,1979.174235515424,1993.208971307924,2063.212781761299,2068.5498,Model 3,train
Maldives,MDV,South Asia,1999,2000,2213.8124,2338.1279,2338.1279103819006,2296.127468895125,2189.910247920353,2121.746,Model 3,train
Maldives,MDV,South Asia,2000,2001,3033.9323,2433.2489,2433.2489112032986,2393.121076895092,2625.9977179664083,2361.2205,Model 3,train
Maldives,MDV,South Asia,2001,2002,3076.0701,3317.9424,3317.9422405615855,3259.632914045962,3164.4427235279095,3194.7266,Model 3,train
Maldives,MDV,South Asia,2002,2003,3548.5767,3363.5455,3363.5454073260853,3306.683069812232,3464.7376644708806,3312.278,Model 3,train
Maldives,MDV,South Asia,2003,2004,4070.2609,3868.1228,3868.122686704703,3807.2083342565434,3985.35927761301,4233.528,Model 3,train
Maldives,MDV,South Asia,2004,2005,3796.5155,4420.7297,4420.7294521174235,4348.135256730655,4062.731877180493,4605.3096,Model 3,train
Maldives,MDV,South Asia,2005,2006,5018.9434,4135.1393,4135.139171509975,4074.9764796807353,4506.100154149637,5039.997,Model 3,train
Maldives,MDV,South Asia,2006,2007,5758.1029,5435.5161,5435.515865834593,5355.096891013559,5669.573260874214,6241.1826,Model 3,train
Maldives,MDV,South Asia,2007,2008,6757.4328,6214.9749,6214.974547744656,6126.6799521043495,6604.93586188625,7079.157,Model 3,train
Maldives,MDV,South Asia,2008,2009,6734.0317,6953.5205,6953.520270299788,6976.352126923936,6964.419237793366,6828.532,Model 3,train
Maldives,MDV,South Asia,2009,2010,7173.596,6914.3093,6914.309171412782,6953.712518434886,7143.977033481335,7820.0933,Model 3,train
Maldives,MDV,South Asia,2010,2011,7424.5204,7682.73,7682.729638893454,7597.007569197323,7416.913163504168,7994.0522,Model 3,train
Maldives,MDV,South Asia,2011,2012,7461.297,7935.5423,7935.541978123552,7857.959971490754,7748.575285954596,8361.252,Model 3,train
Maldives,MDV,South Asia,2012,2013,8236.0818,7961.0202,7961.0199865113855,7897.092289673149,8053.286851107416,8236.358,Model 3,train
Maldives,MDV,South Asia,2013,2014,8939.0742,8748.4773,8748.477174431015,8698.22336730938,8734.014554907433,8931.21,Model 3,train
Maldives,MDV,South Asia,2014,2015,9644.9066,9463.9837,9463.983614276804,9423.881786649588,9654.038858102283,9329.341,Model 3,train
Maldives,MDV,South Asia,2015,2016,9947.8074,10180.5355,10180.535412313378,10153.027393843677,10051.440057933729,10351.941,Model 3,train
Maldives,MDV,South Asia,2016,2017,10509.6288,10476.3966,10476.396653166245,10464.552197351532,10643.909154286375,11161.735,Model 3,train
Maldives,MDV,South Asia,2017,2018,11423.2838,11041.7887,11041.788777942116,11042.037093146628,11119.105643003046,11873.223,Model 3,train
Mexico,MEX,Latin America & Caribbean ,1991,1992,4220.5664,3988.4054,3988.405359350196,3973.3736008090473,4116.339627879048,3756.2822,Model 3,train
Mexico,MEX,Latin America & Caribbean ,1992,1993,6048.3484,4522.2388,4522.238613749432,4508.297968637699,5053.4487790145395,4137.423,Model 3,train
Mexico,MEX,Latin America & Caribbean ,1993,1994,6202.3659,6435.107,6435.106479135332,6408.262921844811,5702.119475896185,5699.9595,Model 3,train
Mexico,MEX,Latin America & Caribbean ,1994,1995,4183.8785,6590.1285,6590.127999521802,6568.195689549859,5060.340112509858,5748.035,Model 3,train
Mexico,MEX,Latin America & Caribbean ,1995,1996,4674.3679,4491.4966,4491.496450263342,4471.138336755933,4662.298853313958,4341.2036,Model 3,train
Mexico,MEX,Latin America & Caribbean ,1996,1997,5567.356,5008.598,5008.597726985454,4983.649066478654,5246.97588215429,4702.1997,Model 3,train
Mexico,MEX,Latin America & Caribbean ,1997,1998,5832.6934,5386.2528,5386.252365571227,5503.3817500956475,5700.690985593125,5195.592,Model 3,train
Mexico,MEX,Latin America & Caribbean ,1998,1999,6499.9718,5631.8911,5631.890661166421,5759.7713778293955,6323.954961535759,5516.4033,Model 3,train
Mexico,MEX,Latin America & Caribbean ,1999,2000,7524.0271,6902.0338,6902.0332440213715,6881.501511624513,7137.425488059364,6223.7793,Model 3,train
Mexico,MEX,Latin America & Caribbean ,2000,2001,7952.7648,7951.7533,7951.752587992449,7940.274167957173,8041.819525027075,7648.7095,Model 3,train
Mexico,MEX,Latin America & Caribbean ,2001,2002,7983.034,8385.9584,8385.957631160109,8383.008359451165,7955.81940796333,7538.11,Model 3,train
Mexico,MEX,Latin America & Caribbean ,2002,2003,7434.0746,8399.145,8399.144368763937,8412.144681959615,7927.854818991971,7864.1436,Model 3,train
Mexico,MEX,Latin America & Caribbean ,2003,2004,7849.6676,7823.3045,7823.30398968971,7844.519872899267,7963.414957387821,7859.645,Model 3,train
Mexico,MEX,Latin America & Caribbean ,2004,2005,8671.7589,8245.6047,8245.60403761326,8269.624535689956,8405.565091421156,8356.557,Model 3,train
Mexico,MEX,Latin America & Caribbean ,2005,2006,9512.6358,9081.7626,9081.761909735087,9112.96689044534,9796.050380151886,9513.908,Model 3,train
Mexico,MEX,Latin America & Caribbean ,2006,2007,10134.3327,9934.8727,9934.871788325649,9971.708334275052,10211.011887325069,10101.719,Model 3,train
Mexico,MEX,Latin America & Caribbean ,2007,2008,10523.7685,10563.1574,10563.156329358637,10602.352578028602,10428.528558434353,10260.465,Model 3,train
Mexico,MEX,Latin America & Caribbean ,2008,2009,8423.5693,10485.4508,10485.449943036176,10703.238567137834,9398.40136603516,9036.247,Model 3,train
Mexico,MEX,Latin America & Caribbean ,2009,2010,9728.8008,8402.8499,8402.849490552244,8603.474091625321,9376.002074394974,9726.27,Model 3,train
Mexico,MEX,Latin America & Caribbean ,2010,2011,10664.4944,10091.8981,10091.89734262895,10165.576343406468,10368.383705157796,9826.253,Model 3,train
Mexico,MEX,Latin America & Caribbean ,2011,2012,10744.1335,11020.5544,11020.553548162496,11117.695249629196,10870.725640832956,10412.357,Model 3,train
Mexico,MEX,Latin America & Caribbean ,2012,2013,11216.8009,11089.9801,11089.979257961646,11196.423960412889,11062.49076105479,10345.111,Model 3,train
Mexico,MEX,Latin America & Caribbean ,2013,2014,11391.3773,11550.949,11550.948238108796,11673.953272537845,11247.767548241372,10702.897,Model 3,train
Mexico,MEX,Latin America & Caribbean ,2014,2015,10021.2386,11718.621,11718.62009371638,11846.606941878625,10486.498661797856,10361.562,Model 3,train
Mexico,MEX,Latin America & Caribbean ,2015,2016,9097.924,10282.7727,10282.77249151285,10445.621682295949,9507.914823076757,9541.877,Model 3,train
Mexico,MEX,Latin America & Caribbean ,2016,2017,9649.2782,9337.5273,9337.527157536408,9496.52365653314,9707.182446225304,9606.137,Model 3,train
Mexico,MEX,Latin America & Caribbean ,2017,2018,10084.7938,9910.4023,9910.401802856006,10049.511922952728,9871.609044020966,9647.377,Model 3,train
North Macedonia,MKD,Europe & Central Asia,1995,1996,2306.5337,2608.4265,2608.4267851141194,2556.142771082175,2366.8675885339153,2422.1938,Model 3,train
North Macedonia,MKD,Europe & Central Asia,1996,1997,1959.5607,2548.3284,2548.328725793607,2506.2891373526995,2149.487527849345,2542.2217,Model 3,train
North Macedonia,MKD,Europe & Central Asia,1997,1998,1875.8166,1968.9789,1968.9791601401037,1987.4469938210889,1981.714007058271,2161.0757,Model 3,train
North Macedonia,MKD,Europe & Central Asia,1998,1999,1915.3928,1884.3982,1884.3984630824507,1902.519338731148,1885.1247596914964,2008.9044,Model 3,train
North Macedonia,MKD,Europe & Central Asia,1999,2000,1861.899,2118.7192,2118.71945234168,2087.2116285944085,1936.0466330608065,2004.9904,Model 3,train
North Macedonia,MKD,Europe & Central Asia,2000,2001,1823.0227,2061.6511,2061.651399262763,2029.557798431007,1861.89745127962,2030.3064,Model 3,train
North Macedonia,MKD,Europe & Central Asia,2001,2002,1989.1354,2018.5819,2018.582177749973,1988.913810490807,1992.655772385173,2104.2107,Model 3,train
North Macedonia,MKD,Europe & Central Asia,2002,2003,2445.3629,2186.5814,2186.58172507208,2162.5851932365995,2406.7257039239435,2474.1663,Model 3,train
North Macedonia,MKD,Europe & Central Asia,2003,2004,2818.5815,2674.1777,2674.1780775445222,2645.62667322558,2821.0267054163687,3046.2236,Model 3,train
North Macedonia,MKD,Europe & Central Asia,2004,2005,3120.984,3069.0028,3069.003213966925,3039.9634201863323,3140.368944215813,3456.709,Model 3,train
North Macedonia,MKD,Europe & Central Asia,2005,2006,3440.4411,3389.4331,3389.4335014477106,3356.8794930929325,3537.656594262598,3727.5874,Model 3,train
North Macedonia,MKD,Europe & Central Asia,2006,2007,4204.1133,3728.8968,3728.897219973768,3691.474622655748,3976.330261128723,4097.227,Model 3,train
North Macedonia,MKD,Europe & Central Asia,2007,2008,5026.4203,4528.5621,4528.562618735692,4486.597835283055,4859.215397658574,5043.565,Model 3,train
North Macedonia,MKD,Europe & Central Asia,2008,2009,4799.7872,5161.1576,5161.1583270863375,5206.092819104643,4943.587746294999,5116.2173,Model 3,train
North Macedonia,MKD,Europe & Central Asia,2009,2010,4833.3659,4914.5642,4914.5650248794345,4973.747732194796,4909.186254203602,5317.5947,Model 3,train
North Macedonia,MKD,Europe & Central Asia,2010,2011,5416.8667,5169.8604,5169.861142649922,5144.97245709031,5184.030993930673,5426.0186,Model 3,train
North Macedonia,MKD,Europe & Central Asia,2011,2012,5049.8265,5776.1328,5776.1335862958485,5748.730424856582,5341.568689215056,5639.127,Model 3,train
North Macedonia,MKD,Europe & Central Asia,2012,2013,5626.2612,5384.4051,5384.405788497972,5361.870466458433,5403.221321311505,5385.1533,Model 3,train
North Macedonia,MKD,Europe & Central Asia,2013,2014,5925.3859,5976.3408,5976.341674855769,5961.804673742229,5752.180180884168,5841.221,Model 3,train
North Macedonia,MKD,Europe & Central Asia,2014,2015,5262.6867,6277.4599,6277.4608133323545,6267.9700875176295,5742.654681099406,6011.011,Model 3,train
North Macedonia,MKD,Europe & Central Asia,2015,2016,5598.4862,5579.5483,5579.549106749252,5577.612687655691,5511.322262035479,5648.993,Model 3,train
North Macedonia,MKD,Europe & Central Asia,2016,2017,5955.2974,5924.6351,5924.635930528298,5921.27190901307,5841.49302339056,5935.4424,Model 3,train
North Macedonia,MKD,Europe & Central Asia,2017,2018,6713.9893,6294.9679,6294.968781968057,6293.216063722049,6420.300966900715,6346.7505,Model 3,train
Mali,MLI,Sub-Saharan Africa ,1996,1997,320.7515,385.0183,385.0183024676218,387.0218724668029,331.8638989495547,336.8685,Model 3,train
Mali,MLI,Sub-Saharan Africa ,1997,1998,356.647,311.8511,311.8511202715954,322.25017132880225,343.4371015962097,333.4332,Model 3,train
Mali,MLI,Sub-Saharan Africa ,1998,1999,364.4157,346.3873,346.38733875847925,357.60920504810537,360.02520297388395,340.36578,Model 3,train
Mali,MLI,Sub-Saharan Africa ,1999,2000,304.6529,389.3833,389.38328361331,392.5611975537543,330.86791518730973,341.57855,Model 3,train
Mali,MLI,Sub-Saharan Africa ,2000,2001,346.2246,326.4451,326.44508254356447,329.682350471492,338.8207076243354,337.72992,Model 3,train
Mali,MLI,Sub-Saharan Africa ,2001,2002,378.1917,370.6452,370.6451868503798,373.90100476130095,372.70384342392936,357.6242,Model 3,train
Mali,MLI,Sub-Saharan Africa ,2002,2003,441.9104,404.3268,404.3268214712508,407.95060775366466,408.6099364191277,383.84128,Model 3,train
Mali,MLI,Sub-Saharan Africa ,2003,2004,495.0063,470.7885,470.7885544675671,475.3474857273264,479.7249108792549,460.3329,Model 3,train
Mali,MLI,Sub-Saharan Africa ,2004,2005,548.7304,526.251,526.2510437688783,531.4575564181889,557.4816603967612,515.3412,Model 3,train
Mali,MLI,Sub-Saharan Africa ,2005,2006,586.9854,583.2575,583.2575364834911,588.0621786411314,595.3544348890866,579.5187,Model 3,train
Mali,MLI,Sub-Saharan Africa ,2006,2007,670.8534,622.6238,622.6237520182779,628.3813315842144,666.7015412254704,608.5206,Model 3,train
Mali,MLI,Sub-Saharan Africa ,2007,2008,767.1948,709.9055,709.905439183821,716.2229438119942,761.4362729498735,691.56726,Model 3,train
Mali,MLI,Sub-Saharan Africa ,2008,2009,787.4826,776.2773,776.2773062067091,795.4530914540135,809.749899969056,800.0455,Model 3,train
Mali,MLI,Sub-Saharan Africa ,2009,2010,797.1515,795.3107,795.3106838594725,816.1722518882489,818.819282745741,828.8636,Model 3,train
Mali,MLI,Sub-Saharan Africa ,2010,2011,938.2929,840.2887,840.288650699416,848.3306912587676,876.5980948880843,840.3933,Model 3,train
Mali,MLI,Sub-Saharan Africa ,2011,2012,872.5061,986.4675,986.4673991090932,995.0071522933204,935.8092653503096,948.1997,Model 3,train
Mali,MLI,Sub-Saharan Africa ,2012,2013,901.921,918.2413,918.2412652122646,926.8085346868708,904.7520473525162,881.6961,Model 3,train
Mali,MLI,Sub-Saharan Africa ,2013,2014,947.915,947.2568,947.2567961642268,957.4379930799016,957.5242066718198,957.4432,Model 3,train
Mali,MLI,Sub-Saharan Africa ,2014,2015,838.1199,993.8034,993.8034043584476,1005.3998541303098,898.5727570088624,926.0779,Model 3,train
Mali,MLI,Sub-Saharan Africa ,2015,2016,872.4686,879.3921,879.3920876941932,891.5429427877855,867.5019066949014,826.67804,Model 3,train
Mali,MLI,Sub-Saharan Africa ,2016,2017,924.0575,913.1828,913.1827886587783,927.4933672564708,917.0865195108008,899.2219,Model 3,train
Mali,MLI,Sub-Saharan Africa ,2017,2018,996.3793,965.0855,965.0854806609616,980.996500983018,967.071803892844,965.51495,Model 3,train
Malta,MLT,"Middle East, North Africa, Afghanistan & Pakistan",1995,1996,10061.8502,10569.694,10569.6939528601,10449.76039200897,10263.618572847408,11114.552,Model 3,train
Malta,MLT,"Middle East, North Africa, Afghanistan & Pakistan",1996,1997,9893.189,10803.0205,10803.02048544008,10686.487090555076,10199.646349192766,11882.229,Model 3,train
Malta,MLT,"Middle East, North Africa, Afghanistan & Pakistan",1997,1998,10408.1157,9635.6079,9635.607881259051,9784.602276321652,10398.66352007276,11987.1455,Model 3,train
Malta,MLT,"Middle East, North Africa, Afghanistan & Pakistan",1998,1999,10609.1104,10111.1822,10111.18211767464,10271.93619173531,10572.494807740772,12221.228,Model 3,train
Malta,MLT,"Middle East, North Africa, Afghanistan & Pakistan",1999,2000,10348.4859,11337.4879,11337.487790367715,11235.771410936724,10561.136300967995,11609.49,Model 3,train
Malta,MLT,"Middle East, North Africa, Afghanistan & Pakistan",2000,2001,10357.7026,11050.6215,11050.621745384487,10978.72612162474,10506.639149189265,11466.622,Model 3,train
Malta,MLT,"Middle East, North Africa, Afghanistan & Pakistan",2001,2002,11251.2025,11043.8443,11043.844692347548,10992.740715064869,11013.37984074794,11961.12,Model 3,train
Malta,MLT,"Middle East, North Africa, Afghanistan & Pakistan",2002,2003,13593.9787,11931.5378,11931.538396947764,11908.147676059614,12888.132822985131,14325.707,Model 3,train
Malta,MLT,"Middle East, North Africa, Afghanistan & Pakistan",2003,2004,15212.1313,14344.5562,14344.556611963651,14310.95036489436,15068.116419254537,16276.759,Model 3,train
Malta,MLT,"Middle East, North Africa, Afghanistan & Pakistan",2004,2005,15831.344,16017.0015,16017.001962531109,15987.604093657475,16057.980344681251,17140.967,Model 3,train
Malta,MLT,"Middle East, North Africa, Afghanistan & Pakistan",2005,2006,16653.6037,16617.5053,16617.50587938371,16614.058028896,16911.475500222903,17672.334,Model 3,train
Malta,MLT,"Middle East, North Africa, Afghanistan & Pakistan",2006,2007,19444.1742,17461.3178,17461.318157187543,17450.674196396314,19386.776361353182,20582.326,Model 3,train
Malta,MLT,"Middle East, North Africa, Afghanistan & Pakistan",2007,2008,22315.3104,20289.7899,20289.79034917529,20305.671637395153,21828.352961942994,22936.36,Model 3,train
Malta,MLT,"Middle East, North Africa, Afghanistan & Pakistan",2008,2009,21176.3218,22217.5969,22217.59761947152,22601.372867949885,21525.203475717135,21549.182,Model 3,train
Malta,MLT,"Middle East, North Africa, Afghanistan & Pakistan",2009,2010,21946.607,21038.003,21038.00450125808,21486.97433350952,22314.37788333379,22355.203,Model 3,train
Malta,MLT,"Middle East, North Africa, Afghanistan & Pakistan",2010,2011,23516.9691,22748.401,22748.402395979894,22890.10774142082,23151.51660860371,23268.645,Model 3,train
Malta,MLT,"Middle East, North Africa, Afghanistan & Pakistan",2011,2012,22878.3131,24285.1435,24285.144787211295,24439.192856295016,23837.155860908377,25187.781,Model 3,train
Malta,MLT,"Middle East, North Africa, Afghanistan & Pakistan",2012,2013,25415.5567,23616.332,23616.33316041208,23774.548600834547,24605.77482958333,24231.238,Model 3,train
Malta,MLT,"Middle East, North Africa, Afghanistan & Pakistan",2013,2014,27424.5766,26195.438,26195.439258650596,26387.90278210004,26596.37339909373,27595.988,Model 3,train
Malta,MLT,"Middle East, North Africa, Afghanistan & Pakistan",2014,2015,25529.6813,28185.1298,28185.13123340767,28424.46546302636,26533.48294322946,28171.527,Model 3,train
Malta,MLT,"Middle East, North Africa, Afghanistan & Pakistan",2015,2016,26459.0771,26226.3395,26226.341066803267,26477.292120223792,26612.305425087015,27076.717,Model 3,train
Malta,MLT,"Middle East, North Africa, Afghanistan & Pakistan",2016,2017,30317.2443,27148.6333,27148.63502374235,27433.75699350427,28778.87511408249,28736.86,Model 3,train
Malta,MLT,"Middle East, North Africa, Afghanistan & Pakistan",2017,2018,33382.2677,30993.5214,30993.52287349782,31309.572987953245,32684.47549183923,33889.66,Model 3,train
Myanmar,MMR,East Asia & Pacific,1999,2000,196.6196,212.0899,212.0899541494877,211.6983899056254,197.62665887592556,192.79173,Model 3,train
Myanmar,MMR,East Asia & Pacific,2001,2002,146.5984,159.0926,159.09261705796888,159.13056386289963,163.00440706359151,174.17946,Model 3,train
Myanmar,MMR,East Asia & Pacific,2002,2003,224.2927,165.6452,165.64518655394747,164.69544085675943,202.84285079770115,203.87505,Model 3,train
Myanmar,MMR,East Asia & Pacific,2003,2004,224.5088,250.7699,250.76996102195253,249.55247384624732,239.86049679931196,257.0566,Model 3,train
Myanmar,MMR,East Asia & Pacific,2004,2005,252.6852,249.5575,249.55754317551535,249.75522384697075,247.2759429955636,251.29955,Model 3,train
Myanmar,MMR,East Asia & Pacific,2005,2006,303.4951,280.4763,280.47631711313437,280.3322451903682,289.159653498426,280.88226,Model 3,train
Myanmar,MMR,East Asia & Pacific,2006,2007,419.3758,336.3795,336.37954758931363,335.3100318890945,390.84418383908275,395.22568,Model 3,train
Myanmar,MMR,East Asia & Pacific,2007,2008,658.4425,463.4776,463.47758775984494,459.9995097010876,575.5880388372315,514.05615,Model 3,train
Myanmar,MMR,East Asia & Pacific,2008,2009,758.4429,685.1159,685.1158741537131,686.7966957421427,732.4182238036727,689.5208,Model 3,train
Myanmar,MMR,East Asia & Pacific,2009,2010,1010.5342,790.1162,790.1162229404619,799.5758480339821,954.3783704520456,829.7842,Model 3,train
Myanmar,MMR,East Asia & Pacific,2010,2011,1213.629,1095.4909,1095.4907890688512,1087.0661057462776,1130.853548058731,1027.1538,Model 3,train
Myanmar,MMR,East Asia & Pacific,2011,2012,1202.6659,1310.667,1310.6669102206747,1300.357049540508,1231.2801453744055,1258.5023,Model 3,train
Myanmar,MMR,East Asia & Pacific,2012,2013,1199.0956,1297.7947,1297.7946062873232,1289.1109742111475,1229.0971952219036,1269.3585,Model 3,train
Myanmar,MMR,East Asia & Pacific,2013,2014,1293.0004,1294.4395,1294.4394051995728,1285.5339892503926,1264.3373411957805,1242.5878,Model 3,train
Myanmar,MMR,East Asia & Pacific,2014,2015,1166.7331,1391.4021,1391.4019627070352,1384.0580187692997,1221.3165518528915,1253.6736,Model 3,train
Myanmar,MMR,East Asia & Pacific,2015,2016,1229.1971,1256.8271,1256.8270672917126,1251.7658752614802,1230.3630600581878,1220.2664,Model 3,train
Myanmar,MMR,East Asia & Pacific,2016,2017,1272.8224,1320.0994,1320.0993743169834,1317.3575330732317,1282.3557092886906,1279.5747,Model 3,train
Myanmar,MMR,East Asia & Pacific,2017,2018,1298.2131,1362.0826,1362.0825968493248,1362.9259488897965,1286.436714789604,1300.6172,Model 3,train
Montenegro,MNE,Europe & Central Asia,2006,2007,5971.8464,4791.7075,4791.707859765397,4713.97304252204,5387.50796154841,5452.437,Model 3,train
Montenegro,MNE,Europe & Central Asia,2007,2008,7359.9512,6447.8783,6447.878579920113,6330.128562766994,7097.126388087801,7166.1567,Model 3,train
Montenegro,MNE,Europe & Central Asia,2008,2009,6700.1141,7588.8649,7588.86533803838,7569.660016641439,6886.439207578074,7340.807,Model 3,train
Montenegro,MNE,Europe & Central Asia,2009,2010,6678.6393,6901.4658,6901.466313604651,6901.200294112531,6863.839778812655,7405.8364,Model 3,train
Montenegro,MNE,Europe & Central Asia,2010,2011,7265.5167,7179.5064,7179.5068346266025,7072.585252912473,7158.141025761175,7341.8784,Model 3,train
Montenegro,MNE,Europe & Central Asia,2011,2012,6552.4807,7803.3033,7803.303599098721,7675.909373585845,6883.422227263139,7560.7314,Model 3,train
Montenegro,MNE,Europe & Central Asia,2012,2013,7102.7788,7003.7191,7003.719844417768,6937.425434386132,7011.151922266029,7105.028,Model 3,train
Montenegro,MNE,Europe & Central Asia,2013,2014,7342.1734,7568.97,7568.970857301179,7504.4777660967075,7114.338617806275,7481.6807,Model 3,train
Montenegro,MNE,Europe & Central Asia,2014,2015,6421.0031,7803.0309,7803.031722248802,7743.953207276616,6900.349431699683,7154.1387,Model 3,train
Montenegro,MNE,Europe & Central Asia,2015,2016,6968.0154,6830.8565,6830.857381969269,6792.277203541534,6999.555974129612,6576.518,Model 3,train
Montenegro,MNE,Europe & Central Asia,2016,2017,7674.2814,7391.2916,7391.292552946814,7351.486112213339,7376.578810725622,7432.603,Model 3,train
Montenegro,MNE,Europe & Central Asia,2017,2018,8673.5913,8126.3116,8126.312546958748,8076.142655361349,8305.73052881474,8628.164,Model 3,train
Mongolia,MNG,East Asia & Pacific,1995,1996,595.581,721.5357,721.5357087994942,712.1627094130718,607.4942354931716,691.86676,Model 3,train
Mongolia,MNG,East Asia & Pacific,1996,1997,515.298,664.1953,664.1953407501657,650.9222461053937,546.9102914045544,567.325,Model 3,train
Mongolia,MNG,East Asia & Pacific,1997,1998,483.8781,521.7769,521.7769440855702,525.9840872898179,504.30376383454416,499.28198,Model 3,train
Mongolia,MNG,East Asia & Pacific,1998,1999,448.6604,488.2506,488.2506745319479,495.0006617335132,469.91011106303887,488.66495,Model 3,train
Mongolia,MNG,East Asia & Pacific,1999,2000,476.0276,499.2299,499.2299178613304,494.42882279730753,478.2619918942241,503.51328,Model 3,train
Mongolia,MNG,East Asia & Pacific,2000,2001,524.4535,529.3158,529.315841791688,524.0153363994606,529.7487362324915,559.80585,Model 3,train
Mongolia,MNG,East Asia & Pacific,2001,2002,570.2492,581.3846,581.3846973586217,575.9048472332033,561.7526383672008,598.0805,Model 3,train
Mongolia,MNG,East Asia & Pacific,2002,2003,643.1681,630.3296,630.329655003976,624.7968887251814,638.5157715430255,696.149,Model 3,train
Mongolia,MNG,East Asia & Pacific,2005,2006,1329.8918,1089.9311,1089.9311431217468,1078.3523250754297,1217.2279941293557,1165.783,Model 3,train
Mongolia,MNG,East Asia & Pacific,2006,2007,1627.6879,1448.423,1448.4229870439538,1432.9954536880018,1575.448159395218,1568.5394,Model 3,train
Mongolia,MNG,East Asia & Pacific,2007,2008,2127.4268,1768.6972,1768.697168510835,1747.338347942301,2050.8706930203657,1861.4445,Model 3,train
Mongolia,MNG,East Asia & Pacific,2008,2009,1703.3276,2210.916,2210.915946994944,2212.3100926545494,1925.3467407915548,2151.4263,Model 3,train
Mongolia,MNG,East Asia & Pacific,2009,2010,2625.2188,1770.4745,1770.4745454543868,1781.804701966234,2155.8167271726848,1891.5289,Model 3,train
Mongolia,MNG,East Asia & Pacific,2010,2011,3736.042,2831.1992,2831.199053443186,2793.8939702959774,3359.81783931517,3033.6936,Model 3,train
Mongolia,MNG,East Asia & Pacific,2011,2012,4328.89,4004.1458,4004.145446805186,3947.045709726044,4092.487393021455,3709.802,Model 3,train
Mongolia,MNG,East Asia & Pacific,2012,2013,4340.1431,4627.602,4627.601535906822,4559.011389666242,4311.446922858159,4064.206,Model 3,train
Mongolia,MNG,East Asia & Pacific,2013,2014,4126.2398,4634.516,4634.515581900954,4573.460875023261,4232.960549833369,3985.1868,Model 3,train
Mongolia,MNG,East Asia & Pacific,2014,2015,3838.9213,4407.1142,4407.1138722164,4354.697466846081,3957.020719406059,3702.0833,Model 3,train
Mongolia,MNG,East Asia & Pacific,2015,2016,3619.9003,4095.4977,4095.4974717485416,4057.3832372215784,3812.4421773169256,3581.7888,Model 3,train
Mongolia,MNG,East Asia & Pacific,2016,2017,3645.9671,3855.366,3855.365761394469,3823.609536938459,3643.695153424622,3594.1858,Model 3,train
Mongolia,MNG,East Asia & Pacific,2017,2018,4107.6429,3882.6235,3882.623257093379,3850.6233318228,3897.510552795336,3525.0007,Model 3,train
Mozambique,MOZ,Sub-Saharan Africa ,2005,2006,457.4876,464.4596,464.4595933513269,469.01149469932335,461.0258133190857,472.1914,Model 3,train
Mozambique,MOZ,Sub-Saharan Africa ,2006,2007,507.8749,486.5865,486.58648389729086,490.86616760337023,501.1166835076023,492.86057,Model 3,train
Mozambique,MOZ,Sub-Saharan Africa ,2007,2008,592.1591,538.7795,538.7794512285586,543.8795224544772,572.4067033943928,562.3365,Model 3,train
Mozambique,MOZ,Sub-Saharan Africa ,2008,2009,547.6971,600.4166,600.4166044858388,615.7275602042204,593.2181208997577,618.0913,Model 3,train
Mozambique,MOZ,Sub-Saharan Africa ,2009,2010,496.1858,554.8331,554.8331141855707,570.8626696468002,534.7451678242164,583.6574,Model 3,train
Mozambique,MOZ,Sub-Saharan Africa ,2010,2011,618.1765,526.4034,526.4033699007443,532.6324838881784,605.2542624703811,568.1951,Model 3,train
Mozambique,MOZ,Sub-Saharan Africa ,2011,2012,685.6857,653.3918,653.3918144445217,660.8464644672366,661.1373397721095,676.55035,Model 3,train
Mozambique,MOZ,Sub-Saharan Africa ,2012,2013,686.5057,722.54,722.5400321433839,731.9637913643674,690.7038874067258,745.3273,Model 3,train
Mozambique,MOZ,Sub-Saharan Africa ,2013,2014,697.1427,723.595,723.5950299406728,733.4862135235566,693.0566900079285,732.8954,Model 3,train
Mozambique,MOZ,Sub-Saharan Africa ,2014,2015,610.5638,734.4638,734.4638262324918,745.3456577016277,670.1928710836187,715.76294,Model 3,train
Mozambique,MOZ,Sub-Saharan Africa ,2015,2016,441.4897,644.7261,644.7261324637439,655.3586212079139,551.2823195256718,603.0433,Model 3,train
Mozambique,MOZ,Sub-Saharan Africa ,2016,2017,470.9386,469.6864,469.6864204433848,477.8136377716737,477.3017015151672,478.9684,Model 3,train
Mozambique,MOZ,Sub-Saharan Africa ,2017,2018,517.5073,500.2257,500.2256927634308,509.36613683334264,538.5904593446498,533.3924,Model 3,train
Mauritania,MRT,Sub-Saharan Africa ,1997,1998,821.2664,835.8275,835.8275585195954,863.3052050944129,820.7247838031562,744.8008,Model 3,train
Mauritania,MRT,Sub-Saharan Africa ,1998,1999,781.337,799.7217,799.7217640533923,826.2492459655066,792.9263277187588,744.8008,Model 3,train
Mauritania,MRT,Sub-Saharan Africa ,1999,2000,680.9111,838.253,838.2530858210414,846.0297418249178,742.3396322192931,719.7004,Model 3,train
Mauritania,MRT,Sub-Saharan Africa ,2000,2001,651.8178,731.9879,731.987985928521,740.0525185564114,666.6866828585943,655.1394,Model 3,train
Mauritania,MRT,Sub-Saharan Africa ,2001,2002,648.8796,701.3632,701.3633244324112,709.6070993863261,652.5052300404748,614.26996,Model 3,train
Mauritania,MRT,Sub-Saharan Africa ,2002,2003,732.0178,698.123,698.1231230035296,706.907078427444,698.1539440251959,653.91626,Model 3,train
Mauritania,MRT,Sub-Saharan Africa ,2003,2004,823.5545,786.2178,786.2178538743278,795.7382529145618,812.7291601749424,823.53253,Model 3,train
Mauritania,MRT,Sub-Saharan Africa ,2004,2005,998.9658,883.6278,883.6279301944116,893.3581516368952,943.5512937869852,864.09357,Model 3,train
Mauritania,MRT,Sub-Saharan Africa ,2005,2006,1300.6037,1068.7863,1068.7864008350507,1079.4885807365606,1223.6381154157098,1077.7607,Model 3,train
Mauritania,MRT,Sub-Saharan Africa ,2006,2007,1405.1502,1384.2185,1384.2185651133748,1397.889408570294,1414.5848054739738,1378.9457,Model 3,train
Mauritania,MRT,Sub-Saharan Africa ,2007,2008,1635.5631,1493.2869,1493.286992392182,1507.897011129675,1622.9912754028676,1604.9983,Model 3,train
Mauritania,MRT,Sub-Saharan Africa ,2008,2009,1435.4301,1659.3159,1659.3159935666204,1703.545165632171,1527.888619129644,1624.9492,Model 3,train
Mauritania,MRT,Sub-Saharan Africa ,2009,2010,1659.9637,1457.0967,1457.0967810244413,1499.3307780971272,1568.4892391581477,1555.0541,Model 3,train
Mauritania,MRT,Sub-Saharan Africa ,2010,2011,1931.1998,1755.3668,1755.3668281846171,1774.0954988969947,1814.2059214581675,1839.1799,Model 3,train
Mauritania,MRT,Sub-Saharan Africa ,2011,2012,1859.1173,2035.5148,2035.514838659219,2055.987857382445,1919.5696359504848,1998.4158,Model 3,train
Mauritania,MRT,Sub-Saharan Africa ,2012,2013,1934.241,1958.8449,1958.8449463433597,1979.8694060737216,1888.27822865932,1883.7314,Model 3,train
Mauritania,MRT,Sub-Saharan Africa ,2013,2014,1713.0087,2034.3853,2034.3853442788131,2057.0324040782316,1847.4122491705857,1934.4058,Model 3,train
Mauritania,MRT,Sub-Saharan Africa ,2014,2015,1554.949,1801.3875,1801.3875989560493,1826.800488248404,1667.027856858719,1692.2327,Model 3,train
Mauritania,MRT,Sub-Saharan Africa ,2015,2016,1565.7658,1634.1967,1634.196852431259,1661.8143650516347,1609.7058704266742,1610.0259,Model 3,train
Mauritania,MRT,Sub-Saharan Africa ,2016,2017,1615.004,1643.4872,1643.4873339873327,1673.1775907031815,1647.3361012425637,1642.7314,Model 3,train
Mauritania,MRT,Sub-Saharan Africa ,2017,2018,1722.9353,1692.9502,1692.9503126872316,1724.4310104758315,1691.304139718864,1681.0311,Model 3,train
Mauritius,MUS,Sub-Saharan Africa ,1996,1997,3695.7367,4202.4942,4202.494548401715,4222.467425881751,3859.239935502535,3588.0588,Model 3,train
Mauritius,MUS,Sub-Saharan Africa ,1997,1998,3641.6214,3568.7525,3568.752802840742,3678.768767290717,3741.0531145661457,3550.5137,Model 3,train
Mauritius,MUS,Sub-Saharan Africa ,1998,1999,3745.6963,3513.6351,3513.6353505892635,3625.293241958577,3724.766044794287,3595.3926,Model 3,train
Mauritius,MUS,Sub-Saharan Africa ,1999,2000,3981.9834,3976.4291,3976.429421914509,4004.5072192958414,3910.556446262603,3974.044,Model 3,train
Mauritius,MUS,Sub-Saharan Africa ,2000,2001,3908.5569,4218.8449,4218.845261779608,4254.867615295421,3968.84176691491,4100.049,Model 3,train
Mauritius,MUS,Sub-Saharan Africa ,2001,2002,4073.0605,4138.9089,4138.909293965058,4176.32407864215,4028.609794887216,4122.091,Model 3,train
Mauritius,MUS,Sub-Saharan Africa ,2002,2003,4858.2658,4307.8747,4307.875061314229,4347.044050007647,4507.557848552373,4435.684,Model 3,train
Mauritius,MUS,Sub-Saharan Africa ,2003,2004,5460.608,5116.2683,5116.268645425829,5162.727503583094,5434.68705102993,5452.6865,Model 3,train
Mauritius,MUS,Sub-Saharan Africa ,2004,2005,5354.0297,5735.2533,5735.253584226193,5785.544454074271,5635.04437865024,5889.247,Model 3,train
Mauritius,MUS,Sub-Saharan Africa ,2005,2006,5784.2249,5619.0782,5619.078507419156,5673.430728469272,5698.793398594493,5931.216,Model 3,train
Mauritius,MUS,Sub-Saharan Africa ,2006,2007,6677.3496,6060.7464,6060.746732654222,6114.551521732265,6688.9617770113655,6591.4873,Model 3,train
Mauritius,MUS,Sub-Saharan Africa ,2007,2008,8140.5081,6970.416,6970.416243953828,7033.269231129459,7875.698368369875,7456.5503,Model 3,train
Mauritius,MUS,Sub-Saharan Africa ,2008,2009,7426.8865,8103.7156,8103.7159240874225,8307.343733094385,7800.885629718604,7666.3823,Model 3,train
Mauritius,MUS,Sub-Saharan Africa ,2009,2010,8113.1767,7391.2546,7391.254948090942,7594.898476121971,8080.096694789834,8259.208,Model 3,train
Mauritius,MUS,Sub-Saharan Africa ,2010,2011,9324.2423,8402.7791,8402.779306031323,8498.504626108717,8809.886123981234,8607.643,Model 3,train
Mauritius,MUS,Sub-Saharan Africa ,2011,2012,9421.5251,9620.4613,9620.461545207474,9736.284371432565,9572.69042541106,10000.221,Model 3,train
Mauritius,MUS,Sub-Saharan Africa ,2012,2013,9877.1387,9714.0229,9714.023209360024,9841.701884174854,9873.624838283868,9801.0205,Model 3,train
Mauritius,MUS,Sub-Saharan Africa ,2013,2014,10490.3316,10156.9808,10156.98118465782,10303.228618140853,10400.242650634073,9770.513,Model 3,train
Mauritius,MUS,Sub-Saharan Africa ,2014,2015,9630.5438,10756.786,10756.786394173154,10924.942267044498,10241.370257228333,9608.208,Model 3,train
Mauritius,MUS,Sub-Saharan Africa ,2015,2016,10095.1226,9865.3451,9865.34574990209,10045.71788029932,10010.431210546274,9785.274,Model 3,train
Mauritius,MUS,Sub-Saharan Africa ,2016,2017,10986.7034,10321.2565,10321.257160960558,10513.111444021002,10693.55085877065,10395.153,Model 3,train
Mauritius,MUS,Sub-Saharan Africa ,2017,2018,11818.7481,11206.4871,11206.487644672065,11415.147915524152,11458.443050360833,11217.16,Model 3,train
Malawi,MWI,Sub-Saharan Africa ,1997,1998,236.0455,354.24,354.2400137662653,363.6994441912773,287.85811443883404,329.04437,Model 3,train
Malawi,MWI,Sub-Saharan Africa ,1998,1999,233.936,230.1136,230.11356273976767,236.1896907753479,236.89922625043857,234.66052,Model 3,train
Malawi,MWI,Sub-Saharan Africa ,1999,2000,224.2242,251.9706,251.97063816456728,251.81137817346016,232.67723682965593,241.87025,Model 3,train
Malawi,MWI,Sub-Saharan Africa ,2000,2001,215.4745,241.2044,241.20437048456523,242.00727570880676,234.5530437695767,230.79816,Model 3,train
Malawi,MWI,Sub-Saharan Africa ,2001,2002,428.2104,231.7881,231.7880937642412,233.1384806020716,298.4735589305989,224.73593,Model 3,train
Malawi,MWI,Sub-Saharan Africa ,2002,2003,383.3486,455.2372,455.2371580777331,456.83495467324695,413.3309126194292,446.63205,Model 3,train
Malawi,MWI,Sub-Saharan Africa ,2003,2004,404.6742,408.3238,408.32377033449154,410.9871800984155,411.3318205307722,380.77032,Model 3,train
Malawi,MWI,Sub-Saharan Africa ,2004,2005,414.3611,431.2782,431.2781555957926,434.4096278209943,423.85793604010775,440.09238,Model 3,train
Malawi,MWI,Sub-Saharan Africa ,2005,2006,440.8221,442.1684,442.16837372870066,445.6154618300832,436.63773629692565,440.09238,Model 3,train
Malawi,MWI,Sub-Saharan Africa ,2006,2007,475.1803,470.164,470.1640276227867,474.30468587215006,475.0061912574539,461.6355,Model 3,train
Malawi,MWI,Sub-Saharan Africa ,2007,2008,554.0488,505.8928,505.8927944013083,511.2079699263854,546.4387996360828,542.4401,Model 3,train
Malawi,MWI,Sub-Saharan Africa ,2008,2009,625.8697,563.7729,563.7729251686087,579.3545038068278,595.8555923248159,533.968,Model 3,train
Malawi,MWI,Sub-Saharan Africa ,2009,2010,683.1247,635.8439,635.8438756222089,653.6305253219795,672.9228982874461,657.154,Model 3,train
Malawi,MWI,Sub-Saharan Africa ,2010,2011,763.061,723.9371,723.9371137503806,732.3489217313254,743.0747952887474,743.277,Model 3,train
Malawi,MWI,Sub-Saharan Africa ,2011,2012,558.4621,807.4749,807.4749086068813,817.3495732132902,679.9704916723351,792.90625,Model 3,train
Malawi,MWI,Sub-Saharan Africa ,2012,2013,496.9474,595.3804,595.3804531665285,603.3421756932369,515.4903564232505,584.5596,Model 3,train
Malawi,MWI,Sub-Saharan Africa ,2013,2014,529.5133,531.4347,531.4347458131584,539.0431101916965,530.9142516876531,539.9591,Model 3,train
Malawi,MWI,Sub-Saharan Africa ,2014,2015,539.6054,565.3956,565.3956793895358,574.1979013760831,523.7287661182291,531.95526,Model 3,train
Malawi,MWI,Sub-Saharan Africa ,2015,2016,450.5061,575.836,575.8360850854882,585.3537209082564,492.207553455847,533.6633,Model 3,train
Malawi,MWI,Sub-Saharan Africa ,2016,2017,495.7697,482.2155,482.21553882504406,491.25989825074345,496.6175990185977,488.48114,Model 3,train
Malawi,MWI,Sub-Saharan Africa ,2017,2018,533.2026,528.9426,528.9426174006949,539.9667442395929,526.8727440548699,532.543,Model 3,train
Malaysia,MYS,East Asia & Pacific,1992,1993,3461.995,3425.3882,3425.388316787735,3391.3322065894185,3435.341941878409,3170.6965,Model 3,train
Malaysia,MYS,East Asia & Pacific,1993,1994,3757.6529,3766.3778,3766.377839275794,3728.645986764998,3769.141543530171,3965.7678,Model 3,train
Malaysia,MYS,East Asia & Pacific,1994,1995,4363.1446,4080.7438,4080.743845895528,4038.17252130516,4240.751221728641,4012.1438,Model 3,train
Malaysia,MYS,East Asia & Pacific,1995,1996,4837.169,4724.3047,4724.304650690353,4671.12527056458,4700.015476597357,4517.234,Model 3,train
Malaysia,MYS,East Asia & Pacific,1996,1997,4678.5639,5225.4939,5225.493772059775,5164.69956335537,4749.390977391701,4982.4863,Model 3,train
Malaysia,MYS,East Asia & Pacific,1997,1998,3294.3098,4585.0427,4585.042549255203,4651.262839742618,4107.270513483439,4685.53,Model 3,train
Malaysia,MYS,East Asia & Pacific,1998,1999,3527.8158,3241.287,3241.2870187404274,3299.591597544406,3550.8214924353983,3301.9712,Model 3,train
Malaysia,MYS,East Asia & Pacific,1999,2000,4083.5287,3809.4171,3809.417165445843,3788.6425208839646,4036.4404924823702,3729.0132,Model 3,train
Malaysia,MYS,East Asia & Pacific,2000,2001,3943.7994,4385.5388,4385.5389264271,4370.94634291226,4141.176979898741,4299.704,Model 3,train
Malaysia,MYS,East Asia & Pacific,2001,2002,4184.0316,4229.5702,4229.570412383899,4225.077425423631,4198.62019221443,4443.521,Model 3,train
Malaysia,MYS,East Asia & Pacific,2002,2003,4465.3219,4474.869,4474.869276199551,4477.251722425501,4503.156540585024,5059.9453,Model 3,train
Malaysia,MYS,East Asia & Pacific,2003,2004,4939.2485,4764.4795,4764.4797484011,4770.733683492929,4912.297633895381,5277.058,Model 3,train
Malaysia,MYS,East Asia & Pacific,2004,2005,5555.5818,5249.0919,5249.092262596061,5264.985303948005,5601.636766664367,5979.81,Model 3,train
Malaysia,MYS,East Asia & Pacific,2005,2006,6158.4079,5881.9467,5881.947105746338,5906.714219908613,6133.582394021111,6567.3364,Model 3,train
Malaysia,MYS,East Asia & Pacific,2006,2007,7168.9303,6502.6361,6502.6365352139455,6532.704243881132,7117.032547389552,7134.5913,Model 3,train
Malaysia,MYS,East Asia & Pacific,2007,2008,8371.8216,7537.489,7537.489495161724,7577.886773732995,8366.402209251903,8126.393,Model 3,train
Malaysia,MYS,East Asia & Pacific,2008,2009,7191.4329,8406.8306,8406.831090558566,8585.609433181146,8144.66276834128,8636.5205,Model 3,train
Malaysia,MYS,East Asia & Pacific,2009,2010,8899.3451,7228.2408,7228.241400034554,7397.427602376859,8196.72064051018,7773.465,Model 3,train
Malaysia,MYS,East Asia & Pacific,2010,2011,10217.1069,9306.8999,9306.900110676965,9350.977835510605,10093.562787898809,9999.61,Model 3,train
Malaysia,MYS,East Asia & Pacific,2011,2012,10600.5744,10644.1282,10644.128389891694,10697.683214522303,10516.07368044317,10721.286,Model 3,train
Malaysia,MYS,East Asia & Pacific,2012,2013,10713.6408,11011.9494,11011.949596199036,11084.14768795432,10783.906018667554,11429.566,Model 3,train
Malaysia,MYS,East Asia & Pacific,2013,2014,11013.3107,11147.0197,11147.019510486503,11190.157114742584,10904.97339619022,11020.52,Model 3,train
Malaysia,MYS,East Asia & Pacific,2014,2015,9648.6798,11424.3802,11424.38017374563,11485.43961166166,10428.537256688513,10591.56,Model 3,train
Malaysia,MYS,East Asia & Pacific,2015,2016,9476.5341,9998.3051,9998.305338311502,10084.507480932569,9700.034009525636,9540.267,Model 3,train
Malaysia,MYS,East Asia & Pacific,2016,2017,9862.5481,9794.1473,9794.147796932462,9903.83275629822,9878.723119200253,10113.325,Model 3,train
Malaysia,MYS,East Asia & Pacific,2017,2018,10901.802,10180.5237,10180.52408071916,10294.942898508156,10480.693544270473,10708.41,Model 3,train
Namibia,NAM,Sub-Saharan Africa ,2003,2004,3403.155,2664.6424,2664.641971297176,2651.8292973010903,3129.136981009361,2998.3042,Model 3,train
Namibia,NAM,Sub-Saharan Africa ,2004,2005,3685.773,3510.2138,3510.2131181068353,3489.9320829249114,3658.677864823079,3804.208,Model 3,train
Namibia,NAM,Sub-Saharan Africa ,2005,2006,4017.1835,3794.5898,3794.589018402954,3773.5614784092377,3968.097400920516,4257.8623,Model 3,train
Namibia,NAM,Sub-Saharan Africa ,2006,2007,4379.0431,4131.9784,4131.977559321965,4107.697743196716,4337.862234787335,4417.6367,Model 3,train
Namibia,NAM,Sub-Saharan Africa ,2007,2008,4204.7856,4499.9771,4499.976159989564,4474.16172627144,4428.030196854661,4802.182,Model 3,train
Namibia,NAM,Sub-Saharan Africa ,2008,2009,4302.9137,4141.4355,4141.434750045561,4191.257649084914,4412.960693768746,4315.895,Model 3,train
Namibia,NAM,Sub-Saharan Africa ,2009,2010,5418.2163,4235.3381,4235.3373392396325,4289.6089142989595,4941.402209952782,4643.466,Model 3,train
Namibia,NAM,Sub-Saharan Africa ,2010,2011,5834.7918,5538.9957,5538.994566893366,5522.96993011539,5667.8909816303085,5838.5425,Model 3,train
Namibia,NAM,Sub-Saharan Africa ,2011,2012,5942.6468,5959.5157,5959.514370535549,5940.818382651882,5951.412464799367,6034.239,Model 3,train
Namibia,NAM,Sub-Saharan Africa ,2012,2013,5346.6213,6074.2995,6074.298242126985,6058.294827148192,5734.495381122462,5913.8926,Model 3,train
Namibia,NAM,Sub-Saharan Africa ,2013,2014,5378.3233,5470.702,5470.700983861809,5468.742420635855,5344.380225191223,5333.3184,Model 3,train
Namibia,NAM,Sub-Saharan Africa ,2014,2015,4774.1065,5502.9977,5502.9967178328525,5506.7928031417905,4938.219523664526,5123.483,Model 3,train
Namibia,NAM,Sub-Saharan Africa ,2015,2016,4395.6878,4875.9541,4875.953523076829,4905.442286024104,4680.987096825506,4809.5107,Model 3,train
Namibia,NAM,Sub-Saharan Africa ,2016,2017,5143.9607,4490.2705,4490.270041000149,4529.877823694274,4801.2177436283,4438.0024,Model 3,train
Namibia,NAM,Sub-Saharan Africa ,2017,2018,5308.6081,5235.1851,5235.1846856336415,5288.40093792973,5235.9052259553855,5206.842,Model 3,train
New Caledonia,NCL,East Asia & Pacific,2011,2012,35559.5672,40165.1617,40165.156586314806,39524.82969017847,35929.751732262084,34144.227,Model 3,train
New Caledonia,NCL,East Asia & Pacific,2012,2013,36671.1567,36724.9241,36724.920664983765,36261.92078668206,36343.53429234679,33284.516,Model 3,train
New Caledonia,NCL,East Asia & Pacific,2013,2014,37816.9559,37746.6551,37746.652331249694,37365.0463103711,36658.74291636898,35138.156,Model 3,train
New Caledonia,NCL,East Asia & Pacific,2014,2015,30858.7237,38834.6115,38834.60884270893,38495.71746373384,33792.65653921211,32004.855,Model 3,train
New Caledonia,NCL,East Asia & Pacific,2015,2016,30782.8544,31745.2791,31745.277883138,31546.743850839262,30845.189605832627,27388.992,Model 3,train
Niger,NER,Sub-Saharan Africa ,1996,1997,220.563,257.2863,257.28634920787545,258.86804716735884,226.6707729780477,236.19423,Model 3,train
Niger,NER,Sub-Saharan Africa ,1997,1998,246.0909,215.3141,215.31409504999772,222.51996209942337,231.94966340763276,228.35013,Model 3,train
Niger,NER,Sub-Saharan Africa ,1998,1999,228.2717,239.9159,239.91595020259803,247.876152226358,232.9351113738539,251.80959,Model 3,train
Niger,NER,Sub-Saharan Africa ,1999,2000,194.772,245.2039,245.2039396356793,247.6693217803735,218.4842496350395,224.07623,Model 3,train
Niger,NER,Sub-Saharan Africa ,2000,2001,205.4179,209.9481,209.94810701930513,212.2580107383575,204.83547720065997,217.02385,Model 3,train
Niger,NER,Sub-Saharan Africa ,2001,2002,225.2944,221.295,221.29502201120437,223.78030332101673,223.41201952478497,217.88614,Model 3,train
Niger,NER,Sub-Saharan Africa ,2002,2003,265.2254,242.3293,242.3292977398469,245.16813863341923,258.3649437061367,240.36261,Model 3,train
Niger,NER,Sub-Saharan Africa ,2003,2004,283.4683,284.4222,284.4222506675676,287.92743906571485,279.0293912232177,278.49902,Model 3,train
Niger,NER,Sub-Saharan Africa ,2004,2005,318.6431,303.82,303.8200539793539,307.63431020458967,320.6509125598571,317.39774,Model 3,train
Niger,NER,Sub-Saharan Africa ,2005,2006,333.3451,341.4261,341.4261383330799,345.3498700655594,337.0145752869335,361.83752,Model 3,train
Niger,NER,Sub-Saharan Africa ,2006,2007,387.1681,356.608,356.607981451225,361.3801004906784,377.78883889344934,369.45123,Model 3,train
Niger,NER,Sub-Saharan Africa ,2007,2008,475.045,413.3404,413.3404590892211,418.7938133088899,457.63348585182456,436.41068,Model 3,train
Niger,NER,Sub-Saharan Africa ,2008,2009,461.1315,484.9856,484.9856099316697,498.61872712118713,505.1648206904073,484.54388,Model 3,train
Niger,NER,Sub-Saharan Africa ,2009,2010,474.4257,470.1803,470.180369631871,484.68257426228104,483.3503376698671,485.93192,Model 3,train
Niger,NER,Sub-Saharan Africa ,2010,2011,510.7596,505.0649,505.06496148469654,512.0366798002756,516.9817048128464,525.48737,Model 3,train
Niger,NER,Sub-Saharan Africa ,2011,2012,528.5101,543.259,543.259043037827,550.5856076974604,537.0403089909587,538.341,Model 3,train
Niger,NER,Sub-Saharan Africa ,2012,2013,552.1033,561.2486,561.2486286465008,569.3789650509638,534.7486618161917,542.7095,Model 3,train
Niger,NER,Sub-Saharan Africa ,2013,2014,565.3099,585.953,585.9530321591675,594.2998307502312,546.1345169848875,567.51385,Model 3,train
Niger,NER,Sub-Saharan Africa ,2014,2015,485.6626,599.2641,599.2641083034023,608.2197992638079,520.2880552014853,545.9456,Model 3,train
Niger,NER,Sub-Saharan Africa ,2015,2016,502.7065,515.6197,515.6197684465986,524.1529680140667,506.03463317610255,519.4809,Model 3,train
Niger,NER,Sub-Saharan Africa ,2016,2017,521.8041,533.1776,533.1775830431347,542.2081106275177,518.0692330620337,547.63776,Model 3,train
Niger,NER,Sub-Saharan Africa ,2017,2018,578.568,552.046,552.0460593634391,562.3193077614724,546.64343027647,575.398,Model 3,train
Nigeria,NGA,Sub-Saharan Africa ,1996,1997,1720.2754,1696.5474,1696.546996098032,1688.1675330627725,1494.9976742543197,1371.4884,Model 3,train
Nigeria,NGA,Sub-Saharan Africa ,1997,1998,1822.47,1614.5621,1614.5617690154909,1652.7941322857514,1395.9103350790474,1344.0632,Model 3,train
Nigeria,NGA,Sub-Saharan Africa ,1998,1999,480.6694,1708.4626,1708.4622466330463,1748.2505199260129,1196.8364092305917,1281.7059,Model 3,train
Nigeria,NGA,Sub-Saharan Africa ,1999,2000,547.3183,506.6469,506.6468753309854,510.7518249421468,508.7289005824677,465.4927,Model 3,train
Nigeria,NGA,Sub-Saharan Africa ,2000,2001,566.4282,575.693,575.692978010509,580.1523943343542,580.4853997693458,493.5927,Model 3,train
Nigeria,NGA,Sub-Saharan Africa ,2001,2002,712.1649,596.5225,596.5224770753749,600.0715447340467,682.4269636385018,537.7045,Model 3,train
Nigeria,NGA,Sub-Saharan Africa ,2002,2003,763.3887,746.3852,746.3850802760588,750.8376494034283,776.251128882701,724.3849,Model 3,train
Nigeria,NGA,Sub-Saharan Africa ,2003,2004,962.481,799.2897,799.2896399542718,804.0856064152003,949.9599222358888,787.38165,Model 3,train
Nigeria,NGA,Sub-Saharan Africa ,2004,2005,1211.377,1003.9178,1003.9176568283448,1008.9832611031252,1120.158007558912,1040.3434,Model 3,train
Nigeria,NGA,Sub-Saharan Africa ,2005,2006,1599.5389,1258.3534,1258.35316144379,1263.5500648130733,1423.558544870554,1330.0632,Model 3,train
Nigeria,NGA,Sub-Saharan Africa ,2006,2007,1815.527,1650.0761,1650.075791512217,1658.097604747041,1740.3900678479083,1731.6418,Model 3,train
Nigeria,NGA,Sub-Saharan Africa ,2007,2008,2154.1054,1867.3358,1867.335441933708,1877.417135739818,1984.8518929478396,1841.7091,Model 3,train
Nigeria,NGA,Sub-Saharan Africa ,2008,2009,1820.4863,2116.2625,2116.262113053769,2161.186730018007,2027.994596764596,2065.7798,Model 3,train
Nigeria,NGA,Sub-Saharan Africa ,2009,2010,2202.2567,1792.2966,1792.2962439725518,1833.5258281673025,2005.8795214077893,1810.7092,Model 3,train
Nigeria,NGA,Sub-Saharan Africa ,2010,2011,2418.4132,2255.8134,2255.812871333524,2267.4819686067544,2392.5205798443426,2316.4028,Model 3,train
Nigeria,NGA,Sub-Saharan Africa ,2011,2012,2633.1973,2469.3631,2469.3625412135584,2484.072848987262,2582.9942033720095,2335.9927,Model 3,train
Nigeria,NGA,Sub-Saharan Africa ,2012,2013,2872.7908,2682.541,2682.5403588120516,2698.8608851625627,2760.0246262556384,2587.0278,Model 3,train
Nigeria,NGA,Sub-Saharan Africa ,2013,2014,3088.7213,2916.5555,2916.554818080032,2937.5788180501536,2932.8697928103657,2708.3018,Model 3,train
Nigeria,NGA,Sub-Saharan Africa ,2014,2015,2585.7336,3128.2218,3128.221045688168,3151.8946224519063,2793.712634768908,2638.724,Model 3,train
Nigeria,NGA,Sub-Saharan Africa ,2015,2016,2070.4127,2623.4062,2623.4056549689935,2647.4774034326983,2351.088215416398,2302.2913,Model 3,train
Nigeria,NGA,Sub-Saharan Africa ,2016,2017,1876.3403,2108.3425,2108.342049536607,2130.259873900452,1990.613716943089,2032.9153,Model 3,train
Nigeria,NGA,Sub-Saharan Africa ,2017,2018,2057.8794,1911.969,1911.9686679849249,1934.4620743244584,1997.5064697411535,1955.0001,Model 3,train
Nicaragua,NIC,Latin America & Caribbean ,2000,2001,1051.8742,1109.3557,1109.3558315905875,1108.317008608461,1043.117916924297,1056.6246,Model 3,train
Nicaragua,NIC,Latin America & Caribbean ,2001,2002,1014.3339,1146.2001,1146.200208745276,1145.9975012427633,1033.9416862122482,1099.9624,Model 3,train
Nicaragua,NIC,Latin America & Caribbean ,2002,2003,1021.3522,1105.8614,1105.8614847435167,1107.4727835081203,1047.624408543344,1094.5471,Model 3,train
Nicaragua,NIC,Latin America & Caribbean ,2003,2004,1098.6212,1113.9307,1113.9308586144025,1116.1449267192102,1091.4666018908842,1156.2007,Model 3,train
Nicaragua,NIC,Latin America & Caribbean ,2004,2005,1183.3021,1197.8084,1197.8084661339276,1199.7827413893629,1211.1675650483464,1278.3898,Model 3,train
Nicaragua,NIC,Latin America & Caribbean ,2005,2006,1248.1737,1289.4439,1289.4439947389162,1291.6453341204106,1273.3355711836673,1379.906,Model 3,train
Nicaragua,NIC,Latin America & Caribbean ,2006,2007,1350.3815,1358.8102,1358.8103522036374,1361.627747564446,1358.184309015434,1394.1202,Model 3,train
Nicaragua,NIC,Latin America & Caribbean ,2007,2008,1523.6844,1467.7467,1467.746837872057,1470.2936226532952,1536.113967685962,1581.6099,Model 3,train
Nicaragua,NIC,Latin America & Caribbean ,2008,2009,1467.0829,1583.1426,1583.1426914990932,1610.8427269106262,1549.6252867289286,1639.8138,Model 3,train
Nicaragua,NIC,Latin America & Caribbean ,2009,2010,1526.5671,1518.8544,1518.854586065279,1551.6213482714595,1535.2090714152953,1717.9203,Model 3,train
Nicaragua,NIC,Latin America & Caribbean ,2010,2011,1679.7119,1648.3743,1648.3744050608807,1656.2516974822602,1629.4524585994764,1720.8685,Model 3,train
Nicaragua,NIC,Latin America & Caribbean ,2011,2012,1784.6984,1811.1308,1811.1309569698449,1818.338105135753,1821.395623562379,1894.1221,Model 3,train
Nicaragua,NIC,Latin America & Caribbean ,2012,2013,1835.44,1920.5824,1920.582472655176,1929.7402275131992,1891.009963966625,1962.2578,Model 3,train
Nicaragua,NIC,Latin America & Caribbean ,2013,2014,1958.3705,1971.9937,1971.9937915654284,1982.5329884541145,1941.322912467174,1951.9829,Model 3,train
Nicaragua,NIC,Latin America & Caribbean ,2014,2015,2074.4562,2099.6126,2099.6127202684243,2111.919466096221,2079.144573889216,2114.725,Model 3,train
Nicaragua,NIC,Latin America & Caribbean ,2015,2016,2131.687,2218.5676,2218.567675096011,2233.236127689201,2156.8652314144542,2219.0203,Model 3,train
Nicaragua,NIC,Latin America & Caribbean ,2016,2017,2182.6138,2274.8491,2274.849213745402,2293.308789071703,2183.38801571293,2347.195,Model 3,train
Nicaragua,NIC,Latin America & Caribbean ,2017,2018,2035.1655,2323.685,2323.685195364881,2346.349337194327,2129.859717521843,2428.843,Model 3,train
Netherlands,NLD,Europe & Central Asia,1991,1992,23939.2173,23414.7048,23414.7024645902,22774.467177561502,23452.030786831845,23096.729,Model 3,train
Netherlands,NLD,Europe & Central Asia,1992,1993,23156.4404,25705.773,25705.77006221127,24991.744969855863,24136.824299457225,25286.652,Model 3,train
Netherlands,NLD,Europe & Central Asia,1993,1994,24682.5867,24841.5511,24841.54819141155,24161.058688668087,24240.832056262967,23473.586,Model 3,train
Netherlands,NLD,Europe & Central Asia,1994,1995,29301.194,26436.1551,26436.151968470425,25724.714881289645,27457.5924216701,26451.555,Model 3,train
Netherlands,NLD,Europe & Central Asia,1995,1996,29063.6237,31243.3738,31243.369608596797,30402.03894231737,28706.108498279737,28776.049,Model 3,train
Netherlands,NLD,Europe & Central Asia,1996,1997,26744.9601,30949.7037,30949.699654628337,30143.152950438784,27590.74872474573,28176.229,Model 3,train
Netherlands,NLD,Europe & Central Asia,1997,1998,27924.2818,25849.1606,25849.157661854915,25866.88524549572,27403.832949863187,27445.078,Model 3,train
Netherlands,NLD,Europe & Central Asia,1998,1999,28318.7467,26895.5141,26895.51134884893,26968.47604635833,28035.915566901374,28910.45,Model 3,train
Netherlands,NLD,Europe & Central Asia,1999,2000,26225.1698,29877.5148,29877.513225690134,29354.92612491111,27944.956328152344,29408.77,Model 3,train
Netherlands,NLD,Europe & Central Asia,2000,2001,26955.7128,27654.6617,27654.660745916965,27222.811550817627,26794.04242827984,28026.607,Model 3,train
Netherlands,NLD,Europe & Central Asia,2001,2002,29446.5331,28366.8407,28366.839898311373,27957.485171069,28908.137753971037,29151.816,Model 3,train
Netherlands,NLD,Europe & Central Asia,2002,2003,35896.7505,30813.9734,30813.973198083713,30466.52679770741,33820.80583671121,32732.316,Model 3,train
Netherlands,NLD,Europe & Central Asia,2003,2004,40611.3414,37382.6034,37382.60264185694,36965.843934784985,40009.61243822057,39570.918,Model 3,train
Netherlands,NLD,Europe & Central Asia,2004,2005,42165.3962,42148.5676,42148.5667941248,41731.00141166723,43401.22139349671,44347.85,Model 3,train
Netherlands,NLD,Europe & Central Asia,2005,2006,45123.5432,43556.2804,43556.28095585456,43285.96211054806,45487.4095069022,46205.95,Model 3,train
Netherlands,NLD,Europe & Central Asia,2006,2007,52100.7996,46515.5475,46515.54800585689,46256.240034685194,50073.05810201585,48814.004,Model 3,train
Netherlands,NLD,Europe & Central Asia,2007,2008,58246.7027,53554.3818,53554.38169434284,53246.1373559675,56951.72415326605,56193.9,Model 3,train
Netherlands,NLD,Europe & Central Asia,2008,2009,53172.0262,57177.025,57177.02559347917,57805.11530341912,55800.74232348076,54853.812,Model 3,train
Netherlands,NLD,Europe & Central Asia,2009,2010,51305.7339,52203.5817,52203.58309870846,52876.61163810556,50870.837033062046,54168.902,Model 3,train
Netherlands,NLD,Europe & Central Asia,2010,2011,54701.7728,52595.1925,52595.19282599014,52416.09868735858,53225.42787360243,51350.934,Model 3,train
Netherlands,NLD,Europe & Central Asia,2011,2012,50473.9442,56014.5956,56014.59568687283,55828.2987117641,52081.00156414538,54415.363,Model 3,train
Netherlands,NLD,Europe & Central Asia,2012,2013,52602.2861,51681.5878,51681.588275089234,51561.84287649002,51418.082741570106,49905.824,Model 3,train
Netherlands,NLD,Europe & Central Asia,2013,2014,53457.2235,53773.3921,53773.392409148946,53673.57103227715,52766.77753721023,53226.914,Model 3,train
Netherlands,NLD,Europe & Central Asia,2014,2015,45793.8135,54643.5242,54643.52404602606,54537.28152327679,49441.120466699766,51150.25,Model 3,train
Netherlands,NLD,Europe & Central Asia,2015,2016,46808.5291,46880.9779,46880.97827989759,46831.66815438673,47315.53132846165,45353.703,Model 3,train
Netherlands,NLD,Europe & Central Asia,2016,2017,49513.6817,47895.0407,47895.040492930944,47819.32127982523,48672.56593670242,48330.176,Model 3,train
Netherlands,NLD,Europe & Central Asia,2017,2018,53955.077,50572.5523,50572.551868672475,50507.087538031585,51554.14303508249,49209.76,Model 3,train
Norway,NOR,Europe & Central Asia,1991,1992,30523.9851,30729.2251,30729.22126036132,29739.11702068004,29989.8421761306,30563.78,Model 3,train
Norway,NOR,Europe & Central Asia,1992,1993,27963.6979,32735.1602,32735.15584789312,31689.353215989508,28845.024889398537,29887.562,Model 3,train
Norway,NOR,Europe & Central Asia,1993,1994,29315.8092,30003.5212,30003.5173873111,29067.539063492553,28872.824836604257,28503.305,Model 3,train
Norway,NOR,Europe & Central Asia,1994,1995,34875.7043,31415.5802,31415.5762778374,30455.702889939803,32002.51861987623,31057.35,Model 3,train
Norway,NOR,Europe & Central Asia,1995,1996,37321.9742,37223.9859,37223.980487681,36069.69772419854,35739.926819987944,35482.543,Model 3,train
Norway,NOR,Europe & Central Asia,1996,1997,36629.0309,39648.3281,39648.32340118031,38549.53701513126,36798.44105749443,37548.766,Model 3,train
Norway,NOR,Europe & Central Asia,1997,1998,34803.4634,35293.4565,35293.45219675897,35202.07772042841,36150.11295657475,37496.52,Model 3,train
Norway,NOR,Europe & Central Asia,1998,1999,36393.2927,33527.7756,33527.77186856064,33477.59173851661,36129.77755823273,36907.234,Model 3,train
Norway,NOR,Europe & Central Asia,1999,2000,38178.2369,38378.658,38378.655387620005,37547.84967877825,38068.23002428883,38180.105,Model 3,train
Norway,NOR,Europe & Central Asia,2000,2001,38601.8976,40084.0919,40084.09033946177,39350.59347756832,38801.64214744002,38325.332,Model 3,train
Norway,NOR,Europe & Central Asia,2001,2002,43170.5572,40358.596,40358.5957145831,39763.99621030245,41807.88764916446,39599.383,Model 3,train
Norway,NOR,Europe & Central Asia,2002,2003,50250.3298,44905.1933,44905.19348640397,44347.9768828318,48693.858842501,45961.418,Model 3,train
Norway,NOR,Europe & Central Asia,2003,2004,57768.6981,52062.7323,52062.73237029162,51454.65299120744,54600.526573310206,51133.957,Model 3,train
Norway,NOR,Europe & Central Asia,2004,2005,67047.1705,59698.8267,59698.82574598863,58985.53022764977,64814.77827719762,60120.81,Model 3,train
Norway,NOR,Europe & Central Asia,2005,2006,74434.4997,69017.9807,69017.97904247366,68213.75821354074,73289.99683849838,70582.695,Model 3,train
Norway,NOR,Europe & Central Asia,2006,2007,85502.2677,76480.0671,76480.06413087732,75550.29202377443,81561.74248364425,80832.21,Model 3,train
Norway,NOR,Europe & Central Asia,2007,2008,97503.5408,87479.9837,87479.97956857024,86464.9615928295,93445.5488132088,85921.87,Model 3,train
Norway,NOR,Europe & Central Asia,2008,2009,80347.5701,95213.0617,95213.05863729853,95715.12799844086,84074.42176822334,77593.0,Model 3,train
Norway,NOR,Europe & Central Asia,2009,2010,88163.2086,78602.7233,78602.72287271258,79201.55327689226,88698.26669044496,79027.086,Model 3,train
Norway,NOR,Europe & Central Asia,2010,2011,101221.8135,89876.3647,89876.36097740778,89033.03341080838,93173.64775691788,85304.3,Model 3,train
Norway,NOR,Europe & Central Asia,2011,2012,102175.9193,102910.1029,102910.09688435752,101899.9650484515,101073.10218484297,83389.44,Model 3,train
Norway,NOR,Europe & Central Asia,2012,2013,103553.8401,103766.3872,103766.3810342716,102805.23234628576,101195.8972735366,94498.11,Model 3,train
Norway,NOR,Europe & Central Asia,2013,2014,97666.6952,105115.7865,105115.77992377778,104158.5548551201,98757.74484701255,91426.81,Model 3,train
Norway,NOR,Europe & Central Asia,2014,2015,74809.9658,99166.3259,99166.32066611695,98375.87313881126,79262.54178616247,77505.734,Model 3,train
Norway,NOR,Europe & Central Asia,2015,2016,70867.361,76226.6031,76226.60150476576,75791.687632068,74825.28180107014,75695.3,Model 3,train
Norway,NOR,Europe & Central Asia,2016,2017,76131.8384,72231.7961,72231.79484452578,71853.5262361861,72907.10357780727,77141.086,Model 3,train
Norway,NOR,Europe & Central Asia,2017,2018,82792.8427,77479.8809,77479.87838857705,77049.05571842921,81199.42308777383,77610.39,Model 3,train
Nepal,NPL,South Asia,1991,1992,165.0296,218.8714,218.87146685752148,217.55444883210745,182.727883005774,222.91675,Model 3,train
Nepal,NPL,South Asia,1992,1993,172.8052,185.2028,185.202827052953,184.4410789312799,177.4200218566609,188.09543,Model 3,train
Nepal,NPL,South Asia,1993,1994,187.2582,193.5471,193.5470923021058,193.18188676564583,184.44826003572564,187.90485,Model 3,train
Nepal,NPL,South Asia,1994,1995,197.843,209.613,209.61305809085405,209.2873369831821,193.9681540335143,190.6658,Model 3,train
Nepal,NPL,South Asia,1995,1996,198.8219,221.2675,221.2675314536335,221.0262517486527,203.19386980877,230.20662,Model 3,train
Nepal,NPL,South Asia,1996,1997,211.8349,222.4413,222.44131946689865,222.2933992028897,210.96296020599505,226.29204,Model 3,train
Nepal,NPL,South Asia,1997,1998,205.0752,214.763,214.76305435450996,220.33261801341445,218.4522933581763,222.93152,Model 3,train
Nepal,NPL,South Asia,1998,1999,208.6467,208.2991,208.2991435630625,213.6432096430104,215.6983477773536,221.89568,Model 3,train
Nepal,NPL,South Asia,1999,2000,223.8303,233.2388,233.2387993950977,233.5620862873291,225.21660245122837,236.93138,Model 3,train
Nepal,NPL,South Asia,2000,2001,240.7951,249.7285,249.72854251472987,250.3234138764758,241.2348679855824,258.94492,Model 3,train
Nepal,NPL,South Asia,2001,2002,238.8914,268.3752,268.37525260952316,269.04871979660044,245.955623119484,271.18515,Model 3,train
Nepal,NPL,South Asia,2002,2003,246.4297,266.1733,266.1733648859544,266.9188928348669,251.1279602367636,281.67737,Model 3,train
Nepal,NPL,South Asia,2003,2004,279.5878,274.6034,274.6033938287397,275.394705093826,274.83203031201157,303.51172,Model 3,train
Nepal,NPL,South Asia,2004,2005,309.0242,310.7503,310.7503780533842,311.70010308219696,320.9154850362455,360.47446,Model 3,train
Nepal,NPL,South Asia,2005,2006,340.4318,343.1028,343.10282840044994,343.90533979057756,351.0666283676327,411.63257,Model 3,train
Nepal,NPL,South Asia,2006,2007,385.4498,377.3872,377.38718623533094,378.2825224830011,385.63467022105726,426.25104,Model 3,train
Nepal,NPL,South Asia,2007,2008,464.8174,425.9297,425.9297589757372,427.07919983459954,454.24020583170983,451.60214,Model 3,train
Nepal,NPL,South Asia,2008,2009,473.0788,490.7012,490.70123738545226,499.39364316702415,503.06389623350015,518.3768,Model 3,train
Nepal,NPL,South Asia,2009,2010,585.2785,499.0975,499.09755195990823,507.9042098919615,562.1002663272747,584.35693,Model 3,train
Nepal,NPL,South Asia,2010,2011,785.5187,641.1686,641.1686202442495,641.9600978341462,716.914181940212,704.44666,Model 3,train
Nepal,NPL,South Asia,2011,2012,788.2029,856.0173,856.0172555014946,855.9657893955142,802.8506514596954,875.99475,Model 3,train
Nepal,NPL,South Asia,2012,2013,803.2696,858.06,858.0599890540657,858.7025349616712,809.9336055286365,864.9593,Model 3,train
Nepal,NPL,South Asia,2013,2014,821.4552,873.242,873.2420177487403,874.6050340455439,840.2003123395175,862.5864,Model 3,train
Nepal,NPL,South Asia,2014,2015,875.5436,891.668,891.668005632863,893.7743730740796,868.189674089204,854.372,Model 3,train
Nepal,NPL,South Asia,2015,2016,877.2565,947.5677,947.56768449009,949.7271612674626,903.8635049533344,890.1992,Model 3,train
Nepal,NPL,South Asia,2016,2017,1034.2837,949.28,949.2800137117164,953.1093819865318,987.083016628284,934.7277,Model 3,train
Nepal,NPL,South Asia,2017,2018,1179.1984,1113.644,1113.6440412013442,1119.515665428473,1105.2819072990694,1152.6594,Model 3,train
New Zealand,NZL,East Asia & Pacific,1992,1993,13094.3455,12694.7191,12694.718626274404,12480.702323658152,12944.733250497537,13626.343,Model 3,train
New Zealand,NZL,East Asia & Pacific,1993,1994,15280.3128,14068.5622,14068.561444678327,13825.130045928488,14847.606677596914,15267.476,Model 3,train
New Zealand,NZL,East Asia & Pacific,1994,1995,17400.4202,16367.3651,16367.363998232066,16081.844142564089,16453.01455785252,16988.527,Model 3,train
New Zealand,NZL,East Asia & Pacific,1995,1996,18794.436,18585.6144,18585.612691834816,18241.563614103205,18555.353086056966,18002.44,Model 3,train
New Zealand,NZL,East Asia & Pacific,1996,1997,17474.187,20014.1755,20014.17360885124,19657.960402477976,18725.894335711557,19546.889,Model 3,train
New Zealand,NZL,East Asia & Pacific,1997,1998,14738.4456,16872.5801,16872.57895276135,17046.839754559805,16166.879602741585,18090.834,Model 3,train
New Zealand,NZL,East Asia & Pacific,1998,1999,15322.2238,14201.0926,14201.092716513833,14447.238400734605,15378.30544876809,16280.33,Model 3,train
New Zealand,NZL,East Asia & Pacific,1999,2000,13641.1027,16191.4428,16191.443297406156,16106.633836272018,14628.5083232713,16490.156,Model 3,train
New Zealand,NZL,East Asia & Pacific,2000,2001,13882.8568,14428.9688,14428.969732674628,14390.766041584253,14709.7245348075,15946.859,Model 3,train
New Zealand,NZL,East Asia & Pacific,2001,2002,16874.1875,14648.1085,14648.109613256162,14632.081411615414,16084.464998845748,16383.953,Model 3,train
New Zealand,NZL,East Asia & Pacific,2002,2003,21913.7082,17710.4647,17710.4659061375,17700.776245759123,20455.515298618637,20747.1,Model 3,train
New Zealand,NZL,East Asia & Pacific,2003,2004,25420.2349,22882.3266,22882.327482995537,22851.518208191068,24241.370142015956,24469.404,Model 3,train
New Zealand,NZL,East Asia & Pacific,2004,2005,27751.0655,26474.3051,26474.305693928196,26424.81322601625,27377.214289304666,28287.182,Model 3,train
New Zealand,NZL,East Asia & Pacific,2005,2006,26654.5932,28849.1765,28849.176792325285,28790.363024674883,28627.017090361616,30693.617,Model 3,train
New Zealand,NZL,East Asia & Pacific,2006,2007,32479.9817,27665.0752,27665.076109634287,27671.49492901928,29943.19505953398,30773.72,Model 3,train
New Zealand,NZL,East Asia & Pacific,2007,2008,31324.7398,33574.3916,33574.39183359192,33554.11046045646,32810.3422703617,36497.332,Model 3,train
New Zealand,NZL,East Asia & Pacific,2008,2009,28276.7255,30989.6975,30989.6986934789,31532.706311713195,29816.577493857436,31285.477,Model 3,train
New Zealand,NZL,East Asia & Pacific,2009,2010,33761.901,27932.9555,27932.957608455,28533.07754342048,32049.163869921435,31087.752,Model 3,train
New Zealand,NZL,East Asia & Pacific,2010,2011,38431.7767,34713.1303,34713.131286517746,34835.38143937276,38258.04556522941,36889.22,Model 3,train
New Zealand,NZL,East Asia & Pacific,2011,2012,40053.6992,39421.2072,39421.20762374926,39533.112041026274,39950.57336409995,40209.367,Model 3,train
New Zealand,NZL,East Asia & Pacific,2012,2013,43000.4647,41013.9584,41013.958742588045,41158.11432576963,43013.49602740481,42653.305,Model 3,train
New Zealand,NZL,East Asia & Pacific,2013,2014,44618.267,43944.2783,43944.27811996243,44085.921160632235,43932.126079407826,44235.367,Model 3,train
New Zealand,NZL,East Asia & Pacific,2014,2015,38665.3723,45528.3186,45528.318065743355,45681.29807103119,41683.51152717369,43483.785,Model 3,train
New Zealand,NZL,East Asia & Pacific,2015,2016,40113.7195,39502.4288,39502.42912728311,39701.88358786182,40325.946433549536,40075.76,Model 3,train
New Zealand,NZL,East Asia & Pacific,2016,2017,42950.3842,40919.035,40919.03504745149,41131.72197049961,42751.385030201585,43967.918,Model 3,train
New Zealand,NZL,East Asia & Pacific,2017,2018,43257.0769,43740.3929,43740.3924997743,43962.31646096901,43847.84316951414,44701.945,Model 3,train
Oman,OMN,"Middle East, North Africa, Afghanistan & Pakistan",2001,2002,9869.1305,10187.8705,10187.86971646714,10111.922081729896,10103.936404973643,9857.555,Model 3,train
Oman,OMN,"Middle East, North Africa, Afghanistan & Pakistan",2002,2003,10463.5426,10450.4097,10450.408908322028,10376.052050982003,10579.6099499912,10672.89,Model 3,train
Oman,OMN,"Middle East, North Africa, Afghanistan & Pakistan",2003,2004,11800.8507,11064.3362,11064.335297433685,10985.004299449838,11399.82630810447,10951.945,Model 3,train
Oman,OMN,"Middle East, North Africa, Afghanistan & Pakistan",2004,2005,14434.8578,12452.6872,12452.68590808599,12355.132434972087,13694.85974350576,12351.215,Model 3,train
Oman,OMN,"Middle East, North Africa, Afghanistan & Pakistan",2005,2006,16930.8565,15180.973,15180.970982038292,15042.385769257946,16213.801039493195,14373.5625,Model 3,train
Oman,OMN,"Middle East, North Africa, Afghanistan & Pakistan",2006,2007,18792.6538,17751.339,17751.33632605066,17579.113174377293,18854.0327690572,17470.26,Model 3,train
Oman,OMN,"Middle East, North Africa, Afghanistan & Pakistan",2007,2008,26576.7792,19622.4149,19622.41212732282,19463.53998393215,23051.88545233625,19026.773,Model 3,train
Oman,OMN,"Middle East, North Africa, Afghanistan & Pakistan",2008,2009,20655.918,26424.641,26424.637062608803,26609.186479538555,23859.28677680115,21376.652,Model 3,train
Oman,OMN,"Middle East, North Africa, Afghanistan & Pakistan",2009,2010,23570.1798,20546.8911,20546.889199729656,20808.156471324735,23049.02037021978,21981.559,Model 3,train
Oman,OMN,"Middle East, North Africa, Afghanistan & Pakistan",2010,2011,25188.0074,24372.2336,24372.23102579616,24321.977525651015,24617.743315844906,22919.371,Model 3,train
Oman,OMN,"Middle East, North Africa, Afghanistan & Pakistan",2011,2012,24642.2979,25922.8671,25922.86520109734,25966.39470808443,24793.692234129623,23763.607,Model 3,train
Oman,OMN,"Middle East, North Africa, Afghanistan & Pakistan",2012,2013,23458.0234,25266.27,25266.269134218088,25424.067050062313,24234.4350645705,24150.885,Model 3,train
Oman,OMN,"Middle East, North Africa, Afghanistan & Pakistan",2013,2014,23160.6502,24011.3714,24011.37115141336,24236.426163129618,23218.05347536949,24580.643,Model 3,train
Oman,OMN,"Middle East, North Africa, Afghanistan & Pakistan",2014,2015,18808.3078,23679.17,23679.17011325844,23940.728679031658,21080.844557955723,22084.855,Model 3,train
Oman,OMN,"Middle East, North Africa, Afghanistan & Pakistan",2015,2016,17110.1897,19263.8504,19263.851135455177,19533.808156634095,18566.05384929063,20420.848,Model 3,train
Oman,OMN,"Middle East, North Africa, Afghanistan & Pakistan",2016,2017,17820.0662,17528.6122,17528.613157506607,17805.450889722,18591.86176351431,19720.252,Model 3,train
Oman,OMN,"Middle East, North Africa, Afghanistan & Pakistan",2017,2018,19901.7616,18219.8847,18219.8856568408,18521.563558848407,19763.26114398101,20003.941,Model 3,train
Pakistan,PAK,"Middle East, North Africa, Afghanistan & Pakistan",1995,1996,456.997,492.1162,492.1162339575794,495.0872423253297,453.4230674746305,474.25427,Model 3,train
Pakistan,PAK,"Middle East, North Africa, Afghanistan & Pakistan",1996,1997,438.0309,498.623,498.62305881829855,501.8867545557638,451.1645253182673,472.1761,Model 3,train
Pakistan,PAK,"Middle East, North Africa, Afghanistan & Pakistan",1997,1998,424.4537,433.9249,433.9249758969142,447.99356339226256,441.8440737958557,444.1735,Model 3,train
Pakistan,PAK,"Middle East, North Africa, Afghanistan & Pakistan",1998,1999,418.2493,420.2696,420.2696666481137,434.60749324699606,443.9106099798476,442.27942,Model 3,train
Pakistan,PAK,"Middle East, North Africa, Afghanistan & Pakistan",1999,2000,642.3383,456.0805,456.0805049440663,460.4051249883968,519.4497511732402,450.04575,Model 3,train
Pakistan,PAK,"Middle East, North Africa, Afghanistan & Pakistan",2001,2002,599.9373,660.375,660.3750093076259,665.8431564755607,628.7565012064148,671.2787,Model 3,train
Pakistan,PAK,"Middle East, North Africa, Afghanistan & Pakistan",2002,2003,672.4418,649.2661,649.2661739128907,655.1802786560182,653.8343851014325,698.962,Model 3,train
Pakistan,PAK,"Middle East, North Africa, Afghanistan & Pakistan",2003,2004,771.9022,725.567,725.5670561045936,732.4251137333891,772.1056700319069,805.9582,Model 3,train
Pakistan,PAK,"Middle East, North Africa, Afghanistan & Pakistan",2004,2005,827.6199,831.0851,831.0851439659272,838.0625080030512,844.8515700043308,890.1152,Model 3,train
Pakistan,PAK,"Middle East, North Africa, Afghanistan & Pakistan",2005,2006,900.8736,888.8734,888.8733771346969,895.2337375127271,904.7050617161,919.09503,Model 3,train
Pakistan,PAK,"Middle East, North Africa, Afghanistan & Pakistan",2006,2007,998.0901,966.7559,966.7559259343612,974.49767340441,1003.8622364354763,1049.2837,Model 3,train
Pakistan,PAK,"Middle East, North Africa, Afghanistan & Pakistan",2007,2008,1067.0432,1068.6657,1068.6657101549654,1076.8750603728508,1073.5798469824872,1097.6245,Model 3,train
Pakistan,PAK,"Middle East, North Africa, Afghanistan & Pakistan",2008,2009,963.7881,1094.3711,1094.3710853295856,1119.1957706896487,1022.9268512402084,1134.5764,Model 3,train
Pakistan,PAK,"Middle East, North Africa, Afghanistan & Pakistan",2009,2010,987.3046,988.3141,988.31409366178,1012.9958670711964,1009.905362221383,1047.3582,Model 3,train
Pakistan,PAK,"Middle East, North Africa, Afghanistan & Pakistan",2010,2011,1131.7351,1056.2235,1056.2234380868315,1064.696428653064,1095.305230396833,1082.5745,Model 3,train
Pakistan,PAK,"Middle East, North Africa, Afghanistan & Pakistan",2011,2012,1204.3648,1207.414,1207.4139173256194,1216.622213170015,1227.854319557046,1277.6359,Model 3,train
Pakistan,PAK,"Middle East, North Africa, Afghanistan & Pakistan",2012,2013,1225.434,1281.9659,1281.9658307307504,1292.6504772181795,1265.049698292875,1310.0552,Model 3,train
Pakistan,PAK,"Middle East, North Africa, Afghanistan & Pakistan",2013,2014,1266.6134,1302.8567,1302.8566684559032,1314.5763121194975,1312.5324441482617,1285.4799,Model 3,train
Pakistan,PAK,"Middle East, North Africa, Afghanistan & Pakistan",2014,2015,1380.4702,1345.1036,1345.1035439275302,1357.5558491115398,1335.1173826022537,1252.6942,Model 3,train
Pakistan,PAK,"Middle East, North Africa, Afghanistan & Pakistan",2015,2016,1424.6916,1461.4886,1461.4885611611064,1476.586182764309,1434.8303198590306,1498.902,Model 3,train
Pakistan,PAK,"Middle East, North Africa, Afghanistan & Pakistan",2016,2017,1519.2346,1507.0468,1507.046753054762,1522.785224982795,1521.9046913750692,1526.8218,Model 3,train
Pakistan,PAK,"Middle East, North Africa, Afghanistan & Pakistan",2017,2018,1569.3381,1604.0366,1604.03651151143,1621.3883948184473,1561.7009185384843,1560.9833,Model 3,train
Panama,PAN,Latin America & Caribbean ,1994,1995,3513.8974,3796.7562,3796.756367124362,3776.582186175633,3557.1143789423986,3985.715,Model 3,train
Panama,PAN,Latin America & Caribbean ,1995,1996,3308.1843,3799.9976,3799.997738413871,3780.495042021311,3524.116486985009,3881.978,Model 3,train
Panama,PAN,Latin America & Caribbean ,1996,1997,3545.9767,3579.1123,3579.1124736321026,3563.245014030042,3517.35882262829,3450.3984,Model 3,train
Panama,PAN,Latin America & Caribbean ,1997,1998,3807.8387,3477.0955,3477.0956234265636,3549.300601457284,3790.928478941416,3820.671,Model 3,train
Panama,PAN,Latin America & Caribbean ,1998,1999,3950.3414,3725.3015,3725.301630104459,3804.762361189105,3982.970296045547,4084.259,Model 3,train
Panama,PAN,Latin America & Caribbean ,1999,2000,3975.0931,4253.3038,4253.303945374063,4237.933048951883,3994.510367387872,4022.1045,Model 3,train
Panama,PAN,Latin America & Caribbean ,2000,2001,3991.7767,4274.9073,4274.907488668761,4263.995710264258,4041.250854600268,4244.439,Model 3,train
Panama,PAN,Latin America & Caribbean ,2001,2002,4090.5862,4289.6232,4289.623332954506,4282.133229991686,4108.782386519279,4223.354,Model 3,train
Panama,PAN,Latin America & Caribbean ,2002,2003,4264.6643,4391.8644,4391.864525109194,4386.3500935043,4299.196314729202,4542.489,Model 3,train
Panama,PAN,Latin America & Caribbean ,2003,2004,4644.5658,4572.0988,4572.098941711782,4569.352164894307,4589.765259947219,4778.9688,Model 3,train
Panama,PAN,Latin America & Caribbean ,2004,2005,5017.7411,4969.3128,4969.312918289397,4966.502130887419,5129.245717741137,5440.5215,Model 3,train
Panama,PAN,Latin America & Caribbean ,2005,2006,5528.7671,5361.9205,5361.9205494220505,5356.278037873216,5522.033279746034,5538.6807,Model 3,train
Panama,PAN,Latin America & Caribbean ,2006,2007,6317.8173,5886.3662,5886.366322887278,5888.384444331057,6131.684570024856,6222.913,Model 3,train
Panama,PAN,Latin America & Caribbean ,2007,2008,7347.5905,6701.8869,6701.886965210447,6707.629438148936,7071.439906773238,6730.8965,Model 3,train
Panama,PAN,Latin America & Caribbean ,2008,2009,7796.9262,7422.3191,7422.319453333509,7570.283386795944,7691.053560703598,7446.1187,Model 3,train
Panama,PAN,Latin America & Caribbean ,2009,2010,8331.4642,7845.3249,7845.32540397387,8022.197672875482,8329.469992601536,8867.3545,Model 3,train
Panama,PAN,Latin America & Caribbean ,2010,2011,9662.2959,8741.7916,8741.791855001953,8787.021271734522,9209.147344192916,9105.869,Model 3,train
Panama,PAN,Latin America & Caribbean ,2011,2012,11064.8064,10109.3567,10109.35685645474,10155.14288575717,10741.038604827734,10232.791,Model 3,train
Panama,PAN,Latin America & Caribbean ,2012,2013,12273.3225,11554.9129,11554.91277714924,11591.41775553151,12000.97588399894,11314.716,Model 3,train
Panama,PAN,Latin America & Caribbean ,2013,2014,13213.199,12773.2863,12773.286128179228,12825.860235494452,13069.287609526104,11913.522,Model 3,train
Panama,PAN,Latin America & Caribbean ,2014,2015,14082.6548,13721.1251,13721.12473887067,13782.944674834527,14342.766428094405,12977.669,Model 3,train
Panama,PAN,Latin America & Caribbean ,2015,2016,14832.3612,14570.1023,14570.102071371231,14665.946779659416,14737.505289322184,13707.922,Model 3,train
Panama,PAN,Latin America & Caribbean ,2016,2017,15694.6298,15313.88,15313.879800387382,15424.695513599065,15549.823431023053,14869.85,Model 3,train
Panama,PAN,Latin America & Caribbean ,2017,2018,16151.3273,16151.4713,16151.471213353792,16294.327347173332,15830.589000640924,15095.808,Model 3,train
Peru,PER,Latin America & Caribbean ,1994,1995,2189.5343,2037.7704,2037.7703946988536,2028.1311308718512,2050.90263054595,1933.6486,Model 3,train
Peru,PER,Latin America & Caribbean ,1995,1996,2226.9168,2363.484,2363.4840590872564,2356.5852679297323,2256.0105684636296,2284.768,Model 3,train
Peru,PER,Latin America & Caribbean ,1996,1997,2300.672,2403.2608,2403.260813321563,2397.572321959729,2303.041378831129,2338.0186,Model 3,train
Peru,PER,Latin America & Caribbean ,1997,1998,2156.3938,2250.9877,2250.987721459192,2304.4019672337063,2155.551492753603,2282.7893,Model 3,train
Peru,PER,Latin America & Caribbean ,1998,1999,1916.534,2110.4485,2110.4485680755415,2163.4858713826807,2033.7243775093607,2134.9973,Model 3,train
Peru,PER,Latin America & Caribbean ,1999,2000,1945.4134,2068.5905,2068.590586056945,2072.7837032521425,1961.169136482905,1964.1346,Model 3,train
Peru,PER,Latin America & Caribbean ,2000,2001,1929.5727,2098.5402,2098.540289109451,2104.268383305397,1972.6253937290185,2015.919,Model 3,train
Peru,PER,Latin America & Caribbean ,2001,2002,2007.3702,2078.1442,2078.1442887942585,2088.361531403532,2044.5994815495349,2154.4395,Model 3,train
Peru,PER,Latin America & Caribbean ,2002,2003,2129.4411,2158.9434,2158.943491847462,2171.525503078882,2179.141211247598,2299.9092,Model 3,train
Peru,PER,Latin America & Caribbean ,2003,2004,2397.2515,2287.0826,2287.0827902568753,2301.282969442988,2341.109905690538,2426.9329,Model 3,train
Peru,PER,Latin America & Caribbean ,2004,2005,2706.6695,2567.1365,2567.1366681014474,2583.013383519599,2629.089843750409,2708.059,Model 3,train
Peru,PER,Latin America & Caribbean ,2005,2006,3129.56,2889.2433,2889.2434551668675,2909.8889949022546,3099.26230510331,3036.979,Model 3,train
Peru,PER,Latin America & Caribbean ,2006,2007,3581.0893,3329.1935,3329.193588782018,3353.81892512488,3580.930760733378,3525.2832,Model 3,train
Peru,PER,Latin America & Caribbean ,2007,2008,4197.5844,3795.633,3795.6331593875584,3826.879660984094,4106.540308932924,4432.0347,Model 3,train
Peru,PER,Latin America & Caribbean ,2008,2009,4181.1876,4242.0935,4242.09369652311,4349.799875938917,4363.478689363602,4483.953,Model 3,train
Peru,PER,Latin America & Caribbean ,2009,2010,5072.1149,4219.2417,4219.241950460418,4329.280244719446,4679.921376979086,4839.74,Model 3,train
Peru,PER,Latin America & Caribbean ,2010,2011,5861.3579,5321.5248,5321.524813853145,5368.745768652818,5661.696686125344,5462.7163,Model 3,train
Peru,PER,Latin America & Caribbean ,2011,2012,6519.3785,6134.3761,6134.376066431851,6185.697092863124,6335.073252068297,6142.219,Model 3,train
Peru,PER,Latin America & Caribbean ,2012,2013,6746.8003,6808.5041,6808.50402745154,6868.719569323656,6649.647406111086,6680.816,Model 3,train
Peru,PER,Latin America & Caribbean ,2013,2014,6667.1341,7039.1821,7039.182080004763,7107.49556225801,6800.34883120668,6830.063,Model 3,train
Peru,PER,Latin America & Caribbean ,2014,2015,6231.7115,6957.2962,6957.29622177678,7030.9397277924245,6458.029464810252,6461.5557,Model 3,train
Peru,PER,Latin America & Caribbean ,2015,2016,6217.036,6507.8617,6507.861721463229,6584.133264655289,6269.582313579674,6098.083,Model 3,train
Peru,PER,Latin America & Caribbean ,2016,2017,6736.1669,6480.953,6480.953153439498,6567.73243765793,6463.6268539238645,6269.812,Model 3,train
Peru,PER,Latin America & Caribbean ,2017,2018,6978.4912,6997.4918,6997.491958788294,7098.67586274389,6924.355558779381,7136.5986,Model 3,train
Philippines,PHL,East Asia & Pacific,1994,1995,1199.8417,1163.6389,1163.6389927728642,1157.4249499915347,1094.8408321572676,1090.7125,Model 3,train
Philippines,PHL,East Asia & Pacific,1995,1996,1311.0925,1313.3502,1313.3503015655267,1306.4880612449128,1276.254463892102,1231.2887,Model 3,train
Philippines,PHL,East Asia & Pacific,1996,1997,1273.276,1432.8874,1432.8874745398246,1424.994836973956,1337.3216765739105,1314.7844,Model 3,train
Philippines,PHL,East Asia & Pacific,1997,1998,982.8659,1262.7854,1262.7853931107734,1288.7985905922783,1103.6362257731923,1149.8241,Model 3,train
Philippines,PHL,East Asia & Pacific,1998,1999,1101.4352,978.6238,978.623899420671,1000.49101877989,1003.7003657041856,963.0679,Model 3,train
Philippines,PHL,East Asia & Pacific,1999,2000,1050.7927,1204.7895,1204.7895227817246,1201.5626835297412,1077.1156881385707,1117.7137,Model 3,train
Philippines,PHL,East Asia & Pacific,2000,2001,969.5306,1149.2417,1149.2418211071445,1147.484192570862,1013.5844644651636,1062.834,Model 3,train
Philippines,PHL,East Asia & Pacific,2001,2002,1014.9088,1061.0781,1061.0782188993726,1060.0611280747562,1028.8444740031832,975.66156,Model 3,train
Philippines,PHL,East Asia & Pacific,2002,2003,1027.2301,1108.1441,1108.144197432074,1107.9334297533592,1048.534574120156,1108.0858,Model 3,train
Philippines,PHL,East Asia & Pacific,2003,2004,1099.6301,1120.5516,1120.5516464046154,1120.7306659397668,1087.888701037219,1127.6086,Model 3,train
Philippines,PHL,East Asia & Pacific,2004,2005,1220.4602,1198.1073,1198.1073800569964,1197.734412578451,1228.1070944995386,1270.3043,Model 3,train
Philippines,PHL,East Asia & Pacific,2005,2006,1426.1465,1327.0634,1327.0634428919857,1325.6888225074222,1396.910761008324,1370.2471,Model 3,train
Philippines,PHL,East Asia & Pacific,2006,2007,1712.6554,1544.8009,1544.800917878613,1541.813537235415,1636.2611957709723,1597.0015,Model 3,train
Philippines,PHL,East Asia & Pacific,2007,2008,1959.2923,1848.5452,1848.5451406187576,1844.1968977161907,1943.1584440893969,1980.4006,Model 3,train
Philippines,PHL,East Asia & Pacific,2008,2009,1864.4504,2020.6856,2020.685569489025,2047.4153027693924,1995.0265644780031,2087.2095,Model 3,train
Philippines,PHL,East Asia & Pacific,2009,2010,2162.9138,1920.0593,1920.0592470575705,1949.1521555077377,2133.292745329062,2065.0984,Model 3,train
Philippines,PHL,East Asia & Pacific,2010,2011,2383.9189,2309.3223,2309.322346219771,2313.8609508135128,2339.5263380274564,2542.498,Model 3,train
Philippines,PHL,East Asia & Pacific,2011,2012,2614.6164,2537.6429,2537.642847538045,2544.1758623034466,2613.224651305578,2645.4114,Model 3,train
Philippines,PHL,East Asia & Pacific,2012,2013,2781.2796,2775.3989,2775.398905532929,2783.569536567491,2815.290901365119,2928.6042,Model 3,train
Philippines,PHL,East Asia & Pacific,2013,2014,2866.838,2945.597,2945.5969517911894,2955.2091937676696,2865.8365138919353,2908.847,Model 3,train
Philippines,PHL,East Asia & Pacific,2014,2015,2909.8582,3031.3735,3031.3734598257133,3042.2042499175323,2964.5703285571212,2915.85,Model 3,train
Philippines,PHL,East Asia & Pacific,2015,2016,2985.1956,3071.2356,3071.2355689005453,3085.6999128029834,2988.530749555469,2999.3452,Model 3,train
Philippines,PHL,East Asia & Pacific,2016,2017,3038.1212,3145.766,3145.7659366752196,3161.9427607708194,3068.498599469445,3048.5894,Model 3,train
Philippines,PHL,East Asia & Pacific,2017,2018,3168.5104,3198.9668,3198.966749604141,3217.897008598863,3163.239472186363,3044.4724,Model 3,train
Papua New Guinea,PNG,East Asia & Pacific,1996,1997,989.7216,1174.8203,1174.8202691000508,1155.3392080435124,1016.8098033619382,993.18604,Model 3,train
Papua New Guinea,PNG,East Asia & Pacific,1997,1998,733.4799,984.7935,984.793473274716,995.1505956855498,833.5729247092864,881.1863,Model 3,train
Papua New Guinea,PNG,East Asia & Pacific,1998,1999,649.9947,733.1291,733.1290764464902,740.6865295137139,730.6171634656586,729.59094,Model 3,train
Papua New Guinea,PNG,East Asia & Pacific,1999,2000,635.9579,717.6082,717.6082310081614,708.3643992454399,618.1225334614242,622.4732,Model 3,train
Papua New Guinea,PNG,East Asia & Pacific,2000,2001,537.8475,701.9513,701.951370976684,693.1057045852594,596.0727692055028,648.29767,Model 3,train
Papua New Guinea,PNG,East Asia & Pacific,2001,2002,506.3318,594.1784,594.1784050305852,588.0608493866529,542.5081218818248,555.98706,Model 3,train
Papua New Guinea,PNG,East Asia & Pacific,2002,2003,577.4679,559.6372,559.6372195223439,553.9870866016145,564.2869282186612,605.366,Model 3,train
Papua New Guinea,PNG,East Asia & Pacific,2003,2004,620.5961,636.8383,636.8383456828338,629.6613219124223,636.3625986652304,657.6292,Model 3,train
Papua New Guinea,PNG,East Asia & Pacific,2004,2005,744.4865,681.6848,681.684836669681,675.2192449407955,706.8396344764795,722.70294,Model 3,train
Papua New Guinea,PNG,East Asia & Pacific,2005,2006,1238.1828,814.7823,814.7823025269049,806.2837508007975,988.7827782388612,867.2444,Model 3,train
Papua New Guinea,PNG,East Asia & Pacific,2006,2007,1370.7534,1343.576,1343.575940653756,1325.1904404666147,1347.2966287461009,1328.6674,Model 3,train
Papua New Guinea,PNG,East Asia & Pacific,2007,2008,1624.7932,1483.9076,1483.9075156573992,1463.3503030977522,1559.951157873322,1507.085,Model 3,train
Papua New Guinea,PNG,East Asia & Pacific,2008,2009,1568.8319,1681.8907,1681.890555653537,1682.6787700463,1662.2557305575383,1597.5667,Model 3,train
Papua New Guinea,PNG,East Asia & Pacific,2009,2010,1866.8689,1622.9129,1622.912818196305,1625.8496240224592,1739.5907501530944,1672.547,Model 3,train
Papua New Guinea,PNG,East Asia & Pacific,2010,2011,2288.3759,2010.7174,2010.7171440681632,1978.7972178890675,2161.823915550327,1888.6431,Model 3,train
Papua New Guinea,PNG,East Asia & Pacific,2011,2012,2635.0874,2454.508,2454.5076868775222,2414.5458203852268,2591.899996235018,2227.152,Model 3,train
Papua New Guinea,PNG,East Asia & Pacific,2012,2013,2560.7746,2817.6744,2817.6739848019142,2771.2284962085546,2643.8771341544375,2591.8308,Model 3,train
Papua New Guinea,PNG,East Asia & Pacific,2013,2014,2723.1753,2737.2826,2737.2822024919833,2694.7071209324417,2647.2438442508355,2450.3381,Model 3,train
Papua New Guinea,PNG,East Asia & Pacific,2014,2015,2484.5963,2905.8685,2905.8680631173243,2861.4023233300163,2567.8265727031458,2450.3357,Model 3,train
Papua New Guinea,PNG,East Asia & Pacific,2015,2016,2316.3948,2653.3517,2653.3513451613053,2615.9459223255176,2431.047927024271,2372.6118,Model 3,train
Papua New Guinea,PNG,East Asia & Pacific,2016,2017,2477.7653,2474.4073,2474.406953556729,2442.296309995003,2448.002809568014,2339.9548,Model 3,train
Papua New Guinea,PNG,East Asia & Pacific,2017,2018,2566.3683,2640.9049,2640.904481234605,2607.9944547432647,2539.543866492193,2466.2473,Model 3,train
Poland,POL,Europe & Central Asia,1991,1992,2459.0207,2496.6188,2496.6189268418293,2428.913198541868,2388.264026455748,2395.468,Model 3,train
Poland,POL,Europe & Central Asia,1992,1993,2497.1306,2727.7025,2727.702643110863,2667.102893552229,2619.4655912925746,2569.6838,Model 3,train
Poland,POL,Europe & Central Asia,1993,1994,2874.8316,2764.4948,2764.4949229759072,2708.6521540451067,2778.5296999253956,2773.8113,Model 3,train
Poland,POL,Europe & Central Asia,1994,1995,3700.9596,3171.1704,3171.170483886006,3107.0543410093064,3347.567624678819,3237.917,Model 3,train
Poland,POL,Europe & Central Asia,1995,1996,4163.512,4061.3018,4061.3017863576224,3976.2186983344,4130.874083510068,3996.6963,Model 3,train
Poland,POL,Europe & Central Asia,1996,1997,4137.0083,4552.8439,4552.843897341279,4461.738457273959,4326.00203718818,4167.655,Model 3,train
Poland,POL,Europe & Central Asia,1997,1998,4533.5357,4102.6609,4102.660820701911,4127.428245874191,4440.424058617511,4078.4092,Model 3,train
Poland,POL,Europe & Central Asia,1998,1999,4415.5007,4483.8409,4483.8407988459285,4514.125860123282,4593.270157527781,4499.2065,Model 3,train
Poland,POL,Europe & Central Asia,1999,2000,4520.641,4803.0429,4803.042887598082,4724.244196312737,4584.025340852907,4430.974,Model 3,train
Poland,POL,Europe & Central Asia,2000,2001,5015.2379,4914.3385,4914.338542716923,4838.313783363008,4943.858393337425,4838.4756,Model 3,train
Poland,POL,Europe & Central Asia,2001,2002,5223.4518,5431.2177,5431.217796105183,5356.757687094628,5280.565566291691,5371.295,Model 3,train
Poland,POL,Europe & Central Asia,2002,2003,5720.8137,5628.0695,5628.0697460257,5573.913094583654,5745.586093061024,5848.8804,Model 3,train
Poland,POL,Europe & Central Asia,2003,2004,6711.7272,6144.0552,6144.055388623088,6089.398369680475,6607.0870967010305,6767.5073,Model 3,train
Poland,POL,Europe & Central Asia,2004,2005,8043.9233,7175.9169,7175.917173930914,7117.528961393158,7817.88073660208,7540.662,Model 3,train
Poland,POL,Europe & Central Asia,2005,2006,9068.8553,8555.6722,8555.672464863796,8492.557854859608,8991.845716857666,8693.174,Model 3,train
Poland,POL,Europe & Central Asia,2006,2007,11272.5294,9610.8307,9610.830955714351,9545.494580406585,10929.078159451748,10712.404,Model 3,train
Poland,POL,Europe & Central Asia,2007,2008,14048.5605,11894.7381,11894.738077845766,11801.565138283446,13037.231484388249,13096.08,Model 3,train
Poland,POL,Europe & Central Asia,2008,2009,11556.3027,14129.4923,14129.492437584777,14251.888112831995,12768.372530129334,13472.588,Model 3,train
Poland,POL,Europe & Central Asia,2009,2010,12567.7318,11630.8107,11630.81125085126,11771.439721294975,12682.235207250966,12527.08,Model 3,train
Poland,POL,Europe & Central Asia,2010,2011,13867.6669,13175.848,13175.848382044394,13127.57388984194,13508.611782412388,13030.202,Model 3,train
Poland,POL,Europe & Central Asia,2011,2012,13087.4209,14519.7983,14519.798454436304,14457.663511236318,13502.38585765046,14827.17,Model 3,train
Poland,POL,Europe & Central Asia,2012,2013,13621.9024,13702.9667,13702.966891051534,13654.55335507059,13719.386061378456,14550.041,Model 3,train
Poland,POL,Europe & Central Asia,2013,2014,14262.2842,14239.3503,14239.350474160845,14197.720177167184,14116.183663290023,14269.066,Model 3,train
Poland,POL,Europe & Central Asia,2014,2015,12637.522,14883.4724,14883.472680506691,14859.214301915004,13205.095581954723,13820.982,Model 3,train
Poland,POL,Europe & Central Asia,2015,2016,12464.0111,13197.3725,13197.372891142564,13189.439858068465,12877.30640338198,12494.222,Model 3,train
Poland,POL,Europe & Central Asia,2016,2017,13913.3403,12999.808,12999.808565181762,13015.024200900563,13360.20877663432,12985.593,Model 3,train
Poland,POL,Europe & Central Asia,2017,2018,15658.212,14472.7522,14472.75260040722,14479.738445434898,15097.639253206557,15090.684,Model 3,train
Portugal,PRT,Europe & Central Asia,1991,1992,10810.5665,9768.9993,9768.998834549902,9503.363689814054,10483.830545203802,9909.377,Model 3,train
Portugal,PRT,Europe & Central Asia,1992,1993,9534.6564,11744.1126,11744.111789569011,11418.659366305055,10217.979306072311,11482.872,Model 3,train
Portugal,PRT,Europe & Central Asia,1993,1994,9977.3199,10366.5576,10366.557131385209,10097.263655757904,10303.548345977237,10476.534,Model 3,train
Portugal,PRT,Europe & Central Asia,1994,1995,11781.3619,10832.3058,10832.30524165746,10557.393727676554,11297.827215838592,11021.392,Model 3,train
Portugal,PRT,Europe & Central Asia,1995,1996,12185.0914,12748.6569,12748.656050525326,12422.030411699145,12257.893256604517,12365.96,Model 3,train
Portugal,PRT,Europe & Central Asia,1996,1997,11575.5071,13159.7938,13159.792826214672,12828.032185222066,11982.027155965949,12758.29,Model 3,train
Portugal,PRT,Europe & Central Asia,1997,1998,12199.2064,11344.1805,11344.179661505175,11350.842037269806,12067.14850323096,12813.857,Model 3,train
Portugal,PRT,Europe & Central Asia,1998,1999,12475.2918,11928.6657,11928.66490807854,11948.08416128435,12239.68594456934,13322.258,Model 3,train
Portugal,PRT,Europe & Central Asia,1999,2000,11526.3721,13410.2803,13410.279598907837,13120.385229549667,12044.136317571058,12770.244,Model 3,train
Portugal,PRT,Europe & Central Asia,2000,2001,11734.765,12398.86,12398.859564052918,12145.239288997962,11964.32286202523,12560.491,Model 3,train
Portugal,PRT,Europe & Central Asia,2001,2002,12936.6928,12615.5898,12615.589348990065,12364.961261262666,13012.94933102087,13349.029,Model 3,train
Portugal,PRT,Europe & Central Asia,2002,2003,15797.7821,13872.5324,13872.531745718936,13599.809289578869,14892.330655102938,14911.785,Model 3,train
Portugal,PRT,Europe & Central Asia,2003,2004,18064.1581,16823.0129,16823.012267671227,16527.304179608473,17605.466779112463,17323.033,Model 3,train
Portugal,PRT,Europe & Central Asia,2004,2005,18780.1275,19178.1669,19178.166004239167,18847.05404237292,19331.37022961189,20117.312,Model 3,train
Portugal,PRT,Europe & Central Asia,2005,2006,19839.454,19899.557,19899.55611036936,19580.78314416938,20100.625816524836,21411.686,Model 3,train
Portugal,PRT,Europe & Central Asia,2006,2007,22811.0565,20982.7977,20982.796840077754,20661.50996199152,22111.44544082602,22535.91,Model 3,train
Portugal,PRT,Europe & Central Asia,2007,2008,24949.0414,24020.6153,24020.61404204333,23660.8204010262,24528.10427733953,24124.803,Model 3,train
Portugal,PRT,Europe & Central Asia,2008,2009,23151.2154,25093.2738,25093.27293733443,25144.91373676321,24036.159977432788,23643.549,Model 3,train
Portugal,PRT,Europe & Central Asia,2009,2010,22551.9351,23254.4959,23254.49555140209,23367.16115259289,22542.51487981089,22736.738,Model 3,train
Portugal,PRT,Europe & Central Asia,2010,2011,23246.5425,23632.7692,23632.768674057348,23387.19344569869,23119.83609716189,22280.814,Model 3,train
Portugal,PRT,Europe & Central Asia,2011,2012,20593.4274,24364.4674,24364.467312993656,24150.123087937125,21613.945250727927,22362.432,Model 3,train
Portugal,PRT,Europe & Central Asia,2012,2013,21676.486,21563.7476,21563.74807472227,21433.83214015441,21722.98077402533,20741.105,Model 3,train
Portugal,PRT,Europe & Central Asia,2013,2014,22120.685,22650.4555,22650.455949708776,22537.01409358898,21412.67343037049,22040.188,Model 3,train
Portugal,PRT,Europe & Central Asia,2014,2015,19215.7813,23092.7686,23092.769172714212,22992.921779038137,20262.33793594979,21163.906,Model 3,train
Portugal,PRT,Europe & Central Asia,2015,2016,19980.2809,20075.2095,20075.21039145961,20023.94822363763,19926.65409075539,19857.68,Model 3,train
Portugal,PRT,Europe & Central Asia,2016,2017,21442.3843,20840.8203,20840.82109119835,20788.50083752368,21052.344989455843,21845.697,Model 3,train
Portugal,PRT,Europe & Central Asia,2017,2018,23541.1401,22322.6932,22322.694064534007,22273.85017295755,22694.682068061706,22757.13,Model 3,train
Paraguay,PRY,Latin America & Caribbean ,1996,1997,2078.5084,2266.7877,2266.787843526388,2257.294457351483,2137.8586365646634,2085.1763,Model 3,train
Paraguay,PRY,Latin America & Caribbean ,1997,1998,1889.8846,2047.0788,2047.0788995839996,2090.981680179352,1995.0775280277396,2029.7982,Model 3,train
Paraguay,PRY,Latin America & Caribbean ,1998,1999,1766.3066,1864.9234,1864.92348978835,1904.9713364428137,1837.9602165276224,1805.9038,Model 3,train
Paraguay,PRY,Latin America & Caribbean ,1999,2000,1736.1173,1919.6126,1919.6126942895544,1915.7824539312487,1777.0933077813509,1824.1826,Model 3,train
Paraguay,PRY,Latin America & Caribbean ,2000,2001,1637.6862,1886.3788,1886.3789364300728,1883.5487017453383,1707.6121309877956,1856.1238,Model 3,train
Paraguay,PRY,Latin America & Caribbean ,2001,2002,1367.7651,1780.0397,1780.039821163121,1778.9037045961302,1526.398257772712,1715.283,Model 3,train
Paraguay,PRY,Latin America & Caribbean ,2002,2003,1443.9989,1490.0942,1490.0943770625324,1491.6068673106854,1526.902077047157,1577.857,Model 3,train
Paraguay,PRY,Latin America & Caribbean ,2003,2004,1786.2153,1572.6402,1572.6403641836132,1572.6421549255024,1664.7948882043827,1691.6244,Model 3,train
Paraguay,PRY,Latin America & Caribbean ,2004,2005,1970.8717,1934.1477,1934.1478141769403,1935.8222117048524,1972.7530162169612,2032.6438,Model 3,train
Paraguay,PRY,Latin America & Caribbean ,2005,2006,2439.4312,2128.6562,2128.656349564263,2131.001408576434,2290.4173980074597,2272.8164,Model 3,train
Paraguay,PRY,Latin America & Caribbean ,2006,2007,3211.9362,2625.8491,2625.8491927651344,2624.7267487096387,3013.2396923570727,2833.216,Model 3,train
Paraguay,PRY,Latin America & Caribbean ,2007,2008,4384.9547,3437.1282,3437.128168488092,3433.9522093316405,3904.585893686931,3487.8062,Model 3,train
Paraguay,PRY,Latin America & Caribbean ,2008,2009,3941.8482,4466.2291,4466.229094309271,4532.679366918995,4168.238839611369,4046.331,Model 3,train
Paraguay,PRY,Latin America & Caribbean ,2009,2010,4750.9627,4008.8839,4008.8840216871786,4083.828814795396,4415.757934313025,4073.6628,Model 3,train
Paraguay,PRY,Latin America & Caribbean ,2010,2011,5805.4015,5031.1053,5031.105210781418,5032.612524607464,5483.8152039633615,5041.8047,Model 3,train
Paraguay,PRY,Latin America & Caribbean ,2011,2012,5642.1699,6120.4559,6120.455656497448,6120.843652714459,5851.231314674638,6074.2393,Model 3,train
Paraguay,PRY,Latin America & Caribbean ,2012,2013,6435.6834,5937.2255,5937.2253726911395,5952.718120078278,6077.169875512388,5733.5977,Model 3,train
Paraguay,PRY,Latin America & Caribbean ,2013,2014,6652.2548,6738.6446,6738.644452922486,6768.003681874793,6631.490370126381,6189.3306,Model 3,train
Paraguay,PRY,Latin America & Caribbean ,2014,2015,5879.3379,6947.5791,6947.579099552478,6987.758442007562,6244.8994117864495,6621.3066,Model 3,train
Paraguay,PRY,Latin America & Caribbean ,2015,2016,5775.1596,6134.8196,6134.819785177443,6189.539079360727,5969.1959276457565,5953.4473,Model 3,train
Paraguay,PRY,Latin America & Caribbean ,2016,2017,6152.2671,6017.6272,6017.627343363699,6078.729621706566,6118.516033832607,6294.4595,Model 3,train
Paraguay,PRY,Latin America & Caribbean ,2017,2018,6258.4499,6383.6645,6383.664780727449,6461.621020983557,6234.066467764504,6334.626,Model 3,train
West Bank and Gaza,PSE,"Middle East, North Africa, Afghanistan & Pakistan",2000,2001,1335.5532,1606.1944,1606.1945292587354,1608.3500561290489,1405.0470157668062,1553.8251,Model 3,train
West Bank and Gaza,PSE,"Middle East, North Africa, Afghanistan & Pakistan",2001,2002,1156.2175,1450.2891,1450.2892921847474,1455.74941702201,1318.799702917187,1445.7726,Model 3,train
West Bank and Gaza,PSE,"Middle East, North Africa, Afghanistan & Pakistan",2002,2003,1257.6986,1258.5862,1258.586383999031,1266.6306723178493,1284.2837515826088,1337.2065,Model 3,train
West Bank and Gaza,PSE,"Middle East, North Africa, Afghanistan & Pakistan",2003,2004,1422.1909,1366.5869,1366.5870543600804,1374.53495485333,1386.5726896189735,1430.1436,Model 3,train
West Bank and Gaza,PSE,"Middle East, North Africa, Afghanistan & Pakistan",2004,2005,1543.7014,1540.8703,1540.8704772626045,1549.3973268510936,1550.0322753908056,1723.9263,Model 3,train
West Bank and Gaza,PSE,"Middle East, North Africa, Afghanistan & Pakistan",2005,2006,1570.1044,1666.5323,1666.5324978416245,1680.8478891829016,1650.7727914172706,1821.4403,Model 3,train
West Bank and Gaza,PSE,"Middle East, North Africa, Afghanistan & Pakistan",2006,2007,1664.2457,1691.9567,1691.9569715854695,1707.174762879269,1705.3199498538504,1901.1029,Model 3,train
West Bank and Gaza,PSE,"Middle East, North Africa, Afghanistan & Pakistan",2007,2008,2035.2023,1789.104,1789.1042188323777,1806.8679205396832,1932.927968311491,2081.717,Model 3,train
West Bank and Gaza,PSE,"Middle East, North Africa, Afghanistan & Pakistan",2008,2009,2191.7818,2086.2022,2086.2025110711047,2141.286687563686,2258.3373688935026,2252.5327,Model 3,train
West Bank and Gaza,PSE,"Middle East, North Africa, Afghanistan & Pakistan",2009,2010,2557.0756,2235.7315,2235.731827542647,2301.1531926791395,2480.081504870148,2676.6062,Model 3,train
West Bank and Gaza,PSE,"Middle East, North Africa, Afghanistan & Pakistan",2010,2011,2880.7984,2715.12,2715.1203866999363,2751.286866205162,2888.6271800080485,2929.1252,Model 3,train
West Bank and Gaza,PSE,"Middle East, North Africa, Afghanistan & Pakistan",2011,2012,3067.4387,3049.8719,3049.8722763961428,3090.9152699654423,3019.4344205127327,3135.634,Model 3,train
West Bank and Gaza,PSE,"Middle East, North Africa, Afghanistan & Pakistan",2012,2013,3315.2975,3239.4551,3239.4554377442505,3285.499333312683,3253.490658291957,3227.7458,Model 3,train
West Bank and Gaza,PSE,"Middle East, North Africa, Afghanistan & Pakistan",2013,2014,3352.1126,3491.9003,3491.9007026058775,3545.5991046773283,3412.6760272117795,3457.4343,Model 3,train
West Bank and Gaza,PSE,"Middle East, North Africa, Afghanistan & Pakistan",2014,2015,3272.1543,3513.9288,3513.929211267412,3571.230510004716,3329.471645185073,3405.6208,Model 3,train
West Bank and Gaza,PSE,"Middle East, North Africa, Afghanistan & Pakistan",2015,2016,3527.6138,3432.0797,3432.0801990148957,3499.159966240026,3454.699180997104,3478.0208,Model 3,train
West Bank and Gaza,PSE,"Middle East, North Africa, Afghanistan & Pakistan",2016,2017,3620.3605,3689.4771,3689.477689494741,3766.209756809629,3598.386171105238,3827.06,Model 3,train
West Bank and Gaza,PSE,"Middle East, North Africa, Afghanistan & Pakistan",2017,2018,3562.3309,3779.1003,3779.100876516324,3862.8979684794735,3606.123152699888,3895.3323,Model 3,train
Qatar,QAT,"Middle East, North Africa, Afghanistan & Pakistan",1995,1996,17124.7921,16824.7581,16824.7563089659,16539.753560621175,17046.822150091837,16113.432,Model 3,train
Qatar,QAT,"Middle East, North Africa, Afghanistan & Pakistan",1996,1997,20522.8013,18178.5713,18178.569182500545,17863.224694483903,19335.493693629185,17149.55,Model 3,train
Qatar,QAT,"Middle East, North Africa, Afghanistan & Pakistan",1997,1998,17665.4408,19693.6461,19693.643319504394,19835.915872975536,20005.13262552901,19494.947,Model 3,train
Qatar,QAT,"Middle East, North Africa, Afghanistan & Pakistan",1998,1999,20233.6847,16974.0413,16974.039107188502,17126.650936124595,19211.05734106361,18373.357,Model 3,train
Qatar,QAT,"Middle East, North Africa, Afghanistan & Pakistan",1999,2000,27535.1829,21354.2685,21354.265478806792,21007.26926397855,23265.071544988074,20152.068,Model 3,train
Qatar,QAT,"Middle East, North Africa, Afghanistan & Pakistan",2000,2001,25870.7992,28893.1618,28893.156667790805,28383.214481065253,27546.062897352105,26712.893,Model 3,train
Qatar,QAT,"Middle East, North Africa, Afghanistan & Pakistan",2001,2002,27226.6594,27148.5377,27148.533168717593,26701.07320851227,26988.50839609957,25252.023,Model 3,train
Qatar,QAT,"Middle East, North Africa, Afghanistan & Pakistan",2002,2003,31602.4709,28495.9548,28495.950170679735,28066.409773747346,30085.42799103548,27684.875,Model 3,train
Qatar,QAT,"Middle East, North Africa, Afghanistan & Pakistan",2003,2004,41035.5008,32910.3629,32910.35773573497,32469.373653809067,37148.664867079875,32022.41,Model 3,train
Qatar,QAT,"Middle East, North Africa, Afghanistan & Pakistan",2004,2005,53949.6764,42559.2297,42559.22167816982,41920.36158285476,48595.083250985226,40353.656,Model 3,train
Qatar,QAT,"Middle East, North Africa, Afghanistan & Pakistan",2005,2006,62582.4453,55647.2848,55647.27304366545,54787.355872880384,59946.29962587334,50763.426,Model 3,train
Qatar,QAT,"Middle East, North Africa, Afghanistan & Pakistan",2006,2007,65954.342,64317.1357,64317.12156641918,63356.04079744994,66434.79452427215,59552.05,Model 3,train
Qatar,QAT,"Middle East, North Africa, Afghanistan & Pakistan",2007,2008,80781.4039,67547.7861,67547.77228042857,66706.47754307323,73464.35314298717,64599.57,Model 3,train
Qatar,QAT,"Middle East, North Africa, Afghanistan & Pakistan",2008,2009,60785.7352,78772.2467,78772.23224652374,79238.38523306219,71715.17423485073,67191.57,Model 3,train
Qatar,QAT,"Middle East, North Africa, Afghanistan & Pakistan",2009,2010,76462.6119,59196.4269,59196.42050799718,60043.61447559462,69108.498502304,59423.33,Model 3,train
Qatar,QAT,"Middle East, North Africa, Afghanistan & Pakistan",2010,2011,103261.5103,77147.7769,77147.7683588023,77206.79516964144,90910.67643055864,83709.586,Model 3,train
Qatar,QAT,"Middle East, North Africa, Afghanistan & Pakistan",2011,2012,108470.387,103751.1841,103751.1687551364,103615.49294401924,102426.8304415083,95634.18,Model 3,train
Qatar,QAT,"Middle East, North Africa, Afghanistan & Pakistan",2012,2013,103697.0628,108891.7679,108891.7512854513,108767.71506941754,102281.77107524748,96937.25,Model 3,train
Qatar,QAT,"Middle East, North Africa, Afghanistan & Pakistan",2013,2014,95840.6899,103675.7389,103675.72857358537,104124.7764366051,96768.26499274686,94117.305,Model 3,train
Qatar,QAT,"Middle East, North Africa, Afghanistan & Pakistan",2014,2015,68985.2433,95730.0014,95729.99443613835,96431.12824293984,74016.61319571007,78542.84,Model 3,train
Qatar,QAT,"Middle East, North Africa, Afghanistan & Pakistan",2015,2016,61253.6218,69191.8756,69191.87361748145,69940.20316133484,65842.58458460179,67832.58,Model 3,train
Qatar,QAT,"Middle East, North Africa, Afghanistan & Pakistan",2016,2017,63279.8767,61499.6165,61499.615921111705,62275.92075958756,63565.92433227866,62841.46,Model 3,train
Qatar,QAT,"Middle East, North Africa, Afghanistan & Pakistan",2017,2018,71039.9308,63412.3201,63412.319755665485,64289.27374739549,69240.99338426699,62841.46,Model 3,train
Romania,ROU,Europe & Central Asia,1993,1994,1323.0324,1327.5765,1327.576554178767,1272.5597026400476,1353.040211976618,1270.1444,Model 3,train
Romania,ROU,Europe & Central Asia,1994,1995,1650.0492,1503.056,1503.056073093083,1448.3542374780163,1570.0992684491953,1504.163,Model 3,train
Romania,ROU,Europe & Central Asia,1995,1996,1633.0106,1834.0774,1834.0774568375505,1795.9602777839314,1668.521080834548,1740.1227,Model 3,train
Romania,ROU,Europe & Central Asia,1996,1997,1577.3366,1815.7011,1815.7012007831436,1775.3114716267053,1631.658445369153,1684.8357,Model 3,train
Romania,ROU,Europe & Central Asia,1997,1998,1852.555,1623.0582,1623.0581728960942,1595.7628987404405,1752.680654756152,1626.5322,Model 3,train
Romania,ROU,Europe & Central Asia,1998,1999,1599.9062,1870.6143,1870.6143075842792,1869.3951724616743,1699.6050661489085,1769.0645,Model 3,train
Romania,ROU,Europe & Central Asia,1999,2000,1659.929,1779.9203,1779.9203703356095,1741.9527081979872,1698.962617827541,1756.5392,Model 3,train
Romania,ROU,Europe & Central Asia,2000,2001,1825.193,1845.1227,1845.122811635602,1807.1420951813,1814.720066011876,1916.6339,Model 3,train
Romania,ROU,Europe & Central Asia,2001,2002,2119.8551,2020.2253,2020.2253817266396,1981.4851730245105,2023.146596085581,1983.3397,Model 3,train
Romania,ROU,Europe & Central Asia,2002,2003,2679.4063,2332.2402,2332.2403030274113,2291.3480313951723,2576.9026763852453,2451.4565,Model 3,train
Romania,ROU,Europe & Central Asia,2003,2004,3494.9906,2931.0344,2931.034448552447,2880.8381538914773,3363.8375821909294,3122.0156,Model 3,train
Romania,ROU,Europe & Central Asia,2004,2005,4618.0035,3796.4477,3796.447750022432,3734.7981425562502,4360.9856174022,4055.0151,Model 3,train
Romania,ROU,Europe & Central Asia,2005,2006,5757.5313,4981.7053,4981.705229843091,4904.370926236132,5702.970850417413,5502.5376,Model 3,train
Romania,ROU,Europe & Central Asia,2006,2007,8360.3378,6178.7945,6178.794330590066,6083.444040669873,7370.614728990396,6643.9517,Model 3,train
Romania,ROU,Europe & Central Asia,2007,2008,10435.1561,8907.0584,8907.057855037445,8761.27285743848,9974.130076543612,10119.625,Model 3,train
Romania,ROU,Europe & Central Asia,2008,2009,8548.4543,10593.4611,10593.46050787873,10589.338648970184,9388.326758887808,9741.912,Model 3,train
Romania,ROU,Europe & Central Asia,2009,2010,8399.5374,8692.6421,8692.641978878653,8722.139153802695,8874.434440351988,9605.422,Model 3,train
Romania,ROU,Europe & Central Asia,2010,2011,9560.6755,8911.5276,8911.527255117095,8800.887708690607,9333.452967561549,8939.638,Model 3,train
Romania,ROU,Europe & Central Asia,2011,2012,8929.9537,10126.7669,10126.766457020183,10002.130214810251,9464.77274179578,9660.543,Model 3,train
Romania,ROU,Europe & Central Asia,2012,2013,9497.6741,9443.1866,9443.18641205614,9350.559804946706,9518.947168079994,9175.432,Model 3,train
Romania,ROU,Europe & Central Asia,2013,2014,10031.7711,10024.4668,10024.466727501236,9938.555311743705,9876.8664110396,9412.83,Model 3,train
Romania,ROU,Europe & Central Asia,2014,2015,8977.0175,10551.946,10551.945846979974,10474.075420320922,9725.184614637652,9526.592,Model 3,train
Romania,ROU,Europe & Central Asia,2015,2016,9404.5401,9445.534,9445.53401954385,9390.202113375735,9598.569809566176,8920.791,Model 3,train
Romania,ROU,Europe & Central Asia,2016,2017,10727.9822,9874.2307,9874.230786368456,9826.869869603088,10257.957563821576,9834.483,Model 3,train
Romania,ROU,Europe & Central Asia,2017,2018,12416.1343,11226.1039,11226.103810813864,11169.06126858024,11578.719184769663,10939.889,Model 3,train
Russian Federation,RUS,Europe & Central Asia,1993,1994,2662.104,3277.6433,3277.6426815965065,3122.300342824686,2870.3387566825268,2862.0034,Model 3,train
Russian Federation,RUS,Europe & Central Asia,1994,1995,2665.7798,2976.9667,2976.9662140789455,2837.5891717067075,2704.1944119942436,2679.4958,Model 3,train
Russian Federation,RUS,Europe & Central Asia,1995,1996,2643.9292,2979.116,2979.115474705942,2840.908589673284,2674.9979723492816,2741.422,Model 3,train
Russian Federation,RUS,Europe & Central Asia,1996,1997,2737.572,2895.2101,2895.2098896121665,2823.353664379196,2695.5988935921746,2681.2827,Model 3,train
Russian Federation,RUS,Europe & Central Asia,1997,1998,1834.8618,2704.3852,2704.3850935782903,2721.7107812260474,2331.4725460336276,2504.735,Model 3,train
Russian Federation,RUS,Europe & Central Asia,1998,1999,1330.7572,1827.047,1827.0469315457,1840.8884112456687,1497.4761123705018,1650.4291,Model 3,train
Russian Federation,RUS,Europe & Central Asia,1999,2000,1771.5941,1478.7564,1478.7563703633366,1440.8116392529707,1637.650544001052,1458.1566,Model 3,train
Russian Federation,RUS,Europe & Central Asia,2000,2001,2100.3525,1936.0798,1936.0797714764935,1902.4423575178685,1990.2727126291445,1857.1118,Model 3,train
Russian Federation,RUS,Europe & Central Asia,2001,2002,2377.5295,2287.533,2287.5328121614357,2244.855050059983,2382.1286843708785,2223.5198,Model 3,train
Russian Federation,RUS,Europe & Central Asia,2002,2003,2975.123,2578.8497,2578.849493271906,2530.930701437373,2932.812898717703,2667.07,Model 3,train
Russian Federation,RUS,Europe & Central Asia,2003,2004,4102.3647,3207.8347,3207.834422403063,3148.3096088239204,3725.570112290512,3383.252,Model 3,train
Russian Federation,RUS,Europe & Central Asia,2004,2005,5323.4551,4392.6949,4392.694379425355,4311.045634203907,4893.155247992385,4598.8755,Model 3,train
Russian Federation,RUS,Europe & Central Asia,2005,2006,6920.1997,5671.6809,5671.680015497994,5558.446360121717,6447.732869298562,6072.3276,Model 3,train
Russian Federation,RUS,Europe & Central Asia,2006,2007,9101.2393,7338.7041,7338.702876871386,7196.790614623743,8530.937586465841,7523.0786,Model 3,train
Russian Federation,RUS,Europe & Central Asia,2007,2008,11635.2842,9595.6473,9595.64567280492,9417.812745467703,11082.840289745802,10174.387,Model 3,train
Russian Federation,RUS,Europe & Central Asia,2008,2009,8562.8242,11681.1773,11681.175505707364,11661.578358833098,10065.261775031304,10114.868,Model 3,train
Russian Federation,RUS,Europe & Central Asia,2009,2010,10674.9902,8607.8111,8607.810425908168,8649.806940117454,10059.998603207185,10060.82,Model 3,train
Russian Federation,RUS,Europe & Central Asia,2010,2011,14305.332,11135.8031,11135.801816338051,11014.493072714078,12368.59610692012,11075.116,Model 3,train
Russian Federation,RUS,Europe & Central Asia,2011,2012,15401.8516,14826.4487,14826.446971745923,14679.952596630688,14084.99476886082,13133.84,Model 3,train
Russian Federation,RUS,Europe & Central Asia,2012,2013,15941.4482,15897.7622,15897.760555879646,15781.607113023889,14595.995985644997,14354.877,Model 3,train
Russian Federation,RUS,Europe & Central Asia,2013,2014,14055.4727,16439.9785,16439.976869636725,16328.831912401798,14551.90217594123,15570.738,Model 3,train
Russian Federation,RUS,Europe & Central Asia,2014,2015,9277.7139,14509.4987,14509.497527700092,14433.61266777557,10960.655852525668,11935.505,Model 3,train
Russian Federation,RUS,Europe & Central Asia,2015,2016,8663.1582,9652.3957,9652.3953189267,9619.890346706426,8967.817407782153,8866.264,Model 3,train
Russian Federation,RUS,Europe & Central Asia,2016,2017,10658.9131,9001.1984,9001.198286096527,8999.706220337832,9456.305574490756,8778.903,Model 3,train
Russian Federation,RUS,Europe & Central Asia,2017,2018,11211.8877,11026.9634,11026.963188251915,11032.981584077734,10695.76617362407,10400.766,Model 3,train
Rwanda,RWA,Sub-Saharan Africa ,1996,1997,238.7494,220.7821,220.78212635083793,221.6393407406005,225.16049915627752,226.39122,Model 3,train
Rwanda,RWA,Sub-Saharan Africa ,1997,1998,246.1547,231.4681,231.46805858887456,237.7986988243245,244.3731295435003,244.79428,Model 3,train
Rwanda,RWA,Sub-Saharan Africa ,1998,1999,264.7437,238.4384,238.43843085069065,245.4356682441368,258.0513680315878,263.36105,Model 3,train
Rwanda,RWA,Sub-Saharan Africa ,1999,2000,251.8693,282.5099,282.5099294676584,284.6001978591617,254.0093013387431,268.2756,Model 3,train
Rwanda,RWA,Sub-Saharan Africa ,2000,2001,237.3088,269.7645,269.76449600106974,272.08496807168405,248.19119671285333,262.72675,Model 3,train
Rwanda,RWA,Sub-Saharan Africa ,2001,2002,234.043,254.7294,254.7293958601515,257.46845611544796,243.92058865185783,256.74475,Model 3,train
Rwanda,RWA,Sub-Saharan Africa ,2002,2003,249.0123,251.6056,251.60560436557296,254.80805812875448,251.5116543033985,269.01114,Model 3,train
Rwanda,RWA,Sub-Saharan Africa ,2003,2004,269.5404,268.2275,268.22752285614365,271.8721937347831,270.23309093288407,293.77652,Model 3,train
Rwanda,RWA,Sub-Saharan Africa ,2004,2005,324.0169,290.7064,290.70645441741783,294.82700090143135,310.9660681143796,305.15854,Model 3,train
Rwanda,RWA,Sub-Saharan Africa ,2005,2006,356.995,348.6011,348.60111974517145,353.81249577030644,355.33283767912826,403.83588,Model 3,train
Rwanda,RWA,Sub-Saharan Africa ,2007,2008,528.3264,457.1643,457.164335538058,464.4758298985895,507.31497977153134,523.60913,Model 3,train
Rwanda,RWA,Sub-Saharan Africa ,2008,2009,564.0391,541.251,541.2510467431143,558.9542165434149,580.6568033249403,589.0129,Model 3,train
Rwanda,RWA,Sub-Saharan Africa ,2009,2010,593.6249,576.8655,576.8655905974882,596.9682120375126,592.7419089361842,638.0417,Model 3,train
Rwanda,RWA,Sub-Saharan Africa ,2010,2011,651.1337,632.4788,632.4788380012213,645.3632941082303,660.4687188184229,673.95355,Model 3,train
Rwanda,RWA,Sub-Saharan Africa ,2011,2012,706.8173,693.3765,693.3765703404238,706.9632815407972,689.477123043791,710.51526,Model 3,train
Rwanda,RWA,Sub-Saharan Africa ,2012,2013,704.9242,752.5024,752.5024807658624,766.6708078572875,719.9247408578462,774.25684,Model 3,train
Rwanda,RWA,Sub-Saharan Africa ,2013,2014,724.9575,749.6216,749.6216738037108,764.9193621901563,724.2710058301157,770.7508,Model 3,train
Rwanda,RWA,Sub-Saharan Africa ,2014,2015,733.9986,769.6024,769.602453525223,786.380260760812,736.2259124146253,755.2501,Model 3,train
Rwanda,RWA,Sub-Saharan Africa ,2015,2016,729.5191,778.3954,778.395473427003,796.0057524815126,744.1551168378596,819.49963,Model 3,train
Rwanda,RWA,Sub-Saharan Africa ,2016,2017,758.301,773.5707,773.570812407647,791.2692605803352,759.9676645922922,776.67365,Model 3,train
Rwanda,RWA,Sub-Saharan Africa ,2017,2018,771.7735,802.9525,802.9526536698505,821.9459397182789,774.3973043933307,833.4749,Model 3,train
Saudi Arabia,SAU,"Middle East, North Africa, Afghanistan & Pakistan",1995,1996,11471.5046,11393.3921,11393.390612986472,11288.863222714856,11470.385171455306,9414.509,Model 3,train
Saudi Arabia,SAU,"Middle East, North Africa, Afghanistan & Pakistan",1996,1997,11545.3456,12094.5139,12094.512235791944,11990.149164788849,11379.030084019569,10639.019,Model 3,train
Saudi Arabia,SAU,"Middle East, North Africa, Afghanistan & Pakistan",1997,1998,9836.0573,11042.1365,11042.134940242331,11229.863522104512,10672.6576519942,10314.277,Model 3,train
Saudi Arabia,SAU,"Middle East, North Africa, Afghanistan & Pakistan",1998,1999,10452.1899,9427.828,9427.82679158424,9602.51245786913,10680.80060499436,8914.005,Model 3,train
Saudi Arabia,SAU,"Middle East, North Africa, Afghanistan & Pakistan",1999,2000,11714.5624,11020.4543,11020.45295444055,10949.652999141015,11242.095323363106,9153.303,Model 3,train
Saudi Arabia,SAU,"Middle East, North Africa, Afghanistan & Pakistan",2000,2001,10805.3113,12318.1341,12318.132396693574,12240.803674108767,11238.483898487846,10704.755,Model 3,train
Saudi Arabia,SAU,"Middle East, North Africa, Afghanistan & Pakistan",2001,2002,10586.0543,11364.0433,11364.04196111986,11312.236148684377,10951.50563369041,9954.6045,Model 3,train
Saudi Arabia,SAU,"Middle East, North Africa, Afghanistan & Pakistan",2002,2003,11487.2204,11128.8478,11128.846538398218,11088.735621788734,11286.820762466738,10008.216,Model 3,train
Saudi Arabia,SAU,"Middle East, North Africa, Afghanistan & Pakistan",2003,2004,13154.4979,12050.9072,12050.9058072117,12011.907033090867,12687.38623569828,11557.349,Model 3,train
Saudi Arabia,SAU,"Middle East, North Africa, Afghanistan & Pakistan",2004,2005,15975.7474,13756.1054,13756.103653459788,13715.154354314558,14956.05825787124,13094.132,Model 3,train
Saudi Arabia,SAU,"Middle East, North Africa, Afghanistan & Pakistan",2005,2006,17563.6145,16636.9671,16636.964639309568,16586.057916363756,16999.226789064734,15699.881,Model 3,train
Saudi Arabia,SAU,"Middle East, North Africa, Afghanistan & Pakistan",2006,2007,18596.1503,18226.0434,18226.040846793887,18197.75442193987,18830.48034359194,16689.168,Model 3,train
Saudi Arabia,SAU,"Middle East, North Africa, Afghanistan & Pakistan",2007,2008,22320.4889,19221.4353,19221.43304342736,19242.600259264855,21759.61636480448,19050.668,Model 3,train
Saudi Arabia,SAU,"Middle East, North Africa, Afghanistan & Pakistan",2008,2009,17718.3912,21998.5184,21998.516109415068,22396.22366890998,19628.708353750462,19098.584,Model 3,train
Saudi Arabia,SAU,"Middle East, North Africa, Afghanistan & Pakistan",2009,2010,22028.3901,17491.2471,17491.24588055196,17865.285787558478,20477.123078786582,17803.807,Model 3,train
Saudi Arabia,SAU,"Middle East, North Africa, Afghanistan & Pakistan",2010,2011,27126.7499,22606.1975,22606.19482715539,22688.96221981026,24126.911609009378,20084.61,Model 3,train
Saudi Arabia,SAU,"Middle East, North Africa, Afghanistan & Pakistan",2011,2012,28733.4376,27680.386,27680.38251510434,27802.22796666899,27904.702641753654,23869.52,Model 3,train
Saudi Arabia,SAU,"Middle East, North Africa, Afghanistan & Pakistan",2012,2013,27865.4656,29211.4863,29211.482920647035,29409.087977835523,28385.262682106444,26141.414,Model 3,train
Saudi Arabia,SAU,"Middle East, North Africa, Afghanistan & Pakistan",2013,2014,27805.485,28284.7498,28284.747238758,28547.860676745106,27613.63112753628,26441.365,Model 3,train
Saudi Arabia,SAU,"Middle East, North Africa, Afghanistan & Pakistan",2014,2015,23256.155,28183.3121,28183.30996113882,28505.736181046435,25881.89615422657,24603.297,Model 3,train
Saudi Arabia,SAU,"Middle East, North Africa, Afghanistan & Pakistan",2015,2016,22267.7217,23602.7731,23602.772315556747,23956.47728186835,22180.72073978577,21193.375,Model 3,train
Saudi Arabia,SAU,"Middle East, North Africa, Afghanistan & Pakistan",2016,2017,23929.2907,22582.696,22582.69571493472,22974.212760972325,23417.88553261517,22657.213,Model 3,train
Saudi Arabia,SAU,"Middle East, North Africa, Afghanistan & Pakistan",2017,2018,29360.0659,24086.9035,24086.90440309131,24651.58656214414,26850.31396682988,25233.246,Model 3,train
Sudan,SDN,Sub-Saharan Africa ,1994,1995,462.5852,481.2921,481.2921719553878,480.0744199547397,422.3286511569979,436.4575,Model 3,train
Sudan,SDN,Sub-Saharan Africa ,1995,1996,294.827,502.1486,502.14867364364665,504.9242398276742,383.2196108281424,448.43036,Model 3,train
Sudan,SDN,Sub-Saharan Africa ,1996,1997,373.0938,325.6907,325.69069452242553,325.0215559249355,327.3283879080685,316.25696,Model 3,train
Sudan,SDN,Sub-Saharan Africa ,1997,1998,350.7029,367.3065,367.3065616625541,380.85359823492087,351.08413997204366,353.4736,Model 3,train
Sudan,SDN,Sub-Saharan Africa ,1998,1999,324.6596,344.1407,344.14073593533567,358.4538766537866,341.65361817886475,348.6514,Model 3,train
Sudan,SDN,Sub-Saharan Africa ,1999,2000,362.1169,350.8432,350.8432205388789,357.1680985025755,355.9372933096017,347.26566,Model 3,train
Sudan,SDN,Sub-Saharan Africa ,2000,2001,451.2933,389.8447,389.844795027588,397.42205895216574,405.83024021123646,349.3745,Model 3,train
Sudan,SDN,Sub-Saharan Africa ,2001,2002,506.2626,483.5522,483.5523138838287,492.8475981860251,463.0262272052389,459.97415,Model 3,train
Sudan,SDN,Sub-Saharan Africa ,2002,2003,580.3203,542.8982,542.8982373779527,551.1323201637247,603.4466251776103,556.2941,Model 3,train
Sudan,SDN,Sub-Saharan Africa ,2003,2004,705.1133,618.086,618.0860710605534,628.0514525984746,692.3801509338249,640.7802,Model 3,train
Sudan,SDN,Sub-Saharan Africa ,2004,2005,905.5436,747.0298,747.0298397857122,756.7301180627354,849.2732037193917,780.0857,Model 3,train
Sudan,SDN,Sub-Saharan Africa ,2007,2008,1527.5824,1516.2557,1516.255716060154,1537.570362726719,1579.903892356771,1626.976,Model 3,train
Sudan,SDN,Sub-Saharan Africa ,2015,2016,1033.2159,1355.379,1355.378996267112,1380.6502180908867,1160.291417880279,1245.2213,Model 3,train
Sudan,SDN,Sub-Saharan Africa ,2016,2017,966.5057,1086.6339,1086.6339638714658,1109.36814922108,997.5706597464592,1041.6812,Model 3,train
Sudan,SDN,Sub-Saharan Africa ,2017,2018,731.0275,1018.6444,1018.6445027028448,1039.6699379558138,861.5608569505483,994.3257,Model 3,train
Senegal,SEN,Sub-Saharan Africa ,1995,1996,723.47,766.3111,766.3111147200918,772.6116833231504,701.5716145856879,671.3747,Model 3,train
Senegal,SEN,Sub-Saharan Africa ,1996,1997,650.7763,773.8056,773.8056616829716,780.6968194699962,682.6001923654036,659.21783,Model 3,train
Senegal,SEN,Sub-Saharan Africa ,1997,1998,684.5881,632.265,632.2650230734604,654.6718692234575,655.00329243869,585.64624,Model 3,train
Senegal,SEN,Sub-Saharan Africa ,1998,1999,677.5163,663.9861,663.9861922217549,687.3976051350475,674.1524637211033,635.22754,Model 3,train
Senegal,SEN,Sub-Saharan Africa ,1999,2000,603.2332,723.6839,723.683903567989,731.0340388712348,663.5696911227883,632.7127,Model 3,train
Senegal,SEN,Sub-Saharan Africa ,2000,2001,637.2135,645.2615,645.2615052268678,652.5830877243066,635.9338459456255,570.85956,Model 3,train
Senegal,SEN,Sub-Saharan Africa ,2001,2002,669.4304,681.1114,681.1114476221837,688.8409088916748,667.5380533782953,642.25037,Model 3,train
Senegal,SEN,Sub-Saharan Africa ,2002,2003,817.888,715.0315,715.0315905959799,723.5590882535913,759.8882099809216,705.3239,Model 3,train
Senegal,SEN,Sub-Saharan Africa ,2003,2004,918.1021,870.1752,870.1752970351611,880.5137072039729,909.0786244022128,855.29645,Model 3,train
Senegal,SEN,Sub-Saharan Africa ,2004,2005,979.8461,974.7493,974.7493733970553,986.9443742360572,1005.0157677528956,1003.334,Model 3,train
Senegal,SEN,Sub-Saharan Africa ,2005,2006,1017.202,1039.4352,1039.435272895235,1052.5985234473485,1043.7114101675818,1038.208,Model 3,train
Senegal,SEN,Sub-Saharan Africa ,2006,2007,1188.9388,1078.5314,1078.5314268077482,1093.015222168233,1137.2661317092957,1072.4446,Model 3,train
Senegal,SEN,Sub-Saharan Africa ,2007,2008,1398.7922,1258.2328,1258.2329071717822,1274.5539887657817,1346.6089190155649,1275.8765,Model 3,train
Senegal,SEN,Sub-Saharan Africa ,2008,2009,1308.694,1413.7722,1413.7722270115294,1455.6988979218818,1373.8838676851751,1388.6354,Model 3,train
Senegal,SEN,Sub-Saharan Africa ,2009,2010,1275.8836,1321.7504,1321.7504467218173,1364.6999397774316,1380.2695622493109,1406.676,Model 3,train
Senegal,SEN,Sub-Saharan Africa ,2010,2011,1374.6759,1346.8887,1346.8887288260523,1367.4868811680492,1339.0567324535866,1253.3712,Model 3,train
Senegal,SEN,Sub-Saharan Africa ,2011,2012,1326.838,1449.1912,1449.1912342829255,1471.751592317624,1394.013477408476,1422.244,Model 3,train
Senegal,SEN,Sub-Saharan Africa ,2012,2013,1379.832,1398.1494,1398.1494629314327,1422.0496161394028,1381.337457619647,1399.2444,Model 3,train
Senegal,SEN,Sub-Saharan Africa ,2013,2014,1398.8914,1451.3414,1451.341446994507,1477.863657089509,1394.8332893188235,1428.2361,Model 3,train
Senegal,SEN,Sub-Saharan Africa ,2014,2015,1218.0061,1468.0236,1468.0237459198922,1497.9938854419888,1366.763658980217,1386.2358,Model 3,train
Senegal,SEN,Sub-Saharan Africa ,2015,2016,1266.4396,1279.3577,1279.3578002496463,1308.7835695226968,1271.0129964620796,1274.0332,Model 3,train
Senegal,SEN,Sub-Saharan Africa ,2016,2017,1356.8052,1327.9601,1327.9602132828363,1359.5290531330108,1325.0950657140902,1342.2245,Model 3,train
Senegal,SEN,Sub-Saharan Africa ,2017,2018,1452.5561,1419.2462,1419.2463951257278,1454.3589138256586,1469.3892323387474,1511.006,Model 3,train
Singapore,SGP,East Asia & Pacific,1991,1992,16136.2405,15593.1877,15593.186535837289,15270.73576258554,16003.784811926844,16205.773,Model 3,train
Singapore,SGP,East Asia & Pacific,1992,1993,18290.1301,17306.586,17306.584444188196,16949.98091572373,18307.231254779723,18192.305,Model 3,train
Singapore,SGP,East Asia & Pacific,1993,1994,21552.41,19564.0865,19564.08438589062,19149.644987449683,20323.94854160824,20131.477,Model 3,train
Singapore,SGP,East Asia & Pacific,1994,1995,24914.8507,22980.9587,22980.95570381121,22474.178941837188,24253.75080515232,22581.238,Model 3,train
Singapore,SGP,East Asia & Pacific,1995,1996,26232.8661,26468.2697,26468.265864576195,25883.79681671131,25950.63726252054,25336.5,Model 3,train
Singapore,SGP,East Asia & Pacific,1996,1997,26375.8654,27787.4728,27787.46899008714,27220.94539582857,26143.725363283465,26582.168,Model 3,train
Singapore,SGP,East Asia & Pacific,1997,1998,21829.2738,25316.6235,25316.620136720747,25468.63765118128,24397.67922648121,26056.092,Model 3,train
Singapore,SGP,East Asia & Pacific,1998,1999,21796.6374,20961.9751,20961.97321183072,21173.06767647287,22380.73621452418,22425.113,Model 3,train
Singapore,SGP,East Asia & Pacific,1999,2000,23852.839,23016.3909,23016.389295456116,22714.19794494733,23123.405842497876,21592.918,Model 3,train
Singapore,SGP,East Asia & Pacific,2000,2001,21699.7415,25070.421,25070.419838795257,24811.36691785082,23259.667961983796,25141.463,Model 3,train
Singapore,SGP,East Asia & Pacific,2001,2002,22159.8374,22794.0223,22794.021820691072,22619.69604842192,22552.61254399477,23235.537,Model 3,train
Singapore,SGP,East Asia & Pacific,2002,2003,23730.384,23213.8042,23213.80406474286,23088.006061406057,23307.39023667321,24154.387,Model 3,train
Singapore,SGP,East Asia & Pacific,2003,2004,27608.08,24784.7171,24784.71728938014,24695.745887409943,26109.82288933621,25208.977,Model 3,train
Singapore,SGP,East Asia & Pacific,2004,2005,29961.3173,28699.3928,28699.393159654064,28642.02991020803,29852.745393644054,30615.97,Model 3,train
Singapore,SGP,East Asia & Pacific,2005,2006,33768.4528,31105.3242,31105.324223530133,31038.92826452643,33055.01607547429,32309.998,Model 3,train
Singapore,SGP,East Asia & Pacific,2006,2007,39432.886,35000.7803,35000.779496721996,34876.8830327072,38525.0991426266,35945.957,Model 3,train
Singapore,SGP,East Asia & Pacific,2007,2008,40008.572,40637.9747,40637.97411003664,40584.22089895352,41730.07169779208,44025.402,Model 3,train
Singapore,SGP,East Asia & Pacific,2008,2009,38926.8054,39490.3883,39490.38846788375,40090.11579564721,41328.52556182376,40004.316,Model 3,train
Singapore,SGP,East Asia & Pacific,2009,2010,47236.6831,38381.4492,38381.449658832,39042.44262192437,43883.25536870118,40308.31,Model 3,train
Singapore,SGP,East Asia & Pacific,2010,2011,53891.457,48484.8256,48484.82385795378,48436.66655287026,52297.99476273091,49059.066,Model 3,train
Singapore,SGP,East Asia & Pacific,2011,2012,55547.5553,55197.7757,55197.77256524252,55083.80199815185,55855.04935992467,53309.312,Model 3,train
Singapore,SGP,East Asia & Pacific,2012,2013,56967.4258,56820.8279,56820.82460795384,56730.9192063412,56346.267094914016,53199.766,Model 3,train
Singapore,SGP,East Asia & Pacific,2013,2014,57564.8023,58053.3611,58053.3590198513,58140.889855718946,57042.56650382539,53884.285,Model 3,train
Singapore,SGP,East Asia & Pacific,2014,2015,55645.6069,58648.2889,58648.28627704484,58729.3643259021,58487.24028675217,53093.477,Model 3,train
Singapore,SGP,East Asia & Pacific,2015,2016,57005.5887,56685.5365,56685.53410718361,56807.72071477138,57048.593553184226,50834.3,Model 3,train
Singapore,SGP,East Asia & Pacific,2016,2017,61236.2513,57920.6668,57920.66492095229,58138.735902613415,59369.78498563133,54474.035,Model 3,train
Singapore,SGP,East Asia & Pacific,2017,2018,66881.6067,62135.6824,62135.67965377978,62344.75988159457,63800.43828046706,61256.617,Model 3,train
Solomon Islands,SLB,East Asia & Pacific,1995,1996,1289.3304,1354.0802,1354.0803040403164,1329.2916073535814,1284.8909467534263,1229.7139,Model 3,train
Solomon Islands,SLB,East Asia & Pacific,1996,1997,1292.2395,1428.9367,1428.9367910898256,1402.017098182127,1260.961611311125,1255.5479,Model 3,train
Solomon Islands,SLB,East Asia & Pacific,1997,1998,1091.891,1298.0811,1298.0812075449414,1306.9197150234131,1142.442121277307,1184.1887,Model 3,train
Solomon Islands,SLB,East Asia & Pacific,1998,1999,1133.6226,1099.8355,1099.8356099525397,1108.0637808931554,1097.403304224945,1094.7638,Model 3,train
Solomon Islands,SLB,East Asia & Pacific,1999,2000,953.1719,1255.5653,1255.5654387950938,1234.5351933910583,1068.7184757456228,1169.7219,Model 3,train
Solomon Islands,SLB,East Asia & Pacific,2000,2001,911.7919,1057.9162,1057.9162699408514,1041.6635340321018,912.67458606667,953.63043,Model 3,train
Solomon Islands,SLB,East Asia & Pacific,2001,2002,756.8903,1011.9209,1011.9209961560214,997.0417121956666,876.4330054490946,953.63043,Model 3,train
Solomon Islands,SLB,East Asia & Pacific,2002,2003,895.9842,842.5467,842.5467516749112,830.7983134710807,889.4201479596493,852.8721,Model 3,train
Solomon Islands,SLB,East Asia & Pacific,2003,2004,986.071,993.7545,993.7546239876276,979.35779838138,983.1063500955644,978.16864,Model 3,train
Solomon Islands,SLB,East Asia & Pacific,2004,2005,1144.4923,1091.197,1091.197072177068,1075.1310919289956,1112.377419591352,1037.2367,Model 3,train
Solomon Islands,SLB,East Asia & Pacific,2005,2006,1255.6245,1262.8863,1262.8863836091366,1243.279597702961,1240.3986500719325,1242.4941,Model 3,train
Solomon Islands,SLB,East Asia & Pacific,2006,2007,1390.1487,1383.3584,1383.3584539278895,1360.7734323150842,1352.0061088914397,1309.2233,Model 3,train
Solomon Islands,SLB,East Asia & Pacific,2007,2008,1525.8467,1526.6669,1526.6669564258716,1501.7109370837347,1549.033112931579,1535.7899,Model 3,train
Solomon Islands,SLB,East Asia & Pacific,2008,2009,1554.7067,1603.8804,1603.880412743245,1602.445136058263,1585.8862344336983,1541.0863,Model 3,train
Solomon Islands,SLB,East Asia & Pacific,2009,2010,1685.1454,1629.3771,1629.3771792923983,1631.1980344355238,1729.8461071779695,1784.7394,Model 3,train
Solomon Islands,SLB,East Asia & Pacific,2010,2011,1924.058,1839.2712,1839.2712315550816,1812.1069971060729,1907.6579033752816,1967.4098,Model 3,train
Solomon Islands,SLB,East Asia & Pacific,2011,2012,2066.2574,2096.1262,2096.12614361717,2062.1566611955755,2052.770630967507,2095.5945,Model 3,train
Solomon Islands,SLB,East Asia & Pacific,2012,2013,2161.3863,2246.0595,2246.059480158313,2210.1885232825966,2148.525920895906,2227.3347,Model 3,train
Solomon Islands,SLB,East Asia & Pacific,2013,2014,2164.9529,2345.3264,2345.326317212288,2308.295649999266,2162.04223141691,2242.3464,Model 3,train
Solomon Islands,SLB,East Asia & Pacific,2014,2015,2045.4772,2346.4691,2346.4690117092523,2310.3748666292413,2133.258708785833,2185.1313,Model 3,train
Solomon Islands,SLB,East Asia & Pacific,2015,2016,2082.6238,2215.4102,2215.410106118854,2185.8258569336126,2128.318633446906,2201.271,Model 3,train
Solomon Islands,SLB,East Asia & Pacific,2016,2017,2143.5767,2253.5214,2253.5213297841374,2223.998392922139,2153.6128479045574,2245.0662,Model 3,train
Solomon Islands,SLB,East Asia & Pacific,2017,2018,2278.1991,2314.2848,2314.2847317151895,2286.828891654242,2211.691166631628,2297.0693,Model 3,train
Sierra Leone,SLE,Sub-Saharan Africa ,2007,2008,705.359,667.8523,667.8522080670338,668.6817241675019,696.6953813043606,632.24164,Model 3,train
Sierra Leone,SLE,Sub-Saharan Africa ,2008,2009,652.8458,712.1316,712.1315240602554,725.6659171463789,699.0703342621679,675.2731,Model 3,train
Sierra Leone,SLE,Sub-Saharan Africa ,2009,2010,685.0397,659.8392,659.8391603063244,673.2683900269203,689.8458913561361,637.04755,Model 3,train
Sierra Leone,SLE,Sub-Saharan Africa ,2010,2011,761.1464,722.5427,722.5426314306959,725.138239703395,737.7603412764394,706.4754,Model 3,train
Sierra Leone,SLE,Sub-Saharan Africa ,2011,2012,937.5044,801.4103,801.4102731350167,804.4087291964688,870.0392139803405,771.7857,Model 3,train
Sierra Leone,SLE,Sub-Saharan Africa ,2012,2013,1117.4718,983.314,983.3139517118004,986.6861139255366,1038.6339372820607,973.4737,Model 3,train
Sierra Leone,SLE,Sub-Saharan Africa ,2013,2014,1117.7586,1168.5324,1168.532232860969,1172.916738625976,1130.1959801269415,1139.3463,Model 3,train
Sierra Leone,SLE,Sub-Saharan Africa ,2014,2015,964.576,1167.3708,1167.370648828005,1173.016397875947,1047.5326508761132,1092.9059,Model 3,train
Sierra Leone,SLE,Sub-Saharan Africa ,2015,2016,844.4164,1010.7713,1010.771182846708,1017.5345778369594,890.5061392724425,929.55707,Model 3,train
Sierra Leone,SLE,Sub-Saharan Africa ,2016,2017,779.186,888.0352,888.0351521475812,895.7266631874586,808.5841781435693,831.5016,Model 3,train
Sierra Leone,SLE,Sub-Saharan Africa ,2017,2018,845.9145,821.4114,821.4113930055572,828.958345488556,830.4105704088765,808.2103,Model 3,train
El Salvador,SLV,Latin America & Caribbean ,1996,1997,1748.9211,1790.3909,1790.390918360087,1780.7856421526487,1733.5801854610197,1819.0083,Model 3,train
El Salvador,SLV,Latin America & Caribbean ,1997,1998,1859.7309,1718.3395,1718.3394914146504,1754.771101474813,1796.972560294622,1726.5859,Model 3,train
El Salvador,SLV,Latin America & Caribbean ,1998,1999,1908.0805,1824.6445,1824.644480417263,1863.765706452073,1888.647460541609,1954.3364,Model 3,train
El Salvador,SLV,Latin America & Caribbean ,1999,2000,1982.8709,2060.8166,2060.816686749046,2054.8939400320673,1989.0710430805232,1918.7352,Model 3,train
El Salvador,SLV,Latin America & Caribbean ,2000,2001,2058.0446,2140.4745,2140.474512166506,2134.1326961259156,2052.8315070793947,2051.4824,Model 3,train
El Salvador,SLV,Latin America & Caribbean ,2001,2002,2115.4119,2219.8191,2219.819155235253,2212.927208722027,2157.543266391975,2144.3276,Model 3,train
El Salvador,SLV,Latin America & Caribbean ,2002,2003,2207.8309,2279.999,2279.9990256087863,2274.4446612255206,2226.8178356574017,2340.7783,Model 3,train
El Salvador,SLV,Latin America & Caribbean ,2003,2004,2285.6891,2376.5776,2376.5775882578614,2371.3103652694112,2385.514356333451,2481.061,Model 3,train
El Salvador,SLV,Latin America & Caribbean ,2004,2005,2447.3914,2459.3943,2459.3942705296154,2454.04917286656,2489.139651753217,2498.3403,Model 3,train
El Salvador,SLV,Latin America & Caribbean ,2005,2006,2665.6181,2628.04,2628.039992635968,2622.104424216473,2709.655584220961,2756.1914,Model 3,train
El Salvador,SLV,Latin America & Caribbean ,2006,2007,2830.6569,2856.4298,2856.429762198457,2850.214563500872,2899.7969258116277,2944.542,Model 3,train
El Salvador,SLV,Latin America & Caribbean ,2007,2008,2983.2483,3028.913,3028.912921967089,3021.933436992249,3005.7339445224866,3061.788,Model 3,train
El Salvador,SLV,Latin America & Caribbean ,2008,2009,2910.1865,3050.5717,3050.571692315095,3097.925388736858,2995.7519440905025,2935.063,Model 3,train
El Salvador,SLV,Latin America & Caribbean ,2009,2010,3040.073,2970.5491,2970.549139972949,3023.1881148536786,3056.309556226204,3233.4949,Model 3,train
El Salvador,SLV,Latin America & Caribbean ,2010,2011,3330.6005,3236.706,3236.7059563465295,3241.4465124752983,3296.871701442357,3259.8564,Model 3,train
El Salvador,SLV,Latin America & Caribbean ,2011,2012,3497.9126,3539.3008,3539.3007538784723,3543.721235531856,3508.8954503867285,3319.428,Model 3,train
El Salvador,SLV,Latin America & Caribbean ,2012,2013,3582.2669,3709.2972,3709.2971542757514,3716.988359845749,3678.451594594775,3640.1094,Model 3,train
El Salvador,SLV,Latin America & Caribbean ,2013,2014,3666.0125,3790.1605,3790.160424146247,3800.463278748616,3699.466976001893,3698.6038,Model 3,train
El Salvador,SLV,Latin America & Caribbean ,2014,2015,3790.3409,3872.3831,3872.3830580197455,3884.030802691078,3825.258775121965,3541.515,Model 3,train
El Salvador,SLV,Latin America & Caribbean ,2015,2016,3901.3401,3994.3379,3994.3377741680015,4008.415509425983,3903.388231969759,3757.5183,Model 3,train
El Salvador,SLV,Latin America & Caribbean ,2016,2017,4020.1267,4104.4127,4104.412563987218,4119.993985216725,4038.404030809084,3913.5703,Model 3,train
El Salvador,SLV,Latin America & Caribbean ,2017,2018,4183.5462,4219.3987,4219.398606081233,4240.661358518082,4140.713852693103,3977.024,Model 3,train
Serbia,SRB,Europe & Central Asia,2004,2005,3807.9742,3904.4644,3904.464622055615,3850.702410716349,3993.501595212695,4268.25,Model 3,train
Serbia,SRB,Europe & Central Asia,2005,2006,4492.7137,4126.3213,4126.321552811796,4069.8478925614695,4457.195449026425,4614.062,Model 3,train
Serbia,SRB,Europe & Central Asia,2006,2007,6081.0877,4850.7673,4850.767524280349,4786.293461468136,5559.960470064479,5200.718,Model 3,train
Serbia,SRB,Europe & Central Asia,2007,2008,7376.7352,6517.6195,6517.619664338107,6433.468986929727,7283.761214873574,6992.4,Model 3,train
Serbia,SRB,Europe & Central Asia,2008,2009,6414.0448,7550.9761,7550.976267894667,7566.099112114378,6813.543265224638,6841.073,Model 3,train
Serbia,SRB,Europe & Central Asia,2009,2010,5970.9266,6564.5116,6564.511950134596,6596.567397586157,6481.440135492184,6619.6523,Model 3,train
Serbia,SRB,Europe & Central Asia,2010,2011,7082.2862,6378.3657,6378.366001949956,6316.592308489611,6915.638495033729,6358.746,Model 3,train
Serbia,SRB,Europe & Central Asia,2011,2012,6263.0409,7541.1089,7541.109110009923,7461.735815005053,6505.078802828746,6950.879,Model 3,train
Serbia,SRB,Europe & Central Asia,2012,2013,7040.4181,6663.0688,6663.0691570588715,6616.8477816400855,6707.123105841985,6318.9565,Model 3,train
Serbia,SRB,Europe & Central Asia,2013,2014,6886.6781,7465.4694,7465.4698332179005,7419.175774608687,6744.746125695193,6903.644,Model 3,train
Serbia,SRB,Europe & Central Asia,2014,2015,5820.3216,7279.6891,7279.68964679596,7258.348412612907,6460.731242982604,6631.2407,Model 3,train
Serbia,SRB,Europe & Central Asia,2015,2016,5982.3703,6159.3736,6159.374280956185,6153.078489247029,5983.532320919778,5907.3936,Model 3,train
Serbia,SRB,Europe & Central Asia,2016,2017,6548.0365,6325.8878,6325.888424869947,6321.737491326603,6396.605769799034,6497.891,Model 3,train
Serbia,SRB,Europe & Central Asia,2017,2018,7559.8617,6905.8885,6905.889110207935,6898.60514259917,7100.891965979809,7148.2124,Model 3,train
South Sudan,SSD,Sub-Saharan Africa ,2012,2013,1650.1894,1172.8263,1172.8261743804358,1175.8341750844963,1424.0319131696856,1181.5187,Model 3,train
South Sudan,SSD,Sub-Saharan Africa ,2013,2014,1242.7345,1718.9919,1718.9916983761102,1732.620676059882,1425.4610605028374,1591.3483,Model 3,train
South Sudan,SSD,Sub-Saharan Africa ,2014,2015,1080.1472,1279.3261,1279.325739849015,1277.0025535547654,1130.4692526838398,1192.6493,Model 3,train
Sao Tome and Principe,STP,Sub-Saharan Africa ,1998,1999,542.6925,511.2,511.2000642496126,523.2022596840225,533.9103966561449,524.7739,Model 3,train
Sao Tome and Principe,STP,Sub-Saharan Africa ,1999,2000,529.0894,590.554,590.5541335766559,593.1650874231993,546.6540482290827,531.2885,Model 3,train
Sao Tome and Principe,STP,Sub-Saharan Africa ,2000,2001,518.8805,574.9732,574.9732882011971,578.53376937454,542.0017745034506,617.73096,Model 3,train
Sao Tome and Principe,STP,Sub-Saharan Africa ,2001,2002,568.1026,563.179,563.17906812575,567.6035459565993,567.9756354913907,621.73724,Model 3,train
Sao Tome and Principe,STP,Sub-Saharan Africa ,2002,2003,663.6962,615.1983,615.1984554561889,620.2020894600997,675.3362738873232,716.8378,Model 3,train
Sao Tome and Principe,STP,Sub-Saharan Africa ,2003,2004,726.5609,716.2731,716.2732721191095,722.0603569941596,748.4052210573991,820.7632,Model 3,train
Sao Tome and Principe,STP,Sub-Saharan Africa ,2004,2005,844.1692,782.5765,782.5766115573651,789.0005748538549,835.2797808525056,853.80835,Model 3,train
Sao Tome and Principe,STP,Sub-Saharan Africa ,2005,2006,861.9707,906.7001,906.7002283972046,912.7621900078684,878.770055655125,963.64526,Model 3,train
Sao Tome and Principe,STP,Sub-Saharan Africa ,2006,2007,878.8858,926.311,926.3111530784196,932.173597202251,903.5643183663724,1023.35864,Model 3,train
Sao Tome and Principe,STP,Sub-Saharan Africa ,2007,2008,1081.8685,943.1033,943.103474602688,950.0246841919826,1028.5581764823105,1047.3331,Model 3,train
Sao Tome and Principe,STP,Sub-Saharan Africa ,2008,2009,1128.2805,1109.4551,1109.45526013984,1133.0381580701371,1216.3083686531238,1158.9053,Model 3,train
Sao Tome and Principe,STP,Sub-Saharan Africa ,2009,2010,1045.2096,1152.5607,1152.5608788080929,1180.305937827225,1145.402999335766,1242.3258,Model 3,train
Sao Tome and Principe,STP,Sub-Saharan Africa ,2010,2011,1219.8019,1114.6768,1114.6769916499647,1124.451033804576,1183.632438954361,1175.8931,Model 3,train
Sao Tome and Principe,STP,Sub-Saharan Africa ,2011,2012,1192.0203,1296.9153,1296.9154329821336,1307.562322772707,1240.0836080061636,1322.5764,Model 3,train
Sao Tome and Principe,STP,Sub-Saharan Africa ,2012,2013,1382.5758,1266.3361,1266.3362383156757,1278.65667976935,1332.5171599604762,1312.1051,Model 3,train
Sao Tome and Principe,STP,Sub-Saharan Africa ,2013,2014,1489.6763,1464.0498,1464.0499933639096,1478.4780106547526,1464.6213601176505,1508.7877,Model 3,train
Sao Tome and Principe,STP,Sub-Saharan Africa ,2014,2015,1298.1095,1574.843,1574.843206481425,1591.1514440669816,1436.5072946502594,1586.8956,Model 3,train
Sao Tome and Principe,STP,Sub-Saharan Africa ,2015,2016,1434.8702,1374.4668,1374.4669300956482,1391.5671254783863,1420.3490453496702,1358.2275,Model 3,train
Sao Tome and Principe,STP,Sub-Saharan Africa ,2016,2017,1555.7948,1516.0862,1516.0863731670456,1535.468583682063,1542.798944311588,1630.0573,Model 3,train
Sao Tome and Principe,STP,Sub-Saharan Africa ,2017,2018,1825.5997,1639.7102,1639.7103642391364,1662.5620113065986,1744.94821692365,1838.5626,Model 3,train
Suriname,SUR,Latin America & Caribbean ,1995,1996,1962.885,1801.3107,1801.310566486809,1728.1054107446332,1831.6483880274527,1727.556,Model 3,train
Suriname,SUR,Latin America & Caribbean ,1996,1997,2067.5981,2124.5318,2124.5317736287793,2097.657450902655,2097.26602068817,2074.8394,Model 3,train
Suriname,SUR,Latin America & Caribbean ,1997,1998,2428.5864,2031.2022,2031.202163735468,2053.9704226782073,2289.3210924035357,2121.5547,Model 3,train
Suriname,SUR,Latin America & Caribbean ,1998,1999,1898.1802,2383.2173,2383.217151496969,2403.8980259257555,2190.1304477064946,2382.6533,Model 3,train
Suriname,SUR,Latin America & Caribbean ,1999,2000,1988.2217,2086.3134,2086.313258548608,2030.2003158487532,1877.342667639856,2011.6766,Model 3,train
Suriname,SUR,Latin America & Caribbean ,2000,2001,1714.6485,2168.5192,2168.51908454523,2124.586247591973,1870.4142099981452,2141.5237,Model 3,train
Suriname,SUR,Latin America & Caribbean ,2001,2002,2202.3407,1867.4934,1867.4933489363652,1838.799224713889,2023.6522491159212,1884.2328,Model 3,train
Suriname,SUR,Latin America & Caribbean ,2002,2003,2516.104,2379.0626,2379.062577432064,2349.230759688722,2531.961070141356,2478.4453,Model 3,train
Suriname,SUR,Latin America & Caribbean ,2003,2004,2887.7722,2715.3228,2715.3227013862293,2676.994988827481,2891.847924879048,2803.6511,Model 3,train
Suriname,SUR,Latin America & Caribbean ,2004,2005,3453.4287,3102.0256,3102.025496759345,3064.7115503891405,3360.9351582871086,3276.1062,Model 3,train
Suriname,SUR,Latin America & Caribbean ,2005,2006,5002.658,3699.1529,3699.1527050449927,3652.8288784529777,4330.7782542285395,4081.9773,Model 3,train
Suriname,SUR,Latin America & Caribbean ,2006,2007,5530.1762,5324.3373,5324.336768051549,5251.2325105005575,5477.437988763193,5500.292,Model 3,train
Suriname,SUR,Latin America & Caribbean ,2007,2008,6576.0855,5864.599,5864.598490565224,5796.290255766966,6053.052523284033,5950.0474,Model 3,train
Suriname,SUR,Latin America & Caribbean ,2008,2009,7129.5769,6654.2898,6654.289397783435,6689.757483481125,6978.7343573077105,6433.4062,Model 3,train
Suriname,SUR,Latin America & Caribbean ,2009,2010,7943.6048,7164.8772,7164.876925200432,7241.820863945316,7790.369811401399,8179.0845,Model 3,train
Suriname,SUR,Latin America & Caribbean ,2010,2011,7949.8887,8332.5274,8332.526764489441,8265.110081825713,8238.30044330757,8685.459,Model 3,train
Suriname,SUR,Latin America & Caribbean ,2011,2012,8851.2405,8348.724,8348.723307672035,8269.486910450922,8668.931639762062,8410.765,Model 3,train
Suriname,SUR,Latin America & Caribbean ,2012,2013,9043.1928,9246.6626,9246.661824821724,9181.40029371987,8844.364526607713,9059.977,Model 3,train
Suriname,SUR,Latin America & Caribbean ,2013,2014,9108.1891,9428.9183,9428.917461692065,9372.8566408484,8909.05071836487,9256.837,Model 3,train
Suriname,SUR,Latin America & Caribbean ,2014,2015,8813.6171,9485.9334,9485.932632652874,9436.926301369042,8525.551893439482,8777.807,Model 3,train
Suriname,SUR,Latin America & Caribbean ,2015,2016,5644.2061,9178.0162,9178.015529216862,9137.12883429184,7250.81808772078,8415.659,Model 3,train
Suriname,SUR,Latin America & Caribbean ,2016,2017,6049.5213,5961.4316,5961.431392266114,5911.925994175891,5814.329471706087,5705.164,Model 3,train
Suriname,SUR,Latin America & Caribbean ,2017,2018,6665.7418,6337.8241,6337.8239368581435,6326.016430940361,6257.263930723185,6167.847,Model 3,train
Slovak Republic,SVK,Europe & Central Asia,1993,1994,3820.9643,3480.6297,3480.629849035064,3397.914239234367,3708.514751674293,3532.1516,Model 3,train
Slovak Republic,SVK,Europe & Central Asia,1994,1995,4882.5116,4206.3172,4206.317289594384,4108.511120879356,4568.142700089931,4203.187,Model 3,train
Slovak Republic,SVK,Europe & Central Asia,1995,1996,5247.7008,5346.9753,5346.975325519167,5216.977284781582,5267.6940577588075,5135.076,Model 3,train
Slovak Republic,SVK,Europe & Central Asia,1996,1997,5172.4176,5736.4474,5736.447336868637,5599.176997427902,5261.897186627521,5342.833,Model 3,train
Slovak Republic,SVK,Europe & Central Asia,1997,1998,5560.9162,5129.4212,5129.42107983265,5135.11497419416,5344.829543084049,5077.0513,Model 3,train
Slovak Republic,SVK,Europe & Central Asia,1998,1999,5651.6233,5501.1329,5501.132714217371,5506.317668216921,5565.062440312441,5417.9155,Model 3,train
Slovak Republic,SVK,Europe & Central Asia,1999,2000,5421.6448,6152.0645,6152.064370291695,6011.346008353807,5544.570460924444,5628.8325,Model 3,train
Slovak Republic,SVK,Europe & Central Asia,2000,2001,5712.478,5895.106,5895.105947900435,5770.176295189953,5637.9331559119355,5545.869,Model 3,train
Slovak Republic,SVK,Europe & Central Asia,2001,2002,6554.6281,6193.6423,6193.642325008991,6073.11300680016,6279.479000537345,6041.926,Model 3,train
Slovak Republic,SVK,Europe & Central Asia,2002,2003,8675.3963,7027.5042,7027.504678956898,6945.250514234721,7860.837263229932,7649.6577,Model 3,train
Slovak Republic,SVK,Europe & Central Asia,2003,2004,10650.129,9255.8174,9255.817728581484,9128.339345766037,10551.31705078088,10171.312,Model 3,train
Slovak Republic,SVK,Europe & Central Asia,2004,2005,11641.541,11287.7733,11287.77372614094,11155.50143712035,11536.013637750424,11710.568,Model 3,train
Slovak Republic,SVK,Europe & Central Asia,2005,2006,13167.8955,12297.3295,12297.329870190402,12160.009756826475,13068.47991681342,12717.583,Model 3,train
Slovak Republic,SVK,Europe & Central Asia,2006,2007,16110.4817,13884.9604,13884.960525277756,13715.910437740393,15302.792800582103,14076.464,Model 3,train
Slovak Republic,SVK,Europe & Central Asia,2007,2008,18744.3192,16894.9468,16894.946736755555,16693.718318561056,17849.584143979668,17316.707,Model 3,train
Slovak Republic,SVK,Europe & Central Asia,2008,2009,16586.7528,18760.6458,18760.64607129996,18858.006835638436,17487.237291262623,17071.764,Model 3,train
Slovak Republic,SVK,Europe & Central Asia,2009,2010,16899.4487,16592.4661,16592.466810529124,16729.833668254705,17181.22167204264,17348.445,Model 3,train
Slovak Republic,SVK,Europe & Central Asia,2010,2011,18469.4354,17607.2416,17607.242168160978,17491.742620147998,17956.916902245095,17916.152,Model 3,train
Slovak Republic,SVK,Europe & Central Asia,2011,2012,17516.9691,19241.8811,19241.88151578083,19100.62388231654,18175.044139051373,18935.668,Model 3,train
Slovak Republic,SVK,Europe & Central Asia,2012,2013,18312.7805,18241.8818,18241.88240723028,18131.20008488112,18239.6735022839,18107.18,Model 3,train
Slovak Republic,SVK,Europe & Central Asia,2013,2014,18770.929,19036.9926,19036.99318748721,18935.718052131502,18632.481170346236,18891.854,Model 3,train
Slovak Republic,SVK,Europe & Central Asia,2014,2015,16442.0761,19493.3436,19493.344246022974,19402.510881417224,17626.810865125193,18024.24,Model 3,train
Slovak Republic,SVK,Europe & Central Asia,2015,2016,16636.0769,17104.6915,17104.69207271738,17025.824543722287,16776.29269831075,17372.898,Model 3,train
Slovak Republic,SVK,Europe & Central Asia,2016,2017,17645.5299,17294.4587,17294.459344824674,17233.121259993764,17716.072981232835,18047.787,Model 3,train
Slovak Republic,SVK,Europe & Central Asia,2017,2018,19573.3717,18318.0164,18318.016878691236,18242.42064403753,19163.7203597928,18915.994,Model 3,train
Slovenia,SVN,Europe & Central Asia,1993,1994,8243.899,7970.1482,7970.147886025974,7709.2928192759555,7873.89966471257,7716.864,Model 3,train
Slovenia,SVN,Europe & Central Asia,1994,1995,10738.0888,9016.5276,9016.527204149615,8732.416655443647,9765.34429509807,9740.974,Model 3,train
Slovenia,SVN,Europe & Central Asia,1995,1996,10796.7399,11676.405,11676.404247397086,11312.707917067362,10735.357752878945,11172.641,Model 3,train
Slovenia,SVN,Europe & Central Asia,1996,1997,10436.7261,11724.4894,11724.48867465162,11377.831434183994,10582.53888139405,10926.532,Model 3,train
Slovenia,SVN,Europe & Central Asia,1997,1998,11131.5667,10279.1883,10279.1877055417,10242.559224794288,11037.799559072242,10389.475,Model 3,train
Slovenia,SVN,Europe & Central Asia,1998,1999,11401.4907,10936.2076,10936.206983927384,10903.713629560862,11161.04110197453,10939.857,Model 3,train
Slovenia,SVN,Europe & Central Asia,1999,2000,10135.7219,12318.275,12318.274356678445,11990.790032494826,11027.705248111974,11449.575,Model 3,train
Slovenia,SVN,Europe & Central Asia,2000,2001,10375.6256,10966.9038,10966.903512692195,10690.172399373034,10682.003296662033,10770.765,Model 3,train
Slovenia,SVN,Europe & Central Asia,2001,2002,11639.1298,11171.7957,11171.79576847909,10938.346675535538,11280.050136196896,12075.494,Model 3,train
Slovenia,SVN,Europe & Central Asia,2002,2003,14711.6749,12510.8191,12510.818905855054,12237.03187405492,13799.106723077375,13894.78,Model 3,train
Slovenia,SVN,Europe & Central Asia,2003,2004,17103.8298,15736.0154,15736.015092558153,15403.83626852414,16544.704606544397,16981.174,Model 3,train
Slovenia,SVN,Europe & Central Asia,2004,2005,17969.7096,18194.6467,18194.64653575388,17849.301964869108,18410.453955760513,20156.297,Model 3,train
Slovenia,SVN,Europe & Central Asia,2005,2006,19563.0051,19059.0538,19059.05387751395,18735.96657945547,19342.2368660647,19959.236,Model 3,train
Slovenia,SVN,Europe & Central Asia,2006,2007,23725.1596,20677.6316,20677.631888717988,20365.44573718737,22780.59082723882,22663.998,Model 3,train
Slovenia,SVN,Europe & Central Asia,2007,2008,27461.9764,24987.3913,24987.391226900963,24599.81439368229,25975.58726701419,26367.633,Model 3,train
Slovenia,SVN,Europe & Central Asia,2008,2009,24501.7897,27615.6519,27615.6519983836,27632.01954939649,25992.92371856157,27017.236,Model 3,train
Slovenia,SVN,Europe & Central Asia,2009,2010,23329.8418,24603.9885,24603.98938832532,24711.666755277147,23948.152441748076,25329.734,Model 3,train
Slovenia,SVN,Europe & Central Asia,2010,2011,24940.6285,24441.8554,24441.85626314853,24195.982541653473,24531.92992045801,26254.443,Model 3,train
Slovenia,SVN,Europe & Central Asia,2011,2012,22442.1418,26117.9936,26117.99425975855,25841.054911420728,23818.792134305484,26660.975,Model 3,train
Slovenia,SVN,Europe & Central Asia,2012,2013,23236.9655,23523.0063,23523.007142218194,23300.17692065564,23486.793577018856,23720.744,Model 3,train
Slovenia,SVN,Europe & Central Asia,2013,2014,24013.0682,24293.3813,24293.382343445966,24100.745979315747,23601.265193639883,24067.469,Model 3,train
Slovenia,SVN,Europe & Central Asia,2014,2015,20697.2749,25101.0935,25101.0945814483,24911.32651279298,22820.334762428352,23909.365,Model 3,train
Slovenia,SVN,Europe & Central Asia,2015,2016,21447.8378,21653.239,21653.240138475743,21515.414430125325,21238.80277424297,22129.594,Model 3,train
Slovenia,SVN,Europe & Central Asia,2016,2017,23303.0777,22411.1431,22411.14437758427,22282.180974951552,22452.66482412972,22696.746,Model 3,train
Slovenia,SVN,Europe & Central Asia,2017,2018,25888.0481,24284.2268,24284.22789830552,24140.665754390167,25010.199035221925,23719.229,Model 3,train
Sweden,SWE,Europe & Central Asia,1991,1992,32753.4287,34107.9253,34107.920557490645,33016.03179880809,31896.208007388588,30629.258,Model 3,train
Sweden,SWE,Europe & Central Asia,1992,1993,24389.8738,35070.7892,35070.78447873629,34009.45483285218,29047.70497221848,32637.465,Model 3,train
Sweden,SWE,Europe & Central Asia,1993,1994,26045.5197,26215.6295,26215.62678897798,25480.937192064033,25936.978014104567,23736.246,Model 3,train
Sweden,SWE,Europe & Central Asia,1994,1995,30254.0273,27940.1919,27940.189062268924,27186.873736083653,28603.55369412208,27668.088,Model 3,train
Sweden,SWE,Europe & Central Asia,1995,1996,33022.2445,32348.143,32348.139128509458,31458.435957715064,31516.390894377604,29952.307,Model 3,train
Sweden,SWE,Europe & Central Asia,1996,1997,30324.1846,35189.269,35189.264829045205,34262.4823250258,31478.0317735578,32837.027,Model 3,train
Sweden,SWE,Europe & Central Asia,1997,1998,30605.3669,29231.8573,29231.855181620776,29334.090129591103,30739.576241133393,29604.396,Model 3,train
Sweden,SWE,Europe & Central Asia,1998,1999,30968.8711,29401.9658,29401.96436743466,29589.36303609438,30659.536426659375,31104.893,Model 3,train
Sweden,SWE,Europe & Central Asia,1999,2000,29632.5891,32688.7536,32688.75273644314,32148.226842665517,30562.010740450245,32149.676,Model 3,train
Sweden,SWE,Europe & Central Asia,2000,2001,27259.3174,31260.334,31260.333624651717,30784.78542046062,28785.0203778299,31397.113,Model 3,train
Sweden,SWE,Europe & Central Asia,2001,2002,29957.7777,28740.3031,28740.303395851515,28363.16546684395,29618.336345281183,29873.059,Model 3,train
Sweden,SWE,Europe & Central Asia,2002,2003,37292.242,31344.9312,31344.93278502294,31087.362399422807,34754.20740875646,34369.484,Model 3,train
Sweden,SWE,Europe & Central Asia,2003,2004,42758.0049,38767.7264,38767.72822098198,38502.58251176559,41326.3024256405,42149.023,Model 3,train
Sweden,SWE,Europe & Central Asia,2004,2005,43378.4077,44264.6054,44264.60749157536,44018.616735770855,44327.706886852,46550.273,Model 3,train
Sweden,SWE,Europe & Central Asia,2005,2006,46531.3762,44848.8174,44848.81939945433,44617.94522768583,46125.13802472018,46801.82,Model 3,train
Sweden,SWE,Europe & Central Asia,2006,2007,53568.3058,48005.9017,48005.90355622959,47774.446861607685,51732.493283867625,50522.566,Model 3,train
Sweden,SWE,Europe & Central Asia,2007,2008,55817.176,55221.5627,55221.56274330246,54806.274393475185,55391.79745791424,55978.824,Model 3,train
Sweden,SWE,Europe & Central Asia,2008,2009,46707.6425,54910.9397,54910.94189131921,55548.88028280451,48385.31862431891,50658.14,Model 3,train
Sweden,SWE,Europe & Central Asia,2009,2010,52542.5759,46002.3621,46002.36519098179,46664.99182127206,49523.96850251934,48759.477,Model 3,train
Sweden,SWE,Europe & Central Asia,2010,2011,60379.4815,53948.5883,53948.58931992739,53737.490440313,56772.20871552514,55128.88,Model 3,train
Sweden,SWE,Europe & Central Asia,2011,2012,57749.5615,61819.2688,61819.26928064695,61564.86453918845,58201.01406783658,60444.535,Model 3,train
Sweden,SWE,Europe & Central Asia,2012,2013,60843.9889,59090.3611,59090.361581996614,58891.20913506299,59242.25338214788,57758.26,Model 3,train
Sweden,SWE,Europe & Central Asia,2013,2014,59583.4584,62141.4218,62141.42217481266,61966.24851134982,58908.059737634416,60368.492,Model 3,train
Sweden,SWE,Europe & Central Asia,2014,2015,51188.1652,60892.9501,60892.95009768837,60709.94270385678,55357.194579186296,55142.97,Model 3,train
Sweden,SWE,Europe & Central Asia,2015,2016,51703.5088,52433.1497,52433.149952936285,52295.05094274256,50227.59821286009,48705.008,Model 3,train
Sweden,SWE,Europe & Central Asia,2016,2017,53210.2233,52948.9627,52948.96243846739,52786.312449528086,52377.25496669426,49796.72,Model 3,train
Sweden,SWE,Europe & Central Asia,2017,2018,54018.4554,54391.9246,54391.92445640048,54265.416082039126,53129.8915592627,53538.02,Model 3,train
Eswatini,SWZ,Sub-Saharan Africa ,1995,1996,1619.1912,1850.7501,1850.750015216786,1844.957565034352,1672.0954930097291,1666.8394,Model 3,train
Eswatini,SWZ,Sub-Saharan Africa ,1996,1997,1705.3987,1706.9018,1706.901714900088,1701.642984702236,1628.352362752934,1581.0006,Model 3,train
Eswatini,SWZ,Sub-Saharan Africa ,1997,1998,1546.5152,1626.1,1626.0998488437194,1659.2207737730678,1544.4753077732148,1604.631,Model 3,train
Eswatini,SWZ,Sub-Saharan Africa ,1998,1999,1501.6643,1472.9046,1472.9043981718926,1501.6746869993997,1498.786496153496,1509.2295,Model 3,train
Eswatini,SWZ,Sub-Saharan Africa ,1999,2000,1629.6704,1571.9302,1571.9299725979663,1562.4970202021375,1605.3716411079783,1491.3876,Model 3,train
Eswatini,SWZ,Sub-Saharan Africa ,2000,2001,1429.8563,1701.3456,1701.345328975502,1687.1384566829968,1455.0749276835863,1658.7654,Model 3,train
Eswatini,SWZ,Sub-Saharan Africa ,2001,2002,1315.7363,1490.5025,1490.5022219673765,1479.5792941852587,1468.451958097863,1585.0096,Model 3,train
Eswatini,SWZ,Sub-Saharan Africa ,2002,2003,2015.2174,1371.8112,1371.8109823274758,1360.319738319531,1702.5996568742391,1563.487,Model 3,train
Eswatini,SWZ,Sub-Saharan Africa ,2003,2004,2525.564,2081.3501,2081.3496274346553,2058.8466161510205,2330.609594372755,2206.3909,Model 3,train
Eswatini,SWZ,Sub-Saharan Africa ,2004,2005,2871.0688,2592.4978,2592.497143958269,2561.40901142272,2905.984935345126,2810.239,Model 3,train
Eswatini,SWZ,Sub-Saharan Africa ,2005,2006,2964.9587,2939.3422,2939.341325418288,2901.8007042205963,3030.066813226424,3159.9922,Model 3,train
Eswatini,SWZ,Sub-Saharan Africa ,2006,2007,3109.111,3034.1434,3034.1424740387947,2996.4424212563563,3136.196145434817,3355.5437,Model 3,train
Eswatini,SWZ,Sub-Saharan Africa ,2007,2008,2946.8607,3180.2573,3180.2563891145955,3140.720498561265,3259.319562462427,3402.18,Model 3,train
Eswatini,SWZ,Sub-Saharan Africa ,2008,2009,3189.7968,2888.8727,2888.871946513481,2904.8819880673755,3195.5423418477394,3116.031,Model 3,train
Eswatini,SWZ,Sub-Saharan Africa ,2009,2010,3922.7404,3120.6181,3120.617352846607,3143.8345114532885,3604.811123259644,3528.4482,Model 3,train
Eswatini,SWZ,Sub-Saharan Africa ,2010,2011,4225.0605,3995.6067,3995.605643390961,3961.033270129175,4044.201829316391,4233.766,Model 3,train
Eswatini,SWZ,Sub-Saharan Africa ,2011,2012,4224.5479,4292.221,4292.219862656128,4263.004192016057,4280.621548523047,4367.236,Model 3,train
Eswatini,SWZ,Sub-Saharan Africa ,2012,2013,3949.9431,4296.9348,4296.933781285931,4274.920339707607,4208.1383801791835,4260.157,Model 3,train
Eswatini,SWZ,Sub-Saharan Africa ,2013,2014,3771.0723,4019.7227,4019.7219096303297,4012.5222187154086,3825.7637764282663,3803.5042,Model 3,train
Eswatini,SWZ,Sub-Saharan Africa ,2014,2015,3419.8228,3844.5308,3844.530132513573,3843.717940198112,3519.364390898279,3715.857,Model 3,train
Eswatini,SWZ,Sub-Saharan Africa ,2015,2016,3238.1761,3494.9213,3494.920791216623,3502.026501774657,3255.7438488258704,3354.2607,Model 3,train
Eswatini,SWZ,Sub-Saharan Africa ,2016,2017,3853.0996,3314.3342,3314.333751174688,3327.1252560159264,3524.677433770329,3416.978,Model 3,train
Eswatini,SWZ,Sub-Saharan Africa ,2017,2018,3972.6545,3926.8407,3926.8402282116544,3952.262995459891,3788.437643218976,3964.2742,Model 3,train
Syrian Arab Republic,SYR,"Middle East, North Africa, Afghanistan & Pakistan",1991,1992,990.1383,1099.5227,1099.5229085237247,1105.2862690114027,981.9875522045828,1011.6416,Model 3,train
Syrian Arab Republic,SYR,"Middle East, North Africa, Afghanistan & Pakistan",1992,1993,992.7714,1088.5023,1088.502527755827,1094.2200398784769,944.7910491362144,1008.1095,Model 3,train
Syrian Arab Republic,SYR,"Middle East, North Africa, Afghanistan & Pakistan",1993,1994,712.3877,1090.9434,1090.9435877149017,1096.494499944874,850.4676419615507,1008.1095,Model 3,train
Syrian Arab Republic,SYR,"Middle East, North Africa, Afghanistan & Pakistan",1994,1995,779.6991,786.6205,786.620661298251,792.1911973141407,785.1169677788978,782.06934,Model 3,train
Syrian Arab Republic,SYR,"Middle East, North Africa, Afghanistan & Pakistan",1995,1996,918.1959,857.9502,857.950326166736,864.5420011837565,875.8302439558789,838.10266,Model 3,train
Syrian Arab Republic,SYR,"Middle East, North Africa, Afghanistan & Pakistan",1996,1997,940.8266,1006.95,1006.9501505208196,1013.5691927488205,945.3323926776524,958.1922,Model 3,train
Syrian Arab Republic,SYR,"Middle East, North Africa, Afghanistan & Pakistan",1997,1998,960.8375,934.4299,934.4300746849036,965.3891605123462,938.18867895796,1048.6165,Model 3,train
Syrian Arab Republic,SYR,"Middle East, North Africa, Afghanistan & Pakistan",1998,1999,978.1745,952.9178,952.917901532128,984.9698087820058,971.8918991703404,1048.6534,Model 3,train
Syrian Arab Republic,SYR,"Middle East, North Africa, Afghanistan & Pakistan",1999,2000,1138.1885,1067.6212,1067.6213775953968,1076.91194734265,1054.9681362564222,1047.2548,Model 3,train
Syrian Arab Republic,SYR,"Middle East, North Africa, Afghanistan & Pakistan",2000,2001,1186.8291,1238.5022,1238.5023646425566,1248.90973820444,1211.9756359941398,1256.5739,Model 3,train
Syrian Arab Republic,SYR,"Middle East, North Africa, Afghanistan & Pakistan",2001,2002,1183.2473,1291.1163,1291.1164281892825,1301.4247594936685,1240.509398546,1328.0492,Model 3,train
Syrian Arab Republic,SYR,"Middle East, North Africa, Afghanistan & Pakistan",2002,2003,1220.1791,1285.852,1285.8521511824924,1297.974667021686,1250.85967326067,1370.9686,Model 3,train
Syrian Arab Republic,SYR,"Middle East, North Africa, Afghanistan & Pakistan",2003,2004,1368.1148,1326.051,1326.0511859215123,1337.959248057368,1369.904053976906,1420.5929,Model 3,train
Syrian Arab Republic,SYR,"Middle East, North Africa, Afghanistan & Pakistan",2004,2005,1533.9017,1483.0274,1483.0275592182084,1496.2986814621552,1554.9434761920395,1650.0278,Model 3,train
Syrian Arab Republic,SYR,"Middle East, North Africa, Afghanistan & Pakistan",2005,2006,1718.7835,1659.4415,1659.4416776781832,1673.2754172105688,1724.572779408399,1850.9824,Model 3,train
Syrian Arab Republic,SYR,"Middle East, North Africa, Afghanistan & Pakistan",2006,2007,1937.6114,1855.0814,1855.081597332697,1869.884402337709,1938.9274434428555,2028.7068,Model 3,train
Syrian Arab Republic,SYR,"Middle East, North Africa, Afghanistan & Pakistan",2007,2008,2429.1248,2081.6753,2081.675479669809,2101.838995784982,2302.614114710718,2269.392,Model 3,train
Syrian Arab Republic,SYR,"Middle East, North Africa, Afghanistan & Pakistan",2008,2009,2462.2019,2490.2202,2490.220375385629,2551.9422101468303,2569.651751199356,2523.0623,Model 3,train
Syrian Arab Republic,SYR,"Middle East, North Africa, Afghanistan & Pakistan",2009,2010,2730.6148,2515.4114,2515.411615470264,2584.9043385352848,2770.2611457880544,3003.576,Model 3,train
Syrian Arab Republic,SYR,"Middle East, North Africa, Afghanistan & Pakistan",2010,2011,2952.1435,2904.6675,2904.6676215216016,2935.1697306494825,2998.871497891806,3128.2773,Model 3,train
Syrian Arab Republic,SYR,"Middle East, North Africa, Afghanistan & Pakistan",2011,2012,1897.6612,3127.6852,3127.6852687861333,3156.869549077218,2521.910464307172,3044.2024,Model 3,train
Syrian Arab Republic,SYR,"Middle East, North Africa, Afghanistan & Pakistan",2012,2013,985.8927,2016.2008,2016.200757974318,2021.7137411769625,1537.2207500552202,1924.162,Model 3,train
Syrian Arab Republic,SYR,"Middle East, North Africa, Afghanistan & Pakistan",2013,2014,1060.5911,1056.3067,1056.3067735242398,1062.857963302559,1025.7359070204795,1043.3898,Model 3,train
Syrian Arab Republic,SYR,"Middle East, North Africa, Afghanistan & Pakistan",2014,2015,847.7316,1128.7076,1128.7076507953773,1141.599066354979,960.2078062239896,1160.4929,Model 3,train
Syrian Arab Republic,SYR,"Middle East, North Africa, Afghanistan & Pakistan",2015,2016,656.3491,906.1201,906.1201621695808,912.1152772774284,800.072365254584,866.38214,Model 3,train
Syrian Arab Republic,SYR,"Middle East, North Africa, Afghanistan & Pakistan",2016,2017,851.502,706.4015,706.4015595925692,712.7727245614673,792.3299883668556,727.8261,Model 3,train
Syrian Arab Republic,SYR,"Middle East, North Africa, Afghanistan & Pakistan",2017,2018,1098.0669,907.8269,907.8269951505314,919.5859435390754,980.379084550322,936.8678,Model 3,train
Chad,TCD,Sub-Saharan Africa ,1997,1998,219.7795,197.296,197.29603570727937,203.8808732947928,208.84025760068872,219.18956,Model 3,train
Chad,TCD,Sub-Saharan Africa ,1998,1999,186.6385,214.8177,214.81774438367,221.93774017496932,211.38750197324168,229.82153,Model 3,train
Chad,TCD,Sub-Saharan Africa ,1999,2000,163.1217,201.1373,201.13734668501505,203.18230815872695,178.91367965457425,178.7578,Model 3,train
Chad,TCD,Sub-Saharan Africa ,2000,2001,194.323,176.2292,176.22923454691764,178.00530423820743,180.54948779557185,183.45596,Model 3,train
Chad,TCD,Sub-Saharan Africa ,2001,2002,219.0614,209.5949,209.5949054792181,211.2449828227901,211.8719010645664,221.84193,Model 3,train
Chad,TCD,Sub-Saharan Africa ,2002,2003,289.0876,235.3689,235.36894975527576,237.3644956810629,266.941424211771,248.68468,Model 3,train
Chad,TCD,Sub-Saharan Africa ,2003,2004,445.8508,308.7266,308.72657113005516,311.24612314183065,369.17016957322875,333.6659,Model 3,train
Chad,TCD,Sub-Saharan Africa ,2004,2005,838.0921,472.4638,472.4637895062495,475.11551837879193,594.6881408440831,492.74588,Model 3,train
Chad,TCD,Sub-Saharan Africa ,2005,2006,906.8973,880.3572,880.3571386054153,880.2058102782539,908.990542676096,819.7361,Model 3,train
Chad,TCD,Sub-Saharan Africa ,2006,2007,980.4835,950.5374,950.5372387109196,949.912044468031,982.6281939200662,932.7268,Model 3,train
Chad,TCD,Sub-Saharan Africa ,2007,2008,1166.3688,1024.2242,1024.2240432404997,1025.5251128836642,1125.5596028205716,985.77094,Model 3,train
Chad,TCD,Sub-Saharan Africa ,2008,2009,1035.6372,1165.2538,1165.2536261117082,1183.353064103232,1119.0065228488345,1133.5226,Model 3,train
Chad,TCD,Sub-Saharan Africa ,2009,2010,1141.8007,1036.0621,1036.0619268027954,1053.5841302523986,1109.4853886852218,1059.0934,Model 3,train
Chad,TCD,Sub-Saharan Africa ,2010,2011,1308.1422,1188.2864,1188.28622959769,1190.0896158480275,1255.5812510272326,1221.7911,Model 3,train
Chad,TCD,Sub-Saharan Africa ,2011,2012,1354.3434,1358.8204,1358.8201230709844,1359.3188891666964,1334.0281489690296,1338.0542,Model 3,train
Chad,TCD,Sub-Saharan Africa ,2012,2013,1304.8874,1406.774,1406.7737466236122,1406.3217636115214,1346.5661972030248,1352.5311,Model 3,train
Chad,TCD,Sub-Saharan Africa ,2013,2014,1278.7898,1353.8045,1353.8042513867238,1356.0455217707165,1289.4877602062886,1216.4105,Model 3,train
Chad,TCD,Sub-Saharan Africa ,2014,2015,993.9907,1326.444,1326.443711448863,1328.9097772391228,1096.6643346347191,1162.3892,Model 3,train
Chad,TCD,Sub-Saharan Africa ,2015,2016,861.8318,1034.8814,1034.8812566656154,1038.5575151196651,943.0916579421466,976.8938,Model 3,train
Chad,TCD,Sub-Saharan Africa ,2016,2017,854.4612,897.5622,897.5620439998341,903.333117142311,882.7239785062131,895.8653,Model 3,train
Chad,TCD,Sub-Saharan Africa ,2017,2018,948.6566,889.3685,889.3683955267597,895.7139165720971,910.2359228319796,869.6864,Model 3,train
Togo,TGO,Sub-Saharan Africa ,1991,1992,564.7173,591.3245,591.3245717021089,595.2675554665622,518.8444410092594,520.36896,Model 3,train
Togo,TGO,Sub-Saharan Africa ,1992,1993,414.014,606.5979,606.5979066645405,610.4018124217033,481.71896987132743,520.11444,Model 3,train
Togo,TGO,Sub-Saharan Africa ,1993,1994,328.601,446.2857,446.28580229680455,450.1395574452843,363.7897479145793,396.8819,Model 3,train
Togo,TGO,Sub-Saharan Africa ,1994,1995,419.2203,357.6311,357.63112158419665,358.793589263847,371.5195816992533,344.05344,Model 3,train
Togo,TGO,Sub-Saharan Africa ,1995,1996,452.0684,452.4098,452.40986246502257,454.9120544685414,432.2949559914267,418.70358,Model 3,train
Togo,TGO,Sub-Saharan Africa ,1996,1997,448.0011,486.0384,486.0384428750159,489.5295254575761,443.79619284059794,435.0674,Model 3,train
Togo,TGO,Sub-Saharan Africa ,1997,1998,461.1582,437.1781,437.1781049338457,451.3156734476854,454.9787293543731,438.15363,Model 3,train
Togo,TGO,Sub-Saharan Africa ,1998,1999,445.2915,448.9599,448.959949411349,464.07044976327506,442.9029385171694,439.1591,Model 3,train
Togo,TGO,Sub-Saharan Africa ,1999,2000,409.8898,477.592,477.5920012461325,481.9109064127663,438.97686253557487,446.5077,Model 3,train
Togo,TGO,Sub-Saharan Africa ,2000,2001,396.6927,440.1121,440.1121532541451,444.3905198246489,411.3023449710904,413.42734,Model 3,train
Togo,TGO,Sub-Saharan Africa ,2001,2002,445.2387,426.0721,426.0721659352887,430.27266309436254,429.66776313578634,425.38705,Model 3,train
Togo,TGO,Sub-Saharan Africa ,2002,2003,538.1654,477.0716,477.07160602719944,481.6485646725099,496.1487288113495,502.1382,Model 3,train
Togo,TGO,Sub-Saharan Africa ,2003,2004,560.2663,574.2666,574.2666114879543,579.6369950490927,558.2310028992879,568.80536,Model 3,train
Togo,TGO,Sub-Saharan Africa ,2004,2005,551.2599,597.32,597.3200284394267,602.8771480461446,568.8123139180749,611.21204,Model 3,train
Togo,TGO,Sub-Saharan Africa ,2005,2006,552.5023,588.2329,588.2329031483148,593.4221455538882,576.9407808623087,610.0043,Model 3,train
Togo,TGO,Sub-Saharan Africa ,2006,2007,607.5879,588.7666,588.7666060825092,594.6255789631747,594.3888583729429,611.1188,Model 3,train
Togo,TGO,Sub-Saharan Africa ,2007,2008,718.9484,646.0614,646.061445735668,652.4144468295411,689.9075342350914,654.41473,Model 3,train
Togo,TGO,Sub-Saharan Africa ,2008,2009,720.6938,730.616,730.6160695493958,748.8834968898941,706.535616867009,729.13495,Model 3,train
Togo,TGO,Sub-Saharan Africa ,2009,2010,704.9868,731.4541,731.4541085334916,750.610350484014,702.5545781035836,758.62524,Model 3,train
Togo,TGO,Sub-Saharan Africa ,2010,2011,783.9889,747.0175,747.0175031643975,754.3376258085381,753.1094246054505,768.3729,Model 3,train
Togo,TGO,Sub-Saharan Africa ,2011,2012,762.3916,829.3346,829.3345717531628,837.0006005494416,791.6327320501556,813.6668,Model 3,train
Togo,TGO,Sub-Saharan Africa ,2012,2013,826.5428,806.3146,806.314558836335,814.4936425627616,785.6199856908958,801.4181,Model 3,train
Togo,TGO,Sub-Saharan Africa ,2013,2014,855.5848,872.5872,872.5872128823781,881.6051276404227,846.9110468036249,836.0247,Model 3,train
Togo,TGO,Sub-Saharan Africa ,2014,2015,751.052,901.9834,901.9834257590564,912.0944059763252,804.572192651727,805.04865,Model 3,train
Togo,TGO,Sub-Saharan Africa ,2015,2016,772.5814,793.2625,793.2625080518375,803.2722833425386,778.233271109992,769.23663,Model 3,train
Togo,TGO,Sub-Saharan Africa ,2016,2017,792.7657,814.2229,814.2229393322879,826.0240766851311,806.0516495582884,805.15155,Model 3,train
Togo,TGO,Sub-Saharan Africa ,2017,2018,851.1206,834.3442,834.3442487290718,847.4014425788862,830.4192309261102,808.3151,Model 3,train
Thailand,THA,East Asia & Pacific,1991,1992,1971.6088,1934.0172,1934.01736002213,1922.558397989756,1921.6860849079992,1740.9485,Model 3,train
Thailand,THA,East Asia & Pacific,1992,1993,2245.1369,2154.7642,2154.764320455236,2141.111960015684,2148.476397935245,2004.7896,Model 3,train
Thailand,THA,East Asia & Pacific,1993,1994,2517.7073,2447.1382,2447.138240848171,2430.529138313358,2495.8122928344214,2542.1416,Model 3,train
Thailand,THA,East Asia & Pacific,1994,1995,2864.3652,2738.4358,2738.4358502174127,2717.3079657945705,2733.4217759809844,2550.9038,Model 3,train
Thailand,THA,East Asia & Pacific,1995,1996,3054.6569,3107.744,3107.7439767376563,3081.051757980806,2901.1765077601713,2890.368,Model 3,train
Thailand,THA,East Asia & Pacific,1996,1997,2473.141,3309.1721,3309.1719861018,3280.0918210399186,2689.7193339241917,2809.6533,Model 3,train
Thailand,THA,East Asia & Pacific,1997,1998,1847.7038,2439.372,2439.3719651547503,2483.9965268376623,2107.8212183819123,2345.1724,Model 3,train
Thailand,THA,East Asia & Pacific,1998,1999,2033.2449,1830.0123,1830.0123200006212,1868.2136098699775,1925.3559164771452,1752.8861,Model 3,train
Thailand,THA,East Asia & Pacific,1999,2000,2005.9769,2210.8347,2210.8347928958938,2204.027674830276,2048.4318984400816,2156.167,Model 3,train
Thailand,THA,East Asia & Pacific,2000,2001,1889.9343,2180.5931,2180.593202031856,2174.7531356782906,2005.444557126941,2136.9163,Model 3,train
Thailand,THA,East Asia & Pacific,2001,2002,2089.7518,2054.5747,2054.574766133437,2051.7425725289613,2067.935122552961,2010.0763,Model 3,train
Thailand,THA,East Asia & Pacific,2002,2003,2347.54,2265.9209,2265.920983759284,2263.269401577332,2311.18332188795,2340.4312,Model 3,train
Thailand,THA,East Asia & Pacific,2003,2004,2641.5627,2539.272,2539.2720790428225,2535.894535312617,2623.7597126855794,2683.525,Model 3,train
Thailand,THA,East Asia & Pacific,2004,2005,2867.7038,2849.2842,2849.284223007355,2844.02341675716,2944.897770084124,2970.1675,Model 3,train
Thailand,THA,East Asia & Pacific,2005,2006,3331.3204,3087.1835,3087.183538413533,3085.010321132513,3289.8040735990444,3157.4587,Model 3,train
Thailand,THA,East Asia & Pacific,2006,2007,3918.5282,3575.1694,3575.169443576309,3572.72557285266,3776.635700014572,3682.1504,Model 3,train
Thailand,THA,East Asia & Pacific,2007,2008,4309.1351,4188.7468,4188.746845272554,4188.284633602879,4343.9136251312575,4444.5425,Model 3,train
Thailand,THA,East Asia & Pacific,2008,2009,4135.4399,4407.4409,4407.4409606043255,4476.990603906441,4293.723468661999,4280.332,Model 3,train
Thailand,THA,East Asia & Pacific,2009,2010,4973.8629,4224.9121,4224.912202659543,4301.83207051125,4599.006394697807,4463.972,Model 3,train
Thailand,THA,East Asia & Pacific,2010,2011,5373.6233,5291.5052,5291.505071618687,5291.26609261052,5481.850506571096,5348.8438,Model 3,train
Thailand,THA,East Asia & Pacific,2011,2012,5725.528,5706.2721,5706.271914076869,5706.354307953914,5732.433357968029,5443.942,Model 3,train
Thailand,THA,East Asia & Pacific,2012,2013,6018.0824,6066.1478,6066.14761631194,6071.0948215804165,5959.610532231075,6274.8306,Model 3,train
Thailand,THA,East Asia & Pacific,2013,2014,5801.1979,6364.4272,6364.427061331633,6374.993200667526,5894.002244291454,6176.494,Model 3,train
Thailand,THA,East Asia & Pacific,2014,2015,5688.8534,6125.6392,6125.639132249101,6150.503002093125,5864.329304757457,5944.818,Model 3,train
Thailand,THA,East Asia & Pacific,2015,2016,5833.5772,5996.2861,5996.28618795027,6033.760341925004,5880.5537108133185,5938.3584,Model 3,train
Thailand,THA,East Asia & Pacific,2016,2017,6413.0918,6130.1903,6130.190501437076,6182.402908401963,6250.767235369091,6386.3433,Model 3,train
Thailand,THA,East Asia & Pacific,2017,2018,7099.7765,6716.1515,6716.151680206581,6780.773805322599,6963.284750674671,7030.5273,Model 3,train
Tajikistan,TJK,Europe & Central Asia,2001,2002,186.9516,193.2545,193.2545204955571,190.36205507876036,204.12103277580349,202.66599,Model 3,train
Tajikistan,TJK,Europe & Central Asia,2002,2003,233.5812,212.921,212.92107044519213,210.67611699538537,231.89759909350465,214.75325,Model 3,train
Tajikistan,TJK,Europe & Central Asia,2003,2004,305.7452,265.4041,265.4041687859036,262.2803152220681,286.56353945323144,289.98712,Model 3,train
Tajikistan,TJK,Europe & Central Asia,2004,2005,333.9272,345.4686,345.4686968672615,341.54043240664134,337.6065685871465,410.22626,Model 3,train
Tajikistan,TJK,Europe & Central Asia,2005,2006,401.0184,376.4474,376.447422172562,371.9748646966785,378.9172111684426,427.0025,Model 3,train
Tajikistan,TJK,Europe & Central Asia,2006,2007,516.9972,450.4589,450.4589863744806,445.0193557386352,494.947387397902,512.61096,Model 3,train
Tajikistan,TJK,Europe & Central Asia,2007,2008,703.3274,578.076,578.0760339765969,570.5651310075336,662.7100295840108,664.4946,Model 3,train
Tajikistan,TJK,Europe & Central Asia,2008,2009,664.7957,749.5247,749.5248203547746,751.0038630721212,729.6936740669039,768.47296,Model 3,train
Tajikistan,TJK,Europe & Central Asia,2009,2010,737.3389,706.6975,706.6975668814634,710.7903568262708,735.3981681582055,804.9807,Model 3,train
Tajikistan,TJK,Europe & Central Asia,2010,2011,833.602,816.524,816.5241012187056,807.3143257641564,828.8612781135009,932.22614,Model 3,train
Tajikistan,TJK,Europe & Central Asia,2011,2012,952.4528,921.561,921.5610646926611,910.2278729673544,921.237465159246,952.98315,Model 3,train
Tajikistan,TJK,Europe & Central Asia,2012,2013,1028.197,1048.9027,1048.9027876710995,1037.1565978546253,1023.4790429876828,1071.125,Model 3,train
Tajikistan,TJK,Europe & Central Asia,2013,2014,1081.544,1130.0917,1130.091753121569,1118.0454737684756,1072.004956844207,1104.2338,Model 3,train
Tajikistan,TJK,Europe & Central Asia,2014,2015,956.9163,1186.7673,1186.7673780791197,1174.232779271002,1094.7674333912407,1170.4584,Model 3,train
Tajikistan,TJK,Europe & Central Asia,2015,2016,788.7105,1050.7022,1050.7023415292272,1041.040790589153,887.2657636159656,1022.29736,Model 3,train
Tajikistan,TJK,Europe & Central Asia,2016,2017,829.4571,868.0313,868.0313862634077,861.8215191223856,841.5748865767501,889.8936,Model 3,train
Timor-Leste,TLS,East Asia & Pacific,2005,2006,464.667,539.3125,539.3125640457532,532.3174319969763,487.11605157961327,532.1851,Model 3,train
Timor-Leste,TLS,East Asia & Pacific,2006,2007,540.1546,514.6657,514.6657329225488,508.30240546585094,516.1869337112573,512.41693,Model 3,train
Timor-Leste,TLS,East Asia & Pacific,2007,2008,628.1532,597.347,597.3469931034533,589.1370792830119,594.9019968002582,624.9363,Model 3,train
Timor-Leste,TLS,East Asia & Pacific,2008,2009,686.5793,663.1347,663.134711437517,665.145910585671,674.8557419538432,684.71436,Model 3,train
Timor-Leste,TLS,East Asia & Pacific,2009,2010,813.0602,722.5102,722.5102733096488,725.7101697519487,786.5621044396541,811.401,Model 3,train
Timor-Leste,TLS,East Asia & Pacific,2010,2011,939.0452,891.7287,891.7286591444515,879.2860466411524,921.3287401173033,918.80804,Model 3,train
Timor-Leste,TLS,East Asia & Pacific,2011,2012,1022.6191,1028.1111,1028.11103802503,1012.3535906578288,1021.5966101390107,1031.871,Model 3,train
Timor-Leste,TLS,East Asia & Pacific,2012,2013,1204.5684,1116.4752,1116.4751440069542,1100.4611049797295,1185.0330096615517,1119.696,Model 3,train
Timor-Leste,TLS,East Asia & Pacific,2013,2014,1224.7496,1309.604,1309.6039251603036,1291.5524091431885,1266.7589066968517,1333.4689,Model 3,train
Timor-Leste,TLS,East Asia & Pacific,2014,2015,1319.593,1325.9058,1325.9058307973346,1312.7010302057113,1288.0849840596632,1311.5996,Model 3,train
Timor-Leste,TLS,East Asia & Pacific,2015,2016,1335.5439,1425.8732,1425.8731535314198,1411.9500703709489,1352.09517134163,1464.6813,Model 3,train
Timor-Leste,TLS,East Asia & Pacific,2016,2017,1266.1777,1440.5291,1440.5291191646684,1428.5589301512416,1369.494111895886,1530.6758,Model 3,train
Timor-Leste,TLS,East Asia & Pacific,2017,2018,1219.466,1365.693,1365.6930528286975,1355.9390269327978,1264.5069457771615,1356.3765,Model 3,train
Tonga,TON,East Asia & Pacific,1995,1996,2214.9147,2302.8443,2302.8444077921495,2252.1830982378046,2159.137790197729,2399.6775,Model 3,train
Tonga,TON,East Asia & Pacific,1996,1997,2135.5211,2444.5234,2444.523514558583,2389.8456362687975,2235.3944933786943,2393.5852,Model 3,train
Tonga,TON,East Asia & Pacific,1997,1998,1888.8319,2138.9321,2138.932172529441,2145.7653062937584,2001.8417782730476,2065.1614,Model 3,train
Tonga,TON,East Asia & Pacific,1998,1999,1952.1463,1894.7935,1894.79359264881,1902.7732544606083,1946.477876534933,1897.7572,Model 3,train
Tonga,TON,East Asia & Pacific,1999,2000,1995.0767,2155.5673,2155.567433006349,2111.0083516097316,1993.2770833530312,1965.8503,Model 3,train
Tonga,TON,East Asia & Pacific,2000,2001,1753.5167,2200.9269,2200.92703034967,2155.8940088268737,1905.3005399022643,2031.8076,Model 3,train
Tonga,TON,East Asia & Pacific,2001,2002,1759.4805,1937.7483,1937.7484332038184,1899.8134764714289,1825.6288045707072,1794.9065,Model 3,train
Tonga,TON,East Asia & Pacific,2002,2003,1936.041,1943.9697,1943.9698662672736,1905.8125523579372,1909.856875653777,1871.1998,Model 3,train
Tonga,TON,East Asia & Pacific,2003,2004,2195.4489,2135.086,2135.0861496276584,2092.0407590269897,2139.6771228780976,2074.3823,Model 3,train
Tonga,TON,East Asia & Pacific,2004,2005,2477.7262,2414.8109,2414.8109545964753,2365.1020973430996,2470.312582316421,2522.7542,Model 3,train
Tonga,TON,East Asia & Pacific,2005,2006,2750.3478,2717.3549,2717.354993363562,2660.87696834712,2774.8812603680094,2824.2231,Model 3,train
Tonga,TON,East Asia & Pacific,2006,2007,2797.0656,3008.3916,3008.391585468988,2945.6971415748912,2890.599537215616,2999.7456,Model 3,train
Tonga,TON,East Asia & Pacific,2007,2008,3218.453,3055.8359,3055.835902673923,2993.754876397123,3134.6132980471875,3115.3179,Model 3,train
Tonga,TON,East Asia & Pacific,2008,2009,2914.2377,3358.8939,3358.8938751773803,3342.9472550061782,3134.1877927590112,3183.0334,Model 3,train
Tonga,TON,East Asia & Pacific,2009,2010,3416.0836,3037.3992,3037.399318146919,3031.153804832158,3246.00211512586,3235.247,Model 3,train
Tonga,TON,East Asia & Pacific,2010,2011,3849.9938,3703.5496,3703.54954673308,3635.9935097028088,3674.1455117968785,3624.504,Model 3,train
Tonga,TON,East Asia & Pacific,2011,2012,4384.1706,4154.8437,4154.84373166377,4085.118446239351,4181.3960530717595,4159.725,Model 3,train
Tonga,TON,East Asia & Pacific,2012,2013,4219.2467,4708.0886,4708.0885550840285,4636.306109743022,4343.032063571392,4583.9175,Model 3,train
Tonga,TON,East Asia & Pacific,2013,2014,4136.5901,4527.2864,4527.286439210358,4463.810653651384,4258.626152190132,4489.062,Model 3,train
Tonga,TON,East Asia & Pacific,2014,2015,4123.9032,4434.4644,4434.464495003024,4376.093164990607,4162.310372056411,4109.942,Model 3,train
Tonga,TON,East Asia & Pacific,2015,2016,3987.9863,4412.6512,4412.651277297577,4361.310653942139,4011.967586015858,4135.3164,Model 3,train
Tonga,TON,East Asia & Pacific,2016,2017,4365.9293,4268.1388,4268.138866558994,4218.880899445409,4202.75346310031,4005.8354,Model 3,train
Tonga,TON,East Asia & Pacific,2017,2018,4675.0479,4658.8081,4658.808157305063,4607.362026516309,4496.108134529313,4414.5835,Model 3,train
Trinidad and Tobago,TTO,Latin America & Caribbean ,1995,1996,4427.2783,4420.1822,4420.182137049623,4373.2541750981345,4357.075269405277,4149.38,Model 3,train
Trinidad and Tobago,TTO,Latin America & Caribbean ,1996,1997,4393.945,4746.3838,4746.383655039953,4695.047916266752,4476.682326700512,4457.8164,Model 3,train
Trinidad and Tobago,TTO,Latin America & Caribbean ,1997,1998,4612.709,4273.8694,4273.869211786543,4335.518776926619,4462.679759611669,4499.756,Model 3,train
Trinidad and Tobago,TTO,Latin America & Caribbean ,1998,1999,5179.0835,4481.188,4481.187766361832,4545.215638911693,4978.864196118818,4466.391,Model 3,train
Trinidad and Tobago,TTO,Latin America & Caribbean ,1999,2000,6178.5898,5524.3588,5524.358484094516,5467.582685472557,5699.8393428175905,5484.437,Model 3,train
Trinidad and Tobago,TTO,Latin America & Caribbean ,2000,2001,6657.4147,6566.0421,6566.041627131281,6494.19944234388,6366.822292131418,6199.001,Model 3,train
Trinidad and Tobago,TTO,Latin America & Caribbean ,2001,2002,6762.9308,7051.8145,7051.814090137844,6984.761949406466,7064.707138599774,6660.719,Model 3,train
Trinidad and Tobago,TTO,Latin America & Caribbean ,2002,2003,8445.0465,7145.1956,7145.195262109868,7093.7267735732885,8075.093911094204,7509.6597,Model 3,train
Trinidad and Tobago,TTO,Latin America & Caribbean ,2003,2004,9871.0342,8876.4582,8876.457639915521,8812.170546488542,9831.876919991557,10553.81,Model 3,train
Trinidad and Tobago,TTO,Latin America & Caribbean ,2004,2005,12346.4373,10348.066,10348.065150751749,10266.521681100534,11944.44444208935,11717.126,Model 3,train
Trinidad and Tobago,TTO,Latin America & Caribbean ,2005,2006,14152.6607,12894.8962,12894.894786012332,12776.332692329572,14582.917857454468,13362.709,Model 3,train
Trinidad and Tobago,TTO,Latin America & Caribbean ,2006,2007,16606.6754,14746.8946,14746.8927740847,14598.617676209991,16133.002025214006,14534.494,Model 3,train
Trinidad and Tobago,TTO,Latin America & Caribbean ,2007,2008,21298.9945,17245.128,17245.12561768823,17070.14748841695,19197.355345192267,18049.2,Model 3,train
Trinidad and Tobago,TTO,Latin America & Caribbean ,2008,2009,14634.0565,21088.2395,21088.236491757307,21201.820284030942,17526.578977009958,17695.336,Model 3,train
Trinidad and Tobago,TTO,Latin America & Caribbean ,2009,2010,16815.4247,14517.1124,14517.111451567253,14690.685135280108,15241.177550598912,14704.069,Model 3,train
Trinidad and Tobago,TTO,Latin America & Caribbean ,2010,2011,19151.087,17374.4203,17374.41860948489,17283.240744239058,18830.64221852308,16675.756,Model 3,train
Trinidad and Tobago,TTO,Latin America & Caribbean ,2011,2012,20332.139,19689.0783,19689.076536701163,19631.044954891164,19951.067824431517,17780.713,Model 3,train
Trinidad and Tobago,TTO,Latin America & Caribbean ,2012,2013,21304.9777,20876.0006,20875.998588067974,20812.376255910072,20371.9915379135,19229.44,Model 3,train
Trinidad and Tobago,TTO,Latin America & Caribbean ,2013,2014,21908.3015,21824.2928,21824.290802683845,21783.539231832216,20834.579910866432,19247.879,Model 3,train
Trinidad and Tobago,TTO,Latin America & Caribbean ,2014,2015,19887.2328,22406.3258,22406.323643178985,22376.932339933486,20230.774634436057,18652.873,Model 3,train
Trinidad and Tobago,TTO,Latin America & Caribbean ,2015,2016,17449.1539,20336.7782,20336.77658841901,20342.925789569137,18655.14962097619,17766.982,Model 3,train
Trinidad and Tobago,TTO,Latin America & Caribbean ,2016,2017,17566.1,17848.5365,17848.53541445238,17891.995733136973,17758.45760654226,16632.586,Model 3,train
Trinidad and Tobago,TTO,Latin America & Caribbean ,2017,2018,17571.4987,17936.3237,17936.32272588226,17999.18172156635,17753.483252073707,16682.834,Model 3,train
Tunisia,TUN,"Middle East, North Africa, Afghanistan & Pakistan",1994,1995,1968.166,1883.716,1883.7162371241373,1889.5902746188272,1874.308224762549,1840.9979,Model 3,train
Tunisia,TUN,"Middle East, North Africa, Afghanistan & Pakistan",1995,1996,2107.4082,2134.4663,2134.4665041759654,2139.8137499896425,2093.7528514083424,2037.7378,Model 3,train
Tunisia,TUN,"Middle East, North Africa, Afghanistan & Pakistan",1996,1997,2202.0609,2281.793,2281.793138842506,2288.4289242945906,2208.0928352389687,2085.6187,Model 3,train
Tunisia,TUN,"Middle East, North Africa, Afghanistan & Pakistan",1997,1998,2285.0193,2162.2441,2162.2442481379258,2223.7952663514575,2295.789595813778,2351.5452,Model 3,train
Tunisia,TUN,"Middle East, North Africa, Afghanistan & Pakistan",1998,1999,2376.0657,2241.8141,2241.814218879266,2306.0931481593097,2280.253068627422,2349.8928,Model 3,train
Tunisia,TUN,"Middle East, North Africa, Afghanistan & Pakistan",1999,2000,2199.0447,2564.5158,2564.515984767826,2574.156566260735,2305.6596633055296,2487.9985,Model 3,train
Tunisia,TUN,"Middle East, North Africa, Afghanistan & Pakistan",2000,2001,2235.7198,2374.8648,2374.8649643225876,2386.3062084208814,2304.7527060161087,2430.8452,Model 3,train
Tunisia,TUN,"Middle East, North Africa, Afghanistan & Pakistan",2001,2002,2320.7724,2411.5033,2411.50351201546,2424.733207583513,2369.639170245612,2535.3816,Model 3,train
Tunisia,TUN,"Middle East, North Africa, Afghanistan & Pakistan",2002,2003,2725.8643,2500.3218,2500.32196976051,2514.5348094009346,2607.785580414447,2727.0571,Model 3,train
Tunisia,TUN,"Middle East, North Africa, Afghanistan & Pakistan",2003,2004,3067.4194,2927.0171,2927.01727408936,2942.2710744721694,3097.0913522496635,3058.9104,Model 3,train
Tunisia,TUN,"Middle East, North Africa, Afghanistan & Pakistan",2004,2005,3146.8261,3284.8882,3284.8883656139233,3301.4702405621156,3251.1195861969636,3535.8757,Model 3,train
Tunisia,TUN,"Middle East, North Africa, Afghanistan & Pakistan",2005,2006,3322.5693,3365.6849,3365.6850002151077,3384.1496984857845,3399.9648434610876,3742.7405,Model 3,train
Tunisia,TUN,"Middle East, North Africa, Afghanistan & Pakistan",2006,2007,3726.9167,3546.3635,3546.3635963731763,3567.7560500752693,3672.1067975077585,3794.9497,Model 3,train
Tunisia,TUN,"Middle East, North Africa, Afghanistan & Pakistan",2007,2008,4255.0501,3963.8478,3963.8479619601194,3990.231893614758,4266.12156890662,4409.6226,Model 3,train
Tunisia,TUN,"Middle East, North Africa, Afghanistan & Pakistan",2008,2009,4080.0903,4309.3322,4309.332502536893,4421.783914737078,4240.145230623552,4305.4614,Model 3,train
Tunisia,TUN,"Middle East, North Africa, Afghanistan & Pakistan",2009,2010,4291.8612,4123.7966,4123.796991400289,4242.3550745470775,4303.300625361426,4461.4146,Model 3,train
Tunisia,TUN,"Middle East, North Africa, Afghanistan & Pakistan",2010,2011,4420.6477,4521.0517,4521.051966374191,4575.314554732576,4383.713475074367,4610.9126,Model 3,train
Tunisia,TUN,"Middle East, North Africa, Afghanistan & Pakistan",2011,2012,4297.2678,4644.4497,4644.450052373501,4706.6802357127,4363.74040417927,4466.293,Model 3,train
Tunisia,TUN,"Middle East, North Africa, Afghanistan & Pakistan",2012,2013,4369.7935,4512.8284,4512.828702385901,4576.478143669286,4335.393374032275,4384.203,Model 3,train
Tunisia,TUN,"Middle East, North Africa, Afghanistan & Pakistan",2013,2014,4458.979,4583.5444,4583.544699802136,4649.631749481953,4352.557221324225,4423.969,Model 3,train
Tunisia,TUN,"Middle East, North Africa, Afghanistan & Pakistan",2014,2015,4014.9477,4670.3734,4670.373757354388,4740.350894838211,4235.666772333917,4346.9,Model 3,train
Tunisia,TUN,"Middle East, North Africa, Afghanistan & Pakistan",2015,2016,3847.8035,4208.6332,4208.633515794254,4276.435097605665,3938.706988122992,3917.7266,Model 3,train
Tunisia,TUN,"Middle East, North Africa, Afghanistan & Pakistan",2016,2017,3619.0325,4029.5254,4029.525774603875,4100.796939440367,3777.9247769112594,3948.111,Model 3,train
Tunisia,TUN,"Middle East, North Africa, Afghanistan & Pakistan",2017,2018,3628.1037,3786.4816,3786.482034261047,3861.1883973731337,3666.178880372377,3965.779,Model 3,train
Turkiye,TUR,Europe & Central Asia,1993,1994,2176.2802,3379.6027,3379.60252327044,3283.5267370426486,2669.0309633395736,2941.0957,Model 3,train
Turkiye,TUR,Europe & Central Asia,1994,1995,3845.99,2433.6997,2433.699664684839,2355.242741222034,2832.1569506043843,2266.3252,Model 3,train
Turkiye,TUR,Europe & Central Asia,1995,1996,4041.3621,4249.9762,4249.975791288389,4109.284740076783,4086.9755880860657,3842.2512,Model 3,train
Turkiye,TUR,Europe & Central Asia,1996,1997,4197.3764,4456.011,4456.010599835201,4315.098767284833,4128.126030939757,3725.1423,Model 3,train
Turkiye,TUR,Europe & Central Asia,1997,1998,4331.0276,4200.6759,4200.675521582331,4168.473196969933,4155.277309136461,4027.3782,Model 3,train
Turkiye,TUR,Europe & Central Asia,1998,1999,3973.7776,4330.675,4330.674566633349,4299.726034461708,4089.1903388602104,4067.1877,Model 3,train
Turkiye,TUR,Europe & Central Asia,1999,2000,4199.3799,4361.1868,4361.1864480123,4240.76855518819,4086.494619518269,3856.0278,Model 3,train
Turkiye,TUR,Europe & Central Asia,2000,2001,3052.2257,4599.4058,4599.405516226665,4484.3629534132615,3712.8004803217295,4301.8413,Model 3,train
Turkiye,TUR,Europe & Central Asia,2001,2002,3591.0863,3356.2926,3356.29255393481,3283.16990007391,3415.0946549757828,3190.3696,Model 3,train
Turkiye,TUR,Europe & Central Asia,2002,2003,4649.6367,3923.0193,3923.019214967648,3848.866525085761,4396.206029311795,4123.3096,Model 3,train
Turkiye,TUR,Europe & Central Asia,2003,2004,5979.6054,5035.5672,5035.567107090764,4954.342995958068,5644.7418759454995,5334.2393,Model 3,train
Turkiye,TUR,Europe & Central Asia,2004,2005,7331.8543,6429.5285,6429.52819116235,6335.5015742258665,7211.366985796287,6502.739,Model 3,train
Turkiye,TUR,Europe & Central Asia,2005,2006,7990.0825,7853.0064,7853.005909534789,7732.207881446772,8023.338507987113,8091.7554,Model 3,train
Turkiye,TUR,Europe & Central Asia,2006,2007,9766.9173,8539.1455,8539.144907882628,8409.794827023763,9051.60647672161,8885.614,Model 3,train
Turkiye,TUR,Europe & Central Asia,2007,2008,10913.4079,10369.1937,10369.19298120988,10233.839416915574,10796.528654772144,11343.152,Model 3,train
Turkiye,TUR,Europe & Central Asia,2008,2009,9076.9247,11052.3708,11052.370360938865,11106.797743197349,9843.792243213718,10478.3125,Model 3,train
Turkiye,TUR,Europe & Central Asia,2009,2010,10698.9699,9199.9469,9199.946855187876,9276.142445233423,10363.460971121049,9882.716,Model 3,train
Turkiye,TUR,Europe & Central Asia,2010,2011,11373.6356,11289.9386,11289.938079192663,11185.321817739276,11184.31011834059,10890.88,Model 3,train
Turkiye,TUR,Europe & Central Asia,2011,2012,11776.7593,11967.8861,11967.885451196396,11862.78286251412,11724.634969183831,11119.407,Model 3,train
Turkiye,TUR,Europe & Central Asia,2012,2013,12635.557,12386.3952,12386.394574998032,12284.753518122852,12233.717392301154,11951.166,Model 3,train
Turkiye,TUR,Europe & Central Asia,2013,2014,12209.3862,13267.1245,13267.12385532412,13168.5092756191,12291.060920641838,11729.514,Model 3,train
Turkiye,TUR,Europe & Central Asia,2014,2015,11064.6495,12806.7396,12806.739193823489,12733.516477430812,11479.855370911468,11994.636,Model 3,train
Turkiye,TUR,Europe & Central Asia,2015,2016,10984.3643,11604.9118,11604.91155202462,11559.847954708388,10987.61133241466,11279.002,Model 3,train
Turkiye,TUR,Europe & Central Asia,2016,2017,10756.3878,11498.3976,11498.397514073453,11471.650794004372,10757.41584028698,11509.832,Model 3,train
Turkiye,TUR,Europe & Central Asia,2017,2018,9684.1182,11247.364,11247.36418546706,11242.156078442298,10236.094874086964,11429.087,Model 3,train
Tanzania,TZA,Sub-Saharan Africa ,1996,1997,363.5977,337.4084,337.4083987337091,340.489881991019,346.16061058915415,332.84637,Model 3,train
Tanzania,TZA,Sub-Saharan Africa ,1997,1998,386.3784,353.6947,353.6947185150005,365.9632328501161,364.97781197323894,337.23734,Model 3,train
Tanzania,TZA,Sub-Saharan Africa ,1998,1999,392.6218,375.27,375.26998921529497,388.5714358174469,394.7538473439889,388.22925,Model 3,train
Tanzania,TZA,Sub-Saharan Africa ,1999,2000,401.6982,419.6574,419.6573775395496,424.3681939971221,400.5240788398324,390.0884,Model 3,train
Tanzania,TZA,Sub-Saharan Africa ,2000,2001,396.6387,429.1909,429.1908871987382,434.4579392193949,399.60895223232785,389.03442,Model 3,train
Tanzania,TZA,Sub-Saharan Africa ,2001,2002,402.649,423.9645,423.96455026230893,429.6391023468351,403.491367393012,408.83215,Model 3,train
Tanzania,TZA,Sub-Saharan Africa ,2002,2003,422.1836,430.4068,430.4068418498388,436.4799762677741,417.9611062969273,423.3326,Model 3,train
Tanzania,TZA,Sub-Saharan Africa ,2003,2004,450.3853,451.1057,451.1057339255152,457.8388993330466,451.94210660564255,460.6302,Model 3,train
Tanzania,TZA,Sub-Saharan Africa ,2004,2005,483.3349,480.8519,480.85196857199264,488.34062122472494,483.54785517466985,490.10477,Model 3,train
Tanzania,TZA,Sub-Saharan Africa ,2005,2006,475.7467,515.5909,515.5909655651927,523.8321499047127,508.08056565221045,535.971,Model 3,train
Tanzania,TZA,Sub-Saharan Africa ,2006,2007,543.1983,507.9236,507.9236583453218,516.3821865095795,539.8982835028327,554.0936,Model 3,train
Tanzania,TZA,Sub-Saharan Africa ,2007,2008,675.9772,578.7767,578.7767477436613,588.3908910840194,634.076959709571,588.47076,Model 3,train
Tanzania,TZA,Sub-Saharan Africa ,2008,2009,693.8235,687.5502,687.5502008018643,710.0531606107168,721.9472038996315,692.66266,Model 3,train
Tanzania,TZA,Sub-Saharan Africa ,2009,2010,736.5302,705.5608,705.5608280580773,728.8273001435182,735.8819174281122,750.79156,Model 3,train
Tanzania,TZA,Sub-Saharan Africa ,2010,2011,775.3928,780.6582,780.6582049551783,793.9564579829838,779.2624682505055,810.5112,Model 3,train
Tanzania,TZA,Sub-Saharan Africa ,2011,2012,861.9699,821.8349,821.8349596434937,835.2100876835325,831.6590551160633,790.6006,Model 3,train
Tanzania,TZA,Sub-Saharan Africa ,2012,2013,963.0571,912.4831,912.483128486792,926.9698753702222,919.0268905511816,871.5034,Model 3,train
Tanzania,TZA,Sub-Saharan Africa ,2013,2014,1022.7484,1016.0909,1016.0909356093664,1033.5232216245872,1009.8926525840176,950.57416,Model 3,train
Tanzania,TZA,Sub-Saharan Africa ,2014,2015,939.1273,1077.0049,1077.0049282604382,1096.7278977194164,981.163900247852,959.16864,Model 3,train
Tanzania,TZA,Sub-Saharan Africa ,2015,2016,953.0107,989.2942,989.2942259432408,1009.5596429594008,946.2918432795398,928.05566,Model 3,train
Tanzania,TZA,Sub-Saharan Africa ,2016,2017,986.674,1002.4368,1002.4368962239712,1024.517958035142,962.7232690541434,961.06036,Model 3,train
Tanzania,TZA,Sub-Saharan Africa ,2017,2018,1023.1063,1036.9534,1036.9535038869826,1060.451596178004,1005.0085620101264,987.0814,Model 3,train
Uganda,UGA,Sub-Saharan Africa ,1995,1996,284.6983,298.6798,298.67977208964805,301.1278158589135,282.85200806837975,295.4725,Model 3,train
Uganda,UGA,Sub-Saharan Africa ,1996,1997,286.8466,305.023,305.0229893492105,307.48579543431345,284.3955089506932,288.7267,Model 3,train
Uganda,UGA,Sub-Saharan Africa ,1997,1998,292.453,278.8447,278.8446767528987,288.25573122620045,287.1082642548419,291.88937,Model 3,train
Uganda,UGA,Sub-Saharan Africa ,1998,1999,257.9219,283.675,283.67501412943676,293.7169047651197,267.39497845611197,289.89505,Model 3,train
Uganda,UGA,Sub-Saharan Africa ,1999,2000,258.0503,276.4721,276.4720836422427,279.36738664721565,260.2282592717154,256.8182,Model 3,train
Uganda,UGA,Sub-Saharan Africa ,2000,2001,236.0212,276.507,276.5070131981387,279.71789119893447,251.7257028848773,262.43463,Model 3,train
Uganda,UGA,Sub-Saharan Africa ,2001,2002,241.9847,253.2936,253.29361813557324,256.70307485902356,245.943169039194,243.66812,Model 3,train
Uganda,UGA,Sub-Saharan Africa ,2002,2003,250.7154,259.57,259.56998979738324,263.35854833488844,254.7134180698998,258.4341,Model 3,train
Uganda,UGA,Sub-Saharan Africa ,2003,2004,292.3819,269.3011,269.3011502426864,273.03259227348116,282.4430015963661,277.10046,Model 3,train
Uganda,UGA,Sub-Saharan Africa ,2004,2005,330.4054,313.3159,313.3159205372811,317.9736253283987,338.46610031555446,330.41287,Model 3,train
Uganda,UGA,Sub-Saharan Africa ,2005,2006,346.5183,353.8712,353.87121921199855,359.0456255881936,358.6571161151426,405.16055,Model 3,train
Uganda,UGA,Sub-Saharan Africa ,2006,2007,401.3891,370.9435,370.9435804013992,376.8686202820894,401.0939943948265,409.1399,Model 3,train
Uganda,UGA,Sub-Saharan Africa ,2007,2008,472.8427,428.7097,428.7097063290888,435.8708394793763,466.96040879402847,480.1321,Model 3,train
Uganda,UGA,Sub-Saharan Africa ,2008,2009,798.9471,482.9187,482.91873339019526,498.9346849188566,652.277622932288,537.1246,Model 3,train
Uganda,UGA,Sub-Saharan Africa ,2009,2010,823.4881,809.5266,809.5266255292346,834.1766402210887,831.1088617079392,847.41364,Model 3,train
Uganda,UGA,Sub-Saharan Africa ,2010,2011,835.6201,869.9431,869.9431606800232,883.2330429938695,845.1898741114464,860.2882,Model 3,train
Uganda,UGA,Sub-Saharan Africa ,2011,2012,795.2229,884.614,884.6140311129345,896.9636213149687,831.7800550690307,842.6332,Model 3,train
Uganda,UGA,Sub-Saharan Africa ,2012,2013,818.2854,842.0983,842.098303691104,855.4433631211734,821.3841044553477,810.143,Model 3,train
Uganda,UGA,Sub-Saharan Africa ,2013,2014,896.0548,865.3215,865.3215101501188,880.5701240621424,870.1848550758435,832.06323,Model 3,train
Uganda,UGA,Sub-Saharan Africa ,2014,2015,862.9346,945.8749,945.874914300903,963.1072960260178,901.6240387450514,871.11163,Model 3,train
Uganda,UGA,Sub-Saharan Africa ,2015,2016,752.6966,911.9065,911.9065569305146,929.2331173963952,812.36737339222,833.6824,Model 3,train
Uganda,UGA,Sub-Saharan Africa ,2016,2017,765.2183,797.1167,797.1167075118299,813.6561020713744,776.2582597127752,791.1934,Model 3,train
Uganda,UGA,Sub-Saharan Africa ,2017,2018,792.1657,809.7527,809.7527131069203,827.5488815236644,782.9585382246631,791.33606,Model 3,train
Ukraine,UKR,Europe & Central Asia,1993,1994,1009.0941,1431.9643,1431.964251763209,1371.7659394769064,1149.476562101116,1254.1221,Model 3,train
Ukraine,UKR,Europe & Central Asia,1994,1995,933.1918,1154.3833,1154.3833078737346,1106.7355821752244,949.295979580122,1028.251,Model 3,train
Ukraine,UKR,Europe & Central Asia,1995,1996,869.8461,1066.9992,1066.999176363128,1023.6931166490102,913.5241987559788,996.2981,Model 3,train
Ukraine,UKR,Europe & Central Asia,1996,1997,987.4898,979.1877,979.1877452196128,955.0534049191126,941.6027341550832,930.04346,Model 3,train
Ukraine,UKR,Europe & Central Asia,1997,1998,831.3368,995.9189,995.9189562385498,1006.7237654496444,833.9463365040492,982.12354,Model 3,train
Ukraine,UKR,Europe & Central Asia,1998,1999,631.9105,839.4226,839.4226714686505,850.8826008329867,737.9988523251621,833.8581,Model 3,train
Ukraine,UKR,Europe & Central Asia,1999,2000,653.2943,706.9161,706.9161892132115,698.8161603752505,681.3130411717012,690.6614,Model 3,train
Ukraine,UKR,Europe & Central Asia,2000,2001,800.4907,730.3989,730.3990275062755,721.1047736628917,750.0874089093651,712.80585,Model 3,train
Ukraine,UKR,Europe & Central Asia,2001,2002,903.0119,888.8944,888.8945338065707,878.7414034502975,875.9488598110305,859.86456,Model 3,train
Ukraine,UKR,Europe & Central Asia,2002,2003,1076.4816,998.2641,998.2642006212876,987.9867485383992,1049.1013237454986,1082.8306,Model 3,train
Ukraine,UKR,Europe & Central Asia,2003,2004,1401.0181,1186.4836,1186.483643208502,1172.1843796417736,1291.798484779882,1249.0343,Model 3,train
Ukraine,UKR,Europe & Central Asia,2004,2005,1875.3351,1537.361,1537.3609783390884,1514.974292215567,1747.3703699692735,1657.4956,Model 3,train
Ukraine,UKR,Europe & Central Asia,2005,2006,2366.4941,2048.9511,2048.951004618654,2013.420894527749,2239.8393056496734,2082.9949,Model 3,train
Ukraine,UKR,Europe & Central Asia,2006,2007,3160.3276,2571.8802,2571.880012122302,2525.6105161741907,3018.208628708777,2681.5627,Model 3,train
Ukraine,UKR,Europe & Central Asia,2007,2008,4017.8066,3417.9542,3417.9539396165387,3350.2598734779463,3801.996188689781,3583.2646,Model 3,train
Ukraine,UKR,Europe & Central Asia,2008,2009,2607.0876,4147.7351,4147.734767905028,4127.56253561008,3442.9090239232796,3837.5823,Model 3,train
Ukraine,UKR,Europe & Central Asia,2009,2010,3039.6323,2700.4266,2700.4265654020805,2708.0436206598347,3005.47667735015,2728.0012,Model 3,train
Ukraine,UKR,Europe & Central Asia,2010,2011,3656.698,3274.2457,3274.2456648558837,3235.954439035269,3405.625195592408,3271.8694,Model 3,train
Ukraine,UKR,Europe & Central Asia,2011,2012,3951.3423,3920.3985,3920.398436707964,3878.461320240226,3971.676581443519,3828.2463,Model 3,train
Ukraine,UKR,Europe & Central Asia,2012,2013,4129.897,4217.1566,4217.156634791339,4184.29410620557,3977.84081959235,3993.237,Model 3,train
Ukraine,UKR,Europe & Central Asia,2013,2014,3054.9082,4396.1622,4396.162251529599,4369.736956936692,3675.421963566044,4115.3423,Model 3,train
Ukraine,UKR,Europe & Central Asia,2014,2015,2094.4739,3267.2981,3267.2982673281986,3254.563627850994,2547.7126102915995,2912.9944,Model 3,train
Ukraine,UKR,Europe & Central Asia,2015,2016,2158.4612,2266.7534,2266.7536000019927,2253.262144914208,2217.3837615793045,2297.8472,Model 3,train
Ukraine,UKR,Europe & Central Asia,2016,2017,2604.2876,2318.8837,2318.8839888193215,2322.504277004255,2439.614840678351,2523.5254,Model 3,train
Ukraine,UKR,Europe & Central Asia,2017,2018,3059.0518,2785.1855,2785.185877483484,2792.1402788467926,2896.7216650218443,2972.0461,Model 3,train
Uruguay,URY,Latin America & Caribbean ,1994,1995,6050.4863,5965.6601,5965.660019038082,5884.249979432491,5777.85893247961,5548.8423,Model 3,train
Uruguay,URY,Latin America & Caribbean ,1995,1996,6398.4358,6537.9197,6537.919484666104,6450.924320656992,6173.5746058977875,6596.04,Model 3,train
Uruguay,URY,Latin America & Caribbean ,1996,1997,7436.2934,6884.4546,6884.454432655538,6813.467682606303,6867.171643939787,6493.8647,Model 3,train
Uruguay,URY,Latin America & Caribbean ,1997,1998,7836.8918,7228.1096,7228.109325066192,7341.57194008744,7719.634743631542,7734.266,Model 3,train
Uruguay,URY,Latin America & Caribbean ,1998,1999,7370.57,7589.8239,7589.82362553653,7724.605963650235,7791.562484629951,7825.0547,Model 3,train
Uruguay,URY,Latin America & Caribbean ,1999,2000,6987.701,7854.0696,7854.069505488465,7816.2077747977855,7294.548714998678,7313.9526,Model 3,train
Uruguay,URY,Latin America & Caribbean ,2000,2001,6382.761,7446.0985,7446.098502058834,7420.612601941582,6786.683262253505,6941.9756,Model 3,train
Uruguay,URY,Latin America & Caribbean ,2001,2002,4149.7614,6804.8777,6804.877787007337,6791.883891901856,5486.921558957432,6237.2793,Model 3,train
Uruguay,URY,Latin America & Caribbean ,2002,2003,3671.1233,4457.1152,4457.11541535892,4455.883915129223,4145.642033657632,4503.461,Model 3,train
Uruguay,URY,Latin America & Caribbean ,2003,2004,4168.6607,3946.9365,3946.9368389996366,3951.162032206168,4107.407083207088,4138.7686,Model 3,train
Uruguay,URY,Latin America & Caribbean ,2004,2005,5284.2568,4464.4565,4464.456780169468,4473.076240438325,4764.206456435922,4702.236,Model 3,train
Uruguay,URY,Latin America & Caribbean ,2005,2006,6001.3329,5629.3823,5629.3826054666,5642.314765708889,5885.079811191283,5967.1235,Model 3,train
Uruguay,URY,Latin America & Caribbean ,2006,2007,7222.054,6362.3049,6362.305261944658,6386.172268753074,7037.609239862295,7053.8784,Model 3,train
Uruguay,URY,Latin America & Caribbean ,2007,2008,9423.9656,7625.0008,7625.001159889061,7652.354354408553,8564.373726369411,8372.495,Model 3,train
Uruguay,URY,Latin America & Caribbean ,2008,2009,9881.3957,9467.771,9467.771396370325,9662.191039819283,10109.08170997017,9909.745,Model 3,train
Uruguay,URY,Latin America & Caribbean ,2009,2010,12641.0577,9909.817,9909.8174386518,10122.263592358377,11624.527630171666,11330.621,Model 3,train
Uruguay,URY,Latin America & Caribbean ,2010,2011,15132.2676,13164.1026,13164.102583723588,13215.090800977976,14443.241179431569,13036.007,Model 3,train
Uruguay,URY,Latin America & Caribbean ,2011,2012,16259.5941,15684.1826,15684.182366987274,15742.243643534852,15775.46908551425,14553.427,Model 3,train
Uruguay,URY,Latin America & Caribbean ,2012,2013,18335.2595,16808.2318,16808.231515191284,16879.21082720579,18092.73000593082,16299.92,Model 3,train
Uruguay,URY,Latin America & Caribbean ,2013,2014,18322.4277,18894.8101,18894.809588745004,18980.548481999056,18142.28648737716,17715.648,Model 3,train
Uruguay,URY,Latin America & Caribbean ,2014,2015,17125.9017,18854.4675,18854.46715646785,18964.868775527815,17632.40657218769,16945.922,Model 3,train
Uruguay,URY,Latin America & Caribbean ,2015,2016,17009.7584,17612.812,17612.81194949775,17745.19015084875,17579.819700239637,16373.473,Model 3,train
Uruguay,URY,Latin America & Caribbean ,2016,2017,19184.6503,17477.2285,17477.22845388717,17618.40377338304,18493.197510443144,16922.182,Model 3,train
Uruguay,URY,Latin America & Caribbean ,2017,2018,19249.9405,19633.52,19633.519854019974,19815.474151651782,19449.68743093292,18673.324,Model 3,train
United States,USA,North America,1991,1992,25418.9908,25994.2454,25994.242348848387,25318.50963354193,25546.12616267417,23190.332,Model 3,train
United States,USA,North America,1992,1993,26387.2937,27101.6092,27101.60595979116,26409.414099746093,26177.571453957968,25981.924,Model 3,train
United States,USA,North America,1993,1994,27694.8534,28088.0026,28087.99885049942,27362.53088888176,27408.714173840297,26822.074,Model 3,train
United States,USA,North America,1994,1995,28690.8757,29423.3289,29423.324926237747,28680.445313927732,29093.80868772557,28682.566,Model 3,train
United States,USA,North America,1995,1996,29967.7127,30407.4576,30407.453576702337,29668.728776285578,29685.99610816196,28370.906,Model 3,train
United States,USA,North America,1996,1997,31459.139,31668.1782,31668.174509339,30965.15329987489,31035.6924039622,28512.656,Model 3,train
United States,USA,North America,1997,1998,32853.677,30099.2525,30099.249147478917,30225.845827378416,32740.63400601856,30444.709,Model 3,train
United States,USA,North America,1998,1999,34515.3902,31316.5608,31316.557822242827,31524.21704938982,34202.34919027548,33336.805,Model 3,train
United States,USA,North America,1999,2000,36329.9561,36138.713,36138.709853810506,35522.61245125218,35690.07784278673,34526.285,Model 3,train
United States,USA,North America,2000,2001,37133.6231,37912.254,37912.2511397125,37326.494959333424,37517.93753661187,36715.414,Model 3,train
United States,USA,North America,2001,2002,37997.7597,38644.5429,38644.54044166504,38124.56419484234,38088.304854132846,36924.31,Model 3,train
United States,USA,North America,2002,2003,39490.275,39381.0404,39381.038802741765,38974.10411363603,39312.29059325787,37741.77,Model 3,train
United States,USA,North America,2003,2004,41724.6316,40848.1205,40848.11888706235,40451.684105690656,42048.478005636265,39720.87,Model 3,train
United States,USA,North America,2004,2005,44123.4071,43083.3013,43083.29965860974,42700.608569639946,44095.645005202525,41851.938,Model 3,train
United States,USA,North America,2005,2006,46302.0009,45454.0119,45454.01002677011,45068.68232652193,46122.35444724576,43446.438,Model 3,train
United States,USA,North America,2006,2007,48050.2238,47628.7805,47628.77821086807,47231.59873145054,48435.60418776839,46838.613,Model 3,train
United States,USA,North America,2007,2008,48570.046,49291.8968,49291.894993604816,48973.168046112616,48422.88806144151,47716.848,Model 3,train
United States,USA,North America,2008,2009,47194.9434,47676.4677,47676.4667502899,48169.81629094501,46141.5168836097,42935.438,Model 3,train
United States,USA,North America,2009,2010,48642.61,46317.9882,46317.98725519613,46840.890174145075,47678.64320702738,45927.11,Model 3,train
United States,USA,North America,2010,2011,50024.8688,49817.5849,49817.58228492451,49523.99898407807,49748.72421264879,47056.16,Model 3,train
United States,USA,North America,2011,2012,51708.4012,51228.3034,51228.29993134033,50876.376424518035,50320.24016279057,46211.234,Model 3,train
United States,USA,North America,2012,2013,53179.0128,52815.3953,52815.39204637378,52525.8231069658,52500.74099462586,50648.96,Model 3,train
United States,USA,North America,2013,2014,54973.4208,54307.2281,54307.223758225075,53949.76638785939,54579.36833000056,50385.242,Model 3,train
United States,USA,North America,2014,2015,56572.9189,56063.6315,56063.62675306359,55703.53541263309,55585.13693938397,46787.36,Model 3,train
United States,USA,North America,2015,2016,57638.1018,57584.52,57584.51473935343,57230.60274951759,57102.73773657916,48978.473,Model 3,train
United States,USA,North America,2016,2017,59635.0984,58428.0267,58428.02255927097,58226.074176157264,59089.77917042637,56834.285,Model 3,train
United States,USA,North America,2017,2018,62499.8744,60360.7434,60360.738750479926,60157.29385542929,61068.99951160792,56834.285,Model 3,train
Uzbekistan,UZB,Europe & Central Asia,2011,2012,2307.3465,2269.2665,2269.266491668054,2239.952590576644,2257.9634270830948,2221.503,Model 3,train
Uzbekistan,UZB,Europe & Central Asia,2012,2013,2461.9795,2499.0561,2499.0561596268512,2469.632760085912,2482.4216823889687,2499.3518,Model 3,train
Uzbekistan,UZB,Europe & Central Asia,2013,2014,2674.9628,2659.7325,2659.73253480005,2631.136083902006,2679.7166162701624,2701.319,Model 3,train
Uzbekistan,UZB,Europe & Central Asia,2014,2015,2803.1902,2876.3522,2876.3522489851066,2853.240408662142,2761.3070609252864,2772.0408,Model 3,train
Uzbekistan,UZB,Europe & Central Asia,2015,2016,2753.3795,3004.5021,3004.5022655404914,2987.17503235984,2730.061320273754,2863.965,Model 3,train
Uzbekistan,UZB,Europe & Central Asia,2016,2017,2190.6041,2947.0107,2947.0108493470193,2934.9233388218586,2483.2025148098883,2831.0457,Model 3,train
Uzbekistan,UZB,Europe & Central Asia,2017,2018,1813.0853,2352.6567,2352.656939750461,2346.3748526043446,2095.321894746302,2465.4478,Model 3,train
St. Vincent and the Grenadines,VCT,Latin America & Caribbean ,1995,1996,2930.4439,3046.1823,3046.1825457232903,3013.79553013802,2938.539872418954,3066.2239,Model 3,train
St. Vincent and the Grenadines,VCT,Latin America & Caribbean ,1996,1997,3073.7785,3189.3104,3189.3106251502572,3153.237140980525,3082.3287179834683,3072.7546,Model 3,train
St. Vincent and the Grenadines,VCT,Latin America & Caribbean ,1997,1998,3301.1002,3029.454,3029.4542059767264,3072.277344599895,3236.735192017755,3187.061,Model 3,train
St. Vincent and the Grenadines,VCT,Latin America & Caribbean ,1998,1999,3446.5229,3246.9745,3246.9746086657037,3291.151416929231,3445.9496784049625,3426.1145,Model 3,train
St. Vincent and the Grenadines,VCT,Latin America & Caribbean ,1999,2000,3768.9554,3728.1965,3728.196602646114,3686.437156744322,3644.32387940952,3626.2395,Model 3,train
St. Vincent and the Grenadines,VCT,Latin America & Caribbean ,2000,2001,4071.086,4067.3039,4067.3039679710055,4020.846732227376,3975.5331020159215,4008.5908,Model 3,train
St. Vincent and the Grenadines,VCT,Latin America & Caribbean ,2001,2002,4303.2798,4383.1498,4383.149831485387,4333.0421499287495,4260.778763291536,4312.76,Model 3,train
St. Vincent and the Grenadines,VCT,Latin America & Caribbean ,2002,2003,4499.6145,4627.9845,4627.984547553652,4574.136033217014,4544.276926284602,4584.805,Model 3,train
St. Vincent and the Grenadines,VCT,Latin America & Caribbean ,2003,2004,4873.4895,4828.9034,4828.903424823783,4772.5045431376775,4877.0146902557735,4763.616,Model 3,train
St. Vincent and the Grenadines,VCT,Latin America & Caribbean ,2004,2005,5157.3937,5221.4823,5221.4821560819155,5156.4963731585985,5261.0342915497395,5388.7188,Model 3,train
St. Vincent and the Grenadines,VCT,Latin America & Caribbean ,2005,2006,5744.8279,5514.9019,5514.901755999129,5446.413090824439,5568.982128269124,5527.2095,Model 3,train
St. Vincent and the Grenadines,VCT,Latin America & Caribbean ,2006,2007,6398.1912,6122.5604,6122.560150586181,6047.738523148365,6239.379058037725,6307.5894,Model 3,train
St. Vincent and the Grenadines,VCT,Latin America & Caribbean ,2007,2008,6598.9053,6800.2803,6800.279949891558,6714.912489492437,6613.680352582018,6488.38,Model 3,train
St. Vincent and the Grenadines,VCT,Latin America & Caribbean ,2008,2009,6463.7878,6701.99,6701.989875886509,6737.639496991413,6618.72527450556,6486.969,Model 3,train
St. Vincent and the Grenadines,VCT,Latin America & Caribbean ,2009,2010,6551.9684,6533.1663,6533.166382247528,6599.835799206361,6647.25838306752,6819.727,Model 3,train
St. Vincent and the Grenadines,VCT,Latin America & Caribbean ,2010,2011,6527.69,6904.8157,6904.815694800302,6862.150508964975,6629.768027477966,7217.253,Model 3,train
St. Vincent and the Grenadines,VCT,Latin America & Caribbean ,2011,2012,6713.8077,6871.3487,6871.348710141911,6832.022815901342,6710.447723575478,6983.7295,Model 3,train
St. Vincent and the Grenadines,VCT,Latin America & Caribbean ,2012,2013,7072.4674,7051.5127,7051.512613369463,7016.653277930692,7036.258507215939,7022.8477,Model 3,train
St. Vincent and the Grenadines,VCT,Latin America & Caribbean ,2013,2014,7168.8288,7403.762,7403.761932437827,7370.802845645043,7123.262696279353,7028.087,Model 3,train
St. Vincent and the Grenadines,VCT,Latin America & Caribbean ,2014,2015,7353.7356,7491.3733,7491.373261629155,7468.253905764267,7301.150758055533,6904.1836,Model 3,train
St. Vincent and the Grenadines,VCT,Latin America & Caribbean ,2015,2016,7656.9004,7670.5622,7670.562190762378,7653.1953944482975,7540.880277684552,7005.0483,Model 3,train
St. Vincent and the Grenadines,VCT,Latin America & Caribbean ,2016,2017,7988.0445,7976.0933,7976.0932402218195,7960.236594150904,8086.257373127382,8040.861,Model 3,train
St. Vincent and the Grenadines,VCT,Latin America & Caribbean ,2017,2018,8428.1268,8311.0837,8311.083594828917,8296.668636776472,8269.890569937334,8043.2617,Model 3,train
"Venezuela, RB",VEN,Latin America & Caribbean ,2009,2010,13646.3047,11555.8709,11555.869915743577,11737.703440179675,11858.91389844255,11598.888,Model 3,train
"Venezuela, RB",VEN,Latin America & Caribbean ,2010,2011,10843.923,14143.5438,14143.54216972954,14131.299846419484,11693.070996418415,12635.353,Model 3,train
"Venezuela, RB",VEN,Latin America & Caribbean ,2011,2012,12607.2361,11259.0658,11259.064826612284,11280.26590483205,11683.54610194538,10286.547,Model 3,train
"Venezuela, RB",VEN,Latin America & Caribbean ,2012,2013,8656.3567,13005.5713,13005.570220112646,13061.215952983384,10207.339497330597,10954.16,Model 3,train
"Venezuela, RB",VEN,Latin America & Caribbean ,2013,2014,7096.2205,8989.8114,8989.811075566622,9038.381788894923,7702.063380461482,8568.003,Model 3,train
"Venezuela, RB",VEN,Latin America & Caribbean ,2014,2015,4103.1385,7408.4962,7408.496001676665,7433.977216296823,5917.817392966863,6366.4644,Model 3,train
"Venezuela, RB",VEN,Latin America & Caribbean ,2015,2016,3670.1574,4361.6265,4361.62644918649,4350.644241480049,3771.2703092201696,4079.8445,Model 3,train
"Venezuela, RB",VEN,Latin America & Caribbean ,2016,2017,3791.3316,3933.0062,3933.0060476451895,3890.369203276131,3786.102742963112,3770.038,Model 3,train
Viet Nam,VNM,East Asia & Pacific,1996,1997,361.6439,378.5278,378.5279314776442,381.5161834629308,365.472192871876,389.10938,Model 3,train
Viet Nam,VNM,East Asia & Pacific,1997,1998,361.3509,367.9394,367.93952443712385,380.42506558263943,369.04981541951673,418.91388,Model 3,train
Viet Nam,VNM,East Asia & Pacific,1998,1999,375.9945,367.9459,367.9460007322499,380.3746902000641,375.7644127201465,381.44052,Model 3,train
Viet Nam,VNM,East Asia & Pacific,1999,2000,404.0298,421.1434,421.1434763236669,424.87488845432154,399.7926025110784,431.20645,Model 3,train
Viet Nam,VNM,East Asia & Pacific,2000,2001,419.2057,451.3492,451.34934339393953,455.68026929214307,430.16460426686587,488.74115,Model 3,train
Viet Nam,VNM,East Asia & Pacific,2001,2002,445.1329,467.763,467.76312177406214,472.332368030221,457.4628864305934,530.0661,Model 3,train
Viet Nam,VNM,East Asia & Pacific,2002,2003,497.1171,496.2846,496.28471267473594,500.7008065259921,496.0462774450037,595.91986,Model 3,train
Viet Nam,VNM,East Asia & Pacific,2003,2004,565.4523,552.5737,552.5738045786643,557.5298577920388,583.9496427189687,670.9897,Model 3,train
Viet Nam,VNM,East Asia & Pacific,2004,2005,710.7468,626.457,626.4571604679937,631.6719443954398,690.1634002431505,741.61584,Model 3,train
Viet Nam,VNM,East Asia & Pacific,2005,2006,807.7566,783.0776,783.0777486452188,789.5996048976957,809.2224904251234,919.7759,Model 3,train
Viet Nam,VNM,East Asia & Pacific,2006,2007,925.6403,886.3418,886.3419883353343,894.3735872174307,916.7304161317264,1017.71326,Model 3,train
Viet Nam,VNM,East Asia & Pacific,2007,2008,1163.832,1012.0176,1012.0177250540484,1021.2758163179922,1083.014435507304,1174.9996,Model 3,train
Viet Nam,VNM,East Asia & Pacific,2008,2009,1226.1698,1214.9605,1214.9606627431524,1243.401567572654,1322.4412833733093,1381.803,Model 3,train
Viet Nam,VNM,East Asia & Pacific,2009,2010,1683.1618,1273.7034,1273.7036528135816,1307.790074410214,1508.703235554652,1648.9604,Model 3,train
Viet Nam,VNM,East Asia & Pacific,2010,2011,1950.925,1814.7591,1814.759287160057,1829.405899448044,1951.756970252551,2149.2761,Model 3,train
Viet Nam,VNM,East Asia & Pacific,2011,2012,2185.1177,2098.012,2098.012158287681,2112.4411162687666,2172.095519031822,2380.423,Model 3,train
Viet Nam,VNM,East Asia & Pacific,2012,2013,2359.5174,2339.1511,2339.1512599885923,2358.6593018142,2349.322573147136,2557.3513,Model 3,train
Viet Nam,VNM,East Asia & Pacific,2013,2014,2546.3846,2518.7434,2518.7435811881455,2541.1372967938187,2549.797706971252,2729.849,Model 3,train
Viet Nam,VNM,East Asia & Pacific,2014,2015,2577.5689,2710.1377,2710.1378693626025,2736.2434605783396,2671.705229606654,2756.1323,Model 3,train
Viet Nam,VNM,East Asia & Pacific,2015,2016,2735.0604,2736.0612,2736.061432749628,2767.5714570108216,2730.07685304351,2797.4175,Model 3,train
Viet Nam,VNM,East Asia & Pacific,2016,2017,2956.1099,2892.8312,2892.831490196886,2930.984179357804,2916.7477111953935,3086.2905,Model 3,train
Viet Nam,VNM,East Asia & Pacific,2017,2018,3222.31,3116.5107,3116.5109424669886,3160.506049130982,3113.90764138339,3285.8782,Model 3,train
Vanuatu,VUT,East Asia & Pacific,1996,1997,1562.0309,1692.1793,1692.1794586765843,1661.6735054438818,1554.1125431716102,1704.5839,Model 3,train
Vanuatu,VUT,East Asia & Pacific,1997,1998,1470.9719,1567.8685,1567.868617634805,1578.2575280173196,1556.8798028188776,1638.5836,Model 3,train
Vanuatu,VUT,East Asia & Pacific,1998,1999,1472.1775,1476.9582,1476.9583054627294,1487.488125604351,1452.630004064909,1555.1082,Model 3,train
Vanuatu,VUT,East Asia & Pacific,1999,2000,1460.2382,1625.893,1625.8931223927689,1596.9652737057258,1460.6212991471211,1514.9523,Model 3,train
Vanuatu,VUT,East Asia & Pacific,2000,2001,1350.1834,1612.4727,1612.4728146105426,1585.518205254523,1406.658060823019,1568.5955,Model 3,train
Vanuatu,VUT,East Asia & Pacific,2001,2002,1340.7154,1491.8513,1491.8514748117373,1468.077571594048,1393.9327247353497,1468.7811,Model 3,train
Vanuatu,VUT,East Asia & Pacific,2002,2003,1566.514,1479.9254,1479.9254812110737,1457.4083331225197,1537.3056597744992,1603.418,Model 3,train
Vanuatu,VUT,East Asia & Pacific,2003,2004,1774.3187,1723.9246,1723.9246856196514,1696.1153986611157,1767.2278774229635,1894.814,Model 3,train
Vanuatu,VUT,East Asia & Pacific,2004,2005,1873.9914,1946.5034,1946.5034512823495,1914.6617312972596,1932.0260819698108,2048.213,Model 3,train
Vanuatu,VUT,East Asia & Pacific,2005,2006,2034.7929,2052.8265,2052.826591153852,2019.17492440006,2040.028600551532,2161.3035,Model 3,train
Vanuatu,VUT,East Asia & Pacific,2006,2007,2333.7051,2224.1588,2224.1588725260976,2186.724860261329,2324.603516304945,2416.283,Model 3,train
Vanuatu,VUT,East Asia & Pacific,2007,2008,2603.6088,2544.0786,2544.078581182152,2498.646136054983,2666.4601281799237,2704.0383,Model 3,train
Vanuatu,VUT,East Asia & Pacific,2008,2009,2546.3832,2711.722,2711.722008951343,2707.1359093402243,2704.208771753059,2641.9106,Model 3,train
Vanuatu,VUT,East Asia & Pacific,2009,2010,2815.1883,2651.4985,2651.4985475369535,2647.8971804933512,2761.045591901998,2715.4514,Model 3,train
Vanuatu,VUT,East Asia & Pacific,2010,2011,3163.1862,3054.0033,3054.0031726154816,2998.2153373548526,3090.9220107962274,3022.0825,Model 3,train
Vanuatu,VUT,East Asia & Pacific,2011,2012,3004.7842,3420.9948,3420.9946581298727,3358.9087748578672,3145.2849508527324,3220.9595,Model 3,train
Vanuatu,VUT,East Asia & Pacific,2012,2013,2979.7961,3249.4955,3249.4953700127494,3193.4609066985877,2988.568498088322,3015.248,Model 3,train
Vanuatu,VUT,East Asia & Pacific,2013,2014,2973.0903,3220.2253,3220.2251518601925,3166.00670383371,2970.809619682645,2970.145,Model 3,train
Vanuatu,VUT,East Asia & Pacific,2014,2015,2854.8941,3203.5828,3203.5827614884447,3157.341090252653,2936.5259631020053,2902.2935,Model 3,train
Vanuatu,VUT,East Asia & Pacific,2015,2016,2956.1264,3074.0857,3074.085671059204,3033.376997020899,2935.0281772666945,3010.002,Model 3,train
Samoa,WSM,East Asia & Pacific,1997,1998,1506.3036,1618.7835,1618.783625342632,1629.6152907258215,1546.4880219969657,1510.7632,Model 3,train
Samoa,WSM,East Asia & Pacific,1998,1999,1416.7692,1516.2195,1516.2196369266453,1528.7661903606183,1448.4202763732164,1530.1372,Model 3,train
Samoa,WSM,East Asia & Pacific,1999,2000,1424.7524,1571.4208,1571.421021300211,1546.940521810194,1432.1890225962256,1502.5243,Model 3,train
Samoa,WSM,East Asia & Pacific,2000,2001,1453.8702,1579.4861,1579.4862296531996,1555.2219350249072,1450.2959063459757,1555.7638,Model 3,train
Samoa,WSM,East Asia & Pacific,2001,2002,1527.5579,1610.7891,1610.7892881183525,1586.041890561404,1494.5747169918084,1545.2836,Model 3,train
Samoa,WSM,East Asia & Pacific,2002,2003,1798.1243,1691.2728,1691.2729563653734,1664.2026735094992,1711.9155457153574,1661.6272,Model 3,train
Samoa,WSM,East Asia & Pacific,2003,2004,2189.2604,1981.8398,1981.8399821471216,1951.3527289695087,2070.307525689472,1957.2601,Model 3,train
Samoa,WSM,East Asia & Pacific,2004,2005,2550.0422,2410.2764,2410.2764798865737,2364.0572027023372,2465.6744165115915,2447.4026,Model 3,train
Samoa,WSM,East Asia & Pacific,2005,2006,2663.2914,2791.6312,2791.6312724049567,2742.233150157885,2735.865438470151,2878.3184,Model 3,train
Samoa,WSM,East Asia & Pacific,2006,2007,3038.619,2911.9759,2911.975993653209,2860.1351524867546,2994.482580417114,3040.9207,Model 3,train
Samoa,WSM,East Asia & Pacific,2007,2008,3373.6064,3313.7599,3313.7598547222706,3251.2422676566607,3317.027904828428,3315.391,Model 3,train
Samoa,WSM,East Asia & Pacific,2008,2009,3279.1827,3516.8875,3516.887489991863,3504.076294938421,3388.058511302225,3378.7861,Model 3,train
Samoa,WSM,East Asia & Pacific,2009,2010,3524.2479,3404.8497,3404.84964766301,3390.951700921753,3431.6144121070033,3454.7053,Model 3,train
Samoa,WSM,East Asia & Pacific,2010,2011,3821.5068,3819.8242,3819.824060855685,3749.547113815251,3788.02213050762,3919.195,Model 3,train
Samoa,WSM,East Asia & Pacific,2011,2012,3934.6032,4131.7629,4131.762780239352,4055.187451491397,3976.3049529664713,3884.6704,Model 3,train
Samoa,WSM,East Asia & Pacific,2012,2013,4023.5254,4241.1751,4241.174888226062,4167.587543178553,4036.8115580714334,3935.4314,Model 3,train
Samoa,WSM,East Asia & Pacific,2013,2014,3982.6808,4328.7623,4328.7621364025645,4257.4492121160965,4022.791183251225,3954.1926,Model 3,train
Samoa,WSM,East Asia & Pacific,2014,2015,4084.3608,4274.0199,4274.01974390759,4211.623589400752,3980.747236422795,3871.4485,Model 3,train
"Yemen, Rep.",YEM,"Middle East, North Africa, Afghanistan & Pakistan",1996,1997,382.5849,413.826,413.826088244862,414.28413395189153,380.4441960256766,376.84473,Model 3,train
"Yemen, Rep.",YEM,"Middle East, North Africa, Afghanistan & Pakistan",1997,1998,342.7394,380.9313,380.931315875437,393.09159778665,359.93217740005036,403.2959,Model 3,train
"Yemen, Rep.",YEM,"Middle East, North Africa, Afghanistan & Pakistan",1998,1999,401.4481,341.9701,341.9701186733173,353.13513980899756,382.52353873659786,350.8508,Model 3,train
"Yemen, Rep.",YEM,"Middle East, North Africa, Afghanistan & Pakistan",1999,2000,493.2352,440.267,440.2670187849056,443.0213685838229,450.88378297864136,412.15775,Model 3,train
"Yemen, Rep.",YEM,"Middle East, North Africa, Afghanistan & Pakistan",2000,2001,487.1413,538.7026,538.7026715677811,541.9969208723244,507.2938403585491,523.1337,Model 3,train
"Yemen, Rep.",YEM,"Middle East, North Africa, Afghanistan & Pakistan",2001,2002,513.2415,532.7381,532.7381612592868,535.702606643283,518.4111568445568,518.9919,Model 3,train
"Yemen, Rep.",YEM,"Middle East, North Africa, Afghanistan & Pakistan",2002,2003,548.9059,560.7086,560.7086502660966,563.9997808149643,564.9810372953779,597.14185,Model 3,train
"Yemen, Rep.",YEM,"Middle East, North Africa, Afghanistan & Pakistan",2003,2004,627.632,598.8556,598.8556679829468,602.6571469205938,619.533007459562,628.1147,Model 3,train
"Yemen, Rep.",YEM,"Middle East, North Africa, Afghanistan & Pakistan",2004,2005,734.1599,683.3064,683.306429206363,687.2567600349619,716.4787343800398,724.90424,Model 3,train
"Yemen, Rep.",YEM,"Middle East, North Africa, Afghanistan & Pakistan",2005,2006,809.7131,797.0231,797.0231917458327,801.3530239744096,822.9464100520855,872.25964,Model 3,train
"Yemen, Rep.",YEM,"Middle East, North Africa, Afghanistan & Pakistan",2006,2007,890.3058,877.2856,877.2855989050748,882.1282199012081,907.4890864459522,899.08777,Model 3,train
"Yemen, Rep.",YEM,"Middle East, North Africa, Afghanistan & Pakistan",2007,2008,1071.6358,961.3916,961.3916801612844,968.1085092730252,1054.4639927330682,1028.6061,Model 3,train
"Yemen, Rep.",YEM,"Middle East, North Africa, Afghanistan & Pakistan",2008,2009,969.2435,1105.7522,1105.752261126043,1130.237026870801,1049.3554515730093,1150.4674,Model 3,train
"Yemen, Rep.",YEM,"Middle East, North Africa, Afghanistan & Pakistan",2009,2010,1155.2031,998.111,998.1110775530816,1024.5429636718716,1096.7865170850048,1071.5643,Model 3,train
"Yemen, Rep.",YEM,"Middle East, North Africa, Afghanistan & Pakistan",2010,2011,1186.475,1238.9918,1238.9918499991466,1248.9797663627337,1234.131628715263,1297.8134,Model 3,train
"Yemen, Rep.",YEM,"Middle East, North Africa, Afghanistan & Pakistan",2011,2012,1245.0507,1272.0747,1272.0747173637112,1281.6906262386967,1264.4927271064917,1265.2119,Model 3,train
"Yemen, Rep.",YEM,"Middle East, North Africa, Afghanistan & Pakistan",2012,2013,1378.75,1329.9281,1329.9281898142376,1343.0695745983744,1341.450485901643,1276.8983,Model 3,train
"Yemen, Rep.",YEM,"Middle East, North Africa, Afghanistan & Pakistan",2013,2014,1430.1642,1469.103,1469.1030006884348,1484.1436751356953,1433.2695147566517,1438.8127,Model 3,train
"Yemen, Rep.",YEM,"Middle East, North Africa, Afghanistan & Pakistan",2014,2015,1362.1738,1520.1176,1520.11767981625,1537.3371164919938,1427.4001167256629,1505.9888,Model 3,train
South Africa,ZAF,Sub-Saharan Africa ,1991,1992,3462.394,3407.7372,3407.737209469899,3437.468519614941,3410.2580984392935,3188.2527,Model 3,train
South Africa,ZAF,Sub-Saharan Africa ,1992,1993,3399.6401,3629.8369,3629.83688281022,3660.774796042686,3514.1721134963495,3494.4216,Model 3,train
South Africa,ZAF,Sub-Saharan Africa ,1993,1994,3488.5971,3558.9682,3558.9681728820597,3591.8210671502216,3481.594996600988,3236.2222,Model 3,train
South Africa,ZAF,Sub-Saharan Africa ,1994,1995,3855.6341,3644.9993,3644.999185267912,3676.86688748196,3650.766900704428,3516.7507,Model 3,train
South Africa,ZAF,Sub-Saharan Africa ,1995,1996,3617.5534,4016.4443,4016.444043041646,4047.7897213575616,3771.006997008905,3838.8926,Model 3,train
South Africa,ZAF,Sub-Saharan Africa ,1996,1997,3700.2355,3766.1699,3766.1696420672824,3796.5097670737937,3591.5484742932604,3586.4202,Model 3,train
South Africa,ZAF,Sub-Saharan Africa ,1997,1998,3309.6093,3490.4036,3490.403376346128,3605.641751047165,3478.0481880191296,3755.4797,Model 3,train
South Africa,ZAF,Sub-Saharan Africa ,1998,1999,3242.3683,3120.6263,3120.6260584142524,3226.6445099685975,3271.368645871662,3386.37,Model 3,train
South Africa,ZAF,Sub-Saharan Africa ,1999,2000,3217.8469,3361.6277,3361.627402986229,3390.5941613415307,3195.7462784922445,3442.392,Model 3,train
South Africa,ZAF,Sub-Saharan Africa ,2000,2001,2847.1519,3329.7772,3329.776875614804,3357.3491965121652,3051.627774637195,3410.9092,Model 3,train
South Africa,ZAF,Sub-Saharan Africa ,2001,2002,2688.2368,2944.7717,2944.7713997901947,2969.1032867560843,2895.8923126071436,3103.3855,Model 3,train
South Africa,ZAF,Sub-Saharan Africa ,2002,2003,4062.2176,2776.994,2776.993707268642,2795.6212167188182,3470.6805083916843,3059.3772,Model 3,train
South Africa,ZAF,Sub-Saharan Africa ,2003,2004,5221.4633,4155.9749,4155.974134649855,4170.487012618928,4686.870130399466,4410.569,Model 3,train
South Africa,ZAF,Sub-Saharan Africa ,2004,2005,5836.8766,5307.3273,5307.326146841416,5323.5532349942405,5827.303360676712,5583.644,Model 3,train
South Africa,ZAF,Sub-Saharan Africa ,2005,2006,6077.3829,5922.261,5922.259547914695,5931.487367637211,6262.644277032334,6232.612,Model 3,train
South Africa,ZAF,Sub-Saharan Africa ,2006,2007,6591.8554,6161.4914,6161.489873666669,6170.248751471077,6459.855413164857,6264.0625,Model 3,train
South Africa,ZAF,Sub-Saharan Africa ,2007,2008,6184.7547,6678.2629,6678.261176404904,6686.374106595737,6640.6179832717435,7012.0596,Model 3,train
South Africa,ZAF,Sub-Saharan Africa ,2008,2009,6374.7056,6011.393,6011.391718967051,6127.736864223666,6420.807075996575,5651.8545,Model 3,train
South Africa,ZAF,Sub-Saharan Africa ,2009,2010,7973.472,6193.0292,6193.027984811726,6326.932457120568,7013.311799280974,6220.3735,Model 3,train
South Africa,ZAF,Sub-Saharan Africa ,2010,2011,8646.0557,8033.0657,8033.064153483789,8105.653022224443,8542.507816144744,7850.221,Model 3,train
South Africa,ZAF,Sub-Saharan Africa ,2011,2012,8076.9768,8688.2763,8688.274966467408,8800.008321904155,8411.544684252454,8530.303,Model 3,train
South Africa,ZAF,Sub-Saharan Africa ,2012,2013,7331.6547,8115.2269,8115.225901780205,8248.157946464353,7614.491699844031,7439.347,Model 3,train
South Africa,ZAF,Sub-Saharan Africa ,2013,2014,6856.7314,7366.8484,7366.847741518217,7508.998363278837,6975.718468629744,6679.561,Model 3,train
South Africa,ZAF,Sub-Saharan Africa ,2014,2015,6112.2738,6893.8871,6893.886631142608,7040.636906236196,6395.444793419323,6180.943,Model 3,train
South Africa,ZAF,Sub-Saharan Africa ,2015,2016,5651.2059,6151.6474,6151.647216017232,6300.155664424479,5961.133497167242,5694.5205,Model 3,train
South Africa,ZAF,Sub-Saharan Africa ,2016,2017,6618.3351,5692.9543,5692.954219306205,5840.139533344835,5965.962068856631,5662.0513,Model 3,train
South Africa,ZAF,Sub-Saharan Africa ,2017,2018,6914.178,6645.2148,6645.214648648523,6820.617436871427,6721.492106613713,6755.159,Model 3,train
Zambia,ZMB,Sub-Saharan Africa ,1994,1995,433.3128,457.2852,457.2851753028827,455.5449960990377,427.433237591072,483.8406,Model 3,train
Zambia,ZMB,Sub-Saharan Africa ,1995,1996,399.5113,462.6764,462.6763905143035,462.17828924818934,421.67929087721353,476.32822,Model 3,train
Zambia,ZMB,Sub-Saharan Africa ,1996,1997,465.8719,427.3454,427.3454253243102,426.3549871629804,446.3159119681769,410.32114,Model 3,train
Zambia,ZMB,Sub-Saharan Africa ,1997,1998,373.0848,449.6039,449.6038333128685,460.7866810424832,411.89508183505274,442.6444,Model 3,train
Zambia,ZMB,Sub-Saharan Africa ,1998,1999,349.5157,361.1117,361.11171645800806,370.5959484174964,336.14683030982246,347.51245,Model 3,train
Zambia,ZMB,Sub-Saharan Africa ,1999,2000,359.4295,373.0187,373.0187360022817,373.5208945357927,354.01298588654055,356.9123,Model 3,train
Zambia,ZMB,Sub-Saharan Africa ,2000,2001,396.549,383.3734,383.37338244246894,384.1593785979944,375.39073350809406,358.64185,Model 3,train
Zambia,ZMB,Sub-Saharan Africa ,2001,2002,393.8646,422.0592,422.0591928176103,423.3707943579571,407.9316603259944,422.38855,Model 3,train
Zambia,ZMB,Sub-Saharan Africa ,2002,2003,446.2901,419.4625,419.46249871686973,421.2462704479224,449.13965683386897,455.60876,Model 3,train
Zambia,ZMB,Sub-Saharan Africa ,2003,2004,548.686,474.5006,474.500598798253,476.8417393900672,535.4564658006195,559.8774,Model 3,train
Zambia,ZMB,Sub-Saharan Africa ,2004,2005,710.9821,581.2769,581.2768698969165,584.2948428943937,671.6503961694051,664.63434,Model 3,train
Zambia,ZMB,Sub-Saharan Africa ,2005,2006,1051.7171,750.4943,750.494235045618,753.952010791386,903.5925957133956,852.06476,Model 3,train
Zambia,ZMB,Sub-Saharan Africa ,2006,2007,1118.7316,1102.564,1102.5638861210723,1107.2983769344623,1138.1809592776035,1196.2267,Model 3,train
Zambia,ZMB,Sub-Saharan Africa ,2007,2008,1375.5021,1172.9892,1172.9891114365312,1178.0643347684838,1313.9584866777068,1270.0583,Model 3,train
Zambia,ZMB,Sub-Saharan Africa ,2008,2009,1136.2417,1377.9385,1377.938374773642,1406.4133230023851,1324.1840738058886,1422.5071,Model 3,train
Zambia,ZMB,Sub-Saharan Africa ,2009,2010,1451.1062,1141.941,1141.9409279860724,1168.6746854690198,1354.4082184964557,1264.2783,Model 3,train
Zambia,ZMB,Sub-Saharan Africa ,2010,2011,1624.8682,1516.0612,1516.06106780301,1526.482857971076,1540.3576460062193,1565.4789,Model 3,train
Zambia,ZMB,Sub-Saharan Africa ,2011,2012,1710.0506,1695.1205,1695.120386393294,1707.263089815076,1653.9533243742026,1658.8081,Model 3,train
Zambia,ZMB,Sub-Saharan Africa ,2012,2013,1820.7185,1783.5728,1783.5726646716807,1796.836835903266,1746.1723427418383,1751.2152,Model 3,train
Zambia,ZMB,Sub-Saharan Africa ,2013,2014,1707.4857,1897.3328,1897.3326673725917,1912.2012742038737,1736.08279067997,1751.9669,Model 3,train
Zambia,ZMB,Sub-Saharan Africa ,2014,2015,1295.8779,1780.83,1780.829829626292,1797.2646060753482,1503.7649961203576,1664.728,Model 3,train
Zambia,ZMB,Sub-Saharan Africa ,2015,2016,1239.0853,1357.2343,1357.2342110825357,1373.4636860192534,1268.6886777119528,1216.1472,Model 3,train
Zambia,ZMB,Sub-Saharan Africa ,2016,2017,1483.4658,1299.6125,1299.612423342119,1314.8674996591822,1385.009667840607,1220.9944,Model 3,train
Zambia,ZMB,Sub-Saharan Africa ,2017,2018,1463.9,1547.5341,1547.534037225804,1568.2389096740706,1491.830545869013,1485.0612,Model 3,train
Zimbabwe,ZWE,Sub-Saharan Africa ,2010,2011,1037.7757,943.067,943.0669264242848,948.8893644585298,1012.0741521925926,1048.6375,Model 3,train
Zimbabwe,ZWE,Sub-Saharan Africa ,2011,2012,1239.2271,1083.972,1083.971918144268,1092.203517674172,1170.3872030104008,1079.2228,Model 3,train
Zimbabwe,ZWE,Sub-Saharan Africa ,2012,2013,1362.995,1290.973,1290.9729340364015,1302.2786956640325,1323.1233212890993,1258.2288,Model 3,train
Zimbabwe,ZWE,Sub-Saharan Africa ,2013,2014,1372.9153,1417.416,1417.415905890093,1432.811249098587,1396.8510816738572,1411.0219,Model 3,train
Zimbabwe,ZWE,Sub-Saharan Africa ,2014,2015,1387.1263,1428.0368,1428.0367252668298,1445.9830356431048,1395.43823094581,1376.0687,Model 3,train
Zimbabwe,ZWE,Sub-Saharan Africa ,2015,2016,1408.1395,1439.7984,1439.7983878670489,1462.4252789556174,1572.0973629994087,1434.9738,Model 3,train
Zimbabwe,ZWE,Sub-Saharan Africa ,2016,2017,3445.4494,1461.5642,1461.564130715882,1485.5601008939393,1970.0134503369788,1506.3564,Model 3,train
Zimbabwe,ZWE,Sub-Saharan Africa ,2017,2018,2270.8953,3525.3745,3525.3740706774147,3563.6552487439744,2695.880899294059,3037.2283,Model 3,train
