country_name,country_code,wb_region,year,actual,predicted
Aruba,ABW,Latin America & Caribbean ,1970,58950.0,59035.00489362693
Aruba,ABW,Latin America & Caribbean ,1971,58781.0,59337.0742238448
Aruba,ABW,Latin America & Caribbean ,1972,58047.0,59060.997863926015
Aruba,ABW,Latin America & Caribbean ,1973,58299.0,58164.286514193285
Aruba,ABW,Latin America & Caribbean ,1974,58349.0,58375.04625685442
Aruba,ABW,Latin America & Caribbean ,1975,58295.0,58408.34090496152
Aruba,ABW,Latin America & Caribbean ,1976,58368.0,58150.25756633836
Aruba,ABW,Latin America & Caribbean ,1977,58580.0,58049.51316483522
Aruba,ABW,Latin America & Caribbean ,1978,58776.0,58131.553766276505
Aruba,ABW,Latin America & Caribbean ,1979,59191.0,58738.306641544805
Aruba,ABW,Latin America & Caribbean ,1980,59909.0,58726.41078993809
Aruba,ABW,Latin America & Caribbean ,1981,60563.0,59367.30570511095
Aruba,ABW,Latin America & Caribbean ,1982,61276.0,61224.13943599758
Aruba,ABW,Latin America & Caribbean ,1983,62228.0,61616.02274194232
Aruba,ABW,Latin America & Caribbean ,1984,62901.0,62674.61395887642
Aruba,ABW,Latin America & Caribbean ,1985,61728.0,63434.73515424119
Aruba,ABW,Latin America & Caribbean ,1986,59931.0,63218.244830823685
Aruba,ABW,Latin America & Caribbean ,1987,59159.0,58186.313522840464
Aruba,ABW,Latin America & Caribbean ,1988,59331.0,58396.9444502378
Aruba,ABW,Latin America & Caribbean ,1989,60443.0,59346.57718947241
Aruba,ABW,Latin America & Caribbean ,1990,62753.0,60502.60763177372
Aruba,ABW,Latin America & Caribbean ,1991,65896.0,65151.28313594027
Aruba,ABW,Latin America & Caribbean ,1992,69005.0,69196.41794048143
Aruba,ABW,Latin America & Caribbean ,1993,73685.0,72260.68390184705
Aruba,ABW,Latin America & Caribbean ,1994,77595.0,74991.95707602927
Aruba,ABW,Latin America & Caribbean ,1995,79805.0,79592.62037875749
Aruba,ABW,Latin America & Caribbean ,1996,83021.0,82385.33836153599
Aruba,ABW,Latin America & Caribbean ,1997,86301.0,86289.44351028212
Aruba,ABW,Latin America & Caribbean ,1998,88451.0,90964.92035936071
Aruba,ABW,Latin America & Caribbean ,1999,89659.0,92273.23827898197
Aruba,ABW,Latin America & Caribbean ,2000,90588.0,93284.94043423022
Aruba,ABW,Latin America & Caribbean ,2001,91439.0,93848.5227558039
Aruba,ABW,Latin America & Caribbean ,2002,92074.0,94344.12720038461
Aruba,ABW,Latin America & Caribbean ,2003,93128.0,94381.71563023038
Aruba,ABW,Latin America & Caribbean ,2004,95138.0,95035.40809965166
Aruba,ABW,Latin America & Caribbean ,2005,97635.0,97014.00571585412
Aruba,ABW,Latin America & Caribbean ,2006,99405.0,98495.0673006844
Aruba,ABW,Latin America & Caribbean ,2007,100150.0,100978.67277650224
Aruba,ABW,Latin America & Caribbean ,2008,100917.0,101541.87981184977
Aruba,ABW,Latin America & Caribbean ,2009,101604.0,102252.0819511769
Aruba,ABW,Latin America & Caribbean ,2010,101838.0,102295.67680782148
Aruba,ABW,Latin America & Caribbean ,2011,102591.0,102072.5389349669
Aruba,ABW,Latin America & Caribbean ,2012,104110.0,103349.56772435599
Aruba,ABW,Latin America & Caribbean ,2013,105675.0,105407.51375507844
Aruba,ABW,Latin America & Caribbean ,2014,106807.0,106424.55295578335
Aruba,ABW,Latin America & Caribbean ,2015,107906.0,107204.05187743508
Aruba,ABW,Latin America & Caribbean ,2016,108727.0,108894.35659204044
Aruba,ABW,Latin America & Caribbean ,2017,108735.0,109724.24228782835
Aruba,ABW,Latin America & Caribbean ,2018,108908.0,110485.54936276199
Aruba,ABW,Latin America & Caribbean ,2019,109203.0,109081.27522756657
Aruba,ABW,Latin America & Caribbean ,2020,108587.0,109498.79906595331
Aruba,ABW,Latin America & Caribbean ,2021,107700.0,109274.48850165815
Aruba,ABW,Latin America & Caribbean ,2022,107310.0,108106.4520567981
Aruba,ABW,Latin America & Caribbean ,2023,107359.0,107493.21971721113
Aruba,ABW,Latin America & Caribbean ,2024,107995.0,107420.50860661682
Afghanistan,AFG,"Middle East, North Africa, Afghanistan & Pakistan",1970,11290128.0,11262835.505319703
Afghanistan,AFG,"Middle East, North Africa, Afghanistan & Pakistan",1971,11567667.0,11547927.795171194
Afghanistan,AFG,"Middle East, North Africa, Afghanistan & Pakistan",1972,11853696.0,11836783.694649063
Afghanistan,AFG,"Middle East, North Africa, Afghanistan & Pakistan",1973,12157999.0,12134029.74410951
Afghanistan,AFG,"Middle East, North Africa, Afghanistan & Pakistan",1974,12469127.0,12450656.502694178
Afghanistan,AFG,"Middle East, North Africa, Afghanistan & Pakistan",1975,12773954.0,12773461.716369778
Afghanistan,AFG,"Middle East, North Africa, Afghanistan & Pakistan",1976,13059851.0,13088014.051871283
Afghanistan,AFG,"Middle East, North Africa, Afghanistan & Pakistan",1977,13340756.0,13399599.583476497
Afghanistan,AFG,"Middle East, North Africa, Afghanistan & Pakistan",1978,13611441.0,13627703.00005528
Afghanistan,AFG,"Middle East, North Africa, Afghanistan & Pakistan",1979,13655567.0,13887694.383991428
Afghanistan,AFG,"Middle East, North Africa, Afghanistan & Pakistan",1980,13169311.0,13699836.05913853
Afghanistan,AFG,"Middle East, North Africa, Afghanistan & Pakistan",1981,11937581.0,12700369.928057568
Afghanistan,AFG,"Middle East, North Africa, Afghanistan & Pakistan",1982,10991378.0,10821055.136618875
Afghanistan,AFG,"Middle East, North Africa, Afghanistan & Pakistan",1983,10917982.0,10120173.437402032
Afghanistan,AFG,"Middle East, North Africa, Afghanistan & Pakistan",1984,11190221.0,10758010.494265292
Afghanistan,AFG,"Middle East, North Africa, Afghanistan & Pakistan",1985,11426852.0,11026843.684390951
Afghanistan,AFG,"Middle East, North Africa, Afghanistan & Pakistan",1986,11420074.0,11258508.598981282
Afghanistan,AFG,"Middle East, North Africa, Afghanistan & Pakistan",1987,11387818.0,11224516.238819998
Afghanistan,AFG,"Middle East, North Africa, Afghanistan & Pakistan",1988,11523298.0,11355653.104568116
Afghanistan,AFG,"Middle East, North Africa, Afghanistan & Pakistan",1989,11874088.0,11307959.380563216
Afghanistan,AFG,"Middle East, North Africa, Afghanistan & Pakistan",1990,12045660.0,11246583.928435445
Afghanistan,AFG,"Middle East, North Africa, Afghanistan & Pakistan",1991,12238879.0,11831962.884611195
Afghanistan,AFG,"Middle East, North Africa, Afghanistan & Pakistan",1992,13278974.0,12276251.204967642
Afghanistan,AFG,"Middle East, North Africa, Afghanistan & Pakistan",1993,14943172.0,12851797.96535805
Afghanistan,AFG,"Middle East, North Africa, Afghanistan & Pakistan",1994,16250794.0,16815936.92973537
Afghanistan,AFG,"Middle East, North Africa, Afghanistan & Pakistan",1995,17065836.0,16899303.35064221
Afghanistan,AFG,"Middle East, North Africa, Afghanistan & Pakistan",1996,17763266.0,17844801.223138414
Afghanistan,AFG,"Middle East, North Africa, Afghanistan & Pakistan",1997,18452091.0,18662782.605939243
Afghanistan,AFG,"Middle East, North Africa, Afghanistan & Pakistan",1998,19159996.0,19443046.94302413
Afghanistan,AFG,"Middle East, North Africa, Afghanistan & Pakistan",1999,19887785.0,21028263.639130354
Afghanistan,AFG,"Middle East, North Africa, Afghanistan & Pakistan",2000,20130327.0,21027196.791520555
Afghanistan,AFG,"Middle East, North Africa, Afghanistan & Pakistan",2001,20284307.0,21274680.537089624
Afghanistan,AFG,"Middle East, North Africa, Afghanistan & Pakistan",2002,21378117.0,22408368.012399502
Afghanistan,AFG,"Middle East, North Africa, Afghanistan & Pakistan",2003,22733049.0,22492054.02566814
Afghanistan,AFG,"Middle East, North Africa, Afghanistan & Pakistan",2004,23560654.0,23131818.95774528
Afghanistan,AFG,"Middle East, North Africa, Afghanistan & Pakistan",2005,24404567.0,23997848.41457314
Afghanistan,AFG,"Middle East, North Africa, Afghanistan & Pakistan",2006,25424094.0,25281258.654893562
Afghanistan,AFG,"Middle East, North Africa, Afghanistan & Pakistan",2007,25909852.0,26345847.67785744
Afghanistan,AFG,"Middle East, North Africa, Afghanistan & Pakistan",2008,26482622.0,26992096.195961904
Afghanistan,AFG,"Middle East, North Africa, Afghanistan & Pakistan",2009,27466101.0,27877916.34773856
Afghanistan,AFG,"Middle East, North Africa, Afghanistan & Pakistan",2010,28284089.0,28877925.26647479
Afghanistan,AFG,"Middle East, North Africa, Afghanistan & Pakistan",2011,29347708.0,29348414.012607582
Afghanistan,AFG,"Middle East, North Africa, Afghanistan & Pakistan",2012,30560034.0,30404373.741410874
Afghanistan,AFG,"Middle East, North Africa, Afghanistan & Pakistan",2013,31622704.0,31279622.433701195
Afghanistan,AFG,"Middle East, North Africa, Afghanistan & Pakistan",2014,32792523.0,32381477.888091106
Afghanistan,AFG,"Middle East, North Africa, Afghanistan & Pakistan",2015,33831764.0,33886021.04076363
Afghanistan,AFG,"Middle East, North Africa, Afghanistan & Pakistan",2016,34700612.0,34840334.251437575
Afghanistan,AFG,"Middle East, North Africa, Afghanistan & Pakistan",2017,35688935.0,36109875.80578184
Afghanistan,AFG,"Middle East, North Africa, Afghanistan & Pakistan",2018,36743039.0,36891869.51180884
Afghanistan,AFG,"Middle East, North Africa, Afghanistan & Pakistan",2019,37856121.0,37827286.80742268
Afghanistan,AFG,"Middle East, North Africa, Afghanistan & Pakistan",2020,39068979.0,39102281.568801306
Afghanistan,AFG,"Middle East, North Africa, Afghanistan & Pakistan",2021,40000412.0,40408294.17547731
Afghanistan,AFG,"Middle East, North Africa, Afghanistan & Pakistan",2022,40578842.0,41391863.14750906
Afghanistan,AFG,"Middle East, North Africa, Afghanistan & Pakistan",2023,41454761.0,42226037.38069472
Afghanistan,AFG,"Middle East, North Africa, Afghanistan & Pakistan",2024,42647492.0,42550008.85365273
Angola,AGO,Sub-Saharan Africa ,1970,5852788.0,5824416.571882114
Angola,AGO,Sub-Saharan Africa ,1971,5991102.0,5895810.400727343
Angola,AGO,Sub-Saharan Africa ,1972,6174262.0,6132684.656279596
Angola,AGO,Sub-Saharan Africa ,1973,6388528.0,6363021.56726475
Angola,AGO,Sub-Saharan Africa ,1974,6613367.0,6610229.692810971
Angola,AGO,Sub-Saharan Africa ,1975,6842947.0,6846119.024346212
Angola,AGO,Sub-Saharan Africa ,1976,7074664.0,6999655.046888957
Angola,AGO,Sub-Saharan Africa ,1977,7317829.0,7254820.31742291
Angola,AGO,Sub-Saharan Africa ,1978,7576734.0,7523428.390612978
Angola,AGO,Sub-Saharan Africa ,1979,7847207.0,7768613.275251733
Angola,AGO,Sub-Saharan Africa ,1980,8133872.0,8085546.498481043
Angola,AGO,Sub-Saharan Africa ,1981,8435607.0,8397182.258690782
Angola,AGO,Sub-Saharan Africa ,1982,8751648.0,8748037.969080703
Angola,AGO,Sub-Saharan Africa ,1983,9082983.0,9079505.896754714
Angola,AGO,Sub-Saharan Africa ,1984,9425917.0,9426862.252380818
Angola,AGO,Sub-Saharan Africa ,1985,9779120.0,9767361.859039648
Angola,AGO,Sub-Saharan Africa ,1986,10139450.0,10137245.337666404
Angola,AGO,Sub-Saharan Africa ,1987,10497858.0,10513607.812489668
Angola,AGO,Sub-Saharan Africa ,1988,10861291.0,10899701.827471439
Angola,AGO,Sub-Saharan Africa ,1989,11238562.0,11237305.952114074
Angola,AGO,Sub-Saharan Africa ,1990,11626360.0,11628937.648930453
Angola,AGO,Sub-Saharan Africa ,1991,12023529.0,12028820.29821879
Angola,AGO,Sub-Saharan Africa ,1992,12423712.0,12455535.605309218
Angola,AGO,Sub-Saharan Africa ,1993,12827135.0,12863758.21887784
Angola,AGO,Sub-Saharan Africa ,1994,13249764.0,13273844.524422172
Angola,AGO,Sub-Saharan Africa ,1995,13699778.0,13704629.794424398
Angola,AGO,Sub-Saharan Africa ,1996,14170973.0,14165615.364476645
Angola,AGO,Sub-Saharan Africa ,1997,14660413.0,14651294.779763864
Angola,AGO,Sub-Saharan Africa ,1998,15159370.0,15143410.032324083
Angola,AGO,Sub-Saharan Africa ,1999,15667235.0,15671898.69289542
Angola,AGO,Sub-Saharan Africa ,2000,16194869.0,16192114.352317901
Angola,AGO,Sub-Saharan Africa ,2001,16747208.0,16739757.829343883
Angola,AGO,Sub-Saharan Africa ,2002,17327699.0,17311512.118293904
Angola,AGO,Sub-Saharan Africa ,2003,17943712.0,17910550.37783651
Angola,AGO,Sub-Saharan Africa ,2004,18600423.0,18581435.148031306
Angola,AGO,Sub-Saharan Africa ,2005,19291161.0,19280957.161161166
Angola,AGO,Sub-Saharan Africa ,2006,20015279.0,20007549.974799417
Angola,AGO,Sub-Saharan Africa ,2007,20778561.0,20763316.07873632
Angola,AGO,Sub-Saharan Africa ,2008,21578655.0,21519410.896614715
Angola,AGO,Sub-Saharan Africa ,2009,22414773.0,22360021.309541304
Angola,AGO,Sub-Saharan Africa ,2010,23294825.0,23239054.293905746
Angola,AGO,Sub-Saharan Africa ,2011,24218352.0,24164613.15455954
Angola,AGO,Sub-Saharan Africa ,2012,25177394.0,25136056.208818182
Angola,AGO,Sub-Saharan Africa ,2013,26165620.0,26142833.611524403
Angola,AGO,Sub-Saharan Africa ,2014,27160769.0,27176751.525566652
Angola,AGO,Sub-Saharan Africa ,2015,28157798.0,28215965.752138622
Angola,AGO,Sub-Saharan Africa ,2016,29183070.0,29191426.363524258
Angola,AGO,Sub-Saharan Africa ,2017,30234839.0,30245614.343507346
Angola,AGO,Sub-Saharan Africa ,2018,31297155.0,31324514.15723796
Angola,AGO,Sub-Saharan Africa ,2019,32375632.0,32408401.064137757
Angola,AGO,Sub-Saharan Africa ,2020,33451132.0,33581699.76619576
Angola,AGO,Sub-Saharan Africa ,2021,34532429.0,34673909.11010554
Angola,AGO,Sub-Saharan Africa ,2022,35635029.0,35766822.28100533
Angola,AGO,Sub-Saharan Africa ,2023,36749906.0,36879781.09865119
Angola,AGO,Sub-Saharan Africa ,2024,37885849.0,38005521.870205
Albania,ALB,Europe & Central Asia,1970,2135479.0,2142099.9143800233
Albania,ALB,Europe & Central Asia,1971,2187853.0,2199439.37549249
Albania,ALB,Europe & Central Asia,1972,2243126.0,2254879.0086351684
Albania,ALB,Europe & Central Asia,1973,2296752.0,2311059.5921372143
Albania,ALB,Europe & Central Asia,1974,2350124.0,2352909.157000768
Albania,ALB,Europe & Central Asia,1975,2404831.0,2405026.4639558094
Albania,ALB,Europe & Central Asia,1976,2458526.0,2466521.199669338
Albania,ALB,Europe & Central Asia,1977,2513546.0,2520451.1941667357
Albania,ALB,Europe & Central Asia,1978,2566266.0,2583023.116789836
Albania,ALB,Europe & Central Asia,1979,2617832.0,2626636.3190485304
Albania,ALB,Europe & Central Asia,1980,2671997.0,2677782.116890939
Albania,ALB,Europe & Central Asia,1981,2726056.0,2732032.3315968434
Albania,ALB,Europe & Central Asia,1982,2784278.0,2785760.549664681
Albania,ALB,Europe & Central Asia,1983,2843960.0,2844474.0667147916
Albania,ALB,Europe & Central Asia,1984,2904429.0,2905724.73953229
Albania,ALB,Europe & Central Asia,1985,2964762.0,2964904.3327592146
Albania,ALB,Europe & Central Asia,1986,3022635.0,3026021.5797444307
Albania,ALB,Europe & Central Asia,1987,3083605.0,3087370.509406032
Albania,ALB,Europe & Central Asia,1988,3142336.0,3147181.7324702977
Albania,ALB,Europe & Central Asia,1989,3227943.0,3203092.9562403066
Albania,ALB,Europe & Central Asia,1990,3286542.0,3284942.1211253363
Albania,ALB,Europe & Central Asia,1991,3266790.0,3354300.0738724335
Albania,ALB,Europe & Central Asia,1992,3247039.0,3388104.767052647
Albania,ALB,Europe & Central Asia,1993,3227287.0,3227407.4133214913
Albania,ALB,Europe & Central Asia,1994,3207536.0,3207655.1530119483
Albania,ALB,Europe & Central Asia,1995,3187784.0,3187905.8761453023
Albania,ALB,Europe & Central Asia,1996,3168033.0,3206682.030794671
Albania,ALB,Europe & Central Asia,1997,3148281.0,3177555.4534141743
Albania,ALB,Europe & Central Asia,1998,3128530.0,3175761.4223637483
Albania,ALB,Europe & Central Asia,1999,3108778.0,3125080.7567863497
Albania,ALB,Europe & Central Asia,2000,3089027.0,3089632.1212231545
Albania,ALB,Europe & Central Asia,2001,3060173.0,3069884.943679865
Albania,ALB,Europe & Central Asia,2002,3051010.0,3047235.4595924187
Albania,ALB,Europe & Central Asia,2003,3039616.0,3028706.1202904754
Albania,ALB,Europe & Central Asia,2004,3026939.0,3013389.9265456037
Albania,ALB,Europe & Central Asia,2005,3011487.0,3000199.372731052
Albania,ALB,Europe & Central Asia,2006,2992547.0,2994569.662831467
Albania,ALB,Europe & Central Asia,2007,2970017.0,2975737.8954302394
Albania,ALB,Europe & Central Asia,2008,2947314.0,2957510.465850357
Albania,ALB,Europe & Central Asia,2009,2927519.0,2938784.6850114698
Albania,ALB,Europe & Central Asia,2010,2913021.0,2910120.1335803024
Albania,ALB,Europe & Central Asia,2011,2905195.0,2897101.632604345
Albania,ALB,Europe & Central Asia,2012,2860708.0,2882535.518883313
Albania,ALB,Europe & Central Asia,2013,2816902.0,2854932.7728593503
Albania,ALB,Europe & Central Asia,2014,2773767.0,2819452.181322577
Albania,ALB,Europe & Central Asia,2015,2731293.0,2731570.606008525
Albania,ALB,Europe & Central Asia,2016,2689469.0,2689518.0315114204
Albania,ALB,Europe & Central Asia,2017,2648285.0,2659980.764169872
Albania,ALB,Europe & Central Asia,2018,2607733.0,2616991.4758305005
Albania,ALB,Europe & Central Asia,2019,2567801.0,2584176.054016811
Albania,ALB,Europe & Central Asia,2020,2528480.0,2534911.603055848
Albania,ALB,Europe & Central Asia,2021,2489762.0,2489761.926945657
Albania,ALB,Europe & Central Asia,2022,2451636.0,2451636.576852771
Albania,ALB,Europe & Central Asia,2023,2414095.0,2414094.7965303035
Albania,ALB,Europe & Central Asia,2024,2377128.0,2377128.0997998393
Andorra,AND,Europe & Central Asia,1970,19977.0,20044.715013326542
Andorra,AND,Europe & Central Asia,1971,21442.0,21507.977851627795
Andorra,AND,Europe & Central Asia,1972,22957.0,23072.654489916295
Andorra,AND,Europe & Central Asia,1973,24523.0,24827.007129247224
Andorra,AND,Europe & Central Asia,1974,26130.0,26368.36764800726
Andorra,AND,Europe & Central Asia,1975,27773.0,27842.307223976302
Andorra,AND,Europe & Central Asia,1976,29436.0,29824.071072585837
Andorra,AND,Europe & Central Asia,1977,31097.0,31534.834199284232
Andorra,AND,Europe & Central Asia,1978,32735.0,33217.16311381672
Andorra,AND,Europe & Central Asia,1979,34306.0,34866.386343751656
Andorra,AND,Europe & Central Asia,1980,35782.0,36430.35380207775
Andorra,AND,Europe & Central Asia,1981,37169.0,37877.005537704244
Andorra,AND,Europe & Central Asia,1982,38764.0,39213.22982390663
Andorra,AND,Europe & Central Asia,1983,40565.0,40787.170361655255
Andorra,AND,Europe & Central Asia,1984,42273.0,42596.60986822798
Andorra,AND,Europe & Central Asia,1985,43825.0,44292.90942722951
Andorra,AND,Europe & Central Asia,1986,45734.0,46171.22512027645
Andorra,AND,Europe & Central Asia,1987,47653.0,47878.8423235086
Andorra,AND,Europe & Central Asia,1988,49416.0,49736.17334660424
Andorra,AND,Europe & Central Asia,1989,50620.0,51652.907952471585
Andorra,AND,Europe & Central Asia,1990,52597.0,51853.33497696284
Andorra,AND,Europe & Central Asia,1991,56667.0,54665.648755792005
Andorra,AND,Europe & Central Asia,1992,60200.0,57831.3837449362
Andorra,AND,Europe & Central Asia,1993,63272.0,62899.31317716583
Andorra,AND,Europe & Central Asia,1994,64612.0,66171.7246502036
Andorra,AND,Europe & Central Asia,1995,63912.0,67803.44461648629
Andorra,AND,Europe & Central Asia,1996,63984.0,63219.583793445985
Andorra,AND,Europe & Central Asia,1997,64700.0,64056.08104671054
Andorra,AND,Europe & Central Asia,1998,65382.0,65424.01223552723
Andorra,AND,Europe & Central Asia,1999,65710.0,67267.71138395755
Andorra,AND,Europe & Central Asia,2000,65685.0,67355.43654663734
Andorra,AND,Europe & Central Asia,2001,65852.0,67971.046435444
Andorra,AND,Europe & Central Asia,2002,66506.0,67009.35649090979
Andorra,AND,Europe & Central Asia,2003,69486.0,66728.95655818259
Andorra,AND,Europe & Central Asia,2004,74325.0,68075.64188803498
Andorra,AND,Europe & Central Asia,2005,77421.0,79500.98756575592
Andorra,AND,Europe & Central Asia,2006,79585.0,80645.96367577255
Andorra,AND,Europe & Central Asia,2007,81877.0,81437.24980711784
Andorra,AND,Europe & Central Asia,2008,83495.0,83949.44858842216
Andorra,AND,Europe & Central Asia,2009,83888.0,86343.13928165074
Andorra,AND,Europe & Central Asia,2010,80706.0,89016.91663066817
Andorra,AND,Europe & Central Asia,2011,77783.0,77644.69825461783
Andorra,AND,Europe & Central Asia,2012,76834.0,74965.8648007466
Andorra,AND,Europe & Central Asia,2013,75194.0,77696.98977472907
Andorra,AND,Europe & Central Asia,2014,73737.0,75291.19538030165
Andorra,AND,Europe & Central Asia,2015,72174.0,73338.65805321466
Andorra,AND,Europe & Central Asia,2016,72181.0,72313.95795209074
Andorra,AND,Europe & Central Asia,2017,73763.0,70223.16565768578
Andorra,AND,Europe & Central Asia,2018,75162.0,69762.51664651383
Andorra,AND,Europe & Central Asia,2019,76474.0,74250.31889975216
Andorra,AND,Europe & Central Asia,2020,77380.0,76017.7022652046
Andorra,AND,Europe & Central Asia,2021,78364.0,77335.3460728044
Andorra,AND,Europe & Central Asia,2022,79705.0,78535.8635281863
Andorra,AND,Europe & Central Asia,2023,80856.0,79214.09047742236
Andorra,AND,Europe & Central Asia,2024,81938.0,81417.69889113314
United Arab Emirates,ARE,"Middle East, North Africa, Afghanistan & Pakistan",1970,286536.0,288025.61207071226
United Arab Emirates,ARE,"Middle East, North Africa, Afghanistan & Pakistan",1971,335027.0,342580.6534781262
United Arab Emirates,ARE,"Middle East, North Africa, Afghanistan & Pakistan",1972,385014.0,391724.2190586897
United Arab Emirates,ARE,"Middle East, North Africa, Afghanistan & Pakistan",1973,436399.0,426832.70277106616
United Arab Emirates,ARE,"Middle East, North Africa, Afghanistan & Pakistan",1974,489087.0,487972.285557346
United Arab Emirates,ARE,"Middle East, North Africa, Afghanistan & Pakistan",1975,542856.0,553119.401105934
United Arab Emirates,ARE,"Middle East, North Africa, Afghanistan & Pakistan",1976,615866.0,645455.5029250034
United Arab Emirates,ARE,"Middle East, North Africa, Afghanistan & Pakistan",1977,710209.0,706193.630201463
United Arab Emirates,ARE,"Middle East, North Africa, Afghanistan & Pakistan",1978,809274.0,817858.1544717047
United Arab Emirates,ARE,"Middle East, North Africa, Afghanistan & Pakistan",1979,912010.0,927251.3493344644
United Arab Emirates,ARE,"Middle East, North Africa, Afghanistan & Pakistan",1980,1015700.0,1035310.7928119825
United Arab Emirates,ARE,"Middle East, North Africa, Afghanistan & Pakistan",1981,1099855.0,1157836.7119263757
United Arab Emirates,ARE,"Middle East, North Africa, Afghanistan & Pakistan",1982,1166370.0,1190982.5955797269
United Arab Emirates,ARE,"Middle East, North Africa, Afghanistan & Pakistan",1983,1235305.0,1236907.5719987545
United Arab Emirates,ARE,"Middle East, North Africa, Afghanistan & Pakistan",1984,1305996.0,1308314.2078745235
United Arab Emirates,ARE,"Middle East, North Africa, Afghanistan & Pakistan",1985,1377911.0,1380732.330977589
United Arab Emirates,ARE,"Middle East, North Africa, Afghanistan & Pakistan",1986,1467383.0,1506886.6963736273
United Arab Emirates,ARE,"Middle East, North Africa, Afghanistan & Pakistan",1987,1574244.0,1590600.0072661843
United Arab Emirates,ARE,"Middle East, North Africa, Afghanistan & Pakistan",1988,1681788.0,1716387.0518477396
United Arab Emirates,ARE,"Middle East, North Africa, Afghanistan & Pakistan",1989,1789851.0,1795461.0170327562
United Arab Emirates,ARE,"Middle East, North Africa, Afghanistan & Pakistan",1990,1898220.0,1893287.1856087004
United Arab Emirates,ARE,"Middle East, North Africa, Afghanistan & Pakistan",1991,2006626.0,2016884.8895621002
United Arab Emirates,ARE,"Middle East, North Africa, Afghanistan & Pakistan",1992,2114730.0,2131314.3083206764
United Arab Emirates,ARE,"Middle East, North Africa, Afghanistan & Pakistan",1993,2222093.0,2228657.9428835027
United Arab Emirates,ARE,"Middle East, North Africa, Afghanistan & Pakistan",1994,2328188.0,2334906.726189446
United Arab Emirates,ARE,"Middle East, North Africa, Afghanistan & Pakistan",1995,2434662.0,2439348.561830672
United Arab Emirates,ARE,"Middle East, North Africa, Afghanistan & Pakistan",1996,2597564.0,2575558.803526061
United Arab Emirates,ARE,"Middle East, North Africa, Afghanistan & Pakistan",1997,2817410.0,2748070.2191032562
United Arab Emirates,ARE,"Middle East, North Africa, Afghanistan & Pakistan",1998,3040421.0,2917981.1973744114
United Arab Emirates,ARE,"Middle East, North Africa, Afghanistan & Pakistan",1999,3266009.0,3281084.3510899255
United Arab Emirates,ARE,"Middle East, North Africa, Afghanistan & Pakistan",2000,3493575.0,3508334.7962245154
United Arab Emirates,ARE,"Middle East, North Africa, Afghanistan & Pakistan",2001,3723590.0,3715574.9665265647
United Arab Emirates,ARE,"Middle East, North Africa, Afghanistan & Pakistan",2002,3956826.0,3965177.34187055
United Arab Emirates,ARE,"Middle East, North Africa, Afghanistan & Pakistan",2003,4192457.0,4238976.00528463
United Arab Emirates,ARE,"Middle East, North Africa, Afghanistan & Pakistan",2004,4428967.0,4541273.072376458
United Arab Emirates,ARE,"Middle East, North Africa, Afghanistan & Pakistan",2005,4664790.0,4678819.291131418
United Arab Emirates,ARE,"Middle East, North Africa, Afghanistan & Pakistan",2006,5009100.0,4978331.925794744
United Arab Emirates,ARE,"Middle East, North Africa, Afghanistan & Pakistan",2007,5624635.0,5339830.516235027
United Arab Emirates,ARE,"Middle East, North Africa, Afghanistan & Pakistan",2008,6302664.0,5786091.59969808
United Arab Emirates,ARE,"Middle East, North Africa, Afghanistan & Pakistan",2009,6707058.0,7062426.9000649545
United Arab Emirates,ARE,"Middle East, North Africa, Afghanistan & Pakistan",2010,6869838.0,7211168.967498416
United Arab Emirates,ARE,"Middle East, North Africa, Afghanistan & Pakistan",2011,7104538.0,7517377.605748434
United Arab Emirates,ARE,"Middle East, North Africa, Afghanistan & Pakistan",2012,7391448.0,7347256.244327162
United Arab Emirates,ARE,"Middle East, North Africa, Afghanistan & Pakistan",2013,7693031.0,7689944.586105986
United Arab Emirates,ARE,"Middle East, North Africa, Afghanistan & Pakistan",2014,8059440.0,8006919.073392355
United Arab Emirates,ARE,"Middle East, North Africa, Afghanistan & Pakistan",2015,8505237.0,8564277.480581341
United Arab Emirates,ARE,"Middle East, North Africa, Afghanistan & Pakistan",2016,8935095.0,9121919.059367822
United Arab Emirates,ARE,"Middle East, North Africa, Afghanistan & Pakistan",2017,9223225.0,9334968.547608241
United Arab Emirates,ARE,"Middle East, North Africa, Afghanistan & Pakistan",2018,9346701.0,9601006.533920597
United Arab Emirates,ARE,"Middle East, North Africa, Afghanistan & Pakistan",2019,9445785.0,9901451.209006175
United Arab Emirates,ARE,"Middle East, North Africa, Afghanistan & Pakistan",2020,9401038.0,9545919.384036358
United Arab Emirates,ARE,"Middle East, North Africa, Afghanistan & Pakistan",2021,9575152.0,9356502.983525569
United Arab Emirates,ARE,"Middle East, North Africa, Afghanistan & Pakistan",2022,10074977.0,9752490.704487465
United Arab Emirates,ARE,"Middle East, North Africa, Afghanistan & Pakistan",2023,10483751.0,10381506.052641371
United Arab Emirates,ARE,"Middle East, North Africa, Afghanistan & Pakistan",2024,10986400.0,10592864.978726596
Argentina,ARG,Latin America & Caribbean ,1970,23878327.0,23884003.804667965
Argentina,ARG,Latin America & Caribbean ,1971,24257208.0,24256906.210301604
Argentina,ARG,Latin America & Caribbean ,1972,24644328.0,24638011.403942
Argentina,ARG,Latin America & Caribbean ,1973,25046005.0,25020160.03410246
Argentina,ARG,Latin America & Caribbean ,1974,25461351.0,25454112.761721298
Argentina,ARG,Latin America & Caribbean ,1975,25874107.0,25880611.724574704
Argentina,ARG,Latin America & Caribbean ,1976,26282283.0,26284892.99103711
Argentina,ARG,Latin America & Caribbean ,1977,26701805.0,26700797.781661313
Argentina,ARG,Latin America & Caribbean ,1978,27132158.0,27129852.770093337
Argentina,ARG,Latin America & Caribbean ,1979,27568895.0,27571152.818249263
Argentina,ARG,Latin America & Caribbean ,1980,28011596.0,28016858.177926492
Argentina,ARG,Latin America & Caribbean ,1981,28463959.0,28463096.69270141
Argentina,ARG,Latin America & Caribbean ,1982,28924262.0,28923783.644693777
Argentina,ARG,Latin America & Caribbean ,1983,29391332.0,29386984.63656732
Argentina,ARG,Latin America & Caribbean ,1984,29863093.0,29864110.86805163
Argentina,ARG,Latin America & Caribbean ,1985,30336441.0,30341111.477499384
Argentina,ARG,Latin America & Caribbean ,1986,30811980.0,30829509.69042556
Argentina,ARG,Latin America & Caribbean ,1987,31291762.0,31295024.19085267
Argentina,ARG,Latin America & Caribbean ,1988,31780532.0,31779148.940951828
Argentina,ARG,Latin America & Caribbean ,1989,32270948.0,32276774.2469845
Argentina,ARG,Latin America & Caribbean ,1990,32755901.0,32782576.429872308
Argentina,ARG,Latin America & Caribbean ,1991,33230294.0,33271183.28096102
Argentina,ARG,Latin America & Caribbean ,1992,33693527.0,33746864.85876613
Argentina,ARG,Latin America & Caribbean ,1993,34152717.0,34172627.32923662
Argentina,ARG,Latin America & Caribbean ,1994,34613491.0,34620958.78066135
Argentina,ARG,Latin America & Caribbean ,1995,35070020.0,35085535.74940444
Argentina,ARG,Latin America & Caribbean ,1996,35513793.0,35578290.10409409
Argentina,ARG,Latin America & Caribbean ,1997,35947791.0,36017012.01336071
Argentina,ARG,Latin America & Caribbean ,1998,36372860.0,36443589.59587304
Argentina,ARG,Latin America & Caribbean ,1999,36794682.0,36859943.62665016
Argentina,ARG,Latin America & Caribbean ,2000,37213984.0,37273364.42022124
Argentina,ARG,Latin America & Caribbean ,2001,37624825.0,37685336.219967425
Argentina,ARG,Latin America & Caribbean ,2002,38029349.0,38089267.114414506
Argentina,ARG,Latin America & Caribbean ,2003,38424282.0,38486617.97320209
Argentina,ARG,Latin America & Caribbean ,2004,38815916.0,38873041.26217969
Argentina,ARG,Latin America & Caribbean ,2005,39216789.0,39256300.0379294
Argentina,ARG,Latin America & Caribbean ,2006,39622115.0,39651504.8666853
Argentina,ARG,Latin America & Caribbean ,2007,40016763.0,40052983.45633836
Argentina,ARG,Latin America & Caribbean ,2008,40424148.0,40443672.35456173
Argentina,ARG,Latin America & Caribbean ,2009,40854831.0,40849514.85510507
Argentina,ARG,Latin America & Caribbean ,2010,41288694.0,41280746.89941327
Argentina,ARG,Latin America & Caribbean ,2011,41730660.0,41703410.948089406
Argentina,ARG,Latin America & Caribbean ,2012,42161721.0,42176556.40669852
Argentina,ARG,Latin America & Caribbean ,2013,42582455.0,42598825.93512836
Argentina,ARG,Latin America & Caribbean ,2014,43024071.0,43022986.34297431
Argentina,ARG,Latin America & Caribbean ,2015,43477012.0,43476602.1338066
Argentina,ARG,Latin America & Caribbean ,2016,43900313.0,43931208.94066705
Argentina,ARG,Latin America & Caribbean ,2017,44288894.0,44379139.203385875
Argentina,ARG,Latin America & Caribbean ,2018,44654882.0,44740820.062235616
Argentina,ARG,Latin America & Caribbean ,2019,44973465.0,45028843.23406489
Argentina,ARG,Latin America & Caribbean ,2020,45191965.0,45294320.88052491
Argentina,ARG,Latin America & Caribbean ,2021,45312281.0,45418732.6669678
Argentina,ARG,Latin America & Caribbean ,2022,45407904.0,45432917.324010074
Argentina,ARG,Latin America & Caribbean ,2023,45538401.0,45503728.793894865
Argentina,ARG,Latin America & Caribbean ,2024,45696159.0,45826694.93354269
Armenia,ARM,Europe & Central Asia,1970,2475633.0,2495873.4097065553
Armenia,ARM,Europe & Central Asia,1971,2525345.0,2545443.938091567
Armenia,ARM,Europe & Central Asia,1972,2577079.0,2592842.7636284824
Armenia,ARM,Europe & Central Asia,1973,2630860.0,2642577.3165054675
Armenia,ARM,Europe & Central Asia,1974,2686445.0,2694707.1124951853
Armenia,ARM,Europe & Central Asia,1975,2743660.0,2749021.636164229
Armenia,ARM,Europe & Central Asia,1976,2818165.0,2805344.693435363
Armenia,ARM,Europe & Central Asia,1977,2912827.0,2871004.028761792
Armenia,ARM,Europe & Central Asia,1978,3012807.0,3010668.6905427612
Armenia,ARM,Europe & Central Asia,1979,3078501.0,3116218.718037686
Armenia,ARM,Europe & Central Asia,1980,3107415.0,3153960.8780156104
Armenia,ARM,Europe & Central Asia,1981,3135349.0,3208181.0307178344
Armenia,ARM,Europe & Central Asia,1982,3163144.0,3163534.111210129
Armenia,ARM,Europe & Central Asia,1983,3191539.0,3191185.403835963
Armenia,ARM,Europe & Central Asia,1984,3224547.0,3220188.8970125495
Armenia,ARM,Europe & Central Asia,1985,3260432.0,3282931.8513973425
Armenia,ARM,Europe & Central Asia,1986,3294847.0,3313671.379274665
Armenia,ARM,Europe & Central Asia,1987,3328520.0,3350492.245723427
Armenia,ARM,Europe & Central Asia,1988,3355125.0,3364215.5027565258
Armenia,ARM,Europe & Central Asia,1989,3443100.0,3387386.5745025664
Armenia,ARM,Europe & Central Asia,1990,3552128.0,3445075.98680955
Armenia,ARM,Europe & Central Asia,1991,3613977.0,3664608.442615364
Armenia,ARM,Europe & Central Asia,1992,3571861.0,3667878.893841274
Armenia,ARM,Europe & Central Asia,1993,3453332.0,3659600.5919374246
Armenia,ARM,Europe & Central Asia,1994,3364610.0,3338736.2802794576
Armenia,ARM,Europe & Central Asia,1995,3307581.0,3278167.4175775326
Armenia,ARM,Europe & Central Asia,1996,3278735.0,3251518.6213115044
Armenia,ARM,Europe & Central Asia,1997,3246289.0,3273249.511475759
Armenia,ARM,Europe & Central Asia,1998,3208401.0,3234416.2097790255
Armenia,ARM,Europe & Central Asia,1999,3167286.0,3180947.2341385577
Armenia,ARM,Europe & Central Asia,2000,3221100.0,3101635.5492305905
Armenia,ARM,Europe & Central Asia,2001,3211800.0,3180172.3094967725
Armenia,ARM,Europe & Central Asia,2002,3199800.0,3174104.368657524
Armenia,ARM,Europe & Central Asia,2003,3182500.0,3130581.4709391035
Armenia,ARM,Europe & Central Asia,2004,3164900.0,3145474.439909475
Armenia,ARM,Europe & Central Asia,2005,3146400.0,3148724.7580805635
Armenia,ARM,Europe & Central Asia,2006,3127100.0,3143079.9750837935
Armenia,ARM,Europe & Central Asia,2007,3107400.0,3132911.852802518
Armenia,ARM,Europe & Central Asia,2008,3087100.0,3116450.631032482
Armenia,ARM,Europe & Central Asia,2009,3066000.0,3091270.733847283
Armenia,ARM,Europe & Central Asia,2010,3044800.0,3049537.474181523
Armenia,ARM,Europe & Central Asia,2011,3027900.0,3031304.390528021
Armenia,ARM,Europe & Central Asia,2012,3024100.0,3009368.6836158615
Armenia,ARM,Europe & Central Asia,2013,3022000.0,2995898.619434722
Armenia,ARM,Europe & Central Asia,2014,3013800.0,3019901.458403307
Armenia,ARM,Europe & Central Asia,2015,3004600.0,3006518.898187531
Armenia,ARM,Europe & Central Asia,2016,2992300.0,2991290.349781147
Armenia,ARM,Europe & Central Asia,2017,2979400.0,2979776.203675721
Armenia,ARM,Europe & Central Asia,2018,2969000.0,2969005.5410335422
Armenia,ARM,Europe & Central Asia,2019,2962500.0,2962201.1072193976
Armenia,ARM,Europe & Central Asia,2020,2961500.0,2955135.2108760644
Armenia,ARM,Europe & Central Asia,2021,2962300.0,2948975.7820143797
Armenia,ARM,Europe & Central Asia,2022,2969200.0,2963100.216108074
Armenia,ARM,Europe & Central Asia,2023,2964300.0,2976116.071724449
Armenia,ARM,Europe & Central Asia,2024,3033500.0,2958858.932716857
American Samoa,ASM,East Asia & Pacific,1970,27026.0,27220.029332190486
American Samoa,ASM,East Asia & Pacific,1971,27533.0,27693.794780514705
American Samoa,ASM,East Asia & Pacific,1972,27995.0,28049.511179647445
American Samoa,ASM,East Asia & Pacific,1973,28436.0,28464.752297259805
American Samoa,ASM,East Asia & Pacific,1974,28875.0,28883.946991001663
American Samoa,ASM,East Asia & Pacific,1975,29390.0,29556.618378683354
American Samoa,ASM,East Asia & Pacific,1976,29959.0,30040.239495742866
American Samoa,ASM,East Asia & Pacific,1977,30521.0,30586.120601763643
American Samoa,ASM,East Asia & Pacific,1978,31076.0,31139.400956945807
American Samoa,ASM,East Asia & Pacific,1979,31611.0,31603.926809258042
American Samoa,ASM,East Asia & Pacific,1980,32403.0,32166.25258723391
American Samoa,ASM,East Asia & Pacific,1981,33584.0,32808.95951073323
American Samoa,ASM,East Asia & Pacific,1982,34909.0,34808.044180221856
American Samoa,ASM,East Asia & Pacific,1983,36271.0,36286.275638486615
American Samoa,ASM,East Asia & Pacific,1984,37667.0,37686.13942196963
American Samoa,ASM,East Asia & Pacific,1985,39103.0,39116.729316073855
American Samoa,ASM,East Asia & Pacific,1986,40571.0,40277.612315564096
American Samoa,ASM,East Asia & Pacific,1987,42072.0,41874.62541549052
American Samoa,ASM,East Asia & Pacific,1988,43615.0,43358.93069501344
American Samoa,ASM,East Asia & Pacific,1989,45191.0,45234.863609797154
American Samoa,ASM,East Asia & Pacific,1990,46640.0,46833.231584707784
American Samoa,ASM,East Asia & Pacific,1991,47882.0,48374.56987839244
American Samoa,ASM,East Asia & Pacific,1992,49038.0,49157.073850913854
American Samoa,ASM,East Asia & Pacific,1993,50159.0,50221.90894431172
American Samoa,ASM,East Asia & Pacific,1994,51251.0,51305.62586259713
American Samoa,ASM,East Asia & Pacific,1995,52316.0,52366.77368121435
American Samoa,ASM,East Asia & Pacific,1996,53353.0,53814.99249027841
American Samoa,ASM,East Asia & Pacific,1997,54362.0,54779.95783446248
American Samoa,ASM,East Asia & Pacific,1998,55334.0,55708.8706933495
American Samoa,ASM,East Asia & Pacific,1999,56248.0,56593.06202836225
American Samoa,ASM,East Asia & Pacific,2000,56855.0,57430.99506185683
American Samoa,ASM,East Asia & Pacific,2001,57053.0,57950.49337113659
American Samoa,ASM,East Asia & Pacific,2002,57062.0,57251.68955732977
American Samoa,ASM,East Asia & Pacific,2003,56971.0,57071.001422028006
American Samoa,ASM,East Asia & Pacific,2004,56818.0,56880.14512449536
American Samoa,ASM,East Asia & Pacific,2005,56617.0,57341.54947073773
American Samoa,ASM,East Asia & Pacific,2006,56374.0,56991.77486998624
American Samoa,ASM,East Asia & Pacific,2007,56113.0,56602.1014584931
American Samoa,ASM,East Asia & Pacific,2008,55828.0,56200.25395877648
American Samoa,ASM,East Asia & Pacific,2009,55528.0,56132.191815365186
American Samoa,ASM,East Asia & Pacific,2010,55228.0,55396.79246550082
American Samoa,ASM,East Asia & Pacific,2011,54895.0,55031.40567951714
American Samoa,ASM,East Asia & Pacific,2012,54489.0,54659.84117011672
American Samoa,ASM,East Asia & Pacific,2013,54006.0,54220.64868756551
American Samoa,ASM,East Asia & Pacific,2014,53466.0,53703.170907816006
American Samoa,ASM,East Asia & Pacific,2015,52878.0,52931.39940160964
American Samoa,ASM,East Asia & Pacific,2016,52245.0,52296.46661576403
American Samoa,ASM,East Asia & Pacific,2017,51586.0,51619.57761411345
American Samoa,ASM,East Asia & Pacific,2018,50908.0,51135.01070121782
American Samoa,ASM,East Asia & Pacific,2019,50209.0,50419.05724116133
American Samoa,ASM,East Asia & Pacific,2020,49761.0,49680.37366357079
American Samoa,ASM,East Asia & Pacific,2021,49225.0,49221.04887776493
American Samoa,ASM,East Asia & Pacific,2022,48342.0,48620.22917335304
American Samoa,ASM,East Asia & Pacific,2023,47521.0,47907.96470089504
American Samoa,ASM,East Asia & Pacific,2024,46765.0,47147.27333254527
Antigua and Barbuda,ATG,Latin America & Caribbean ,1970,64528.0,64735.01241296957
Antigua and Barbuda,ATG,Latin America & Caribbean ,1971,64729.0,65643.28755595793
Antigua and Barbuda,ATG,Latin America & Caribbean ,1972,64615.0,64930.6261185941
Antigua and Barbuda,ATG,Latin America & Caribbean ,1973,64342.0,64501.2007819618
Antigua and Barbuda,ATG,Latin America & Caribbean ,1974,64058.0,64070.153434291606
Antigua and Barbuda,ATG,Latin America & Caribbean ,1975,63839.0,63775.25354952724
Antigua and Barbuda,ATG,Latin America & Caribbean ,1976,63762.0,64174.187638509226
Antigua and Barbuda,ATG,Latin America & Caribbean ,1977,63862.0,63979.55295114752
Antigua and Barbuda,ATG,Latin America & Caribbean ,1978,64038.0,64150.60694694785
Antigua and Barbuda,ATG,Latin America & Caribbean ,1979,64274.0,63822.66078771645
Antigua and Barbuda,ATG,Latin America & Caribbean ,1980,64513.0,64510.869732063395
Antigua and Barbuda,ATG,Latin America & Caribbean ,1981,64665.0,64752.888711629996
Antigua and Barbuda,ATG,Latin America & Caribbean ,1982,64785.0,64670.7280330175
Antigua and Barbuda,ATG,Latin America & Caribbean ,1983,64934.0,64834.42060625936
Antigua and Barbuda,ATG,Latin America & Caribbean ,1984,64882.0,64982.16050748484
Antigua and Barbuda,ATG,Latin America & Caribbean ,1985,64591.0,65169.93383056328
Antigua and Barbuda,ATG,Latin America & Caribbean ,1986,64276.0,64301.305161621494
Antigua and Barbuda,ATG,Latin America & Caribbean ,1987,63946.0,63962.53620233904
Antigua and Barbuda,ATG,Latin America & Caribbean ,1988,63623.0,63617.69425638313
Antigua and Barbuda,ATG,Latin America & Caribbean ,1989,63325.0,63551.07449179611
Antigua and Barbuda,ATG,Latin America & Caribbean ,1990,63066.0,63194.08639401953
Antigua and Barbuda,ATG,Latin America & Caribbean ,1991,63387.0,62890.81048867137
Antigua and Barbuda,ATG,Latin America & Caribbean ,1992,64404.0,62866.78750647784
Antigua and Barbuda,ATG,Latin America & Caribbean ,1993,65587.0,65437.31702962943
Antigua and Barbuda,ATG,Latin America & Caribbean ,1994,66843.0,66791.72984993923
Antigua and Barbuda,ATG,Latin America & Caribbean ,1995,68189.0,68123.05257137644
Antigua and Barbuda,ATG,Latin America & Caribbean ,1996,69612.0,68638.22604250493
Antigua and Barbuda,ATG,Latin America & Caribbean ,1997,71053.0,70271.76473038225
Antigua and Barbuda,ATG,Latin America & Caribbean ,1998,72412.0,71930.3587955643
Antigua and Barbuda,ATG,Latin America & Caribbean ,1999,73666.0,72992.6484943713
Antigua and Barbuda,ATG,Latin America & Caribbean ,2000,74912.0,74897.84820513311
Antigua and Barbuda,ATG,Latin America & Caribbean ,2001,76069.0,76513.37875043202
Antigua and Barbuda,ATG,Latin America & Caribbean ,2002,77032.0,77243.86962489132
Antigua and Barbuda,ATG,Latin America & Caribbean ,2003,77884.0,78007.19116329543
Antigua and Barbuda,ATG,Latin America & Caribbean ,2004,78719.0,78745.42341079444
Antigua and Barbuda,ATG,Latin America & Caribbean ,2005,79611.0,79985.08998222115
Antigua and Barbuda,ATG,Latin America & Caribbean ,2006,80604.0,80806.94364983813
Antigua and Barbuda,ATG,Latin America & Caribbean ,2007,81704.0,81741.57873358346
Antigua and Barbuda,ATG,Latin America & Caribbean ,2008,82912.0,82807.44443306378
Antigua and Barbuda,ATG,Latin America & Caribbean ,2009,84173.0,83852.46922840289
Antigua and Barbuda,ATG,Latin America & Caribbean ,2010,85320.0,85453.17841791533
Antigua and Barbuda,ATG,Latin America & Caribbean ,2011,86332.0,86483.61567316145
Antigua and Barbuda,ATG,Latin America & Caribbean ,2012,87260.0,87432.28750035982
Antigua and Barbuda,ATG,Latin America & Caribbean ,2013,88064.0,88544.03090877322
Antigua and Barbuda,ATG,Latin America & Caribbean ,2014,88765.0,88875.40793490672
Antigua and Barbuda,ATG,Latin America & Caribbean ,2015,89409.0,89471.58004700404
Antigua and Barbuda,ATG,Latin America & Caribbean ,2016,89969.0,90057.67229315532
Antigua and Barbuda,ATG,Latin America & Caribbean ,2017,90468.0,90937.45634357701
Antigua and Barbuda,ATG,Latin America & Caribbean ,2018,90926.0,91348.96078421832
Antigua and Barbuda,ATG,Latin America & Caribbean ,2019,91364.0,91709.13416321416
Antigua and Barbuda,ATG,Latin America & Caribbean ,2020,91846.0,92062.63086274973
Antigua and Barbuda,ATG,Latin America & Caribbean ,2021,92349.0,92479.96597905736
Antigua and Barbuda,ATG,Latin America & Caribbean ,2022,92840.0,92932.97994228837
Antigua and Barbuda,ATG,Latin America & Caribbean ,2023,93316.0,93465.15909745845
Antigua and Barbuda,ATG,Latin America & Caribbean ,2024,93772.0,93871.11310900535
Australia,AUS,East Asia & Pacific,1970,12507000.0,12529106.173609538
Australia,AUS,East Asia & Pacific,1971,12937000.0,12755718.537590997
Australia,AUS,East Asia & Pacific,1972,13177000.0,13061457.748452391
Australia,AUS,East Asia & Pacific,1973,13380000.0,13371625.526237756
Australia,AUS,East Asia & Pacific,1974,13723000.0,13656568.563474946
Australia,AUS,East Asia & Pacific,1975,13893000.0,13975684.543611903
Australia,AUS,East Asia & Pacific,1976,14033000.0,14251090.406967836
Australia,AUS,East Asia & Pacific,1977,14192000.0,14486353.579921303
Australia,AUS,East Asia & Pacific,1978,14358000.0,14457834.446651006
Australia,AUS,East Asia & Pacific,1979,14514000.0,14611834.655324826
Australia,AUS,East Asia & Pacific,1980,14692000.0,14891289.341018196
Australia,AUS,East Asia & Pacific,1981,14923260.0,14901140.456938637
Australia,AUS,East Asia & Pacific,1982,15184247.0,15131688.048421366
Australia,AUS,East Asia & Pacific,1983,15393472.0,15323995.609274423
Australia,AUS,East Asia & Pacific,1984,15579391.0,15591251.200788204
Australia,AUS,East Asia & Pacific,1985,15788312.0,15779060.592047434
Australia,AUS,East Asia & Pacific,1986,16018350.0,15996478.0553123
Australia,AUS,East Asia & Pacific,1987,16263874.0,16233690.777706886
Australia,AUS,East Asia & Pacific,1988,16532164.0,16482977.175135426
Australia,AUS,East Asia & Pacific,1989,16814416.0,16745861.835349258
Australia,AUS,East Asia & Pacific,1990,17065128.0,17068222.10044656
Australia,AUS,East Asia & Pacific,1991,17284036.0,17321330.470959947
Australia,AUS,East Asia & Pacific,1992,17478635.0,17534736.944343306
Australia,AUS,East Asia & Pacific,1993,17634808.0,17785994.44213649
Australia,AUS,East Asia & Pacific,1994,17805468.0,17792376.419649594
Australia,AUS,East Asia & Pacific,1995,18004882.0,17977779.55267407
Australia,AUS,East Asia & Pacific,1996,18224767.0,18240294.4615946
Australia,AUS,East Asia & Pacific,1997,18423037.0,18456775.72856318
Australia,AUS,East Asia & Pacific,1998,18607584.0,18665106.13204298
Australia,AUS,East Asia & Pacific,1999,18812264.0,18828760.216811936
Australia,AUS,East Asia & Pacific,2000,19028802.0,19012926.813124746
Australia,AUS,East Asia & Pacific,2001,19274701.0,19218849.08318834
Australia,AUS,East Asia & Pacific,2002,19495210.0,19451773.28073267
Australia,AUS,East Asia & Pacific,2003,19720737.0,19692783.760028362
Australia,AUS,East Asia & Pacific,2004,19932722.0,19945861.379108462
Australia,AUS,East Asia & Pacific,2005,20176844.0,20159195.420575164
Australia,AUS,East Asia & Pacific,2006,20450966.0,20396758.018192247
Australia,AUS,East Asia & Pacific,2007,20827622.0,20658633.264771592
Australia,AUS,East Asia & Pacific,2008,21249199.0,21211215.063934293
Australia,AUS,East Asia & Pacific,2009,21691653.0,21679309.243152384
Australia,AUS,East Asia & Pacific,2010,22031750.0,22143319.843396503
Australia,AUS,East Asia & Pacific,2011,22340024.0,22361465.06881202
Australia,AUS,East Asia & Pacific,2012,22733465.0,22680822.448896706
Australia,AUS,East Asia & Pacific,2013,23128129.0,23089379.175645858
Australia,AUS,East Asia & Pacific,2014,23475686.0,23529793.921932265
Australia,AUS,East Asia & Pacific,2015,23815995.0,23937107.88297056
Australia,AUS,East Asia & Pacific,2016,24190907.0,24222836.672720473
Australia,AUS,East Asia & Pacific,2017,24592588.0,24647735.391888883
Australia,AUS,East Asia & Pacific,2018,24963258.0,25002286.88099377
Australia,AUS,East Asia & Pacific,2019,25334826.0,25368263.379540473
Australia,AUS,East Asia & Pacific,2020,25649248.0,25756738.862802256
Australia,AUS,East Asia & Pacific,2021,25685412.0,26118012.197584838
Australia,AUS,East Asia & Pacific,2022,26018721.0,26329140.046414066
Australia,AUS,East Asia & Pacific,2023,26659922.0,26361079.597870164
Australia,AUS,East Asia & Pacific,2024,27196812.0,26928175.7596405
Austria,AUT,Europe & Central Asia,1970,7467086.0,7504477.243554901
Austria,AUT,Europe & Central Asia,1971,7500482.0,7493208.063890685
Austria,AUT,Europe & Central Asia,1972,7544201.0,7533030.537810722
Austria,AUT,Europe & Central Asia,1973,7586115.0,7586283.767361606
Austria,AUT,Europe & Central Asia,1974,7599038.0,7627468.6428101165
Austria,AUT,Europe & Central Asia,1975,7578903.0,7651725.730540666
Austria,AUT,Europe & Central Asia,1976,7565525.0,7653456.982953045
Austria,AUT,Europe & Central Asia,1977,7568430.0,7552170.6135627255
Austria,AUT,Europe & Central Asia,1978,7562305.0,7571336.114830024
Austria,AUT,Europe & Central Asia,1979,7549425.0,7575902.488982638
Austria,AUT,Europe & Central Asia,1980,7549433.0,7558631.074945104
Austria,AUT,Europe & Central Asia,1981,7568710.0,7568809.834798127
Austria,AUT,Europe & Central Asia,1982,7574140.0,7556152.245178343
Austria,AUT,Europe & Central Asia,1983,7561910.0,7552832.2343134675
Austria,AUT,Europe & Central Asia,1984,7561434.0,7553760.386411306
Austria,AUT,Europe & Central Asia,1985,7564985.0,7559543.328290159
Austria,AUT,Europe & Central Asia,1986,7569794.0,7563881.02176381
Austria,AUT,Europe & Central Asia,1987,7574586.0,7567521.297146145
Austria,AUT,Europe & Central Asia,1988,7585317.0,7573570.6049326835
Austria,AUT,Europe & Central Asia,1989,7619567.0,7581870.051418145
Austria,AUT,Europe & Central Asia,1990,7677850.0,7598883.450633785
Austria,AUT,Europe & Central Asia,1991,7754891.0,7736578.813074964
Austria,AUT,Europe & Central Asia,1992,7840709.0,7832705.043510447
Austria,AUT,Europe & Central Asia,1993,7905633.0,7927476.688201035
Austria,AUT,Europe & Central Asia,1994,7936118.0,7944831.695993793
Austria,AUT,Europe & Central Asia,1995,7948278.0,7978462.734319218
Austria,AUT,Europe & Central Asia,1996,7959017.0,8020358.482469165
Austria,AUT,Europe & Central Asia,1997,7968041.0,7969770.50936232
Austria,AUT,Europe & Central Asia,1998,7976789.0,7977075.231542516
Austria,AUT,Europe & Central Asia,1999,7992324.0,8017500.027031717
Austria,AUT,Europe & Central Asia,2000,8011566.0,8028007.53652078
Austria,AUT,Europe & Central Asia,2001,8042293.0,8058205.615314923
Austria,AUT,Europe & Central Asia,2002,8081957.0,8056308.658329282
Austria,AUT,Europe & Central Asia,2003,8121423.0,8121816.619718568
Austria,AUT,Europe & Central Asia,2004,8171966.0,8161081.721437656
Austria,AUT,Europe & Central Asia,2005,8227829.0,8218386.294226334
Austria,AUT,Europe & Central Asia,2006,8268641.0,8258251.608867706
Austria,AUT,Europe & Central Asia,2007,8295487.0,8302734.135898129
Austria,AUT,Europe & Central Asia,2008,8321496.0,8331734.654861791
Austria,AUT,Europe & Central Asia,2009,8343323.0,8374587.12848555
Austria,AUT,Europe & Central Asia,2010,8363404.0,8365207.25165328
Austria,AUT,Europe & Central Asia,2011,8391643.0,8383533.331666219
Austria,AUT,Europe & Central Asia,2012,8429991.0,8426811.139606675
Austria,AUT,Europe & Central Asia,2013,8479823.0,8464992.030284733
Austria,AUT,Europe & Central Asia,2014,8546356.0,8498167.66185664
Austria,AUT,Europe & Central Asia,2015,8642699.0,8613411.019771803
Austria,AUT,Europe & Central Asia,2016,8736668.0,8740128.07276049
Austria,AUT,Europe & Central Asia,2017,8797566.0,8831658.692202039
Austria,AUT,Europe & Central Asia,2018,8840521.0,8852134.837176558
Austria,AUT,Europe & Central Asia,2019,8879920.0,8897688.24177072
Austria,AUT,Europe & Central Asia,2020,8916864.0,8965394.665272214
Austria,AUT,Europe & Central Asia,2021,8955797.0,8953961.701799335
Austria,AUT,Europe & Central Asia,2022,9041851.0,8994899.98996532
Austria,AUT,Europe & Central Asia,2023,9131761.0,9106470.446202112
Austria,AUT,Europe & Central Asia,2024,9177982.0,9171908.186036628
Azerbaijan,AZE,Europe & Central Asia,1970,5172050.0,5213126.943817875
Azerbaijan,AZE,Europe & Central Asia,1971,5282950.0,5283177.445493726
Azerbaijan,AZE,Europe & Central Asia,1972,5391450.0,5423923.001701633
Azerbaijan,AZE,Europe & Central Asia,1973,5493900.0,5529594.088329106
Azerbaijan,AZE,Europe & Central Asia,1974,5594100.0,5625568.67094883
Azerbaijan,AZE,Europe & Central Asia,1975,5689050.0,5720554.908950595
Azerbaijan,AZE,Europe & Central Asia,1976,5781000.0,5810060.511106218
Azerbaijan,AZE,Europe & Central Asia,1977,5876150.0,5897323.834717235
Azerbaijan,AZE,Europe & Central Asia,1978,5976150.0,5989408.638113001
Azerbaijan,AZE,Europe & Central Asia,1979,6071300.0,6087277.071208176
Azerbaijan,AZE,Europe & Central Asia,1980,6160500.0,6180408.93802607
Azerbaijan,AZE,Europe & Central Asia,1981,6257750.0,6284618.933456979
Azerbaijan,AZE,Europe & Central Asia,1982,6357550.0,6362246.308504598
Azerbaijan,AZE,Europe & Central Asia,1983,6459800.0,6468377.155523207
Azerbaijan,AZE,Europe & Central Asia,1984,6567850.0,6563902.942626679
Azerbaijan,AZE,Europe & Central Asia,1985,6670150.0,6670467.4359783
Azerbaijan,AZE,Europe & Central Asia,1986,6770300.0,6775907.0598955415
Azerbaijan,AZE,Europe & Central Asia,1987,6875350.0,6880468.418174103
Azerbaijan,AZE,Europe & Central Asia,1988,6974600.0,6986510.377196379
Azerbaijan,AZE,Europe & Central Asia,1989,7076550.0,7082966.302642818
Azerbaijan,AZE,Europe & Central Asia,1990,7175200.0,7180454.258535745
Azerbaijan,AZE,Europe & Central Asia,1991,7271300.0,7285156.656451104
Azerbaijan,AZE,Europe & Central Asia,1992,7382050.0,7380673.169522528
Azerbaijan,AZE,Europe & Central Asia,1993,7494800.0,7491994.876619658
Azerbaijan,AZE,Europe & Central Asia,1994,7596550.0,7603740.31823084
Azerbaijan,AZE,Europe & Central Asia,1995,7684850.0,7709762.407563494
Azerbaijan,AZE,Europe & Central Asia,1996,7763000.0,7809790.748618372
Azerbaijan,AZE,Europe & Central Asia,1997,7838250.0,7841944.735700025
Azerbaijan,AZE,Europe & Central Asia,1998,7913000.0,7914229.429663419
Azerbaijan,AZE,Europe & Central Asia,1999,7982750.0,7988462.858418041
Azerbaijan,AZE,Europe & Central Asia,2000,8048600.0,8053114.819207686
Azerbaijan,AZE,Europe & Central Asia,2001,8111200.0,8139951.727344136
Azerbaijan,AZE,Europe & Central Asia,2002,8171950.0,8196637.686893506
Azerbaijan,AZE,Europe & Central Asia,2003,8234100.0,8251745.836076189
Azerbaijan,AZE,Europe & Central Asia,2004,8306500.0,8308218.188957076
Azerbaijan,AZE,Europe & Central Asia,2005,8391850.0,8378591.2354181735
Azerbaijan,AZE,Europe & Central Asia,2006,8484550.0,8454995.458109254
Azerbaijan,AZE,Europe & Central Asia,2007,8581300.0,8578274.00413726
Azerbaijan,AZE,Europe & Central Asia,2008,8763400.0,8679153.247924298
Azerbaijan,AZE,Europe & Central Asia,2009,8947243.0,8949364.26033819
Azerbaijan,AZE,Europe & Central Asia,2010,9054332.0,9134942.752062054
Azerbaijan,AZE,Europe & Central Asia,2011,9173082.0,9165672.52773854
Azerbaijan,AZE,Europe & Central Asia,2012,9295784.0,9291629.68843242
Azerbaijan,AZE,Europe & Central Asia,2013,9416801.0,9424623.079475418
Azerbaijan,AZE,Europe & Central Asia,2014,9535079.0,9574560.76333597
Azerbaijan,AZE,Europe & Central Asia,2015,9649341.0,9711230.875410702
Azerbaijan,AZE,Europe & Central Asia,2016,9757812.0,9788255.654025989
Azerbaijan,AZE,Europe & Central Asia,2017,9854033.0,9937160.160915062
Azerbaijan,AZE,Europe & Central Asia,2018,9939771.0,10018791.373229058
Azerbaijan,AZE,Europe & Central Asia,2019,10024283.0,10026254.98975969
Azerbaijan,AZE,Europe & Central Asia,2020,10093121.0,10112051.987902509
Azerbaijan,AZE,Europe & Central Asia,2021,10137750.0,10200863.540389985
Azerbaijan,AZE,Europe & Central Asia,2022,10141756.0,10235869.317510208
Azerbaijan,AZE,Europe & Central Asia,2023,10153958.0,10145763.584452014
Azerbaijan,AZE,Europe & Central Asia,2024,10202830.0,10225155.547883695
Burundi,BDI,Sub-Saharan Africa ,1970,3530432.0,3552624.1085509975
Burundi,BDI,Sub-Saharan Africa ,1971,3617289.0,3617583.3897719677
Burundi,BDI,Sub-Saharan Africa ,1972,3617128.0,3706096.035125547
Burundi,BDI,Sub-Saharan Africa ,1973,3611991.0,3766839.299178367
Burundi,BDI,Sub-Saharan Africa ,1974,3703590.0,3607395.5038648
Burundi,BDI,Sub-Saharan Africa ,1975,3796612.0,3771966.818040173
Burundi,BDI,Sub-Saharan Africa ,1976,3882626.0,3861469.7821004232
Burundi,BDI,Sub-Saharan Africa ,1977,3983582.0,3921906.1840160796
Burundi,BDI,Sub-Saharan Africa ,1978,4100338.0,4001321.1850072006
Burundi,BDI,Sub-Saharan Africa ,1979,4203530.0,4179159.0327880005
Burundi,BDI,Sub-Saharan Africa ,1980,4383706.0,4285829.134150238
Burundi,BDI,Sub-Saharan Africa ,1981,4566014.0,4384765.912440698
Burundi,BDI,Sub-Saharan Africa ,1982,4681390.0,4591810.962086313
Burundi,BDI,Sub-Saharan Africa ,1983,4808528.0,4818247.017586287
Burundi,BDI,Sub-Saharan Africa ,1984,4926465.0,4950065.578523825
Burundi,BDI,Sub-Saharan Africa ,1985,5034042.0,5101867.268608989
Burundi,BDI,Sub-Saharan Africa ,1986,5129414.0,5181424.837150981
Burundi,BDI,Sub-Saharan Africa ,1987,5247787.0,5275537.603240029
Burundi,BDI,Sub-Saharan Africa ,1988,5365327.0,5393646.471742963
Burundi,BDI,Sub-Saharan Africa ,1989,5471706.0,5560375.741217283
Burundi,BDI,Sub-Saharan Africa ,1990,5587052.0,5639248.52299344
Burundi,BDI,Sub-Saharan Africa ,1991,5703857.0,5713741.630864358
Burundi,BDI,Sub-Saharan Africa ,1992,5858407.0,5840299.812658229
Burundi,BDI,Sub-Saharan Africa ,1993,5676843.0,5967409.960216069
Burundi,BDI,Sub-Saharan Africa ,1994,5713854.0,5974115.323404057
Burundi,BDI,Sub-Saharan Africa ,1995,6066316.0,5794842.57649885
Burundi,BDI,Sub-Saharan Africa ,1996,6070506.0,6082954.048517474
Burundi,BDI,Sub-Saharan Africa ,1997,6070042.0,6153367.969850338
Burundi,BDI,Sub-Saharan Africa ,1998,6187108.0,6195865.121082227
Burundi,BDI,Sub-Saharan Africa ,1999,6337155.0,6260906.018521826
Burundi,BDI,Sub-Saharan Africa ,2000,6470194.0,6360497.289057559
Burundi,BDI,Sub-Saharan Africa ,2001,6634365.0,6488033.801433227
Burundi,BDI,Sub-Saharan Africa ,2002,6824132.0,6656340.624496583
Burundi,BDI,Sub-Saharan Africa ,2003,7043154.0,6886201.564035243
Burundi,BDI,Sub-Saharan Africa ,2004,7310656.0,7081838.3228179095
Burundi,BDI,Sub-Saharan Africa ,2005,7587299.0,7463797.29159837
Burundi,BDI,Sub-Saharan Africa ,2006,7865547.0,7633005.288523018
Burundi,BDI,Sub-Saharan Africa ,2007,8161874.0,8095302.250467102
Burundi,BDI,Sub-Saharan Africa ,2008,8505637.0,8416989.714131845
Burundi,BDI,Sub-Saharan Africa ,2009,8947646.0,8788367.98985384
Burundi,BDI,Sub-Saharan Africa ,2010,9376444.0,9275819.579194078
Burundi,BDI,Sub-Saharan Africa ,2011,9717978.0,9743867.404477144
Burundi,BDI,Sub-Saharan Africa ,2012,10071028.0,10107287.764759367
Burundi,BDI,Sub-Saharan Africa ,2013,10439341.0,10479246.947296236
Burundi,BDI,Sub-Saharan Africa ,2014,10799785.0,10860808.285793483
Burundi,BDI,Sub-Saharan Africa ,2015,11047580.0,11172674.219275167
Burundi,BDI,Sub-Saharan Africa ,2016,11239451.0,11301060.52243102
Burundi,BDI,Sub-Saharan Africa ,2017,11506762.0,11434654.357884478
Burundi,BDI,Sub-Saharan Africa ,2018,11859446.0,11899700.77325653
Burundi,BDI,Sub-Saharan Africa ,2019,12255336.0,12236563.450981144
Burundi,BDI,Sub-Saharan Africa ,2020,12617036.0,12625424.94590759
Burundi,BDI,Sub-Saharan Africa ,2021,12965481.0,12949427.141167065
Burundi,BDI,Sub-Saharan Africa ,2022,13321097.0,13283486.202059228
Burundi,BDI,Sub-Saharan Africa ,2023,13689450.0,13686834.343126472
Burundi,BDI,Sub-Saharan Africa ,2024,14047786.0,14055016.65061434
Belgium,BEL,Europe & Central Asia,1970,9655549.0,9702370.310100127
Belgium,BEL,Europe & Central Asia,1971,9673162.0,9665187.570204647
Belgium,BEL,Europe & Central Asia,1972,9711115.0,9690807.127815505
Belgium,BEL,Europe & Central Asia,1973,9741720.0,9759104.250595398
Belgium,BEL,Europe & Central Asia,1974,9772419.0,9782979.335630532
Belgium,BEL,Europe & Central Asia,1975,9800700.0,9810385.18767948
Belgium,BEL,Europe & Central Asia,1976,9818227.0,9827875.700157149
Belgium,BEL,Europe & Central Asia,1977,9830358.0,9847194.871962227
Belgium,BEL,Europe & Central Asia,1978,9839534.0,9866315.917506447
Belgium,BEL,Europe & Central Asia,1979,9848382.0,9861349.015783247
Belgium,BEL,Europe & Central Asia,1980,9859242.0,9857228.2358415
Belgium,BEL,Europe & Central Asia,1981,9858982.0,9880181.862837711
Belgium,BEL,Europe & Central Asia,1982,9856303.0,9875633.218085317
Belgium,BEL,Europe & Central Asia,1983,9855520.0,9869191.200188776
Belgium,BEL,Europe & Central Asia,1984,9855372.0,9865300.249856586
Belgium,BEL,Europe & Central Asia,1985,9858308.0,9861493.862815995
Belgium,BEL,Europe & Central Asia,1986,9861823.0,9862775.785637906
Belgium,BEL,Europe & Central Asia,1987,9870234.0,9865322.015782714
Belgium,BEL,Europe & Central Asia,1988,9901664.0,9868179.406180026
Belgium,BEL,Europe & Central Asia,1989,9937697.0,9932872.493859803
Belgium,BEL,Europe & Central Asia,1990,9967379.0,9973233.812962785
Belgium,BEL,Europe & Central Asia,1991,10004486.0,9997368.63347316
Belgium,BEL,Europe & Central Asia,1992,10045158.0,10020985.33041868
Belgium,BEL,Europe & Central Asia,1993,10084475.0,10066452.733539931
Belgium,BEL,Europe & Central Asia,1994,10115603.0,10110257.958456501
Belgium,BEL,Europe & Central Asia,1995,10136811.0,10135120.940579163
Belgium,BEL,Europe & Central Asia,1996,10156637.0,10175890.41276022
Belgium,BEL,Europe & Central Asia,1997,10181245.0,10176473.989567518
Belgium,BEL,Europe & Central Asia,1998,10203008.0,10205010.960972292
Belgium,BEL,Europe & Central Asia,1999,10226419.0,10224883.588137392
Belgium,BEL,Europe & Central Asia,2000,10251250.0,10255640.660347898
Belgium,BEL,Europe & Central Asia,2001,10286570.0,10284650.174804345
Belgium,BEL,Europe & Central Asia,2002,10332785.0,10306660.681533238
Belgium,BEL,Europe & Central Asia,2003,10376133.0,10379096.30623747
Belgium,BEL,Europe & Central Asia,2004,10421137.0,10419549.479948636
Belgium,BEL,Europe & Central Asia,2005,10478617.0,10464840.26231924
Belgium,BEL,Europe & Central Asia,2006,10547958.0,10536414.04264851
Belgium,BEL,Europe & Central Asia,2007,10625700.0,10589367.344836848
Belgium,BEL,Europe & Central Asia,2008,10709973.0,10673582.190911239
Belgium,BEL,Europe & Central Asia,2009,10796493.0,10765090.100508604
Belgium,BEL,Europe & Central Asia,2010,10895586.0,10858837.606442329
Belgium,BEL,Europe & Central Asia,2011,11038264.0,10965441.721770449
Belgium,BEL,Europe & Central Asia,2012,11106932.0,11119240.794609368
Belgium,BEL,Europe & Central Asia,2013,11159407.0,11192742.076235922
Belgium,BEL,Europe & Central Asia,2014,11209057.0,11265143.5391618
Belgium,BEL,Europe & Central Asia,2015,11274196.0,11342888.983214036
Belgium,BEL,Europe & Central Asia,2016,11331422.0,11357914.644140193
Belgium,BEL,Europe & Central Asia,2017,11375158.0,11412800.074939258
Belgium,BEL,Europe & Central Asia,2018,11427054.0,11451588.936839066
Belgium,BEL,Europe & Central Asia,2019,11488980.0,11499353.454285463
Belgium,BEL,Europe & Central Asia,2020,11538604.0,11567546.599796902
Belgium,BEL,Europe & Central Asia,2021,11586195.0,11600337.081324773
Belgium,BEL,Europe & Central Asia,2022,11680210.0,11648241.886647055
Belgium,BEL,Europe & Central Asia,2023,11779946.0,11715737.500330186
Belgium,BEL,Europe & Central Asia,2024,11858610.0,11880533.634969248
Benin,BEN,Sub-Saharan Africa ,1970,3065057.0,3057038.475923517
Benin,BEN,Sub-Saharan Africa ,1971,3134767.0,3127071.352964555
Benin,BEN,Sub-Saharan Africa ,1972,3207543.0,3199960.6963050626
Benin,BEN,Sub-Saharan Africa ,1973,3283496.0,3275893.156559235
Benin,BEN,Sub-Saharan Africa ,1974,3362633.0,3355107.2890174305
Benin,BEN,Sub-Saharan Africa ,1975,3445407.0,3437522.9785693716
Benin,BEN,Sub-Saharan Africa ,1976,3532196.0,3523740.3475203114
Benin,BEN,Sub-Saharan Africa ,1977,3623202.0,3614168.7119773487
Benin,BEN,Sub-Saharan Africa ,1978,3718305.0,3709109.8742435863
Benin,BEN,Sub-Saharan Africa ,1979,3818528.0,3808268.4196055024
Benin,BEN,Sub-Saharan Africa ,1980,3925251.0,3912932.8778026807
Benin,BEN,Sub-Saharan Africa ,1981,4038307.0,4024563.7820092957
Benin,BEN,Sub-Saharan Africa ,1982,4156596.0,4142927.441328466
Benin,BEN,Sub-Saharan Africa ,1983,4278978.0,4266931.989619513
Benin,BEN,Sub-Saharan Africa ,1984,4405895.0,4395101.69248817
Benin,BEN,Sub-Saharan Africa ,1985,4538012.0,4527933.975468576
Benin,BEN,Sub-Saharan Africa ,1986,4675420.0,4666129.820593872
Benin,BEN,Sub-Saharan Africa ,1987,4818486.0,4809731.311751348
Benin,BEN,Sub-Saharan Africa ,1988,4967341.0,4959092.333968617
Benin,BEN,Sub-Saharan Africa ,1989,5121657.0,5114621.099386212
Benin,BEN,Sub-Saharan Africa ,1990,5281479.0,5275290.577731753
Benin,BEN,Sub-Saharan Africa ,1991,5446932.0,5441320.126019921
Benin,BEN,Sub-Saharan Africa ,1992,5617844.0,5613015.734948942
Benin,BEN,Sub-Saharan Africa ,1993,5872706.0,5790352.136467307
Benin,BEN,Sub-Saharan Africa ,1994,6096506.0,6000785.060309383
Benin,BEN,Sub-Saharan Africa ,1995,6226773.0,6299805.711062324
Benin,BEN,Sub-Saharan Africa ,1996,6391858.0,6445223.486763095
Benin,BEN,Sub-Saharan Africa ,1997,6583365.0,6642828.500838044
Benin,BEN,Sub-Saharan Africa ,1998,6789489.0,6842687.685781748
Benin,BEN,Sub-Saharan Africa ,1999,7002818.0,7005513.547888725
Benin,BEN,Sub-Saharan Africa ,2000,7221619.0,7225798.775538319
Benin,BEN,Sub-Saharan Africa ,2001,7445596.0,7458784.977557381
Benin,BEN,Sub-Saharan Africa ,2002,7675426.0,7670370.88504059
Benin,BEN,Sub-Saharan Africa ,2003,7913070.0,7884629.510076384
Benin,BEN,Sub-Saharan Africa ,2004,8159094.0,8130969.152446699
Benin,BEN,Sub-Saharan Africa ,2005,8426144.0,8404585.868809294
Benin,BEN,Sub-Saharan Africa ,2006,8693242.0,8679591.974402271
Benin,BEN,Sub-Saharan Africa ,2007,8953969.0,8965949.364274796
Benin,BEN,Sub-Saharan Africa ,2008,9228466.0,9236405.226943916
Benin,BEN,Sub-Saharan Africa ,2009,9509423.0,9522274.558286931
Benin,BEN,Sub-Saharan Africa ,2010,9797484.0,9814879.79645738
Benin,BEN,Sub-Saharan Africa ,2011,10093623.0,10100951.90681074
Benin,BEN,Sub-Saharan Africa ,2012,10397657.0,10405542.112304546
Benin,BEN,Sub-Saharan Africa ,2013,10708834.0,10717999.813591989
Benin,BEN,Sub-Saharan Africa ,2014,11030004.0,11047115.669102527
Benin,BEN,Sub-Saharan Africa ,2015,11360681.0,11371324.268210977
Benin,BEN,Sub-Saharan Africa ,2016,11697842.0,11703573.94008616
Benin,BEN,Sub-Saharan Africa ,2017,12039780.0,12050515.779506149
Benin,BEN,Sub-Saharan Africa ,2018,12383347.0,12400875.13952294
Benin,BEN,Sub-Saharan Africa ,2019,12726755.0,12739244.320395812
Benin,BEN,Sub-Saharan Africa ,2020,13070169.0,13081871.295825567
Benin,BEN,Sub-Saharan Africa ,2021,13413417.0,13422849.55529724
Benin,BEN,Sub-Saharan Africa ,2022,13759501.0,13765679.358820172
Benin,BEN,Sub-Saharan Africa ,2023,14111034.0,14120966.244400822
Benin,BEN,Sub-Saharan Africa ,2024,14462724.0,14502601.690262137
Burkina Faso,BFA,Sub-Saharan Africa ,1970,5610304.0,5601468.004199154
Burkina Faso,BFA,Sub-Saharan Africa ,1971,5707999.0,5702020.46543865
Burkina Faso,BFA,Sub-Saharan Africa ,1972,5807234.0,5803024.750113899
Burkina Faso,BFA,Sub-Saharan Africa ,1973,5911927.0,5905388.022268653
Burkina Faso,BFA,Sub-Saharan Africa ,1974,6024904.0,6013208.307512736
Burkina Faso,BFA,Sub-Saharan Africa ,1975,6147569.0,6120836.984189907
Burkina Faso,BFA,Sub-Saharan Africa ,1976,6280635.0,6272731.41751117
Burkina Faso,BFA,Sub-Saharan Africa ,1977,6428734.0,6416581.253780936
Burkina Faso,BFA,Sub-Saharan Africa ,1978,6590984.0,6580325.2123448765
Burkina Faso,BFA,Sub-Saharan Africa ,1979,6763903.0,6757328.90586821
Burkina Faso,BFA,Sub-Saharan Africa ,1980,6947900.0,6941358.648803215
Burkina Faso,BFA,Sub-Saharan Africa ,1981,7140271.0,7101320.830413338
Burkina Faso,BFA,Sub-Saharan Africa ,1982,7340197.0,7306125.945221232
Burkina Faso,BFA,Sub-Saharan Africa ,1983,7551129.0,7518819.985108726
Burkina Faso,BFA,Sub-Saharan Africa ,1984,7772256.0,7742951.909024276
Burkina Faso,BFA,Sub-Saharan Africa ,1985,7999935.0,7977427.542497034
Burkina Faso,BFA,Sub-Saharan Africa ,1986,8228847.0,8217855.809611865
Burkina Faso,BFA,Sub-Saharan Africa ,1987,8457109.0,8457649.432969863
Burkina Faso,BFA,Sub-Saharan Africa ,1988,8687435.0,8694791.989553578
Burkina Faso,BFA,Sub-Saharan Africa ,1989,8921175.0,8941514.856483204
Burkina Faso,BFA,Sub-Saharan Africa ,1990,9159356.0,9161225.246839695
Burkina Faso,BFA,Sub-Saharan Africa ,1991,9394632.0,9403909.502588915
Burkina Faso,BFA,Sub-Saharan Africa ,1992,9629275.0,9635951.525308877
Burkina Faso,BFA,Sub-Saharan Africa ,1993,9871713.0,9893044.742698504
Burkina Faso,BFA,Sub-Saharan Africa ,1994,10123798.0,10137581.708876733
Burkina Faso,BFA,Sub-Saharan Africa ,1995,10386722.0,10392193.247291181
Burkina Faso,BFA,Sub-Saharan Africa ,1996,10655942.0,10658999.712560331
Burkina Faso,BFA,Sub-Saharan Africa ,1997,10934223.0,10933116.764404172
Burkina Faso,BFA,Sub-Saharan Africa ,1998,11240664.0,11212653.652118718
Burkina Faso,BFA,Sub-Saharan Africa ,1999,11574928.0,11555382.59933425
Burkina Faso,BFA,Sub-Saharan Africa ,2000,11925546.0,11919132.019152775
Burkina Faso,BFA,Sub-Saharan Africa ,2001,12295001.0,12282150.096106488
Burkina Faso,BFA,Sub-Saharan Africa ,2002,12680897.0,12675901.764723917
Burkina Faso,BFA,Sub-Saharan Africa ,2003,13082532.0,13038712.200643037
Burkina Faso,BFA,Sub-Saharan Africa ,2004,13500533.0,13460609.76691956
Burkina Faso,BFA,Sub-Saharan Africa ,2005,13932123.0,13899611.145286025
Burkina Faso,BFA,Sub-Saharan Africa ,2006,14373707.0,14351133.288190095
Burkina Faso,BFA,Sub-Saharan Africa ,2007,14816307.0,14815922.764045972
Burkina Faso,BFA,Sub-Saharan Africa ,2008,15258093.0,15275774.383389136
Burkina Faso,BFA,Sub-Saharan Africa ,2009,15710066.0,15754772.549614927
Burkina Faso,BFA,Sub-Saharan Africa ,2010,16176498.0,16175398.364260497
Burkina Faso,BFA,Sub-Saharan Africa ,2011,16661908.0,16656719.79912933
Burkina Faso,BFA,Sub-Saharan Africa ,2012,17172287.0,17175181.639488474
Burkina Faso,BFA,Sub-Saharan Africa ,2013,17695409.0,17699221.939502794
Burkina Faso,BFA,Sub-Saharan Africa ,2014,18229461.0,18236316.746216226
Burkina Faso,BFA,Sub-Saharan Africa ,2015,18777487.0,18777164.9506288
Burkina Faso,BFA,Sub-Saharan Africa ,2016,19334856.0,19343330.335321803
Burkina Faso,BFA,Sub-Saharan Africa ,2017,19894407.0,19915275.799763106
Burkina Faso,BFA,Sub-Saharan Africa ,2018,20438288.0,20470336.0726312
Burkina Faso,BFA,Sub-Saharan Africa ,2019,20961952.0,20997453.93775102
Burkina Faso,BFA,Sub-Saharan Africa ,2020,21478690.0,21499033.171122383
Burkina Faso,BFA,Sub-Saharan Africa ,2021,21995243.0,22008166.230135728
Burkina Faso,BFA,Sub-Saharan Africa ,2022,22509038.0,22524218.871585336
Burkina Faso,BFA,Sub-Saharan Africa ,2023,23025776.0,23118913.335973218
Burkina Faso,BFA,Sub-Saharan Africa ,2024,23548781.0,23631116.263425555
Bangladesh,BGD,South Asia,1970,69058894.0,69295058.00617783
Bangladesh,BGD,South Asia,1971,70276758.0,70869935.13940163
Bangladesh,BGD,South Asia,1972,71641519.0,71516099.2392893
Bangladesh,BGD,South Asia,1973,73722294.0,73032783.37885922
Bangladesh,BGD,South Asia,1974,75839348.0,75687681.21867852
Bangladesh,BGD,South Asia,1975,77854351.0,77853412.85915159
Bangladesh,BGD,South Asia,1976,79855318.0,79731292.79913945
Bangladesh,BGD,South Asia,1977,81867264.0,81682686.54868434
Bangladesh,BGD,South Asia,1978,83889655.0,83934617.11401527
Bangladesh,BGD,South Asia,1979,85935072.0,85969649.34464635
Bangladesh,BGD,South Asia,1980,88016432.0,88154856.10592963
Bangladesh,BGD,South Asia,1981,90303105.0,90502549.64181754
Bangladesh,BGD,South Asia,1982,92814507.0,92656071.17500322
Bangladesh,BGD,South Asia,1983,95335155.0,95084236.65151414
Bangladesh,BGD,South Asia,1984,97814966.0,97924258.53615351
Bangladesh,BGD,South Asia,1985,100253825.0,100359280.62390193
Bangladesh,BGD,South Asia,1986,102635572.0,102820564.27996634
Bangladesh,BGD,South Asia,1987,104959291.0,105247460.78461328
Bangladesh,BGD,South Asia,1988,107216008.0,107335620.12565896
Bangladesh,BGD,South Asia,1989,109433799.0,109521246.40249391
Bangladesh,BGD,South Asia,1990,111633717.0,111697465.58555909
Bangladesh,BGD,South Asia,1991,113787109.0,114295050.22466604
Bangladesh,BGD,South Asia,1992,115952192.0,116392459.5072524
Bangladesh,BGD,South Asia,1993,118132360.0,118503773.30019304
Bangladesh,BGD,South Asia,1994,120343179.0,120637011.81159903
Bangladesh,BGD,South Asia,1995,122600370.0,122812302.07357226
Bangladesh,BGD,South Asia,1996,124862179.0,125046329.7756702
Bangladesh,BGD,South Asia,1997,127198069.0,127297858.0163335
Bangladesh,BGD,South Asia,1998,129622332.0,129745950.8982266
Bangladesh,BGD,South Asia,1999,132108065.0,132104296.12864912
Bangladesh,BGD,South Asia,2000,134544304.0,134560083.86289227
Bangladesh,BGD,South Asia,2001,136805810.0,137070228.2054637
Bangladesh,BGD,South Asia,2002,138933658.0,139531982.242815
Bangladesh,BGD,South Asia,2003,140970351.0,141094602.09230146
Bangladesh,BGD,South Asia,2004,142902856.0,143036900.83133206
Bangladesh,BGD,South Asia,2005,144715786.0,144861852.92639655
Bangladesh,BGD,South Asia,2006,146405973.0,146551715.6511523
Bangladesh,BGD,South Asia,2007,147989278.0,148711618.55428877
Bangladesh,BGD,South Asia,2008,149474264.0,150184520.4218715
Bangladesh,BGD,South Asia,2009,150873714.0,151539688.65776303
Bangladesh,BGD,South Asia,2010,152201981.0,152806359.8982669
Bangladesh,BGD,South Asia,2011,153591076.0,154018501.09977376
Bangladesh,BGD,South Asia,2012,155070101.0,155312363.7566988
Bangladesh,BGD,South Asia,2013,156532141.0,156721905.01012504
Bangladesh,BGD,South Asia,2014,157964929.0,158127015.73701462
Bangladesh,BGD,South Asia,2015,159383179.0,159616056.71737
Bangladesh,BGD,South Asia,2016,160811932.0,160963362.84489554
Bangladesh,BGD,South Asia,2017,162186147.0,162359367.4543237
Bangladesh,BGD,South Asia,2018,163523103.0,163663703.88934302
Bangladesh,BGD,South Asia,2019,164913055.0,164871492.76918647
Bangladesh,BGD,South Asia,2020,166298024.0,166308199.24555945
Bangladesh,BGD,South Asia,2021,167658854.0,167773636.7236235
Bangladesh,BGD,South Asia,2022,169384897.0,169119651.79927677
Bangladesh,BGD,South Asia,2023,171466990.0,170725911.9378146
Bangladesh,BGD,South Asia,2024,173562364.0,173571292.15292093
Bulgaria,BGR,Europe & Central Asia,1970,8489574.0,8499609.075154893
Bulgaria,BGR,Europe & Central Asia,1971,8536395.0,8558684.309219114
Bulgaria,BGR,Europe & Central Asia,1972,8576200.0,8608098.72960595
Bulgaria,BGR,Europe & Central Asia,1973,8620967.0,8652537.293837039
Bulgaria,BGR,Europe & Central Asia,1974,8678745.0,8665967.679427795
Bulgaria,BGR,Europe & Central Asia,1975,8720742.0,8733119.970466392
Bulgaria,BGR,Europe & Central Asia,1976,8758599.0,8773784.337510465
Bulgaria,BGR,Europe & Central Asia,1977,8804183.0,8824621.605916256
Bulgaria,BGR,Europe & Central Asia,1978,8814032.0,8862320.439783612
Bulgaria,BGR,Europe & Central Asia,1979,8825940.0,8886804.793277752
Bulgaria,BGR,Europe & Central Asia,1980,8861535.0,8838201.335506368
Bulgaria,BGR,Europe & Central Asia,1981,8891117.0,8898417.581571296
Bulgaria,BGR,Europe & Central Asia,1982,8917457.0,8926840.25778578
Bulgaria,BGR,Europe & Central Asia,1983,8939738.0,8959754.457061626
Bulgaria,BGR,Europe & Central Asia,1984,8960679.0,8974683.520698676
Bulgaria,BGR,Europe & Central Asia,1985,8960547.0,8992301.308004009
Bulgaria,BGR,Europe & Central Asia,1986,8958171.0,9002292.14059583
Bulgaria,BGR,Europe & Central Asia,1987,8971359.0,8955807.691746524
Bulgaria,BGR,Europe & Central Asia,1988,8981446.0,8984319.26747936
Bulgaria,BGR,Europe & Central Asia,1989,8876972.0,8998929.748748576
Bulgaria,BGR,Europe & Central Asia,1990,8718289.0,8968332.33396618
Bulgaria,BGR,Europe & Central Asia,1991,8632367.0,8562442.5867885
Bulgaria,BGR,Europe & Central Asia,1992,8540164.0,8601258.243343769
Bulgaria,BGR,Europe & Central Asia,1993,8472313.0,8496884.141358973
Bulgaria,BGR,Europe & Central Asia,1994,8443591.0,8419720.209196968
Bulgaria,BGR,Europe & Central Asia,1995,8406067.0,8387961.631351109
Bulgaria,BGR,Europe & Central Asia,1996,8362826.0,8296845.350224356
Bulgaria,BGR,Europe & Central Asia,1997,8312068.0,8297812.026446548
Bulgaria,BGR,Europe & Central Asia,1998,8256786.0,8240842.65088463
Bulgaria,BGR,Europe & Central Asia,1999,8210624.0,8168041.100348933
Bulgaria,BGR,Europe & Central Asia,2000,8170172.0,8149471.660280582
Bulgaria,BGR,Europe & Central Asia,2001,8009142.0,8117938.311882049
Bulgaria,BGR,Europe & Central Asia,2002,7837161.0,8035735.5182233825
Bulgaria,BGR,Europe & Central Asia,2003,7775327.0,7668872.961818656
Bulgaria,BGR,Europe & Central Asia,2004,7716860.0,7704419.739766869
Bulgaria,BGR,Europe & Central Asia,2005,7658972.0,7643857.709011777
Bulgaria,BGR,Europe & Central Asia,2006,7601022.0,7566883.583909956
Bulgaria,BGR,Europe & Central Asia,2007,7545338.0,7484910.353397769
Bulgaria,BGR,Europe & Central Asia,2008,7492561.0,7470172.961522243
Bulgaria,BGR,Europe & Central Asia,2009,7444443.0,7416757.462395721
Bulgaria,BGR,Europe & Central Asia,2010,7395599.0,7328351.577897219
Bulgaria,BGR,Europe & Central Asia,2011,7348328.0,7312271.629177404
Bulgaria,BGR,Europe & Central Asia,2012,7305888.0,7295904.006526711
Bulgaria,BGR,Europe & Central Asia,2013,7160005.0,7261206.949813888
Bulgaria,BGR,Europe & Central Asia,2014,7073572.0,7162787.523316957
Bulgaria,BGR,Europe & Central Asia,2015,6984225.0,7011354.266408517
Bulgaria,BGR,Europe & Central Asia,2016,6894139.0,6918812.480141275
Bulgaria,BGR,Europe & Central Asia,2017,6803468.0,6825345.278060972
Bulgaria,BGR,Europe & Central Asia,2018,6710798.0,6730925.669779627
Bulgaria,BGR,Europe & Central Asia,2019,6616726.0,6652761.01278643
Bulgaria,BGR,Europe & Central Asia,2020,6550696.0,6545304.06947705
Bulgaria,BGR,Europe & Central Asia,2021,6507301.0,6453038.940620844
Bulgaria,BGR,Europe & Central Asia,2022,6465097.0,6385802.544686162
Bulgaria,BGR,Europe & Central Asia,2023,6446596.0,6423166.7201586105
Bulgaria,BGR,Europe & Central Asia,2024,6441421.0,6428147.942797805
Bahrain,BHR,"Middle East, North Africa, Afghanistan & Pakistan",1970,224809.0,225645.72314041038
Bahrain,BHR,"Middle East, North Africa, Afghanistan & Pakistan",1971,230733.0,227173.61287273513
Bahrain,BHR,"Middle East, North Africa, Afghanistan & Pakistan",1972,242113.0,237282.90898593218
Bahrain,BHR,"Middle East, North Africa, Afghanistan & Pakistan",1973,255320.0,247060.81364407574
Bahrain,BHR,"Middle East, North Africa, Afghanistan & Pakistan",1974,269038.0,269247.42746988963
Bahrain,BHR,"Middle East, North Africa, Afghanistan & Pakistan",1975,283243.0,283493.04970968957
Bahrain,BHR,"Middle East, North Africa, Afghanistan & Pakistan",1976,297863.0,298198.01311054314
Bahrain,BHR,"Middle East, North Africa, Afghanistan & Pakistan",1977,312823.0,308979.58579055016
Bahrain,BHR,"Middle East, North Africa, Afghanistan & Pakistan",1978,328046.0,325409.72040723625
Bahrain,BHR,"Middle East, North Africa, Afghanistan & Pakistan",1979,343457.0,340552.8221827182
Bahrain,BHR,"Middle East, North Africa, Afghanistan & Pakistan",1980,358978.0,361220.4499403632
Bahrain,BHR,"Middle East, North Africa, Afghanistan & Pakistan",1981,373524.0,375200.40206126607
Bahrain,BHR,"Middle East, North Africa, Afghanistan & Pakistan",1982,386983.0,388659.4125555787
Bahrain,BHR,"Middle East, North Africa, Afghanistan & Pakistan",1983,400707.0,400926.9613410267
Bahrain,BHR,"Middle East, North Africa, Afghanistan & Pakistan",1984,415154.0,414917.70915672515
Bahrain,BHR,"Middle East, North Africa, Afghanistan & Pakistan",1985,430358.0,433170.85416815104
Bahrain,BHR,"Middle East, North Africa, Afghanistan & Pakistan",1986,446286.0,448318.75939834013
Bahrain,BHR,"Middle East, North Africa, Afghanistan & Pakistan",1987,462854.0,464257.92423881503
Bahrain,BHR,"Middle East, North Africa, Afghanistan & Pakistan",1988,479929.0,482264.09541171155
Bahrain,BHR,"Middle East, North Africa, Afghanistan & Pakistan",1989,497327.0,498376.7884764299
Bahrain,BHR,"Middle East, North Africa, Afghanistan & Pakistan",1990,514797.0,515599.6843368343
Bahrain,BHR,"Middle East, North Africa, Afghanistan & Pakistan",1991,503052.0,533904.7233543223
Bahrain,BHR,"Middle East, North Africa, Afghanistan & Pakistan",1992,516458.0,540466.4715458314
Bahrain,BHR,"Middle East, North Africa, Afghanistan & Pakistan",1993,530225.0,531227.3001579395
Bahrain,BHR,"Middle East, North Africa, Afghanistan & Pakistan",1994,544366.0,544836.0503303026
Bahrain,BHR,"Middle East, North Africa, Afghanistan & Pakistan",1995,558879.0,562204.1207541695
Bahrain,BHR,"Middle East, North Africa, Afghanistan & Pakistan",1996,573792.0,571413.7204800984
Bahrain,BHR,"Middle East, North Africa, Afghanistan & Pakistan",1997,589115.0,582408.1870245241
Bahrain,BHR,"Middle East, North Africa, Afghanistan & Pakistan",1998,604842.0,595699.08591135
Bahrain,BHR,"Middle East, North Africa, Afghanistan & Pakistan",1999,620989.0,611805.5081792698
Bahrain,BHR,"Middle East, North Africa, Afghanistan & Pakistan",2000,637582.0,631256.2179011254
Bahrain,BHR,"Middle East, North Africa, Afghanistan & Pakistan",2001,661316.0,654598.6412925071
Bahrain,BHR,"Middle East, North Africa, Afghanistan & Pakistan",2002,710553.0,674804.0993970544
Bahrain,BHR,"Middle East, North Africa, Afghanistan & Pakistan",2003,764517.0,763455.8442404155
Bahrain,BHR,"Middle East, North Africa, Afghanistan & Pakistan",2004,823741.0,822579.3762883702
Bahrain,BHR,"Middle East, North Africa, Afghanistan & Pakistan",2005,888822.0,887552.8406199443
Bahrain,BHR,"Middle East, North Africa, Afghanistan & Pakistan",2006,960424.0,933108.7799725708
Bahrain,BHR,"Middle East, North Africa, Afghanistan & Pakistan",2007,1039295.0,1014023.1925863719
Bahrain,BHR,"Middle East, North Africa, Afghanistan & Pakistan",2008,1103496.0,1103724.1849959225
Bahrain,BHR,"Middle East, North Africa, Afghanistan & Pakistan",2009,1178415.0,1170005.1301058966
Bahrain,BHR,"Middle East, North Africa, Afghanistan & Pakistan",2010,1228543.0,1271230.2494108924
Bahrain,BHR,"Middle East, North Africa, Afghanistan & Pakistan",2011,1195020.0,1290044.50143435
Bahrain,BHR,"Middle East, North Africa, Afghanistan & Pakistan",2012,1208964.0,1162411.7383879528
Bahrain,BHR,"Middle East, North Africa, Afghanistan & Pakistan",2013,1253191.0,1207099.955920815
Bahrain,BHR,"Middle East, North Africa, Afghanistan & Pakistan",2014,1314562.0,1313000.6141119814
Bahrain,BHR,"Middle East, North Africa, Afghanistan & Pakistan",2015,1370322.0,1372984.2041102585
Bahrain,BHR,"Middle East, North Africa, Afghanistan & Pakistan",2016,1423726.0,1417900.7643545717
Bahrain,BHR,"Middle East, North Africa, Afghanistan & Pakistan",2017,1501116.0,1447439.188633961
Bahrain,BHR,"Middle East, North Africa, Afghanistan & Pakistan",2018,1503091.0,1501386.6850847017
Bahrain,BHR,"Middle East, North Africa, Afghanistan & Pakistan",2019,1483756.0,1544935.8739592491
Bahrain,BHR,"Middle East, North Africa, Afghanistan & Pakistan",2020,1472204.0,1576669.0617146618
Bahrain,BHR,"Middle East, North Africa, Afghanistan & Pakistan",2021,1504365.0,1460741.9391451671
Bahrain,BHR,"Middle East, North Africa, Afghanistan & Pakistan",2022,1524693.0,1541352.9311619946
Bahrain,BHR,"Middle East, North Africa, Afghanistan & Pakistan",2023,1577059.0,1558278.9497368098
Bahrain,BHR,"Middle East, North Africa, Afghanistan & Pakistan",2024,1588670.0,1597751.2047064353
"Bahamas, The",BHS,Latin America & Caribbean ,1970,184982.0,186594.68693613948
"Bahamas, The",BHS,Latin America & Caribbean ,1971,190857.0,194940.53799773552
"Bahamas, The",BHS,Latin America & Caribbean ,1972,196055.0,196918.5891450873
"Bahamas, The",BHS,Latin America & Caribbean ,1973,200791.0,201394.56780920734
"Bahamas, The",BHS,Latin America & Caribbean ,1974,205342.0,205641.40513513566
"Bahamas, The",BHS,Latin America & Caribbean ,1975,209886.0,209996.15005085207
"Bahamas, The",BHS,Latin America & Caribbean ,1976,214501.0,217095.4296963466
"Bahamas, The",BHS,Latin America & Caribbean ,1977,219157.0,221256.4219705015
"Bahamas, The",BHS,Latin America & Caribbean ,1978,223761.0,225416.83090033816
"Bahamas, The",BHS,Latin America & Caribbean ,1979,228230.0,231059.40327161722
"Bahamas, The",BHS,Latin America & Caribbean ,1980,232526.0,234698.7076327401
"Bahamas, The",BHS,Latin America & Caribbean ,1981,236614.0,238681.97705700636
"Bahamas, The",BHS,Latin America & Caribbean ,1982,240614.0,241609.5731663064
"Bahamas, The",BHS,Latin America & Caribbean ,1983,244698.0,244681.6206846028
"Bahamas, The",BHS,Latin America & Caribbean ,1984,248863.0,249511.80483787117
"Bahamas, The",BHS,Latin America & Caribbean ,1985,253154.0,253617.94817194052
"Bahamas, The",BHS,Latin America & Caribbean ,1986,257536.0,257858.92267907722
"Bahamas, The",BHS,Latin America & Caribbean ,1987,261935.0,262199.33754688816
"Bahamas, The",BHS,Latin America & Caribbean ,1988,266448.0,266717.82028238557
"Bahamas, The",BHS,Latin America & Caribbean ,1989,271178.0,271085.65402197995
"Bahamas, The",BHS,Latin America & Caribbean ,1990,275945.0,275710.1199787789
"Bahamas, The",BHS,Latin America & Caribbean ,1991,280731.0,280699.7396849313
"Bahamas, The",BHS,Latin America & Caribbean ,1992,285927.0,285582.33823298174
"Bahamas, The",BHS,Latin America & Caribbean ,1993,291339.0,290636.7578204111
"Bahamas, The",BHS,Latin America & Caribbean ,1994,296509.0,296797.3693788593
"Bahamas, The",BHS,Latin America & Caribbean ,1995,301461.0,301763.0222241642
"Bahamas, The",BHS,Latin America & Caribbean ,1996,306268.0,306894.0078540802
"Bahamas, The",BHS,Latin America & Caribbean ,1997,310904.0,311151.6508791539
"Bahamas, The",BHS,Latin America & Caribbean ,1998,315368.0,315610.17546191585
"Bahamas, The",BHS,Latin America & Caribbean ,1999,319614.0,319896.09469879203
"Bahamas, The",BHS,Latin America & Caribbean ,2000,323835.0,323946.1754708372
"Bahamas, The",BHS,Latin America & Caribbean ,2001,327836.0,329015.5301038936
"Bahamas, The",BHS,Latin America & Caribbean ,2002,331614.0,332860.93660069624
"Bahamas, The",BHS,Latin America & Caribbean ,2003,335618.0,336424.2116588892
"Bahamas, The",BHS,Latin America & Caribbean ,2004,339782.0,340270.20753879356
"Bahamas, The",BHS,Latin America & Caribbean ,2005,343894.0,344330.39187005215
"Bahamas, The",BHS,Latin America & Caribbean ,2006,348375.0,348351.3172145132
"Bahamas, The",BHS,Latin America & Caribbean ,2007,353334.0,352832.26871482754
"Bahamas, The",BHS,Latin America & Caribbean ,2008,358120.0,357269.66236292676
"Bahamas, The",BHS,Latin America & Caribbean ,2009,362810.0,362976.62505215436
"Bahamas, The",BHS,Latin America & Caribbean ,2010,367478.0,367419.613302719
"Bahamas, The",BHS,Latin America & Caribbean ,2011,371729.0,372168.5674825159
"Bahamas, The",BHS,Latin America & Caribbean ,2012,375469.0,376816.3757381915
"Bahamas, The",BHS,Latin America & Caribbean ,2013,378953.0,379246.62850544666
"Bahamas, The",BHS,Latin America & Caribbean ,2014,382298.0,382470.96857455163
"Bahamas, The",BHS,Latin America & Caribbean ,2015,385346.0,385719.9603173823
"Bahamas, The",BHS,Latin America & Caribbean ,2016,388055.0,389687.9406483973
"Bahamas, The",BHS,Latin America & Caribbean ,2017,390485.0,392116.6832396191
"Bahamas, The",BHS,Latin America & Caribbean ,2018,392717.0,394257.6002201656
"Bahamas, The",BHS,Latin America & Caribbean ,2019,394675.0,396194.4015095331
"Bahamas, The",BHS,Latin America & Caribbean ,2020,395863.0,397818.7985286155
"Bahamas, The",BHS,Latin America & Caribbean ,2021,396373.0,398639.49755012995
"Bahamas, The",BHS,Latin America & Caribbean ,2022,397538.0,398765.5968488883
"Bahamas, The",BHS,Latin America & Caribbean ,2023,399440.0,399657.5434339245
"Bahamas, The",BHS,Latin America & Caribbean ,2024,401283.0,401391.00857053633
Bosnia and Herzegovina,BIH,Europe & Central Asia,1970,3773247.0,3792311.7062252075
Bosnia and Herzegovina,BIH,Europe & Central Asia,1971,3809376.0,3823778.5644921768
Bosnia and Herzegovina,BIH,Europe & Central Asia,1972,3848271.0,3856854.4803543114
Bosnia and Herzegovina,BIH,Europe & Central Asia,1973,3887376.0,3893774.871159575
Bosnia and Herzegovina,BIH,Europe & Central Asia,1974,3926472.0,3931306.7984614326
Bosnia and Herzegovina,BIH,Europe & Central Asia,1975,3965743.0,3969111.920072649
Bosnia and Herzegovina,BIH,Europe & Central Asia,1976,4004552.0,4009254.293030792
Bosnia and Herzegovina,BIH,Europe & Central Asia,1977,4042124.0,4046057.6157152965
Bosnia and Herzegovina,BIH,Europe & Central Asia,1978,4078240.0,4083941.2887374847
Bosnia and Herzegovina,BIH,Europe & Central Asia,1979,4113300.0,4114698.01099897
Bosnia and Herzegovina,BIH,Europe & Central Asia,1980,4148426.0,4148673.2153313346
Bosnia and Herzegovina,BIH,Europe & Central Asia,1981,4184217.0,4184302.44342532
Bosnia and Herzegovina,BIH,Europe & Central Asia,1982,4221100.0,4223324.465017551
Bosnia and Herzegovina,BIH,Europe & Central Asia,1983,4258728.0,4259912.577134278
Bosnia and Herzegovina,BIH,Europe & Central Asia,1984,4295536.0,4297340.372404276
Bosnia and Herzegovina,BIH,Europe & Central Asia,1985,4330364.0,4334652.7805863945
Bosnia and Herzegovina,BIH,Europe & Central Asia,1986,4362115.0,4370111.426580043
Bosnia and Herzegovina,BIH,Europe & Central Asia,1987,4390246.0,4394138.080678977
Bosnia and Herzegovina,BIH,Europe & Central Asia,1988,4414404.0,4418599.755625644
Bosnia and Herzegovina,BIH,Europe & Central Asia,1989,4433983.0,4438694.93321803
Bosnia and Herzegovina,BIH,Europe & Central Asia,1990,4448652.0,4453648.837973804
Bosnia and Herzegovina,BIH,Europe & Central Asia,1991,4458343.0,4463369.529784835
Bosnia and Herzegovina,BIH,Europe & Central Asia,1992,4234616.0,4485507.272196935
Bosnia and Herzegovina,BIH,Europe & Central Asia,1993,3904482.0,4420381.227825439
Bosnia and Herzegovina,BIH,Europe & Central Asia,1994,3725412.0,3600085.508665516
Bosnia and Herzegovina,BIH,Europe & Central Asia,1995,3715564.0,3554554.6227065297
Bosnia and Herzegovina,BIH,Europe & Central Asia,1996,3875246.0,3649920.2340541496
Bosnia and Herzegovina,BIH,Europe & Central Asia,1997,4018227.0,3674591.7666917155
Bosnia and Herzegovina,BIH,Europe & Central Asia,1998,4089356.0,4166483.4280224154
Bosnia and Herzegovina,BIH,Europe & Central Asia,1999,4130305.0,4161744.0993869253
Bosnia and Herzegovina,BIH,Europe & Central Asia,2000,4159771.0,4171664.045404243
Bosnia and Herzegovina,BIH,Europe & Central Asia,2001,4179438.0,4127855.8688478903
Bosnia and Herzegovina,BIH,Europe & Central Asia,2002,4188002.0,4157524.4057561513
Bosnia and Herzegovina,BIH,Europe & Central Asia,2003,4178523.0,4300061.009936533
Bosnia and Herzegovina,BIH,Europe & Central Asia,2004,4140987.0,4232154.311351418
Bosnia and Herzegovina,BIH,Europe & Central Asia,2005,4096493.0,4191166.050106323
Bosnia and Herzegovina,BIH,Europe & Central Asia,2006,4063272.0,4121842.8591844086
Bosnia and Herzegovina,BIH,Europe & Central Asia,2007,4013424.0,4068308.0008942
Bosnia and Herzegovina,BIH,Europe & Central Asia,2008,3947544.0,4005074.5489997608
Bosnia and Herzegovina,BIH,Europe & Central Asia,2009,3879794.0,3927743.028675145
Bosnia and Herzegovina,BIH,Europe & Central Asia,2010,3811472.0,3849872.5671493504
Bosnia and Herzegovina,BIH,Europe & Central Asia,2011,3741798.0,3772641.091594289
Bosnia and Herzegovina,BIH,Europe & Central Asia,2012,3670113.0,3695251.938507424
Bosnia and Herzegovina,BIH,Europe & Central Asia,2013,3610859.0,3617587.6261524814
Bosnia and Herzegovina,BIH,Europe & Central Asia,2014,3564829.0,3556312.78475119
Bosnia and Herzegovina,BIH,Europe & Central Asia,2015,3518541.0,3505181.1368644657
Bosnia and Herzegovina,BIH,Europe & Central Asia,2016,3473003.0,3446235.7695586705
Bosnia and Herzegovina,BIH,Europe & Central Asia,2017,3428682.0,3428054.366267937
Bosnia and Herzegovina,BIH,Europe & Central Asia,2018,3387000.0,3384926.605889866
Bosnia and Herzegovina,BIH,Europe & Central Asia,2019,3345533.0,3336270.136267255
Bosnia and Herzegovina,BIH,Europe & Central Asia,2020,3299349.0,3297381.843672949
Bosnia and Herzegovina,BIH,Europe & Central Asia,2021,3244907.0,3250436.867638596
Bosnia and Herzegovina,BIH,Europe & Central Asia,2022,3204802.0,3209380.561903225
Bosnia and Herzegovina,BIH,Europe & Central Asia,2023,3185073.0,3166849.1888262904
Bosnia and Herzegovina,BIH,Europe & Central Asia,2024,3164253.0,3131884.417822133
Belarus,BLR,Europe & Central Asia,1970,9040000.0,9050944.757575167
Belarus,BLR,Europe & Central Asia,1971,9115576.0,9120488.855183044
Belarus,BLR,Europe & Central Asia,1972,9188968.0,9191822.633021006
Belarus,BLR,Europe & Central Asia,1973,9257272.0,9263418.957009498
Belarus,BLR,Europe & Central Asia,1974,9317584.0,9327468.1960047
Belarus,BLR,Europe & Central Asia,1975,9367000.0,9378288.938663738
Belarus,BLR,Europe & Central Asia,1976,9411000.0,9444763.127681881
Belarus,BLR,Europe & Central Asia,1977,9463000.0,9483314.670728652
Belarus,BLR,Europe & Central Asia,1978,9525000.0,9530816.871841304
Belarus,BLR,Europe & Central Asia,1979,9584000.0,9589903.140167225
Belarus,BLR,Europe & Central Asia,1980,9643000.0,9646436.356710676
Belarus,BLR,Europe & Central Asia,1981,9710000.0,9702201.755445676
Belarus,BLR,Europe & Central Asia,1982,9776000.0,9758554.326410756
Belarus,BLR,Europe & Central Asia,1983,9843000.0,9842507.461878482
Belarus,BLR,Europe & Central Asia,1984,9910000.0,9903142.480538184
Belarus,BLR,Europe & Central Asia,1985,9975000.0,9963610.349195441
Belarus,BLR,Europe & Central Asia,1986,10043000.0,10036385.278862478
Belarus,BLR,Europe & Central Asia,1987,10111000.0,10109590.159219787
Belarus,BLR,Europe & Central Asia,1988,10140000.0,10177270.857490657
Belarus,BLR,Europe & Central Asia,1989,10170000.0,10231955.797093209
Belarus,BLR,Europe & Central Asia,1990,10189348.0,10201682.28055632
Belarus,BLR,Europe & Central Asia,1991,10194050.0,10209365.905271303
Belarus,BLR,Europe & Central Asia,1992,10216470.0,10198754.17029181
Belarus,BLR,Europe & Central Asia,1993,10239050.0,10258812.596627953
Belarus,BLR,Europe & Central Asia,1994,10226955.0,10276341.07962537
Belarus,BLR,Europe & Central Asia,1995,10193831.0,10296506.267116752
Belarus,BLR,Europe & Central Asia,1996,10159569.0,10266439.48514036
Belarus,BLR,Europe & Central Asia,1997,10117433.0,10125422.156121135
Belarus,BLR,Europe & Central Asia,1998,10071963.0,10114923.805225814
Belarus,BLR,Europe & Central Asia,1999,10026738.0,10061125.589336133
Belarus,BLR,Europe & Central Asia,2000,9979610.0,10008823.990531288
Belarus,BLR,Europe & Central Asia,2001,9928549.0,9956164.83350181
Belarus,BLR,Europe & Central Asia,2002,9865548.0,9923072.979645137
Belarus,BLR,Europe & Central Asia,2003,9796749.0,9850348.392518003
Belarus,BLR,Europe & Central Asia,2004,9730146.0,9750189.723669987
Belarus,BLR,Europe & Central Asia,2005,9663915.0,9680022.754090318
Belarus,BLR,Europe & Central Asia,2006,9604924.0,9610416.191207433
Belarus,BLR,Europe & Central Asia,2007,9560953.0,9549616.976652285
Belarus,BLR,Europe & Central Asia,2008,9527985.0,9500146.543767497
Belarus,BLR,Europe & Central Asia,2009,9504583.0,9495130.67972381
Belarus,BLR,Europe & Central Asia,2010,9483836.0,9481238.478167018
Belarus,BLR,Europe & Central Asia,2011,9461643.0,9462224.383889705
Belarus,BLR,Europe & Central Asia,2012,9446836.0,9417817.486777086
Belarus,BLR,Europe & Central Asia,2013,9443211.0,9408735.18662639
Belarus,BLR,Europe & Central Asia,2014,9448515.0,9411857.402435089
Belarus,BLR,Europe & Central Asia,2015,9461076.0,9424888.698999977
Belarus,BLR,Europe & Central Asia,2016,9469379.0,9445086.950409213
Belarus,BLR,Europe & Central Asia,2017,9458989.0,9459170.61510993
Belarus,BLR,Europe & Central Asia,2018,9438785.0,9451359.036399385
Belarus,BLR,Europe & Central Asia,2019,9419758.0,9431581.239504196
Belarus,BLR,Europe & Central Asia,2020,9379952.0,9412736.66844438
Belarus,BLR,Europe & Central Asia,2021,9302585.0,9340314.213080706
Belarus,BLR,Europe & Central Asia,2022,9228071.0,9225856.133914648
Belarus,BLR,Europe & Central Asia,2023,9178298.0,9154153.858845817
Belarus,BLR,Europe & Central Asia,2024,9132629.0,9148742.707386296
Belize,BLZ,Latin America & Caribbean ,1970,120736.0,121455.11594836708
Belize,BLZ,Latin America & Caribbean ,1971,122805.0,124759.8328583329
Belize,BLZ,Latin America & Caribbean ,1972,124676.0,124909.4555676816
Belize,BLZ,Latin America & Caribbean ,1973,126445.0,126575.50568791835
Belize,BLZ,Latin America & Caribbean ,1974,128185.0,128239.09994940151
Belize,BLZ,Latin America & Caribbean ,1975,130387.0,131103.51667301005
Belize,BLZ,Latin America & Caribbean ,1976,133099.0,133157.7242418019
Belize,BLZ,Latin America & Caribbean ,1977,135887.0,135774.46766890876
Belize,BLZ,Latin America & Caribbean ,1978,138713.0,138024.32867375642
Belize,BLZ,Latin America & Caribbean ,1979,141678.0,141222.3468653647
Belize,BLZ,Latin America & Caribbean ,1980,145062.0,144706.37707675327
Belize,BLZ,Latin America & Caribbean ,1981,148786.0,147771.66668126802
Belize,BLZ,Latin America & Caribbean ,1982,152548.0,151737.557791375
Belize,BLZ,Latin America & Caribbean ,1983,156297.0,155762.32834258172
Belize,BLZ,Latin America & Caribbean ,1984,160044.0,159777.14957889123
Belize,BLZ,Latin America & Caribbean ,1985,163796.0,163729.60624508842
Belize,BLZ,Latin America & Caribbean ,1986,167554.0,167616.92466189136
Belize,BLZ,Latin America & Caribbean ,1987,171338.0,171648.84403408805
Belize,BLZ,Latin America & Caribbean ,1988,175180.0,175782.16624537855
Belize,BLZ,Latin America & Caribbean ,1989,179107.0,179108.259758284
Belize,BLZ,Latin America & Caribbean ,1990,183076.0,183351.95930619424
Belize,BLZ,Latin America & Caribbean ,1991,187040.0,187344.63566548255
Belize,BLZ,Latin America & Caribbean ,1992,190983.0,191325.78816282487
Belize,BLZ,Latin America & Caribbean ,1993,194902.0,195285.20147431165
Belize,BLZ,Latin America & Caribbean ,1994,199097.0,199217.8986425515
Belize,BLZ,Latin America & Caribbean ,1995,204146.0,203462.0267441025
Belize,BLZ,Latin America & Caribbean ,1996,210310.0,208291.06255101573
Belize,BLZ,Latin America & Caribbean ,1997,217446.0,216660.11625586354
Belize,BLZ,Latin America & Caribbean ,1998,225173.0,224824.13062460665
Belize,BLZ,Latin America & Caribbean ,1999,233059.0,233174.58094525084
Belize,BLZ,Latin America & Caribbean ,2000,240799.0,241221.1831945168
Belize,BLZ,Latin America & Caribbean ,2001,248379.0,247654.26466686837
Belize,BLZ,Latin America & Caribbean ,2002,256009.0,255737.78042056653
Belize,BLZ,Latin America & Caribbean ,2003,263780.0,263788.927255734
Belize,BLZ,Latin America & Caribbean ,2004,271688.0,272963.05749134364
Belize,BLZ,Latin America & Caribbean ,2005,279731.0,279833.0781136229
Belize,BLZ,Latin America & Caribbean ,2006,287878.0,288738.50793620304
Belize,BLZ,Latin America & Caribbean ,2007,296100.0,296997.6714252266
Belize,BLZ,Latin America & Caribbean ,2008,304361.0,305297.82353409985
Belize,BLZ,Latin America & Caribbean ,2009,312614.0,313541.5468877177
Belize,BLZ,Latin America & Caribbean ,2010,320245.0,321816.3614949477
Belize,BLZ,Latin America & Caribbean ,2011,327298.0,328062.274997048
Belize,BLZ,Latin America & Caribbean ,2012,334414.0,334506.3336225659
Belize,BLZ,Latin America & Caribbean ,2013,341627.0,341684.713605013
Belize,BLZ,Latin America & Caribbean ,2014,348923.0,350433.807345414
Belize,BLZ,Latin America & Caribbean ,2015,356333.0,357597.6667296531
Belize,BLZ,Latin America & Caribbean ,2016,364705.0,364880.4145598187
Belize,BLZ,Latin America & Caribbean ,2017,373202.0,373248.6269641962
Belize,BLZ,Latin America & Caribbean ,2018,380226.0,381516.39441158256
Belize,BLZ,Latin America & Caribbean ,2019,385829.0,389127.6582228457
Belize,BLZ,Latin America & Caribbean ,2020,390812.0,391514.56570042175
Belize,BLZ,Latin America & Caribbean ,2021,395346.0,395859.3556915633
Belize,BLZ,Latin America & Caribbean ,2022,402733.0,399932.60115063906
Belize,BLZ,Latin America & Caribbean ,2023,411106.0,410164.2203623144
Belize,BLZ,Latin America & Caribbean ,2024,417072.0,418665.9801557444
Bermuda,BMU,North America,1970,52124.0,52224.14165391291
Bermuda,BMU,North America,1971,52607.0,53233.540928798575
Bermuda,BMU,North America,1972,52803.0,53094.475668341714
Bermuda,BMU,North America,1973,52946.0,52999.73025285938
Bermuda,BMU,North America,1974,53056.0,53089.387267715036
Bermuda,BMU,North America,1975,53129.0,53717.03233812262
Bermuda,BMU,North America,1976,53210.0,53665.68747149723
Bermuda,BMU,North America,1977,53322.0,53637.33215887436
Bermuda,BMU,North America,1978,53431.0,53656.47544980792
Bermuda,BMU,North America,1979,53517.0,53858.15539285921
Bermuda,BMU,North America,1980,53673.0,53744.79090060012
Bermuda,BMU,North America,1981,53997.0,53768.540463544006
Bermuda,BMU,North America,1982,54387.0,54322.95583722778
Bermuda,BMU,North America,1983,54777.0,54779.81682280818
Bermuda,BMU,North America,1984,55169.0,55169.79662528879
Bermuda,BMU,North America,1985,55547.0,55400.48133825372
Bermuda,BMU,North America,1986,55889.0,55813.02631344149
Bermuda,BMU,North America,1987,56265.0,56181.57133448768
Bermuda,BMU,North America,1988,56699.0,56531.72316956939
Bermuda,BMU,North America,1989,57129.0,57021.42511906671
Bermuda,BMU,North America,1990,57559.0,57486.282700660435
Bermuda,BMU,North America,1991,57984.0,57992.257699580136
Bermuda,BMU,North America,1992,58407.0,58412.24411861023
Bermuda,BMU,North America,1993,58816.0,58824.853466933375
Bermuda,BMU,North America,1994,59194.0,59235.87473171643
Bermuda,BMU,North America,1995,59526.0,59658.98538384435
Bermuda,BMU,North America,1996,59813.0,59860.424465895594
Bermuda,BMU,North America,1997,60177.0,60112.87073308083
Bermuda,BMU,North America,1998,60639.0,60576.536666900916
Bermuda,BMU,North America,1999,61124.0,61041.700358196176
Bermuda,BMU,North America,2000,61550.0,61446.02529026828
Bermuda,BMU,North America,2001,61867.0,61978.96898421066
Bermuda,BMU,North America,2002,62142.0,62264.29262335021
Bermuda,BMU,North America,2003,62386.0,62418.222380543964
Bermuda,BMU,North America,2004,62555.0,62630.95806457999
Bermuda,BMU,North America,2005,62711.0,62724.457813967536
Bermuda,BMU,North America,2006,62834.0,62868.170025693726
Bermuda,BMU,North America,2007,63010.0,63136.19963114466
Bermuda,BMU,North America,2008,63300.0,63279.47089476474
Bermuda,BMU,North America,2009,63565.0,63575.36160751066
Bermuda,BMU,North America,2010,63725.0,63733.415103736515
Bermuda,BMU,North America,2011,63733.0,63907.632926935774
Bermuda,BMU,North America,2012,63646.0,64024.94209915206
Bermuda,BMU,North America,2013,63574.0,63559.11876305726
Bermuda,BMU,North America,2014,63529.0,63502.081448447265
Bermuda,BMU,North America,2015,63464.0,63484.0318516629
Bermuda,BMU,North America,2016,63449.0,63534.40871968913
Bermuda,BMU,North America,2017,63578.0,63498.169541557865
Bermuda,BMU,North America,2018,63831.0,63546.27628000351
Bermuda,BMU,North America,2019,64107.0,64068.81507686857
Bermuda,BMU,North America,2020,64382.0,64384.19340219965
Bermuda,BMU,North America,2021,64648.0,64658.17966879601
Bermuda,BMU,North America,2022,64749.0,64760.38780232254
Bermuda,BMU,North America,2023,64698.0,64880.87853029122
Bermuda,BMU,North America,2024,64636.0,64988.76464750379
Bolivia,BOL,Latin America & Caribbean ,1970,4590010.0,4585240.824579021
Bolivia,BOL,Latin America & Caribbean ,1971,4694342.0,4690262.95986815
Bolivia,BOL,Latin America & Caribbean ,1972,4800978.0,4797861.941453717
Bolivia,BOL,Latin America & Caribbean ,1973,4910200.0,4907712.930148986
Bolivia,BOL,Latin America & Caribbean ,1974,5022475.0,5020132.039800583
Bolivia,BOL,Latin America & Caribbean ,1975,5137539.0,5133469.136250306
Bolivia,BOL,Latin America & Caribbean ,1976,5256496.0,5252156.752890817
Bolivia,BOL,Latin America & Caribbean ,1977,5379166.0,5376144.136254766
Bolivia,BOL,Latin America & Caribbean ,1978,5504123.0,5504368.878266049
Bolivia,BOL,Latin America & Caribbean ,1979,5630849.0,5631953.504916277
Bolivia,BOL,Latin America & Caribbean ,1980,5758900.0,5760179.962027318
Bolivia,BOL,Latin America & Caribbean ,1981,5888109.0,5891192.1897702385
Bolivia,BOL,Latin America & Caribbean ,1982,6018088.0,6020235.71146833
Bolivia,BOL,Latin America & Caribbean ,1983,6149060.0,6150959.870379118
Bolivia,BOL,Latin America & Caribbean ,1984,6281868.0,6282900.187961228
Bolivia,BOL,Latin America & Caribbean ,1985,6416185.0,6418161.601224865
Bolivia,BOL,Latin America & Caribbean ,1986,6552479.0,6559928.736592482
Bolivia,BOL,Latin America & Caribbean ,1987,6692162.0,6697747.334410138
Bolivia,BOL,Latin America & Caribbean ,1988,6835508.0,6839094.777377186
Bolivia,BOL,Latin America & Caribbean ,1989,6981766.0,6984360.071901757
Bolivia,BOL,Latin America & Caribbean ,1990,7130142.0,7132842.001910094
Bolivia,BOL,Latin America & Caribbean ,1991,7280289.0,7285211.944145367
Bolivia,BOL,Latin America & Caribbean ,1992,7430336.0,7438194.333089215
Bolivia,BOL,Latin America & Caribbean ,1993,7579195.0,7593126.755999541
Bolivia,BOL,Latin America & Caribbean ,1994,7727322.0,7731328.35601669
Bolivia,BOL,Latin America & Caribbean ,1995,7874676.0,7878556.179482872
Bolivia,BOL,Latin America & Caribbean ,1996,8021736.0,8025564.642613167
Bolivia,BOL,Latin America & Caribbean ,1997,8167900.0,8173843.595601587
Bolivia,BOL,Latin America & Caribbean ,1998,8313394.0,8331197.9430981055
Bolivia,BOL,Latin America & Caribbean ,1999,8459806.0,8476216.442797098
Bolivia,BOL,Latin America & Caribbean ,2000,8606326.0,8622137.68786747
Bolivia,BOL,Latin America & Caribbean ,2001,8752736.0,8767889.250629405
Bolivia,BOL,Latin America & Caribbean ,2002,8900355.0,8913545.720667196
Bolivia,BOL,Latin America & Caribbean ,2003,9050700.0,9060736.568060776
Bolivia,BOL,Latin America & Caribbean ,2004,9204287.0,9211109.563552381
Bolivia,BOL,Latin America & Caribbean ,2005,9360754.0,9365257.14078521
Bolivia,BOL,Latin America & Caribbean ,2006,9521689.0,9522708.523555726
Bolivia,BOL,Latin America & Caribbean ,2007,9685960.0,9686577.472378882
Bolivia,BOL,Latin America & Caribbean ,2008,9850858.0,9849991.367947275
Bolivia,BOL,Latin America & Caribbean ,2009,10016275.0,10018899.835391462
Bolivia,BOL,Latin America & Caribbean ,2010,10182345.0,10186562.841091549
Bolivia,BOL,Latin America & Caribbean ,2011,10348929.0,10351189.130716916
Bolivia,BOL,Latin America & Caribbean ,2012,10515807.0,10518261.625291279
Bolivia,BOL,Latin America & Caribbean ,2013,10682608.0,10685527.74949686
Bolivia,BOL,Latin America & Caribbean ,2014,10848888.0,10852736.576942397
Bolivia,BOL,Latin America & Caribbean ,2015,11014705.0,11028253.375595959
Bolivia,BOL,Latin America & Caribbean ,2016,11180020.0,11194478.535198804
Bolivia,BOL,Latin America & Caribbean ,2017,11344587.0,11359705.810472636
Bolivia,BOL,Latin America & Caribbean ,2018,11508368.0,11524014.389451412
Bolivia,BOL,Latin America & Caribbean ,2019,11671386.0,11687374.985091528
Bolivia,BOL,Latin America & Caribbean ,2020,11816299.0,11849796.813977713
Bolivia,BOL,Latin America & Caribbean ,2021,11937360.0,11991828.0543413
Bolivia,BOL,Latin America & Caribbean ,2022,12077154.0,12059661.301699435
Bolivia,BOL,Latin America & Caribbean ,2023,12244159.0,12218072.89993893
Bolivia,BOL,Latin America & Caribbean ,2024,12413315.0,12409867.210852722
Brazil,BRA,Latin America & Caribbean ,1970,95375651.0,95679105.29080386
Brazil,BRA,Latin America & Caribbean ,1971,97739273.0,98015509.28793365
Brazil,BRA,Latin America & Caribbean ,1972,100146797.0,100383494.09200692
Brazil,BRA,Latin America & Caribbean ,1973,102600976.0,102798298.35935992
Brazil,BRA,Latin America & Caribbean ,1974,105089675.0,105261921.21246627
Brazil,BRA,Latin America & Caribbean ,1975,107619565.0,107767353.34179108
Brazil,BRA,Latin America & Caribbean ,1976,110213349.0,110320176.60233876
Brazil,BRA,Latin America & Caribbean ,1977,112875292.0,112941281.59143898
Brazil,BRA,Latin America & Caribbean ,1978,115600942.0,115646450.86795686
Brazil,BRA,Latin America & Caribbean ,1979,118380821.0,118422902.05314292
Brazil,BRA,Latin America & Caribbean ,1980,121207461.0,121257586.71755408
Brazil,BRA,Latin America & Caribbean ,1981,124063109.0,124183371.65959072
Brazil,BRA,Latin America & Caribbean ,1982,126923155.0,127119253.01761654
Brazil,BRA,Latin America & Caribbean ,1983,129790077.0,129861770.14913996
Brazil,BRA,Latin America & Caribbean ,1984,132658864.0,132725310.26726727
Brazil,BRA,Latin America & Caribbean ,1985,135515595.0,135602023.70075682
Brazil,BRA,Latin America & Caribbean ,1986,138336370.0,138465829.71784014
Brazil,BRA,Latin America & Caribbean ,1987,141104944.0,141215859.80728388
Brazil,BRA,Latin America & Caribbean ,1988,143826357.0,144267151.81145158
Brazil,BRA,Latin America & Caribbean ,1989,146502972.0,146973560.9210344
Brazil,BRA,Latin America & Caribbean ,1990,149143223.0,149621085.9145349
Brazil,BRA,Latin America & Caribbean ,1991,151724256.0,152227675.08875823
Brazil,BRA,Latin America & Caribbean ,1992,154275079.0,154763235.48949668
Brazil,BRA,Latin America & Caribbean ,1993,156794577.0,157266115.9673312
Brazil,BRA,Latin America & Caribbean ,1994,159265006.0,159735725.7707181
Brazil,BRA,Latin America & Caribbean ,1995,161735073.0,162150208.17322528
Brazil,BRA,Latin America & Caribbean ,1996,164202549.0,164569420.77490318
Brazil,BRA,Latin America & Caribbean ,1997,166661659.0,166993149.49784794
Brazil,BRA,Latin America & Caribbean ,1998,169159655.0,169412914.57362902
Brazil,BRA,Latin America & Caribbean ,1999,171641543.0,171884947.3561027
Brazil,BRA,Latin America & Caribbean ,2000,174018282.0,174342970.795295
Brazil,BRA,Latin America & Caribbean ,2001,176301203.0,176690681.81492087
Brazil,BRA,Latin America & Caribbean ,2002,178503484.0,178936619.11745343
Brazil,BRA,Latin America & Caribbean ,2003,180622688.0,180733274.9775915
Brazil,BRA,Latin America & Caribbean ,2004,182675143.0,182767051.3194965
Brazil,BRA,Latin America & Caribbean ,2005,184688101.0,184750920.49630156
Brazil,BRA,Latin America & Caribbean ,2006,186653106.0,187118472.6028469
Brazil,BRA,Latin America & Caribbean ,2007,188552320.0,189017421.8477973
Brazil,BRA,Latin America & Caribbean ,2008,190367302.0,190841609.1033566
Brazil,BRA,Latin America & Caribbean ,2009,192079951.0,192571943.1982444
Brazil,BRA,Latin America & Caribbean ,2010,193701929.0,194201035.23646295
Brazil,BRA,Latin America & Caribbean ,2011,195284734.0,195740368.99176654
Brazil,BRA,Latin America & Caribbean ,2012,196876111.0,197245881.89899516
Brazil,BRA,Latin America & Caribbean ,2013,198478299.0,198771401.2823451
Brazil,BRA,Latin America & Caribbean ,2014,200085127.0,200317531.8601564
Brazil,BRA,Latin America & Caribbean ,2015,201675532.0,201873958.66561377
Brazil,BRA,Latin America & Caribbean ,2016,203218114.0,203424088.21600777
Brazil,BRA,Latin America & Caribbean ,2017,204703445.0,205088851.82215557
Brazil,BRA,Latin America & Caribbean ,2018,206107261.0,206555905.52469867
Brazil,BRA,Latin America & Caribbean ,2019,207455459.0,207557730.1958867
Brazil,BRA,Latin America & Caribbean ,2020,208660842.0,208827057.08586794
Brazil,BRA,Latin America & Caribbean ,2021,209550294.0,209920336.98041663
Brazil,BRA,Latin America & Caribbean ,2022,210306415.0,210510167.80552122
Brazil,BRA,Latin America & Caribbean ,2023,211140729.0,211163279.95500675
Brazil,BRA,Latin America & Caribbean ,2024,211998573.0,212406234.95657358
Barbados,BRB,Latin America & Caribbean ,1970,249387.0,250351.28808116002
Barbados,BRB,Latin America & Caribbean ,1971,249168.0,249330.01305974709
Barbados,BRB,Latin America & Caribbean ,1972,249658.0,248949.19230847512
Barbados,BRB,Latin America & Caribbean ,1973,250322.0,251040.04351799813
Barbados,BRB,Latin America & Caribbean ,1974,250777.0,251500.83866492315
Barbados,BRB,Latin America & Caribbean ,1975,251175.0,251723.65259132817
Barbados,BRB,Latin America & Caribbean ,1976,251442.0,252098.83865102514
Barbados,BRB,Latin America & Caribbean ,1977,251626.0,251960.797709102
Barbados,BRB,Latin America & Caribbean ,1978,251551.0,252031.3905773694
Barbados,BRB,Latin America & Caribbean ,1979,251269.0,252159.36019584627
Barbados,BRB,Latin America & Caribbean ,1980,251524.0,251088.99001578902
Barbados,BRB,Latin America & Caribbean ,1981,252270.0,251787.081155699
Barbados,BRB,Latin America & Caribbean ,1982,253095.0,252353.79710542847
Barbados,BRB,Latin America & Caribbean ,1983,253992.0,253922.69800606344
Barbados,BRB,Latin America & Caribbean ,1984,254920.0,254892.17907704445
Barbados,BRB,Latin America & Caribbean ,1985,255820.0,255851.39059477145
Barbados,BRB,Latin America & Caribbean ,1986,256618.0,256311.12174511276
Barbados,BRB,Latin America & Caribbean ,1987,257279.0,257179.17759839326
Barbados,BRB,Latin America & Caribbean ,1988,257763.0,257830.34526635075
Barbados,BRB,Latin America & Caribbean ,1989,258109.0,258800.78197524967
Barbados,BRB,Latin America & Caribbean ,1990,258582.0,258456.6694082277
Barbados,BRB,Latin America & Caribbean ,1991,259373.0,259036.4681525987
Barbados,BRB,Latin America & Caribbean ,1992,260267.0,260079.50648089845
Barbados,BRB,Latin America & Caribbean ,1993,261027.0,260972.52519314003
Barbados,BRB,Latin America & Caribbean ,1994,261620.0,261713.96991528574
Barbados,BRB,Latin America & Caribbean ,1995,262039.0,262272.7370540814
Barbados,BRB,Latin America & Caribbean ,1996,262284.0,262460.4650962954
Barbados,BRB,Latin America & Caribbean ,1997,262392.0,262529.2290741509
Barbados,BRB,Latin America & Caribbean ,1998,262436.0,262500.04447441077
Barbados,BRB,Latin America & Caribbean ,1999,262517.0,262480.0073790907
Barbados,BRB,Latin America & Caribbean ,2000,262063.0,262957.46396901656
Barbados,BRB,Latin America & Caribbean ,2001,262425.0,262367.385263514
Barbados,BRB,Latin America & Caribbean ,2002,264148.0,262654.95720201137
Barbados,BRB,Latin America & Caribbean ,2003,265776.0,263447.3734686979
Barbados,BRB,Latin America & Caribbean ,2004,267298.0,267414.0337337338
Barbados,BRB,Latin America & Caribbean ,2005,268706.0,268839.40332016494
Barbados,BRB,Latin America & Caribbean ,2006,270002.0,269428.9725575237
Barbados,BRB,Latin America & Caribbean ,2007,271288.0,270860.9619078881
Barbados,BRB,Latin America & Caribbean ,2008,272714.0,272288.7687780165
Barbados,BRB,Latin America & Caribbean ,2009,274123.0,273735.1065326178
Barbados,BRB,Latin America & Caribbean ,2010,275243.0,275613.5669262481
Barbados,BRB,Latin America & Caribbean ,2011,276139.0,277031.208548311
Barbados,BRB,Latin America & Caribbean ,2012,276938.0,278010.13781957584
Barbados,BRB,Latin America & Caribbean ,2013,277665.0,277846.28821389534
Barbados,BRB,Latin America & Caribbean ,2014,278348.0,278393.90847593313
Barbados,BRB,Latin America & Caribbean ,2015,278990.0,279039.6218068101
Barbados,BRB,Latin America & Caribbean ,2016,279598.0,280008.80894338415
Barbados,BRB,Latin America & Caribbean ,2017,280171.0,280538.38572043827
Barbados,BRB,Latin America & Caribbean ,2018,280711.0,281043.14855007717
Barbados,BRB,Latin America & Caribbean ,2019,281207.0,281476.872259762
Barbados,BRB,Latin America & Caribbean ,2020,281698.0,281878.42415397096
Barbados,BRB,Latin America & Caribbean ,2021,282147.0,282323.1669227782
Barbados,BRB,Latin America & Caribbean ,2022,282318.0,282732.4571756059
Barbados,BRB,Latin America & Caribbean ,2023,282336.0,282841.64354259137
Barbados,BRB,Latin America & Caribbean ,2024,282467.0,282432.10100264393
Brunei Darussalam,BRN,East Asia & Pacific,1970,135138.0,136886.20776777412
Brunei Darussalam,BRN,East Asia & Pacific,1971,137921.0,138933.69942082415
Brunei Darussalam,BRN,East Asia & Pacific,1972,142189.0,140761.31246265085
Brunei Darussalam,BRN,East Asia & Pacific,1973,147369.0,147670.94136226026
Brunei Darussalam,BRN,East Asia & Pacific,1974,152656.0,152876.8324608133
Brunei Darussalam,BRN,East Asia & Pacific,1975,158070.0,158183.47622291214
Brunei Darussalam,BRN,East Asia & Pacific,1976,163607.0,163310.22951718906
Brunei Darussalam,BRN,East Asia & Pacific,1977,169277.0,168343.4469930216
Brunei Darussalam,BRN,East Asia & Pacific,1978,174884.0,174887.97647386027
Brunei Darussalam,BRN,East Asia & Pacific,1979,180422.0,180521.2067623025
Brunei Darussalam,BRN,East Asia & Pacific,1980,186111.0,186611.5074169933
Brunei Darussalam,BRN,East Asia & Pacific,1981,191977.0,192414.8567761904
Brunei Darussalam,BRN,East Asia & Pacific,1982,198165.0,198491.1319640389
Brunei Darussalam,BRN,East Asia & Pacific,1983,204741.0,204794.445389088
Brunei Darussalam,BRN,East Asia & Pacific,1984,211661.0,211528.9571623599
Brunei Darussalam,BRN,East Asia & Pacific,1985,218919.0,218467.5269611006
Brunei Darussalam,BRN,East Asia & Pacific,1986,226495.0,226117.0915615546
Brunei Darussalam,BRN,East Asia & Pacific,1987,233860.0,234332.65546591132
Brunei Darussalam,BRN,East Asia & Pacific,1988,240913.0,241534.74172773835
Brunei Darussalam,BRN,East Asia & Pacific,1989,248064.0,249185.50288075494
Brunei Darussalam,BRN,East Asia & Pacific,1990,255292.0,255427.2625187304
Brunei Darussalam,BRN,East Asia & Pacific,1991,262596.0,262730.60688005685
Brunei Darussalam,BRN,East Asia & Pacific,1992,269839.0,270108.9701872185
Brunei Darussalam,BRN,East Asia & Pacific,1993,276971.0,278244.5722318399
Brunei Darussalam,BRN,East Asia & Pacific,1994,284091.0,285372.26080397214
Brunei Darussalam,BRN,East Asia & Pacific,1995,291195.0,292437.1486408626
Brunei Darussalam,BRN,East Asia & Pacific,1996,298276.0,299443.98384335835
Brunei Darussalam,BRN,East Asia & Pacific,1997,305341.0,306449.2631567236
Brunei Darussalam,BRN,East Asia & Pacific,1998,312385.0,313492.66678637057
Brunei Darussalam,BRN,East Asia & Pacific,1999,319411.0,320494.95206224045
Brunei Darussalam,BRN,East Asia & Pacific,2000,326424.0,327467.2307379046
Brunei Darussalam,BRN,East Asia & Pacific,2001,333345.0,334415.56243252166
Brunei Darussalam,BRN,East Asia & Pacific,2002,340099.0,341265.78088747844
Brunei Darussalam,BRN,East Asia & Pacific,2003,346637.0,347951.8386945618
Brunei Darussalam,BRN,East Asia & Pacific,2004,352911.0,354391.6466151743
Brunei Darussalam,BRN,East Asia & Pacific,2005,358916.0,360535.7325329968
Brunei Darussalam,BRN,East Asia & Pacific,2006,364663.0,366372.2044852471
Brunei Darussalam,BRN,East Asia & Pacific,2007,370873.0,371927.51486987376
Brunei Darussalam,BRN,East Asia & Pacific,2008,377793.0,378012.1386488561
Brunei Darussalam,BRN,East Asia & Pacific,2009,384952.0,384905.5897892821
Brunei Darussalam,BRN,East Asia & Pacific,2010,392332.0,392071.12327609904
Brunei Darussalam,BRN,East Asia & Pacific,2011,399389.0,398880.7506689161
Brunei Darussalam,BRN,East Asia & Pacific,2012,405557.0,406584.10589228617
Brunei Darussalam,BRN,East Asia & Pacific,2013,411202.0,412697.6630561811
Brunei Darussalam,BRN,East Asia & Pacific,2014,416750.0,416925.57349288085
Brunei Darussalam,BRN,East Asia & Pacific,2015,422212.0,422372.8544593217
Brunei Darussalam,BRN,East Asia & Pacific,2016,427564.0,427745.58595300943
Brunei Darussalam,BRN,East Asia & Pacific,2017,432772.0,434375.1130757183
Brunei Darussalam,BRN,East Asia & Pacific,2018,437810.0,439355.28160129354
Brunei Darussalam,BRN,East Asia & Pacific,2019,442680.0,444114.04966846097
Brunei Darussalam,BRN,East Asia & Pacific,2020,447404.0,448787.20023994544
Brunei Darussalam,BRN,East Asia & Pacific,2021,451721.0,453087.56841656193
Brunei Darussalam,BRN,East Asia & Pacific,2022,455370.0,457169.7584053458
Brunei Darussalam,BRN,East Asia & Pacific,2023,458949.0,460561.54137432616
Brunei Darussalam,BRN,East Asia & Pacific,2024,462721.0,463893.98276718915
Bhutan,BTN,South Asia,1970,308528.0,307832.7445191372
Bhutan,BTN,South Asia,1971,319211.0,318668.5146563379
Bhutan,BTN,South Asia,1972,330264.0,329849.56896700885
Bhutan,BTN,South Asia,1973,341705.0,341380.9874737096
Bhutan,BTN,South Asia,1974,353538.0,353310.0567284375
Bhutan,BTN,South Asia,1975,365791.0,365624.5637624378
Bhutan,BTN,South Asia,1976,378490.0,378232.7399165368
Bhutan,BTN,South Asia,1977,391639.0,391478.4873781225
Bhutan,BTN,South Asia,1978,405243.0,405138.80493973126
Bhutan,BTN,South Asia,1979,419200.0,419294.69828379777
Bhutan,BTN,South Asia,1980,433404.0,433764.73799091694
Bhutan,BTN,South Asia,1981,447836.0,448092.28869373194
Bhutan,BTN,South Asia,1982,462485.0,462751.2777174854
Bhutan,BTN,South Asia,1983,477460.0,477629.44819354976
Bhutan,BTN,South Asia,1984,492784.0,492940.42236744956
Bhutan,BTN,South Asia,1985,508392.0,508700.0536177335
Bhutan,BTN,South Asia,1986,524324.0,525335.7055754235
Bhutan,BTN,South Asia,1987,540557.0,541600.4884706436
Bhutan,BTN,South Asia,1988,556986.0,558145.6223871778
Bhutan,BTN,South Asia,1989,573586.0,574859.0815124632
Bhutan,BTN,South Asia,1990,589287.0,591732.1952417691
Bhutan,BTN,South Asia,1991,599784.0,605417.789839205
Bhutan,BTN,South Asia,1992,577774.0,610467.98384096
Bhutan,BTN,South Asia,1993,554673.0,556571.692227373
Bhutan,BTN,South Asia,1994,554497.0,532495.6414162874
Bhutan,BTN,South Asia,1995,547989.0,559871.2207650858
Bhutan,BTN,South Asia,1996,548784.0,550683.7788049396
Bhutan,BTN,South Asia,1997,558697.0,549705.8201350273
Bhutan,BTN,South Asia,1998,569435.0,548836.785941398
Bhutan,BTN,South Asia,1999,582579.0,547844.3876591417
Bhutan,BTN,South Asia,2000,596863.0,581838.7214977617
Bhutan,BTN,South Asia,2001,610794.0,596539.2794638391
Bhutan,BTN,South Asia,2002,624409.0,614577.4525439529
Bhutan,BTN,South Asia,2003,637663.0,632679.598040414
Bhutan,BTN,South Asia,2004,650544.0,642052.0417873441
Bhutan,BTN,South Asia,2005,661865.0,662404.939197782
Bhutan,BTN,South Asia,2006,670799.0,678725.2599034449
Bhutan,BTN,South Asia,2007,678641.0,679853.5931948718
Bhutan,BTN,South Asia,2008,686351.0,686574.6772004276
Bhutan,BTN,South Asia,2009,693988.0,698966.6083087893
Bhutan,BTN,South Asia,2010,701632.0,705711.5309400837
Bhutan,BTN,South Asia,2011,709377.0,712524.6583536408
Bhutan,BTN,South Asia,2012,717279.0,719504.5840703987
Bhutan,BTN,South Asia,2013,725273.0,728963.0238918166
Bhutan,BTN,South Asia,2014,733139.0,735028.654109499
Bhutan,BTN,South Asia,2015,740618.0,741930.3240216887
Bhutan,BTN,South Asia,2016,747866.0,749414.0526221901
Bhutan,BTN,South Asia,2017,754335.0,755279.8975602438
Bhutan,BTN,South Asia,2018,759759.0,760976.6054241537
Bhutan,BTN,South Asia,2019,764824.0,765222.000979246
Bhutan,BTN,South Asia,2020,770006.0,769922.7662679655
Bhutan,BTN,South Asia,2021,775442.0,775223.1101907585
Bhutan,BTN,South Asia,2022,780914.0,782194.790205355
Bhutan,BTN,South Asia,2023,786385.0,787357.9050786722
Bhutan,BTN,South Asia,2024,791524.0,792537.2765534951
Botswana,BWA,Sub-Saharan Africa ,1970,590334.0,595522.0598318077
Botswana,BWA,Sub-Saharan Africa ,1971,600481.0,597706.4770790907
Botswana,BWA,Sub-Saharan Africa ,1972,622407.0,607620.9350841807
Botswana,BWA,Sub-Saharan Africa ,1973,652408.0,616666.3370663831
Botswana,BWA,Sub-Saharan Africa ,1974,685448.0,683855.0954118771
Botswana,BWA,Sub-Saharan Africa ,1975,720380.0,720161.2499136035
Botswana,BWA,Sub-Saharan Africa ,1976,758508.0,757092.2147426879
Botswana,BWA,Sub-Saharan Africa ,1977,799574.0,781322.5706384715
Botswana,BWA,Sub-Saharan Africa ,1978,849239.0,827984.2546093453
Botswana,BWA,Sub-Saharan Africa ,1979,901742.0,863053.6581406354
Botswana,BWA,Sub-Saharan Africa ,1980,937485.0,928060.247014884
Botswana,BWA,Sub-Saharan Africa ,1981,969996.0,986447.6213747377
Botswana,BWA,Sub-Saharan Africa ,1982,1009269.0,1035343.7517123122
Botswana,BWA,Sub-Saharan Africa ,1983,1046137.0,1050132.076867842
Botswana,BWA,Sub-Saharan Africa ,1984,1083660.0,1084351.7665228741
Botswana,BWA,Sub-Saharan Africa ,1985,1121945.0,1133956.8330108405
Botswana,BWA,Sub-Saharan Africa ,1986,1160650.0,1171822.196116586
Botswana,BWA,Sub-Saharan Africa ,1987,1199167.0,1222647.54830116
Botswana,BWA,Sub-Saharan Africa ,1988,1235476.0,1254178.630508324
Botswana,BWA,Sub-Saharan Africa ,1989,1270274.0,1275447.1745166332
Botswana,BWA,Sub-Saharan Africa ,1990,1305696.0,1306840.6719189873
Botswana,BWA,Sub-Saharan Africa ,1991,1341756.0,1349532.719839563
Botswana,BWA,Sub-Saharan Africa ,1992,1380033.0,1384887.2526576265
Botswana,BWA,Sub-Saharan Africa ,1993,1420115.0,1423163.6849728876
Botswana,BWA,Sub-Saharan Africa ,1994,1460023.0,1463429.262374586
Botswana,BWA,Sub-Saharan Africa ,1995,1498836.0,1506078.4057120676
Botswana,BWA,Sub-Saharan Africa ,1996,1535914.0,1544725.7739791423
Botswana,BWA,Sub-Saharan Africa ,1997,1571691.0,1583586.1289016816
Botswana,BWA,Sub-Saharan Africa ,1998,1606899.0,1608301.3759692896
Botswana,BWA,Sub-Saharan Africa ,1999,1641997.0,1642895.7067562472
Botswana,BWA,Sub-Saharan Africa ,2000,1677382.0,1677861.612982458
Botswana,BWA,Sub-Saharan Africa ,2001,1712254.0,1719511.0250032884
Botswana,BWA,Sub-Saharan Africa ,2002,1744763.0,1753789.532008803
Botswana,BWA,Sub-Saharan Africa ,2003,1775736.0,1785170.3790901266
Botswana,BWA,Sub-Saharan Africa ,2004,1807146.0,1814820.5412291351
Botswana,BWA,Sub-Saharan Africa ,2005,1839877.0,1845101.5528644302
Botswana,BWA,Sub-Saharan Africa ,2006,1874516.0,1877165.4661662106
Botswana,BWA,Sub-Saharan Africa ,2007,1911201.0,1911576.9448179887
Botswana,BWA,Sub-Saharan Africa ,2008,1949970.0,1948386.188490144
Botswana,BWA,Sub-Saharan Africa ,2009,1990673.0,1985190.3839940194
Botswana,BWA,Sub-Saharan Africa ,2010,2033111.0,2031986.2384184003
Botswana,BWA,Sub-Saharan Africa ,2011,2073535.0,2076453.7110193563
Botswana,BWA,Sub-Saharan Africa ,2012,2108617.0,2113693.058597881
Botswana,BWA,Sub-Saharan Africa ,2013,2140682.0,2151676.3097118977
Botswana,BWA,Sub-Saharan Africa ,2014,2172044.0,2173234.601291037
Botswana,BWA,Sub-Saharan Africa ,2015,2203273.0,2203865.468076571
Botswana,BWA,Sub-Saharan Africa ,2016,2234776.0,2234951.0012447755
Botswana,BWA,Sub-Saharan Africa ,2017,2266747.0,2273953.439081988
Botswana,BWA,Sub-Saharan Africa ,2018,2299141.0,2304981.067243121
Botswana,BWA,Sub-Saharan Africa ,2019,2332083.0,2336237.9755245456
Botswana,BWA,Sub-Saharan Africa ,2020,2365894.0,2371263.9545661537
Botswana,BWA,Sub-Saharan Africa ,2021,2401441.0,2401787.204623296
Botswana,BWA,Sub-Saharan Africa ,2022,2439892.0,2435400.1115927524
Botswana,BWA,Sub-Saharan Africa ,2023,2480244.0,2478928.798648918
Botswana,BWA,Sub-Saharan Africa ,2024,2521139.0,2521255.69536799
Central African Republic,CAF,Sub-Saharan Africa ,1970,2097505.0,2094487.0885629149
Central African Republic,CAF,Sub-Saharan Africa ,1971,2141450.0,2142242.340333266
Central African Republic,CAF,Sub-Saharan Africa ,1972,2183769.0,2187528.925230186
Central African Republic,CAF,Sub-Saharan Africa ,1973,2226008.0,2234362.191861564
Central African Republic,CAF,Sub-Saharan Africa ,1974,2269338.0,2269064.439669743
Central African Republic,CAF,Sub-Saharan Africa ,1975,2313916.0,2313511.433105638
Central African Republic,CAF,Sub-Saharan Africa ,1976,2348566.0,2359280.456278993
Central African Republic,CAF,Sub-Saharan Africa ,1977,2372930.0,2396176.2269022
Central African Republic,CAF,Sub-Saharan Africa ,1978,2397961.0,2417760.6054506204
Central African Republic,CAF,Sub-Saharan Africa ,1979,2423794.0,2423256.040880816
Central African Republic,CAF,Sub-Saharan Africa ,1980,2450535.0,2449905.296371726
Central African Republic,CAF,Sub-Saharan Africa ,1981,2478402.0,2487521.2098534857
Central African Republic,CAF,Sub-Saharan Africa ,1982,2507375.0,2513500.500687841
Central African Republic,CAF,Sub-Saharan Africa ,1983,2537399.0,2540758.356710757
Central African Republic,CAF,Sub-Saharan Africa ,1984,2568610.0,2569806.174084547
Central African Republic,CAF,Sub-Saharan Africa ,1985,2600932.0,2595214.171763852
Central African Republic,CAF,Sub-Saharan Africa ,1986,2634258.0,2630580.2827972258
Central African Republic,CAF,Sub-Saharan Africa ,1987,2669155.0,2665000.791778783
Central African Republic,CAF,Sub-Saharan Africa ,1988,2713965.0,2701103.5193990073
Central African Republic,CAF,Sub-Saharan Africa ,1989,2783970.0,2748278.5274403747
Central African Republic,CAF,Sub-Saharan Africa ,1990,2871910.0,2855780.7334462563
Central African Republic,CAF,Sub-Saharan Africa ,1991,2963191.0,2962627.846962145
Central African Republic,CAF,Sub-Saharan Africa ,1992,3058831.0,3057373.282290643
Central African Republic,CAF,Sub-Saharan Africa ,1993,3157839.0,3157557.8781078057
Central African Republic,CAF,Sub-Saharan Africa ,1994,3257954.0,3231139.7486956567
Central African Republic,CAF,Sub-Saharan Africa ,1995,3348052.0,3340514.7356160115
Central African Republic,CAF,Sub-Saharan Africa ,1996,3435965.0,3425557.1790181226
Central African Republic,CAF,Sub-Saharan Africa ,1997,3531700.0,3543816.5705490713
Central African Republic,CAF,Sub-Saharan Africa ,1998,3628827.0,3636571.5263797664
Central African Republic,CAF,Sub-Saharan Africa ,1999,3729450.0,3728625.137028181
Central African Republic,CAF,Sub-Saharan Africa ,2000,3833416.0,3839308.8700468205
Central African Republic,CAF,Sub-Saharan Africa ,2001,3919487.0,3944690.2555563
Central African Republic,CAF,Sub-Saharan Africa ,2002,4006077.0,4046869.53394686
Central African Republic,CAF,Sub-Saharan Africa ,2003,4103086.0,4137063.2383364034
Central African Republic,CAF,Sub-Saharan Africa ,2004,4192826.0,4209590.787902631
Central African Republic,CAF,Sub-Saharan Africa ,2005,4288810.0,4287318.638467869
Central African Republic,CAF,Sub-Saharan Africa ,2006,4377579.0,4395783.22670528
Central African Republic,CAF,Sub-Saharan Africa ,2007,4462770.0,4483346.733261548
Central African Republic,CAF,Sub-Saharan Africa ,2008,4558984.0,4587332.210819644
Central African Republic,CAF,Sub-Saharan Africa ,2009,4529047.0,4674447.016255623
Central African Republic,CAF,Sub-Saharan Africa ,2010,4492995.0,4713223.4314374
Central African Republic,CAF,Sub-Saharan Africa ,2011,4565021.0,4456009.484269942
Central African Republic,CAF,Sub-Saharan Africa ,2012,4610848.0,4631752.87935012
Central African Republic,CAF,Sub-Saharan Africa ,2013,4642419.0,4671010.276691233
Central African Republic,CAF,Sub-Saharan Africa ,2014,4623182.0,4722258.241665085
Central African Republic,CAF,Sub-Saharan Africa ,2015,4629320.0,4705334.73262846
Central African Republic,CAF,Sub-Saharan Africa ,2016,4713663.0,4688715.58675323
Central African Republic,CAF,Sub-Saharan Africa ,2017,4793511.0,4707717.303943058
Central African Republic,CAF,Sub-Saharan Africa ,2018,4878657.0,4759679.13195548
Central African Republic,CAF,Sub-Saharan Africa ,2019,4944703.0,4850730.586883876
Central African Republic,CAF,Sub-Saharan Africa ,2020,5026628.0,4997617.121754754
Central African Republic,CAF,Sub-Saharan Africa ,2021,5112100.0,5080716.521053611
Central African Republic,CAF,Sub-Saharan Africa ,2022,5098039.0,5171055.292027075
Central African Republic,CAF,Sub-Saharan Africa ,2023,5152421.0,5197159.979102773
Central African Republic,CAF,Sub-Saharan Africa ,2024,5330690.0,5267985.7362826215
Canada,CAN,North America,1970,21324000.0,21315888.162257943
Canada,CAN,North America,1971,21962032.0,21624844.411319524
Canada,CAN,North America,1972,22218463.0,22237971.11721629
Canada,CAN,North America,1973,22491777.0,22615767.209263057
Canada,CAN,North America,1974,22807969.0,22954393.06132734
Canada,CAN,North America,1975,23143275.0,23280853.042601794
Canada,CAN,North America,1976,23449808.0,23602846.75146279
Canada,CAN,North America,1977,23725843.0,23915327.622433778
Canada,CAN,North America,1978,23963203.0,24208422.163979903
Canada,CAN,North America,1979,24201544.0,24462319.336518746
Canada,CAN,North America,1980,24515667.0,24668840.317304987
Canada,CAN,North America,1981,24819915.0,24833867.143922564
Canada,CAN,North America,1982,25116942.0,25126817.979866404
Canada,CAN,North America,1983,25366451.0,25432127.086355153
Canada,CAN,North America,1984,25607053.0,25691737.69622074
Canada,CAN,North America,1985,25842116.0,25940508.882529624
Canada,CAN,North America,1986,26100278.0,26122689.281074453
Canada,CAN,North America,1987,26446601.0,26360664.32789413
Canada,CAN,North America,1988,26791747.0,26737641.73209055
Canada,CAN,North America,1989,27276781.0,27036115.943389848
Canada,CAN,North America,1990,27691138.0,27759121.601582546
Canada,CAN,North America,1991,28037420.0,28135701.881667554
Canada,CAN,North America,1992,28371264.0,28382183.85645682
Canada,CAN,North America,1993,28684764.0,28726498.742857456
Canada,CAN,North America,1994,29000663.0,29113793.24869882
Canada,CAN,North America,1995,29302311.0,29374623.82287539
Canada,CAN,North America,1996,29610218.0,29612502.379341602
Canada,CAN,North America,1997,29905948.0,29984203.52215448
Canada,CAN,North America,1998,30155173.0,30370624.371356525
Canada,CAN,North America,1999,30401286.0,30591864.900676895
Canada,CAN,North America,2000,30685730.0,30718332.66819483
Canada,CAN,North America,2001,31020855.0,30995014.122794278
Canada,CAN,North America,2002,31359199.0,31330005.46208649
Canada,CAN,North America,2003,31642461.0,31635823.09147255
Canada,CAN,North America,2004,31938807.0,31932762.512504242
Canada,CAN,North America,2005,32242732.0,32235929.821326166
Canada,CAN,North America,2006,32571193.0,32549305.386958394
Canada,CAN,North America,2007,32888886.0,32873766.824363217
Canada,CAN,North America,2008,33247298.0,33211086.92699715
Canada,CAN,North America,2009,33630069.0,33558917.754482046
Canada,CAN,North America,2010,34005902.0,33918483.92575873
Canada,CAN,North America,2011,34339221.0,34387112.7894324
Canada,CAN,North America,2012,34713395.0,34687428.057697415
Canada,CAN,North America,2013,35080992.0,35072414.11004509
Canada,CAN,North America,2014,35434066.0,35444864.33318979
Canada,CAN,North America,2015,35704498.0,35826519.59392271
Canada,CAN,North America,2016,36110803.0,36163178.16293256
Canada,CAN,North America,2017,36545075.0,36518711.31571929
Canada,CAN,North America,2018,37072620.0,36895921.91062905
Canada,CAN,North America,2019,37618495.0,37336613.87311468
Canada,CAN,North America,2020,38028638.0,38173658.4399628
Canada,CAN,North America,2021,38239864.0,38462300.1463223
Canada,CAN,North America,2022,38935934.0,38766017.62755304
Canada,CAN,North America,2023,40083484.0,39298144.06364043
Canada,CAN,North America,2024,41288599.0,40107490.0614924
Switzerland,CHE,Europe & Central Asia,1970,6180877.0,6233483.389179916
Switzerland,CHE,Europe & Central Asia,1971,6213399.0,6318823.744255629
Switzerland,CHE,Europe & Central Asia,1972,6260956.0,6339835.917067711
Switzerland,CHE,Europe & Central Asia,1973,6307347.0,6327309.201293521
Switzerland,CHE,Europe & Central Asia,1974,6341405.0,6367701.927474018
Switzerland,CHE,Europe & Central Asia,1975,6338632.0,6397699.840019352
Switzerland,CHE,Europe & Central Asia,1976,6302504.0,6387176.501557591
Switzerland,CHE,Europe & Central Asia,1977,6281174.0,6338017.690714911
Switzerland,CHE,Europe & Central Asia,1978,6281738.0,6305350.536766286
Switzerland,CHE,Europe & Central Asia,1979,6294365.0,6298099.119933541
Switzerland,CHE,Europe & Central Asia,1980,6319408.0,6307102.654004089
Switzerland,CHE,Europe & Central Asia,1981,6354074.0,6331296.587424136
Switzerland,CHE,Europe & Central Asia,1982,6391309.0,6324657.994246938
Switzerland,CHE,Europe & Central Asia,1983,6418773.0,6428762.197877185
Switzerland,CHE,Europe & Central Asia,1984,6441865.0,6427427.477208459
Switzerland,CHE,Europe & Central Asia,1985,6470365.0,6453442.462651799
Switzerland,CHE,Europe & Central Asia,1986,6504124.0,6477734.640343444
Switzerland,CHE,Europe & Central Asia,1987,6545106.0,6523482.684439563
Switzerland,CHE,Europe & Central Asia,1988,6593386.0,6566366.895952347
Switzerland,CHE,Europe & Central Asia,1989,6646912.0,6641677.7851746315
Switzerland,CHE,Europe & Central Asia,1990,6715519.0,6700833.858188051
Switzerland,CHE,Europe & Central Asia,1991,6799978.0,6784760.913743044
Switzerland,CHE,Europe & Central Asia,1992,6875364.0,6885499.214190258
Switzerland,CHE,Europe & Central Asia,1993,6938265.0,6928061.926488658
Switzerland,CHE,Europe & Central Asia,1994,6993795.0,6995726.915665099
Switzerland,CHE,Europe & Central Asia,1995,7040687.0,7054539.317933277
Switzerland,CHE,Europe & Central Asia,1996,7071850.0,7120427.111363729
Switzerland,CHE,Europe & Central Asia,1997,7088906.0,7103150.932090217
Switzerland,CHE,Europe & Central Asia,1998,7110001.0,7106003.136329087
Switzerland,CHE,Europe & Central Asia,1999,7143991.0,7131158.773612998
Switzerland,CHE,Europe & Central Asia,2000,7184250.0,7193253.74614425
Switzerland,CHE,Europe & Central Asia,2001,7229854.0,7228253.664770746
Switzerland,CHE,Europe & Central Asia,2002,7284753.0,7266214.631299681
Switzerland,CHE,Europe & Central Asia,2003,7339001.0,7301375.717149638
Switzerland,CHE,Europe & Central Asia,2004,7389625.0,7393712.278300108
Switzerland,CHE,Europe & Central Asia,2005,7437115.0,7429447.976284982
Switzerland,CHE,Europe & Central Asia,2006,7483934.0,7478876.404612768
Switzerland,CHE,Europe & Central Asia,2007,7551117.0,7525180.177610069
Switzerland,CHE,Europe & Central Asia,2008,7647675.0,7590461.102114866
Switzerland,CHE,Europe & Central Asia,2009,7743831.0,7669074.5007958
Switzerland,CHE,Europe & Central Asia,2010,7824909.0,7841195.99231082
Switzerland,CHE,Europe & Central Asia,2011,7912398.0,7906835.888306361
Switzerland,CHE,Europe & Central Asia,2012,7996861.0,7985400.908535838
Switzerland,CHE,Europe & Central Asia,2013,8089346.0,8073469.048145875
Switzerland,CHE,Europe & Central Asia,2014,8188649.0,8158827.231774206
Switzerland,CHE,Europe & Central Asia,2015,8282396.0,8267850.0816242015
Switzerland,CHE,Europe & Central Asia,2016,8373338.0,8373446.044984457
Switzerland,CHE,Europe & Central Asia,2017,8451840.0,8470791.459840696
Switzerland,CHE,Europe & Central Asia,2018,8514329.0,8557532.702293685
Switzerland,CHE,Europe & Central Asia,2019,8575280.0,8577465.593200637
Switzerland,CHE,Europe & Central Asia,2020,8638167.0,8636667.325988127
Switzerland,CHE,Europe & Central Asia,2021,8704546.0,8701426.174758462
Switzerland,CHE,Europe & Central Asia,2022,8777088.0,8786946.824844627
Switzerland,CHE,Europe & Central Asia,2023,8888822.0,8857045.898264581
Switzerland,CHE,Europe & Central Asia,2024,9005582.0,8947943.733229384
Channel Islands,CHI,Europe & Central Asia,1970,123288.0,123431.16627834631
Channel Islands,CHI,Europe & Central Asia,1971,124555.0,124549.65285211024
Channel Islands,CHI,Europe & Central Asia,1972,125764.0,125837.93227047983
Channel Islands,CHI,Europe & Central Asia,1973,126873.0,127115.55957069994
Channel Islands,CHI,Europe & Central Asia,1974,127893.0,128197.41527113579
Channel Islands,CHI,Europe & Central Asia,1975,128781.0,128990.14236455038
Channel Islands,CHI,Europe & Central Asia,1976,129391.0,129675.16565891723
Channel Islands,CHI,Europe & Central Asia,1977,129726.0,130003.88941202861
Channel Islands,CHI,Europe & Central Asia,1978,129981.0,130074.0745417553
Channel Islands,CHI,Europe & Central Asia,1979,130220.0,130236.50124825364
Channel Islands,CHI,Europe & Central Asia,1980,130462.0,131013.94356191423
Channel Islands,CHI,Europe & Central Asia,1981,131078.0,131135.0562046841
Channel Islands,CHI,Europe & Central Asia,1982,132172.0,131682.08440533662
Channel Islands,CHI,Europe & Central Asia,1983,133413.0,132384.21639101885
Channel Islands,CHI,Europe & Central Asia,1984,134727.0,134665.6520982692
Channel Islands,CHI,Europe & Central Asia,1985,136075.0,136053.94173663764
Channel Islands,CHI,Europe & Central Asia,1986,137413.0,137434.93796174266
Channel Islands,CHI,Europe & Central Asia,1987,138743.0,138294.91887824817
Channel Islands,CHI,Europe & Central Asia,1988,140089.0,139752.27311993673
Channel Islands,CHI,Europe & Central Asia,1989,141501.0,140919.1886806718
Channel Islands,CHI,Europe & Central Asia,1990,143087.0,142645.57550218955
Channel Islands,CHI,Europe & Central Asia,1991,144269.0,144309.3156361582
Channel Islands,CHI,Europe & Central Asia,1992,144733.0,145757.63786960873
Channel Islands,CHI,Europe & Central Asia,1993,144984.0,146795.20827179804
Channel Islands,CHI,Europe & Central Asia,1994,145163.0,145235.4352899344
Channel Islands,CHI,Europe & Central Asia,1995,145247.0,145342.2209968394
Channel Islands,CHI,Europe & Central Asia,1996,145565.0,145331.04861060533
Channel Islands,CHI,Europe & Central Asia,1997,146214.0,146343.41013669237
Channel Islands,CHI,Europe & Central Asia,1998,146906.0,146910.91955929535
Channel Islands,CHI,Europe & Central Asia,1999,147554.0,147412.87411386598
Channel Islands,CHI,Europe & Central Asia,2000,148110.0,147650.5843858106
Channel Islands,CHI,Europe & Central Asia,2001,148850.0,148668.09507382475
Channel Islands,CHI,Europe & Central Asia,2002,149881.0,149314.58798985198
Channel Islands,CHI,Europe & Central Asia,2003,150960.0,150435.20253454163
Channel Islands,CHI,Europe & Central Asia,2004,152039.0,151049.0719159771
Channel Islands,CHI,Europe & Central Asia,2005,153126.0,152811.5356518255
Channel Islands,CHI,Europe & Central Asia,2006,154214.0,154214.25484338624
Channel Islands,CHI,Europe & Central Asia,2007,155309.0,155129.83826412086
Channel Islands,CHI,Europe & Central Asia,2008,156408.0,156271.25381770407
Channel Islands,CHI,Europe & Central Asia,2009,157511.0,157306.15404685307
Channel Islands,CHI,Europe & Central Asia,2010,158621.0,158571.415139357
Channel Islands,CHI,Europe & Central Asia,2011,159706.0,159760.45273049624
Channel Islands,CHI,Europe & Central Asia,2012,160767.0,160836.8749515377
Channel Islands,CHI,Europe & Central Asia,2013,161777.0,161839.67156845971
Channel Islands,CHI,Europe & Central Asia,2014,162726.0,162804.67198831734
Channel Islands,CHI,Europe & Central Asia,2015,163454.0,163688.89239483574
Channel Islands,CHI,Europe & Central Asia,2016,163883.0,164232.40152475546
Channel Islands,CHI,Europe & Central Asia,2017,164319.0,164313.1259599513
Channel Islands,CHI,Europe & Central Asia,2018,164949.0,164784.54235223122
Channel Islands,CHI,Europe & Central Asia,2019,165639.0,165796.34232184195
Channel Islands,CHI,Europe & Central Asia,2020,166235.0,166437.7466709099
Channel Islands,CHI,Europe & Central Asia,2021,166741.0,166977.28061736166
Channel Islands,CHI,Europe & Central Asia,2022,167215.0,167560.91732143558
Channel Islands,CHI,Europe & Central Asia,2023,167691.0,167946.60506784896
Channel Islands,CHI,Europe & Central Asia,2024,168126.0,168364.31528699724
Chile,CHL,Latin America & Caribbean ,1970,9845344.0,9866779.86075276
Chile,CHL,Latin America & Caribbean ,1971,10009701.0,10030581.553753428
Chile,CHL,Latin America & Caribbean ,1972,10174678.0,10193600.483868178
Chile,CHL,Latin America & Caribbean ,1973,10340362.0,10357267.212496923
Chile,CHL,Latin America & Caribbean ,1974,10505817.0,10521781.66050659
Chile,CHL,Latin America & Caribbean ,1975,10671559.0,10686320.554728623
Chile,CHL,Latin America & Caribbean ,1976,10838251.0,10851407.355299575
Chile,CHL,Latin America & Caribbean ,1977,11005519.0,11017781.361806385
Chile,CHL,Latin America & Caribbean ,1978,11172695.0,11185005.385590719
Chile,CHL,Latin America & Caribbean ,1979,11339779.0,11352164.014373425
Chile,CHL,Latin America & Caribbean ,1980,11508550.0,11519291.241975153
Chile,CHL,Latin America & Caribbean ,1981,11678717.0,11688410.369441688
Chile,CHL,Latin America & Caribbean ,1982,11850214.0,11859030.885460788
Chile,CHL,Latin America & Caribbean ,1983,12026138.0,12031065.770552982
Chile,CHL,Latin America & Caribbean ,1984,12207733.0,12208112.576208143
Chile,CHL,Latin America & Caribbean ,1985,12395274.0,12391516.630392341
Chile,CHL,Latin America & Caribbean ,1986,12588914.0,12577566.77295814
Chile,CHL,Latin America & Caribbean ,1987,12790150.0,12785546.338387301
Chile,CHL,Latin America & Caribbean ,1988,12999424.0,12994549.555641385
Chile,CHL,Latin America & Caribbean ,1989,13215005.0,13211245.564591318
Chile,CHL,Latin America & Caribbean ,1990,13437176.0,13431632.214739945
Chile,CHL,Latin America & Caribbean ,1991,13662491.0,13648147.5551421
Chile,CHL,Latin America & Caribbean ,1992,13884577.0,13880184.650437644
Chile,CHL,Latin America & Caribbean ,1993,14102276.0,14108035.739487693
Chile,CHL,Latin America & Caribbean ,1994,14316256.0,14333085.311535105
Chile,CHL,Latin America & Caribbean ,1995,14527381.0,14533550.656070609
Chile,CHL,Latin America & Caribbean ,1996,14734046.0,14741676.062201554
Chile,CHL,Latin America & Caribbean ,1997,14932434.0,14944560.879151754
Chile,CHL,Latin America & Caribbean ,1998,15127799.0,15133493.21497532
Chile,CHL,Latin America & Caribbean ,1999,15319313.0,15356732.520253258
Chile,CHL,Latin America & Caribbean ,2000,15503635.0,15544078.695826424
Chile,CHL,Latin America & Caribbean ,2001,15683849.0,15723106.811749695
Chile,CHL,Latin America & Caribbean ,2002,15857925.0,15897793.263447221
Chile,CHL,Latin America & Caribbean ,2003,16024752.0,16066018.493344953
Chile,CHL,Latin America & Caribbean ,2004,16187322.0,16226749.231933856
Chile,CHL,Latin America & Caribbean ,2005,16348778.0,16383084.146424547
Chile,CHL,Latin America & Caribbean ,2006,16509195.0,16538778.719057634
Chile,CHL,Latin America & Caribbean ,2007,16671581.0,16694398.809892638
Chile,CHL,Latin America & Caribbean ,2008,16838988.0,16852631.55631313
Chile,CHL,Latin America & Caribbean ,2009,17009731.0,17016920.504145958
Chile,CHL,Latin America & Caribbean ,2010,17181464.0,17193706.8323577
Chile,CHL,Latin America & Caribbean ,2011,17351816.0,17357579.982044894
Chile,CHL,Latin America & Caribbean ,2012,17519119.0,17526131.34236018
Chile,CHL,Latin America & Caribbean ,2013,17687006.0,17697097.75827138
Chile,CHL,Latin America & Caribbean ,2014,17864195.0,17856493.91744062
Chile,CHL,Latin America & Caribbean ,2015,18047625.0,18041013.142679106
Chile,CHL,Latin America & Caribbean ,2016,18267221.0,18227145.933096435
Chile,CHL,Latin America & Caribbean ,2017,18558868.0,18488991.983163305
Chile,CHL,Latin America & Caribbean ,2018,18893191.0,18855171.314421497
Chile,CHL,Latin America & Caribbean ,2019,19197744.0,19233536.557847276
Chile,CHL,Latin America & Caribbean ,2020,19370624.0,19507206.312119883
Chile,CHL,Latin America & Caribbean ,2021,19456334.0,19608957.6597499
Chile,CHL,Latin America & Caribbean ,2022,19553036.0,19808943.918899834
Chile,CHL,Latin America & Caribbean ,2023,19658835.0,19650218.627110977
Chile,CHL,Latin America & Caribbean ,2024,19764771.0,19765206.46475467
China,CHN,East Asia & Pacific,1970,818315000.0,803959818.2290711
China,CHN,East Asia & Pacific,1971,841105000.0,834155634.3811396
China,CHN,East Asia & Pacific,1972,862030000.0,863232256.7597516
China,CHN,East Asia & Pacific,1973,881940000.0,884848887.7642068
China,CHN,East Asia & Pacific,1974,900350000.0,908056678.1922652
China,CHN,East Asia & Pacific,1975,916395000.0,919144298.4304813
China,CHN,East Asia & Pacific,1976,930685000.0,932725935.5919993
China,CHN,East Asia & Pacific,1977,943455000.0,945197834.1993934
China,CHN,East Asia & Pacific,1978,956165000.0,956400218.1934668
China,CHN,East Asia & Pacific,1979,969005000.0,975838536.7968286
China,CHN,East Asia & Pacific,1980,981235000.0,987375124.638826
China,CHN,East Asia & Pacific,1981,993885000.0,998180074.4814262
China,CHN,East Asia & Pacific,1982,1008630000.0,1009727472.38802
China,CHN,East Asia & Pacific,1983,1023310000.0,1025443103.2067235
China,CHN,East Asia & Pacific,1984,1036825000.0,1037583028.8416826
China,CHN,East Asia & Pacific,1985,1051040000.0,1050751795.9407727
China,CHN,East Asia & Pacific,1986,1066790000.0,1064883134.7947917
China,CHN,East Asia & Pacific,1987,1084035000.0,1080215816.0301037
China,CHN,East Asia & Pacific,1988,1101630000.0,1096810425.2830675
China,CHN,East Asia & Pacific,1989,1118650000.0,1117443876.850796
China,CHN,East Asia & Pacific,1990,1135185000.0,1135056193.8450642
China,CHN,East Asia & Pacific,1991,1150780000.0,1151964407.3196964
China,CHN,East Asia & Pacific,1992,1164970000.0,1167769317.7060661
China,CHN,East Asia & Pacific,1993,1178440000.0,1181888421.232774
China,CHN,East Asia & Pacific,1994,1191835000.0,1192068163.0749304
China,CHN,East Asia & Pacific,1995,1204855000.0,1205413335.6333885
China,CHN,East Asia & Pacific,1996,1217550000.0,1221258741.0782459
China,CHN,East Asia & Pacific,1997,1230075000.0,1233379053.8223157
China,CHN,East Asia & Pacific,1998,1241935000.0,1245252294.5620956
China,CHN,East Asia & Pacific,1999,1252735000.0,1256457594.5352275
China,CHN,East Asia & Pacific,2000,1262645000.0,1266539419.166312
China,CHN,East Asia & Pacific,2001,1271850000.0,1275742711.6698408
China,CHN,East Asia & Pacific,2002,1280400000.0,1281830589.75578
China,CHN,East Asia & Pacific,2003,1288400000.0,1292260032.0989769
China,CHN,East Asia & Pacific,2004,1296075000.0,1299601276.2004488
China,CHN,East Asia & Pacific,2005,1303720000.0,1306641280.1151834
China,CHN,East Asia & Pacific,2006,1311020000.0,1313673536.9046295
China,CHN,East Asia & Pacific,2007,1317885000.0,1320345307.7333965
China,CHN,East Asia & Pacific,2008,1324655000.0,1326613855.3988724
China,CHN,East Asia & Pacific,2009,1331260000.0,1332903536.055018
China,CHN,East Asia & Pacific,2010,1337705000.0,1339116167.9532783
China,CHN,East Asia & Pacific,2011,1345035000.0,1345234582.7514107
China,CHN,East Asia & Pacific,2012,1354190000.0,1352414631.7761807
China,CHN,East Asia & Pacific,2013,1363240000.0,1360496603.2041166
China,CHN,East Asia & Pacific,2014,1371860000.0,1372361750.186373
China,CHN,East Asia & Pacific,2015,1379860000.0,1380541311.3793752
China,CHN,East Asia & Pacific,2016,1387790000.0,1387727969.0193954
China,CHN,East Asia & Pacific,2017,1396215000.0,1395783167.172516
China,CHN,East Asia & Pacific,2018,1402760000.0,1404371871.7673705
China,CHN,East Asia & Pacific,2019,1407745000.0,1412626621.1616917
China,CHN,East Asia & Pacific,2020,1411100000.0,1412762382.7401943
China,CHN,East Asia & Pacific,2021,1412360000.0,1415249816.5205138
China,CHN,East Asia & Pacific,2022,1412175000.0,1413621125.1491647
China,CHN,East Asia & Pacific,2023,1410710000.0,1411990024.2657905
China,CHN,East Asia & Pacific,2024,1408975000.0,1409246519.8366606
Cote d'Ivoire,CIV,Sub-Saharan Africa ,1970,5411567.0,5388689.172869894
Cote d'Ivoire,CIV,Sub-Saharan Africa ,1971,5650868.0,5626635.126971638
Cote d'Ivoire,CIV,Sub-Saharan Africa ,1972,5909716.0,5900750.956517598
Cote d'Ivoire,CIV,Sub-Saharan Africa ,1973,6184944.0,6180420.990062264
Cote d'Ivoire,CIV,Sub-Saharan Africa ,1974,6474057.0,6472989.951251523
Cote d'Ivoire,CIV,Sub-Saharan Africa ,1975,6776297.0,6750714.523965502
Cote d'Ivoire,CIV,Sub-Saharan Africa ,1976,7057958.0,7071345.777031977
Cote d'Ivoire,CIV,Sub-Saharan Africa ,1977,7321950.0,7367038.767672426
Cote d'Ivoire,CIV,Sub-Saharan Africa ,1978,7603130.0,7684786.3610045165
Cote d'Ivoire,CIV,Sub-Saharan Africa ,1979,7902267.0,7895107.968637312
Cote d'Ivoire,CIV,Sub-Saharan Africa ,1980,8220714.0,8213173.224402893
Cote d'Ivoire,CIV,Sub-Saharan Africa ,1981,8556596.0,8570335.045636341
Cote d'Ivoire,CIV,Sub-Saharan Africa ,1982,8907936.0,8915802.95361236
Cote d'Ivoire,CIV,Sub-Saharan Africa ,1983,9272744.0,9278635.478643399
Cote d'Ivoire,CIV,Sub-Saharan Africa ,1984,9650516.0,9635803.671454765
Cote d'Ivoire,CIV,Sub-Saharan Africa ,1985,10040483.0,10037153.571596054
Cote d'Ivoire,CIV,Sub-Saharan Africa ,1986,10440917.0,10441367.158093812
Cote d'Ivoire,CIV,Sub-Saharan Africa ,1987,10851475.0,10863039.276856292
Cote d'Ivoire,CIV,Sub-Saharan Africa ,1988,11275189.0,11303335.58480389
Cote d'Ivoire,CIV,Sub-Saharan Africa ,1989,11719771.0,11715463.152609877
Cote d'Ivoire,CIV,Sub-Saharan Africa ,1990,12189778.0,12181141.91559353
Cote d'Ivoire,CIV,Sub-Saharan Africa ,1991,12683870.0,12678643.169627711
Cote d'Ivoire,CIV,Sub-Saharan Africa ,1992,13200310.0,13191773.378281167
Cote d'Ivoire,CIV,Sub-Saharan Africa ,1993,13735951.0,13728532.040916696
Cote d'Ivoire,CIV,Sub-Saharan Africa ,1994,14287201.0,14293368.228091862
Cote d'Ivoire,CIV,Sub-Saharan Africa ,1995,14855565.0,14860659.699258456
Cote d'Ivoire,CIV,Sub-Saharan Africa ,1996,15442312.0,15449216.5294309
Cote d'Ivoire,CIV,Sub-Saharan Africa ,1997,16047170.0,16069095.708673727
Cote d'Ivoire,CIV,Sub-Saharan Africa ,1998,16663948.0,16675775.841789033
Cote d'Ivoire,CIV,Sub-Saharan Africa ,1999,17215935.0,17304588.122896053
Cote d'Ivoire,CIV,Sub-Saharan Africa ,2000,17699004.0,17786206.365324657
Cote d'Ivoire,CIV,Sub-Saharan Africa ,2001,18178913.0,18195627.63433455
Cote d'Ivoire,CIV,Sub-Saharan Africa ,2002,18654771.0,18671834.745669637
Cote d'Ivoire,CIV,Sub-Saharan Africa ,2003,19125542.0,19143085.236828938
Cote d'Ivoire,CIV,Sub-Saharan Africa ,2004,19595000.0,19755490.386696376
Cote d'Ivoire,CIV,Sub-Saharan Africa ,2005,20068458.0,20207242.39883709
Cote d'Ivoire,CIV,Sub-Saharan Africa ,2006,20546802.0,20661347.001790512
Cote d'Ivoire,CIV,Sub-Saharan Africa ,2007,21030558.0,21242336.836659715
Cote d'Ivoire,CIV,Sub-Saharan Africa ,2008,21514439.0,21664244.706987586
Cote d'Ivoire,CIV,Sub-Saharan Africa ,2009,21997940.0,22054110.974847857
Cote d'Ivoire,CIV,Sub-Saharan Africa ,2010,22488065.0,22536092.702458505
Cote d'Ivoire,CIV,Sub-Saharan Africa ,2011,22982000.0,23026092.175650574
Cote d'Ivoire,CIV,Sub-Saharan Africa ,2012,23467078.0,23521080.0770841
Cote d'Ivoire,CIV,Sub-Saharan Africa ,2013,23939775.0,24006823.8648892
Cote d'Ivoire,CIV,Sub-Saharan Africa ,2014,24527395.0,24478451.009113673
Cote d'Ivoire,CIV,Sub-Saharan Africa ,2015,25246342.0,25079988.852573298
Cote d'Ivoire,CIV,Sub-Saharan Africa ,2016,25989405.0,25693719.789759878
Cote d'Ivoire,CIV,Sub-Saharan Africa ,2017,26733372.0,26754338.204608236
Cote d'Ivoire,CIV,Sub-Saharan Africa ,2018,27464173.0,27498635.636971153
Cote d'Ivoire,CIV,Sub-Saharan Africa ,2019,28193009.0,28149838.951488573
Cote d'Ivoire,CIV,Sub-Saharan Africa ,2020,28915449.0,28910215.22206561
Cote d'Ivoire,CIV,Sub-Saharan Africa ,2021,29639736.0,29654730.06753627
Cote d'Ivoire,CIV,Sub-Saharan Africa ,2022,30395002.0,30494434.840148266
Cote d'Ivoire,CIV,Sub-Saharan Africa ,2023,31165654.0,31212359.44682673
Cote d'Ivoire,CIV,Sub-Saharan Africa ,2024,31934230.0,32006464.723588604
Cameroon,CMR,Sub-Saharan Africa ,1970,6449793.0,6392464.167593795
Cameroon,CMR,Sub-Saharan Africa ,1971,6624408.0,6599458.283214942
Cameroon,CMR,Sub-Saharan Africa ,1972,6806872.0,6785183.390792217
Cameroon,CMR,Sub-Saharan Africa ,1973,6996660.0,6976078.428387572
Cameroon,CMR,Sub-Saharan Africa ,1974,7193583.0,7174942.544214699
Cameroon,CMR,Sub-Saharan Africa ,1975,7397120.0,7381279.290702986
Cameroon,CMR,Sub-Saharan Africa ,1976,7597962.0,7594294.844804493
Cameroon,CMR,Sub-Saharan Africa ,1977,7796501.0,7803230.070343697
Cameroon,CMR,Sub-Saharan Africa ,1978,8011921.0,8013402.045492596
Cameroon,CMR,Sub-Saharan Africa ,1979,8239641.0,8236121.014662812
Cameroon,CMR,Sub-Saharan Africa ,1980,8512219.0,8465793.237656342
Cameroon,CMR,Sub-Saharan Africa ,1981,8816377.0,8718579.23643133
Cameroon,CMR,Sub-Saharan Africa ,1982,9028678.0,9131403.151453223
Cameroon,CMR,Sub-Saharan Africa ,1983,9215397.0,9275258.791794647
Cameroon,CMR,Sub-Saharan Africa ,1984,9475078.0,9523969.229712766
Cameroon,CMR,Sub-Saharan Africa ,1985,9761730.0,9781119.58962366
Cameroon,CMR,Sub-Saharan Africa ,1986,10060342.0,10055272.38806615
Cameroon,CMR,Sub-Saharan Africa ,1987,10370749.0,10344330.126552302
Cameroon,CMR,Sub-Saharan Africa ,1988,10684968.0,10645358.419288231
Cameroon,CMR,Sub-Saharan Africa ,1989,11002745.0,10957720.878151573
Cameroon,CMR,Sub-Saharan Africa ,1990,11331821.0,11321013.43233006
Cameroon,CMR,Sub-Saharan Africa ,1991,11667180.0,11652316.465558704
Cameroon,CMR,Sub-Saharan Africa ,1992,12006353.0,11999444.091222154
Cameroon,CMR,Sub-Saharan Africa ,1993,12353131.0,12378689.696852652
Cameroon,CMR,Sub-Saharan Africa ,1994,12704903.0,12710534.67219586
Cameroon,CMR,Sub-Saharan Africa ,1995,13058516.0,13082481.049902849
Cameroon,CMR,Sub-Saharan Africa ,1996,13414757.0,13442621.47409272
Cameroon,CMR,Sub-Saharan Africa ,1997,13775214.0,13804025.694719521
Cameroon,CMR,Sub-Saharan Africa ,1998,14144860.0,14150081.318678685
Cameroon,CMR,Sub-Saharan Africa ,1999,14525140.0,14545331.004000016
Cameroon,CMR,Sub-Saharan Africa ,2000,14912631.0,14931464.09966374
Cameroon,CMR,Sub-Saharan Africa ,2001,15309490.0,15324960.66634766
Cameroon,CMR,Sub-Saharan Africa ,2002,15725528.0,15728593.702866007
Cameroon,CMR,Sub-Saharan Africa ,2003,16160340.0,16158811.134851875
Cameroon,CMR,Sub-Saharan Africa ,2004,16610487.0,16590238.99098581
Cameroon,CMR,Sub-Saharan Africa ,2005,17074594.0,17073160.971100677
Cameroon,CMR,Sub-Saharan Africa ,2006,17550407.0,17551482.920516856
Cameroon,CMR,Sub-Saharan Africa ,2007,18049896.0,18039538.547321837
Cameroon,CMR,Sub-Saharan Africa ,2008,18574056.0,18545411.97910352
Cameroon,CMR,Sub-Saharan Africa ,2009,19113974.0,19088376.368525203
Cameroon,CMR,Sub-Saharan Africa ,2010,19668066.0,19648351.3051028
Cameroon,CMR,Sub-Saharan Africa ,2011,20232304.0,20223163.773057707
Cameroon,CMR,Sub-Saharan Africa ,2012,20809529.0,20806777.99402986
Cameroon,CMR,Sub-Saharan Africa ,2013,21402376.0,21402456.17886654
Cameroon,CMR,Sub-Saharan Africa ,2014,22059893.0,22015820.744534172
Cameroon,CMR,Sub-Saharan Africa ,2015,22763414.0,22670405.946564037
Cameroon,CMR,Sub-Saharan Africa ,2016,23454161.0,23489371.273281433
Cameroon,CMR,Sub-Saharan Africa ,2017,24128601.0,24171854.482726198
Cameroon,CMR,Sub-Saharan Africa ,2018,24806383.0,24840419.35501392
Cameroon,CMR,Sub-Saharan Africa ,2019,25506095.0,25535587.383838948
Cameroon,CMR,Sub-Saharan Africa ,2020,26210558.0,26253454.114580434
Cameroon,CMR,Sub-Saharan Africa ,2021,26915758.0,26934582.752133474
Cameroon,CMR,Sub-Saharan Africa ,2022,27632771.0,27640142.970054574
Cameroon,CMR,Sub-Saharan Africa ,2023,28372687.0,28428771.253079675
Cameroon,CMR,Sub-Saharan Africa ,2024,29123744.0,29177328.517122597
"Congo, Dem. Rep.",COD,Sub-Saharan Africa ,1970,20137436.0,20118139.478709567
"Congo, Dem. Rep.",COD,Sub-Saharan Africa ,1971,20695569.0,20707402.63442744
"Congo, Dem. Rep.",COD,Sub-Saharan Africa ,1972,21251160.0,21284753.32912778
"Congo, Dem. Rep.",COD,Sub-Saharan Africa ,1973,21827665.0,21897620.40156235
"Congo, Dem. Rep.",COD,Sub-Saharan Africa ,1974,22418878.0,22419623.482207477
"Congo, Dem. Rep.",COD,Sub-Saharan Africa ,1975,23021101.0,23026173.19971529
"Congo, Dem. Rep.",COD,Sub-Saharan Africa ,1976,23624031.0,23669088.968103047
"Congo, Dem. Rep.",COD,Sub-Saharan Africa ,1977,24229061.0,24280210.493235752
"Congo, Dem. Rep.",COD,Sub-Saharan Africa ,1978,24992689.0,24890903.193230838
"Congo, Dem. Rep.",COD,Sub-Saharan Africa ,1979,25886782.0,25624764.031574868
"Congo, Dem. Rep.",COD,Sub-Saharan Africa ,1980,26711099.0,26812860.442887418
"Congo, Dem. Rep.",COD,Sub-Saharan Africa ,1981,27500515.0,27578792.687312204
"Congo, Dem. Rep.",COD,Sub-Saharan Africa ,1982,28338190.0,28299609.694639295
"Congo, Dem. Rep.",COD,Sub-Saharan Africa ,1983,29250963.0,29172079.8696864
"Congo, Dem. Rep.",COD,Sub-Saharan Africa ,1984,30245081.0,30128481.01624142
"Congo, Dem. Rep.",COD,Sub-Saharan Africa ,1985,31264816.0,31099165.9468206
"Congo, Dem. Rep.",COD,Sub-Saharan Africa ,1986,32265196.0,32181728.45350151
"Congo, Dem. Rep.",COD,Sub-Saharan Africa ,1987,33298904.0,33271771.001905702
"Congo, Dem. Rep.",COD,Sub-Saharan Africa ,1988,34382752.0,34349598.69127431
"Congo, Dem. Rep.",COD,Sub-Saharan Africa ,1989,35486866.0,35484227.26090171
"Congo, Dem. Rep.",COD,Sub-Saharan Africa ,1990,36684063.0,36630902.33334481
"Congo, Dem. Rep.",COD,Sub-Saharan Africa ,1991,37925817.0,37864438.43301906
"Congo, Dem. Rep.",COD,Sub-Saharan Africa ,1992,39228910.0,39137114.770858176
"Congo, Dem. Rep.",COD,Sub-Saharan Africa ,1993,40656336.0,40529020.643401444
"Congo, Dem. Rep.",COD,Sub-Saharan Africa ,1994,42626876.0,42134564.196822055
"Congo, Dem. Rep.",COD,Sub-Saharan Africa ,1995,44433704.0,44692924.53287032
"Congo, Dem. Rep.",COD,Sub-Saharan Africa ,1996,45296124.0,46348604.97398849
"Congo, Dem. Rep.",COD,Sub-Saharan Africa ,1997,46029902.0,47112599.80547563
"Congo, Dem. Rep.",COD,Sub-Saharan Africa ,1998,47297600.0,46775566.88348258
"Congo, Dem. Rep.",COD,Sub-Saharan Africa ,1999,48912971.0,48831785.69365351
"Congo, Dem. Rep.",COD,Sub-Saharan Africa ,2000,50507442.0,50501816.32041142
"Congo, Dem. Rep.",COD,Sub-Saharan Africa ,2001,52132646.0,52141061.32289876
"Congo, Dem. Rep.",COD,Sub-Saharan Africa ,2002,53750524.0,53745109.79512655
"Congo, Dem. Rep.",COD,Sub-Saharan Africa ,2003,55343867.0,55188637.06414671
"Congo, Dem. Rep.",COD,Sub-Saharan Africa ,2004,56997741.0,56684017.34517437
"Congo, Dem. Rep.",COD,Sub-Saharan Africa ,2005,58775724.0,58443662.18962347
"Congo, Dem. Rep.",COD,Sub-Saharan Africa ,2006,60615908.0,60499130.42843115
"Congo, Dem. Rep.",COD,Sub-Saharan Africa ,2007,62477752.0,62553716.49478216
"Congo, Dem. Rep.",COD,Sub-Saharan Africa ,2008,64390664.0,64480704.31720801
"Congo, Dem. Rep.",COD,Sub-Saharan Africa ,2009,66412044.0,66396695.18028761
"Congo, Dem. Rep.",COD,Sub-Saharan Africa ,2010,68563038.0,68421010.79237844
"Congo, Dem. Rep.",COD,Sub-Saharan Africa ,2011,70849311.0,70681634.72722374
"Congo, Dem. Rep.",COD,Sub-Saharan Africa ,2012,73254618.0,73056529.99356176
"Congo, Dem. Rep.",COD,Sub-Saharan Africa ,2013,75789395.0,75741584.25139536
"Congo, Dem. Rep.",COD,Sub-Saharan Africa ,2014,78403242.0,78411881.06876825
"Congo, Dem. Rep.",COD,Sub-Saharan Africa ,2015,81035531.0,81103938.09021035
"Congo, Dem. Rep.",COD,Sub-Saharan Africa ,2016,83956415.0,83692255.44942938
"Congo, Dem. Rep.",COD,Sub-Saharan Africa ,2017,87083398.0,86752240.35019457
"Congo, Dem. Rep.",COD,Sub-Saharan Africa ,2018,90047644.0,90052722.95926234
"Congo, Dem. Rep.",COD,Sub-Saharan Africa ,2019,92947442.0,93148843.18054007
"Congo, Dem. Rep.",COD,Sub-Saharan Africa ,2020,95989998.0,96258599.24052835
"Congo, Dem. Rep.",COD,Sub-Saharan Africa ,2021,99148932.0,99521176.1442337
"Congo, Dem. Rep.",COD,Sub-Saharan Africa ,2022,102396968.0,102540727.1484503
"Congo, Dem. Rep.",COD,Sub-Saharan Africa ,2023,105789731.0,105878978.31613989
"Congo, Dem. Rep.",COD,Sub-Saharan Africa ,2024,109276265.0,109370917.64089124
"Congo, Rep.",COG,Sub-Saharan Africa ,1970,1397638.0,1394303.1471667585
"Congo, Rep.",COG,Sub-Saharan Africa ,1971,1441039.0,1437607.084921967
"Congo, Rep.",COG,Sub-Saharan Africa ,1972,1486468.0,1482970.9628029123
"Congo, Rep.",COG,Sub-Saharan Africa ,1973,1533680.0,1530464.5399052917
"Congo, Rep.",COG,Sub-Saharan Africa ,1974,1582301.0,1579770.7592165554
"Congo, Rep.",COG,Sub-Saharan Africa ,1975,1627032.0,1630491.6604656067
"Congo, Rep.",COG,Sub-Saharan Africa ,1976,1667225.0,1677798.8456953734
"Congo, Rep.",COG,Sub-Saharan Africa ,1977,1707568.0,1708410.8984449466
"Congo, Rep.",COG,Sub-Saharan Africa ,1978,1748089.0,1748887.2075079111
"Congo, Rep.",COG,Sub-Saharan Africa ,1979,1788524.0,1789571.5731150298
"Congo, Rep.",COG,Sub-Saharan Africa ,1980,1828985.0,1829894.3009411846
"Congo, Rep.",COG,Sub-Saharan Africa ,1981,1869759.0,1878079.4640451462
"Congo, Rep.",COG,Sub-Saharan Africa ,1982,1910430.0,1918029.8258017332
"Congo, Rep.",COG,Sub-Saharan Africa ,1983,1950321.0,1965566.8621358369
"Congo, Rep.",COG,Sub-Saharan Africa ,1984,1999528.0,2002918.9504827901
"Congo, Rep.",COG,Sub-Saharan Africa ,1985,2059311.0,2045607.1077036578
"Congo, Rep.",COG,Sub-Saharan Africa ,1986,2120602.0,2120881.425080511
"Congo, Rep.",COG,Sub-Saharan Africa ,1987,2183473.0,2183717.1960597085
"Congo, Rep.",COG,Sub-Saharan Africa ,1988,2247653.0,2248207.9813861717
"Congo, Rep.",COG,Sub-Saharan Africa ,1989,2313558.0,2305447.9247386404
"Congo, Rep.",COG,Sub-Saharan Africa ,1990,2380560.0,2374775.6066992707
"Congo, Rep.",COG,Sub-Saharan Africa ,1991,2449229.0,2445308.0856815083
"Congo, Rep.",COG,Sub-Saharan Africa ,1992,2519465.0,2515803.396344119
"Congo, Rep.",COG,Sub-Saharan Africa ,1993,2595124.0,2593887.0018481147
"Congo, Rep.",COG,Sub-Saharan Africa ,1994,2673144.0,2671346.9572695377
"Congo, Rep.",COG,Sub-Saharan Africa ,1995,2749461.0,2749857.516056458
"Congo, Rep.",COG,Sub-Saharan Africa ,1996,2826785.0,2829866.8839328187
"Congo, Rep.",COG,Sub-Saharan Africa ,1997,2887862.0,2911173.7510320134
"Congo, Rep.",COG,Sub-Saharan Africa ,1998,2952061.0,2986374.974577469
"Congo, Rep.",COG,Sub-Saharan Africa ,1999,3032874.0,3017287.95105493
"Congo, Rep.",COG,Sub-Saharan Africa ,2000,3151345.0,3115590.274279942
"Congo, Rep.",COG,Sub-Saharan Africa ,2001,3272537.0,3221317.8154233964
"Congo, Rep.",COG,Sub-Saharan Africa ,2002,3350771.0,3398389.709299681
"Congo, Rep.",COG,Sub-Saharan Africa ,2003,3445753.0,3447269.6223956696
"Congo, Rep.",COG,Sub-Saharan Africa ,2004,3565554.0,3544339.4659026647
"Congo, Rep.",COG,Sub-Saharan Africa ,2005,3696393.0,3654397.7064885553
"Congo, Rep.",COG,Sub-Saharan Africa ,2006,3837409.0,3787251.973622338
"Congo, Rep.",COG,Sub-Saharan Africa ,2007,3980430.0,3935361.95994516
"Congo, Rep.",COG,Sub-Saharan Africa ,2008,4113517.0,4089097.4174770527
"Congo, Rep.",COG,Sub-Saharan Africa ,2009,4281219.0,4255198.696448026
"Congo, Rep.",COG,Sub-Saharan Africa ,2010,4462290.0,4429484.227752289
"Congo, Rep.",COG,Sub-Saharan Africa ,2011,4609724.0,4581637.938749249
"Congo, Rep.",COG,Sub-Saharan Africa ,2012,4740450.0,4772057.428952658
"Congo, Rep.",COG,Sub-Saharan Africa ,2013,4857099.0,4943590.582805149
"Congo, Rep.",COG,Sub-Saharan Africa ,2014,4975880.0,4976618.40079715
"Congo, Rep.",COG,Sub-Saharan Africa ,2015,5097581.0,5097565.804859189
"Congo, Rep.",COG,Sub-Saharan Africa ,2016,5222536.0,5222218.445581431
"Congo, Rep.",COG,Sub-Saharan Africa ,2017,5351011.0,5382538.636991268
"Congo, Rep.",COG,Sub-Saharan Africa ,2018,5483118.0,5509690.873751878
"Congo, Rep.",COG,Sub-Saharan Africa ,2019,5616661.0,5660382.692598467
"Congo, Rep.",COG,Sub-Saharan Africa ,2020,5752791.0,5771315.7390311835
"Congo, Rep.",COG,Sub-Saharan Africa ,2021,5892183.0,5899444.389817968
"Congo, Rep.",COG,Sub-Saharan Africa ,2022,6035104.0,6036315.331489895
"Congo, Rep.",COG,Sub-Saharan Africa ,2023,6182885.0,6181489.124522928
"Congo, Rep.",COG,Sub-Saharan Africa ,2024,6332961.0,6333899.319654173
Colombia,COL,Latin America & Caribbean ,1970,20811782.0,20842973.65989148
Colombia,COL,Latin America & Caribbean ,1971,21319096.0,21344939.288060777
Colombia,COL,Latin America & Caribbean ,1972,21819563.0,21920189.92029257
Colombia,COL,Latin America & Caribbean ,1973,22325374.0,22416477.733012654
Colombia,COL,Latin America & Caribbean ,1974,22833469.0,22917778.88862274
Colombia,COL,Latin America & Caribbean ,1975,23344644.0,23420947.30748761
Colombia,COL,Latin America & Caribbean ,1976,23858810.0,23926856.586601876
Colombia,COL,Latin America & Caribbean ,1977,24393494.0,24436930.49694757
Colombia,COL,Latin America & Caribbean ,1978,24950337.0,24970236.546679113
Colombia,COL,Latin America & Caribbean ,1979,25515626.0,25530678.306854825
Colombia,COL,Latin America & Caribbean ,1980,26104498.0,26109173.219117634
Colombia,COL,Latin America & Caribbean ,1981,26713267.0,26689630.92770387
Colombia,COL,Latin America & Caribbean ,1982,27338331.0,27320589.819863122
Colombia,COL,Latin America & Caribbean ,1983,27988173.0,27978022.049638472
Colombia,COL,Latin America & Caribbean ,1984,28642690.0,28628267.252362713
Colombia,COL,Latin America & Caribbean ,1985,29268470.0,29301016.89609811
Colombia,COL,Latin America & Caribbean ,1986,29879112.0,29956113.065554444
Colombia,COL,Latin America & Caribbean ,1987,30499467.0,30502494.114895813
Colombia,COL,Latin America & Caribbean ,1988,31130524.0,31132663.873965304
Colombia,COL,Latin America & Caribbean ,1989,31776279.0,31775119.05799971
Colombia,COL,Latin America & Caribbean ,1990,32440069.0,32478306.76098598
Colombia,COL,Latin America & Caribbean ,1991,33098372.0,33147919.20281865
Colombia,COL,Latin America & Caribbean ,1992,33760571.0,33857842.48621866
Colombia,COL,Latin America & Caribbean ,1993,34441473.0,34511407.37426479
Colombia,COL,Latin America & Caribbean ,1994,35127410.0,35184087.7102481
Colombia,COL,Latin America & Caribbean ,1995,35804662.0,35846974.01898689
Colombia,COL,Latin America & Caribbean ,1996,36462745.0,36506052.2043382
Colombia,COL,Latin America & Caribbean ,1997,37121149.0,37144840.35743465
Colombia,COL,Latin America & Caribbean ,1998,37792165.0,37803894.26945027
Colombia,COL,Latin America & Caribbean ,1999,38454863.0,38527531.62428463
Colombia,COL,Latin America & Caribbean ,2000,39089934.0,39188531.49937605
Colombia,COL,Latin America & Caribbean ,2001,39709262.0,39819729.13939444
Colombia,COL,Latin America & Caribbean ,2002,40324680.0,40432272.66430993
Colombia,COL,Latin America & Caribbean ,2003,40937429.0,41037923.63579164
Colombia,COL,Latin America & Caribbean ,2004,41543171.0,41639994.79909894
Colombia,COL,Latin America & Caribbean ,2005,42128977.0,42235426.772802144
Colombia,COL,Latin America & Caribbean ,2006,42691084.0,42811009.06555273
Colombia,COL,Latin America & Caribbean ,2007,43235374.0,43359891.86236934
Colombia,COL,Latin America & Caribbean ,2008,43758808.0,43887119.42041346
Colombia,COL,Latin America & Caribbean ,2009,44271541.0,44392069.78927247
Colombia,COL,Latin America & Caribbean ,2010,44777319.0,44888590.15730193
Colombia,COL,Latin America & Caribbean ,2011,45259614.0,45378943.36325319
Colombia,COL,Latin America & Caribbean ,2012,45715810.0,45844409.59435098
Colombia,COL,Latin America & Caribbean ,2013,46151584.0,46280541.91012221
Colombia,COL,Latin America & Caribbean ,2014,46565429.0,46694200.022495694
Colombia,COL,Latin America & Caribbean ,2015,46969940.0,47086346.18713449
Colombia,COL,Latin America & Caribbean ,2016,47437512.0,47471542.91568391
Colombia,COL,Latin America & Caribbean ,2017,48131078.0,47928990.900654234
Colombia,COL,Latin America & Caribbean ,2018,49024465.0,48518128.00775654
Colombia,COL,Latin America & Caribbean ,2019,49907985.0,49934434.63462026
Colombia,COL,Latin America & Caribbean ,2020,50629997.0,50807427.82125412
Colombia,COL,Latin America & Caribbean ,2021,51188173.0,51362454.25658159
Colombia,COL,Latin America & Caribbean ,2022,51737944.0,51835388.65381877
Colombia,COL,Latin America & Caribbean ,2023,52321152.0,52398964.91691443
Colombia,COL,Latin America & Caribbean ,2024,52886363.0,53002860.64206364
Comoros,COM,Sub-Saharan Africa ,1970,244185.0,243956.29854793043
Comoros,COM,Sub-Saharan Africa ,1971,251865.0,251586.7621791245
Comoros,COM,Sub-Saharan Africa ,1972,260077.0,257734.70442111162
Comoros,COM,Sub-Saharan Africa ,1973,268820.0,266588.3189264725
Comoros,COM,Sub-Saharan Africa ,1974,278075.0,276058.4778374208
Comoros,COM,Sub-Saharan Africa ,1975,287692.0,283992.2336684349
Comoros,COM,Sub-Saharan Africa ,1976,297538.0,296595.58477010013
Comoros,COM,Sub-Saharan Africa ,1977,307579.0,307091.8262589634
Comoros,COM,Sub-Saharan Africa ,1978,317688.0,317636.8442602127
Comoros,COM,Sub-Saharan Africa ,1979,327791.0,328079.2025985451
Comoros,COM,Sub-Saharan Africa ,1980,337721.0,339232.40444926335
Comoros,COM,Sub-Saharan Africa ,1981,347382.0,347951.8163912508
Comoros,COM,Sub-Saharan Africa ,1982,357139.0,357319.3669632968
Comoros,COM,Sub-Saharan Africa ,1983,367233.0,367170.047154901
Comoros,COM,Sub-Saharan Africa ,1984,377637.0,378757.7250031845
Comoros,COM,Sub-Saharan Africa ,1985,388352.0,389226.7561506699
Comoros,COM,Sub-Saharan Africa ,1986,399318.0,400017.6272956752
Comoros,COM,Sub-Saharan Africa ,1987,410439.0,411079.7732437217
Comoros,COM,Sub-Saharan Africa ,1988,421687.0,422744.8454919514
Comoros,COM,Sub-Saharan Africa ,1989,433103.0,434077.74528778257
Comoros,COM,Sub-Saharan Africa ,1990,444596.0,444883.8663955295
Comoros,COM,Sub-Saharan Africa ,1991,455556.0,456396.81479821843
Comoros,COM,Sub-Saharan Africa ,1992,465113.0,466965.7885039191
Comoros,COM,Sub-Saharan Africa ,1993,473682.0,474870.4940727432
Comoros,COM,Sub-Saharan Africa ,1994,482142.0,482408.87082736654
Comoros,COM,Sub-Saharan Africa ,1995,490586.0,490753.09629893006
Comoros,COM,Sub-Saharan Africa ,1996,499107.0,499177.8841040189
Comoros,COM,Sub-Saharan Africa ,1997,507777.0,510072.60087565327
Comoros,COM,Sub-Saharan Africa ,1998,516597.0,518367.5174969933
Comoros,COM,Sub-Saharan Africa ,1999,525886.0,526817.2657006667
Comoros,COM,Sub-Saharan Africa ,2000,536080.0,536572.7517478678
Comoros,COM,Sub-Saharan Africa ,2001,547220.0,545367.0399474824
Comoros,COM,Sub-Saharan Africa ,2002,558923.0,558591.4945303459
Comoros,COM,Sub-Saharan Africa ,2003,569798.0,570876.2836283118
Comoros,COM,Sub-Saharan Africa ,2004,580704.0,580472.4079397868
Comoros,COM,Sub-Saharan Africa ,2005,592677.0,591687.6960675826
Comoros,COM,Sub-Saharan Africa ,2006,604753.0,604096.5927715916
Comoros,COM,Sub-Saharan Africa ,2007,616927.0,616140.7383062694
Comoros,COM,Sub-Saharan Africa ,2008,629307.0,629096.1045097511
Comoros,COM,Sub-Saharan Africa ,2009,641947.0,642041.3673652499
Comoros,COM,Sub-Saharan Africa ,2010,654836.0,654958.1541706871
Comoros,COM,Sub-Saharan Africa ,2011,668056.0,667985.5587585996
Comoros,COM,Sub-Saharan Africa ,2012,681630.0,681367.092037708
Comoros,COM,Sub-Saharan Africa ,2013,696192.0,695286.0421100615
Comoros,COM,Sub-Saharan Africa ,2014,711503.0,709746.5171436595
Comoros,COM,Sub-Saharan Africa ,2015,726682.0,727147.5975847015
Comoros,COM,Sub-Saharan Africa ,2016,741741.0,742270.5355990571
Comoros,COM,Sub-Saharan Africa ,2017,756669.0,757082.6139102138
Comoros,COM,Sub-Saharan Africa ,2018,771590.0,772326.8402401113
Comoros,COM,Sub-Saharan Africa ,2019,786578.0,787526.7397134135
Comoros,COM,Sub-Saharan Africa ,2020,802163.0,801859.0154919688
Comoros,COM,Sub-Saharan Africa ,2021,818174.0,818050.9629802344
Comoros,COM,Sub-Saharan Africa ,2022,834188.0,834944.318628893
Comoros,COM,Sub-Saharan Africa ,2023,850387.0,851145.5963468192
Comoros,COM,Sub-Saharan Africa ,2024,866628.0,867972.4098974442
Cabo Verde,CPV,Sub-Saharan Africa ,1970,287885.0,287825.93776358827
Cabo Verde,CPV,Sub-Saharan Africa ,1971,294046.0,297760.5245348334
Cabo Verde,CPV,Sub-Saharan Africa ,1972,297386.0,306133.5755795246
Cabo Verde,CPV,Sub-Saharan Africa ,1973,299881.0,300763.9383729939
Cabo Verde,CPV,Sub-Saharan Africa ,1974,302570.0,302396.93247018685
Cabo Verde,CPV,Sub-Saharan Africa ,1975,305847.0,305283.1119465643
Cabo Verde,CPV,Sub-Saharan Africa ,1976,309455.0,312365.12503864715
Cabo Verde,CPV,Sub-Saharan Africa ,1977,312834.0,315311.8635157135
Cabo Verde,CPV,Sub-Saharan Africa ,1978,316147.0,317972.9783163163
Cabo Verde,CPV,Sub-Saharan Africa ,1979,319480.0,321546.82335754484
Cabo Verde,CPV,Sub-Saharan Africa ,1980,323301.0,323252.8636650874
Cabo Verde,CPV,Sub-Saharan Africa ,1981,327846.0,326723.55269208713
Cabo Verde,CPV,Sub-Saharan Africa ,1982,332724.0,330422.4679650593
Cabo Verde,CPV,Sub-Saharan Africa ,1983,337654.0,336582.92703516065
Cabo Verde,CPV,Sub-Saharan Africa ,1984,342505.0,342657.0482372323
Cabo Verde,CPV,Sub-Saharan Africa ,1985,347365.0,347439.9856929452
Cabo Verde,CPV,Sub-Saharan Africa ,1986,352312.0,351852.0678337615
Cabo Verde,CPV,Sub-Saharan Africa ,1987,357302.0,356997.27843047515
Cabo Verde,CPV,Sub-Saharan Africa ,1988,362329.0,362013.43302052445
Cabo Verde,CPV,Sub-Saharan Africa ,1989,367803.0,367533.5277217918
Cabo Verde,CPV,Sub-Saharan Africa ,1990,375428.0,373028.21048575616
Cabo Verde,CPV,Sub-Saharan Africa ,1991,384586.0,379359.0886173785
Cabo Verde,CPV,Sub-Saharan Africa ,1992,393415.0,393967.3955711738
Cabo Verde,CPV,Sub-Saharan Africa ,1993,401965.0,402446.68875873863
Cabo Verde,CPV,Sub-Saharan Africa ,1994,410228.0,409178.5217863299
Cabo Verde,CPV,Sub-Saharan Africa ,1995,418104.0,417880.2838762033
Cabo Verde,CPV,Sub-Saharan Africa ,1996,425581.0,426136.0261356808
Cabo Verde,CPV,Sub-Saharan Africa ,1997,432798.0,434944.1929102087
Cabo Verde,CPV,Sub-Saharan Africa ,1998,439784.0,441428.90208198095
Cabo Verde,CPV,Sub-Saharan Africa ,1999,446519.0,446882.76438505756
Cabo Verde,CPV,Sub-Saharan Africa ,2000,453317.0,455206.38624142803
Cabo Verde,CPV,Sub-Saharan Africa ,2001,460293.0,461675.85688138625
Cabo Verde,CPV,Sub-Saharan Africa ,2002,467046.0,468397.35695331445
Cabo Verde,CPV,Sub-Saharan Africa ,2003,473383.0,474898.49301241175
Cabo Verde,CPV,Sub-Saharan Africa ,2004,479370.0,480980.53218698804
Cabo Verde,CPV,Sub-Saharan Africa ,2005,485115.0,486715.2659076745
Cabo Verde,CPV,Sub-Saharan Africa ,2006,490728.0,492230.4207024991
Cabo Verde,CPV,Sub-Saharan Africa ,2007,496190.0,496413.2887475786
Cabo Verde,CPV,Sub-Saharan Africa ,2008,501355.0,502886.27542047406
Cabo Verde,CPV,Sub-Saharan Africa ,2009,506141.0,507849.376922322
Cabo Verde,CPV,Sub-Saharan Africa ,2010,509784.0,512377.8710431022
Cabo Verde,CPV,Sub-Saharan Africa ,2011,511447.0,515612.34179240663
Cabo Verde,CPV,Sub-Saharan Africa ,2012,511955.0,513115.42505394534
Cabo Verde,CPV,Sub-Saharan Africa ,2013,512225.0,512463.50459820306
Cabo Verde,CPV,Sub-Saharan Africa ,2014,512326.0,512495.14238870225
Cabo Verde,CPV,Sub-Saharan Africa ,2015,512394.0,515442.1324963408
Cabo Verde,CPV,Sub-Saharan Africa ,2016,512554.0,514859.6199904123
Cabo Verde,CPV,Sub-Saharan Africa ,2017,512893.0,514405.2115470912
Cabo Verde,CPV,Sub-Saharan Africa ,2018,513415.0,515832.10636986856
Cabo Verde,CPV,Sub-Saharan Africa ,2019,514104.0,514664.72449530504
Cabo Verde,CPV,Sub-Saharan Africa ,2020,514679.0,514259.7037180466
Cabo Verde,CPV,Sub-Saharan Africa ,2021,516649.0,515257.1840346478
Cabo Verde,CPV,Sub-Saharan Africa ,2022,519741.0,518141.47662929277
Cabo Verde,CPV,Sub-Saharan Africa ,2023,522331.0,522701.01307187113
Cabo Verde,CPV,Sub-Saharan Africa ,2024,524877.0,524933.90666096
Costa Rica,CRI,Latin America & Caribbean ,1970,1838949.0,1849619.5412175194
Costa Rica,CRI,Latin America & Caribbean ,1971,1888539.0,1898877.0876165077
Costa Rica,CRI,Latin America & Caribbean ,1972,1938248.0,1947892.8557553652
Costa Rica,CRI,Latin America & Caribbean ,1973,1988343.0,1996979.848506879
Costa Rica,CRI,Latin America & Caribbean ,1974,2039643.0,2046500.2410613678
Costa Rica,CRI,Latin America & Caribbean ,1975,2092719.0,2097432.4742815564
Costa Rica,CRI,Latin America & Caribbean ,1976,2147774.0,2150530.9489212427
Costa Rica,CRI,Latin America & Caribbean ,1977,2205025.0,2205879.0607058173
Costa Rica,CRI,Latin America & Caribbean ,1978,2264510.0,2264626.7315614503
Costa Rica,CRI,Latin America & Caribbean ,1979,2326490.0,2323201.2181529077
Costa Rica,CRI,Latin America & Caribbean ,1980,2390633.0,2390156.3920823103
Costa Rica,CRI,Latin America & Caribbean ,1981,2456637.0,2456541.875674632
Costa Rica,CRI,Latin America & Caribbean ,1982,2524806.0,2522178.684507175
Costa Rica,CRI,Latin America & Caribbean ,1983,2595153.0,2592701.7385908244
Costa Rica,CRI,Latin America & Caribbean ,1984,2667595.0,2665536.8268576623
Costa Rica,CRI,Latin America & Caribbean ,1985,2741894.0,2740506.757448848
Costa Rica,CRI,Latin America & Caribbean ,1986,2817216.0,2817291.099426918
Costa Rica,CRI,Latin America & Caribbean ,1987,2892699.0,2894698.2410808015
Costa Rica,CRI,Latin America & Caribbean ,1988,2968103.0,2974494.914223041
Costa Rica,CRI,Latin America & Caribbean ,1989,3043827.0,3045495.031512651
Costa Rica,CRI,Latin America & Caribbean ,1990,3121706.0,3121497.309664024
Costa Rica,CRI,Latin America & Caribbean ,1991,3202176.0,3201501.3055127454
Costa Rica,CRI,Latin America & Caribbean ,1992,3284258.0,3287863.3834274593
Costa Rica,CRI,Latin America & Caribbean ,1993,3367434.0,3371341.903093788
Costa Rica,CRI,Latin America & Caribbean ,1994,3451122.0,3455755.118435026
Costa Rica,CRI,Latin America & Caribbean ,1995,3535176.0,3544567.6185503434
Costa Rica,CRI,Latin America & Caribbean ,1996,3619013.0,3630508.168050152
Costa Rica,CRI,Latin America & Caribbean ,1997,3701711.0,3705741.909099662
Costa Rica,CRI,Latin America & Caribbean ,1998,3782838.0,3786699.7978676255
Costa Rica,CRI,Latin America & Caribbean ,1999,3862101.0,3865742.9860539692
Costa Rica,CRI,Latin America & Caribbean ,2000,3937739.0,3945405.1554649402
Costa Rica,CRI,Latin America & Caribbean ,2001,4008947.0,4014858.345971038
Costa Rica,CRI,Latin America & Caribbean ,2002,4075705.0,4081442.688188912
Costa Rica,CRI,Latin America & Caribbean ,2003,4138784.0,4163072.7730525713
Costa Rica,CRI,Latin America & Caribbean ,2004,4200078.0,4223192.0780817745
Costa Rica,CRI,Latin America & Caribbean ,2005,4261240.0,4281279.499046365
Costa Rica,CRI,Latin America & Caribbean ,2006,4321340.0,4339280.330041483
Costa Rica,CRI,Latin America & Caribbean ,2007,4380248.0,4396303.729083176
Costa Rica,CRI,Latin America & Caribbean ,2008,4440056.0,4452211.655638647
Costa Rica,CRI,Latin America & Caribbean ,2009,4499791.0,4509388.669324362
Costa Rica,CRI,Latin America & Caribbean ,2010,4555962.0,4567313.36786935
Costa Rica,CRI,Latin America & Caribbean ,2011,4609833.0,4621604.303502994
Costa Rica,CRI,Latin America & Caribbean ,2012,4663934.0,4673388.288630937
Costa Rica,CRI,Latin America & Caribbean ,2013,4716147.0,4726251.194408538
Costa Rica,CRI,Latin America & Caribbean ,2014,4767119.0,4777265.844642092
Costa Rica,CRI,Latin America & Caribbean ,2015,4818038.0,4826911.390634178
Costa Rica,CRI,Latin America & Caribbean ,2016,4866998.0,4876636.867377045
Costa Rica,CRI,Latin America & Caribbean ,2017,4913177.0,4924353.0521912845
Costa Rica,CRI,Latin America & Caribbean ,2018,4957818.0,4968807.448729851
Costa Rica,CRI,Latin America & Caribbean ,2019,4999553.0,5011547.518020503
Costa Rica,CRI,Latin America & Caribbean ,2020,5034320.0,5051433.407080011
Costa Rica,CRI,Latin America & Caribbean ,2021,5059988.0,5083908.904463518
Costa Rica,CRI,Latin America & Caribbean ,2022,5081765.0,5085786.871255819
Costa Rica,CRI,Latin America & Caribbean ,2023,5105525.0,5103635.723133864
Costa Rica,CRI,Latin America & Caribbean ,2024,5129910.0,5144572.264334655
Cuba,CUB,Latin America & Caribbean ,1970,8824382.0,8826672.994528068
Cuba,CUB,Latin America & Caribbean ,1971,8979085.0,8984995.071037568
Cuba,CUB,Latin America & Caribbean ,1972,9123891.0,9155000.35326904
Cuba,CUB,Latin America & Caribbean ,1973,9255328.0,9297311.77752197
Cuba,CUB,Latin America & Caribbean ,1974,9374183.0,9424112.729993556
Cuba,CUB,Latin America & Caribbean ,1975,9479726.0,9494564.3116409
Cuba,CUB,Latin America & Caribbean ,1976,9571242.0,9586457.298656622
Cuba,CUB,Latin America & Caribbean ,1977,9648440.0,9663641.483618185
Cuba,CUB,Latin America & Caribbean ,1978,9711980.0,9784044.61061871
Cuba,CUB,Latin America & Caribbean ,1979,9763355.0,9835648.530940522
Cuba,CUB,Latin America & Caribbean ,1980,9804796.0,9873667.488383513
Cuba,CUB,Latin America & Caribbean ,1981,9849320.0,9901106.305720462
Cuba,CUB,Latin America & Caribbean ,1982,9912681.0,9933371.511344874
Cuba,CUB,Latin America & Caribbean ,1983,9991026.0,9988556.09797694
Cuba,CUB,Latin America & Caribbean ,1984,10073299.0,10061947.02275105
Cuba,CUB,Latin America & Caribbean ,1985,10157228.0,10120044.903625708
Cuba,CUB,Latin America & Caribbean ,1986,10244247.0,10241856.28204273
Cuba,CUB,Latin America & Caribbean ,1987,10335342.0,10332011.509051982
Cuba,CUB,Latin America & Caribbean ,1988,10432585.0,10406928.877300024
Cuba,CUB,Latin America & Caribbean ,1989,10533243.0,10509624.631446078
Cuba,CUB,Latin America & Caribbean ,1990,10631799.0,10593324.062483653
Cuba,CUB,Latin America & Caribbean ,1991,10717640.0,10721420.298884785
Cuba,CUB,Latin America & Caribbean ,1992,10785801.0,10811064.022981657
Cuba,CUB,Latin America & Caribbean ,1993,10841031.0,10854395.484290242
Cuba,CUB,Latin America & Caribbean ,1994,10886021.0,10896653.62460336
Cuba,CUB,Latin America & Caribbean ,1995,10925362.0,10931197.707615007
Cuba,CUB,Latin America & Caribbean ,1996,10962010.0,10964845.174575353
Cuba,CUB,Latin America & Caribbean ,1997,10997934.0,11033937.86824045
Cuba,CUB,Latin America & Caribbean ,1998,11034712.0,11062628.619786682
Cuba,CUB,Latin America & Caribbean ,1999,11072230.0,11091967.812286258
Cuba,CUB,Latin America & Caribbean ,2000,11109109.0,11142929.934757294
Cuba,CUB,Latin America & Caribbean ,2001,11144132.0,11164122.350412365
Cuba,CUB,Latin America & Caribbean ,2002,11177418.0,11190670.926133709
Cuba,CUB,Latin America & Caribbean ,2003,11209383.0,11220442.172195373
Cuba,CUB,Latin America & Caribbean ,2004,11238756.0,11245922.477065392
Cuba,CUB,Latin America & Caribbean ,2005,11262554.0,11268879.361787079
Cuba,CUB,Latin America & Caribbean ,2006,11278550.0,11287178.679475196
Cuba,CUB,Latin America & Caribbean ,2007,11287272.0,11296642.326448757
Cuba,CUB,Latin America & Caribbean ,2008,11291762.0,11299177.647030866
Cuba,CUB,Latin America & Caribbean ,2009,11294719.0,11296253.786172112
Cuba,CUB,Latin America & Caribbean ,2010,11297409.0,11315621.886685492
Cuba,CUB,Latin America & Caribbean ,2011,11301571.0,11314569.387350919
Cuba,CUB,Latin America & Caribbean ,2012,11303175.0,11315498.52664169
Cuba,CUB,Latin America & Caribbean ,2013,11298167.0,11313683.414572045
Cuba,CUB,Latin America & Caribbean ,2014,11285775.0,11317697.74410648
Cuba,CUB,Latin America & Caribbean ,2015,11275065.0,11305370.874053344
Cuba,CUB,Latin America & Caribbean ,2016,11265612.0,11274730.35198866
Cuba,CUB,Latin America & Caribbean ,2017,11247829.0,11256155.047004016
Cuba,CUB,Latin America & Caribbean ,2018,11227118.0,11243025.419865262
Cuba,CUB,Latin America & Caribbean ,2019,11202846.0,11219699.634330396
Cuba,CUB,Latin America & Caribbean ,2020,11176354.0,11192456.561006498
Cuba,CUB,Latin America & Caribbean ,2021,11122168.0,11162588.61114656
Cuba,CUB,Latin America & Caribbean ,2022,11059820.0,11083030.830291113
Cuba,CUB,Latin America & Caribbean ,2023,11019931.0,11000858.270648425
Cuba,CUB,Latin America & Caribbean ,2024,10979783.0,10990830.363946183
Curacao,CUW,Latin America & Caribbean ,1970,144739.0,144703.48299491534
Curacao,CUW,Latin America & Caribbean ,1971,147389.0,146970.16045872486
Curacao,CUW,Latin America & Caribbean ,1972,147710.0,149135.01632160443
Curacao,CUW,Latin America & Caribbean ,1973,146912.0,150599.37120473117
Curacao,CUW,Latin America & Caribbean ,1974,148351.0,146118.3111921352
Curacao,CUW,Latin America & Caribbean ,1975,149129.0,149880.88081670075
Curacao,CUW,Latin America & Caribbean ,1976,149399.0,150580.15652043407
Curacao,CUW,Latin America & Caribbean ,1977,149459.0,150705.32695845765
Curacao,CUW,Latin America & Caribbean ,1978,148341.0,151838.2241737869
Curacao,CUW,Latin America & Caribbean ,1979,147851.0,150802.5944696362
Curacao,CUW,Latin America & Caribbean ,1980,148041.0,149663.88960396824
Curacao,CUW,Latin America & Caribbean ,1981,148629.0,148112.85738568436
Curacao,CUW,Latin America & Caribbean ,1982,150101.0,148729.11852597992
Curacao,CUW,Latin America & Caribbean ,1983,151159.0,149270.4128863169
Curacao,CUW,Latin America & Caribbean ,1984,151940.0,152224.45743797667
Curacao,CUW,Latin America & Caribbean ,1985,152711.0,152725.03523413307
Curacao,CUW,Latin America & Caribbean ,1986,152662.0,153083.50277823678
Curacao,CUW,Latin America & Caribbean ,1987,151456.0,153121.2669890467
Curacao,CUW,Latin America & Caribbean ,1988,149254.0,153514.62955990498
Curacao,CUW,Latin America & Caribbean ,1989,146937.0,147084.01463237064
Curacao,CUW,Latin America & Caribbean ,1990,145400.0,144655.9688035499
Curacao,CUW,Latin America & Caribbean ,1991,144403.0,145045.57843675683
Curacao,CUW,Latin America & Caribbean ,1992,143912.0,143783.3902280197
Curacao,CUW,Latin America & Caribbean ,1993,144299.0,143128.52891659207
Curacao,CUW,Latin America & Caribbean ,1994,144630.0,141988.37728007464
Curacao,CUW,Latin America & Caribbean ,1995,145139.0,144961.75927946487
Curacao,CUW,Latin America & Caribbean ,1996,146306.0,145649.7913277022
Curacao,CUW,Latin America & Caribbean ,1997,146956.0,145744.69872887793
Curacao,CUW,Latin America & Caribbean ,1998,144472.0,146702.86095441147
Curacao,CUW,Latin America & Caribbean ,1999,139428.0,145316.26573923245
Curacao,CUW,Latin America & Caribbean ,2000,133860.0,134560.10295313955
Curacao,CUW,Latin America & Caribbean ,2001,129047.0,128514.35579110098
Curacao,CUW,Latin America & Caribbean ,2002,129205.0,124407.05367269064
Curacao,CUW,Latin America & Caribbean ,2003,131897.0,127628.58574006447
Curacao,CUW,Latin America & Caribbean ,2004,134192.0,130553.29707498195
Curacao,CUW,Latin America & Caribbean ,2005,137658.0,136526.93292431548
Curacao,CUW,Latin America & Caribbean ,2006,141239.0,141213.52208819508
Curacao,CUW,Latin America & Caribbean ,2007,144056.0,144913.15523465135
Curacao,CUW,Latin America & Caribbean ,2008,145880.0,144009.82025599797
Curacao,CUW,Latin America & Caribbean ,2009,146833.0,143910.79213627844
Curacao,CUW,Latin America & Caribbean ,2010,148703.0,149115.12508280884
Curacao,CUW,Latin America & Caribbean ,2011,150831.0,152833.2445927896
Curacao,CUW,Latin America & Caribbean ,2012,152088.0,153447.0451277672
Curacao,CUW,Latin America & Caribbean ,2013,153822.0,154514.15863751934
Curacao,CUW,Latin America & Caribbean ,2014,155909.0,156173.1721332484
Curacao,CUW,Latin America & Caribbean ,2015,157980.0,158316.43783932232
Curacao,CUW,Latin America & Caribbean ,2016,159664.0,159677.1149194838
Curacao,CUW,Latin America & Caribbean ,2017,160175.0,161363.47901117743
Curacao,CUW,Latin America & Caribbean ,2018,159336.0,162798.81045264323
Curacao,CUW,Latin America & Caribbean ,2019,157441.0,158501.39474190417
Curacao,CUW,Latin America & Caribbean ,2020,155482.0,155568.53746371268
Curacao,CUW,Latin America & Caribbean ,2021,153948.0,153547.3753481187
Curacao,CUW,Latin America & Caribbean ,2022,153321.0,152429.1345689078
Curacao,CUW,Latin America & Caribbean ,2023,154654.0,153265.43400410414
Curacao,CUW,Latin America & Caribbean ,2024,155967.0,153845.5714242401
Cayman Islands,CYM,Latin America & Caribbean ,1970,10517.0,10394.60662648372
Cayman Islands,CYM,Latin America & Caribbean ,1971,11098.0,10666.227955339467
Cayman Islands,CYM,Latin America & Caribbean ,1972,11764.0,11711.09669282917
Cayman Islands,CYM,Latin America & Caribbean ,1973,12438.0,12469.967202451076
Cayman Islands,CYM,Latin America & Caribbean ,1974,13114.0,13150.61577933879
Cayman Islands,CYM,Latin America & Caribbean ,1975,13788.0,13614.549737623667
Cayman Islands,CYM,Latin America & Caribbean ,1976,14454.0,14360.605064811107
Cayman Islands,CYM,Latin America & Caribbean ,1977,15105.0,15097.055752336584
Cayman Islands,CYM,Latin America & Caribbean ,1978,15727.0,15881.94268174162
Cayman Islands,CYM,Latin America & Caribbean ,1979,16351.0,16733.50066297818
Cayman Islands,CYM,Latin America & Caribbean ,1980,17079.0,16999.758441056823
Cayman Islands,CYM,Latin America & Caribbean ,1981,17905.0,17916.96319545126
Cayman Islands,CYM,Latin America & Caribbean ,1982,18750.0,18760.444945667517
Cayman Islands,CYM,Latin America & Caribbean ,1983,19598.0,19608.48072263946
Cayman Islands,CYM,Latin America & Caribbean ,1984,20454.0,20441.853250301236
Cayman Islands,CYM,Latin America & Caribbean ,1985,21324.0,21370.309789048923
Cayman Islands,CYM,Latin America & Caribbean ,1986,22197.0,22265.773364695353
Cayman Islands,CYM,Latin America & Caribbean ,1987,23073.0,23250.75381629666
Cayman Islands,CYM,Latin America & Caribbean ,1988,23951.0,23983.571159237767
Cayman Islands,CYM,Latin America & Caribbean ,1989,24874.0,24863.16004832239
Cayman Islands,CYM,Latin America & Caribbean ,1990,25999.0,25935.05823475604
Cayman Islands,CYM,Latin America & Caribbean ,1991,27294.0,27098.627256169555
Cayman Islands,CYM,Latin America & Caribbean ,1992,28621.0,28272.512130445404
Cayman Islands,CYM,Latin America & Caribbean ,1993,29976.0,30012.517076828346
Cayman Islands,CYM,Latin America & Caribbean ,1994,31352.0,31395.149576664222
Cayman Islands,CYM,Latin America & Caribbean ,1995,32743.0,32723.88583268987
Cayman Islands,CYM,Latin America & Caribbean ,1996,34143.0,34188.18931385421
Cayman Islands,CYM,Latin America & Caribbean ,1997,35543.0,35734.61315850834
Cayman Islands,CYM,Latin America & Caribbean ,1998,36922.0,37359.76718656094
Cayman Islands,CYM,Latin America & Caribbean ,1999,38284.0,38354.502548887045
Cayman Islands,CYM,Latin America & Caribbean ,2000,39674.0,39966.00255932556
Cayman Islands,CYM,Latin America & Caribbean ,2001,41089.0,41357.544126205954
Cayman Islands,CYM,Latin America & Caribbean ,2002,42514.0,42773.47582251717
Cayman Islands,CYM,Latin America & Caribbean ,2003,43934.0,44197.12271910117
Cayman Islands,CYM,Latin America & Caribbean ,2004,45352.0,45612.09363057289
Cayman Islands,CYM,Latin America & Caribbean ,2005,46788.0,47023.63941110909
Cayman Islands,CYM,Latin America & Caribbean ,2006,48232.0,48455.821728425326
Cayman Islands,CYM,Latin America & Caribbean ,2007,49687.0,49896.16093602143
Cayman Islands,CYM,Latin America & Caribbean ,2008,51151.0,51353.6680057903
Cayman Islands,CYM,Latin America & Caribbean ,2009,52618.0,52824.57738312065
Cayman Islands,CYM,Latin America & Caribbean ,2010,54099.0,54295.03671183075
Cayman Islands,CYM,Latin America & Caribbean ,2011,55606.0,55778.030403038996
Cayman Islands,CYM,Latin America & Caribbean ,2012,57136.0,57289.63968805371
Cayman Islands,CYM,Latin America & Caribbean ,2013,58655.0,58828.61736813256
Cayman Islands,CYM,Latin America & Caribbean ,2014,60160.0,60356.21576607133
Cayman Islands,CYM,Latin America & Caribbean ,2015,61642.0,61864.02869886762
Cayman Islands,CYM,Latin America & Caribbean ,2016,63100.0,63345.36110110252
Cayman Islands,CYM,Latin America & Caribbean ,2017,64535.0,64797.94209034162
Cayman Islands,CYM,Latin America & Caribbean ,2018,65941.0,66002.63431230259
Cayman Islands,CYM,Latin America & Caribbean ,2019,67327.0,67615.44445193243
Cayman Islands,CYM,Latin America & Caribbean ,2020,68684.0,68983.33727125806
Cayman Islands,CYM,Latin America & Caribbean ,2021,70108.0,70315.041353085
Cayman Islands,CYM,Latin America & Caribbean ,2022,71591.0,71720.09099906468
Cayman Islands,CYM,Latin America & Caribbean ,2023,73038.0,73194.344207352
Cayman Islands,CYM,Latin America & Caribbean ,2024,74457.0,74629.87447732688
Cyprus,CYP,Europe & Central Asia,1970,647446.0,647722.8987480296
Cyprus,CYP,Europe & Central Asia,1971,654050.0,653030.6278496828
Cyprus,CYP,Europe & Central Asia,1972,661063.0,660717.8688680718
Cyprus,CYP,Europe & Central Asia,1973,665937.0,667324.6406482031
Cyprus,CYP,Europe & Central Asia,1974,663254.0,672666.0050841061
Cyprus,CYP,Europe & Central Asia,1975,659405.0,675421.6700798835
Cyprus,CYP,Europe & Central Asia,1976,662032.0,655578.3364833168
Cyprus,CYP,Europe & Central Asia,1977,667101.0,665778.158621602
Cyprus,CYP,Europe & Central Asia,1978,672249.0,670748.0520494978
Cyprus,CYP,Europe & Central Asia,1979,677549.0,675791.2305199113
Cyprus,CYP,Europe & Central Asia,1980,683076.0,676875.9741697672
Cyprus,CYP,Europe & Central Asia,1981,688893.0,686397.6895286934
Cyprus,CYP,Europe & Central Asia,1982,696497.0,692056.2441323098
Cyprus,CYP,Europe & Central Asia,1983,707225.0,699977.9690484285
Cyprus,CYP,Europe & Central Asia,1984,719334.0,706100.6190546075
Cyprus,CYP,Europe & Central Asia,1985,731277.0,726318.9474466327
Cyprus,CYP,Europe & Central Asia,1986,743105.0,743418.2879645326
Cyprus,CYP,Europe & Central Asia,1987,754785.0,752067.2759889729
Cyprus,CYP,Europe & Central Asia,1988,766235.0,764559.662467377
Cyprus,CYP,Europe & Central Asia,1989,777420.0,776778.8996674839
Cyprus,CYP,Europe & Central Asia,1990,788351.0,788582.7006865871
Cyprus,CYP,Europe & Central Asia,1991,798944.0,801781.2359962885
Cyprus,CYP,Europe & Central Asia,1992,810341.0,809684.6787412245
Cyprus,CYP,Europe & Central Asia,1993,826034.0,822688.573430813
Cyprus,CYP,Europe & Central Asia,1994,844667.0,837042.4421017217
Cyprus,CYP,Europe & Central Asia,1995,862695.0,863720.3079324056
Cyprus,CYP,Europe & Central Asia,1996,880290.0,881107.7775018828
Cyprus,CYP,Europe & Central Asia,1997,897568.0,898243.8568885318
Cyprus,CYP,Europe & Central Asia,1998,914548.0,913485.5888169372
Cyprus,CYP,Europe & Central Asia,1999,931234.0,931206.4277982035
Cyprus,CYP,Europe & Central Asia,2000,947667.0,949316.7435186742
Cyprus,CYP,Europe & Central Asia,2001,964127.0,968644.8865222603
Cyprus,CYP,Europe & Central Asia,2002,981440.0,980874.0626309486
Cyprus,CYP,Europe & Central Asia,2003,999590.0,1000425.1348815747
Cyprus,CYP,Europe & Central Asia,2004,1017875.0,1018470.4377361796
Cyprus,CYP,Europe & Central Asia,2005,1036151.0,1037148.0475114555
Cyprus,CYP,Europe & Central Asia,2006,1054418.0,1055130.8996786221
Cyprus,CYP,Europe & Central Asia,2007,1072714.0,1073597.6786805717
Cyprus,CYP,Europe & Central Asia,2008,1091026.0,1092422.229494781
Cyprus,CYP,Europe & Central Asia,2009,1109371.0,1109653.693869931
Cyprus,CYP,Europe & Central Asia,2010,1127816.0,1128027.1876678274
Cyprus,CYP,Europe & Central Asia,2011,1146493.0,1146633.0266588253
Cyprus,CYP,Europe & Central Asia,2012,1165397.0,1166471.2843418918
Cyprus,CYP,Europe & Central Asia,2013,1183895.0,1185444.1631672413
Cyprus,CYP,Europe & Central Asia,2014,1201801.0,1203944.3855125224
Cyprus,CYP,Europe & Central Asia,2015,1219502.0,1221778.498312623
Cyprus,CYP,Europe & Central Asia,2016,1237112.0,1237957.721850759
Cyprus,CYP,Europe & Central Asia,2017,1254275.0,1255244.6817512428
Cyprus,CYP,Europe & Central Asia,2018,1270737.0,1272123.822056828
Cyprus,CYP,Europe & Central Asia,2019,1286671.0,1290056.7215791645
Cyprus,CYP,Europe & Central Asia,2020,1302247.0,1305662.817239721
Cyprus,CYP,Europe & Central Asia,2021,1317309.0,1320823.3261507251
Cyprus,CYP,Europe & Central Asia,2022,1331370.0,1335379.7318306996
Cyprus,CYP,Europe & Central Asia,2023,1344976.0,1348866.8583894072
Cyprus,CYP,Europe & Central Asia,2024,1358282.0,1361902.1234227663
Czechia,CZE,Europe & Central Asia,1970,9858071.0,9956246.694419665
Czechia,CZE,Europe & Central Asia,1971,9826815.0,9819711.846556285
Czechia,CZE,Europe & Central Asia,1972,9867632.0,9794468.83672874
Czechia,CZE,Europe & Central Asia,1973,9922266.0,9889750.155958904
Czechia,CZE,Europe & Central Asia,1974,9988459.0,9924198.174238248
Czechia,CZE,Europe & Central Asia,1975,10058620.0,10011945.897497421
Czechia,CZE,Europe & Central Asia,1976,10125939.0,10129273.825373286
Czechia,CZE,Europe & Central Asia,1977,10186755.0,10193708.543892289
Czechia,CZE,Europe & Central Asia,1978,10242098.0,10221841.561438087
Czechia,CZE,Europe & Central Asia,1979,10292341.0,10250104.052024525
Czechia,CZE,Europe & Central Asia,1980,10304193.0,10343002.077078793
Czechia,CZE,Europe & Central Asia,1981,10300591.0,10316058.649648698
Czechia,CZE,Europe & Central Asia,1982,10314826.0,10296990.25925475
Czechia,CZE,Europe & Central Asia,1983,10323856.0,10329080.671163984
Czechia,CZE,Europe & Central Asia,1984,10330213.0,10361804.39332334
Czechia,CZE,Europe & Central Asia,1985,10337118.0,10360852.724481676
Czechia,CZE,Europe & Central Asia,1986,10342227.0,10360921.762710473
Czechia,CZE,Europe & Central Asia,1987,10347318.0,10375315.285947204
Czechia,CZE,Europe & Central Asia,1988,10355276.0,10365568.77708156
Czechia,CZE,Europe & Central Asia,1989,10361068.0,10363173.623791995
Czechia,CZE,Europe & Central Asia,1990,10333355.0,10369025.273872372
Czechia,CZE,Europe & Central Asia,1991,10308578.0,10362351.136075627
Czechia,CZE,Europe & Central Asia,1992,10319123.0,10283802.742824744
Czechia,CZE,Europe & Central Asia,1993,10329855.0,10318533.89011276
Czechia,CZE,Europe & Central Asia,1994,10333587.0,10325274.857642272
Czechia,CZE,Europe & Central Asia,1995,10327253.0,10322497.807275608
Czechia,CZE,Europe & Central Asia,1996,10315241.0,10318747.406180527
Czechia,CZE,Europe & Central Asia,1997,10304131.0,10312331.035835616
Czechia,CZE,Europe & Central Asia,1998,10294373.0,10304560.324562896
Czechia,CZE,Europe & Central Asia,1999,10283860.0,10297892.966485087
Czechia,CZE,Europe & Central Asia,2000,10255063.0,10278406.056524346
Czechia,CZE,Europe & Central Asia,2001,10216605.0,10249249.403675513
Czechia,CZE,Europe & Central Asia,2002,10196916.0,10205277.23992641
Czechia,CZE,Europe & Central Asia,2003,10193998.0,10182268.798334034
Czechia,CZE,Europe & Central Asia,2004,10197101.0,10178536.028339714
Czechia,CZE,Europe & Central Asia,2005,10211216.0,10200204.944517495
Czechia,CZE,Europe & Central Asia,2006,10238905.0,10225350.537819065
Czechia,CZE,Europe & Central Asia,2007,10298828.0,10266669.081772625
Czechia,CZE,Europe & Central Asia,2008,10384603.0,10359101.6969929
Czechia,CZE,Europe & Central Asia,2009,10443936.0,10471092.386510566
Czechia,CZE,Europe & Central Asia,2010,10474410.0,10465135.421306016
Czechia,CZE,Europe & Central Asia,2011,10496088.0,10503445.654415859
Czechia,CZE,Europe & Central Asia,2012,10510785.0,10529932.973707376
Czechia,CZE,Europe & Central Asia,2013,10514272.0,10578630.259123186
Czechia,CZE,Europe & Central Asia,2014,10525347.0,10517760.15722515
Czechia,CZE,Europe & Central Asia,2015,10546059.0,10536433.665124424
Czechia,CZE,Europe & Central Asia,2016,10566332.0,10580754.885981781
Czechia,CZE,Europe & Central Asia,2017,10594438.0,10612950.22630375
Czechia,CZE,Europe & Central Asia,2018,10629928.0,10612587.905700997
Czechia,CZE,Europe & Central Asia,2019,10671870.0,10665536.886708718
Czechia,CZE,Europe & Central Asia,2020,10697858.0,10713918.91255142
Czechia,CZE,Europe & Central Asia,2021,10505772.0,10720499.97146089
Czechia,CZE,Europe & Central Asia,2022,10672118.0,10651170.557531094
Czechia,CZE,Europe & Central Asia,2023,10864042.0,10672178.146892194
Czechia,CZE,Europe & Central Asia,2024,10905028.0,10759679.052879078
Germany,DEU,Europe & Central Asia,1970,78169289.0,78497160.6636644
Germany,DEU,Europe & Central Asia,1971,78312842.0,78722094.78671296
Germany,DEU,Europe & Central Asia,1972,78688452.0,78806040.36277188
Germany,DEU,Europe & Central Asia,1973,78936666.0,79142771.95898686
Germany,DEU,Europe & Central Asia,1974,78967433.0,79589495.81129706
Germany,DEU,Europe & Central Asia,1975,78673554.0,79645002.82264666
Germany,DEU,Europe & Central Asia,1976,78336950.0,78526292.46003656
Germany,DEU,Europe & Central Asia,1977,78159814.0,78001972.4971795
Germany,DEU,Europe & Central Asia,1978,78091820.0,78256576.44252428
Germany,DEU,Europe & Central Asia,1979,78126350.0,78111977.51449697
Germany,DEU,Europe & Central Asia,1980,78288576.0,78121373.83766942
Germany,DEU,Europe & Central Asia,1981,78407907.0,78086329.57351458
Germany,DEU,Europe & Central Asia,1982,78333366.0,78376465.54486637
Germany,DEU,Europe & Central Asia,1983,78128282.0,78258895.87281367
Germany,DEU,Europe & Central Asia,1984,77858685.0,78035565.03244379
Germany,DEU,Europe & Central Asia,1985,77684873.0,78012943.37875599
Germany,DEU,Europe & Central Asia,1986,77720436.0,77511449.01331699
Germany,DEU,Europe & Central Asia,1987,77839920.0,77756015.27227882
Germany,DEU,Europe & Central Asia,1988,78144619.0,77811813.56628332
Germany,DEU,Europe & Central Asia,1989,78751283.0,78450510.71617468
Germany,DEU,Europe & Central Asia,1990,79433029.0,79362656.73397484
Germany,DEU,Europe & Central Asia,1991,80013896.0,80120676.84312676
Germany,DEU,Europe & Central Asia,1992,80624598.0,80202832.78804989
Germany,DEU,Europe & Central Asia,1993,81156363.0,80906843.83904438
Germany,DEU,Europe & Central Asia,1994,81438348.0,81531324.16257328
Germany,DEU,Europe & Central Asia,1995,81678051.0,81909432.47740485
Germany,DEU,Europe & Central Asia,1996,81914831.0,82449955.0544128
Germany,DEU,Europe & Central Asia,1997,82034771.0,82152297.41119626
Germany,DEU,Europe & Central Asia,1998,82047195.0,82154886.62179741
Germany,DEU,Europe & Central Asia,1999,82100243.0,82421547.68632045
Germany,DEU,Europe & Central Asia,2000,82211508.0,82401949.92168164
Germany,DEU,Europe & Central Asia,2001,82349925.0,82459404.57115965
Germany,DEU,Europe & Central Asia,2002,82488495.0,82675853.18654694
Germany,DEU,Europe & Central Asia,2003,82534176.0,82637894.682479
Germany,DEU,Europe & Central Asia,2004,82516260.0,82691498.93785958
Germany,DEU,Europe & Central Asia,2005,82469422.0,82694380.51288645
Germany,DEU,Europe & Central Asia,2006,82376451.0,82423470.3976114
Germany,DEU,Europe & Central Asia,2007,82266372.0,82283584.81146953
Germany,DEU,Europe & Central Asia,2008,82110097.0,82156474.72843692
Germany,DEU,Europe & Central Asia,2009,81902307.0,82111084.44177808
Germany,DEU,Europe & Central Asia,2010,81776930.0,81868868.15470806
Germany,DEU,Europe & Central Asia,2011,80274983.0,81713865.27098298
Germany,DEU,Europe & Central Asia,2012,80425823.0,81085437.1004487
Germany,DEU,Europe & Central Asia,2013,80645605.0,80541535.0777615
Germany,DEU,Europe & Central Asia,2014,80982500.0,80238199.65452987
Germany,DEU,Europe & Central Asia,2015,81686611.0,80185322.25938389
Germany,DEU,Europe & Central Asia,2016,82348669.0,81610314.81415752
Germany,DEU,Europe & Central Asia,2017,82657002.0,82357829.5557905
Germany,DEU,Europe & Central Asia,2018,82905782.0,82717993.20072831
Germany,DEU,Europe & Central Asia,2019,83092962.0,83018049.9045812
Germany,DEU,Europe & Central Asia,2020,83160871.0,83259844.63347165
Germany,DEU,Europe & Central Asia,2021,83196078.0,83488260.56241778
Germany,DEU,Europe & Central Asia,2022,83177813.0,83231299.90492254
Germany,DEU,Europe & Central Asia,2023,83287273.0,83159552.01182884
Germany,DEU,Europe & Central Asia,2024,83516593.0,83547493.6867797
Djibouti,DJI,"Middle East, North Africa, Afghanistan & Pakistan",1970,145175.0,141938.3676938784
Djibouti,DJI,"Middle East, North Africa, Afghanistan & Pakistan",1971,155136.0,151467.95486914876
Djibouti,DJI,"Middle East, North Africa, Afghanistan & Pakistan",1972,166256.0,164156.52593907627
Djibouti,DJI,"Middle East, North Africa, Afghanistan & Pakistan",1973,178449.0,178173.0709386627
Djibouti,DJI,"Middle East, North Africa, Afghanistan & Pakistan",1974,192613.0,191536.21884416934
Djibouti,DJI,"Middle East, North Africa, Afghanistan & Pakistan",1975,209908.0,205172.01313680984
Djibouti,DJI,"Middle East, North Africa, Afghanistan & Pakistan",1976,230737.0,224363.93707911076
Djibouti,DJI,"Middle East, North Africa, Afghanistan & Pakistan",1977,254613.0,247746.27005083679
Djibouti,DJI,"Middle East, North Africa, Afghanistan & Pakistan",1978,280031.0,280959.619680207
Djibouti,DJI,"Middle East, North Africa, Afghanistan & Pakistan",1979,304513.0,303410.34091458726
Djibouti,DJI,"Middle East, North Africa, Afghanistan & Pakistan",1980,325815.0,330637.2904051522
Djibouti,DJI,"Middle East, North Africa, Afghanistan & Pakistan",1981,343047.0,353816.0568329585
Djibouti,DJI,"Middle East, North Africa, Afghanistan & Pakistan",1982,356880.0,361190.3818583547
Djibouti,DJI,"Middle East, North Africa, Afghanistan & Pakistan",1983,369553.0,371270.8009043692
Djibouti,DJI,"Middle East, North Africa, Afghanistan & Pakistan",1984,384053.0,382676.0250304892
Djibouti,DJI,"Middle East, North Africa, Afghanistan & Pakistan",1985,402687.0,410717.07551790867
Djibouti,DJI,"Middle East, North Africa, Afghanistan & Pakistan",1986,426341.0,428391.7453589846
Djibouti,DJI,"Middle East, North Africa, Afghanistan & Pakistan",1987,454399.0,451473.50925395166
Djibouti,DJI,"Middle East, North Africa, Afghanistan & Pakistan",1988,484523.0,473697.20108783816
Djibouti,DJI,"Middle East, North Africa, Afghanistan & Pakistan",1989,523355.0,510183.55161514936
Djibouti,DJI,"Middle East, North Africa, Afghanistan & Pakistan",1990,579538.0,565299.182636999
Djibouti,DJI,"Middle East, North Africa, Afghanistan & Pakistan",1991,631092.0,641752.3347156192
Djibouti,DJI,"Middle East, North Africa, Afghanistan & Pakistan",1992,626010.0,672357.8789979669
Djibouti,DJI,"Middle East, North Africa, Afghanistan & Pakistan",1993,614245.0,685480.7545632009
Djibouti,DJI,"Middle East, North Africa, Afghanistan & Pakistan",1994,626710.0,602701.1065063642
Djibouti,DJI,"Middle East, North Africa, Afghanistan & Pakistan",1995,633074.0,639427.953585983
Djibouti,DJI,"Middle East, North Africa, Afghanistan & Pakistan",1996,648348.0,661503.2238831293
Djibouti,DJI,"Middle East, North Africa, Afghanistan & Pakistan",1997,671817.0,674466.6578845019
Djibouti,DJI,"Middle East, North Africa, Afghanistan & Pakistan",1998,699352.0,696661.358422292
Djibouti,DJI,"Middle East, North Africa, Afghanistan & Pakistan",1999,724218.0,708585.7636060686
Djibouti,DJI,"Middle East, North Africa, Afghanistan & Pakistan",2000,747318.0,717912.9672075998
Djibouti,DJI,"Middle East, North Africa, Afghanistan & Pakistan",2001,771313.0,761486.8470113385
Djibouti,DJI,"Middle East, North Africa, Afghanistan & Pakistan",2002,795574.0,778300.686095099
Djibouti,DJI,"Middle East, North Africa, Afghanistan & Pakistan",2003,813519.0,818771.4549644919
Djibouti,DJI,"Middle East, North Africa, Afghanistan & Pakistan",2004,826124.0,843788.9775390989
Djibouti,DJI,"Middle East, North Africa, Afghanistan & Pakistan",2005,839167.0,838924.3072372165
Djibouti,DJI,"Middle East, North Africa, Afghanistan & Pakistan",2006,855764.0,852415.9252208828
Djibouti,DJI,"Middle East, North Africa, Afghanistan & Pakistan",2007,874528.0,879087.5316861278
Djibouti,DJI,"Middle East, North Africa, Afghanistan & Pakistan",2008,892734.0,896520.3355477118
Djibouti,DJI,"Middle East, North Africa, Afghanistan & Pakistan",2009,911527.0,913727.7637790501
Djibouti,DJI,"Middle East, North Africa, Afghanistan & Pakistan",2010,930251.0,932618.2312931538
Djibouti,DJI,"Middle East, North Africa, Afghanistan & Pakistan",2011,948558.0,948244.3831976914
Djibouti,DJI,"Middle East, North Africa, Afghanistan & Pakistan",2012,966747.0,967275.2208880832
Djibouti,DJI,"Middle East, North Africa, Afghanistan & Pakistan",2013,984824.0,985540.3183218443
Djibouti,DJI,"Middle East, North Africa, Afghanistan & Pakistan",2014,1002717.0,1006134.3875885038
Djibouti,DJI,"Middle East, North Africa, Afghanistan & Pakistan",2015,1020313.0,1020996.5798692192
Djibouti,DJI,"Middle East, North Africa, Afghanistan & Pakistan",2016,1037653.0,1040447.140022857
Djibouti,DJI,"Middle East, North Africa, Afghanistan & Pakistan",2017,1054841.0,1057572.1124433174
Djibouti,DJI,"Middle East, North Africa, Afghanistan & Pakistan",2018,1071882.0,1074590.7281748583
Djibouti,DJI,"Middle East, North Africa, Afghanistan & Pakistan",2019,1088709.0,1091366.9686715072
Djibouti,DJI,"Middle East, North Africa, Afghanistan & Pakistan",2020,1105188.0,1107903.6606879134
Djibouti,DJI,"Middle East, North Africa, Afghanistan & Pakistan",2021,1121248.0,1124125.9961566578
Djibouti,DJI,"Middle East, North Africa, Afghanistan & Pakistan",2022,1137096.0,1139883.1520261844
Djibouti,DJI,"Middle East, North Africa, Afghanistan & Pakistan",2023,1152944.0,1155406.3322799024
Djibouti,DJI,"Middle East, North Africa, Afghanistan & Pakistan",2024,1168722.0,1170967.5509000816
Dominica,DMA,Latin America & Caribbean ,1970,68908.0,69151.40795618246
Dominica,DMA,Latin America & Caribbean ,1971,69532.0,69949.43011447319
Dominica,DMA,Latin America & Caribbean ,1972,70060.0,70864.87720480308
Dominica,DMA,Latin America & Caribbean ,1973,70585.0,70592.00943358838
Dominica,DMA,Latin America & Caribbean ,1974,71091.0,71113.93412666979
Dominica,DMA,Latin America & Caribbean ,1975,71570.0,71600.62734384632
Dominica,DMA,Latin America & Caribbean ,1976,72017.0,72401.04102217857
Dominica,DMA,Latin America & Caribbean ,1977,72406.0,72769.52219567947
Dominica,DMA,Latin America & Caribbean ,1978,72724.0,73423.51052890389
Dominica,DMA,Latin America & Caribbean ,1979,72959.0,73566.5060894788
Dominica,DMA,Latin America & Caribbean ,1980,73083.0,73424.70580903982
Dominica,DMA,Latin America & Caribbean ,1981,72986.0,73207.21075224222
Dominica,DMA,Latin America & Caribbean ,1982,72688.0,72889.12875223185
Dominica,DMA,Latin America & Caribbean ,1983,72365.0,72391.21673217296
Dominica,DMA,Latin America & Caribbean ,1984,72056.0,72043.43529701153
Dominica,DMA,Latin America & Caribbean ,1985,71744.0,72110.20283455562
Dominica,DMA,Latin America & Caribbean ,1986,71406.0,71713.73011169232
Dominica,DMA,Latin America & Caribbean ,1987,71023.0,71295.70460513739
Dominica,DMA,Latin America & Caribbean ,1988,70608.0,70836.62444356673
Dominica,DMA,Latin America & Caribbean ,1989,70153.0,70546.76952450917
Dominica,DMA,Latin America & Caribbean ,1990,69627.0,70007.76396099625
Dominica,DMA,Latin America & Caribbean ,1991,69296.0,69104.94389671601
Dominica,DMA,Latin America & Caribbean ,1992,69325.0,68928.78304894165
Dominica,DMA,Latin America & Caribbean ,1993,69433.0,68732.35374240838
Dominica,DMA,Latin America & Caribbean ,1994,69477.0,69541.1682528248
Dominica,DMA,Latin America & Caribbean ,1995,69469.0,69521.0278870433
Dominica,DMA,Latin America & Caribbean ,1996,69410.0,69461.00092253737
Dominica,DMA,Latin America & Caribbean ,1997,69299.0,69233.22766961702
Dominica,DMA,Latin America & Caribbean ,1998,69124.0,69155.05407444968
Dominica,DMA,Latin America & Caribbean ,1999,68870.0,69114.5144961459
Dominica,DMA,Latin America & Caribbean ,2000,68511.0,68787.46110144645
Dominica,DMA,Latin America & Caribbean ,2001,68288.0,68153.87136987879
Dominica,DMA,Latin America & Caribbean ,2002,68367.0,68173.76191690662
Dominica,DMA,Latin America & Caribbean ,2003,68531.0,68248.39859287081
Dominica,DMA,Latin America & Caribbean ,2004,68649.0,68695.39340688917
Dominica,DMA,Latin America & Caribbean ,2005,68734.0,68767.20318147088
Dominica,DMA,Latin America & Caribbean ,2006,68806.0,68819.10524631734
Dominica,DMA,Latin America & Caribbean ,2007,68847.0,68751.45849066575
Dominica,DMA,Latin America & Caribbean ,2008,68854.0,68816.03340503626
Dominica,DMA,Latin America & Caribbean ,2009,68864.0,68846.8697406399
Dominica,DMA,Latin America & Caribbean ,2010,68859.0,68994.05895786954
Dominica,DMA,Latin America & Caribbean ,2011,69053.0,68857.65589098219
Dominica,DMA,Latin America & Caribbean ,2012,69118.0,69088.6837665037
Dominica,DMA,Latin America & Caribbean ,2013,69715.0,69129.18369021242
Dominica,DMA,Latin America & Caribbean ,2014,70373.0,69402.08936386748
Dominica,DMA,Latin America & Caribbean ,2015,70410.0,71039.58774429854
Dominica,DMA,Latin America & Caribbean ,2016,69606.0,70590.51427320023
Dominica,DMA,Latin America & Caribbean ,2017,68496.0,70300.82991237773
Dominica,DMA,Latin America & Caribbean ,2018,68174.0,67403.7010620235
Dominica,DMA,Latin America & Caribbean ,2019,67880.0,67853.51368431894
Dominica,DMA,Latin America & Caribbean ,2020,67573.0,67772.08459644135
Dominica,DMA,Latin America & Caribbean ,2021,67202.0,67410.52410789634
Dominica,DMA,Latin America & Caribbean ,2022,66826.0,67113.91365865305
Dominica,DMA,Latin America & Caribbean ,2023,66510.0,66388.49718784388
Dominica,DMA,Latin America & Caribbean ,2024,66205.0,65846.3908868532
Denmark,DNK,Europe & Central Asia,1970,4928757.0,4918985.406776462
Denmark,DNK,Europe & Central Asia,1971,4963126.0,4965301.762744728
Denmark,DNK,Europe & Central Asia,1972,4991596.0,4999473.725916267
Denmark,DNK,Europe & Central Asia,1973,5021861.0,5026973.781662067
Denmark,DNK,Europe & Central Asia,1974,5045297.0,5062287.198227402
Denmark,DNK,Europe & Central Asia,1975,5059862.0,5087703.724732494
Denmark,DNK,Europe & Central Asia,1976,5072596.0,5089979.179733677
Denmark,DNK,Europe & Central Asia,1977,5088419.0,5085362.047218026
Denmark,DNK,Europe & Central Asia,1978,5104248.0,5104028.406537371
Denmark,DNK,Europe & Central Asia,1979,5116801.0,5128409.794623189
Denmark,DNK,Europe & Central Asia,1980,5123027.0,5138172.007451937
Denmark,DNK,Europe & Central Asia,1981,5121572.0,5141109.3029153
Denmark,DNK,Europe & Central Asia,1982,5117810.0,5154577.417016898
Denmark,DNK,Europe & Central Asia,1983,5114297.0,5128656.003706955
Denmark,DNK,Europe & Central Asia,1984,5111619.0,5110786.411370685
Denmark,DNK,Europe & Central Asia,1985,5113691.0,5117388.778393825
Denmark,DNK,Europe & Central Asia,1986,5120534.0,5118275.585484688
Denmark,DNK,Europe & Central Asia,1987,5127024.0,5123192.819810942
Denmark,DNK,Europe & Central Asia,1988,5129516.0,5122093.904788336
Denmark,DNK,Europe & Central Asia,1989,5132594.0,5132009.211415162
Denmark,DNK,Europe & Central Asia,1990,5140939.0,5133648.250105497
Denmark,DNK,Europe & Central Asia,1991,5154298.0,5143064.2255041925
Denmark,DNK,Europe & Central Asia,1992,5171370.0,5148706.521084517
Denmark,DNK,Europe & Central Asia,1993,5188628.0,5177696.455493743
Denmark,DNK,Europe & Central Asia,1994,5206180.0,5205943.593794185
Denmark,DNK,Europe & Central Asia,1995,5233373.0,5223791.374589778
Denmark,DNK,Europe & Central Asia,1996,5263074.0,5260708.0344713265
Denmark,DNK,Europe & Central Asia,1997,5284991.0,5278411.475103818
Denmark,DNK,Europe & Central Asia,1998,5304219.0,5302538.201291315
Denmark,DNK,Europe & Central Asia,1999,5321799.0,5323643.758942368
Denmark,DNK,Europe & Central Asia,2000,5339616.0,5344311.028569857
Denmark,DNK,Europe & Central Asia,2001,5358783.0,5360633.137386968
Denmark,DNK,Europe & Central Asia,2002,5375931.0,5380034.508388538
Denmark,DNK,Europe & Central Asia,2003,5390574.0,5397179.481893479
Denmark,DNK,Europe & Central Asia,2004,5404523.0,5411491.713195392
Denmark,DNK,Europe & Central Asia,2005,5419432.0,5430786.593317465
Denmark,DNK,Europe & Central Asia,2006,5437272.0,5437101.740442538
Denmark,DNK,Europe & Central Asia,2007,5461438.0,5454455.319674545
Denmark,DNK,Europe & Central Asia,2008,5493621.0,5474415.999322967
Denmark,DNK,Europe & Central Asia,2009,5523095.0,5525905.222196405
Denmark,DNK,Europe & Central Asia,2010,5547683.0,5552727.132140228
Denmark,DNK,Europe & Central Asia,2011,5570572.0,5573255.0728453165
Denmark,DNK,Europe & Central Asia,2012,5591572.0,5592628.128413791
Denmark,DNK,Europe & Central Asia,2013,5614932.0,5614384.831368753
Denmark,DNK,Europe & Central Asia,2014,5643475.0,5642725.370278973
Denmark,DNK,Europe & Central Asia,2015,5683483.0,5670493.225330073
Denmark,DNK,Europe & Central Asia,2016,5728010.0,5702251.498591318
Denmark,DNK,Europe & Central Asia,2017,5764980.0,5772882.260128886
Denmark,DNK,Europe & Central Asia,2018,5793636.0,5802188.613986779
Denmark,DNK,Europe & Central Asia,2019,5814422.0,5824515.983146306
Denmark,DNK,Europe & Central Asia,2020,5831404.0,5844892.897945014
Denmark,DNK,Europe & Central Asia,2021,5856733.0,5848435.598848674
Denmark,DNK,Europe & Central Asia,2022,5903037.0,5882172.017369262
Denmark,DNK,Europe & Central Asia,2023,5946952.0,5935873.3821506305
Denmark,DNK,Europe & Central Asia,2024,5976992.0,5981608.61269164
Dominican Republic,DOM,Latin America & Caribbean ,1970,4399290.0,4406821.029133871
Dominican Republic,DOM,Latin America & Caribbean ,1971,4524234.0,4531067.600307353
Dominican Republic,DOM,Latin America & Caribbean ,1972,4651883.0,4658126.144585007
Dominican Republic,DOM,Latin America & Caribbean ,1973,4782227.0,4788039.82169835
Dominican Republic,DOM,Latin America & Caribbean ,1974,4914197.0,4920757.177528986
Dominican Republic,DOM,Latin America & Caribbean ,1975,5046776.0,5055323.456846359
Dominican Republic,DOM,Latin America & Caribbean ,1976,5180404.0,5190226.842008424
Dominican Republic,DOM,Latin America & Caribbean ,1977,5315443.0,5325714.18845086
Dominican Republic,DOM,Latin America & Caribbean ,1978,5451882.0,5455856.65100716
Dominican Republic,DOM,Latin America & Caribbean ,1979,5589690.0,5593877.179905924
Dominican Republic,DOM,Latin America & Caribbean ,1980,5729037.0,5740421.74330689
Dominican Republic,DOM,Latin America & Caribbean ,1981,5868453.0,5881316.865884332
Dominican Republic,DOM,Latin America & Caribbean ,1982,6007114.0,6021960.573287148
Dominican Republic,DOM,Latin America & Caribbean ,1983,6147248.0,6161324.422406071
Dominican Republic,DOM,Latin America & Caribbean ,1984,6289040.0,6302135.492707478
Dominican Republic,DOM,Latin America & Caribbean ,1985,6430404.0,6444708.543798329
Dominican Republic,DOM,Latin America & Caribbean ,1986,6571208.0,6586713.4905782575
Dominican Republic,DOM,Latin America & Caribbean ,1987,6712515.0,6727894.710612294
Dominican Republic,DOM,Latin America & Caribbean ,1988,6855734.0,6869526.550910495
Dominican Republic,DOM,Latin America & Caribbean ,1989,7002295.0,7013031.166243169
Dominican Republic,DOM,Latin America & Caribbean ,1990,7151166.0,7160230.361465745
Dominican Republic,DOM,Latin America & Caribbean ,1991,7299853.0,7310010.753540709
Dominican Republic,DOM,Latin America & Caribbean ,1992,7447474.0,7459706.501164429
Dominican Republic,DOM,Latin America & Caribbean ,1993,7594572.0,7607999.42520037
Dominican Republic,DOM,Latin America & Caribbean ,1994,7741694.0,7755476.502339142
Dominican Republic,DOM,Latin America & Caribbean ,1995,7888115.0,7892941.436674792
Dominican Republic,DOM,Latin America & Caribbean ,1996,8032894.0,8038736.526032725
Dominican Republic,DOM,Latin America & Caribbean ,1997,8174078.0,8183631.3258224595
Dominican Republic,DOM,Latin America & Caribbean ,1998,8310362.0,8335479.690091865
Dominican Republic,DOM,Latin America & Caribbean ,1999,8446208.0,8470123.576424247
Dominican Republic,DOM,Latin America & Caribbean ,2000,8584190.0,8603862.193963
Dominican Republic,DOM,Latin America & Caribbean ,2001,8720283.0,8740246.215754403
Dominican Republic,DOM,Latin America & Caribbean ,2002,8852235.0,8874503.9146219
Dominican Republic,DOM,Latin America & Caribbean ,2003,8980620.0,9004242.626278816
Dominican Republic,DOM,Latin America & Caribbean ,2004,9104892.0,9130069.738984015
Dominican Republic,DOM,Latin America & Caribbean ,2005,9225034.0,9251280.504601257
Dominican Republic,DOM,Latin America & Caribbean ,2006,9341183.0,9367965.956043739
Dominican Republic,DOM,Latin America & Caribbean ,2007,9455658.0,9458794.389375016
Dominican Republic,DOM,Latin America & Caribbean ,2008,9573130.0,9592282.657506233
Dominican Republic,DOM,Latin America & Caribbean ,2009,9695265.0,9707280.220007692
Dominican Republic,DOM,Latin America & Caribbean ,2010,9820175.0,9827306.180209521
Dominican Republic,DOM,Latin America & Caribbean ,2011,9945621.0,9950655.020886123
Dominican Republic,DOM,Latin America & Caribbean ,2012,10070411.0,10077863.857476287
Dominican Republic,DOM,Latin America & Caribbean ,2013,10193833.0,10199936.141513554
Dominican Republic,DOM,Latin America & Caribbean ,2014,10315528.0,10324693.413651358
Dominican Republic,DOM,Latin America & Caribbean ,2015,10434829.0,10438710.22567681
Dominican Republic,DOM,Latin America & Caribbean ,2016,10551430.0,10555551.749104107
Dominican Republic,DOM,Latin America & Caribbean ,2017,10666843.0,10669376.431356471
Dominican Republic,DOM,Latin America & Caribbean ,2018,10782053.0,10785070.085118014
Dominican Republic,DOM,Latin America & Caribbean ,2019,10894043.0,10910148.345218921
Dominican Republic,DOM,Latin America & Caribbean ,2020,11008300.0,11020453.365624467
Dominican Republic,DOM,Latin America & Caribbean ,2021,11123476.0,11133218.285404896
Dominican Republic,DOM,Latin America & Caribbean ,2022,11230734.0,11247113.08054564
Dominican Republic,DOM,Latin America & Caribbean ,2023,11331265.0,11352335.202178407
Dominican Republic,DOM,Latin America & Caribbean ,2024,11427557.0,11450216.623732602
Algeria,DZA,"Middle East, North Africa, Afghanistan & Pakistan",1970,13783719.0,13786291.613980094
Algeria,DZA,"Middle East, North Africa, Afghanistan & Pakistan",1971,14098936.0,14046546.651643168
Algeria,DZA,"Middle East, North Africa, Afghanistan & Pakistan",1972,14427072.0,14380508.567360234
Algeria,DZA,"Middle East, North Africa, Afghanistan & Pakistan",1973,14771147.0,14727813.576028978
Algeria,DZA,"Middle East, North Africa, Afghanistan & Pakistan",1974,15133502.0,15053695.761631787
Algeria,DZA,"Middle East, North Africa, Afghanistan & Pakistan",1975,15678596.0,15447215.041577647
Algeria,DZA,"Middle East, North Africa, Afghanistan & Pakistan",1976,16409170.0,15910380.968442427
Algeria,DZA,"Middle East, North Africa, Afghanistan & Pakistan",1977,17015994.0,17173786.480075274
Algeria,DZA,"Middle East, North Africa, Afghanistan & Pakistan",1978,17506974.0,17645258.838280026
Algeria,DZA,"Middle East, North Africa, Afghanistan & Pakistan",1979,18036655.0,18023495.536327623
Algeria,DZA,"Middle East, North Africa, Afghanistan & Pakistan",1980,18607174.0,18583718.66848073
Algeria,DZA,"Middle East, North Africa, Afghanistan & Pakistan",1981,19220704.0,19214257.754320327
Algeria,DZA,"Middle East, North Africa, Afghanistan & Pakistan",1982,19872348.0,19909026.87965096
Algeria,DZA,"Middle East, North Africa, Afghanistan & Pakistan",1983,20558115.0,20604438.948546637
Algeria,DZA,"Middle East, North Africa, Afghanistan & Pakistan",1984,21271969.0,21292396.897885468
Algeria,DZA,"Middle East, North Africa, Afghanistan & Pakistan",1985,22008544.0,21960738.46590467
Algeria,DZA,"Middle East, North Africa, Afghanistan & Pakistan",1986,22745499.0,22738057.01705956
Algeria,DZA,"Middle East, North Africa, Afghanistan & Pakistan",1987,23443624.0,23490990.464010496
Algeria,DZA,"Middle East, North Africa, Afghanistan & Pakistan",1988,24109536.0,24251331.06715666
Algeria,DZA,"Middle East, North Africa, Afghanistan & Pakistan",1989,24754485.0,24794363.114235915
Algeria,DZA,"Middle East, North Africa, Afghanistan & Pakistan",1990,25375810.0,25416686.892647866
Algeria,DZA,"Middle East, North Africa, Afghanistan & Pakistan",1991,25987928.0,26013386.64373022
Algeria,DZA,"Middle East, North Africa, Afghanistan & Pakistan",1992,26628568.0,26614811.57629187
Algeria,DZA,"Middle East, North Africa, Afghanistan & Pakistan",1993,27277048.0,27405186.104611807
Algeria,DZA,"Middle East, North Africa, Afghanistan & Pakistan",1994,27887279.0,28041025.48675733
Algeria,DZA,"Middle East, North Africa, Afghanistan & Pakistan",1995,28470191.0,28630610.938788857
Algeria,DZA,"Middle East, North Africa, Afghanistan & Pakistan",1996,29033044.0,29189315.118583847
Algeria,DZA,"Middle East, North Africa, Afghanistan & Pakistan",1997,29579301.0,29731724.86462025
Algeria,DZA,"Middle East, North Africa, Afghanistan & Pakistan",1998,30054133.0,30258918.965080123
Algeria,DZA,"Middle East, North Africa, Afghanistan & Pakistan",1999,30474354.0,30536587.408833724
Algeria,DZA,"Middle East, North Africa, Afghanistan & Pakistan",2000,30903893.0,30900450.58908987
Algeria,DZA,"Middle East, North Africa, Afghanistan & Pakistan",2001,31331221.0,31504555.71009713
Algeria,DZA,"Middle East, North Africa, Afghanistan & Pakistan",2002,31750835.0,31902523.719618954
Algeria,DZA,"Middle East, North Africa, Afghanistan & Pakistan",2003,32175818.0,32291010.941332046
Algeria,DZA,"Middle East, North Africa, Afghanistan & Pakistan",2004,32628286.0,32691349.6088714
Algeria,DZA,"Middle East, North Africa, Afghanistan & Pakistan",2005,33109249.0,33126247.155268967
Algeria,DZA,"Middle East, North Africa, Afghanistan & Pakistan",2006,33623506.0,33607041.97158425
Algeria,DZA,"Middle East, North Africa, Afghanistan & Pakistan",2007,34189416.0,34058336.319978036
Algeria,DZA,"Middle East, North Africa, Afghanistan & Pakistan",2008,34816961.0,34764850.70795003
Algeria,DZA,"Middle East, North Africa, Afghanistan & Pakistan",2009,35490445.0,35456024.555009626
Algeria,DZA,"Middle East, North Africa, Afghanistan & Pakistan",2010,36188236.0,36176956.57790196
Algeria,DZA,"Middle East, North Africa, Afghanistan & Pakistan",2011,36903376.0,36772410.008602984
Algeria,DZA,"Middle East, North Africa, Afghanistan & Pakistan",2012,37646166.0,37525186.401342325
Algeria,DZA,"Middle East, North Africa, Afghanistan & Pakistan",2013,38414171.0,38308271.63851453
Algeria,DZA,"Middle East, North Africa, Afghanistan & Pakistan",2014,39205031.0,39117310.441756345
Algeria,DZA,"Middle East, North Africa, Afghanistan & Pakistan",2015,40019529.0,39948125.948557444
Algeria,DZA,"Middle East, North Africa, Afghanistan & Pakistan",2016,40850721.0,40729715.15659286
Algeria,DZA,"Middle East, North Africa, Afghanistan & Pakistan",2017,41689299.0,41664392.69471193
Algeria,DZA,"Middle East, North Africa, Afghanistan & Pakistan",2018,42505035.0,42532087.02844081
Algeria,DZA,"Middle East, North Africa, Afghanistan & Pakistan",2019,43294546.0,43377846.884911515
Algeria,DZA,"Middle East, North Africa, Afghanistan & Pakistan",2020,44042091.0,44099163.37305762
Algeria,DZA,"Middle East, North Africa, Afghanistan & Pakistan",2021,44761099.0,44802543.48285748
Algeria,DZA,"Middle East, North Africa, Afghanistan & Pakistan",2022,45477389.0,45491845.147232704
Algeria,DZA,"Middle East, North Africa, Afghanistan & Pakistan",2023,46164219.0,46205141.438957475
Algeria,DZA,"Middle East, North Africa, Afghanistan & Pakistan",2024,46814308.0,47009953.003050186
Ecuador,ECU,Latin America & Caribbean ,1970,6155387.0,6152782.697300532
Ecuador,ECU,Latin America & Caribbean ,1971,6340052.0,6339335.207283204
Ecuador,ECU,Latin America & Caribbean ,1972,6529034.0,6529377.673407005
Ecuador,ECU,Latin America & Caribbean ,1973,6722033.0,6727008.692926504
Ecuador,ECU,Latin America & Caribbean ,1974,6918573.0,6920755.661878349
Ecuador,ECU,Latin America & Caribbean ,1975,7118251.0,7120884.462482524
Ecuador,ECU,Latin America & Caribbean ,1976,7320912.0,7324507.203550434
Ecuador,ECU,Latin America & Caribbean ,1977,7526819.0,7531061.559140706
Ecuador,ECU,Latin America & Caribbean ,1978,7736167.0,7740758.148274005
Ecuador,ECU,Latin America & Caribbean ,1979,7948869.0,7961448.123230239
Ecuador,ECU,Latin America & Caribbean ,1980,8165877.0,8177999.1926376745
Ecuador,ECU,Latin America & Caribbean ,1981,8386910.0,8398807.403711004
Ecuador,ECU,Latin America & Caribbean ,1982,8611298.0,8623588.759255178
Ecuador,ECU,Latin America & Caribbean ,1983,8840417.0,8851624.968813151
Ecuador,ECU,Latin America & Caribbean ,1984,9074782.0,9084547.2993968
Ecuador,ECU,Latin America & Caribbean ,1985,9311154.0,9323007.073246755
Ecuador,ECU,Latin America & Caribbean ,1986,9545998.0,9563347.859117202
Ecuador,ECU,Latin America & Caribbean ,1987,9779290.0,9801498.299987845
Ecuador,ECU,Latin America & Caribbean ,1988,10010808.0,10023185.321789682
Ecuador,ECU,Latin America & Caribbean ,1989,10241852.0,10250162.747912338
Ecuador,ECU,Latin America & Caribbean ,1990,10473673.0,10478228.369924057
Ecuador,ECU,Latin America & Caribbean ,1991,10702380.0,10715338.12645332
Ecuador,ECU,Latin America & Caribbean ,1992,10930128.0,10964039.431523476
Ecuador,ECU,Latin America & Caribbean ,1993,11154274.0,11191021.50226665
Ecuador,ECU,Latin America & Caribbean ,1994,11372197.0,11413082.439198019
Ecuador,ECU,Latin America & Caribbean ,1995,11590514.0,11627851.775208369
Ecuador,ECU,Latin America & Caribbean ,1996,11810950.0,11843154.418244505
Ecuador,ECU,Latin America & Caribbean ,1997,12031127.0,12061404.53891081
Ecuador,ECU,Latin America & Caribbean ,1998,12251184.0,12279512.825500155
Ecuador,ECU,Latin America & Caribbean ,1999,12470795.0,12497583.590474548
Ecuador,ECU,Latin America & Caribbean ,2000,12689206.0,12715080.435432762
Ecuador,ECU,Latin America & Caribbean ,2001,12910740.0,12931673.162883397
Ecuador,ECU,Latin America & Caribbean ,2002,13138472.0,13151939.66702252
Ecuador,ECU,Latin America & Caribbean ,2003,13372306.0,13379709.555145297
Ecuador,ECU,Latin America & Caribbean ,2004,13608701.0,13615228.252445588
Ecuador,ECU,Latin America & Caribbean ,2005,13846163.0,13853694.604179315
Ecuador,ECU,Latin America & Caribbean ,2006,14086131.0,14097672.662502939
Ecuador,ECU,Latin America & Caribbean ,2007,14328773.0,14339818.451548314
Ecuador,ECU,Latin America & Caribbean ,2008,14575202.0,14586308.586248336
Ecuador,ECU,Latin America & Caribbean ,2009,14825954.0,14825867.599446557
Ecuador,ECU,Latin America & Caribbean ,2010,15076695.0,15081016.521065861
Ecuador,ECU,Latin America & Caribbean ,2011,15326227.0,15338789.650157012
Ecuador,ECU,Latin America & Caribbean ,2012,15572194.0,15590824.337916957
Ecuador,ECU,Latin America & Caribbean ,2013,15807128.0,15827179.573993074
Ecuador,ECU,Latin America & Caribbean ,2014,16035124.0,16049628.328457333
Ecuador,ECU,Latin America & Caribbean ,2015,16266225.0,16266408.527802082
Ecuador,ECU,Latin America & Caribbean ,2016,16505139.0,16500656.66771159
Ecuador,ECU,Latin America & Caribbean ,2017,16759519.0,16766504.942607848
Ecuador,ECU,Latin America & Caribbean ,2018,17049547.0,17021617.420674182
Ecuador,ECU,Latin America & Caribbean ,2019,17340021.0,17297636.420838505
Ecuador,ECU,Latin America & Caribbean ,2020,17546065.0,17635443.821019486
Ecuador,ECU,Latin America & Caribbean ,2021,17682454.0,17828232.105835058
Ecuador,ECU,Latin America & Caribbean ,2022,17823897.0,17819903.180303995
Ecuador,ECU,Latin America & Caribbean ,2023,17980083.0,17966471.409690235
Ecuador,ECU,Latin America & Caribbean ,2024,18135478.0,18137637.615221046
"Egypt, Arab Rep.",EGY,"Middle East, North Africa, Afghanistan & Pakistan",1970,34623990.0,34646812.29181007
"Egypt, Arab Rep.",EGY,"Middle East, North Africa, Afghanistan & Pakistan",1971,35433368.0,35507464.14904817
"Egypt, Arab Rep.",EGY,"Middle East, North Africa, Afghanistan & Pakistan",1972,36258328.0,36324565.45812594
"Egypt, Arab Rep.",EGY,"Middle East, North Africa, Afghanistan & Pakistan",1973,37102043.0,37156696.721950606
"Egypt, Arab Rep.",EGY,"Middle East, North Africa, Afghanistan & Pakistan",1974,37969667.0,38008487.30942225
"Egypt, Arab Rep.",EGY,"Middle East, North Africa, Afghanistan & Pakistan",1975,38875327.0,38887064.70141112
"Egypt, Arab Rep.",EGY,"Middle East, North Africa, Afghanistan & Pakistan",1976,39795557.0,39807874.46569601
"Egypt, Arab Rep.",EGY,"Middle East, North Africa, Afghanistan & Pakistan",1977,40748870.0,40751015.425552785
"Egypt, Arab Rep.",EGY,"Middle East, North Africa, Afghanistan & Pakistan",1978,41761431.0,41700327.38773659
"Egypt, Arab Rep.",EGY,"Middle East, North Africa, Afghanistan & Pakistan",1979,42818628.0,42798649.22861092
"Egypt, Arab Rep.",EGY,"Middle East, North Africa, Afghanistan & Pakistan",1980,43950413.0,43897898.986704014
"Egypt, Arab Rep.",EGY,"Middle East, North Africa, Afghanistan & Pakistan",1981,45147224.0,45097806.86695445
"Egypt, Arab Rep.",EGY,"Middle East, North Africa, Afghanistan & Pakistan",1982,46407611.0,46376625.28605498
"Egypt, Arab Rep.",EGY,"Middle East, North Africa, Afghanistan & Pakistan",1983,47786402.0,47703184.55655169
"Egypt, Arab Rep.",EGY,"Middle East, North Africa, Afghanistan & Pakistan",1984,49247334.0,49206157.49753644
"Egypt, Arab Rep.",EGY,"Middle East, North Africa, Afghanistan & Pakistan",1985,50734968.0,50558626.78060498
"Egypt, Arab Rep.",EGY,"Middle East, North Africa, Afghanistan & Pakistan",1986,52206295.0,52122661.91059131
"Egypt, Arab Rep.",EGY,"Middle East, North Africa, Afghanistan & Pakistan",1987,53674435.0,53663505.94931048
"Egypt, Arab Rep.",EGY,"Middle East, North Africa, Afghanistan & Pakistan",1988,55187681.0,55192217.82917042
"Egypt, Arab Rep.",EGY,"Middle East, North Africa, Afghanistan & Pakistan",1989,56710642.0,56801049.802846216
"Egypt, Arab Rep.",EGY,"Middle East, North Africa, Afghanistan & Pakistan",1990,58396618.0,58340161.63343292
"Egypt, Arab Rep.",EGY,"Middle East, North Africa, Afghanistan & Pakistan",1991,60028997.0,60090204.19995611
"Egypt, Arab Rep.",EGY,"Middle East, North Africa, Afghanistan & Pakistan",1992,61480660.0,61770694.73805886
"Egypt, Arab Rep.",EGY,"Middle East, North Africa, Afghanistan & Pakistan",1993,62915681.0,63447730.84599807
"Egypt, Arab Rep.",EGY,"Middle East, North Africa, Afghanistan & Pakistan",1994,64285589.0,64651462.156262234
"Egypt, Arab Rep.",EGY,"Middle East, North Africa, Afghanistan & Pakistan",1995,65652622.0,65685324.98773186
"Egypt, Arab Rep.",EGY,"Middle East, North Africa, Afghanistan & Pakistan",1996,67028048.0,67048724.955641046
"Egypt, Arab Rep.",EGY,"Middle East, North Africa, Afghanistan & Pakistan",1997,68431740.0,68703364.45692149
"Egypt, Arab Rep.",EGY,"Middle East, North Africa, Afghanistan & Pakistan",1998,69943294.0,70086847.41080056
"Egypt, Arab Rep.",EGY,"Middle East, North Africa, Afghanistan & Pakistan",1999,71520954.0,71592145.03997621
"Egypt, Arab Rep.",EGY,"Middle East, North Africa, Afghanistan & Pakistan",2000,73083284.0,73204967.43351339
"Egypt, Arab Rep.",EGY,"Middle East, North Africa, Afghanistan & Pakistan",2001,74652029.0,74682418.75646426
"Egypt, Arab Rep.",EGY,"Middle East, North Africa, Afghanistan & Pakistan",2002,76239137.0,76257473.10314709
"Egypt, Arab Rep.",EGY,"Middle East, North Africa, Afghanistan & Pakistan",2003,77853548.0,77883856.33671357
"Egypt, Arab Rep.",EGY,"Middle East, North Africa, Afghanistan & Pakistan",2004,79477443.0,79563302.4633514
"Egypt, Arab Rep.",EGY,"Middle East, North Africa, Afghanistan & Pakistan",2005,81101004.0,81183307.8176932
"Egypt, Arab Rep.",EGY,"Middle East, North Africa, Afghanistan & Pakistan",2006,82700403.0,82758129.09615569
"Egypt, Arab Rep.",EGY,"Middle East, North Africa, Afghanistan & Pakistan",2007,84276225.0,84459787.02751575
"Egypt, Arab Rep.",EGY,"Middle East, North Africa, Afghanistan & Pakistan",2008,85864789.0,86040826.67485966
"Egypt, Arab Rep.",EGY,"Middle East, North Africa, Afghanistan & Pakistan",2009,87501636.0,87483296.62379944
"Egypt, Arab Rep.",EGY,"Middle East, North Africa, Afghanistan & Pakistan",2010,89196072.0,89270344.72700316
"Egypt, Arab Rep.",EGY,"Middle East, North Africa, Afghanistan & Pakistan",2011,91093059.0,90977956.88511547
"Egypt, Arab Rep.",EGY,"Middle East, North Africa, Afghanistan & Pakistan",2012,93161001.0,92864296.38911277
"Egypt, Arab Rep.",EGY,"Middle East, North Africa, Afghanistan & Pakistan",2013,95333553.0,95275888.22128446
"Egypt, Arab Rep.",EGY,"Middle East, North Africa, Afghanistan & Pakistan",2014,97528654.0,97556565.88477018
"Egypt, Arab Rep.",EGY,"Middle East, North Africa, Afghanistan & Pakistan",2015,99597342.0,99776576.04277624
"Egypt, Arab Rep.",EGY,"Middle East, North Africa, Afghanistan & Pakistan",2016,101644589.0,101676056.2324779
"Egypt, Arab Rep.",EGY,"Middle East, North Africa, Afghanistan & Pakistan",2017,103696057.0,103783274.31410378
"Egypt, Arab Rep.",EGY,"Middle East, North Africa, Afghanistan & Pakistan",2018,105682094.0,106043219.97958562
"Egypt, Arab Rep.",EGY,"Middle East, North Africa, Afghanistan & Pakistan",2019,107553158.0,107719591.27279924
"Egypt, Arab Rep.",EGY,"Middle East, North Africa, Afghanistan & Pakistan",2020,109315124.0,109458069.57068595
"Egypt, Arab Rep.",EGY,"Middle East, North Africa, Afghanistan & Pakistan",2021,110957008.0,111105955.02529779
"Egypt, Arab Rep.",EGY,"Middle East, North Africa, Afghanistan & Pakistan",2022,112618250.0,113133100.6420788
"Egypt, Arab Rep.",EGY,"Middle East, North Africa, Afghanistan & Pakistan",2023,114535772.0,114722495.2646996
"Egypt, Arab Rep.",EGY,"Middle East, North Africa, Afghanistan & Pakistan",2024,116538258.0,116599815.10220057
Eritrea,ERI,Sub-Saharan Africa ,1970,1243453.0,1240956.243188131
Eritrea,ERI,Sub-Saharan Africa ,1971,1276154.0,1273060.4614606735
Eritrea,ERI,Sub-Saharan Africa ,1972,1309235.0,1309553.10351583
Eritrea,ERI,Sub-Saharan Africa ,1973,1342669.0,1343266.1112014842
Eritrea,ERI,Sub-Saharan Africa ,1974,1375688.0,1376780.1203176526
Eritrea,ERI,Sub-Saharan Africa ,1975,1408210.0,1411118.1758851293
Eritrea,ERI,Sub-Saharan Africa ,1976,1443807.0,1441500.837511937
Eritrea,ERI,Sub-Saharan Africa ,1977,1482565.0,1480438.3739070315
Eritrea,ERI,Sub-Saharan Africa ,1978,1522378.0,1520387.4005536162
Eritrea,ERI,Sub-Saharan Africa ,1979,1563332.0,1563260.1436940162
Eritrea,ERI,Sub-Saharan Africa ,1980,1605797.0,1605387.7172550596
Eritrea,ERI,Sub-Saharan Africa ,1981,1649939.0,1649409.7105060935
Eritrea,ERI,Sub-Saharan Africa ,1982,1695461.0,1695239.911939485
Eritrea,ERI,Sub-Saharan Africa ,1983,1736160.0,1739974.1685306998
Eritrea,ERI,Sub-Saharan Africa ,1984,1771730.0,1783516.7790167676
Eritrea,ERI,Sub-Saharan Africa ,1985,1807816.0,1808028.7492047257
Eritrea,ERI,Sub-Saharan Africa ,1986,1845164.0,1844636.9874109724
Eritrea,ERI,Sub-Saharan Africa ,1987,1888669.0,1883283.5791068033
Eritrea,ERI,Sub-Saharan Africa ,1988,1938255.0,1934459.1236844966
Eritrea,ERI,Sub-Saharan Africa ,1989,1987017.0,1985111.7154483476
Eritrea,ERI,Sub-Saharan Africa ,1990,2032737.0,2029334.001271781
Eritrea,ERI,Sub-Saharan Africa ,1991,1919571.0,2080411.517130741
Eritrea,ERI,Sub-Saharan Africa ,1992,1798748.0,2056700.0013967215
Eritrea,ERI,Sub-Saharan Africa ,1993,1856006.0,1685529.9255737357
Eritrea,ERI,Sub-Saharan Africa ,1994,1913915.0,1865614.0406595892
Eritrea,ERI,Sub-Saharan Africa ,1995,2025267.0,1926081.6615080272
Eritrea,ERI,Sub-Saharan Africa ,1996,2128464.0,1942202.5560691976
Eritrea,ERI,Sub-Saharan Africa ,1997,2152135.0,2156920.545852264
Eritrea,ERI,Sub-Saharan Africa ,1998,2180419.0,2177310.9815871194
Eritrea,ERI,Sub-Saharan Africa ,1999,2212780.0,2203038.0279662255
Eritrea,ERI,Sub-Saharan Africa ,2000,2247031.0,2230905.082979545
Eritrea,ERI,Sub-Saharan Africa ,2001,2312079.0,2334023.7712117727
Eritrea,ERI,Sub-Saharan Africa ,2002,2392978.0,2377482.7441146737
Eritrea,ERI,Sub-Saharan Africa ,2003,2493903.0,2461505.751801096
Eritrea,ERI,Sub-Saharan Africa ,2004,2598284.0,2522879.803022676
Eritrea,ERI,Sub-Saharan Africa ,2005,2661215.0,2671217.8894725908
Eritrea,ERI,Sub-Saharan Africa ,2006,2703502.0,2728093.52123066
Eritrea,ERI,Sub-Saharan Africa ,2007,2743222.0,2772892.5424290537
Eritrea,ERI,Sub-Saharan Africa ,2008,2816327.0,2814109.9228415303
Eritrea,ERI,Sub-Saharan Africa ,2009,2887885.0,2892826.2520214524
Eritrea,ERI,Sub-Saharan Africa ,2010,2945186.0,2961261.1657424197
Eritrea,ERI,Sub-Saharan Africa ,2011,2998485.0,3025461.437325309
Eritrea,ERI,Sub-Saharan Africa ,2012,3036988.0,3095795.8242511638
Eritrea,ERI,Sub-Saharan Africa ,2013,3074360.0,3128455.613904317
Eritrea,ERI,Sub-Saharan Africa ,2014,3095173.0,3161416.0590162026
Eritrea,ERI,Sub-Saharan Africa ,2015,3105546.0,3116126.901924935
Eritrea,ERI,Sub-Saharan Africa ,2016,3124698.0,3115953.7637458057
Eritrea,ERI,Sub-Saharan Africa ,2017,3150347.0,3170232.0432135477
Eritrea,ERI,Sub-Saharan Africa ,2018,3192760.0,3189824.259257877
Eritrea,ERI,Sub-Saharan Africa ,2019,3240194.0,3228570.377789898
Eritrea,ERI,Sub-Saharan Africa ,2020,3291271.0,3257648.9687799863
Eritrea,ERI,Sub-Saharan Africa ,2021,3350183.0,3343153.155406851
Eritrea,ERI,Sub-Saharan Africa ,2022,3409447.0,3410149.4931849814
Eritrea,ERI,Sub-Saharan Africa ,2023,3470390.0,3448864.074193444
Eritrea,ERI,Sub-Saharan Africa ,2024,3535603.0,3514793.106617473
Spain,ESP,Europe & Central Asia,1970,33814531.0,33790527.66992138
Spain,ESP,Europe & Central Asia,1971,34224490.0,34174622.61049644
Spain,ESP,Europe & Central Asia,1972,34604469.0,34569563.075792655
Spain,ESP,Europe & Central Asia,1973,34988947.0,34991312.685151614
Spain,ESP,Europe & Central Asia,1974,35373335.0,35399675.555553086
Spain,ESP,Europe & Central Asia,1975,35757900.0,35797964.54146976
Spain,ESP,Europe & Central Asia,1976,36137812.0,36190602.82343649
Spain,ESP,Europe & Central Asia,1977,36511638.0,36567814.02493747
Spain,ESP,Europe & Central Asia,1978,36864898.0,36944477.88401985
Spain,ESP,Europe & Central Asia,1979,37191330.0,37266580.7936595
Spain,ESP,Europe & Central Asia,1980,37491165.0,37587094.60129733
Spain,ESP,Europe & Central Asia,1981,37758631.0,37793417.25852774
Spain,ESP,Europe & Central Asia,1982,37986012.0,38028005.13230629
Spain,ESP,Europe & Central Asia,1983,38171525.0,38214762.280857466
Spain,ESP,Europe & Central Asia,1984,38330364.0,38357943.994630635
Spain,ESP,Europe & Central Asia,1985,38469512.0,38627321.65369853
Spain,ESP,Europe & Central Asia,1986,38584624.0,38737605.4609617
Spain,ESP,Europe & Central Asia,1987,38684815.0,38822103.897430964
Spain,ESP,Europe & Central Asia,1988,38766939.0,38893001.56197867
Spain,ESP,Europe & Central Asia,1989,38827764.0,38946527.94795661
Spain,ESP,Europe & Central Asia,1990,38867322.0,38979607.88523028
Spain,ESP,Europe & Central Asia,1991,38966376.0,38992501.33006846
Spain,ESP,Europe & Central Asia,1992,39157685.0,39076926.6597161
Spain,ESP,Europe & Central Asia,1993,39361262.0,39223271.57222324
Spain,ESP,Europe & Central Asia,1994,39549108.0,39565897.37792266
Spain,ESP,Europe & Central Asia,1995,39724050.0,39737953.67670239
Spain,ESP,Europe & Central Asia,1996,39889852.0,39899765.84091406
Spain,ESP,Europe & Central Asia,1997,40057389.0,40025904.85537771
Spain,ESP,Europe & Central Asia,1998,40223509.0,40203337.78775101
Spain,ESP,Europe & Central Asia,1999,40386875.0,40382982.96268899
Spain,ESP,Europe & Central Asia,2000,40567864.0,40584804.85991006
Spain,ESP,Europe & Central Asia,2001,40850412.0,40749813.00331718
Spain,ESP,Europe & Central Asia,2002,41431558.0,40970017.09555793
Spain,ESP,Europe & Central Asia,2003,42187645.0,42020971.48540785
Spain,ESP,Europe & Central Asia,2004,42921895.0,42957529.87424777
Spain,ESP,Europe & Central Asia,2005,43653155.0,43668924.17360675
Spain,ESP,Europe & Central Asia,2006,44397319.0,44396873.47124892
Spain,ESP,Europe & Central Asia,2007,45226803.0,44907671.34843834
Spain,ESP,Europe & Central Asia,2008,45954106.0,45819802.75035055
Spain,ESP,Europe & Central Asia,2009,46362946.0,46447993.99633543
Spain,ESP,Europe & Central Asia,2010,46576897.0,47282856.71666268
Spain,ESP,Europe & Central Asia,2011,46742697.0,46791835.32322783
Spain,ESP,Europe & Central Asia,2012,46773055.0,46909087.1982727
Spain,ESP,Europe & Central Asia,2013,46604197.0,46803432.72196697
Spain,ESP,Europe & Central Asia,2014,46460733.0,46435948.61047727
Spain,ESP,Europe & Central Asia,2015,46422303.0,46783625.675378725
Spain,ESP,Europe & Central Asia,2016,46458139.0,46652926.35320343
Spain,ESP,Europe & Central Asia,2017,46571232.0,46597011.38683329
Spain,ESP,Europe & Central Asia,2018,46782011.0,46640289.92838572
Spain,ESP,Europe & Central Asia,2019,47118501.0,46612565.93392574
Spain,ESP,Europe & Central Asia,2020,47359424.0,47457411.27487728
Spain,ESP,Europe & Central Asia,2021,47443821.0,47601578.87679037
Spain,ESP,Europe & Central Asia,2022,47786102.0,47518947.126803495
Spain,ESP,Europe & Central Asia,2023,48352528.0,47919258.99948781
Spain,ESP,Europe & Central Asia,2024,48848840.0,48222313.486113146
Estonia,EST,Europe & Central Asia,1970,1360076.0,1359431.971072109
Estonia,EST,Europe & Central Asia,1971,1376955.0,1375967.1727379374
Estonia,EST,Europe & Central Asia,1972,1392518.0,1392874.5171746807
Estonia,EST,Europe & Central Asia,1973,1405951.0,1406537.8323937382
Estonia,EST,Europe & Central Asia,1974,1418169.0,1420224.2682644047
Estonia,EST,Europe & Central Asia,1975,1429352.0,1432622.499914323
Estonia,EST,Europe & Central Asia,1976,1439576.0,1443455.7343814543
Estonia,EST,Europe & Central Asia,1977,1450211.0,1449873.1311942213
Estonia,EST,Europe & Central Asia,1978,1460188.0,1460924.5670088262
Estonia,EST,Europe & Central Asia,1979,1468333.0,1473550.4694425547
Estonia,EST,Europe & Central Asia,1980,1477219.0,1480901.9178471542
Estonia,EST,Europe & Central Asia,1981,1487666.0,1488801.5271808682
Estonia,EST,Europe & Central Asia,1982,1498414.0,1498632.5339623403
Estonia,EST,Europe & Central Asia,1983,1508745.0,1509457.2825242633
Estonia,EST,Europe & Central Asia,1984,1518617.0,1518814.615527922
Estonia,EST,Europe & Central Asia,1985,1528781.0,1528553.2805786007
Estonia,EST,Europe & Central Asia,1986,1540190.0,1538662.9851693355
Estonia,EST,Europe & Central Asia,1987,1552221.0,1549445.8716962577
Estonia,EST,Europe & Central Asia,1988,1561900.0,1561196.107888833
Estonia,EST,Europe & Central Asia,1989,1568131.0,1572694.0434689536
Estonia,EST,Europe & Central Asia,1990,1569174.0,1582039.2303422685
Estonia,EST,Europe & Central Asia,1991,1561314.0,1570217.6939038064
Estonia,EST,Europe & Central Asia,1992,1533091.0,1553493.3710953707
Estonia,EST,Europe & Central Asia,1993,1494128.0,1505378.1721491509
Estonia,EST,Europe & Central Asia,1994,1462514.0,1456155.2319417677
Estonia,EST,Europe & Central Asia,1995,1436634.0,1431568.9148053417
Estonia,EST,Europe & Central Asia,1996,1415594.0,1425566.3898041341
Estonia,EST,Europe & Central Asia,1997,1399535.0,1401175.7757715154
Estonia,EST,Europe & Central Asia,1998,1386156.0,1382570.0837157508
Estonia,EST,Europe & Central Asia,1999,1390244.0,1357319.7614250884
Estonia,EST,Europe & Central Asia,2000,1396985.0,1394344.0554335637
Estonia,EST,Europe & Central Asia,2001,1388115.0,1403758.6858313326
Estonia,EST,Europe & Central Asia,2002,1379350.0,1372877.6637920772
Estonia,EST,Europe & Central Asia,2003,1370720.0,1367154.024805658
Estonia,EST,Europe & Central Asia,2004,1362550.0,1360883.1214482188
Estonia,EST,Europe & Central Asia,2005,1354775.0,1357357.0774867102
Estonia,EST,Europe & Central Asia,2006,1346810.0,1353772.680728744
Estonia,EST,Europe & Central Asia,2007,1340680.0,1341075.6630888178
Estonia,EST,Europe & Central Asia,2008,1337090.0,1338165.999699629
Estonia,EST,Europe & Central Asia,2009,1334515.0,1328398.64309006
Estonia,EST,Europe & Central Asia,2010,1331475.0,1331944.9589892249
Estonia,EST,Europe & Central Asia,2011,1327439.0,1328343.627868889
Estonia,EST,Europe & Central Asia,2012,1322696.0,1321792.9294840223
Estonia,EST,Europe & Central Asia,2013,1317997.0,1317463.768865954
Estonia,EST,Europe & Central Asia,2014,1314545.0,1313133.9684925557
Estonia,EST,Europe & Central Asia,2015,1315407.0,1310091.177107418
Estonia,EST,Europe & Central Asia,2016,1315790.0,1308965.7224860962
Estonia,EST,Europe & Central Asia,2017,1317384.0,1316173.1116017886
Estonia,EST,Europe & Central Asia,2018,1321977.0,1318979.9309732048
Estonia,EST,Europe & Central Asia,2019,1326898.0,1326582.5180592323
Estonia,EST,Europe & Central Asia,2020,1329522.0,1331837.3182324953
Estonia,EST,Europe & Central Asia,2021,1330932.0,1329751.4443291374
Estonia,EST,Europe & Central Asia,2022,1348840.0,1331850.980295794
Estonia,EST,Europe & Central Asia,2023,1370286.0,1340646.2414357783
Estonia,EST,Europe & Central Asia,2024,1372341.0,1392072.9826651765
Ethiopia,ETH,Sub-Saharan Africa ,1970,27829128.0,27792373.580268342
Ethiopia,ETH,Sub-Saharan Africa ,1971,28600106.0,28578922.80938502
Ethiopia,ETH,Sub-Saharan Africa ,1972,29374608.0,29377690.90140477
Ethiopia,ETH,Sub-Saharan Africa ,1973,30166785.0,30176539.33413082
Ethiopia,ETH,Sub-Saharan Africa ,1974,30957273.0,30991341.079584457
Ethiopia,ETH,Sub-Saharan Africa ,1975,31723252.0,31839702.78149261
Ethiopia,ETH,Sub-Saharan Africa ,1976,32534418.0,32508759.727366507
Ethiopia,ETH,Sub-Saharan Africa ,1977,33167272.0,33365830.29492588
Ethiopia,ETH,Sub-Saharan Africa ,1978,33734592.0,33892131.8766623
Ethiopia,ETH,Sub-Saharan Africa ,1979,34238652.0,34311615.903238855
Ethiopia,ETH,Sub-Saharan Africa ,1980,34428514.0,34750243.63266054
Ethiopia,ETH,Sub-Saharan Africa ,1981,35304012.0,34619428.846189976
Ethiopia,ETH,Sub-Saharan Africa ,1982,36701290.0,36032663.131250314
Ethiopia,ETH,Sub-Saharan Africa ,1983,37740817.0,37061480.130241536
Ethiopia,ETH,Sub-Saharan Africa ,1984,38735722.0,38580875.420486964
Ethiopia,ETH,Sub-Saharan Africa ,1985,39842136.0,39604885.051434
Ethiopia,ETH,Sub-Saharan Africa ,1986,41037656.0,40749317.97559937
Ethiopia,ETH,Sub-Saharan Africa ,1987,42460039.0,42020121.14411737
Ethiopia,ETH,Sub-Saharan Africa ,1988,44150825.0,43168838.43717074
Ethiopia,ETH,Sub-Saharan Africa ,1989,45879690.0,44950648.92557431
Ethiopia,ETH,Sub-Saharan Africa ,1990,47609755.0,47367042.205570064
Ethiopia,ETH,Sub-Saharan Africa ,1991,49717198.0,49405058.5625126
Ethiopia,ETH,Sub-Saharan Africa ,1992,51853747.0,51422584.53460306
Ethiopia,ETH,Sub-Saharan Africa ,1993,53708891.0,53716785.5414828
Ethiopia,ETH,Sub-Saharan Africa ,1994,55611508.0,55695061.29095611
Ethiopia,ETH,Sub-Saharan Africa ,1995,57537335.0,57821297.61461286
Ethiopia,ETH,Sub-Saharan Africa ,1996,59467635.0,60073627.94509072
Ethiopia,ETH,Sub-Saharan Africa ,1997,61404539.0,61495076.93936228
Ethiopia,ETH,Sub-Saharan Africa ,1998,63363524.0,63432166.89963777
Ethiopia,ETH,Sub-Saharan Africa ,1999,65374561.0,65677890.032694764
Ethiopia,ETH,Sub-Saharan Africa ,2000,67411494.0,67718949.05702999
Ethiopia,ETH,Sub-Saharan Africa ,2001,69487762.0,70045834.3685114
Ethiopia,ETH,Sub-Saharan Africa ,2002,71635517.0,71784998.47620834
Ethiopia,ETH,Sub-Saharan Africa ,2003,73832663.0,73965021.82611677
Ethiopia,ETH,Sub-Saharan Africa ,2004,76077206.0,76197262.56708191
Ethiopia,ETH,Sub-Saharan Africa ,2005,78367470.0,78479482.20360452
Ethiopia,ETH,Sub-Saharan Africa ,2006,80703490.0,80808149.01233773
Ethiopia,ETH,Sub-Saharan Africa ,2007,83103217.0,83192169.50280689
Ethiopia,ETH,Sub-Saharan Africa ,2008,85543668.0,85645802.03068398
Ethiopia,ETH,Sub-Saharan Africa ,2009,88007636.0,88138444.98647399
Ethiopia,ETH,Sub-Saharan Africa ,2010,90538514.0,90654277.85903545
Ethiopia,ETH,Sub-Saharan Africa ,2011,93149970.0,93240609.53020996
Ethiopia,ETH,Sub-Saharan Africa ,2012,95798767.0,95908472.85497274
Ethiopia,ETH,Sub-Saharan Africa ,2013,98438751.0,98612003.19403298
Ethiopia,ETH,Sub-Saharan Africa ,2014,101115610.0,101298719.77703226
Ethiopia,ETH,Sub-Saharan Africa ,2015,103867135.0,104020656.488878
Ethiopia,ETH,Sub-Saharan Africa ,2016,106718162.0,106821071.36052854
Ethiopia,ETH,Sub-Saharan Africa ,2017,109666481.0,109725792.5364091
Ethiopia,ETH,Sub-Saharan Africa ,2018,112664152.0,112735812.72759065
Ethiopia,ETH,Sub-Saharan Africa ,2019,115737383.0,115799066.08846593
Ethiopia,ETH,Sub-Saharan Africa ,2020,118917671.0,118984035.2838222
Ethiopia,ETH,Sub-Saharan Africa ,2021,122138588.0,122193697.99515156
Ethiopia,ETH,Sub-Saharan Africa ,2022,125384287.0,125501952.4183257
Ethiopia,ETH,Sub-Saharan Africa ,2023,128691692.0,128716964.99264565
Ethiopia,ETH,Sub-Saharan Africa ,2024,132059767.0,132086395.3204183
Finland,FIN,Europe & Central Asia,1970,4606307.0,4646006.943072586
Finland,FIN,Europe & Central Asia,1971,4612124.0,4622754.906778006
Finland,FIN,Europe & Central Asia,1972,4639657.0,4625724.0972784655
Finland,FIN,Europe & Central Asia,1973,4666081.0,4652684.397624688
Finland,FIN,Europe & Central Asia,1974,4690574.0,4665699.32188702
Finland,FIN,Europe & Central Asia,1975,4711440.0,4704865.448540738
Finland,FIN,Europe & Central Asia,1976,4725664.0,4732398.822456255
Finland,FIN,Europe & Central Asia,1977,4738902.0,4739179.479289174
Finland,FIN,Europe & Central Asia,1978,4752528.0,4751560.243244157
Finland,FIN,Europe & Central Asia,1979,4764690.0,4773866.420427775
Finland,FIN,Europe & Central Asia,1980,4779535.0,4782654.452519945
Finland,FIN,Europe & Central Asia,1981,4799964.0,4798524.039543256
Finland,FIN,Europe & Central Asia,1982,4826933.0,4818091.191774109
Finland,FIN,Europe & Central Asia,1983,4855787.0,4835724.242404797
Finland,FIN,Europe & Central Asia,1984,4881803.0,4884819.309234497
Finland,FIN,Europe & Central Asia,1985,4902206.0,4908469.259445671
Finland,FIN,Europe & Central Asia,1986,4918154.0,4922224.086640665
Finland,FIN,Europe & Central Asia,1987,4932123.0,4938518.862356073
Finland,FIN,Europe & Central Asia,1988,4946481.0,4961714.867045189
Finland,FIN,Europe & Central Asia,1989,4964371.0,4960880.797809313
Finland,FIN,Europe & Central Asia,1990,4986431.0,4982325.702836435
Finland,FIN,Europe & Central Asia,1991,5013740.0,5007582.339942698
Finland,FIN,Europe & Central Asia,1992,5041992.0,5028841.256709854
Finland,FIN,Europe & Central Asia,1993,5066447.0,5070403.19766772
Finland,FIN,Europe & Central Asia,1994,5088333.0,5091020.613433112
Finland,FIN,Europe & Central Asia,1995,5107790.0,5109442.865789214
Finland,FIN,Europe & Central Asia,1996,5124573.0,5129316.237328664
Finland,FIN,Europe & Central Asia,1997,5139835.0,5153339.550730233
Finland,FIN,Europe & Central Asia,1998,5153498.0,5155142.453308014
Finland,FIN,Europe & Central Asia,1999,5165474.0,5167214.017375717
Finland,FIN,Europe & Central Asia,2000,5176209.0,5185800.88845072
Finland,FIN,Europe & Central Asia,2001,5188008.0,5194618.32482607
Finland,FIN,Europe & Central Asia,2002,5200598.0,5204511.061679315
Finland,FIN,Europe & Central Asia,2003,5213014.0,5215731.115651312
Finland,FIN,Europe & Central Asia,2004,5228172.0,5227143.514103376
Finland,FIN,Europe & Central Asia,2005,5246096.0,5240771.879134344
Finland,FIN,Europe & Central Asia,2006,5266268.0,5264053.569073766
Finland,FIN,Europe & Central Asia,2007,5288720.0,5286498.2273838185
Finland,FIN,Europe & Central Asia,2008,5313399.0,5310631.319803586
Finland,FIN,Europe & Central Asia,2009,5338871.0,5336824.026217965
Finland,FIN,Europe & Central Asia,2010,5363352.0,5357221.423742453
Finland,FIN,Europe & Central Asia,2011,5388272.0,5383202.607506197
Finland,FIN,Europe & Central Asia,2012,5413971.0,5409521.956838386
Finland,FIN,Europe & Central Asia,2013,5438972.0,5436697.579442293
Finland,FIN,Europe & Central Asia,2014,5461512.0,5460791.381715683
Finland,FIN,Europe & Central Asia,2015,5479531.0,5487257.865585433
Finland,FIN,Europe & Central Asia,2016,5495303.0,5497666.179510983
Finland,FIN,Europe & Central Asia,2017,5508214.0,5511132.481149825
Finland,FIN,Europe & Central Asia,2018,5515525.0,5521780.674306512
Finland,FIN,Europe & Central Asia,2019,5521606.0,5522845.704029176
Finland,FIN,Europe & Central Asia,2020,5529543.0,5527693.704421324
Finland,FIN,Europe & Central Asia,2021,5541017.0,5545458.2666025935
Finland,FIN,Europe & Central Asia,2022,5556106.0,5555324.496961086
Finland,FIN,Europe & Central Asia,2023,5583911.0,5569259.22891347
Finland,FIN,Europe & Central Asia,2024,5619911.0,5584007.619992806
Fiji,FJI,East Asia & Pacific,1970,531188.0,531820.4932727861
Fiji,FJI,East Asia & Pacific,1971,541121.0,541786.3224141296
Fiji,FJI,East Asia & Pacific,1972,550499.0,555042.2497624359
Fiji,FJI,East Asia & Pacific,1973,559222.0,563769.2497282333
Fiji,FJI,East Asia & Pacific,1974,567489.0,571722.8360226061
Fiji,FJI,East Asia & Pacific,1975,575906.0,579147.6538001125
Fiji,FJI,East Asia & Pacific,1976,585534.0,586804.8538423245
Fiji,FJI,East Asia & Pacific,1977,597805.0,596049.2582769478
Fiji,FJI,East Asia & Pacific,1978,612091.0,607667.788241704
Fiji,FJI,East Asia & Pacific,1979,626862.0,626718.3985681955
Fiji,FJI,East Asia & Pacific,1980,641975.0,641992.2676221936
Fiji,FJI,East Asia & Pacific,1981,657471.0,657452.3589351756
Fiji,FJI,East Asia & Pacific,1982,673414.0,670572.1251651787
Fiji,FJI,East Asia & Pacific,1983,689835.0,687461.8018619847
Fiji,FJI,East Asia & Pacific,1984,706716.0,702433.6097068317
Fiji,FJI,East Asia & Pacific,1985,723761.0,721713.3898203862
Fiji,FJI,East Asia & Pacific,1986,739306.0,740662.222611251
Fiji,FJI,East Asia & Pacific,1987,750540.0,758355.7728968888
Fiji,FJI,East Asia & Pacific,1988,758697.0,761944.7045387074
Fiji,FJI,East Asia & Pacific,1989,766321.0,766942.6517787153
Fiji,FJI,East Asia & Pacific,1990,773316.0,774021.6120861255
Fiji,FJI,East Asia & Pacific,1991,779656.0,780374.8505823994
Fiji,FJI,East Asia & Pacific,1992,785346.0,792450.2522617477
Fiji,FJI,East Asia & Pacific,1993,790369.0,796743.1576601068
Fiji,FJI,East Asia & Pacific,1994,794771.0,800254.6849032894
Fiji,FJI,East Asia & Pacific,1995,798746.0,808596.4184587416
Fiji,FJI,East Asia & Pacific,1996,803789.0,805638.7163218705
Fiji,FJI,East Asia & Pacific,1997,812139.0,809934.3505468474
Fiji,FJI,East Asia & Pacific,1998,822258.0,817482.7173243202
Fiji,FJI,East Asia & Pacific,1999,831828.0,832503.0795748157
Fiji,FJI,East Asia & Pacific,2000,840909.0,841509.3822501112
Fiji,FJI,East Asia & Pacific,2001,849596.0,850089.1365703143
Fiji,FJI,East Asia & Pacific,2002,858049.0,857052.7610049869
Fiji,FJI,East Asia & Pacific,2003,866286.0,865916.2297567781
Fiji,FJI,East Asia & Pacific,2004,874366.0,874857.8529540147
Fiji,FJI,East Asia & Pacific,2005,882379.0,884781.0951776445
Fiji,FJI,East Asia & Pacific,2006,890365.0,890466.3984802716
Fiji,FJI,East Asia & Pacific,2007,897832.0,899513.9572110621
Fiji,FJI,East Asia & Pacific,2008,903399.0,906652.9321343661
Fiji,FJI,East Asia & Pacific,2009,907239.0,911736.2701185087
Fiji,FJI,East Asia & Pacific,2010,910419.0,911630.0126053485
Fiji,FJI,East Asia & Pacific,2011,912989.0,913610.1463501418
Fiji,FJI,East Asia & Pacific,2012,914918.0,915566.2548091809
Fiji,FJI,East Asia & Pacific,2013,916352.0,920487.2857684519
Fiji,FJI,East Asia & Pacific,2014,917585.0,921139.2314487033
Fiji,FJI,East Asia & Pacific,2015,918578.0,921583.4933709275
Fiji,FJI,East Asia & Pacific,2016,919166.0,921872.8844658461
Fiji,FJI,East Asia & Pacific,2017,918759.0,921656.7131557543
Fiji,FJI,East Asia & Pacific,2018,917180.0,920492.0879760248
Fiji,FJI,East Asia & Pacific,2019,914899.0,918291.2691415315
Fiji,FJI,East Asia & Pacific,2020,914963.0,915412.1076222054
Fiji,FJI,East Asia & Pacific,2021,916711.0,915182.5602202145
Fiji,FJI,East Asia & Pacific,2022,919422.0,916901.1629089724
Fiji,FJI,East Asia & Pacific,2023,924145.0,922141.0172537445
Fiji,FJI,East Asia & Pacific,2024,928784.0,928892.261611546
France,FRA,Europe & Central Asia,1970,52007169.0,52015975.675992966
France,FRA,Europe & Central Asia,1971,52499553.0,52483982.48375367
France,FRA,Europe & Central Asia,1972,52962356.0,52977142.7409998
France,FRA,Europe & Central Asia,1973,53392161.0,53413103.31384705
France,FRA,Europe & Central Asia,1974,53746571.0,53848172.05990747
France,FRA,Europe & Central Asia,1975,54002853.0,54103647.71926537
France,FRA,Europe & Central Asia,1976,54232383.0,54261476.20873516
France,FRA,Europe & Central Asia,1977,54486467.0,54462888.57822079
France,FRA,Europe & Central Asia,1978,54734030.0,54739284.52668727
France,FRA,Europe & Central Asia,1979,54979851.0,55101398.462582104
France,FRA,Europe & Central Asia,1980,55274184.0,55320484.00345332
France,FRA,Europe & Central Asia,1981,55603353.0,55591401.05368253
France,FRA,Europe & Central Asia,1982,55806789.0,55876425.67217027
France,FRA,Europe & Central Asia,1983,56108330.0,56092568.67825133
France,FRA,Europe & Central Asia,1984,56383085.0,56355895.64751345
France,FRA,Europe & Central Asia,1985,56665619.0,56643688.714116395
France,FRA,Europe & Central Asia,1986,56956002.0,56937238.457936384
France,FRA,Europe & Central Asia,1987,57266167.0,57230413.260407865
France,FRA,Europe & Central Asia,1988,57598186.0,57533847.036848016
France,FRA,Europe & Central Asia,1989,57943062.0,57850697.48453534
France,FRA,Europe & Central Asia,1990,58261012.0,58179910.55020146
France,FRA,Europe & Central Asia,1991,58554242.0,58517614.60915684
France,FRA,Europe & Central Asia,1992,58846584.0,58867847.40518505
France,FRA,Europe & Central Asia,1993,59103094.0,59180252.25402324
France,FRA,Europe & Central Asia,1994,59324863.0,59361267.53589342
France,FRA,Europe & Central Asia,1995,59541294.0,59547823.74748479
France,FRA,Europe & Central Asia,1996,59754504.0,59760774.03146061
France,FRA,Europe & Central Asia,1997,59968066.0,60037920.328336984
France,FRA,Europe & Central Asia,1998,60190684.0,60237589.630135596
France,FRA,Europe & Central Asia,1999,60501986.0,60445875.43313134
France,FRA,Europe & Central Asia,2000,60918661.0,60729144.98571706
France,FRA,Europe & Central Asia,2001,61364377.0,61338205.622382164
France,FRA,Europe & Central Asia,2002,61812142.0,61813354.1152841
France,FRA,Europe & Central Asia,2003,62249855.0,62261041.18748915
France,FRA,Europe & Central Asia,2004,62707588.0,62583628.21774204
France,FRA,Europe & Central Asia,2005,63180854.0,63069627.53282794
France,FRA,Europe & Central Asia,2006,63622342.0,63573492.218480036
France,FRA,Europe & Central Asia,2007,64016890.0,63990791.08094391
France,FRA,Europe & Central Asia,2008,64375116.0,64492032.764660746
France,FRA,Europe & Central Asia,2009,64706436.0,64735683.01477737
France,FRA,Europe & Central Asia,2010,65026211.0,65041659.900495395
France,FRA,Europe & Central Asia,2011,65340830.0,65349225.40688677
France,FRA,Europe & Central Asia,2012,65657659.0,65656971.23419335
France,FRA,Europe & Central Asia,2013,65997932.0,66047973.15640652
France,FRA,Europe & Central Asia,2014,66312067.0,66374122.688716896
France,FRA,Europe & Central Asia,2015,66548272.0,66719124.86814545
France,FRA,Europe & Central Asia,2016,66724104.0,66968747.200104505
France,FRA,Europe & Central Asia,2017,66918020.0,66924734.23747602
France,FRA,Europe & Central Asia,2018,67158348.0,67112760.55198304
France,FRA,Europe & Central Asia,2019,67382061.0,67436637.56424835
France,FRA,Europe & Central Asia,2020,67601110.0,67649236.04913373
France,FRA,Europe & Central Asia,2021,67842811.0,67857191.45521648
France,FRA,Europe & Central Asia,2022,68184457.0,68099186.02944665
France,FRA,Europe & Central Asia,2023,68372286.0,68337747.21315159
France,FRA,Europe & Central Asia,2024,68551653.0,68574491.51054457
Faroe Islands,FRO,Europe & Central Asia,1970,38269.0,38257.20577758817
Faroe Islands,FRO,Europe & Central Asia,1971,38703.0,38634.45698608444
Faroe Islands,FRO,Europe & Central Asia,1972,39172.0,39142.49472560527
Faroe Islands,FRO,Europe & Central Asia,1973,39636.0,39616.293877789234
Faroe Islands,FRO,Europe & Central Asia,1974,40106.0,40023.69266175397
Faroe Islands,FRO,Europe & Central Asia,1975,40568.0,40546.737740028344
Faroe Islands,FRO,Europe & Central Asia,1976,41020.0,41035.32199732995
Faroe Islands,FRO,Europe & Central Asia,1977,41468.0,41467.63825429345
Faroe Islands,FRO,Europe & Central Asia,1978,41968.0,41932.891182945124
Faroe Islands,FRO,Europe & Central Asia,1979,42521.0,42445.793956854206
Faroe Islands,FRO,Europe & Central Asia,1980,43072.0,42977.529520600416
Faroe Islands,FRO,Europe & Central Asia,1981,43626.0,43630.517221765265
Faroe Islands,FRO,Europe & Central Asia,1982,44171.0,44187.14889694949
Faroe Islands,FRO,Europe & Central Asia,1983,44670.0,44723.029155226046
Faroe Islands,FRO,Europe & Central Asia,1984,45141.0,45208.3438226265
Faroe Islands,FRO,Europe & Central Asia,1985,45707.0,45751.15038964866
Faroe Islands,FRO,Europe & Central Asia,1986,46131.0,46259.69207911693
Faroe Islands,FRO,Europe & Central Asia,1987,46701.0,46681.13076325056
Faroe Islands,FRO,Europe & Central Asia,1988,47355.0,47257.48591562092
Faroe Islands,FRO,Europe & Central Asia,1989,47958.0,47862.67960292826
Faroe Islands,FRO,Europe & Central Asia,1990,47740.0,48444.127354460456
Faroe Islands,FRO,Europe & Central Asia,1991,47447.0,48718.39864541007
Faroe Islands,FRO,Europe & Central Asia,1992,47287.0,47155.798252697015
Faroe Islands,FRO,Europe & Central Asia,1993,46474.0,47124.92260435394
Faroe Islands,FRO,Europe & Central Asia,1994,44695.0,45675.018751490155
Faroe Islands,FRO,Europe & Central Asia,1995,43611.0,42984.09920646322
Faroe Islands,FRO,Europe & Central Asia,1996,43581.0,43339.6354429726
Faroe Islands,FRO,Europe & Central Asia,1997,44132.0,43247.46339774045
Faroe Islands,FRO,Europe & Central Asia,1998,44674.0,43096.4069809769
Faroe Islands,FRO,Europe & Central Asia,1999,45146.0,45222.6564947427
Faroe Islands,FRO,Europe & Central Asia,2000,45754.0,45622.98688596777
Faroe Islands,FRO,Europe & Central Asia,2001,46635.0,46370.18818231344
Faroe Islands,FRO,Europe & Central Asia,2002,47335.0,46563.09049664767
Faroe Islands,FRO,Europe & Central Asia,2003,48032.0,46439.51433313962
Faroe Islands,FRO,Europe & Central Asia,2004,48384.0,47945.40651985457
Faroe Islands,FRO,Europe & Central Asia,2005,48359.0,49022.23268388564
Faroe Islands,FRO,Europe & Central Asia,2006,48335.0,48334.012929117904
Faroe Islands,FRO,Europe & Central Asia,2007,48378.0,48311.01190524374
Faroe Islands,FRO,Europe & Central Asia,2008,48547.0,48421.0382508687
Faroe Islands,FRO,Europe & Central Asia,2009,48791.0,48940.362702262835
Faroe Islands,FRO,Europe & Central Asia,2010,48657.0,49140.650168828644
Faroe Islands,FRO,Europe & Central Asia,2011,48543.0,49190.49112326463
Faroe Islands,FRO,Europe & Central Asia,2012,48291.0,48936.06762607867
Faroe Islands,FRO,Europe & Central Asia,2013,48246.0,48647.311603897746
Faroe Islands,FRO,Europe & Central Asia,2014,48428.0,48230.54632915721
Faroe Islands,FRO,Europe & Central Asia,2015,48899.0,48439.19923505708
Faroe Islands,FRO,Europe & Central Asia,2016,49464.0,49374.58083206557
Faroe Islands,FRO,Europe & Central Asia,2017,50180.0,50035.528252473436
Faroe Islands,FRO,Europe & Central Asia,2018,50996.0,50906.36421929784
Faroe Islands,FRO,Europe & Central Asia,2019,51792.0,51825.26934848955
Faroe Islands,FRO,Europe & Central Asia,2020,52565.0,52152.57115598658
Faroe Islands,FRO,Europe & Central Asia,2021,53296.0,53031.97321321472
Faroe Islands,FRO,Europe & Central Asia,2022,53912.0,53883.19088036421
Faroe Islands,FRO,Europe & Central Asia,2023,54414.0,54575.91717764317
Faroe Islands,FRO,Europe & Central Asia,2024,54681.0,55372.46698308555
"Micronesia, Fed. Sts.",FSM,East Asia & Pacific,1970,58922.0,58970.30684877072
"Micronesia, Fed. Sts.",FSM,East Asia & Pacific,1971,60636.0,60815.11215975596
"Micronesia, Fed. Sts.",FSM,East Asia & Pacific,1972,62278.0,62555.13024090933
"Micronesia, Fed. Sts.",FSM,East Asia & Pacific,1973,63986.0,63964.4647441507
"Micronesia, Fed. Sts.",FSM,East Asia & Pacific,1974,65749.0,65740.63108893145
"Micronesia, Fed. Sts.",FSM,East Asia & Pacific,1975,67428.0,67677.87779587877
"Micronesia, Fed. Sts.",FSM,East Asia & Pacific,1976,69049.0,69210.33671771287
"Micronesia, Fed. Sts.",FSM,East Asia & Pacific,1977,70753.0,70708.96958491414
"Micronesia, Fed. Sts.",FSM,East Asia & Pacific,1978,72754.0,72694.10152154109
"Micronesia, Fed. Sts.",FSM,East Asia & Pacific,1979,75054.0,74824.33276031946
"Micronesia, Fed. Sts.",FSM,East Asia & Pacific,1980,77407.0,76829.04272841
"Micronesia, Fed. Sts.",FSM,East Asia & Pacific,1981,79794.0,79833.76834488563
"Micronesia, Fed. Sts.",FSM,East Asia & Pacific,1982,82219.0,82254.60793103547
"Micronesia, Fed. Sts.",FSM,East Asia & Pacific,1983,84680.0,84717.69758478926
"Micronesia, Fed. Sts.",FSM,East Asia & Pacific,1984,87176.0,87094.48401594975
"Micronesia, Fed. Sts.",FSM,East Asia & Pacific,1985,89707.0,89611.99641506202
"Micronesia, Fed. Sts.",FSM,East Asia & Pacific,1986,92266.0,92453.21548781567
"Micronesia, Fed. Sts.",FSM,East Asia & Pacific,1987,94844.0,95028.87933046017
"Micronesia, Fed. Sts.",FSM,East Asia & Pacific,1988,97097.0,97679.77225874507
"Micronesia, Fed. Sts.",FSM,East Asia & Pacific,1989,99003.0,99403.51957572282
"Micronesia, Fed. Sts.",FSM,East Asia & Pacific,1990,100888.0,100946.41451510334
"Micronesia, Fed. Sts.",FSM,East Asia & Pacific,1991,102754.0,102808.89007051344
"Micronesia, Fed. Sts.",FSM,East Asia & Pacific,1992,104806.0,104654.5130854116
"Micronesia, Fed. Sts.",FSM,East Asia & Pacific,1993,107066.0,107318.75366417518
"Micronesia, Fed. Sts.",FSM,East Asia & Pacific,1994,109075.0,109538.44757038678
"Micronesia, Fed. Sts.",FSM,East Asia & Pacific,1995,110230.0,111844.18442912622
"Micronesia, Fed. Sts.",FSM,East Asia & Pacific,1996,110710.0,113295.73320412866
"Micronesia, Fed. Sts.",FSM,East Asia & Pacific,1997,111071.0,111192.09019249881
"Micronesia, Fed. Sts.",FSM,East Asia & Pacific,1998,111377.0,111433.17713362226
"Micronesia, Fed. Sts.",FSM,East Asia & Pacific,1999,111680.0,111683.84302903742
"Micronesia, Fed. Sts.",FSM,East Asia & Pacific,2000,112044.0,112948.21927821978
"Micronesia, Fed. Sts.",FSM,East Asia & Pacific,2001,112365.0,113126.73376562289
"Micronesia, Fed. Sts.",FSM,East Asia & Pacific,2002,112448.0,113237.8457281944
"Micronesia, Fed. Sts.",FSM,East Asia & Pacific,2003,112285.0,113639.44771329046
"Micronesia, Fed. Sts.",FSM,East Asia & Pacific,2004,111925.0,113207.58303924592
"Micronesia, Fed. Sts.",FSM,East Asia & Pacific,2005,111412.0,111587.0715197079
"Micronesia, Fed. Sts.",FSM,East Asia & Pacific,2006,110729.0,110901.3513016893
"Micronesia, Fed. Sts.",FSM,East Asia & Pacific,2007,109880.0,110050.18706781889
"Micronesia, Fed. Sts.",FSM,East Asia & Pacific,2008,108936.0,109714.91307190037
"Micronesia, Fed. Sts.",FSM,East Asia & Pacific,2009,107957.0,108635.30271935309
"Micronesia, Fed. Sts.",FSM,East Asia & Pacific,2010,107540.0,107512.19187539394
"Micronesia, Fed. Sts.",FSM,East Asia & Pacific,2011,107698.0,107016.87691193771
"Micronesia, Fed. Sts.",FSM,East Asia & Pacific,2012,107890.0,106645.65200004136
"Micronesia, Fed. Sts.",FSM,East Asia & Pacific,2013,108121.0,108082.34229756412
"Micronesia, Fed. Sts.",FSM,East Asia & Pacific,2014,108396.0,108352.49458585256
"Micronesia, Fed. Sts.",FSM,East Asia & Pacific,2015,108716.0,108671.6994464695
"Micronesia, Fed. Sts.",FSM,East Asia & Pacific,2016,109075.0,108494.60447907144
"Micronesia, Fed. Sts.",FSM,East Asia & Pacific,2017,109481.0,108985.92004250728
"Micronesia, Fed. Sts.",FSM,East Asia & Pacific,2018,109909.0,109080.61910520137
"Micronesia, Fed. Sts.",FSM,East Asia & Pacific,2019,110282.0,109842.07105610492
"Micronesia, Fed. Sts.",FSM,East Asia & Pacific,2020,110916.0,110590.66544433181
"Micronesia, Fed. Sts.",FSM,East Asia & Pacific,2021,111624.0,111278.02774919158
"Micronesia, Fed. Sts.",FSM,East Asia & Pacific,2022,112114.0,112046.92340037784
"Micronesia, Fed. Sts.",FSM,East Asia & Pacific,2023,112630.0,112566.54057089487
"Micronesia, Fed. Sts.",FSM,East Asia & Pacific,2024,113160.0,113110.42446453632
Gabon,GAB,Sub-Saharan Africa ,1970,595846.0,591729.643047722
Gabon,GAB,Sub-Saharan Africa ,1971,608348.0,608686.8921332881
Gabon,GAB,Sub-Saharan Africa ,1972,620960.0,621112.3161448062
Gabon,GAB,Sub-Saharan Africa ,1973,633995.0,631792.8921153026
Gabon,GAB,Sub-Saharan Africa ,1974,647691.0,645578.8620100307
Gabon,GAB,Sub-Saharan Africa ,1975,662197.0,660056.1866576496
Gabon,GAB,Sub-Saharan Africa ,1976,677628.0,673325.1210172543
Gabon,GAB,Sub-Saharan Africa ,1977,693984.0,689717.9948388365
Gabon,GAB,Sub-Saharan Africa ,1978,711245.0,709007.3209506564
Gabon,GAB,Sub-Saharan Africa ,1979,729375.0,728935.3212969108
Gabon,GAB,Sub-Saharan Africa ,1980,748389.0,747668.3549722971
Gabon,GAB,Sub-Saharan Africa ,1981,768385.0,765806.1878200079
Gabon,GAB,Sub-Saharan Africa ,1982,789286.0,786789.0617478914
Gabon,GAB,Sub-Saharan Africa ,1983,811005.0,808725.7923960426
Gabon,GAB,Sub-Saharan Africa ,1984,833501.0,831514.3490385864
Gabon,GAB,Sub-Saharan Africa ,1985,856726.0,855083.4089649004
Gabon,GAB,Sub-Saharan Africa ,1986,880705.0,879344.9719293471
Gabon,GAB,Sub-Saharan Africa ,1987,905479.0,904327.6529014395
Gabon,GAB,Sub-Saharan Africa ,1988,931020.0,930095.5868559694
Gabon,GAB,Sub-Saharan Africa ,1989,957138.0,956583.8746470399
Gabon,GAB,Sub-Saharan Africa ,1990,983734.0,983648.8598658618
Gabon,GAB,Sub-Saharan Africa ,1991,1010818.0,1011123.4443750278
Gabon,GAB,Sub-Saharan Africa ,1992,1038380.0,1039302.9370990339
Gabon,GAB,Sub-Saharan Africa ,1993,1066405.0,1066696.347536947
Gabon,GAB,Sub-Saharan Africa ,1994,1094720.0,1095189.4242448814
Gabon,GAB,Sub-Saharan Africa ,1995,1123213.0,1123860.5005697212
Gabon,GAB,Sub-Saharan Africa ,1996,1152015.0,1152778.7734676583
Gabon,GAB,Sub-Saharan Africa ,1997,1181439.0,1183263.1071865493
Gabon,GAB,Sub-Saharan Africa ,1998,1211736.0,1213133.8742827203
Gabon,GAB,Sub-Saharan Africa ,1999,1243016.0,1243916.8791057093
Gabon,GAB,Sub-Saharan Africa ,2000,1275572.0,1275752.5552269064
Gabon,GAB,Sub-Saharan Africa ,2001,1309589.0,1308972.3987272796
Gabon,GAB,Sub-Saharan Africa ,2002,1345135.0,1343080.4267248919
Gabon,GAB,Sub-Saharan Africa ,2003,1382350.0,1381639.3989464003
Gabon,GAB,Sub-Saharan Africa ,2004,1421609.0,1420587.0014663974
Gabon,GAB,Sub-Saharan Africa ,2005,1463495.0,1461635.8182025035
Gabon,GAB,Sub-Saharan Africa ,2006,1508337.0,1506615.120577325
Gabon,GAB,Sub-Saharan Africa ,2007,1556237.0,1553382.1761324308
Gabon,GAB,Sub-Saharan Africa ,2008,1607175.0,1605658.152052894
Gabon,GAB,Sub-Saharan Africa ,2009,1661556.0,1659780.2780409635
Gabon,GAB,Sub-Saharan Africa ,2010,1719879.0,1711086.99638668
Gabon,GAB,Sub-Saharan Africa ,2011,1781985.0,1772760.1753005886
Gabon,GAB,Sub-Saharan Africa ,2012,1846889.0,1838549.5365403628
Gabon,GAB,Sub-Saharan Africa ,2013,1913059.0,1907316.8387100007
Gabon,GAB,Sub-Saharan Africa ,2014,1978399.0,1977224.1937992964
Gabon,GAB,Sub-Saharan Africa ,2015,2040989.0,2045792.1198231382
Gabon,GAB,Sub-Saharan Africa ,2016,2100306.0,2114640.978812252
Gabon,GAB,Sub-Saharan Africa ,2017,2156900.0,2161346.9224813897
Gabon,GAB,Sub-Saharan Africa ,2018,2212318.0,2215018.959263629
Gabon,GAB,Sub-Saharan Africa ,2019,2267706.0,2269159.8744683294
Gabon,GAB,Sub-Saharan Africa ,2020,2322539.0,2338460.039054112
Gabon,GAB,Sub-Saharan Africa ,2021,2376722.0,2391923.8107889304
Gabon,GAB,Sub-Saharan Africa ,2022,2430747.0,2444270.277520581
Gabon,GAB,Sub-Saharan Africa ,2023,2484789.0,2496298.369174694
Gabon,GAB,Sub-Saharan Africa ,2024,2538952.0,2548520.528691183
United Kingdom,GBR,Europe & Central Asia,1970,55663250.0,55790347.251471475
United Kingdom,GBR,Europe & Central Asia,1971,55896223.0,55991314.421293974
United Kingdom,GBR,Europe & Central Asia,1972,56086065.0,56198552.54941007
United Kingdom,GBR,Europe & Central Asia,1973,56194527.0,56363899.81311914
United Kingdom,GBR,Europe & Central Asia,1974,56229974.0,56444483.255363554
United Kingdom,GBR,Europe & Central Asia,1975,56225800.0,56314966.8042679
United Kingdom,GBR,Europe & Central Asia,1976,56211968.0,56221626.31052059
United Kingdom,GBR,Europe & Central Asia,1977,56193492.0,56198139.40262508
United Kingdom,GBR,Europe & Central Asia,1978,56196504.0,56303656.136349104
United Kingdom,GBR,Europe & Central Asia,1979,56246951.0,56281003.921013325
United Kingdom,GBR,Europe & Central Asia,1980,56314216.0,56312195.55256053
United Kingdom,GBR,Europe & Central Asia,1981,56333829.0,56339000.105596185
United Kingdom,GBR,Europe & Central Asia,1982,56313641.0,56324927.97669679
United Kingdom,GBR,Europe & Central Asia,1983,56332848.0,56327064.349113494
United Kingdom,GBR,Europe & Central Asia,1984,56422072.0,56344256.61864499
United Kingdom,GBR,Europe & Central Asia,1985,56550268.0,56402276.662239276
United Kingdom,GBR,Europe & Central Asia,1986,56681396.0,56496556.76043754
United Kingdom,GBR,Europe & Central Asia,1987,56802050.0,56810414.22879468
United Kingdom,GBR,Europe & Central Asia,1988,56928327.0,56922960.82884225
United Kingdom,GBR,Europe & Central Asia,1989,57076711.0,57054884.72680338
United Kingdom,GBR,Europe & Central Asia,1990,57247586.0,57161760.28238684
United Kingdom,GBR,Europe & Central Asia,1991,57424897.0,57264362.9487598
United Kingdom,GBR,Europe & Central Asia,1992,57580402.0,57478342.775158845
United Kingdom,GBR,Europe & Central Asia,1993,57718614.0,57720652.81538409
United Kingdom,GBR,Europe & Central Asia,1994,57865745.0,57864549.45288489
United Kingdom,GBR,Europe & Central Asia,1995,58019030.0,58013795.91537075
United Kingdom,GBR,Europe & Central Asia,1996,58166950.0,58176356.30088866
United Kingdom,GBR,Europe & Central Asia,1997,58316954.0,58335427.24458527
United Kingdom,GBR,Europe & Central Asia,1998,58487141.0,58473357.35628801
United Kingdom,GBR,Europe & Central Asia,1999,58682466.0,58640101.15973249
United Kingdom,GBR,Europe & Central Asia,2000,58892514.0,58806464.98577648
United Kingdom,GBR,Europe & Central Asia,2001,59119673.0,59103223.87455981
United Kingdom,GBR,Europe & Central Asia,2002,59370479.0,59342695.38316604
United Kingdom,GBR,Europe & Central Asia,2003,59647577.0,59615227.349762425
United Kingdom,GBR,Europe & Central Asia,2004,59987905.0,59911104.24089134
United Kingdom,GBR,Europe & Central Asia,2005,60401206.0,60210135.900813445
United Kingdom,GBR,Europe & Central Asia,2006,60846820.0,60817354.533696294
United Kingdom,GBR,Europe & Central Asia,2007,61322463.0,61295721.5473007
United Kingdom,GBR,Europe & Central Asia,2008,61806995.0,61801824.127212785
United Kingdom,GBR,Europe & Central Asia,2009,62276270.0,62164273.349154696
United Kingdom,GBR,Europe & Central Asia,2010,62766365.0,62663666.97834141
United Kingdom,GBR,Europe & Central Asia,2011,63258810.0,63184777.70165954
United Kingdom,GBR,Europe & Central Asia,2012,63711000.0,63633480.77269092
United Kingdom,GBR,Europe & Central Asia,2013,64139000.0,64175222.572161384
United Kingdom,GBR,Europe & Central Asia,2014,64620000.0,64670892.747928746
United Kingdom,GBR,Europe & Central Asia,2015,65088000.0,65106597.26614075
United Kingdom,GBR,Europe & Central Asia,2016,65607000.0,65577212.73410706
United Kingdom,GBR,Europe & Central Asia,2017,65966000.0,66093013.536093384
United Kingdom,GBR,Europe & Central Asia,2018,66289000.0,66524763.57233822
United Kingdom,GBR,Europe & Central Asia,2019,66631000.0,66904855.31409809
United Kingdom,GBR,Europe & Central Asia,2020,66744000.0,67075345.81735966
United Kingdom,GBR,Europe & Central Asia,2021,66984000.0,66925430.695450656
United Kingdom,GBR,Europe & Central Asia,2022,67604000.0,67184777.71876456
United Kingdom,GBR,Europe & Central Asia,2023,68492000.0,67972019.96677278
United Kingdom,GBR,Europe & Central Asia,2024,69226000.0,69391664.15579857
Georgia,GEO,Europe & Central Asia,1970,4119900.0,4131689.7307559755
Georgia,GEO,Europe & Central Asia,1971,4163000.0,4168953.5558890584
Georgia,GEO,Europe & Central Asia,1972,4205300.0,4210338.05502528
Georgia,GEO,Europe & Central Asia,1973,4242500.0,4255043.831502822
Georgia,GEO,Europe & Central Asia,1974,4279500.0,4289711.6812222
Georgia,GEO,Europe & Central Asia,1975,4311200.0,4325405.34135322
Georgia,GEO,Europe & Central Asia,1976,4342400.0,4343579.686403898
Georgia,GEO,Europe & Central Asia,1977,4372100.0,4373809.735641436
Georgia,GEO,Europe & Central Asia,1978,4397700.0,4402181.051813596
Georgia,GEO,Europe & Central Asia,1979,4430200.0,4423449.896098393
Georgia,GEO,Europe & Central Asia,1980,4467700.0,4466086.502473904
Georgia,GEO,Europe & Central Asia,1981,4504500.0,4504163.170142724
Georgia,GEO,Europe & Central Asia,1982,4542800.0,4535064.485069438
Georgia,GEO,Europe & Central Asia,1983,4582900.0,4577427.242891068
Georgia,GEO,Europe & Central Asia,1984,4622200.0,4623141.701147302
Georgia,GEO,Europe & Central Asia,1985,4662900.0,4658092.337367258
Georgia,GEO,Europe & Central Asia,1986,4704500.0,4699921.750460635
Georgia,GEO,Europe & Central Asia,1987,4743500.0,4738438.820818443
Georgia,GEO,Europe & Central Asia,1988,4790700.0,4782869.758276494
Georgia,GEO,Europe & Central Asia,1989,4803300.0,4828114.812372559
Georgia,GEO,Europe & Central Asia,1990,4802000.0,4860681.210703176
Georgia,GEO,Europe & Central Asia,1991,4835900.0,4800700.351942832
Georgia,GEO,Europe & Central Asia,1992,4873500.0,4869611.110279201
Georgia,GEO,Europe & Central Asia,1993,4911100.0,4906876.20618704
Georgia,GEO,Europe & Central Asia,1994,4836076.0,4941212.03028061
Georgia,GEO,Europe & Central Asia,1995,4657722.0,4924159.863101377
Georgia,GEO,Europe & Central Asia,1996,4491699.0,4485945.680617123
Georgia,GEO,Europe & Central Asia,1997,4349913.0,4331593.8346633855
Georgia,GEO,Europe & Central Asia,1998,4243607.0,4212602.6486549135
Georgia,GEO,Europe & Central Asia,1999,4157192.0,4185591.958286905
Georgia,GEO,Europe & Central Asia,2000,4077131.0,4091119.473630487
Georgia,GEO,Europe & Central Asia,2001,4014373.0,4002623.218593836
Georgia,GEO,Europe & Central Asia,2002,3978515.0,3879056.2404899807
Georgia,GEO,Europe & Central Asia,2003,3951736.0,3942977.297208125
Georgia,GEO,Europe & Central Asia,2004,3927340.0,3864051.5398342744
Georgia,GEO,Europe & Central Asia,2005,3902469.0,3853611.6233152966
Georgia,GEO,Europe & Central Asia,2006,3880347.0,3841968.2942236834
Georgia,GEO,Europe & Central Asia,2007,3860158.0,3831407.48007074
Georgia,GEO,Europe & Central Asia,2008,3848449.0,3819751.1670247647
Georgia,GEO,Europe & Central Asia,2009,3814419.0,3789282.111613062
Georgia,GEO,Europe & Central Asia,2010,3786695.0,3782597.254417685
Georgia,GEO,Europe & Central Asia,2011,3756441.0,3766830.174320826
Georgia,GEO,Europe & Central Asia,2012,3728874.0,3742122.928119336
Georgia,GEO,Europe & Central Asia,2013,3717668.0,3704920.4885088163
Georgia,GEO,Europe & Central Asia,2014,3719414.0,3691299.3609725554
Georgia,GEO,Europe & Central Asia,2015,3725276.0,3678177.8887519897
Georgia,GEO,Europe & Central Asia,2016,3727505.0,3731143.050976069
Georgia,GEO,Europe & Central Asia,2017,3728004.0,3729735.3339351094
Georgia,GEO,Europe & Central Asia,2018,3726549.0,3714856.0916427225
Georgia,GEO,Europe & Central Asia,2019,3720161.0,3716929.67096116
Georgia,GEO,Europe & Central Asia,2020,3722716.0,3707978.2107620477
Georgia,GEO,Europe & Central Asia,2021,3708610.0,3717587.4047762924
Georgia,GEO,Europe & Central Asia,2022,3712502.0,3717834.9983353494
Georgia,GEO,Europe & Central Asia,2023,3715483.0,3715550.3233227287
Georgia,GEO,Europe & Central Asia,2024,3699557.0,3712568.741202133
Ghana,GHA,Sub-Saharan Africa ,1970,8925813.0,8902575.189668879
Ghana,GHA,Sub-Saharan Africa ,1971,9176264.0,9167415.225366378
Ghana,GHA,Sub-Saharan Africa ,1972,9438187.0,9433742.449713765
Ghana,GHA,Sub-Saharan Africa ,1973,9714617.0,9707586.207888575
Ghana,GHA,Sub-Saharan Africa ,1974,10000523.0,9999143.209844915
Ghana,GHA,Sub-Saharan Africa ,1975,10294308.0,10268482.384583281
Ghana,GHA,Sub-Saharan Africa ,1976,10594913.0,10575893.46435667
Ghana,GHA,Sub-Saharan Africa ,1977,10911871.0,10890334.754164308
Ghana,GHA,Sub-Saharan Africa ,1978,11248450.0,11202681.645485973
Ghana,GHA,Sub-Saharan Africa ,1979,11597255.0,11553368.526957009
Ghana,GHA,Sub-Saharan Africa ,1980,11941448.0,11939501.686539244
Ghana,GHA,Sub-Saharan Africa ,1981,12281712.0,12296100.769174693
Ghana,GHA,Sub-Saharan Africa ,1982,12643819.0,12652981.94778482
Ghana,GHA,Sub-Saharan Africa ,1983,13029836.0,13029712.922790118
Ghana,GHA,Sub-Saharan Africa ,1984,13370590.0,13420797.598924637
Ghana,GHA,Sub-Saharan Africa ,1985,13661229.0,13802717.622192487
Ghana,GHA,Sub-Saharan Africa ,1986,13965217.0,13958185.675768359
Ghana,GHA,Sub-Saharan Africa ,1987,14289108.0,14275969.30262778
Ghana,GHA,Sub-Saharan Africa ,1988,14636568.0,14674082.040955331
Ghana,GHA,Sub-Saharan Africa ,1989,15006813.0,15020021.860387186
Ghana,GHA,Sub-Saharan Africa ,1990,15394648.0,15392685.024905419
Ghana,GHA,Sub-Saharan Africa ,1991,15787496.0,15779731.023057612
Ghana,GHA,Sub-Saharan Africa ,1992,16184855.0,16147376.092195995
Ghana,GHA,Sub-Saharan Africa ,1993,16589519.0,16579451.59524362
Ghana,GHA,Sub-Saharan Africa ,1994,16993190.0,16991901.50090843
Ghana,GHA,Sub-Saharan Africa ,1995,17399017.0,17409136.899165366
Ghana,GHA,Sub-Saharan Africa ,1996,17810181.0,17850040.72317285
Ghana,GHA,Sub-Saharan Africa ,1997,18238958.0,18231088.049904395
Ghana,GHA,Sub-Saharan Africa ,1998,18688036.0,18690432.73498988
Ghana,GHA,Sub-Saharan Africa ,1999,19149864.0,19149156.492220473
Ghana,GHA,Sub-Saharan Africa ,2000,19637087.0,19619952.896850213
Ghana,GHA,Sub-Saharan Africa ,2001,20167069.0,20098379.924311798
Ghana,GHA,Sub-Saharan Africa ,2002,20729388.0,20710959.687556274
Ghana,GHA,Sub-Saharan Africa ,2003,21296705.0,21306964.70398642
Ghana,GHA,Sub-Saharan Africa ,2004,21868298.0,21878260.97438246
Ghana,GHA,Sub-Saharan Africa ,2005,22449438.0,22430820.93585169
Ghana,GHA,Sub-Saharan Africa ,2006,23040702.0,23034329.29819019
Ghana,GHA,Sub-Saharan Africa ,2007,23642279.0,23646828.64366622
Ghana,GHA,Sub-Saharan Africa ,2008,24249946.0,24284707.99043682
Ghana,GHA,Sub-Saharan Africa ,2009,24862664.0,24894706.69832525
Ghana,GHA,Sub-Saharan Africa ,2010,25474995.0,25494263.456772674
Ghana,GHA,Sub-Saharan Africa ,2011,26095088.0,26145218.045613315
Ghana,GHA,Sub-Saharan Africa ,2012,26734268.0,26771339.0378242
Ghana,GHA,Sub-Saharan Africa ,2013,27386193.0,27418482.29461247
Ghana,GHA,Sub-Saharan Africa ,2014,28041592.0,28079603.56702594
Ghana,GHA,Sub-Saharan Africa ,2015,28696068.0,28743387.411952857
Ghana,GHA,Sub-Saharan Africa ,2016,29356742.0,29404723.26170807
Ghana,GHA,Sub-Saharan Africa ,2017,30008354.0,30071643.45952389
Ghana,GHA,Sub-Saharan Africa ,2018,30637585.0,30727504.245535918
Ghana,GHA,Sub-Saharan Africa ,2019,31258945.0,31280010.04891335
Ghana,GHA,Sub-Saharan Africa ,2020,31887809.0,31902740.820755538
Ghana,GHA,Sub-Saharan Africa ,2021,32518665.0,32606085.925033733
Ghana,GHA,Sub-Saharan Africa ,2022,33149152.0,33234477.94087303
Ghana,GHA,Sub-Saharan Africa ,2023,33787914.0,33860086.9568816
Ghana,GHA,Sub-Saharan Africa ,2024,34427414.0,34495309.167471334
Gibraltar,GIB,Europe & Central Asia,1970,26634.0,26620.485567574568
Gibraltar,GIB,Europe & Central Asia,1971,27020.0,27325.724802276458
Gibraltar,GIB,Europe & Central Asia,1972,27290.0,27411.594208541206
Gibraltar,GIB,Europe & Central Asia,1973,27537.0,27562.69800486418
Gibraltar,GIB,Europe & Central Asia,1974,27755.0,27786.235580116714
Gibraltar,GIB,Europe & Central Asia,1975,27951.0,27974.72582445539
Gibraltar,GIB,Europe & Central Asia,1976,28134.0,28370.487500058647
Gibraltar,GIB,Europe & Central Asia,1977,28300.0,28503.72284338014
Gibraltar,GIB,Europe & Central Asia,1978,28446.0,28619.788224597436
Gibraltar,GIB,Europe & Central Asia,1979,28575.0,28894.094533568135
Gibraltar,GIB,Europe & Central Asia,1980,28675.0,28799.216406874384
Gibraltar,GIB,Europe & Central Asia,1981,28740.0,28865.47050833479
Gibraltar,GIB,Europe & Central Asia,1982,28765.0,28906.290252129307
Gibraltar,GIB,Europe & Central Asia,1983,28733.0,28904.715313277542
Gibraltar,GIB,Europe & Central Asia,1984,28643.0,28701.035600765154
Gibraltar,GIB,Europe & Central Asia,1985,28512.0,28553.281907562738
Gibraltar,GIB,Europe & Central Asia,1986,28328.0,28381.599135148557
Gibraltar,GIB,Europe & Central Asia,1987,28096.0,28331.112652726628
Gibraltar,GIB,Europe & Central Asia,1988,27839.0,28057.377729049615
Gibraltar,GIB,Europe & Central Asia,1989,27544.0,27758.40124232753
Gibraltar,GIB,Europe & Central Asia,1990,27200.0,27421.119566054407
Gibraltar,GIB,Europe & Central Asia,1991,26898.0,27034.065446837318
Gibraltar,GIB,Europe & Central Asia,1992,26878.0,26698.1839457314
Gibraltar,GIB,Europe & Central Asia,1993,27070.0,26615.405830893666
Gibraltar,GIB,Europe & Central Asia,1994,27239.0,27263.371525271792
Gibraltar,GIB,Europe & Central Asia,1995,27377.0,27409.055083730484
Gibraltar,GIB,Europe & Central Asia,1996,27487.0,27515.699145681632
Gibraltar,GIB,Europe & Central Asia,1997,27582.0,27420.15343034766
Gibraltar,GIB,Europe & Central Asia,1998,27650.0,27553.591609466243
Gibraltar,GIB,Europe & Central Asia,1999,27692.0,27566.830630383658
Gibraltar,GIB,Europe & Central Asia,2000,27709.0,27796.09682738248
Gibraltar,GIB,Europe & Central Asia,2001,27657.0,27801.108376241027
Gibraltar,GIB,Europe & Central Asia,2002,27831.0,27744.83690031599
Gibraltar,GIB,Europe & Central Asia,2003,28274.0,27936.168695594268
Gibraltar,GIB,Europe & Central Asia,2004,28715.0,28110.226286104815
Gibraltar,GIB,Europe & Central Asia,2005,29163.0,29162.878444103935
Gibraltar,GIB,Europe & Central Asia,2006,29594.0,29617.98951752906
Gibraltar,GIB,Europe & Central Asia,2007,30006.0,30031.36975042962
Gibraltar,GIB,Europe & Central Asia,2008,30413.0,30279.869086094022
Gibraltar,GIB,Europe & Central Asia,2009,30823.0,30731.377918099795
Gibraltar,GIB,Europe & Central Asia,2010,31248.0,31153.533477137113
Gibraltar,GIB,Europe & Central Asia,2011,31660.0,31712.7839048626
Gibraltar,GIB,Europe & Central Asia,2012,32029.0,32116.900369178835
Gibraltar,GIB,Europe & Central Asia,2013,32407.0,32476.23797085115
Gibraltar,GIB,Europe & Central Asia,2014,32813.0,32845.740617953496
Gibraltar,GIB,Europe & Central Asia,2015,33193.0,33245.85935605505
Gibraltar,GIB,Europe & Central Asia,2016,33658.0,33619.19620165515
Gibraltar,GIB,Europe & Central Asia,2017,34245.0,34090.04822757274
Gibraltar,GIB,Europe & Central Asia,2018,34854.0,34842.23735411508
Gibraltar,GIB,Europe & Central Asia,2019,35494.0,35473.83022464063
Gibraltar,GIB,Europe & Central Asia,2020,36173.0,36145.751878531206
Gibraltar,GIB,Europe & Central Asia,2021,36858.0,36712.56394006086
Gibraltar,GIB,Europe & Central Asia,2022,37609.0,37437.68152096181
Gibraltar,GIB,Europe & Central Asia,2023,38471.0,38236.18003988219
Gibraltar,GIB,Europe & Central Asia,2024,39329.0,39157.037519113816
Guinea,GIN,Sub-Saharan Africa ,1970,4277535.0,4276358.5890680235
Guinea,GIN,Sub-Saharan Africa ,1971,4355200.0,4357659.6267828215
Guinea,GIN,Sub-Saharan Africa ,1972,4431292.0,4438210.877266496
Guinea,GIN,Sub-Saharan Africa ,1973,4506324.0,4508743.329257008
Guinea,GIN,Sub-Saharan Africa ,1974,4580510.0,4582647.680065043
Guinea,GIN,Sub-Saharan Africa ,1975,4653876.0,4656034.946550492
Guinea,GIN,Sub-Saharan Africa ,1976,4727022.0,4728417.102822941
Guinea,GIN,Sub-Saharan Africa ,1977,4801128.0,4810256.114176617
Guinea,GIN,Sub-Saharan Africa ,1978,4877854.0,4883668.115934544
Guinea,GIN,Sub-Saharan Africa ,1979,4959283.0,4959863.02092978
Guinea,GIN,Sub-Saharan Africa ,1980,5047419.0,5041401.535385016
Guinea,GIN,Sub-Saharan Africa ,1981,5143288.0,5125102.42711138
Guinea,GIN,Sub-Saharan Africa ,1982,5247672.0,5240911.631992097
Guinea,GIN,Sub-Saharan Africa ,1983,5359814.0,5354174.492757345
Guinea,GIN,Sub-Saharan Africa ,1984,5480096.0,5474352.458345414
Guinea,GIN,Sub-Saharan Africa ,1985,5610373.0,5603077.302361492
Guinea,GIN,Sub-Saharan Africa ,1986,5750668.0,5718198.497952412
Guinea,GIN,Sub-Saharan Africa ,1987,5900198.0,5867148.425287529
Guinea,GIN,Sub-Saharan Africa ,1988,6056574.0,6026279.718292223
Guinea,GIN,Sub-Saharan Africa ,1989,6215811.0,6192599.65085531
Guinea,GIN,Sub-Saharan Africa ,1990,6434374.0,6361280.565784609
Guinea,GIN,Sub-Saharan Africa ,1991,6697166.0,6596513.257827532
Guinea,GIN,Sub-Saharan Africa ,1992,6914366.0,6970690.921344847
Guinea,GIN,Sub-Saharan Africa ,1993,7128177.0,7112815.53975754
Guinea,GIN,Sub-Saharan Africa ,1994,7345107.0,7339496.814661124
Guinea,GIN,Sub-Saharan Africa ,1995,7553249.0,7568311.120015783
Guinea,GIN,Sub-Saharan Africa ,1996,7770035.0,7806663.033565473
Guinea,GIN,Sub-Saharan Africa ,1997,7931370.0,8054820.869168345
Guinea,GIN,Sub-Saharan Africa ,1998,8081990.0,8106479.769362365
Guinea,GIN,Sub-Saharan Africa ,1999,8265123.0,8321224.728907525
Guinea,GIN,Sub-Saharan Africa ,2000,8428832.0,8498296.431300586
Guinea,GIN,Sub-Saharan Africa ,2001,8539960.0,8646986.177441448
Guinea,GIN,Sub-Saharan Africa ,2002,8674066.0,8742690.565283848
Guinea,GIN,Sub-Saharan Africa ,2003,8870781.0,8865317.657558167
Guinea,GIN,Sub-Saharan Africa ,2004,9062726.0,9058763.815070583
Guinea,GIN,Sub-Saharan Africa ,2005,9245844.0,9239485.568091067
Guinea,GIN,Sub-Saharan Africa ,2006,9441171.0,9403963.528861623
Guinea,GIN,Sub-Saharan Africa ,2007,9662281.0,9594647.834902981
Guinea,GIN,Sub-Saharan Africa ,2008,9898870.0,9855930.438760886
Guinea,GIN,Sub-Saharan Africa ,2009,10143534.0,10099284.20907949
Guinea,GIN,Sub-Saharan Africa ,2010,10396086.0,10297952.314714072
Guinea,GIN,Sub-Saharan Africa ,2011,10656810.0,10579543.708893666
Guinea,GIN,Sub-Saharan Africa ,2012,10921581.0,10924072.711162835
Guinea,GIN,Sub-Saharan Africa ,2013,11191873.0,11176826.694589209
Guinea,GIN,Sub-Saharan Africa ,2014,11472924.0,11437991.818612311
Guinea,GIN,Sub-Saharan Africa ,2015,11767070.0,11740943.826787833
Guinea,GIN,Sub-Saharan Africa ,2016,12073030.0,12048787.20691542
Guinea,GIN,Sub-Saharan Africa ,2017,12385659.0,12375498.43088429
Guinea,GIN,Sub-Saharan Africa ,2018,12704774.0,12705915.751160584
Guinea,GIN,Sub-Saharan Africa ,2019,13034346.0,13032549.81824117
Guinea,GIN,Sub-Saharan Africa ,2020,13371183.0,13365999.175281692
Guinea,GIN,Sub-Saharan Africa ,2021,13710513.0,13712556.727507893
Guinea,GIN,Sub-Saharan Africa ,2022,14055137.0,14062088.78499045
Guinea,GIN,Sub-Saharan Africa ,2023,14405468.0,14424151.667806314
Guinea,GIN,Sub-Saharan Africa ,2024,14754785.0,14764558.928493934
"Gambia, The",GMB,Sub-Saharan Africa ,1970,524105.0,523936.6615071272
"Gambia, The",GMB,Sub-Saharan Africa ,1971,539388.0,539173.8354259421
"Gambia, The",GMB,Sub-Saharan Africa ,1972,555370.0,555054.2391880049
"Gambia, The",GMB,Sub-Saharan Africa ,1973,571991.0,571668.7536245098
"Gambia, The",GMB,Sub-Saharan Africa ,1974,589085.0,588360.222376393
"Gambia, The",GMB,Sub-Saharan Africa ,1975,606821.0,606091.2077570916
"Gambia, The",GMB,Sub-Saharan Africa ,1976,625667.0,624511.5252725198
"Gambia, The",GMB,Sub-Saharan Africa ,1977,645770.0,644124.1838585663
"Gambia, The",GMB,Sub-Saharan Africa ,1978,667103.0,665084.9908375617
"Gambia, The",GMB,Sub-Saharan Africa ,1979,689781.0,689140.7352439333
"Gambia, The",GMB,Sub-Saharan Africa ,1980,713913.0,713229.9329300842
"Gambia, The",GMB,Sub-Saharan Africa ,1981,739125.0,738889.2584084552
"Gambia, The",GMB,Sub-Saharan Africa ,1982,765753.0,762977.2593234583
"Gambia, The",GMB,Sub-Saharan Africa ,1983,794525.0,790981.1913572435
"Gambia, The",GMB,Sub-Saharan Africa ,1984,825631.0,821365.4942080333
"Gambia, The",GMB,Sub-Saharan Africa ,1985,858874.0,854366.3346867249
"Gambia, The",GMB,Sub-Saharan Africa ,1986,894019.0,889647.1768358168
"Gambia, The",GMB,Sub-Saharan Africa ,1987,931091.0,926923.3934819076
"Gambia, The",GMB,Sub-Saharan Africa ,1988,970160.0,966232.0923743208
"Gambia, The",GMB,Sub-Saharan Africa ,1989,1011357.0,1007635.5161310416
"Gambia, The",GMB,Sub-Saharan Africa ,1990,1054696.0,1051248.1119472452
"Gambia, The",GMB,Sub-Saharan Africa ,1991,1099959.0,1097194.8015704493
"Gambia, The",GMB,Sub-Saharan Africa ,1992,1145582.0,1145116.1756219391
"Gambia, The",GMB,Sub-Saharan Africa ,1993,1188365.0,1193127.4675572496
"Gambia, The",GMB,Sub-Saharan Africa ,1994,1227226.0,1241042.546210505
"Gambia, The",GMB,Sub-Saharan Africa ,1995,1264313.0,1267357.8027701469
"Gambia, The",GMB,Sub-Saharan Africa ,1996,1301410.0,1302520.776152065
"Gambia, The",GMB,Sub-Saharan Africa ,1997,1338889.0,1339595.4863264814
"Gambia, The",GMB,Sub-Saharan Africa ,1998,1376987.0,1377447.3489065557
"Gambia, The",GMB,Sub-Saharan Africa ,1999,1415779.0,1425021.9098733035
"Gambia, The",GMB,Sub-Saharan Africa ,2000,1455084.0,1462860.9164532176
"Gambia, The",GMB,Sub-Saharan Africa ,2001,1495011.0,1509366.801107587
"Gambia, The",GMB,Sub-Saharan Africa ,2002,1535691.0,1545263.1973115352
"Gambia, The",GMB,Sub-Saharan Africa ,2003,1577611.0,1583829.5674707855
"Gambia, The",GMB,Sub-Saharan Africa ,2004,1621312.0,1622263.227651172
"Gambia, The",GMB,Sub-Saharan Africa ,2005,1667037.0,1666741.9759428469
"Gambia, The",GMB,Sub-Saharan Africa ,2006,1715275.0,1713531.915230801
"Gambia, The",GMB,Sub-Saharan Africa ,2007,1765774.0,1761261.6303490216
"Gambia, The",GMB,Sub-Saharan Africa ,2008,1817852.0,1817752.718274142
"Gambia, The",GMB,Sub-Saharan Africa ,2009,1871422.0,1871482.7839230604
"Gambia, The",GMB,Sub-Saharan Africa ,2010,1926630.0,1924495.569613107
"Gambia, The",GMB,Sub-Saharan Africa ,2011,1983784.0,1981690.6817387834
"Gambia, The",GMB,Sub-Saharan Africa ,2012,2043094.0,2041020.4087091393
"Gambia, The",GMB,Sub-Saharan Africa ,2013,2103820.0,2100643.2184522515
"Gambia, The",GMB,Sub-Saharan Africa ,2014,2164528.0,2164360.3956915857
"Gambia, The",GMB,Sub-Saharan Africa ,2015,2224529.0,2228841.8172087646
"Gambia, The",GMB,Sub-Saharan Africa ,2016,2283769.0,2286221.781560092
"Gambia, The",GMB,Sub-Saharan Africa ,2017,2342189.0,2344586.5823832797
"Gambia, The",GMB,Sub-Saharan Africa ,2018,2399632.0,2402103.4140866282
"Gambia, The",GMB,Sub-Saharan Africa ,2019,2456844.0,2458483.8096332853
"Gambia, The",GMB,Sub-Saharan Africa ,2020,2515733.0,2515420.047917119
"Gambia, The",GMB,Sub-Saharan Africa ,2021,2576010.0,2583021.831642809
"Gambia, The",GMB,Sub-Saharan Africa ,2022,2636470.0,2643235.862078297
"Gambia, The",GMB,Sub-Saharan Africa ,2023,2697845.0,2703440.9235048313
"Gambia, The",GMB,Sub-Saharan Africa ,2024,2759988.0,2764786.5083100228
Guinea-Bissau,GNB,Sub-Saharan Africa ,1970,584403.0,582053.565414498
Guinea-Bissau,GNB,Sub-Saharan Africa ,1971,586221.0,584611.3235548828
Guinea-Bissau,GNB,Sub-Saharan Africa ,1972,586620.0,588044.6555904669
Guinea-Bissau,GNB,Sub-Saharan Africa ,1973,592808.0,585759.8846998854
Guinea-Bissau,GNB,Sub-Saharan Africa ,1974,613338.0,589811.830866135
Guinea-Bissau,GNB,Sub-Saharan Africa ,1975,650966.0,604898.4363448902
Guinea-Bissau,GNB,Sub-Saharan Africa ,1976,694191.0,690902.4596906523
Guinea-Bissau,GNB,Sub-Saharan Africa ,1977,741789.0,740286.1970698722
Guinea-Bissau,GNB,Sub-Saharan Africa ,1978,791694.0,792650.6113015738
Guinea-Bissau,GNB,Sub-Saharan Africa ,1979,819867.0,819290.0924598065
Guinea-Bissau,GNB,Sub-Saharan Africa ,1980,829303.0,851292.8183537726
Guinea-Bissau,GNB,Sub-Saharan Africa ,1981,842432.0,880202.3563265204
Guinea-Bissau,GNB,Sub-Saharan Africa ,1982,855891.0,877002.4590796484
Guinea-Bissau,GNB,Sub-Saharan Africa ,1983,869592.0,869565.0259283492
Guinea-Bissau,GNB,Sub-Saharan Africa ,1984,883519.0,903986.6394651692
Guinea-Bissau,GNB,Sub-Saharan Africa ,1985,897697.0,914022.8481147611
Guinea-Bissau,GNB,Sub-Saharan Africa ,1986,912126.0,941981.5228253674
Guinea-Bissau,GNB,Sub-Saharan Africa ,1987,926862.0,940083.3985385258
Guinea-Bissau,GNB,Sub-Saharan Africa ,1988,942061.0,943739.8609203945
Guinea-Bissau,GNB,Sub-Saharan Africa ,1989,957789.0,955978.1696564358
Guinea-Bissau,GNB,Sub-Saharan Africa ,1990,973669.0,973654.8855292436
Guinea-Bissau,GNB,Sub-Saharan Africa ,1991,994639.0,989808.0635741786
Guinea-Bissau,GNB,Sub-Saharan Africa ,1992,1024356.0,1007295.763852467
Guinea-Bissau,GNB,Sub-Saharan Africa ,1993,1058745.0,1054960.8595989605
Guinea-Bissau,GNB,Sub-Saharan Africa ,1994,1092031.0,1094288.484649278
Guinea-Bissau,GNB,Sub-Saharan Africa ,1995,1119949.0,1126363.4823632878
Guinea-Bissau,GNB,Sub-Saharan Africa ,1996,1143535.0,1145784.8364900416
Guinea-Bissau,GNB,Sub-Saharan Africa ,1997,1165545.0,1170540.9529146669
Guinea-Bissau,GNB,Sub-Saharan Africa ,1998,1187473.0,1200198.6957818256
Guinea-Bissau,GNB,Sub-Saharan Africa ,1999,1210206.0,1216175.9143190056
Guinea-Bissau,GNB,Sub-Saharan Africa ,2000,1234741.0,1233374.2008495969
Guinea-Bissau,GNB,Sub-Saharan Africa ,2001,1261273.0,1264766.495110287
Guinea-Bissau,GNB,Sub-Saharan Africa ,2002,1289307.0,1290770.0933227048
Guinea-Bissau,GNB,Sub-Saharan Africa ,2003,1318806.0,1317589.4407893005
Guinea-Bissau,GNB,Sub-Saharan Africa ,2004,1349563.0,1342738.9990660697
Guinea-Bissau,GNB,Sub-Saharan Africa ,2005,1381585.0,1381037.3102269352
Guinea-Bissau,GNB,Sub-Saharan Africa ,2006,1415303.0,1410925.501743872
Guinea-Bissau,GNB,Sub-Saharan Africa ,2007,1450986.0,1446149.155503622
Guinea-Bissau,GNB,Sub-Saharan Africa ,2008,1488054.0,1483641.119323148
Guinea-Bissau,GNB,Sub-Saharan Africa ,2009,1526377.0,1522605.198984952
Guinea-Bissau,GNB,Sub-Saharan Africa ,2010,1566347.0,1562764.6728450868
Guinea-Bissau,GNB,Sub-Saharan Africa ,2011,1608076.0,1604491.7673347252
Guinea-Bissau,GNB,Sub-Saharan Africa ,2012,1651417.0,1648025.989478357
Guinea-Bissau,GNB,Sub-Saharan Africa ,2013,1695973.0,1693192.3622703694
Guinea-Bissau,GNB,Sub-Saharan Africa ,2014,1741122.0,1739568.6725990223
Guinea-Bissau,GNB,Sub-Saharan Africa ,2015,1786457.0,1786444.294430271
Guinea-Bissau,GNB,Sub-Saharan Africa ,2016,1831893.0,1833290.7176801607
Guinea-Bissau,GNB,Sub-Saharan Africa ,2017,1877072.0,1881357.0226491054
Guinea-Bissau,GNB,Sub-Saharan Africa ,2018,1922168.0,1923381.2841257409
Guinea-Bissau,GNB,Sub-Saharan Africa ,2019,1967696.0,1968358.5039215044
Guinea-Bissau,GNB,Sub-Saharan Africa ,2020,2013255.0,2014302.3650572514
Guinea-Bissau,GNB,Sub-Saharan Africa ,2021,2058841.0,2064176.7036971773
Guinea-Bissau,GNB,Sub-Saharan Africa ,2022,2105529.0,2109907.7849887707
Guinea-Bissau,GNB,Sub-Saharan Africa ,2023,2153339.0,2156747.2992972196
Guinea-Bissau,GNB,Sub-Saharan Africa ,2024,2201352.0,2204796.6945741773
Equatorial Guinea,GNQ,Sub-Saharan Africa ,1970,320803.0,330741.8692385992
Equatorial Guinea,GNQ,Sub-Saharan Africa ,1971,315940.0,319098.10915213794
Equatorial Guinea,GNQ,Sub-Saharan Africa ,1972,309468.0,311150.7174790873
Equatorial Guinea,GNQ,Sub-Saharan Africa ,1973,302281.0,303128.57831557124
Equatorial Guinea,GNQ,Sub-Saharan Africa ,1974,294953.0,295260.9089309838
Equatorial Guinea,GNQ,Sub-Saharan Africa ,1975,287901.0,294590.32358902687
Equatorial Guinea,GNQ,Sub-Saharan Africa ,1976,281031.0,286076.01743987674
Equatorial Guinea,GNQ,Sub-Saharan Africa ,1977,276779.0,277804.9977731549
Equatorial Guinea,GNQ,Sub-Saharan Africa ,1978,276531.0,273744.72789659776
Equatorial Guinea,GNQ,Sub-Saharan Africa ,1979,279846.0,267755.2838630937
Equatorial Guinea,GNQ,Sub-Saharan Africa ,1980,288644.0,283200.73947545997
Equatorial Guinea,GNQ,Sub-Saharan Africa ,1981,303252.0,297718.5976608558
Equatorial Guinea,GNQ,Sub-Saharan Africa ,1982,322216.0,318599.2968999271
Equatorial Guinea,GNQ,Sub-Saharan Africa ,1983,343421.0,342365.9221772651
Equatorial Guinea,GNQ,Sub-Saharan Africa ,1984,364899.0,349275.5866194518
Equatorial Guinea,GNQ,Sub-Saharan Africa ,1985,385547.0,374635.7828869933
Equatorial Guinea,GNQ,Sub-Saharan Africa ,1986,404728.0,399332.8129072787
Equatorial Guinea,GNQ,Sub-Saharan Africa ,1987,422522.0,422182.19280165684
Equatorial Guinea,GNQ,Sub-Saharan Africa ,1988,439651.0,444776.75263243803
Equatorial Guinea,GNQ,Sub-Saharan Africa ,1989,456808.0,470734.5480634243
Equatorial Guinea,GNQ,Sub-Saharan Africa ,1990,474274.0,474634.5370927848
Equatorial Guinea,GNQ,Sub-Saharan Africa ,1991,492217.0,498436.6128755834
Equatorial Guinea,GNQ,Sub-Saharan Africa ,1992,510770.0,515943.45182278915
Equatorial Guinea,GNQ,Sub-Saharan Africa ,1993,530023.0,533802.7034474735
Equatorial Guinea,GNQ,Sub-Saharan Africa ,1994,550138.0,556368.0455916843
Equatorial Guinea,GNQ,Sub-Saharan Africa ,1995,571264.0,574289.9876345972
Equatorial Guinea,GNQ,Sub-Saharan Africa ,1996,593492.0,594225.4964165146
Equatorial Guinea,GNQ,Sub-Saharan Africa ,1997,616893.0,616079.7270107826
Equatorial Guinea,GNQ,Sub-Saharan Africa ,1998,641474.0,641197.3478861586
Equatorial Guinea,GNQ,Sub-Saharan Africa ,1999,667214.0,667032.0963154112
Equatorial Guinea,GNQ,Sub-Saharan Africa ,2000,703279.0,693884.9852723455
Equatorial Guinea,GNQ,Sub-Saharan Africa ,2001,749836.0,723324.0817265112
Equatorial Guinea,GNQ,Sub-Saharan Africa ,2002,797957.0,799475.0685281956
Equatorial Guinea,GNQ,Sub-Saharan Africa ,2003,847862.0,849166.1830211076
Equatorial Guinea,GNQ,Sub-Saharan Africa ,2004,899917.0,900888.1068441479
Equatorial Guinea,GNQ,Sub-Saharan Africa ,2005,947367.0,946524.7361164575
Equatorial Guinea,GNQ,Sub-Saharan Africa ,2006,990343.0,997896.0573285106
Equatorial Guinea,GNQ,Sub-Saharan Africa ,2007,1036044.0,1051751.6433434624
Equatorial Guinea,GNQ,Sub-Saharan Africa ,2008,1084530.0,1092726.3869175604
Equatorial Guinea,GNQ,Sub-Saharan Africa ,2009,1135673.0,1135285.1045711734
Equatorial Guinea,GNQ,Sub-Saharan Africa ,2010,1189085.0,1197783.6060985217
Equatorial Guinea,GNQ,Sub-Saharan Africa ,2011,1241835.0,1251591.2492894914
Equatorial Guinea,GNQ,Sub-Saharan Africa ,2012,1293483.0,1313613.990740915
Equatorial Guinea,GNQ,Sub-Saharan Africa ,2013,1346218.0,1364226.368947713
Equatorial Guinea,GNQ,Sub-Saharan Africa ,2014,1399828.0,1416809.5844509646
Equatorial Guinea,GNQ,Sub-Saharan Africa ,2015,1453923.0,1455572.8935735116
Equatorial Guinea,GNQ,Sub-Saharan Africa ,2016,1508186.0,1510108.4490433815
Equatorial Guinea,GNQ,Sub-Saharan Africa ,2017,1562396.0,1572441.6412441134
Equatorial Guinea,GNQ,Sub-Saharan Africa ,2018,1616422.0,1627075.5986611848
Equatorial Guinea,GNQ,Sub-Saharan Africa ,2019,1670177.0,1681079.4714521223
Equatorial Guinea,GNQ,Sub-Saharan Africa ,2020,1716468.0,1734424.3543932703
Equatorial Guinea,GNQ,Sub-Saharan Africa ,2021,1758786.0,1764042.012119553
Equatorial Guinea,GNQ,Sub-Saharan Africa ,2022,1803545.0,1802147.3129477862
Equatorial Guinea,GNQ,Sub-Saharan Africa ,2023,1847549.0,1863113.7845761601
Equatorial Guinea,GNQ,Sub-Saharan Africa ,2024,1892516.0,1905404.6297570982
Greece,GRC,Europe & Central Asia,1970,8792806.0,8822176.79592934
Greece,GRC,Europe & Central Asia,1971,8831036.0,8812912.346480053
Greece,GRC,Europe & Central Asia,1972,8888628.0,8874659.84928627
Greece,GRC,Europe & Central Asia,1973,8929086.0,8935212.376969628
Greece,GRC,Europe & Central Asia,1974,8962022.0,8976899.437028509
Greece,GRC,Europe & Central Asia,1975,9046541.0,9020110.40428462
Greece,GRC,Europe & Central Asia,1976,9188150.0,9067441.15168875
Greece,GRC,Europe & Central Asia,1977,9308479.0,9331975.65859523
Greece,GRC,Europe & Central Asia,1978,9429959.0,9430383.843444096
Greece,GRC,Europe & Central Asia,1979,9548258.0,9505954.510057306
Greece,GRC,Europe & Central Asia,1980,9642505.0,9636105.59268181
Greece,GRC,Europe & Central Asia,1981,9729350.0,9737152.334954318
Greece,GRC,Europe & Central Asia,1982,9789513.0,9837022.206352679
Greece,GRC,Europe & Central Asia,1983,9846627.0,9947378.20241724
Greece,GRC,Europe & Central Asia,1984,9895801.0,9904993.547546001
Greece,GRC,Europe & Central Asia,1985,9934300.0,9994953.371607961
Greece,GRC,Europe & Central Asia,1986,9967213.0,10020859.114087027
Greece,GRC,Europe & Central Asia,1987,10000595.0,10043192.297252832
Greece,GRC,Europe & Central Asia,1988,10036983.0,10066103.207247587
Greece,GRC,Europe & Central Asia,1989,10089498.0,10092887.434252324
Greece,GRC,Europe & Central Asia,1990,10196792.0,10150441.388203578
Greece,GRC,Europe & Central Asia,1991,10319927.0,10204596.689877987
Greece,GRC,Europe & Central Asia,1992,10399061.0,10444548.96079561
Greece,GRC,Europe & Central Asia,1993,10460415.0,10478801.807911778
Greece,GRC,Europe & Central Asia,1994,10512922.0,10525106.049108395
Greece,GRC,Europe & Central Asia,1995,10562153.0,10579258.376332724
Greece,GRC,Europe & Central Asia,1996,10608800.0,10663400.050745152
Greece,GRC,Europe & Central Asia,1997,10661259.0,10678671.065247681
Greece,GRC,Europe & Central Asia,1998,10720509.0,10713977.401964283
Greece,GRC,Europe & Central Asia,1999,10761698.0,10793059.520637259
Greece,GRC,Europe & Central Asia,2000,10805808.0,10847701.979319679
Greece,GRC,Europe & Central Asia,2001,10862132.0,10874518.191035066
Greece,GRC,Europe & Central Asia,2002,10902022.0,10916792.277415976
Greece,GRC,Europe & Central Asia,2003,10928070.0,10960208.614958884
Greece,GRC,Europe & Central Asia,2004,10955141.0,10996913.691098915
Greece,GRC,Europe & Central Asia,2005,10987314.0,10999794.220107468
Greece,GRC,Europe & Central Asia,2006,11020362.0,11030248.673334787
Greece,GRC,Europe & Central Asia,2007,11048473.0,11061178.800925447
Greece,GRC,Europe & Central Asia,2008,11077841.0,11085573.586528232
Greece,GRC,Europe & Central Asia,2009,11107017.0,11113565.825458918
Greece,GRC,Europe & Central Asia,2010,11121341.0,11145937.334799072
Greece,GRC,Europe & Central Asia,2011,11104899.0,11162869.740085203
Greece,GRC,Europe & Central Asia,2012,11045011.0,11088481.309313143
Greece,GRC,Europe & Central Asia,2013,10965211.0,10985445.973575208
Greece,GRC,Europe & Central Asia,2014,10892413.0,10885987.55378272
Greece,GRC,Europe & Central Asia,2015,10820883.0,10820098.30510144
Greece,GRC,Europe & Central Asia,2016,10775971.0,10798942.688451564
Greece,GRC,Europe & Central Asia,2017,10754679.0,10746057.394043548
Greece,GRC,Europe & Central Asia,2018,10732882.0,10719585.227483904
Greece,GRC,Europe & Central Asia,2019,10721582.0,10657121.922929749
Greece,GRC,Europe & Central Asia,2020,10698599.0,10710293.896609055
Greece,GRC,Europe & Central Asia,2021,10569207.0,10675665.267500086
Greece,GRC,Europe & Central Asia,2022,10436882.0,10557158.061828159
Greece,GRC,Europe & Central Asia,2023,10407351.0,10306213.689234607
Greece,GRC,Europe & Central Asia,2024,10405134.0,10354806.417070383
Grenada,GRD,Latin America & Caribbean ,1970,98414.0,98675.8025950882
Grenada,GRD,Latin America & Caribbean ,1971,98648.0,98762.19798101368
Grenada,GRD,Latin America & Caribbean ,1972,98777.0,98938.15937698784
Grenada,GRD,Latin America & Caribbean ,1973,98709.0,98883.57674380475
Grenada,GRD,Latin America & Caribbean ,1974,98486.0,98862.37590474446
Grenada,GRD,Latin America & Caribbean ,1975,98126.0,98263.50379796862
Grenada,GRD,Latin America & Caribbean ,1976,97632.0,97767.31592690403
Grenada,GRD,Latin America & Caribbean ,1977,97017.0,97140.48696972527
Grenada,GRD,Latin America & Caribbean ,1978,96305.0,96405.87398948066
Grenada,GRD,Latin America & Caribbean ,1979,95490.0,96096.27926766699
Grenada,GRD,Latin America & Caribbean ,1980,94538.0,95170.52104942192
Grenada,GRD,Latin America & Caribbean ,1981,94052.0,94092.03598656424
Grenada,GRD,Latin America & Caribbean ,1982,94383.0,93541.19636929808
Grenada,GRD,Latin America & Caribbean ,1983,94948.0,93341.09097481989
Grenada,GRD,Latin America & Caribbean ,1984,95498.0,95516.38223170317
Grenada,GRD,Latin America & Caribbean ,1985,96111.0,96051.1859587581
Grenada,GRD,Latin America & Caribbean ,1986,96790.0,96727.93483336184
Grenada,GRD,Latin America & Caribbean ,1987,97526.0,96764.81075215558
Grenada,GRD,Latin America & Caribbean ,1988,98308.0,97662.61906586237
Grenada,GRD,Latin America & Caribbean ,1989,99121.0,97959.178441355
Grenada,GRD,Latin America & Caribbean ,1990,99957.0,99252.14073949901
Grenada,GRD,Latin America & Caribbean ,1991,100793.0,100619.66142764394
Grenada,GRD,Latin America & Caribbean ,1992,101602.0,101531.0787297824
Grenada,GRD,Latin America & Caribbean ,1993,102382.0,102369.36996769808
Grenada,GRD,Latin America & Caribbean ,1994,103138.0,103158.4921517704
Grenada,GRD,Latin America & Caribbean ,1995,103869.0,104011.52317750869
Grenada,GRD,Latin America & Caribbean ,1996,104584.0,104605.49210249342
Grenada,GRD,Latin America & Caribbean ,1997,105293.0,105304.08926658322
Grenada,GRD,Latin America & Caribbean ,1998,106009.0,106018.49605647045
Grenada,GRD,Latin America & Caribbean ,1999,106727.0,106803.64448759
Grenada,GRD,Latin America & Caribbean ,2000,107451.0,107507.231286852
Grenada,GRD,Latin America & Caribbean ,2001,107987.0,108218.3200678152
Grenada,GRD,Latin America & Caribbean ,2002,108404.0,108894.64951226398
Grenada,GRD,Latin America & Caribbean ,2003,108884.0,108822.61027972586
Grenada,GRD,Latin America & Caribbean ,2004,109323.0,109366.12537824229
Grenada,GRD,Latin America & Caribbean ,2005,109734.0,109763.76996905963
Grenada,GRD,Latin America & Caribbean ,2006,110135.0,110322.51927076964
Grenada,GRD,Latin America & Caribbean ,2007,110522.0,110686.41276927655
Grenada,GRD,Latin America & Caribbean ,2008,110896.0,111035.8815369887
Grenada,GRD,Latin America & Caribbean ,2009,111254.0,111501.89389693282
Grenada,GRD,Latin America & Caribbean ,2010,111586.0,111695.68428583335
Grenada,GRD,Latin America & Caribbean ,2011,112079.0,111993.6210672029
Grenada,GRD,Latin America & Caribbean ,2012,112775.0,112482.10340035148
Grenada,GRD,Latin America & Caribbean ,2013,113487.0,113475.32208761177
Grenada,GRD,Latin America & Caribbean ,2014,114132.0,114203.49518317735
Grenada,GRD,Latin America & Caribbean ,2015,114676.0,114788.58857827951
Grenada,GRD,Latin America & Caribbean ,2016,115130.0,115192.59599067207
Grenada,GRD,Latin America & Caribbean ,2017,115438.0,115654.24677923793
Grenada,GRD,Latin America & Caribbean ,2018,115691.0,116185.09284083199
Grenada,GRD,Latin America & Caribbean ,2019,115981.0,115944.55448841311
Grenada,GRD,Latin America & Caribbean ,2020,116341.0,116271.72693393892
Grenada,GRD,Latin America & Caribbean ,2021,116688.0,116824.97924230008
Grenada,GRD,Latin America & Caribbean ,2022,116913.0,117131.68355839529
Grenada,GRD,Latin America & Caribbean ,2023,117081.0,117457.6212660406
Grenada,GRD,Latin America & Caribbean ,2024,117207.0,117584.50321064905
Greenland,GRL,Europe & Central Asia,1970,46400.0,46693.9810241583
Greenland,GRL,Europe & Central Asia,1971,47200.0,48253.91655829009
Greenland,GRL,Europe & Central Asia,1972,48300.0,49507.26072149865
Greenland,GRL,Europe & Central Asia,1973,49000.0,49842.141112778365
Greenland,GRL,Europe & Central Asia,1974,49500.0,50463.19757147068
Greenland,GRL,Europe & Central Asia,1975,49600.0,50052.45579603558
Greenland,GRL,Europe & Central Asia,1976,49700.0,49757.56980007734
Greenland,GRL,Europe & Central Asia,1977,49400.0,50651.74440239467
Greenland,GRL,Europe & Central Asia,1978,49200.0,50115.89649689351
Greenland,GRL,Europe & Central Asia,1979,49600.0,49702.50584089186
Greenland,GRL,Europe & Central Asia,1980,50200.0,49968.90692998311
Greenland,GRL,Europe & Central Asia,1981,51000.0,50419.71583373502
Greenland,GRL,Europe & Central Asia,1982,51500.0,51309.166740860455
Greenland,GRL,Europe & Central Asia,1983,52100.0,52004.9019777938
Greenland,GRL,Europe & Central Asia,1984,52700.0,52397.190639666755
Greenland,GRL,Europe & Central Asia,1985,53200.0,53056.18964996571
Greenland,GRL,Europe & Central Asia,1986,53500.0,53411.773896170496
Greenland,GRL,Europe & Central Asia,1987,54100.0,54183.19620558209
Greenland,GRL,Europe & Central Asia,1988,54800.0,54673.66449602051
Greenland,GRL,Europe & Central Asia,1989,55300.0,55418.600526820155
Greenland,GRL,Europe & Central Asia,1990,55600.0,55912.73776174897
Greenland,GRL,Europe & Central Asia,1991,55500.0,56305.2634535461
Greenland,GRL,Europe & Central Asia,1992,55300.0,56512.25673884878
Greenland,GRL,Europe & Central Asia,1993,55200.0,55100.72071925866
Greenland,GRL,Europe & Central Asia,1994,55500.0,55100.18082590621
Greenland,GRL,Europe & Central Asia,1995,55800.0,55801.63041824396
Greenland,GRL,Europe & Central Asia,1996,55900.0,56061.60424747821
Greenland,GRL,Europe & Central Asia,1997,56000.0,56066.73507462652
Greenland,GRL,Europe & Central Asia,1998,56100.0,56021.49756456315
Greenland,GRL,Europe & Central Asia,1999,56100.0,56189.60005162196
Greenland,GRL,Europe & Central Asia,2000,56185.0,56188.4195739524
Greenland,GRL,Europe & Central Asia,2001,56379.0,56355.75937118331
Greenland,GRL,Europe & Central Asia,2002,56595.0,56536.8852843368
Greenland,GRL,Europe & Central Asia,2003,56751.0,56690.81094959749
Greenland,GRL,Europe & Central Asia,2004,56898.0,56793.17934743452
Greenland,GRL,Europe & Central Asia,2005,56935.0,57021.19643776592
Greenland,GRL,Europe & Central Asia,2006,56775.0,57051.649166890784
Greenland,GRL,Europe & Central Asia,2007,56555.0,56615.44964268289
Greenland,GRL,Europe & Central Asia,2008,56328.0,56335.85248767321
Greenland,GRL,Europe & Central Asia,2009,56323.0,56101.91113021401
Greenland,GRL,Europe & Central Asia,2010,56534.0,56338.17195534446
Greenland,GRL,Europe & Central Asia,2011,56890.0,56551.24735265198
Greenland,GRL,Europe & Central Asia,2012,56810.0,57248.241762787045
Greenland,GRL,Europe & Central Asia,2013,56483.0,56816.562750778205
Greenland,GRL,Europe & Central Asia,2014,56295.0,56438.639992488694
Greenland,GRL,Europe & Central Asia,2015,56114.0,56224.36643314382
Greenland,GRL,Europe & Central Asia,2016,56186.0,56041.120742779276
Greenland,GRL,Europe & Central Asia,2017,56172.0,56145.09360550427
Greenland,GRL,Europe & Central Asia,2018,56023.0,56154.695284115194
Greenland,GRL,Europe & Central Asia,2019,56225.0,56015.10985613681
Greenland,GRL,Europe & Central Asia,2020,56367.0,55938.40409537111
Greenland,GRL,Europe & Central Asia,2021,56653.0,56309.113973048276
Greenland,GRL,Europe & Central Asia,2022,56661.0,56635.58208375728
Greenland,GRL,Europe & Central Asia,2023,56865.0,56682.110290282035
Greenland,GRL,Europe & Central Asia,2024,56836.0,56759.12109428152
Guatemala,GTM,Latin America & Caribbean ,1970,5396966.0,5402708.195320856
Guatemala,GTM,Latin America & Caribbean ,1971,5538355.0,5540573.182247138
Guatemala,GTM,Latin America & Caribbean ,1972,5682833.0,5683448.090340411
Guatemala,GTM,Latin America & Caribbean ,1973,5831631.0,5840773.459929659
Guatemala,GTM,Latin America & Caribbean ,1974,5981197.0,5991590.045030636
Guatemala,GTM,Latin America & Caribbean ,1975,6128731.0,6142883.71631274
Guatemala,GTM,Latin America & Caribbean ,1976,6262404.0,6291534.589418031
Guatemala,GTM,Latin America & Caribbean ,1977,6401515.0,6424048.019083136
Guatemala,GTM,Latin America & Caribbean ,1978,6561534.0,6545760.9663634235
Guatemala,GTM,Latin America & Caribbean ,1979,6727797.0,6725127.59615974
Guatemala,GTM,Latin America & Caribbean ,1980,6900212.0,6894461.170687156
Guatemala,GTM,Latin America & Caribbean ,1981,7075648.0,7063382.323354262
Guatemala,GTM,Latin America & Caribbean ,1982,7240241.0,7250067.392546892
Guatemala,GTM,Latin America & Caribbean ,1983,7419642.0,7416437.452111964
Guatemala,GTM,Latin America & Caribbean ,1984,7630682.0,7599429.595703344
Guatemala,GTM,Latin America & Caribbean ,1985,7849693.0,7797507.461412925
Guatemala,GTM,Latin America & Caribbean ,1986,8070818.0,8018424.215861109
Guatemala,GTM,Latin America & Caribbean ,1987,8296485.0,8298719.469648429
Guatemala,GTM,Latin America & Caribbean ,1988,8532099.0,8515530.921279727
Guatemala,GTM,Latin America & Caribbean ,1989,8775546.0,8760262.600181665
Guatemala,GTM,Latin America & Caribbean ,1990,9024773.0,9013064.90430501
Guatemala,GTM,Latin America & Caribbean ,1991,9272584.0,9260347.074052017
Guatemala,GTM,Latin America & Caribbean ,1992,9522266.0,9533474.068767658
Guatemala,GTM,Latin America & Caribbean ,1993,9779761.0,9778703.956467744
Guatemala,GTM,Latin America & Caribbean ,1994,10043718.0,10045257.948290493
Guatemala,GTM,Latin America & Caribbean ,1995,10312996.0,10314834.692332579
Guatemala,GTM,Latin America & Caribbean ,1996,10583526.0,10589792.32137359
Guatemala,GTM,Latin America & Caribbean ,1997,10857754.0,10873802.000398636
Guatemala,GTM,Latin America & Caribbean ,1998,11139145.0,11152549.160522245
Guatemala,GTM,Latin America & Caribbean ,1999,11422965.0,11438559.329501776
Guatemala,GTM,Latin America & Caribbean ,2000,11697592.0,11726070.372445429
Guatemala,GTM,Latin America & Caribbean ,2001,11969422.0,11984778.94837661
Guatemala,GTM,Latin America & Caribbean ,2002,12246915.0,12247568.817250181
Guatemala,GTM,Latin America & Caribbean ,2003,12525842.0,12530841.256647909
Guatemala,GTM,Latin America & Caribbean ,2004,12807402.0,12837136.66868829
Guatemala,GTM,Latin America & Caribbean ,2005,13087629.0,13119384.421150874
Guatemala,GTM,Latin America & Caribbean ,2006,13367459.0,13400123.934731876
Guatemala,GTM,Latin America & Caribbean ,2007,13652040.0,13680033.754791891
Guatemala,GTM,Latin America & Caribbean ,2008,13935174.0,13964711.24735199
Guatemala,GTM,Latin America & Caribbean ,2009,14215611.0,14246504.186168768
Guatemala,GTM,Latin America & Caribbean ,2010,14500112.0,14526908.581778862
Guatemala,GTM,Latin America & Caribbean ,2011,14792126.0,14812550.80888495
Guatemala,GTM,Latin America & Caribbean ,2012,15089647.0,15105815.42384533
Guatemala,GTM,Latin America & Caribbean ,2013,15387337.0,15405166.028868217
Guatemala,GTM,Latin America & Caribbean ,2014,15681725.0,15704389.373442726
Guatemala,GTM,Latin America & Caribbean ,2015,15971743.0,16000081.908765156
Guatemala,GTM,Latin America & Caribbean ,2016,16268760.0,16290889.036224898
Guatemala,GTM,Latin America & Caribbean ,2017,16567357.0,16588940.242685348
Guatemala,GTM,Latin America & Caribbean ,2018,16845685.0,16872554.42237118
Guatemala,GTM,Latin America & Caribbean ,2019,17103803.0,17140565.907862443
Guatemala,GTM,Latin America & Caribbean ,2020,17357325.0,17380691.992463022
Guatemala,GTM,Latin America & Caribbean ,2021,17598650.0,17614604.84289558
Guatemala,GTM,Latin America & Caribbean ,2022,17847877.0,17843330.227023717
Guatemala,GTM,Latin America & Caribbean ,2023,18124838.0,18144488.95182227
Guatemala,GTM,Latin America & Caribbean ,2024,18406359.0,18418781.6030454
Guam,GUM,East Asia & Pacific,1970,88365.0,88303.86833804497
Guam,GUM,East Asia & Pacific,1971,90466.0,90496.14923305924
Guam,GUM,East Asia & Pacific,1972,92619.0,92621.02465578628
Guam,GUM,East Asia & Pacific,1973,94781.0,94802.60883476346
Guam,GUM,East Asia & Pacific,1974,96939.0,96933.33147430728
Guam,GUM,East Asia & Pacific,1975,99057.0,99177.96519407745
Guam,GUM,East Asia & Pacific,1976,101166.0,101222.3596226435
Guam,GUM,East Asia & Pacific,1977,103298.0,103319.90223924344
Guam,GUM,East Asia & Pacific,1978,105424.0,105474.93035223536
Guam,GUM,East Asia & Pacific,1979,107636.0,107594.41533982915
Guam,GUM,East Asia & Pacific,1980,110141.0,110021.41948647847
Guam,GUM,East Asia & Pacific,1981,112902.0,112575.02157591403
Guam,GUM,East Asia & Pacific,1982,115711.0,115093.1315113239
Guam,GUM,East Asia & Pacific,1983,118508.0,118589.88788028005
Guam,GUM,East Asia & Pacific,1984,121302.0,121372.60990221568
Guam,GUM,East Asia & Pacific,1985,124117.0,124063.00209652894
Guam,GUM,East Asia & Pacific,1986,126965.0,126968.94632737203
Guam,GUM,East Asia & Pacific,1987,129858.0,129963.84870378324
Guam,GUM,East Asia & Pacific,1988,132799.0,133093.3720719778
Guam,GUM,East Asia & Pacific,1989,135799.0,135806.77599668736
Guam,GUM,East Asia & Pacific,1990,138610.0,138996.4617179735
Guam,GUM,East Asia & Pacific,1991,141073.0,141807.37830394384
Guam,GUM,East Asia & Pacific,1992,143393.0,143732.1685702453
Guam,GUM,East Asia & Pacific,1993,145654.0,145751.1532987567
Guam,GUM,East Asia & Pacific,1994,147868.0,147950.65112119113
Guam,GUM,East Asia & Pacific,1995,150054.0,150115.6537021223
Guam,GUM,East Asia & Pacific,1996,152169.0,152865.71420524546
Guam,GUM,East Asia & Pacific,1997,154215.0,154873.46269379946
Guam,GUM,East Asia & Pacific,1998,156237.0,156798.71611878055
Guam,GUM,East Asia & Pacific,1999,158289.0,158729.08478830813
Guam,GUM,East Asia & Pacific,2000,160065.0,160642.441044138
Guam,GUM,East Asia & Pacific,2001,161329.0,162329.46546235896
Guam,GUM,East Asia & Pacific,2002,162315.0,162602.98156434277
Guam,GUM,East Asia & Pacific,2003,163137.0,163333.36680229884
Guam,GUM,East Asia & Pacific,2004,163810.0,163963.1627978705
Guam,GUM,East Asia & Pacific,2005,164365.0,164485.7763763255
Guam,GUM,East Asia & Pacific,2006,164839.0,165779.06737541972
Guam,GUM,East Asia & Pacific,2007,165267.0,166063.72870240977
Guam,GUM,East Asia & Pacific,2008,165693.0,166301.83095478753
Guam,GUM,East Asia & Pacific,2009,166173.0,166575.08132392596
Guam,GUM,East Asia & Pacific,2010,166522.0,166865.8961124886
Guam,GUM,East Asia & Pacific,2011,166543.0,167120.87985243564
Guam,GUM,East Asia & Pacific,2012,166331.0,167483.4298881118
Guam,GUM,East Asia & Pacific,2013,165966.0,166273.42429175007
Guam,GUM,East Asia & Pacific,2014,165486.0,165601.80096651838
Guam,GUM,East Asia & Pacific,2015,164905.0,165007.38823903518
Guam,GUM,East Asia & Pacific,2016,164233.0,164326.03981890375
Guam,GUM,East Asia & Pacific,2017,163490.0,164118.38910377395
Guam,GUM,East Asia & Pacific,2018,162679.0,163249.33688550204
Guam,GUM,East Asia & Pacific,2019,161808.0,162295.3848440275
Guam,GUM,East Asia & Pacific,2020,162158.0,161292.14730373365
Guam,GUM,East Asia & Pacific,2021,163730.0,161238.38982182444
Guam,GUM,East Asia & Pacific,2022,165180.0,165317.23932236136
Guam,GUM,East Asia & Pacific,2023,166506.0,166642.84128783346
Guam,GUM,East Asia & Pacific,2024,167777.0,167842.6446099711
Guyana,GUY,Latin America & Caribbean ,1970,702705.0,706056.3647886582
Guyana,GUY,Latin America & Caribbean ,1971,712662.0,717508.6721051761
Guyana,GUY,Latin America & Caribbean ,1972,721617.0,722760.0861119742
Guyana,GUY,Latin America & Caribbean ,1973,730138.0,730684.5246357367
Guyana,GUY,Latin America & Caribbean ,1974,738057.0,738759.6177047652
Guyana,GUY,Latin America & Caribbean ,1975,745393.0,746061.8886650151
Guyana,GUY,Latin America & Caribbean ,1976,752253.0,756996.5935963233
Guyana,GUY,Latin America & Caribbean ,1977,758654.0,762971.9774192205
Guyana,GUY,Latin America & Caribbean ,1978,764586.0,768420.0164503116
Guyana,GUY,Latin America & Caribbean ,1979,770062.0,773328.120434303
Guyana,GUY,Latin America & Caribbean ,1980,774367.0,777944.9665412628
Guyana,GUY,Latin America & Caribbean ,1981,776453.0,781558.8623080871
Guyana,GUY,Latin America & Caribbean ,1982,776712.0,782819.1790651932
Guyana,GUY,Latin America & Caribbean ,1983,775891.0,776971.0864426128
Guyana,GUY,Latin America & Caribbean ,1984,774111.0,775070.8678342747
Guyana,GUY,Latin America & Caribbean ,1985,771477.0,772335.0835900591
Guyana,GUY,Latin America & Caribbean ,1986,768098.0,773643.0933896102
Guyana,GUY,Latin America & Caribbean ,1987,764120.0,769154.5576876282
Guyana,GUY,Latin America & Caribbean ,1988,759663.0,764068.2344588494
Guyana,GUY,Latin America & Caribbean ,1989,754865.0,758509.8409955841
Guyana,GUY,Latin America & Caribbean ,1990,749894.0,752740.7205226469
Guyana,GUY,Latin America & Caribbean ,1991,747861.0,747001.0706710959
Guyana,GUY,Latin America & Caribbean ,1992,749911.0,744648.465351037
Guyana,GUY,Latin America & Caribbean ,1993,752965.0,742784.4271188116
Guyana,GUY,Latin America & Caribbean ,1994,755822.0,756031.4373804809
Guyana,GUY,Latin America & Caribbean ,1995,758388.0,758689.8404339766
Guyana,GUY,Latin America & Caribbean ,1996,760526.0,760962.7115271293
Guyana,GUY,Latin America & Caribbean ,1997,762245.0,760127.710419728
Guyana,GUY,Latin America & Caribbean ,1998,763586.0,762532.9940184405
Guyana,GUY,Latin America & Caribbean ,1999,764483.0,764191.6781669188
Guyana,GUY,Latin America & Caribbean ,2000,764832.0,767568.534434013
Guyana,GUY,Latin America & Caribbean ,2001,764477.0,765187.1765370264
Guyana,GUY,Latin America & Caribbean ,2002,763652.0,766122.8237556289
Guyana,GUY,Latin America & Caribbean ,2003,763101.0,764858.8172529098
Guyana,GUY,Latin America & Caribbean ,2004,762418.0,763920.5212192612
Guyana,GUY,Latin America & Caribbean ,2005,760914.0,762872.2852192221
Guyana,GUY,Latin America & Caribbean ,2006,758966.0,760957.154950863
Guyana,GUY,Latin America & Caribbean ,2007,756861.0,758610.1982102727
Guyana,GUY,Latin America & Caribbean ,2008,754606.0,756123.9351091945
Guyana,GUY,Latin America & Caribbean ,2009,752094.0,753521.9928426665
Guyana,GUY,Latin America & Caribbean ,2010,749256.0,750697.2462139423
Guyana,GUY,Latin America & Caribbean ,2011,746153.0,747589.3954368402
Guyana,GUY,Latin America & Caribbean ,2012,746288.0,744239.1750741934
Guyana,GUY,Latin America & Caribbean ,2013,750021.0,743578.4157041078
Guyana,GUY,Latin America & Caribbean ,2014,754229.0,753772.6726898729
Guyana,GUY,Latin America & Caribbean ,2015,758781.0,758460.6090581085
Guyana,GUY,Latin America & Caribbean ,2016,763548.0,763360.4726884288
Guyana,GUY,Latin America & Caribbean ,2017,768479.0,768344.9484123451
Guyana,GUY,Latin America & Caribbean ,2018,791556.0,770036.1014861339
Guyana,GUY,Latin America & Caribbean ,2019,807665.0,778617.0388204065
Guyana,GUY,Latin America & Caribbean ,2020,807481.0,814429.7057408894
Guyana,GUY,Latin America & Caribbean ,2021,815482.0,814598.9829923417
Guyana,GUY,Latin America & Caribbean ,2022,821637.0,823654.4266421412
Guyana,GUY,Latin America & Caribbean ,2023,826353.0,834007.7065696443
Guyana,GUY,Latin America & Caribbean ,2024,831087.0,842144.4268041985
"Hong Kong SAR, China",HKG,East Asia & Pacific,1970,3959000.0,3960368.6100768032
"Hong Kong SAR, China",HKG,East Asia & Pacific,1971,4045300.0,4076671.7570543448
"Hong Kong SAR, China",HKG,East Asia & Pacific,1972,4123600.0,4136323.366014974
"Hong Kong SAR, China",HKG,East Asia & Pacific,1973,4241600.0,4207974.21458942
"Hong Kong SAR, China",HKG,East Asia & Pacific,1974,4377800.0,4305561.778104924
"Hong Kong SAR, China",HKG,East Asia & Pacific,1975,4461600.0,4426166.192954244
"Hong Kong SAR, China",HKG,East Asia & Pacific,1976,4518000.0,4549363.349652231
"Hong Kong SAR, China",HKG,East Asia & Pacific,1977,4583700.0,4643228.858206682
"Hong Kong SAR, China",HKG,East Asia & Pacific,1978,4667500.0,4729443.496420074
"Hong Kong SAR, China",HKG,East Asia & Pacific,1979,4929700.0,4766538.763501839
"Hong Kong SAR, China",HKG,East Asia & Pacific,1980,5063100.0,4958578.727957038
"Hong Kong SAR, China",HKG,East Asia & Pacific,1981,5183400.0,5113698.810673051
"Hong Kong SAR, China",HKG,East Asia & Pacific,1982,5264500.0,5267057.132434343
"Hong Kong SAR, China",HKG,East Asia & Pacific,1983,5345100.0,5396846.224539196
"Hong Kong SAR, China",HKG,East Asia & Pacific,1984,5397900.0,5515046.596570055
"Hong Kong SAR, China",HKG,East Asia & Pacific,1985,5456200.0,5618636.478886522
"Hong Kong SAR, China",HKG,East Asia & Pacific,1986,5524600.0,5572259.157120721
"Hong Kong SAR, China",HKG,East Asia & Pacific,1987,5580500.0,5640404.3386607915
"Hong Kong SAR, China",HKG,East Asia & Pacific,1988,5627600.0,5768352.451322297
"Hong Kong SAR, China",HKG,East Asia & Pacific,1989,5686200.0,5710998.895443436
"Hong Kong SAR, China",HKG,East Asia & Pacific,1990,5704500.0,5786451.000945718
"Hong Kong SAR, China",HKG,East Asia & Pacific,1991,5752000.0,5807338.850256537
"Hong Kong SAR, China",HKG,East Asia & Pacific,1992,5800500.0,5808879.973719163
"Hong Kong SAR, China",HKG,East Asia & Pacific,1993,5901000.0,5853456.908556287
"Hong Kong SAR, China",HKG,East Asia & Pacific,1994,6035400.0,5931913.643232707
"Hong Kong SAR, China",HKG,East Asia & Pacific,1995,6156100.0,6171645.489347102
"Hong Kong SAR, China",HKG,East Asia & Pacific,1996,6435500.0,6282268.439705198
"Hong Kong SAR, China",HKG,East Asia & Pacific,1997,6489300.0,6675568.3869917495
"Hong Kong SAR, China",HKG,East Asia & Pacific,1998,6543700.0,6592844.379810126
"Hong Kong SAR, China",HKG,East Asia & Pacific,1999,6606500.0,6661642.22840893
"Hong Kong SAR, China",HKG,East Asia & Pacific,2000,6665000.0,6793099.6541162655
"Hong Kong SAR, China",HKG,East Asia & Pacific,2001,6714300.0,6888325.679577304
"Hong Kong SAR, China",HKG,East Asia & Pacific,2002,6744100.0,6824333.244204859
"Hong Kong SAR, China",HKG,East Asia & Pacific,2003,6730800.0,6844923.001190804
"Hong Kong SAR, China",HKG,East Asia & Pacific,2004,6783500.0,6938429.514231148
"Hong Kong SAR, China",HKG,East Asia & Pacific,2005,6813200.0,6914164.501787373
"Hong Kong SAR, China",HKG,East Asia & Pacific,2006,6857100.0,6856578.64098334
"Hong Kong SAR, China",HKG,East Asia & Pacific,2007,6916300.0,6899212.396672694
"Hong Kong SAR, China",HKG,East Asia & Pacific,2008,6957800.0,6941140.699587171
"Hong Kong SAR, China",HKG,East Asia & Pacific,2009,6972800.0,6977330.6297597615
"Hong Kong SAR, China",HKG,East Asia & Pacific,2010,7024200.0,7008735.01866477
"Hong Kong SAR, China",HKG,East Asia & Pacific,2011,7071600.0,7052221.765142627
"Hong Kong SAR, China",HKG,East Asia & Pacific,2012,7150100.0,7104211.118991436
"Hong Kong SAR, China",HKG,East Asia & Pacific,2013,7178900.0,7171845.527867229
"Hong Kong SAR, China",HKG,East Asia & Pacific,2014,7229500.0,7219798.367593272
"Hong Kong SAR, China",HKG,East Asia & Pacific,2015,7291300.0,7272407.154640171
"Hong Kong SAR, China",HKG,East Asia & Pacific,2016,7336600.0,7327739.405748618
"Hong Kong SAR, China",HKG,East Asia & Pacific,2017,7393200.0,7381072.36860954
"Hong Kong SAR, China",HKG,East Asia & Pacific,2018,7452600.0,7441210.280314074
"Hong Kong SAR, China",HKG,East Asia & Pacific,2019,7507900.0,7504402.664235602
"Hong Kong SAR, China",HKG,East Asia & Pacific,2020,7481000.0,7560247.309817502
"Hong Kong SAR, China",HKG,East Asia & Pacific,2021,7413100.0,7582988.754827383
"Hong Kong SAR, China",HKG,East Asia & Pacific,2022,7346100.0,7345816.283195851
"Hong Kong SAR, China",HKG,East Asia & Pacific,2023,7536100.0,7279705.549022842
"Hong Kong SAR, China",HKG,East Asia & Pacific,2024,7524100.0,7527774.432175965
Honduras,HND,Latin America & Caribbean ,1970,2750715.0,2748082.972132019
Honduras,HND,Latin America & Caribbean ,1971,2834616.0,2831283.044015253
Honduras,HND,Latin America & Caribbean ,1972,2922064.0,2918214.6547479755
Honduras,HND,Latin America & Caribbean ,1973,3011459.0,3011350.6724394667
Honduras,HND,Latin America & Caribbean ,1974,3099836.0,3101520.5342005524
Honduras,HND,Latin America & Caribbean ,1975,3193234.0,3192634.6327822288
Honduras,HND,Latin America & Caribbean ,1976,3294457.0,3289411.341035243
Honduras,HND,Latin America & Caribbean ,1977,3398655.0,3391424.025930541
Honduras,HND,Latin America & Caribbean ,1978,3505463.0,3497811.5765762613
Honduras,HND,Latin America & Caribbean ,1979,3614981.0,3613064.4677648656
Honduras,HND,Latin America & Caribbean ,1980,3727173.0,3726401.0875937575
Honduras,HND,Latin America & Caribbean ,1981,3841778.0,3842277.0439692163
Honduras,HND,Latin America & Caribbean ,1982,3958728.0,3960384.4232599833
Honduras,HND,Latin America & Caribbean ,1983,4078174.0,4083438.559338356
Honduras,HND,Latin America & Caribbean ,1984,4199850.0,4204400.657916527
Honduras,HND,Latin America & Caribbean ,1985,4323342.0,4329708.771703925
Honduras,HND,Latin America & Caribbean ,1986,4448899.0,4455920.095609508
Honduras,HND,Latin America & Caribbean ,1987,4576910.0,4584050.178175234
Honduras,HND,Latin America & Caribbean ,1988,4707677.0,4714599.7223990355
Honduras,HND,Latin America & Caribbean ,1989,4841838.0,4847900.758600216
Honduras,HND,Latin America & Caribbean ,1990,4980488.0,4984687.616017419
Honduras,HND,Latin America & Caribbean ,1991,5123792.0,5126249.329508878
Honduras,HND,Latin America & Caribbean ,1992,5271431.0,5272788.818815426
Honduras,HND,Latin America & Caribbean ,1993,5423249.0,5425126.667819889
Honduras,HND,Latin America & Caribbean ,1994,5579242.0,5579231.433769903
Honduras,HND,Latin America & Caribbean ,1995,5739637.0,5738746.232246766
Honduras,HND,Latin America & Caribbean ,1996,5903954.0,5904643.413407889
Honduras,HND,Latin America & Caribbean ,1997,6071454.0,6073356.383022749
Honduras,HND,Latin America & Caribbean ,1998,6234431.0,6247380.742654332
Honduras,HND,Latin America & Caribbean ,1999,6400463.0,6401917.411565536
Honduras,HND,Latin America & Caribbean ,2000,6577773.0,6570816.251261531
Honduras,HND,Latin America & Caribbean ,2001,6757993.0,6762915.023867808
Honduras,HND,Latin America & Caribbean ,2002,6938859.0,6947149.101541248
Honduras,HND,Latin America & Caribbean ,2003,7119213.0,7131522.043911847
Honduras,HND,Latin America & Caribbean ,2004,7298994.0,7326130.846153681
Honduras,HND,Latin America & Caribbean ,2005,7478355.0,7512166.985707187
Honduras,HND,Latin America & Caribbean ,2006,7656832.0,7677458.013304637
Honduras,HND,Latin America & Caribbean ,2007,7834798.0,7839568.498346938
Honduras,HND,Latin America & Caribbean ,2008,8012587.0,8017879.387651458
Honduras,HND,Latin America & Caribbean ,2009,8189899.0,8215102.004705533
Honduras,HND,Latin America & Caribbean ,2010,8365878.0,8391823.076769264
Honduras,HND,Latin America & Caribbean ,2011,8540583.0,8566747.695188018
Honduras,HND,Latin America & Caribbean ,2012,8715076.0,8739964.685604522
Honduras,HND,Latin America & Caribbean ,2013,8889278.0,8913147.375773547
Honduras,HND,Latin America & Caribbean ,2014,9063122.0,9086109.832021095
Honduras,HND,Latin America & Caribbean ,2015,9237305.0,9258840.742005385
Honduras,HND,Latin America & Caribbean ,2016,9412380.0,9432008.36159605
Honduras,HND,Latin America & Caribbean ,2017,9588137.0,9606277.988285407
Honduras,HND,Latin America & Caribbean ,2018,9765210.0,9781368.054977767
Honduras,HND,Latin America & Caribbean ,2019,9943633.0,9958027.926833047
Honduras,HND,Latin America & Caribbean ,2020,10119640.0,10136416.149462711
Honduras,HND,Latin America & Caribbean ,2021,10289877.0,10312270.025932882
Honduras,HND,Latin America & Caribbean ,2022,10463872.0,10481648.494532125
Honduras,HND,Latin America & Caribbean ,2023,10644851.0,10655281.787316741
Honduras,HND,Latin America & Caribbean ,2024,10825703.0,10836860.535732556
Croatia,HRV,Europe & Central Asia,1970,4412252.0,4420354.209884997
Croatia,HRV,Europe & Central Asia,1971,4431275.0,4435455.32928335
Croatia,HRV,Europe & Central Asia,1972,4450564.0,4450966.236052979
Croatia,HRV,Europe & Central Asia,1973,4470161.0,4469805.926301009
Croatia,HRV,Europe & Central Asia,1974,4490660.0,4495004.268145045
Croatia,HRV,Europe & Central Asia,1975,4512082.0,4514603.31103162
Croatia,HRV,Europe & Central Asia,1976,4535934.0,4535034.960807715
Croatia,HRV,Europe & Central Asia,1977,4559571.0,4557342.588450134
Croatia,HRV,Europe & Central Asia,1978,4581085.0,4578151.982438117
Croatia,HRV,Europe & Central Asia,1979,4594778.0,4602732.960040746
Croatia,HRV,Europe & Central Asia,1980,4599782.0,4620075.309063356
Croatia,HRV,Europe & Central Asia,1981,4611509.0,4604883.464852476
Croatia,HRV,Europe & Central Asia,1982,4634234.0,4623265.897186935
Croatia,HRV,Europe & Central Asia,1983,4658254.0,4652808.105193855
Croatia,HRV,Europe & Central Asia,1984,4680285.0,4677227.036073515
Croatia,HRV,Europe & Central Asia,1985,4701417.0,4699337.803855351
Croatia,HRV,Europe & Central Asia,1986,4721446.0,4720156.549428158
Croatia,HRV,Europe & Central Asia,1987,4739745.0,4741560.32768377
Croatia,HRV,Europe & Central Asia,1988,4755207.0,4757709.554923504
Croatia,HRV,Europe & Central Asia,1989,4767260.0,4777062.770525222
Croatia,HRV,Europe & Central Asia,1990,4777368.0,4786283.262539366
Croatia,HRV,Europe & Central Asia,1991,4689022.0,4788802.001975551
Croatia,HRV,Europe & Central Asia,1992,4575818.0,4777481.160813101
Croatia,HRV,Europe & Central Asia,1993,4600463.0,4465347.010110603
Croatia,HRV,Europe & Central Asia,1994,4652024.0,4591679.896182192
Croatia,HRV,Europe & Central Asia,1995,4620030.0,4621033.098220243
Croatia,HRV,Europe & Central Asia,1996,4557097.0,4591390.768028362
Croatia,HRV,Europe & Central Asia,1997,4534920.0,4547418.774993119
Croatia,HRV,Europe & Central Asia,1998,4532135.0,4510373.195617486
Croatia,HRV,Europe & Central Asia,1999,4512597.0,4489606.533929475
Croatia,HRV,Europe & Central Asia,2000,4468302.0,4478575.360883751
Croatia,HRV,Europe & Central Asia,2001,4299642.0,4468853.585990325
Croatia,HRV,Europe & Central Asia,2002,4302174.0,4388760.282115385
Croatia,HRV,Europe & Central Asia,2003,4303399.0,4307919.040445438
Croatia,HRV,Europe & Central Asia,2004,4304600.0,4252551.561869395
Croatia,HRV,Europe & Central Asia,2005,4310145.0,4229627.001424689
Croatia,HRV,Europe & Central Asia,2006,4311159.0,4223069.14443847
Croatia,HRV,Europe & Central Asia,2007,4310217.0,4286730.813818679
Croatia,HRV,Europe & Central Asia,2008,4309705.0,4286240.14869252
Croatia,HRV,Europe & Central Asia,2009,4305181.0,4249885.905891033
Croatia,HRV,Europe & Central Asia,2010,4295427.0,4278808.426582747
Croatia,HRV,Europe & Central Asia,2011,4280622.0,4287528.5231174305
Croatia,HRV,Europe & Central Asia,2012,4260368.0,4265868.028375679
Croatia,HRV,Europe & Central Asia,2013,4233922.0,4241854.007035271
Croatia,HRV,Europe & Central Asia,2014,4201598.0,4207640.162288472
Croatia,HRV,Europe & Central Asia,2015,4151725.0,4169520.778688825
Croatia,HRV,Europe & Central Asia,2016,4106867.0,4102443.99358332
Croatia,HRV,Europe & Central Asia,2017,4041407.0,4084873.206617431
Croatia,HRV,Europe & Central Asia,2018,3988775.0,4012646.716094295
Croatia,HRV,Europe & Central Asia,2019,3949390.0,3955086.5726625854
Croatia,HRV,Europe & Central Asia,2020,3914206.0,3912704.3399185305
Croatia,HRV,Europe & Central Asia,2021,3878981.0,3875514.067838243
Croatia,HRV,Europe & Central Asia,2022,3855641.0,3828478.590242809
Croatia,HRV,Europe & Central Asia,2023,3859686.0,3815757.1949687954
Croatia,HRV,Europe & Central Asia,2024,3866200.0,3863735.242608292
Haiti,HTI,Latin America & Caribbean ,1970,4635124.0,4633353.778689478
Haiti,HTI,Latin America & Caribbean ,1971,4723244.0,4721018.602234414
Haiti,HTI,Latin America & Caribbean ,1972,4813868.0,4808531.561907297
Haiti,HTI,Latin America & Caribbean ,1973,4906743.0,4901514.129141764
Haiti,HTI,Latin America & Caribbean ,1974,5001796.0,5001218.314967116
Haiti,HTI,Latin America & Caribbean ,1975,5099086.0,5098273.323133333
Haiti,HTI,Latin America & Caribbean ,1976,5198357.0,5196210.527259604
Haiti,HTI,Latin America & Caribbean ,1977,5299476.0,5297831.536885273
Haiti,HTI,Latin America & Caribbean ,1978,5402580.0,5401281.926496558
Haiti,HTI,Latin America & Caribbean ,1979,5507590.0,5506754.50805378
Haiti,HTI,Latin America & Caribbean ,1980,5614493.0,5613285.792485416
Haiti,HTI,Latin America & Caribbean ,1981,5723725.0,5723123.379301322
Haiti,HTI,Latin America & Caribbean ,1982,5835937.0,5834820.178763988
Haiti,HTI,Latin America & Caribbean ,1983,5951096.0,5948850.1843756465
Haiti,HTI,Latin America & Caribbean ,1984,6069230.0,6068520.281185202
Haiti,HTI,Latin America & Caribbean ,1985,6190862.0,6189702.161555692
Haiti,HTI,Latin America & Caribbean ,1986,6316122.0,6314711.240257389
Haiti,HTI,Latin America & Caribbean ,1987,6445123.0,6443624.634948586
Haiti,HTI,Latin America & Caribbean ,1988,6578145.0,6575996.305368872
Haiti,HTI,Latin America & Caribbean ,1989,6714730.0,6709238.061786493
Haiti,HTI,Latin America & Caribbean ,1990,6854441.0,6849555.976256991
Haiti,HTI,Latin America & Caribbean ,1991,6995450.0,6993105.500868071
Haiti,HTI,Latin America & Caribbean ,1992,7136571.0,7137732.252138553
Haiti,HTI,Latin America & Caribbean ,1993,7278181.0,7282090.539863584
Haiti,HTI,Latin America & Caribbean ,1994,7419771.0,7430842.478857521
Haiti,HTI,Latin America & Caribbean ,1995,7562546.0,7564146.565064025
Haiti,HTI,Latin America & Caribbean ,1996,7707557.0,7708077.954530821
Haiti,HTI,Latin America & Caribbean ,1997,7854298.0,7855873.126429113
Haiti,HTI,Latin America & Caribbean ,1998,8002143.0,8010602.773670369
Haiti,HTI,Latin America & Caribbean ,1999,8151296.0,8159663.892687503
Haiti,HTI,Latin America & Caribbean ,2000,8303151.0,8309787.555704189
Haiti,HTI,Latin America & Caribbean ,2001,8455918.0,8462794.998725353
Haiti,HTI,Latin America & Caribbean ,2002,8607641.0,8616834.374360027
Haiti,HTI,Latin America & Caribbean ,2003,8759912.0,8769639.977169868
Haiti,HTI,Latin America & Caribbean ,2004,8910263.0,8923062.642593632
Haiti,HTI,Latin America & Caribbean ,2005,9061273.0,9066587.129698543
Haiti,HTI,Latin America & Caribbean ,2006,9216562.0,9217203.719226157
Haiti,HTI,Latin America & Caribbean ,2007,9373296.0,9381851.976754216
Haiti,HTI,Latin America & Caribbean ,2008,9530774.0,9539500.0195514
Haiti,HTI,Latin America & Caribbean ,2009,9689581.0,9697822.690006375
Haiti,HTI,Latin America & Caribbean ,2010,9803294.0,9857430.458451342
Haiti,HTI,Latin America & Caribbean ,2011,9914904.0,10006938.763256941
Haiti,HTI,Latin America & Caribbean ,2012,10069771.0,10027784.673562065
Haiti,HTI,Latin America & Caribbean ,2013,10222362.0,10226892.866043022
Haiti,HTI,Latin America & Caribbean ,2014,10373235.0,10379594.024015758
Haiti,HTI,Latin America & Caribbean ,2015,10523242.0,10530274.892102107
Haiti,HTI,Latin America & Caribbean ,2016,10671457.0,10677509.263660116
Haiti,HTI,Latin America & Caribbean ,2017,10817754.0,10821767.109009739
Haiti,HTI,Latin America & Caribbean ,2018,10962362.0,10969979.522862237
Haiti,HTI,Latin America & Caribbean ,2019,11105163.0,11122214.356225776
Haiti,HTI,Latin America & Caribbean ,2020,11243848.0,11279570.654269971
Haiti,HTI,Latin America & Caribbean ,2021,11374586.0,11402180.431781424
Haiti,HTI,Latin America & Caribbean ,2022,11503606.0,11529616.341788836
Haiti,HTI,Latin America & Caribbean ,2023,11637398.0,11655531.484131169
Haiti,HTI,Latin America & Caribbean ,2024,11772557.0,11787113.080132289
Hungary,HUN,Europe & Central Asia,1970,10337910.0,10322650.696203839
Hungary,HUN,Europe & Central Asia,1971,10367537.0,10378035.540292364
Hungary,HUN,Europe & Central Asia,1972,10398489.0,10402219.173828386
Hungary,HUN,Europe & Central Asia,1973,10432055.0,10433602.29561055
Hungary,HUN,Europe & Central Asia,1974,10478720.0,10467347.892020844
Hungary,HUN,Europe & Central Asia,1975,10540525.0,10513863.703990705
Hungary,HUN,Europe & Central Asia,1976,10598677.0,10602532.814566035
Hungary,HUN,Europe & Central Asia,1977,10648031.0,10657149.82456806
Hungary,HUN,Europe & Central Asia,1978,10684822.0,10697614.82311982
Hungary,HUN,Europe & Central Asia,1979,10704152.0,10728605.655690609
Hungary,HUN,Europe & Central Asia,1980,10711122.0,10765285.03047101
Hungary,HUN,Europe & Central Asia,1981,10711848.0,10718096.538801888
Hungary,HUN,Europe & Central Asia,1982,10705535.0,10712574.049302937
Hungary,HUN,Europe & Central Asia,1983,10689463.0,10699225.720771689
Hungary,HUN,Europe & Central Asia,1984,10668095.0,10713129.427738959
Hungary,HUN,Europe & Central Asia,1985,10648713.0,10682379.567927213
Hungary,HUN,Europe & Central Asia,1986,10630564.0,10654397.95604059
Hungary,HUN,Europe & Central Asia,1987,10612741.0,10628690.600815704
Hungary,HUN,Europe & Central Asia,1988,10596487.0,10604804.370064665
Hungary,HUN,Europe & Central Asia,1989,10481719.0,10584671.931226712
Hungary,HUN,Europe & Central Asia,1990,10373988.0,10528024.165566772
Hungary,HUN,Europe & Central Asia,1991,10373400.0,10267440.19137641
Hungary,HUN,Europe & Central Asia,1992,10369341.0,10337138.095361184
Hungary,HUN,Europe & Central Asia,1993,10357523.0,10319552.232355757
Hungary,HUN,Europe & Central Asia,1994,10343355.0,10284039.869525325
Hungary,HUN,Europe & Central Asia,1995,10328965.0,10309971.481600186
Hungary,HUN,Europe & Central Asia,1996,10311238.0,10295988.242578043
Hungary,HUN,Europe & Central Asia,1997,10290486.0,10278270.863698784
Hungary,HUN,Europe & Central Asia,1998,10266570.0,10241542.824867528
Hungary,HUN,Europe & Central Asia,1999,10237530.0,10251186.076578164
Hungary,HUN,Europe & Central Asia,2000,10210971.0,10222548.658891918
Hungary,HUN,Europe & Central Asia,2001,10187576.0,10193121.368947042
Hungary,HUN,Europe & Central Asia,2002,10158608.0,10167591.614116553
Hungary,HUN,Europe & Central Asia,2003,10129552.0,10136778.06600217
Hungary,HUN,Europe & Central Asia,2004,10107146.0,10106218.974499187
Hungary,HUN,Europe & Central Asia,2005,10087065.0,10083815.18115172
Hungary,HUN,Europe & Central Asia,2006,10071370.0,10057845.435111387
Hungary,HUN,Europe & Central Asia,2007,10055780.0,10055646.230333231
Hungary,HUN,Europe & Central Asia,2008,10038188.0,10039141.87942033
Hungary,HUN,Europe & Central Asia,2009,10022650.0,10021409.963092966
Hungary,HUN,Europe & Central Asia,2010,10000023.0,10001913.300140468
Hungary,HUN,Europe & Central Asia,2011,9971727.0,9979413.123092908
Hungary,HUN,Europe & Central Asia,2012,9920362.0,9958840.980975177
Hungary,HUN,Europe & Central Asia,2013,9872734.0,9869577.792575212
Hungary,HUN,Europe & Central Asia,2014,9833038.0,9824545.540247004
Hungary,HUN,Europe & Central Asia,2015,9797755.0,9805267.992450189
Hungary,HUN,Europe & Central Asia,2016,9759755.0,9767836.126649141
Hungary,HUN,Europe & Central Asia,2017,9726756.0,9727440.466622423
Hungary,HUN,Europe & Central Asia,2018,9706964.0,9691759.843433198
Hungary,HUN,Europe & Central Asia,2019,9694824.0,9655421.882534763
Hungary,HUN,Europe & Central Asia,2020,9670419.0,9682699.182727687
Hungary,HUN,Europe & Central Asia,2021,9630932.0,9637469.620922897
Hungary,HUN,Europe & Central Asia,2022,9605074.0,9599348.18097165
Hungary,HUN,Europe & Central Asia,2023,9592186.0,9574978.90217773
Hungary,HUN,Europe & Central Asia,2024,9562065.0,9557884.008542271
Indonesia,IDN,East Asia & Pacific,1970,115657495.0,115588939.18399952
Indonesia,IDN,East Asia & Pacific,1971,118833702.0,118676816.44612724
Indonesia,IDN,East Asia & Pacific,1972,122039841.0,121871396.27065414
Indonesia,IDN,East Asia & Pacific,1973,125288515.0,125330216.48199637
Indonesia,IDN,East Asia & Pacific,1974,128555045.0,128634233.94466083
Indonesia,IDN,East Asia & Pacific,1975,131843848.0,132130022.33759338
Indonesia,IDN,East Asia & Pacific,1976,135173655.0,135217401.92858955
Indonesia,IDN,East Asia & Pacific,1977,138533541.0,138599507.2912264
Indonesia,IDN,East Asia & Pacific,1978,141953163.0,142209773.96393514
Indonesia,IDN,East Asia & Pacific,1979,145434834.0,145667236.35603562
Indonesia,IDN,East Asia & Pacific,1980,148950540.0,149185271.62463215
Indonesia,IDN,East Asia & Pacific,1981,152485035.0,152737233.20058826
Indonesia,IDN,East Asia & Pacific,1982,156052152.0,156306584.47309732
Indonesia,IDN,East Asia & Pacific,1983,159651381.0,159907158.46615314
Indonesia,IDN,East Asia & Pacific,1984,163251124.0,163541955.89791554
Indonesia,IDN,East Asia & Pacific,1985,166776185.0,167174518.71210858
Indonesia,IDN,East Asia & Pacific,1986,170175065.0,170482866.81422597
Indonesia,IDN,East Asia & Pacific,1987,173511154.0,173643213.80111393
Indonesia,IDN,East Asia & Pacific,1988,176855065.0,177035789.23981792
Indonesia,IDN,East Asia & Pacific,1989,180201630.0,180743212.304582
Indonesia,IDN,East Asia & Pacific,1990,183501098.0,184055784.76323187
Indonesia,IDN,East Asia & Pacific,1991,186778238.0,187317505.3272006
Indonesia,IDN,East Asia & Pacific,1992,190043744.0,190545749.91751614
Indonesia,IDN,East Asia & Pacific,1993,193305168.0,193759304.26965055
Indonesia,IDN,East Asia & Pacific,1994,196591828.0,196970572.60921082
Indonesia,IDN,East Asia & Pacific,1995,199888057.0,200217558.2391885
Indonesia,IDN,East Asia & Pacific,1996,203204348.0,203495630.0659839
Indonesia,IDN,East Asia & Pacific,1997,206536095.0,206803614.67929316
Indonesia,IDN,East Asia & Pacific,1998,209826788.0,210128254.27040368
Indonesia,IDN,East Asia & Pacific,1999,213004668.0,213406673.13284114
Indonesia,IDN,East Asia & Pacific,2000,216077790.0,216564391.30081514
Indonesia,IDN,East Asia & Pacific,2001,219097902.0,219291465.30486858
Indonesia,IDN,East Asia & Pacific,2002,222088495.0,222160226.00586972
Indonesia,IDN,East Asia & Pacific,2003,225048008.0,225119908.32185507
Indonesia,IDN,East Asia & Pacific,2004,227926649.0,228453670.09273884
Indonesia,IDN,East Asia & Pacific,2005,230871650.0,231275348.8021374
Indonesia,IDN,East Asia & Pacific,2006,233951652.0,234170942.16442025
Indonesia,IDN,East Asia & Pacific,2007,237062337.0,237214613.20488775
Indonesia,IDN,East Asia & Pacific,2008,240157903.0,240303149.38331434
Indonesia,IDN,East Asia & Pacific,2009,243220028.0,243472544.5419714
Indonesia,IDN,East Asia & Pacific,2010,246305322.0,246536274.6449437
Indonesia,IDN,East Asia & Pacific,2011,249470032.0,249643178.16443878
Indonesia,IDN,East Asia & Pacific,2012,252698525.0,252713783.63907865
Indonesia,IDN,East Asia & Pacific,2013,255852467.0,255968645.30921936
Indonesia,IDN,East Asia & Pacific,2014,258877399.0,259159916.79392058
Indonesia,IDN,East Asia & Pacific,2015,261799249.0,262450019.44151467
Indonesia,IDN,East Asia & Pacific,2016,264627418.0,264840828.30682054
Indonesia,IDN,East Asia & Pacific,2017,267346658.0,267513850.51051384
Indonesia,IDN,East Asia & Pacific,2018,269951846.0,270126216.091248
Indonesia,IDN,East Asia & Pacific,2019,272489381.0,272582420.5363887
Indonesia,IDN,East Asia & Pacific,2020,274814866.0,275567952.1514569
Indonesia,IDN,East Asia & Pacific,2021,276758053.0,277788409.3328008
Indonesia,IDN,East Asia & Pacific,2022,278830529.0,279573224.2299852
Indonesia,IDN,East Asia & Pacific,2023,281190067.0,281510647.31984526
Indonesia,IDN,East Asia & Pacific,2024,283487931.0,283785904.9485279
Isle of Man,IMN,Europe & Central Asia,1970,55300.0,54685.729562298235
Isle of Man,IMN,Europe & Central Asia,1971,56427.0,56118.41508279744
Isle of Man,IMN,Europe & Central Asia,1972,57367.0,57359.49216615853
Isle of Man,IMN,Europe & Central Asia,1973,58256.0,58360.6859909894
Isle of Man,IMN,Europe & Central Asia,1974,59139.0,59490.493211602916
Isle of Man,IMN,Europe & Central Asia,1975,59959.0,60240.475322616236
Isle of Man,IMN,Europe & Central Asia,1976,60750.0,60790.36982679254
Isle of Man,IMN,Europe & Central Asia,1977,61566.0,61843.20629958237
Isle of Man,IMN,Europe & Central Asia,1978,62398.0,62613.538786482335
Isle of Man,IMN,Europe & Central Asia,1979,63239.0,63398.687824919485
Isle of Man,IMN,Europe & Central Asia,1980,64076.0,64342.982101043985
Isle of Man,IMN,Europe & Central Asia,1981,64596.0,64990.347397062804
Isle of Man,IMN,Europe & Central Asia,1982,64686.0,65743.9961141297
Isle of Man,IMN,Europe & Central Asia,1983,64630.0,64776.125409244516
Isle of Man,IMN,Europe & Central Asia,1984,64528.0,64574.04848043311
Isle of Man,IMN,Europe & Central Asia,1985,64401.0,64426.16097776031
Isle of Man,IMN,Europe & Central Asia,1986,64695.0,64274.24995394784
Isle of Man,IMN,Europe & Central Asia,1987,65597.0,65052.3378897519
Isle of Man,IMN,Europe & Central Asia,1988,66680.0,65645.21189674611
Isle of Man,IMN,Europe & Central Asia,1989,67790.0,67780.88022490233
Isle of Man,IMN,Europe & Central Asia,1990,68916.0,68918.47780662194
Isle of Man,IMN,Europe & Central Asia,1991,69808.0,70060.70299479514
Isle of Man,IMN,Europe & Central Asia,1992,70353.0,70401.58083573396
Isle of Man,IMN,Europe & Central Asia,1993,70772.0,71019.38016209817
Isle of Man,IMN,Europe & Central Asia,1994,71168.0,71939.09396300698
Isle of Man,IMN,Europe & Central Asia,1995,71513.0,71566.61078420957
Isle of Man,IMN,Europe & Central Asia,1996,72047.0,71859.6724531076
Isle of Man,IMN,Europe & Central Asia,1997,72909.0,72801.72454364039
Isle of Man,IMN,Europe & Central Asia,1998,73861.0,73636.09328021837
Isle of Man,IMN,Europe & Central Asia,1999,74790.0,74227.1153935532
Isle of Man,IMN,Europe & Central Asia,2000,75659.0,75730.68466725908
Isle of Man,IMN,Europe & Central Asia,2001,76476.0,76538.09708787188
Isle of Man,IMN,Europe & Central Asia,2002,77275.0,77188.7606953044
Isle of Man,IMN,Europe & Central Asia,2003,78049.0,78033.45097617366
Isle of Man,IMN,Europe & Central Asia,2004,78792.0,78922.69733360075
Isle of Man,IMN,Europe & Central Asia,2005,79516.0,79846.67482368324
Isle of Man,IMN,Europe & Central Asia,2006,80294.0,80246.6526556799
Isle of Man,IMN,Europe & Central Asia,2007,81147.0,81160.838874547
Isle of Man,IMN,Europe & Central Asia,2008,82029.0,81997.72301528892
Isle of Man,IMN,Europe & Central Asia,2009,82939.0,82830.03177676693
Isle of Man,IMN,Europe & Central Asia,2010,83873.0,83858.92341843633
Isle of Man,IMN,Europe & Central Asia,2011,84382.0,84817.39888768282
Isle of Man,IMN,Europe & Central Asia,2012,84335.0,85381.22192884247
Isle of Man,IMN,Europe & Central Asia,2013,84141.0,84288.02619699993
Isle of Man,IMN,Europe & Central Asia,2014,83892.0,83947.44626614662
Isle of Man,IMN,Europe & Central Asia,2015,83593.0,83643.73687054806
Isle of Man,IMN,Europe & Central Asia,2016,83466.0,83295.06566920257
Isle of Man,IMN,Europe & Central Asia,2017,83609.0,83727.72231108836
Isle of Man,IMN,Europe & Central Asia,2018,83805.0,83786.42273474668
Isle of Man,IMN,Europe & Central Asia,2019,83957.0,83768.55859435772
Isle of Man,IMN,Europe & Central Asia,2020,84064.0,83598.83013731812
Isle of Man,IMN,Europe & Central Asia,2021,84106.0,84171.13636878841
Isle of Man,IMN,Europe & Central Asia,2022,84132.0,84080.47995544675
Isle of Man,IMN,Europe & Central Asia,2023,84165.0,84131.58587735338
Isle of Man,IMN,Europe & Central Asia,2024,84160.0,84245.08340442214
India,IND,South Asia,1970,545864268.0,546032170.5088929
India,IND,South Asia,1971,558096387.0,558178938.9771636
India,IND,South Asia,1972,570482142.0,570680108.3786272
India,IND,South Asia,1973,583465598.0,582962340.7250601
India,IND,South Asia,1974,597041391.0,596362609.7921903
India,IND,South Asia,1975,611309535.0,610270556.6749841
India,IND,South Asia,1976,625861883.0,625664272.165805
India,IND,South Asia,1977,640801103.0,640033838.3936517
India,IND,South Asia,1978,655728229.0,655465461.44651
India,IND,South Asia,1979,671155747.0,670878004.9010506
India,IND,South Asia,1980,687354025.0,686742224.4738939
India,IND,South Asia,1981,703696250.0,703056769.4201344
India,IND,South Asia,1982,720313473.0,720094522.7616379
India,IND,South Asia,1983,737372681.0,737349683.3306262
India,IND,South Asia,1984,754875449.0,754879987.5968624
India,IND,South Asia,1985,772647793.0,772757614.1412524
India,IND,South Asia,1986,790689978.0,791033576.0208256
India,IND,South Asia,1987,808931270.0,809654382.6185045
India,IND,South Asia,1988,827342990.0,827686020.7061734
India,IND,South Asia,1989,846039529.0,846804283.0900573
India,IND,South Asia,1990,864972221.0,865194860.4431323
India,IND,South Asia,1991,883927600.0,884392906.1548846
India,IND,South Asia,1992,902957070.0,904266305.7146583
India,IND,South Asia,1993,922118387.0,923517987.710797
India,IND,South Asia,1994,941163767.0,942857898.7246077
India,IND,South Asia,1995,960301044.0,962030617.3734765
India,IND,South Asia,1996,979678458.0,981270075.2849311
India,IND,South Asia,1997,999133762.0,1000754771.2175144
India,IND,South Asia,1998,1018665080.0,1020306396.0358151
India,IND,South Asia,1999,1038225823.0,1039906319.0568029
India,IND,South Asia,2000,1057922733.0,1059508666.1353039
India,IND,South Asia,2001,1077898575.0,1079262945.8361359
India,IND,South Asia,2002,1097600380.0,1099323653.1441395
India,IND,South Asia,2003,1116803006.0,1119060036.7282872
India,IND,South Asia,2004,1135991513.0,1138248675.886488
India,IND,South Asia,2005,1154676322.0,1157407168.6050103
India,IND,South Asia,2006,1172878890.0,1175967388.6636798
India,IND,South Asia,2007,1190676021.0,1191368407.2532966
India,IND,South Asia,2008,1207930964.0,1211497685.5379024
India,IND,South Asia,2009,1225524753.0,1228422342.23163
India,IND,South Asia,2010,1243481564.0,1245725656.5774035
India,IND,South Asia,2011,1261224954.0,1263380914.812669
India,IND,South Asia,2012,1278674502.0,1280856399.1378884
India,IND,South Asia,2013,1295829511.0,1298057818.6598644
India,IND,South Asia,2014,1312277191.0,1314931516.4578056
India,IND,South Asia,2015,1328024498.0,1331076558.7636714
India,IND,South Asia,2016,1343944296.0,1343960772.4793074
India,IND,South Asia,2017,1359657400.0,1360188071.9472508
India,IND,South Asia,2018,1374659064.0,1377650898.5408673
India,IND,South Asia,2019,1389030312.0,1392323709.761148
India,IND,South Asia,2020,1402617695.0,1406218124.3463058
India,IND,South Asia,2021,1414203896.0,1419290055.7484937
India,IND,South Asia,2022,1425423212.0,1430122925.5592668
India,IND,South Asia,2023,1438069596.0,1436731534.2852092
India,IND,South Asia,2024,1450935791.0,1452770645.7933233
Ireland,IRL,Europe & Central Asia,1970,2957250.0,2940554.2697665743
Ireland,IRL,Europe & Central Asia,1971,2992050.0,2981701.586005091
Ireland,IRL,Europe & Central Asia,1972,3036850.0,3027259.5152575118
Ireland,IRL,Europe & Central Asia,1973,3085950.0,3082320.7906471286
Ireland,IRL,Europe & Central Asia,1974,3137500.0,3135843.8521652077
Ireland,IRL,Europe & Central Asia,1975,3189550.0,3189911.1294545466
Ireland,IRL,Europe & Central Asia,1976,3238050.0,3224842.5707375305
Ireland,IRL,Europe & Central Asia,1977,3282200.0,3277656.3409520993
Ireland,IRL,Europe & Central Asia,1978,3329100.0,3318867.2181513184
Ireland,IRL,Europe & Central Asia,1979,3373750.0,3378159.433898988
Ireland,IRL,Europe & Central Asia,1980,3412800.0,3431802.3802456935
Ireland,IRL,Europe & Central Asia,1981,3453000.0,3452340.981171658
Ireland,IRL,Europe & Central Asia,1982,3485800.0,3502669.871310747
Ireland,IRL,Europe & Central Asia,1983,3510600.0,3533382.677701391
Ireland,IRL,Europe & Central Asia,1984,3532423.0,3554711.1667670147
Ireland,IRL,Europe & Central Asia,1985,3538082.0,3554381.658687126
Ireland,IRL,Europe & Central Asia,1986,3539690.0,3543750.0664925133
Ireland,IRL,Europe & Central Asia,1987,3540057.0,3541298.7307484513
Ireland,IRL,Europe & Central Asia,1988,3524949.0,3564306.7710382054
Ireland,IRL,Europe & Central Asia,1989,3511009.0,3542161.704382523
Ireland,IRL,Europe & Central Asia,1990,3513974.0,3522094.063145434
Ireland,IRL,Europe & Central Asia,1991,3534235.0,3520814.9847626584
Ireland,IRL,Europe & Central Asia,1992,3558430.0,3533490.7046066695
Ireland,IRL,Europe & Central Asia,1993,3576261.0,3537684.4846070157
Ireland,IRL,Europe & Central Asia,1994,3590386.0,3594181.350024736
Ireland,IRL,Europe & Central Asia,1995,3608841.0,3604566.7889604336
Ireland,IRL,Europe & Central Asia,1996,3637510.0,3616607.348249251
Ireland,IRL,Europe & Central Asia,1997,3674171.0,3628765.380097467
Ireland,IRL,Europe & Central Asia,1998,3712696.0,3669977.459152487
Ireland,IRL,Europe & Central Asia,1999,3754786.0,3735796.5404205616
Ireland,IRL,Europe & Central Asia,2000,3805174.0,3797353.1647486934
Ireland,IRL,Europe & Central Asia,2001,3866243.0,3856238.190172751
Ireland,IRL,Europe & Central Asia,2002,3931947.0,3902047.5581144574
Ireland,IRL,Europe & Central Asia,2003,3996521.0,3973589.8463110398
Ireland,IRL,Europe & Central Asia,2004,4070262.0,4044392.677340051
Ireland,IRL,Europe & Central Asia,2005,4159914.0,4125052.0173356244
Ireland,IRL,Europe & Central Asia,2006,4273591.0,4222405.355443972
Ireland,IRL,Europe & Central Asia,2007,4398942.0,4345958.508698453
Ireland,IRL,Europe & Central Asia,2008,4489544.0,4482626.458976733
Ireland,IRL,Europe & Central Asia,2009,4535375.0,4579587.352942895
Ireland,IRL,Europe & Central Asia,2010,4560155.0,4644306.314856099
Ireland,IRL,Europe & Central Asia,2011,4580084.0,4585070.391143255
Ireland,IRL,Europe & Central Asia,2012,4599533.0,4600100.094537295
Ireland,IRL,Europe & Central Asia,2013,4623816.0,4619064.588741735
Ireland,IRL,Europe & Central Asia,2014,4657740.0,4689792.952855094
Ireland,IRL,Europe & Central Asia,2015,4701957.0,4716607.8473291
Ireland,IRL,Europe & Central Asia,2016,4762722.0,4765923.063359326
Ireland,IRL,Europe & Central Asia,2017,4827445.0,4780061.8947257735
Ireland,IRL,Europe & Central Asia,2018,4898022.0,4893047.553167714
Ireland,IRL,Europe & Central Asia,2019,4976456.0,4969630.831967899
Ireland,IRL,Europe & Central Asia,2020,5039747.0,5024996.752063231
Ireland,IRL,Europe & Central Asia,2021,5110585.0,5093587.440701455
Ireland,IRL,Europe & Central Asia,2022,5212836.0,5170756.524299122
Ireland,IRL,Europe & Central Asia,2023,5311538.0,5252412.214115056
Ireland,IRL,Europe & Central Asia,2024,5395790.0,5357774.051543652
"Iran, Islamic Rep.",IRN,"Middle East, North Africa, Afghanistan & Pakistan",1970,29145100.0,29134933.312922254
"Iran, Islamic Rep.",IRN,"Middle East, North Africa, Afghanistan & Pakistan",1971,30029071.0,30043444.564164694
"Iran, Islamic Rep.",IRN,"Middle East, North Africa, Afghanistan & Pakistan",1972,30921179.0,30940128.01127147
"Iran, Islamic Rep.",IRN,"Middle East, North Africa, Afghanistan & Pakistan",1973,31839838.0,31875919.008421984
"Iran, Islamic Rep.",IRN,"Middle East, North Africa, Afghanistan & Pakistan",1974,32796463.0,32816110.416603383
"Iran, Islamic Rep.",IRN,"Middle East, North Africa, Afghanistan & Pakistan",1975,33802973.0,33796065.130665764
"Iran, Islamic Rep.",IRN,"Middle East, North Africa, Afghanistan & Pakistan",1976,34837271.0,34828637.19187801
"Iran, Islamic Rep.",IRN,"Middle East, North Africa, Afghanistan & Pakistan",1977,35933181.0,35893013.67842758
"Iran, Islamic Rep.",IRN,"Middle East, North Africa, Afghanistan & Pakistan",1978,37126535.0,37063090.80771058
"Iran, Islamic Rep.",IRN,"Middle East, North Africa, Afghanistan & Pakistan",1979,38424952.0,38359280.22700036
"Iran, Islamic Rep.",IRN,"Middle East, North Africa, Afghanistan & Pakistan",1980,39842324.0,39768778.21017115
"Iran, Islamic Rep.",IRN,"Middle East, North Africa, Afghanistan & Pakistan",1981,41989312.0,41311978.25907937
"Iran, Islamic Rep.",IRN,"Middle East, North Africa, Afghanistan & Pakistan",1982,44272141.0,44251994.96395172
"Iran, Islamic Rep.",IRN,"Middle East, North Africa, Afghanistan & Pakistan",1983,46029535.0,46679080.36118758
"Iran, Islamic Rep.",IRN,"Middle East, North Africa, Afghanistan & Pakistan",1984,47793998.0,47796182.24601293
"Iran, Islamic Rep.",IRN,"Middle East, North Africa, Afghanistan & Pakistan",1985,49582289.0,49669127.02043521
"Iran, Islamic Rep.",IRN,"Middle East, North Africa, Afghanistan & Pakistan",1986,51446045.0,51674402.09402073
"Iran, Islamic Rep.",IRN,"Middle East, North Africa, Afghanistan & Pakistan",1987,53323493.0,53920379.91158507
"Iran, Islamic Rep.",IRN,"Middle East, North Africa, Afghanistan & Pakistan",1988,55072694.0,55512278.604651764
"Iran, Islamic Rep.",IRN,"Middle East, North Africa, Afghanistan & Pakistan",1989,56704914.0,57319915.06683066
"Iran, Islamic Rep.",IRN,"Middle East, North Africa, Afghanistan & Pakistan",1990,58380092.0,58972747.55808887
"Iran, Islamic Rep.",IRN,"Middle East, North Africa, Afghanistan & Pakistan",1991,59986931.0,61221721.351388454
"Iran, Islamic Rep.",IRN,"Middle East, North Africa, Afghanistan & Pakistan",1992,61184983.0,62046187.19667412
"Iran, Islamic Rep.",IRN,"Middle East, North Africa, Afghanistan & Pakistan",1993,61403543.0,62406962.37377626
"Iran, Islamic Rep.",IRN,"Middle East, North Africa, Afghanistan & Pakistan",1994,61520598.0,61622883.76006387
"Iran, Islamic Rep.",IRN,"Middle East, North Africa, Afghanistan & Pakistan",1995,62205567.0,61637876.13435444
"Iran, Islamic Rep.",IRN,"Middle East, North Africa, Afghanistan & Pakistan",1996,62881300.0,63532124.0034576
"Iran, Islamic Rep.",IRN,"Middle East, North Africa, Afghanistan & Pakistan",1997,63639638.0,64043843.51150167
"Iran, Islamic Rep.",IRN,"Middle East, North Africa, Afghanistan & Pakistan",1998,64519859.0,64670244.027714536
"Iran, Islamic Rep.",IRN,"Middle East, North Africa, Afghanistan & Pakistan",1999,65445391.0,65536145.86512594
"Iran, Islamic Rep.",IRN,"Middle East, North Africa, Afghanistan & Pakistan",2000,66418659.0,65961700.27156617
"Iran, Islamic Rep.",IRN,"Middle East, North Africa, Afghanistan & Pakistan",2001,67452005.0,67173050.45759577
"Iran, Islamic Rep.",IRN,"Middle East, North Africa, Afghanistan & Pakistan",2002,68011317.0,68186817.26393121
"Iran, Islamic Rep.",IRN,"Middle East, North Africa, Afghanistan & Pakistan",2003,68769340.0,68802178.38047658
"Iran, Islamic Rep.",IRN,"Middle East, North Africa, Afghanistan & Pakistan",2004,70256316.0,69804966.83610433
"Iran, Islamic Rep.",IRN,"Middle East, North Africa, Afghanistan & Pakistan",2005,71828455.0,70933145.36922538
"Iran, Islamic Rep.",IRN,"Middle East, North Africa, Afghanistan & Pakistan",2006,73392747.0,72290284.80228606
"Iran, Islamic Rep.",IRN,"Middle East, North Africa, Afghanistan & Pakistan",2007,74602648.0,74991106.41327883
"Iran, Islamic Rep.",IRN,"Middle East, North Africa, Afghanistan & Pakistan",2008,75514204.0,75816006.19582419
"Iran, Islamic Rep.",IRN,"Middle East, North Africa, Afghanistan & Pakistan",2009,76457825.0,76724626.45599228
"Iran, Islamic Rep.",IRN,"Middle East, North Africa, Afghanistan & Pakistan",2010,77420842.0,77663036.07327555
"Iran, Islamic Rep.",IRN,"Middle East, North Africa, Afghanistan & Pakistan",2011,78383598.0,78615258.44032851
"Iran, Islamic Rep.",IRN,"Middle East, North Africa, Afghanistan & Pakistan",2012,79370580.0,79358326.21760993
"Iran, Islamic Rep.",IRN,"Middle East, North Africa, Afghanistan & Pakistan",2013,80414686.0,80645075.02395
"Iran, Islamic Rep.",IRN,"Middle East, North Africa, Afghanistan & Pakistan",2014,81502045.0,81912155.68980268
"Iran, Islamic Rep.",IRN,"Middle East, North Africa, Afghanistan & Pakistan",2015,82619362.0,82707268.26744664
"Iran, Islamic Rep.",IRN,"Middle East, North Africa, Afghanistan & Pakistan",2016,83812228.0,83630435.94295824
"Iran, Islamic Rep.",IRN,"Middle East, North Africa, Afghanistan & Pakistan",2017,85026754.0,84995338.42820153
"Iran, Islamic Rep.",IRN,"Middle East, North Africa, Afghanistan & Pakistan",2018,86117998.0,86253964.2268336
"Iran, Islamic Rep.",IRN,"Middle East, North Africa, Afghanistan & Pakistan",2019,87051648.0,87264285.81144907
"Iran, Islamic Rep.",IRN,"Middle East, North Africa, Afghanistan & Pakistan",2020,87723443.0,88347646.00103526
"Iran, Islamic Rep.",IRN,"Middle East, North Africa, Afghanistan & Pakistan",2021,88455488.0,88400422.3861835
"Iran, Islamic Rep.",IRN,"Middle East, North Africa, Afghanistan & Pakistan",2022,89524246.0,89193641.84941262
"Iran, Islamic Rep.",IRN,"Middle East, North Africa, Afghanistan & Pakistan",2023,90608707.0,90597982.45365746
"Iran, Islamic Rep.",IRN,"Middle East, North Africa, Afghanistan & Pakistan",2024,91567738.0,91681449.3339414
Iraq,IRQ,"Middle East, North Africa, Afghanistan & Pakistan",1970,9735611.0,9689865.694329165
Iraq,IRQ,"Middle East, North Africa, Afghanistan & Pakistan",1971,10077809.0,10054918.22940174
Iraq,IRQ,"Middle East, North Africa, Afghanistan & Pakistan",1972,10430164.0,10427461.411602119
Iraq,IRQ,"Middle East, North Africa, Afghanistan & Pakistan",1973,10795869.0,10792865.02371883
Iraq,IRQ,"Middle East, North Africa, Afghanistan & Pakistan",1974,11167761.0,11172415.900314663
Iraq,IRQ,"Middle East, North Africa, Afghanistan & Pakistan",1975,11543639.0,11560807.382373637
Iraq,IRQ,"Middle East, North Africa, Afghanistan & Pakistan",1976,11927651.0,11932270.862501748
Iraq,IRQ,"Middle East, North Africa, Afghanistan & Pakistan",1977,12331046.0,12324461.341664635
Iraq,IRQ,"Middle East, North Africa, Afghanistan & Pakistan",1978,12753355.0,12746722.430327978
Iraq,IRQ,"Middle East, North Africa, Afghanistan & Pakistan",1979,13170365.0,13192566.987175645
Iraq,IRQ,"Middle East, North Africa, Afghanistan & Pakistan",1980,13591992.0,13620171.45452836
Iraq,IRQ,"Middle East, North Africa, Afghanistan & Pakistan",1981,14006381.0,14051485.283379106
Iraq,IRQ,"Middle East, North Africa, Afghanistan & Pakistan",1982,14406083.0,14472985.694077302
Iraq,IRQ,"Middle East, North Africa, Afghanistan & Pakistan",1983,14840555.0,14817191.351277053
Iraq,IRQ,"Middle East, North Africa, Afghanistan & Pakistan",1984,15310733.0,15288130.207655773
Iraq,IRQ,"Middle East, North Africa, Afghanistan & Pakistan",1985,15683430.0,15798806.462313307
Iraq,IRQ,"Middle East, North Africa, Afghanistan & Pakistan",1986,16074145.0,16168330.13906169
Iraq,IRQ,"Middle East, North Africa, Afghanistan & Pakistan",1987,16521049.0,16554661.761164065
Iraq,IRQ,"Middle East, North Africa, Afghanistan & Pakistan",1988,16908819.0,17003107.5875475
Iraq,IRQ,"Middle East, North Africa, Afghanistan & Pakistan",1989,17364542.0,17385185.707499113
Iraq,IRQ,"Middle East, North Africa, Afghanistan & Pakistan",1990,17581206.0,17843886.419365916
Iraq,IRQ,"Middle East, North Africa, Afghanistan & Pakistan",1991,17767253.0,18239590.372998137
Iraq,IRQ,"Middle East, North Africa, Afghanistan & Pakistan",1992,18300845.0,18186103.40910764
Iraq,IRQ,"Middle East, North Africa, Afghanistan & Pakistan",1993,19201195.0,18812379.652575936
Iraq,IRQ,"Middle East, North Africa, Afghanistan & Pakistan",1994,20139807.0,19353535.66042099
Iraq,IRQ,"Middle East, North Africa, Afghanistan & Pakistan",1995,20825860.0,21124301.17573939
Iraq,IRQ,"Middle East, North Africa, Afghanistan & Pakistan",1996,21501321.0,21535283.0845666
Iraq,IRQ,"Middle East, North Africa, Afghanistan & Pakistan",1997,22176593.0,22140086.327616785
Iraq,IRQ,"Middle East, North Africa, Afghanistan & Pakistan",1998,22884399.0,22855022.451573662
Iraq,IRQ,"Middle East, North Africa, Afghanistan & Pakistan",1999,23636527.0,23641221.577391498
Iraq,IRQ,"Middle East, North Africa, Afghanistan & Pakistan",2000,24424056.0,24601983.812611345
Iraq,IRQ,"Middle East, North Africa, Afghanistan & Pakistan",2001,25197840.0,25303061.040353622
Iraq,IRQ,"Middle East, North Africa, Afghanistan & Pakistan",2002,26006559.0,26247944.035730224
Iraq,IRQ,"Middle East, North Africa, Afghanistan & Pakistan",2003,26802659.0,26946318.908648472
Iraq,IRQ,"Middle East, North Africa, Afghanistan & Pakistan",2004,27577878.0,27704514.901054353
Iraq,IRQ,"Middle East, North Africa, Afghanistan & Pakistan",2005,28407448.0,28381616.167625915
Iraq,IRQ,"Middle East, North Africa, Afghanistan & Pakistan",2006,28616515.0,29258719.418174192
Iraq,IRQ,"Middle East, North Africa, Afghanistan & Pakistan",2007,28391607.0,29990944.33095131
Iraq,IRQ,"Middle East, North Africa, Afghanistan & Pakistan",2008,28971036.0,28168466.646728005
Iraq,IRQ,"Middle East, North Africa, Afghanistan & Pakistan",2009,30058206.0,29633574.742734037
Iraq,IRQ,"Middle East, North Africa, Afghanistan & Pakistan",2010,31045366.0,30759494.2986275
Iraq,IRQ,"Middle East, North Africa, Afghanistan & Pakistan",2011,32161424.0,31397637.92261656
Iraq,IRQ,"Middle East, North Africa, Afghanistan & Pakistan",2012,33654842.0,32929531.324802246
Iraq,IRQ,"Middle East, North Africa, Afghanistan & Pakistan",2013,35281989.0,35217606.956263535
Iraq,IRQ,"Middle East, North Africa, Afghanistan & Pakistan",2014,36550059.0,36987805.43617739
Iraq,IRQ,"Middle East, North Africa, Afghanistan & Pakistan",2015,37560535.0,37588052.79458818
Iraq,IRQ,"Middle East, North Africa, Afghanistan & Pakistan",2016,38469627.0,38622563.92865308
Iraq,IRQ,"Middle East, North Africa, Afghanistan & Pakistan",2017,39337353.0,40293244.82613233
Iraq,IRQ,"Middle East, North Africa, Afghanistan & Pakistan",2018,40265624.0,40224651.54342614
Iraq,IRQ,"Middle East, North Africa, Afghanistan & Pakistan",2019,41192171.0,41215800.05641697
Iraq,IRQ,"Middle East, North Africa, Afghanistan & Pakistan",2020,42116605.0,42507064.11164838
Iraq,IRQ,"Middle East, North Africa, Afghanistan & Pakistan",2021,43071211.0,43397674.849121094
Iraq,IRQ,"Middle East, North Africa, Afghanistan & Pakistan",2022,44070551.0,44580051.47858085
Iraq,IRQ,"Middle East, North Africa, Afghanistan & Pakistan",2023,45074049.0,45286290.238400586
Iraq,IRQ,"Middle East, North Africa, Afghanistan & Pakistan",2024,46042015.0,46172310.39168461
Iceland,ISL,Europe & Central Asia,1970,204438.0,205267.56019014752
Iceland,ISL,Europe & Central Asia,1971,206098.0,205512.6191741869
Iceland,ISL,Europe & Central Asia,1972,209137.0,207771.47886418385
Iceland,ISL,Europe & Central Asia,1973,212317.0,211923.21140855347
Iceland,ISL,Europe & Central Asia,1974,215209.0,215081.18083242065
Iceland,ISL,Europe & Central Asia,1975,217979.0,217194.72883282404
Iceland,ISL,Europe & Central Asia,1976,220154.0,220621.6478825271
Iceland,ISL,Europe & Central Asia,1977,221799.0,222670.26276434754
Iceland,ISL,Europe & Central Asia,1978,223537.0,224178.32651063206
Iceland,ISL,Europe & Central Asia,1979,225735.0,227147.2663623052
Iceland,ISL,Europe & Central Asia,1980,228138.0,227954.61252842
Iceland,ISL,Europe & Central Asia,1981,230755.0,230728.13538634626
Iceland,ISL,Europe & Central Asia,1982,233860.0,233303.76648862302
Iceland,ISL,Europe & Central Asia,1983,236977.0,235600.31066965158
Iceland,ISL,Europe & Central Asia,1984,239511.0,240135.54490274502
Iceland,ISL,Europe & Central Asia,1985,241405.0,242030.96565151523
Iceland,ISL,Europe & Central Asia,1986,243180.0,244113.80262824858
Iceland,ISL,Europe & Central Asia,1987,245859.0,245679.44762935443
Iceland,ISL,Europe & Central Asia,1988,249740.0,248567.513244074
Iceland,ISL,Europe & Central Asia,1989,252852.0,252088.63486202262
Iceland,ISL,Europe & Central Asia,1990,254826.0,255758.21377422792
Iceland,ISL,Europe & Central Asia,1991,257797.0,257682.12379200364
Iceland,ISL,Europe & Central Asia,1992,261057.0,260397.9235523573
Iceland,ISL,Europe & Central Asia,1993,263725.0,263453.4236766311
Iceland,ISL,Europe & Central Asia,1994,266021.0,266619.8080090123
Iceland,ISL,Europe & Central Asia,1995,267468.0,269591.34528894606
Iceland,ISL,Europe & Central Asia,1996,268916.0,271858.9541362877
Iceland,ISL,Europe & Central Asia,1997,271128.0,273400.05737856764
Iceland,ISL,Europe & Central Asia,1998,274047.0,273615.70699406165
Iceland,ISL,Europe & Central Asia,1999,277381.0,276997.4263214286
Iceland,ISL,Europe & Central Asia,2000,281205.0,280007.232136597
Iceland,ISL,Europe & Central Asia,2001,284968.0,285081.71800150845
Iceland,ISL,Europe & Central Asia,2002,287523.0,288781.3553364413
Iceland,ISL,Europe & Central Asia,2003,289521.0,290296.4719057381
Iceland,ISL,Europe & Central Asia,2004,292074.0,292256.9513946718
Iceland,ISL,Europe & Central Asia,2005,296734.0,295903.5324860018
Iceland,ISL,Europe & Central Asia,2006,303782.0,299684.792561646
Iceland,ISL,Europe & Central Asia,2007,311566.0,310997.4034055889
Iceland,ISL,Europe & Central Asia,2008,317414.0,319549.4544085309
Iceland,ISL,Europe & Central Asia,2009,318499.0,323371.7653047579
Iceland,ISL,Europe & Central Asia,2010,318041.0,322936.7464118889
Iceland,ISL,Europe & Central Asia,2011,319014.0,317583.6585987775
Iceland,ISL,Europe & Central Asia,2012,320716.0,319989.97666401113
Iceland,ISL,Europe & Central Asia,2013,323764.0,322427.0804806905
Iceland,ISL,Europe & Central Asia,2014,327386.0,327490.8618664434
Iceland,ISL,Europe & Central Asia,2015,330815.0,330981.53587041475
Iceland,ISL,Europe & Central Asia,2016,335439.0,332442.1107303241
Iceland,ISL,Europe & Central Asia,2017,343400.0,338201.98600708565
Iceland,ISL,Europe & Central Asia,2018,352721.0,351549.93890277256
Iceland,ISL,Europe & Central Asia,2019,360563.0,356743.5479632183
Iceland,ISL,Europe & Central Asia,2020,366463.0,365625.518450732
Iceland,ISL,Europe & Central Asia,2021,372520.0,372152.7978398895
Iceland,ISL,Europe & Central Asia,2022,382003.0,378769.52899608086
Iceland,ISL,Europe & Central Asia,2023,385663.0,387576.03251711087
Iceland,ISL,Europe & Central Asia,2024,386506.0,395408.01999531465
Israel,ISR,"Middle East, North Africa, Afghanistan & Pakistan",1970,2974000.0,2979531.8457590006
Israel,ISR,"Middle East, North Africa, Afghanistan & Pakistan",1971,3069000.0,3101559.597512913
Israel,ISR,"Middle East, North Africa, Afghanistan & Pakistan",1972,3148000.0,3180141.7660761634
Israel,ISR,"Middle East, North Africa, Afghanistan & Pakistan",1973,3278000.0,3261952.298832638
Israel,ISR,"Middle East, North Africa, Afghanistan & Pakistan",1974,3377000.0,3362186.3190405085
Israel,ISR,"Middle East, North Africa, Afghanistan & Pakistan",1975,3455000.0,3469269.0978128165
Israel,ISR,"Middle East, North Africa, Afghanistan & Pakistan",1976,3533000.0,3571663.073663026
Israel,ISR,"Middle East, North Africa, Afghanistan & Pakistan",1977,3613000.0,3661675.619267937
Israel,ISR,"Middle East, North Africa, Afghanistan & Pakistan",1978,3690000.0,3716355.3009772273
Israel,ISR,"Middle East, North Africa, Afghanistan & Pakistan",1979,3786000.0,3793464.0740053677
Israel,ISR,"Middle East, North Africa, Afghanistan & Pakistan",1980,3878000.0,3888924.529402341
Israel,ISR,"Middle East, North Africa, Afghanistan & Pakistan",1981,3956000.0,3980135.3530861856
Israel,ISR,"Middle East, North Africa, Afghanistan & Pakistan",1982,4031000.0,4074115.9715792974
Israel,ISR,"Middle East, North Africa, Afghanistan & Pakistan",1983,4105000.0,4141455.0605095075
Israel,ISR,"Middle East, North Africa, Afghanistan & Pakistan",1984,4159000.0,4181284.3084701602
Israel,ISR,"Middle East, North Africa, Afghanistan & Pakistan",1985,4233000.0,4213710.354155622
Israel,ISR,"Middle East, North Africa, Afghanistan & Pakistan",1986,4299000.0,4318886.539860578
Israel,ISR,"Middle East, North Africa, Afghanistan & Pakistan",1987,4369000.0,4382846.633370934
Israel,ISR,"Middle East, North Africa, Afghanistan & Pakistan",1988,4442000.0,4451770.52194248
Israel,ISR,"Middle East, North Africa, Afghanistan & Pakistan",1989,4518000.0,4531085.468211943
Israel,ISR,"Middle East, North Africa, Afghanistan & Pakistan",1990,4660000.0,4596020.507075616
Israel,ISR,"Middle East, North Africa, Afghanistan & Pakistan",1991,4949000.0,4694680.507366087
Israel,ISR,"Middle East, North Africa, Afghanistan & Pakistan",1992,5123000.0,5255922.9556019725
Israel,ISR,"Middle East, North Africa, Afghanistan & Pakistan",1993,5261000.0,5250667.713817999
Israel,ISR,"Middle East, North Africa, Afghanistan & Pakistan",1994,5399000.0,5400207.624945021
Israel,ISR,"Middle East, North Africa, Afghanistan & Pakistan",1995,5545000.0,5546945.308159136
Israel,ISR,"Middle East, North Africa, Afghanistan & Pakistan",1996,5692000.0,5725110.332092745
Israel,ISR,"Middle East, North Africa, Afghanistan & Pakistan",1997,5836000.0,5920927.2687812345
Israel,ISR,"Middle East, North Africa, Afghanistan & Pakistan",1998,5971000.0,6015697.724517548
Israel,ISR,"Middle East, North Africa, Afghanistan & Pakistan",1999,6125000.0,6158897.188006894
Israel,ISR,"Middle East, North Africa, Afghanistan & Pakistan",2000,6289000.0,6357778.074930297
Israel,ISR,"Middle East, North Africa, Afghanistan & Pakistan",2001,6439000.0,6466745.093058632
Israel,ISR,"Middle East, North Africa, Afghanistan & Pakistan",2002,6570000.0,6613889.084274524
Israel,ISR,"Middle East, North Africa, Afghanistan & Pakistan",2003,6689700.0,6762487.8688832745
Israel,ISR,"Middle East, North Africa, Afghanistan & Pakistan",2004,6809000.0,6850945.32101772
Israel,ISR,"Middle East, North Africa, Afghanistan & Pakistan",2005,6930100.0,6930427.522810418
Israel,ISR,"Middle East, North Africa, Afghanistan & Pakistan",2006,7053700.0,7053353.797889583
Israel,ISR,"Middle East, North Africa, Afghanistan & Pakistan",2007,7180100.0,7179504.435701614
Israel,ISR,"Middle East, North Africa, Afghanistan & Pakistan",2008,7308800.0,7328726.571693263
Israel,ISR,"Middle East, North Africa, Afghanistan & Pakistan",2009,7485600.0,7474614.805455531
Israel,ISR,"Middle East, North Africa, Afghanistan & Pakistan",2010,7623600.0,7606700.695545129
Israel,ISR,"Middle East, North Africa, Afghanistan & Pakistan",2011,7765800.0,7748735.687239787
Israel,ISR,"Middle East, North Africa, Afghanistan & Pakistan",2012,7910500.0,7900064.140472641
Israel,ISR,"Middle East, North Africa, Afghanistan & Pakistan",2013,8059500.0,8056487.106844321
Israel,ISR,"Middle East, North Africa, Afghanistan & Pakistan",2014,8215700.0,8215161.961821226
Israel,ISR,"Middle East, North Africa, Afghanistan & Pakistan",2015,8380100.0,8376758.080099769
Israel,ISR,"Middle East, North Africa, Afghanistan & Pakistan",2016,8546000.0,8542445.11343725
Israel,ISR,"Middle East, North Africa, Afghanistan & Pakistan",2017,8713300.0,8710446.028744783
Israel,ISR,"Middle East, North Africa, Afghanistan & Pakistan",2018,8882800.0,8879058.636022048
Israel,ISR,"Middle East, North Africa, Afghanistan & Pakistan",2019,9054000.0,9053314.205019657
Israel,ISR,"Middle East, North Africa, Afghanistan & Pakistan",2020,9215100.0,9228656.883945722
Israel,ISR,"Middle East, North Africa, Afghanistan & Pakistan",2021,9371400.0,9403655.567384833
Israel,ISR,"Middle East, North Africa, Afghanistan & Pakistan",2022,9557500.0,9530351.050049316
Israel,ISR,"Middle East, North Africa, Afghanistan & Pakistan",2023,9849000.0,9740220.154147401
Israel,ISR,"Middle East, North Africa, Afghanistan & Pakistan",2024,9974400.0,9973784.815607505
Italy,ITA,Europe & Central Asia,1970,53821850.0,53841865.48038395
Italy,ITA,Europe & Central Asia,1971,54073490.0,54107255.45976808
Italy,ITA,Europe & Central Asia,1972,54381345.0,54326306.52505419
Italy,ITA,Europe & Central Asia,1973,54751406.0,54740858.078337826
Italy,ITA,Europe & Central Asia,1974,55110868.0,55104190.584901564
Italy,ITA,Europe & Central Asia,1975,55441001.0,55426952.86266319
Italy,ITA,Europe & Central Asia,1976,55718260.0,55735330.60159776
Italy,ITA,Europe & Central Asia,1977,55955411.0,56040690.892075
Italy,ITA,Europe & Central Asia,1978,56155143.0,56193571.37564519
Italy,ITA,Europe & Central Asia,1979,56317749.0,56355587.94147785
Italy,ITA,Europe & Central Asia,1980,56433883.0,56480825.852227405
Italy,ITA,Europe & Central Asia,1981,56501675.0,56557734.84690914
Italy,ITA,Europe & Central Asia,1982,56543548.0,56743170.48635312
Italy,ITA,Europe & Central Asia,1983,56564074.0,56747041.67867745
Italy,ITA,Europe & Central Asia,1984,56576718.0,56728570.18130649
Italy,ITA,Europe & Central Asia,1985,56593071.0,56704874.48898449
Italy,ITA,Europe & Central Asia,1986,56596155.0,56690987.01856214
Italy,ITA,Europe & Central Asia,1987,56601931.0,56668156.154115655
Italy,ITA,Europe & Central Asia,1988,56629288.0,56654741.827655844
Italy,ITA,Europe & Central Asia,1989,56671781.0,56689848.54521551
Italy,ITA,Europe & Central Asia,1990,56719240.0,56685948.01032456
Italy,ITA,Europe & Central Asia,1991,56758521.0,56764706.93904382
Italy,ITA,Europe & Central Asia,1992,56797087.0,56797977.626921415
Italy,ITA,Europe & Central Asia,1993,56831821.0,56822973.01443456
Italy,ITA,Europe & Central Asia,1994,56843400.0,56860207.6489434
Italy,ITA,Europe & Central Asia,1995,56844303.0,56881524.25066036
Italy,ITA,Europe & Central Asia,1996,56860281.0,56872103.09134504
Italy,ITA,Europe & Central Asia,1997,56890372.0,56875983.3346958
Italy,ITA,Europe & Central Asia,1998,56906744.0,56919442.28869716
Italy,ITA,Europe & Central Asia,1999,56916317.0,56932953.06086979
Italy,ITA,Europe & Central Asia,2000,56942108.0,56949039.41688715
Italy,ITA,Europe & Central Asia,2001,56976981.0,56959779.604999475
Italy,ITA,Europe & Central Asia,2002,57089824.0,56980097.77013014
Italy,ITA,Europe & Central Asia,2003,57399184.0,57041275.570072435
Italy,ITA,Europe & Central Asia,2004,57828179.0,57710220.36130981
Italy,ITA,Europe & Central Asia,2005,58166682.0,58260380.25769648
Italy,ITA,Europe & Central Asia,2006,58399861.0,58507166.46698367
Italy,ITA,Europe & Central Asia,2007,58756247.0,58570072.53808362
Italy,ITA,Europe & Central Asia,2008,59211181.0,58965304.969578825
Italy,ITA,Europe & Central Asia,2009,59555454.0,59471908.687474035
Italy,ITA,Europe & Central Asia,2010,59819407.0,59742504.75493591
Italy,ITA,Europe & Central Asia,2011,60026841.0,60171296.19147809
Italy,ITA,Europe & Central Asia,2012,60191247.0,60497591.327180676
Italy,ITA,Europe & Central Asia,2013,60311613.0,60509776.42676265
Italy,ITA,Europe & Central Asia,2014,60320707.0,60432642.80817053
Italy,ITA,Europe & Central Asia,2015,60229605.0,60329802.375544
Italy,ITA,Europe & Central Asia,2016,60115223.0,60436365.57469992
Italy,ITA,Europe & Central Asia,2017,60002252.0,60267870.192847244
Italy,ITA,Europe & Central Asia,2018,60148658.0,60090717.5849851
Italy,ITA,Europe & Central Asia,2019,59729081.0,60214376.986416124
Italy,ITA,Europe & Central Asia,2020,59438851.0,60035970.05056353
Italy,ITA,Europe & Central Asia,2021,59133173.0,59703530.34177589
Italy,ITA,Europe & Central Asia,2022,59013667.0,59330576.24324149
Italy,ITA,Europe & Central Asia,2023,58984216.0,59014319.815453626
Italy,ITA,Europe & Central Asia,2024,58952704.0,58796623.18625126
Jamaica,JAM,Latin America & Caribbean ,1970,1878196.0,1876737.8514094427
Jamaica,JAM,Latin America & Caribbean ,1971,1903728.0,1902466.4515764285
Jamaica,JAM,Latin America & Caribbean ,1972,1931542.0,1928199.6315059522
Jamaica,JAM,Latin America & Caribbean ,1973,1961219.0,1952694.3673182717
Jamaica,JAM,Latin America & Caribbean ,1974,1990906.0,1991351.9695096943
Jamaica,JAM,Latin America & Caribbean ,1975,2018981.0,2021051.5232878567
Jamaica,JAM,Latin America & Caribbean ,1976,2045578.0,2045979.383722708
Jamaica,JAM,Latin America & Caribbean ,1977,2070657.0,2073218.5960721783
Jamaica,JAM,Latin America & Caribbean ,1978,2094836.0,2101786.442276071
Jamaica,JAM,Latin America & Caribbean ,1979,2119486.0,2119297.337487599
Jamaica,JAM,Latin America & Caribbean ,1980,2145658.0,2144426.0572854276
Jamaica,JAM,Latin America & Caribbean ,1981,2173818.0,2174369.536302632
Jamaica,JAM,Latin America & Caribbean ,1982,2203889.0,2202550.5976751707
Jamaica,JAM,Latin America & Caribbean ,1983,2234832.0,2231098.416886382
Jamaica,JAM,Latin America & Caribbean ,1984,2264562.0,2263700.9792769817
Jamaica,JAM,Latin America & Caribbean ,1985,2290656.0,2294714.7732470627
Jamaica,JAM,Latin America & Caribbean ,1986,2312125.0,2319653.2980108517
Jamaica,JAM,Latin America & Caribbean ,1987,2329813.0,2333795.216738567
Jamaica,JAM,Latin America & Caribbean ,1988,2345777.0,2347636.315169499
Jamaica,JAM,Latin America & Caribbean ,1989,2361916.0,2361850.386182858
Jamaica,JAM,Latin America & Caribbean ,1990,2379877.0,2378166.0366621427
Jamaica,JAM,Latin America & Caribbean ,1991,2400869.0,2403940.87400985
Jamaica,JAM,Latin America & Caribbean ,1992,2424701.0,2423813.987469392
Jamaica,JAM,Latin America & Caribbean ,1993,2449916.0,2445687.4260295928
Jamaica,JAM,Latin America & Caribbean ,1994,2475220.0,2465024.224525977
Jamaica,JAM,Latin America & Caribbean ,1995,2500151.0,2500789.4383489634
Jamaica,JAM,Latin America & Caribbean ,1996,2524463.0,2521974.3102924614
Jamaica,JAM,Latin America & Caribbean ,1997,2547848.0,2547063.310340908
Jamaica,JAM,Latin America & Caribbean ,1998,2569736.0,2570244.6133085876
Jamaica,JAM,Latin America & Caribbean ,1999,2589795.0,2596522.5034371093
Jamaica,JAM,Latin America & Caribbean ,2000,2607826.0,2610032.474518249
Jamaica,JAM,Latin America & Caribbean ,2001,2624403.0,2626175.1516208183
Jamaica,JAM,Latin America & Caribbean ,2002,2640572.0,2642275.2389339535
Jamaica,JAM,Latin America & Caribbean ,2003,2656623.0,2662651.5009207916
Jamaica,JAM,Latin America & Caribbean ,2004,2672225.0,2677605.195171959
Jamaica,JAM,Latin America & Caribbean ,2005,2687066.0,2692059.7079175394
Jamaica,JAM,Latin America & Caribbean ,2006,2700968.0,2705784.4568686723
Jamaica,JAM,Latin America & Caribbean ,2007,2713800.0,2718637.038675617
Jamaica,JAM,Latin America & Caribbean ,2008,2725635.0,2730315.0760353706
Jamaica,JAM,Latin America & Caribbean ,2009,2736995.0,2741179.845767421
Jamaica,JAM,Latin America & Caribbean ,2010,2748568.0,2751753.485822713
Jamaica,JAM,Latin America & Caribbean ,2011,2760494.0,2762734.3335808516
Jamaica,JAM,Latin America & Caribbean ,2012,2772430.0,2774158.05491157
Jamaica,JAM,Latin America & Caribbean ,2013,2783687.0,2785610.004205981
Jamaica,JAM,Latin America & Caribbean ,2014,2793749.0,2797955.7212595423
Jamaica,JAM,Latin America & Caribbean ,2015,2802534.0,2807874.048962431
Jamaica,JAM,Latin America & Caribbean ,2016,2809915.0,2814066.3511085943
Jamaica,JAM,Latin America & Caribbean ,2017,2815764.0,2817567.222405205
Jamaica,JAM,Latin America & Caribbean ,2018,2820097.0,2821806.58276215
Jamaica,JAM,Latin America & Caribbean ,2019,2823271.0,2825034.8593137227
Jamaica,JAM,Latin America & Caribbean ,2020,2830739.0,2831722.090586645
Jamaica,JAM,Latin America & Caribbean ,2021,2837682.0,2838655.085867378
Jamaica,JAM,Latin America & Caribbean ,2022,2839144.0,2845026.1662874757
Jamaica,JAM,Latin America & Caribbean ,2023,2839786.0,2848890.346296302
Jamaica,JAM,Latin America & Caribbean ,2024,2839175.0,2849974.9368319563
Jordan,JOR,"Middle East, North Africa, Afghanistan & Pakistan",1970,1565163.0,1565202.0156312338
Jordan,JOR,"Middle East, North Africa, Afghanistan & Pakistan",1971,1645145.0,1664910.1345083518
Jordan,JOR,"Middle East, North Africa, Afghanistan & Pakistan",1972,1714555.0,1768235.0970345617
Jordan,JOR,"Middle East, North Africa, Afghanistan & Pakistan",1973,1778094.0,1786893.4645101072
Jordan,JOR,"Middle East, North Africa, Afghanistan & Pakistan",1974,1839182.0,1843987.6662647869
Jordan,JOR,"Middle East, North Africa, Afghanistan & Pakistan",1975,1899055.0,1902368.7326259257
Jordan,JOR,"Middle East, North Africa, Afghanistan & Pakistan",1976,1958177.0,2002471.6764657737
Jordan,JOR,"Middle East, North Africa, Afghanistan & Pakistan",1977,2019002.0,2054476.890921685
Jordan,JOR,"Middle East, North Africa, Afghanistan & Pakistan",1978,2083595.0,2107478.152798707
Jordan,JOR,"Middle East, North Africa, Afghanistan & Pakistan",1979,2153882.0,2191397.4903980093
Jordan,JOR,"Middle East, North Africa, Afghanistan & Pakistan",1980,2234186.0,2242521.6507055634
Jordan,JOR,"Middle East, North Africa, Afghanistan & Pakistan",1981,2325517.0,2307377.7191493954
Jordan,JOR,"Middle East, North Africa, Afghanistan & Pakistan",1982,2426927.0,2420581.5078640343
Jordan,JOR,"Middle East, North Africa, Afghanistan & Pakistan",1983,2537307.0,2532759.2371689193
Jordan,JOR,"Middle East, North Africa, Afghanistan & Pakistan",1984,2654688.0,2652707.2351100217
Jordan,JOR,"Middle East, North Africa, Afghanistan & Pakistan",1985,2778810.0,2755354.4781048233
Jordan,JOR,"Middle East, North Africa, Afghanistan & Pakistan",1986,2909887.0,2889006.4385593375
Jordan,JOR,"Middle East, North Africa, Afghanistan & Pakistan",1987,3047634.0,3030496.815822039
Jordan,JOR,"Middle East, North Africa, Afghanistan & Pakistan",1988,3193039.0,3179165.196548572
Jordan,JOR,"Middle East, North Africa, Afghanistan & Pakistan",1989,3349627.0,3321584.917429769
Jordan,JOR,"Middle East, North Africa, Afghanistan & Pakistan",1990,3621908.0,3491287.117401484
Jordan,JOR,"Middle East, North Africa, Afghanistan & Pakistan",1991,3915149.0,3712407.7593272673
Jordan,JOR,"Middle East, North Africa, Afghanistan & Pakistan",1992,4127693.0,4232131.7105022175
Jordan,JOR,"Middle East, North Africa, Afghanistan & Pakistan",1993,4348020.0,4357014.385609565
Jordan,JOR,"Middle East, North Africa, Afghanistan & Pakistan",1994,4561406.0,4593039.694771537
Jordan,JOR,"Middle East, North Africa, Afghanistan & Pakistan",1995,4752096.0,4850392.773263217
Jordan,JOR,"Middle East, North Africa, Afghanistan & Pakistan",1996,4912516.0,5118975.461599416
Jordan,JOR,"Middle East, North Africa, Afghanistan & Pakistan",1997,5046285.0,5078351.417168445
Jordan,JOR,"Middle East, North Africa, Afghanistan & Pakistan",1998,5164284.0,5183696.563124346
Jordan,JOR,"Middle East, North Africa, Afghanistan & Pakistan",1999,5276444.0,5418767.499021456
Jordan,JOR,"Middle East, North Africa, Afghanistan & Pakistan",2000,5386945.0,5501702.8856032165
Jordan,JOR,"Middle East, North Africa, Afghanistan & Pakistan",2001,5498894.0,5581383.8287805915
Jordan,JOR,"Middle East, North Africa, Afghanistan & Pakistan",2002,5616066.0,5676965.135094922
Jordan,JOR,"Middle East, North Africa, Afghanistan & Pakistan",2003,5741828.0,5778055.355358436
Jordan,JOR,"Middle East, North Africa, Afghanistan & Pakistan",2004,5882061.0,5926513.663262825
Jordan,JOR,"Middle East, North Africa, Afghanistan & Pakistan",2005,6029587.0,6025291.454504418
Jordan,JOR,"Middle East, North Africa, Afghanistan & Pakistan",2006,6427371.0,6149747.379988662
Jordan,JOR,"Middle East, North Africa, Afghanistan & Pakistan",2007,6827227.0,6394151.910926957
Jordan,JOR,"Middle East, North Africa, Afghanistan & Pakistan",2008,6989866.0,7260151.730803601
Jordan,JOR,"Middle East, North Africa, Afghanistan & Pakistan",2009,7141753.0,7211715.387441113
Jordan,JOR,"Middle East, North Africa, Afghanistan & Pakistan",2010,7297043.0,7369054.050967065
Jordan,JOR,"Middle East, North Africa, Afghanistan & Pakistan",2011,7480424.0,7639647.7092190785
Jordan,JOR,"Middle East, North Africa, Afghanistan & Pakistan",2012,7587127.0,7722516.8334191665
Jordan,JOR,"Middle East, North Africa, Afghanistan & Pakistan",2013,7991809.0,7826543.825374058
Jordan,JOR,"Middle East, North Africa, Afghanistan & Pakistan",2014,8791710.0,8268670.8675149325
Jordan,JOR,"Middle East, North Africa, Afghanistan & Pakistan",2015,9544729.0,8721261.662954321
Jordan,JOR,"Middle East, North Africa, Afghanistan & Pakistan",2016,10006367.0,10362244.864332747
Jordan,JOR,"Middle East, North Africa, Afghanistan & Pakistan",2017,10234226.0,10440575.38049104
Jordan,JOR,"Middle East, North Africa, Afghanistan & Pakistan",2018,10462306.0,10677103.374492522
Jordan,JOR,"Middle East, North Africa, Afghanistan & Pakistan",2019,10671891.0,10915725.68342944
Jordan,JOR,"Middle East, North Africa, Afghanistan & Pakistan",2020,10865228.0,10885674.489573432
Jordan,JOR,"Middle East, North Africa, Afghanistan & Pakistan",2021,11066356.0,11062067.584650474
Jordan,JOR,"Middle East, North Africa, Afghanistan & Pakistan",2022,11256263.0,11540351.926664885
Jordan,JOR,"Middle East, North Africa, Afghanistan & Pakistan",2023,11439213.0,12079581.862967867
Jordan,JOR,"Middle East, North Africa, Afghanistan & Pakistan",2024,11552876.0,11977686.709722668
Japan,JPN,East Asia & Pacific,1970,103403000.0,103079500.10157958
Japan,JPN,East Asia & Pacific,1971,105697000.0,104496897.57466483
Japan,JPN,East Asia & Pacific,1972,107188000.0,106007196.94299287
Japan,JPN,East Asia & Pacific,1973,108707000.0,108521526.61491388
Japan,JPN,East Asia & Pacific,1974,110162000.0,110104281.48670943
Japan,JPN,East Asia & Pacific,1975,111573000.0,111385997.49474709
Japan,JPN,East Asia & Pacific,1976,112775000.0,113161392.19120455
Japan,JPN,East Asia & Pacific,1977,113872000.0,114737668.97371426
Japan,JPN,East Asia & Pacific,1978,114913000.0,115400987.41449714
Japan,JPN,East Asia & Pacific,1979,115890000.0,116417376.75560765
Japan,JPN,East Asia & Pacific,1980,116807000.0,118097551.53445041
Japan,JPN,East Asia & Pacific,1981,117661000.0,118111204.24459931
Japan,JPN,East Asia & Pacific,1982,118480000.0,118886156.0190587
Japan,JPN,East Asia & Pacific,1983,119307000.0,119618948.99676785
Japan,JPN,East Asia & Pacific,1984,120083000.0,120368827.41846727
Japan,JPN,East Asia & Pacific,1985,120837000.0,121067833.81365241
Japan,JPN,East Asia & Pacific,1986,121482000.0,121768419.9212308
Japan,JPN,East Asia & Pacific,1987,122069000.0,122359454.956913
Japan,JPN,East Asia & Pacific,1988,122578000.0,122892274.70812076
Japan,JPN,East Asia & Pacific,1989,123069000.0,123345820.94601265
Japan,JPN,East Asia & Pacific,1990,123478000.0,123785167.92612292
Japan,JPN,East Asia & Pacific,1991,123964000.0,124141831.63764107
Japan,JPN,East Asia & Pacific,1992,124425000.0,124589403.02353166
Japan,JPN,East Asia & Pacific,1993,124829000.0,125007704.75560728
Japan,JPN,East Asia & Pacific,1994,125178000.0,125380370.0693294
Japan,JPN,East Asia & Pacific,1995,125472000.0,125841533.80914263
Japan,JPN,East Asia & Pacific,1996,125757000.0,125924131.99439244
Japan,JPN,East Asia & Pacific,1997,126057000.0,126174265.2657107
Japan,JPN,East Asia & Pacific,1998,126400000.0,126450050.4363121
Japan,JPN,East Asia & Pacific,1999,126631000.0,126775784.8685856
Japan,JPN,East Asia & Pacific,2000,126843000.0,126986874.31096663
Japan,JPN,East Asia & Pacific,2001,127149000.0,127303047.70639163
Japan,JPN,East Asia & Pacific,2002,127445000.0,127514542.14865504
Japan,JPN,East Asia & Pacific,2003,127718000.0,127755605.71713418
Japan,JPN,East Asia & Pacific,2004,127761000.0,128012688.53914474
Japan,JPN,East Asia & Pacific,2005,127773000.0,128187431.4694546
Japan,JPN,East Asia & Pacific,2006,127854000.0,127796987.7776969
Japan,JPN,East Asia & Pacific,2007,128001000.0,128055832.00454572
Japan,JPN,East Asia & Pacific,2008,128063000.0,128180285.3045193
Japan,JPN,East Asia & Pacific,2009,128047000.0,128223621.76411895
Japan,JPN,East Asia & Pacific,2010,128070000.0,128182222.20505947
Japan,JPN,East Asia & Pacific,2011,127833000.0,128290105.26558091
Japan,JPN,East Asia & Pacific,2012,127629000.0,128136878.11446285
Japan,JPN,East Asia & Pacific,2013,127445000.0,127412403.74614973
Japan,JPN,East Asia & Pacific,2014,127276000.0,127258154.52222092
Japan,JPN,East Asia & Pacific,2015,127141000.0,127220795.12135084
Japan,JPN,East Asia & Pacific,2016,127076000.0,127062211.41792668
Japan,JPN,East Asia & Pacific,2017,126972000.0,126968672.15297875
Japan,JPN,East Asia & Pacific,2018,126811000.0,126786305.75728329
Japan,JPN,East Asia & Pacific,2019,126633000.0,126624423.16348138
Japan,JPN,East Asia & Pacific,2020,126261000.0,126474479.88700877
Japan,JPN,East Asia & Pacific,2021,125681593.0,126267304.25321971
Japan,JPN,East Asia & Pacific,2022,125124989.0,125104844.88342637
Japan,JPN,East Asia & Pacific,2023,124516650.0,124570850.0189893
Japan,JPN,East Asia & Pacific,2024,123975371.0,123933628.27985612
Kazakhstan,KAZ,Europe & Central Asia,1970,12419057.0,12504095.141509475
Kazakhstan,KAZ,Europe & Central Asia,1971,12684813.0,12758623.069385562
Kazakhstan,KAZ,Europe & Central Asia,1972,12951798.0,13015945.99944016
Kazakhstan,KAZ,Europe & Central Asia,1973,13208121.0,13274656.481217586
Kazakhstan,KAZ,Europe & Central Asia,1974,13454570.0,13522130.987896683
Kazakhstan,KAZ,Europe & Central Asia,1975,13700843.0,13760049.097130165
Kazakhstan,KAZ,Europe & Central Asia,1976,13998738.0,13998826.324994402
Kazakhstan,KAZ,Europe & Central Asia,1977,14353265.0,14295273.097965905
Kazakhstan,KAZ,Europe & Central Asia,1978,14711497.0,14614352.86496593
Kazakhstan,KAZ,Europe & Central Asia,1979,14978696.0,15078669.835453082
Kazakhstan,KAZ,Europe & Central Asia,1980,15152949.0,15294077.387275858
Kazakhstan,KAZ,Europe & Central Asia,1981,15323082.0,15548379.819003483
Kazakhstan,KAZ,Europe & Central Asia,1982,15492595.0,15495125.203709502
Kazakhstan,KAZ,Europe & Central Asia,1983,15665551.0,15663983.253130302
Kazakhstan,KAZ,Europe & Central Asia,1984,15844621.0,15840437.843492692
Kazakhstan,KAZ,Europe & Central Asia,1985,16031090.0,16102629.568580788
Kazakhstan,KAZ,Europe & Central Asia,1986,16262702.0,16274386.410851808
Kazakhstan,KAZ,Europe & Central Asia,1987,16527715.0,16494665.856548421
Kazakhstan,KAZ,Europe & Central Asia,1988,16781168.0,16673495.254905906
Kazakhstan,KAZ,Europe & Central Asia,1989,16997013.0,17039896.48625614
Kazakhstan,KAZ,Europe & Central Asia,1990,17154054.0,17215351.04407357
Kazakhstan,KAZ,Europe & Central Asia,1991,17278600.0,17370874.608845495
Kazakhstan,KAZ,Europe & Central Asia,1992,17332625.0,17404050.259504408
Kazakhstan,KAZ,Europe & Central Asia,1993,17274487.0,17386818.922659792
Kazakhstan,KAZ,Europe & Central Asia,1994,17043771.0,17216544.013462886
Kazakhstan,KAZ,Europe & Central Asia,1995,16730536.0,16816136.421496015
Kazakhstan,KAZ,Europe & Central Asia,1996,16416027.0,16423057.718217717
Kazakhstan,KAZ,Europe & Central Asia,1997,16043251.0,16403662.468459494
Kazakhstan,KAZ,Europe & Central Asia,1998,15647785.0,15963288.8899528
Kazakhstan,KAZ,Europe & Central Asia,1999,15455874.0,15504643.146318309
Kazakhstan,KAZ,Europe & Central Asia,2000,15501103.0,15277883.589476071
Kazakhstan,KAZ,Europe & Central Asia,2001,15575550.0,15153664.478729649
Kazakhstan,KAZ,Europe & Central Asia,2002,15656677.0,15650354.54815065
Kazakhstan,KAZ,Europe & Central Asia,2003,15747380.0,15738226.559237462
Kazakhstan,KAZ,Europe & Central Asia,2004,15850159.0,15838608.464583265
Kazakhstan,KAZ,Europe & Central Asia,2005,15968117.0,15755244.76594427
Kazakhstan,KAZ,Europe & Central Asia,2006,16103716.0,15919109.67914126
Kazakhstan,KAZ,Europe & Central Asia,2007,16257214.0,15940406.110099303
Kazakhstan,KAZ,Europe & Central Asia,2008,16426525.0,16220826.432838598
Kazakhstan,KAZ,Europe & Central Asia,2009,16619846.0,16538050.710901614
Kazakhstan,KAZ,Europe & Central Asia,2010,16836810.0,16749063.810160235
Kazakhstan,KAZ,Europe & Central Asia,2011,17066002.0,16983125.382003102
Kazakhstan,KAZ,Europe & Central Asia,2012,17306106.0,17230235.03478689
Kazakhstan,KAZ,Europe & Central Asia,2013,17556502.0,17488583.29771968
Kazakhstan,KAZ,Europe & Central Asia,2014,17816285.0,17757076.90707482
Kazakhstan,KAZ,Europe & Central Asia,2015,18084169.0,18034202.60241288
Kazakhstan,KAZ,Europe & Central Asia,2016,18363600.0,18318731.32943348
Kazakhstan,KAZ,Europe & Central Asia,2017,18651931.0,18612637.688698366
Kazakhstan,KAZ,Europe & Central Asia,2018,18932727.0,18916351.462542996
Kazakhstan,KAZ,Europe & Central Asia,2019,19209555.0,19208778.65275878
Kazakhstan,KAZ,Europe & Central Asia,2020,19482117.0,19493051.82208152
Kazakhstan,KAZ,Europe & Central Asia,2021,19743603.0,19783083.072923683
Kazakhstan,KAZ,Europe & Central Asia,2022,20034609.0,20008783.15645853
Kazakhstan,KAZ,Europe & Central Asia,2023,20330104.0,20325156.90839018
Kazakhstan,KAZ,Europe & Central Asia,2024,20592571.0,20630452.55282975
Kenya,KEN,Sub-Saharan Africa ,1970,11368791.0,11370453.876589052
Kenya,KEN,Sub-Saharan Africa ,1971,11788904.0,11831679.188051708
Kenya,KEN,Sub-Saharan Africa ,1972,12206060.0,12224541.513098115
Kenya,KEN,Sub-Saharan Africa ,1973,12634835.0,12637977.264792426
Kenya,KEN,Sub-Saharan Africa ,1974,13070078.0,13078672.026468888
Kenya,KEN,Sub-Saharan Africa ,1975,13511671.0,13520314.189340109
Kenya,KEN,Sub-Saharan Africa ,1976,13957623.0,14015646.831089672
Kenya,KEN,Sub-Saharan Africa ,1977,14428819.0,14466621.750123568
Kenya,KEN,Sub-Saharan Africa ,1978,14934126.0,14944652.063186184
Kenya,KEN,Sub-Saharan Africa ,1979,15460666.0,15480566.421298333
Kenya,KEN,Sub-Saharan Africa ,1980,16018459.0,15992275.731213676
Kenya,KEN,Sub-Saharan Africa ,1981,16601507.0,16596376.166878406
Kenya,KEN,Sub-Saharan Africa ,1982,17206175.0,17205777.076964326
Kenya,KEN,Sub-Saharan Africa ,1983,17846374.0,17832860.980550583
Kenya,KEN,Sub-Saharan Africa ,1984,18514906.0,18474640.254918143
Kenya,KEN,Sub-Saharan Africa ,1985,19201768.0,19174291.692210287
Kenya,KEN,Sub-Saharan Africa ,1986,19901646.0,19894020.70153256
Kenya,KEN,Sub-Saharan Africa ,1987,20616096.0,20625605.850516908
Kenya,KEN,Sub-Saharan Africa ,1988,21356219.0,21375619.732519835
Kenya,KEN,Sub-Saharan Africa ,1989,22118434.0,22122854.421393637
Kenya,KEN,Sub-Saharan Africa ,1990,22892651.0,22907920.965312526
Kenya,KEN,Sub-Saharan Africa ,1991,23646514.0,23694180.399061684
Kenya,KEN,Sub-Saharan Africa ,1992,24382460.0,24425201.974065017
Kenya,KEN,Sub-Saharan Africa ,1993,25117188.0,25141310.709916353
Kenya,KEN,Sub-Saharan Africa ,1994,25857130.0,25874055.900755998
Kenya,KEN,Sub-Saharan Africa ,1995,26601751.0,26618870.386561465
Kenya,KEN,Sub-Saharan Africa ,1996,27344211.0,27473408.81367753
Kenya,KEN,Sub-Saharan Africa ,1997,28101768.0,28215904.208070446
Kenya,KEN,Sub-Saharan Africa ,1998,28888057.0,28972075.50509417
Kenya,KEN,Sub-Saharan Africa ,1999,29733408.0,29759512.991629194
Kenya,KEN,Sub-Saharan Africa ,2000,30642890.0,30609711.795107298
Kenya,KEN,Sub-Saharan Africa ,2001,31619170.0,31508839.762120605
Kenya,KEN,Sub-Saharan Africa ,2002,32629808.0,32626554.200760227
Kenya,KEN,Sub-Saharan Africa ,2003,33652223.0,33672748.84608576
Kenya,KEN,Sub-Saharan Africa ,2004,34713455.0,34709446.79301245
Kenya,KEN,Sub-Saharan Africa ,2005,35796484.0,35755337.870399214
Kenya,KEN,Sub-Saharan Africa ,2006,36904008.0,36883964.669443645
Kenya,KEN,Sub-Saharan Africa ,2007,38036349.0,38024661.47050686
Kenya,KEN,Sub-Saharan Africa ,2008,39206351.0,39240895.03023086
Kenya,KEN,Sub-Saharan Africa ,2009,40408891.0,40429883.53766842
Kenya,KEN,Sub-Saharan Africa ,2010,41598567.0,41670407.3971122
Kenya,KEN,Sub-Saharan Africa ,2011,42758461.0,42886252.22372109
Kenya,KEN,Sub-Saharan Africa ,2012,43888303.0,43950696.358837396
Kenya,KEN,Sub-Saharan Africa ,2013,44986791.0,45047999.74673208
Kenya,KEN,Sub-Saharan Africa ,2014,46051440.0,46112773.24980756
Kenya,KEN,Sub-Saharan Africa ,2015,47088526.0,47141284.786389835
Kenya,KEN,Sub-Saharan Africa ,2016,48139687.0,48148967.348680176
Kenya,KEN,Sub-Saharan Africa ,2017,49197766.0,49416309.48612306
Kenya,KEN,Sub-Saharan Africa ,2018,50207107.0,50454507.97343435
Kenya,KEN,Sub-Saharan Africa ,2019,51202827.0,51433073.5615891
Kenya,KEN,Sub-Saharan Africa ,2020,52217334.0,52399236.33298572
Kenya,KEN,Sub-Saharan Africa ,2021,53219166.0,53390438.58135633
Kenya,KEN,Sub-Saharan Africa ,2022,54252461.0,54371975.12064788
Kenya,KEN,Sub-Saharan Africa ,2023,55339003.0,55393186.49129793
Kenya,KEN,Sub-Saharan Africa ,2024,56432944.0,56480256.42701962
Kyrgyz Republic,KGZ,Europe & Central Asia,1970,2959900.0,2988663.342795131
Kyrgyz Republic,KGZ,Europe & Central Asia,1971,3022300.0,3026464.0083702914
Kyrgyz Republic,KGZ,Europe & Central Asia,1972,3088200.0,3086015.5038831965
Kyrgyz Republic,KGZ,Europe & Central Asia,1973,3153800.0,3173925.7560292105
Kyrgyz Republic,KGZ,Europe & Central Asia,1974,3223900.0,3236945.673982989
Kyrgyz Republic,KGZ,Europe & Central Asia,1975,3292400.0,3305661.294963458
Kyrgyz Republic,KGZ,Europe & Central Asia,1976,3358700.0,3372019.946099352
Kyrgyz Republic,KGZ,Europe & Central Asia,1977,3423900.0,3446748.97537049
Kyrgyz Republic,KGZ,Europe & Central Asia,1978,3487100.0,3508093.1999393515
Kyrgyz Republic,KGZ,Europe & Central Asia,1979,3552000.0,3551752.313192522
Kyrgyz Republic,KGZ,Europe & Central Asia,1980,3617400.0,3618095.7638725745
Kyrgyz Republic,KGZ,Europe & Central Asia,1981,3685800.0,3690400.0303458576
Kyrgyz Republic,KGZ,Europe & Central Asia,1982,3759300.0,3758962.8329637074
Kyrgyz Republic,KGZ,Europe & Central Asia,1983,3838300.0,3835289.612718742
Kyrgyz Republic,KGZ,Europe & Central Asia,1984,3916400.0,3907659.9830861115
Kyrgyz Republic,KGZ,Europe & Central Asia,1985,3990300.0,3996148.6425678786
Kyrgyz Republic,KGZ,Europe & Central Asia,1986,4066500.0,4067443.509183095
Kyrgyz Republic,KGZ,Europe & Central Asia,1987,4144600.0,4144970.2377543724
Kyrgyz Republic,KGZ,Europe & Central Asia,1988,4218400.0,4226901.626533259
Kyrgyz Republic,KGZ,Europe & Central Asia,1989,4307500.0,4299804.154736152
Kyrgyz Republic,KGZ,Europe & Central Asia,1990,4391236.0,4392193.067586939
Kyrgyz Republic,KGZ,Europe & Central Asia,1991,4463634.0,4477260.12306466
Kyrgyz Republic,KGZ,Europe & Central Asia,1992,4515400.0,4557645.393399059
Kyrgyz Republic,KGZ,Europe & Central Asia,1993,4516777.0,4626088.425766393
Kyrgyz Republic,KGZ,Europe & Central Asia,1994,4515069.0,4518154.421867601
Kyrgyz Republic,KGZ,Europe & Central Asia,1995,4560454.0,4513361.645255772
Kyrgyz Republic,KGZ,Europe & Central Asia,1996,4628438.0,4618915.287549842
Kyrgyz Republic,KGZ,Europe & Central Asia,1997,4696421.0,4685569.918260924
Kyrgyz Republic,KGZ,Europe & Central Asia,1998,4769015.0,4752772.548058764
Kyrgyz Republic,KGZ,Europe & Central Asia,1999,4840422.0,4782468.746749559
Kyrgyz Republic,KGZ,Europe & Central Asia,2000,4898362.0,4912898.185232817
Kyrgyz Republic,KGZ,Europe & Central Asia,2001,4945073.0,4949206.537720515
Kyrgyz Republic,KGZ,Europe & Central Asia,2002,4990704.0,4989263.388161773
Kyrgyz Republic,KGZ,Europe & Central Asia,2003,5043308.0,5066398.987509968
Kyrgyz Republic,KGZ,Europe & Central Asia,2004,5104713.0,5096466.466708919
Kyrgyz Republic,KGZ,Europe & Central Asia,2005,5162640.0,5169045.027008423
Kyrgyz Republic,KGZ,Europe & Central Asia,2006,5218373.0,5225679.8464432685
Kyrgyz Republic,KGZ,Europe & Central Asia,2007,5268385.0,5282862.85124161
Kyrgyz Republic,KGZ,Europe & Central Asia,2008,5318729.0,5330587.694112646
Kyrgyz Republic,KGZ,Europe & Central Asia,2009,5389643.0,5379992.216597018
Kyrgyz Republic,KGZ,Europe & Central Asia,2010,5467059.0,5440646.6057898225
Kyrgyz Republic,KGZ,Europe & Central Asia,2011,5546587.0,5511443.816378552
Kyrgyz Republic,KGZ,Europe & Central Asia,2012,5652076.0,5627169.628193812
Kyrgyz Republic,KGZ,Europe & Central Asia,2013,5777150.0,5759571.264920337
Kyrgyz Republic,KGZ,Europe & Central Asia,2014,5905848.0,5904991.74465109
Kyrgyz Republic,KGZ,Europe & Central Asia,2015,6040036.0,6037413.0151479235
Kyrgyz Republic,KGZ,Europe & Central Asia,2016,6175338.0,6138970.858347042
Kyrgyz Republic,KGZ,Europe & Central Asia,2017,6306696.0,6285293.104614317
Kyrgyz Republic,KGZ,Europe & Central Asia,2018,6444079.0,6427226.720841008
Kyrgyz Republic,KGZ,Europe & Central Asia,2019,6590211.0,6573294.653818582
Kyrgyz Republic,KGZ,Europe & Central Asia,2020,6726596.0,6719713.82812179
Kyrgyz Republic,KGZ,Europe & Central Asia,2021,6851224.0,6877513.38235499
Kyrgyz Republic,KGZ,Europe & Central Asia,2022,6975220.0,6978161.064122159
Kyrgyz Republic,KGZ,Europe & Central Asia,2023,7099750.0,7102042.1817269
Kyrgyz Republic,KGZ,Europe & Central Asia,2024,7221868.0,7229354.805878794
Cambodia,KHM,East Asia & Pacific,1970,6639182.0,6747281.356619592
Cambodia,KHM,East Asia & Pacific,1971,6620880.0,6848082.109065997
Cambodia,KHM,East Asia & Pacific,1972,6673886.0,6602628.453275243
Cambodia,KHM,East Asia & Pacific,1973,6739726.0,6727316.355882709
Cambodia,KHM,East Asia & Pacific,1974,6783240.0,6834191.790068049
Cambodia,KHM,East Asia & Pacific,1975,6581371.0,6867203.572550725
Cambodia,KHM,East Asia & Pacific,1976,6134991.0,6841632.015404314
Cambodia,KHM,East Asia & Pacific,1977,5668551.0,5718886.6296805935
Cambodia,KHM,East Asia & Pacific,1978,5211653.0,5237574.176251697
Cambodia,KHM,East Asia & Pacific,1979,5088808.0,4791582.01008601
Cambodia,KHM,East Asia & Pacific,1980,5199872.0,4940636.429646358
Cambodia,KHM,East Asia & Pacific,1981,5284495.0,5062144.718732671
Cambodia,KHM,East Asia & Pacific,1982,5436432.0,5149197.6931594005
Cambodia,KHM,East Asia & Pacific,1983,5636203.0,5592737.40860811
Cambodia,KHM,East Asia & Pacific,1984,5845117.0,5843314.9264060585
Cambodia,KHM,East Asia & Pacific,1985,6043783.0,5768573.271030653
Cambodia,KHM,East Asia & Pacific,1986,6285693.0,6033732.825165932
Cambodia,KHM,East Asia & Pacific,1987,6557970.0,6127628.98851754
Cambodia,KHM,East Asia & Pacific,1988,6812014.0,6581645.471845561
Cambodia,KHM,East Asia & Pacific,1989,7073473.0,7036372.3090467695
Cambodia,KHM,East Asia & Pacific,1990,7374752.0,7273693.996683485
Cambodia,KHM,East Asia & Pacific,1991,7686850.0,7615586.965913865
Cambodia,KHM,East Asia & Pacific,1992,8113083.0,7988344.999599463
Cambodia,KHM,East Asia & Pacific,1993,8616381.0,8342047.325890209
Cambodia,KHM,East Asia & Pacific,1994,9239162.0,9150901.270252643
Cambodia,KHM,East Asia & Pacific,1995,10018497.0,9906956.810931142
Cambodia,KHM,East Asia & Pacific,1996,10801270.0,10863569.889036518
Cambodia,KHM,East Asia & Pacific,1997,11570982.0,11645203.2338144
Cambodia,KHM,East Asia & Pacific,1998,12058173.0,12272591.891363721
Cambodia,KHM,East Asia & Pacific,1999,12265731.0,12794409.889357451
Cambodia,KHM,East Asia & Pacific,2000,12462336.0,12476861.715708815
Cambodia,KHM,East Asia & Pacific,2001,12658484.0,12662092.339138485
Cambodia,KHM,East Asia & Pacific,2002,12855241.0,12857719.225152984
Cambodia,KHM,East Asia & Pacific,2003,13050968.0,13439608.733912397
Cambodia,KHM,East Asia & Pacific,2004,13244731.0,13561588.311422406
Cambodia,KHM,East Asia & Pacific,2005,13439202.0,13662002.305897621
Cambodia,KHM,East Asia & Pacific,2006,13639028.0,13936355.734455971
Cambodia,KHM,East Asia & Pacific,2007,13841770.0,13942091.849900706
Cambodia,KHM,East Asia & Pacific,2008,14053479.0,14056629.00556677
Cambodia,KHM,East Asia & Pacific,2009,14276810.0,14267540.50580144
Cambodia,KHM,East Asia & Pacific,2010,14500726.0,14485430.761631386
Cambodia,KHM,East Asia & Pacific,2011,14722584.0,14728241.11293534
Cambodia,KHM,East Asia & Pacific,2012,14945085.0,14947907.59472239
Cambodia,KHM,East Asia & Pacific,2013,15170208.0,15171835.385737026
Cambodia,KHM,East Asia & Pacific,2014,15396772.0,15402652.98723352
Cambodia,KHM,East Asia & Pacific,2015,15623251.0,15638708.298135614
Cambodia,KHM,East Asia & Pacific,2016,15852803.0,15853104.420346566
Cambodia,KHM,East Asia & Pacific,2017,16073372.0,16085714.40252839
Cambodia,KHM,East Asia & Pacific,2018,16274522.0,16315102.492002198
Cambodia,KHM,East Asia & Pacific,2019,16481304.0,16489998.182117453
Cambodia,KHM,East Asia & Pacific,2020,16725474.0,16692757.070342014
Cambodia,KHM,East Asia & Pacific,2021,16974305.0,16964141.904827867
Cambodia,KHM,East Asia & Pacific,2022,17201724.0,17216070.589784738
Cambodia,KHM,East Asia & Pacific,2023,17423880.0,17443216.061022557
Cambodia,KHM,East Asia & Pacific,2024,17638801.0,17672814.738900375
Kiribati,KIR,East Asia & Pacific,1970,57510.0,57203.43602843202
Kiribati,KIR,East Asia & Pacific,1971,58652.0,58633.01038514152
Kiribati,KIR,East Asia & Pacific,1972,59778.0,59762.93643533549
Kiribati,KIR,East Asia & Pacific,1973,60824.0,60657.63502196673
Kiribati,KIR,East Asia & Pacific,1974,61219.0,61604.66007760587
Kiribati,KIR,East Asia & Pacific,1975,60987.0,62397.60536886909
Kiribati,KIR,East Asia & Pacific,1976,60661.0,60755.87922221775
Kiribati,KIR,East Asia & Pacific,1977,60267.0,60336.74259586391
Kiribati,KIR,East Asia & Pacific,1978,59864.0,59875.55907590054
Kiribati,KIR,East Asia & Pacific,1979,60172.0,60266.53835651042
Kiribati,KIR,East Asia & Pacific,1980,61148.0,60475.281791553774
Kiribati,KIR,East Asia & Pacific,1981,62121.0,60937.43822415287
Kiribati,KIR,East Asia & Pacific,1982,63134.0,62386.9386134516
Kiribati,KIR,East Asia & Pacific,1983,64169.0,64163.51887305078
Kiribati,KIR,East Asia & Pacific,1984,65228.0,64505.430934094824
Kiribati,KIR,East Asia & Pacific,1985,66496.0,65717.06345264678
Kiribati,KIR,East Asia & Pacific,1986,68059.0,67178.03570949729
Kiribati,KIR,East Asia & Pacific,1987,69733.0,68241.42956574235
Kiribati,KIR,East Asia & Pacific,1988,71427.0,70227.96916295339
Kiribati,KIR,East Asia & Pacific,1989,73147.0,73162.15176671879
Kiribati,KIR,East Asia & Pacific,1990,74855.0,74617.81822213337
Kiribati,KIR,East Asia & Pacific,1991,76367.0,76422.34177678886
Kiribati,KIR,East Asia & Pacific,1992,77641.0,77998.89393790167
Kiribati,KIR,East Asia & Pacific,1993,78841.0,79701.0909569838
Kiribati,KIR,East Asia & Pacific,1994,80021.0,80059.54690196816
Kiribati,KIR,East Asia & Pacific,1995,81234.0,81218.66086202161
Kiribati,KIR,East Asia & Pacific,1996,82623.0,82847.03640876478
Kiribati,KIR,East Asia & Pacific,1997,84147.0,84194.57740704161
Kiribati,KIR,East Asia & Pacific,1998,85657.0,85693.11697440995
Kiribati,KIR,East Asia & Pacific,1999,87126.0,87077.2879288221
Kiribati,KIR,East Asia & Pacific,2000,88613.0,88447.59048716804
Kiribati,KIR,East Asia & Pacific,2001,90335.0,90125.28836502944
Kiribati,KIR,East Asia & Pacific,2002,92264.0,91866.6806952996
Kiribati,KIR,East Asia & Pacific,2003,94175.0,93527.3747978569
Kiribati,KIR,East Asia & Pacific,2004,96085.0,95894.83148992846
Kiribati,KIR,East Asia & Pacific,2005,98035.0,97893.66017599788
Kiribati,KIR,East Asia & Pacific,2006,100017.0,99915.3203825263
Kiribati,KIR,East Asia & Pacific,2007,102068.0,101955.22564315128
Kiribati,KIR,East Asia & Pacific,2008,104222.0,103976.5343325902
Kiribati,KIR,East Asia & Pacific,2009,106467.0,106244.48240286604
Kiribati,KIR,East Asia & Pacific,2010,108704.0,108560.0116322019
Kiribati,KIR,East Asia & Pacific,2011,110647.0,110962.69489076242
Kiribati,KIR,East Asia & Pacific,2012,112284.0,113063.44318015914
Kiribati,KIR,East Asia & Pacific,2013,113838.0,113945.21909432353
Kiribati,KIR,East Asia & Pacific,2014,115326.0,115413.50721349678
Kiribati,KIR,East Asia & Pacific,2015,116815.0,116833.44995752205
Kiribati,KIR,East Asia & Pacific,2016,118478.0,118323.22481437096
Kiribati,KIR,East Asia & Pacific,2017,120275.0,120456.74863895746
Kiribati,KIR,East Asia & Pacific,2018,122084.0,122205.01842667589
Kiribati,KIR,East Asia & Pacific,2019,123921.0,123973.16943694056
Kiribati,KIR,East Asia & Pacific,2020,126099.0,125579.05827418505
Kiribati,KIR,East Asia & Pacific,2021,128377.0,128310.5029385823
Kiribati,KIR,East Asia & Pacific,2022,130469.0,130657.76011026818
Kiribati,KIR,East Asia & Pacific,2023,132530.0,132460.77837800243
Kiribati,KIR,East Asia & Pacific,2024,134518.0,134593.41393445045
St. Kitts and Nevis,KNA,Latin America & Caribbean ,1970,44606.0,44730.048005517056
St. Kitts and Nevis,KNA,Latin America & Caribbean ,1971,44206.0,43550.526767313364
St. Kitts and Nevis,KNA,Latin America & Caribbean ,1972,44033.0,42805.780272342905
St. Kitts and Nevis,KNA,Latin America & Caribbean ,1973,43880.0,43860.67703521006
St. Kitts and Nevis,KNA,Latin America & Caribbean ,1974,43738.0,43727.53162646273
St. Kitts and Nevis,KNA,Latin America & Caribbean ,1975,43606.0,43596.459525799466
St. Kitts and Nevis,KNA,Latin America & Caribbean ,1976,43482.0,42957.81227615634
St. Kitts and Nevis,KNA,Latin America & Caribbean ,1977,43358.0,42947.204842858875
St. Kitts and Nevis,KNA,Latin America & Caribbean ,1978,43217.0,42527.81662906747
St. Kitts and Nevis,KNA,Latin America & Caribbean ,1979,43033.0,42789.83742931571
St. Kitts and Nevis,KNA,Latin America & Caribbean ,1980,42850.0,42863.62785697644
St. Kitts and Nevis,KNA,Latin America & Caribbean ,1981,42698.0,42667.61319970096
St. Kitts and Nevis,KNA,Latin America & Caribbean ,1982,42532.0,42546.0833304357
St. Kitts and Nevis,KNA,Latin America & Caribbean ,1983,42334.0,42384.89749442181
St. Kitts and Nevis,KNA,Latin America & Caribbean ,1984,42113.0,42181.03875782614
St. Kitts and Nevis,KNA,Latin America & Caribbean ,1985,41874.0,41950.59349446934
St. Kitts and Nevis,KNA,Latin America & Caribbean ,1986,41618.0,41699.363406920114
St. Kitts and Nevis,KNA,Latin America & Caribbean ,1987,41348.0,41363.56507671443
St. Kitts and Nevis,KNA,Latin America & Caribbean ,1988,41062.0,41082.23402249501
St. Kitts and Nevis,KNA,Latin America & Caribbean ,1989,40758.0,40777.97823408925
St. Kitts and Nevis,KNA,Latin America & Caribbean ,1990,40432.0,40531.92718151985
St. Kitts and Nevis,KNA,Latin America & Caribbean ,1991,40358.0,40187.76597023956
St. Kitts and Nevis,KNA,Latin America & Caribbean ,1992,40715.0,40047.42281070807
St. Kitts and Nevis,KNA,Latin America & Caribbean ,1993,41242.0,41075.15794550576
St. Kitts and Nevis,KNA,Latin America & Caribbean ,1994,41776.0,41775.821293415866
St. Kitts and Nevis,KNA,Latin America & Caribbean ,1995,42326.0,42316.91421621378
St. Kitts and Nevis,KNA,Latin America & Caribbean ,1996,42877.0,42883.24099920806
St. Kitts and Nevis,KNA,Latin America & Caribbean ,1997,43428.0,43050.34145671197
St. Kitts and Nevis,KNA,Latin America & Caribbean ,1998,43998.0,43699.165137797376
St. Kitts and Nevis,KNA,Latin America & Caribbean ,1999,44601.0,44091.01379572722
St. Kitts and Nevis,KNA,Latin America & Caribbean ,2000,45248.0,44967.56910262551
St. Kitts and Nevis,KNA,Latin America & Caribbean ,2001,45761.0,45749.42117378248
St. Kitts and Nevis,KNA,Latin America & Caribbean ,2002,46020.0,46384.132755852224
St. Kitts and Nevis,KNA,Latin America & Caribbean ,2003,46176.0,46850.63277296008
St. Kitts and Nevis,KNA,Latin America & Caribbean ,2004,46315.0,46332.528814353056
St. Kitts and Nevis,KNA,Latin America & Caribbean ,2005,46437.0,46454.41842004607
St. Kitts and Nevis,KNA,Latin America & Caribbean ,2006,46569.0,46559.32136508681
St. Kitts and Nevis,KNA,Latin America & Caribbean ,2007,46706.0,46931.732299409014
St. Kitts and Nevis,KNA,Latin America & Caribbean ,2008,46835.0,47016.9945908097
St. Kitts and Nevis,KNA,Latin America & Caribbean ,2009,46916.0,47273.434724622275
St. Kitts and Nevis,KNA,Latin America & Caribbean ,2010,46846.0,47215.3478521988
St. Kitts and Nevis,KNA,Latin America & Caribbean ,2011,46886.0,47150.50912234419
St. Kitts and Nevis,KNA,Latin America & Caribbean ,2012,47033.0,46983.508360732856
St. Kitts and Nevis,KNA,Latin America & Caribbean ,2013,47069.0,47128.89345079192
St. Kitts and Nevis,KNA,Latin America & Caribbean ,2014,47089.0,47153.77303499845
St. Kitts and Nevis,KNA,Latin America & Caribbean ,2015,47087.0,47209.45669171398
St. Kitts and Nevis,KNA,Latin America & Caribbean ,2016,47075.0,47201.237648989285
St. Kitts and Nevis,KNA,Latin America & Caribbean ,2017,47050.0,47180.19675024962
St. Kitts and Nevis,KNA,Latin America & Caribbean ,2018,47008.0,47152.104538734886
St. Kitts and Nevis,KNA,Latin America & Caribbean ,2019,46952.0,47018.53665955472
St. Kitts and Nevis,KNA,Latin America & Caribbean ,2020,46870.0,46963.703867601376
St. Kitts and Nevis,KNA,Latin America & Caribbean ,2021,46763.0,46973.63836040094
St. Kitts and Nevis,KNA,Latin America & Caribbean ,2022,46709.0,46733.487434976734
St. Kitts and Nevis,KNA,Latin America & Caribbean ,2023,46758.0,46669.21712618475
St. Kitts and Nevis,KNA,Latin America & Caribbean ,2024,46843.0,46677.128069656814
"Korea, Rep.",KOR,East Asia & Pacific,1970,32240827.0,32368058.44303155
"Korea, Rep.",KOR,East Asia & Pacific,1971,32882704.0,33054517.08637337
"Korea, Rep.",KOR,East Asia & Pacific,1972,33505406.0,33679555.58845964
"Korea, Rep.",KOR,East Asia & Pacific,1973,34103149.0,34281908.59444983
"Korea, Rep.",KOR,East Asia & Pacific,1974,34692266.0,34860714.94467853
"Korea, Rep.",KOR,East Asia & Pacific,1975,35280725.0,35430233.527264364
"Korea, Rep.",KOR,East Asia & Pacific,1976,35848523.0,35997957.42997774
"Korea, Rep.",KOR,East Asia & Pacific,1977,36411795.0,36547378.63517113
"Korea, Rep.",KOR,East Asia & Pacific,1978,36969185.0,37090671.024381526
"Korea, Rep.",KOR,East Asia & Pacific,1979,37534236.0,37629282.39536946
"Korea, Rep.",KOR,East Asia & Pacific,1980,38123775.0,38173911.766629025
"Korea, Rep.",KOR,East Asia & Pacific,1981,38723248.0,38755539.88763187
"Korea, Rep.",KOR,East Asia & Pacific,1982,39326352.0,39351079.53902378
"Korea, Rep.",KOR,East Asia & Pacific,1983,39910403.0,39973377.85494668
"Korea, Rep.",KOR,East Asia & Pacific,1984,40405956.0,40562436.70580917
"Korea, Rep.",KOR,East Asia & Pacific,1985,40805744.0,41119854.08696515
"Korea, Rep.",KOR,East Asia & Pacific,1986,41213674.0,41209487.619093075
"Korea, Rep.",KOR,East Asia & Pacific,1987,41621690.0,41625682.02426181
"Korea, Rep.",KOR,East Asia & Pacific,1988,42031247.0,42033745.36485502
"Korea, Rep.",KOR,East Asia & Pacific,1989,42449038.0,42563034.73321775
"Korea, Rep.",KOR,East Asia & Pacific,1990,42869283.0,42959020.32249484
"Korea, Rep.",KOR,East Asia & Pacific,1991,43295704.0,43356761.98536956
"Korea, Rep.",KOR,East Asia & Pacific,1992,43747962.0,43803240.826999865
"Korea, Rep.",KOR,East Asia & Pacific,1993,44194628.0,44189275.79383012
"Korea, Rep.",KOR,East Asia & Pacific,1994,44641540.0,44636889.14266767
"Korea, Rep.",KOR,East Asia & Pacific,1995,45092991.0,45089383.77902736
"Korea, Rep.",KOR,East Asia & Pacific,1996,45524681.0,45545950.569955856
"Korea, Rep.",KOR,East Asia & Pacific,1997,45953580.0,45993738.87823566
"Korea, Rep.",KOR,East Asia & Pacific,1998,46286503.0,46386506.181595095
"Korea, Rep.",KOR,East Asia & Pacific,1999,46616677.0,46630126.61922021
"Korea, Rep.",KOR,East Asia & Pacific,2000,47008111.0,46950478.643756345
"Korea, Rep.",KOR,East Asia & Pacific,2001,47370164.0,47439769.31923815
"Korea, Rep.",KOR,East Asia & Pacific,2002,47644736.0,47790632.57933222
"Korea, Rep.",KOR,East Asia & Pacific,2003,47892330.0,48044949.88164936
"Korea, Rep.",KOR,East Asia & Pacific,2004,48082519.0,48267790.61157255
"Korea, Rep.",KOR,East Asia & Pacific,2005,48184561.0,48427465.22723601
"Korea, Rep.",KOR,East Asia & Pacific,2006,48438292.0,48286819.55934666
"Korea, Rep.",KOR,East Asia & Pacific,2007,48683638.0,48722562.66339465
"Korea, Rep.",KOR,East Asia & Pacific,2008,49054708.0,48957639.75052291
"Korea, Rep.",KOR,East Asia & Pacific,2009,49307835.0,49273717.120789275
"Korea, Rep.",KOR,East Asia & Pacific,2010,49554112.0,49493270.86957381
"Korea, Rep.",KOR,East Asia & Pacific,2011,49936638.0,49802883.08630518
"Korea, Rep.",KOR,East Asia & Pacific,2012,50199853.0,50197315.452819124
"Korea, Rep.",KOR,East Asia & Pacific,2013,50428893.0,50399945.57078189
"Korea, Rep.",KOR,East Asia & Pacific,2014,50746659.0,50722999.292696424
"Korea, Rep.",KOR,East Asia & Pacific,2015,51014947.0,51054422.54180598
"Korea, Rep.",KOR,East Asia & Pacific,2016,51217803.0,51340899.27334369
"Korea, Rep.",KOR,East Asia & Pacific,2017,51361911.0,51586787.20612647
"Korea, Rep.",KOR,East Asia & Pacific,2018,51585058.0,51769175.19342156
"Korea, Rep.",KOR,East Asia & Pacific,2019,51764822.0,51844690.51002594
"Korea, Rep.",KOR,East Asia & Pacific,2020,51836239.0,52030088.446300514
"Korea, Rep.",KOR,East Asia & Pacific,2021,51769539.0,52052481.877702914
"Korea, Rep.",KOR,East Asia & Pacific,2022,51672569.0,51702924.83040865
"Korea, Rep.",KOR,East Asia & Pacific,2023,51712619.0,51812559.21357053
"Korea, Rep.",KOR,East Asia & Pacific,2024,51751065.0,51820968.24776904
Kuwait,KWT,"Middle East, North Africa, Afghanistan & Pakistan",1970,809114.0,826374.8915212547
Kuwait,KWT,"Middle East, North Africa, Afghanistan & Pakistan",1971,865076.0,889221.5944421104
Kuwait,KWT,"Middle East, North Africa, Afghanistan & Pakistan",1972,920352.0,946500.4219992259
Kuwait,KWT,"Middle East, North Africa, Afghanistan & Pakistan",1973,977654.0,979159.9859068157
Kuwait,KWT,"Middle East, North Africa, Afghanistan & Pakistan",1974,1038346.0,1038523.6775836069
Kuwait,KWT,"Middle East, North Africa, Afghanistan & Pakistan",1975,1104863.0,1120996.418246055
Kuwait,KWT,"Middle East, North Africa, Afghanistan & Pakistan",1976,1178711.0,1188575.3613345476
Kuwait,KWT,"Middle East, North Africa, Afghanistan & Pakistan",1977,1258023.0,1264106.1937102906
Kuwait,KWT,"Middle East, North Africa, Afghanistan & Pakistan",1978,1340319.0,1349396.0228055175
Kuwait,KWT,"Middle East, North Africa, Afghanistan & Pakistan",1979,1423514.0,1428433.7817717276
Kuwait,KWT,"Middle East, North Africa, Afghanistan & Pakistan",1980,1504782.0,1515911.1760946328
Kuwait,KWT,"Middle East, North Africa, Afghanistan & Pakistan",1981,1583426.0,1590689.5667297596
Kuwait,KWT,"Middle East, North Africa, Afghanistan & Pakistan",1982,1662480.0,1666180.1495587688
Kuwait,KWT,"Middle East, North Africa, Afghanistan & Pakistan",1983,1744295.0,1745480.8437439986
Kuwait,KWT,"Middle East, North Africa, Afghanistan & Pakistan",1984,1820688.0,1830136.330672636
Kuwait,KWT,"Middle East, North Africa, Afghanistan & Pakistan",1985,1894242.0,1924591.3705862125
Kuwait,KWT,"Middle East, North Africa, Afghanistan & Pakistan",1986,1972520.0,1996767.3572986247
Kuwait,KWT,"Middle East, North Africa, Afghanistan & Pakistan",1987,2052994.0,2073600.3362693756
Kuwait,KWT,"Middle East, North Africa, Afghanistan & Pakistan",1988,2134707.0,2152599.2064153734
Kuwait,KWT,"Middle East, North Africa, Afghanistan & Pakistan",1989,2217468.0,2233012.8327110265
Kuwait,KWT,"Middle East, North Africa, Afghanistan & Pakistan",1990,1684819.0,2315083.53637329
Kuwait,KWT,"Middle East, North Africa, Afghanistan & Pakistan",1991,1351399.0,2130985.7252981365
Kuwait,KWT,"Middle East, North Africa, Afghanistan & Pakistan",1992,1634961.0,1074781.6017211247
Kuwait,KWT,"Middle East, North Africa, Afghanistan & Pakistan",1993,1672151.0,1666518.4407188455
Kuwait,KWT,"Middle East, North Africa, Afghanistan & Pakistan",1994,1664361.0,1585024.047709166
Kuwait,KWT,"Middle East, North Africa, Afghanistan & Pakistan",1995,1681513.0,1526284.2360978378
Kuwait,KWT,"Middle East, North Africa, Afghanistan & Pakistan",1996,1730246.0,1500376.4650840464
Kuwait,KWT,"Middle East, North Africa, Afghanistan & Pakistan",1997,1787683.0,1520079.352694721
Kuwait,KWT,"Middle East, North Africa, Afghanistan & Pakistan",1998,1844302.0,1590859.1962913969
Kuwait,KWT,"Middle East, North Africa, Afghanistan & Pakistan",1999,1900030.0,1719269.5362132343
Kuwait,KWT,"Middle East, North Africa, Afghanistan & Pakistan",2000,1954709.0,1918108.803148585
Kuwait,KWT,"Middle East, North Africa, Afghanistan & Pakistan",2001,2008121.0,2032295.4902567856
Kuwait,KWT,"Middle East, North Africa, Afghanistan & Pakistan",2002,2059974.0,2054518.9378939979
Kuwait,KWT,"Middle East, North Africa, Afghanistan & Pakistan",2003,2109881.0,2103319.801264312
Kuwait,KWT,"Middle East, North Africa, Afghanistan & Pakistan",2004,2157320.0,2177501.842541058
Kuwait,KWT,"Middle East, North Africa, Afghanistan & Pakistan",2005,2236788.0,2205834.936601961
Kuwait,KWT,"Middle East, North Africa, Afghanistan & Pakistan",2006,2364733.0,2297125.143311211
Kuwait,KWT,"Middle East, North Africa, Afghanistan & Pakistan",2007,2507887.0,2499996.4938958767
Kuwait,KWT,"Middle East, North Africa, Afghanistan & Pakistan",2008,2651421.0,2659707.12368198
Kuwait,KWT,"Middle East, North Africa, Afghanistan & Pakistan",2009,2795484.0,2803169.8878584784
Kuwait,KWT,"Middle East, North Africa, Afghanistan & Pakistan",2010,2943372.0,2908847.1134964386
Kuwait,KWT,"Middle East, North Africa, Afghanistan & Pakistan",2011,3132814.0,3071112.527782604
Kuwait,KWT,"Middle East, North Africa, Afghanistan & Pakistan",2012,3337109.0,3282199.1409445712
Kuwait,KWT,"Middle East, North Africa, Afghanistan & Pakistan",2013,3507844.0,3462386.505628542
Kuwait,KWT,"Middle East, North Africa, Afghanistan & Pakistan",2014,3665876.0,3697638.4606911447
Kuwait,KWT,"Middle East, North Africa, Afghanistan & Pakistan",2015,3834574.0,3908364.2678664178
Kuwait,KWT,"Middle East, North Africa, Afghanistan & Pakistan",2016,4004096.0,4046160.5689418344
Kuwait,KWT,"Middle East, North Africa, Afghanistan & Pakistan",2017,4154812.0,4181112.368330369
Kuwait,KWT,"Middle East, North Africa, Afghanistan & Pakistan",2018,4323515.0,4311201.020097447
Kuwait,KWT,"Middle East, North Africa, Afghanistan & Pakistan",2019,4442316.0,4538153.5000422
Kuwait,KWT,"Middle East, North Africa, Afghanistan & Pakistan",2020,4400267.0,4650205.413794817
Kuwait,KWT,"Middle East, North Africa, Afghanistan & Pakistan",2021,4360865.0,4791509.213145196
Kuwait,KWT,"Middle East, North Africa, Afghanistan & Pakistan",2022,4589643.0,4321815.821042194
Kuwait,KWT,"Middle East, North Africa, Afghanistan & Pakistan",2023,4853420.0,4728788.384027068
Kuwait,KWT,"Middle East, North Africa, Afghanistan & Pakistan",2024,4897263.0,4922294.108623444
Lao PDR,LAO,East Asia & Pacific,1970,2669702.0,2668715.005902521
Lao PDR,LAO,East Asia & Pacific,1971,2734628.0,2733867.2749440135
Lao PDR,LAO,East Asia & Pacific,1972,2801660.0,2800876.2551257215
Lao PDR,LAO,East Asia & Pacific,1973,2870573.0,2867776.61087819
Lao PDR,LAO,East Asia & Pacific,1974,2939761.0,2938893.121907551
Lao PDR,LAO,East Asia & Pacific,1975,3005521.0,3010105.3475142573
Lao PDR,LAO,East Asia & Pacific,1976,3064876.0,3080129.597145505
Lao PDR,LAO,East Asia & Pacific,1977,3118923.0,3125497.567251185
Lao PDR,LAO,East Asia & Pacific,1978,3171740.0,3173923.0821930743
Lao PDR,LAO,East Asia & Pacific,1979,3228202.0,3225451.4226860576
Lao PDR,LAO,East Asia & Pacific,1980,3292573.0,3285669.1129474817
Lao PDR,LAO,East Asia & Pacific,1981,3366631.0,3361206.2653653724
Lao PDR,LAO,East Asia & Pacific,1982,3450026.0,3436039.4639212764
Lao PDR,LAO,East Asia & Pacific,1983,3541001.0,3503805.9526793584
Lao PDR,LAO,East Asia & Pacific,1984,3637843.0,3634374.9529839302
Lao PDR,LAO,East Asia & Pacific,1985,3739985.0,3737333.508912331
Lao PDR,LAO,East Asia & Pacific,1986,3846715.0,3823632.8734017615
Lao PDR,LAO,East Asia & Pacific,1987,3957612.0,3937409.684623093
Lao PDR,LAO,East Asia & Pacific,1988,4072601.0,4056190.992163137
Lao PDR,LAO,East Asia & Pacific,1989,4190974.0,4178814.22089603
Lao PDR,LAO,East Asia & Pacific,1990,4311955.0,4304118.356667658
Lao PDR,LAO,East Asia & Pacific,1991,4435118.0,4431708.238179427
Lao PDR,LAO,East Asia & Pacific,1992,4559646.0,4557621.527198115
Lao PDR,LAO,East Asia & Pacific,1993,4685060.0,4691010.063913061
Lao PDR,LAO,East Asia & Pacific,1994,4809220.0,4813952.608962911
Lao PDR,LAO,East Asia & Pacific,1995,4929409.0,4936729.05551833
Lao PDR,LAO,East Asia & Pacific,1996,5045678.0,5052601.688116991
Lao PDR,LAO,East Asia & Pacific,1997,5152011.0,5164689.4142251685
Lao PDR,LAO,East Asia & Pacific,1998,5248266.0,5260584.870159182
Lao PDR,LAO,East Asia & Pacific,1999,5340784.0,5346319.332127579
Lao PDR,LAO,East Asia & Pacific,2000,5431212.0,5434932.934988531
Lao PDR,LAO,East Asia & Pacific,2001,5521482.0,5554866.094219625
Lao PDR,LAO,East Asia & Pacific,2002,5610889.0,5640163.801989726
Lao PDR,LAO,East Asia & Pacific,2003,5697945.0,5724446.619700283
Lao PDR,LAO,East Asia & Pacific,2004,5781626.0,5806320.484675485
Lao PDR,LAO,East Asia & Pacific,2005,5869523.0,5884980.451769321
Lao PDR,LAO,East Asia & Pacific,2006,5963200.0,5969975.995642471
Lao PDR,LAO,East Asia & Pacific,2007,6056236.0,6060881.588036125
Lao PDR,LAO,East Asia & Pacific,2008,6148969.0,6153371.106205956
Lao PDR,LAO,East Asia & Pacific,2009,6241642.0,6248568.2008392215
Lao PDR,LAO,East Asia & Pacific,2010,6334194.0,6341107.053264535
Lao PDR,LAO,East Asia & Pacific,2011,6426590.0,6434846.6177789355
Lao PDR,LAO,East Asia & Pacific,2012,6518978.0,6524264.826558017
Lao PDR,LAO,East Asia & Pacific,2013,6611385.0,6612707.032053976
Lao PDR,LAO,East Asia & Pacific,2014,6703172.0,6705218.477913889
Lao PDR,LAO,East Asia & Pacific,2015,6801645.0,6802852.622573734
Lao PDR,LAO,East Asia & Pacific,2016,6908802.0,6901796.150876222
Lao PDR,LAO,East Asia & Pacific,2017,7018147.0,7006280.561338422
Lao PDR,LAO,East Asia & Pacific,2018,7128045.0,7129251.467291843
Lao PDR,LAO,East Asia & Pacific,2019,7237636.0,7239685.25544867
Lao PDR,LAO,East Asia & Pacific,2020,7346533.0,7349145.192818197
Lao PDR,LAO,East Asia & Pacific,2021,7453194.0,7456553.935516137
Lao PDR,LAO,East Asia & Pacific,2022,7559007.0,7567409.856580093
Lao PDR,LAO,East Asia & Pacific,2023,7664993.0,7681548.731083192
Lao PDR,LAO,East Asia & Pacific,2024,7769819.0,7772472.914341774
Lebanon,LBN,"Middle East, North Africa, Afghanistan & Pakistan",1970,2386114.0,2396500.5244390327
Lebanon,LBN,"Middle East, North Africa, Afghanistan & Pakistan",1971,2446314.0,2454537.422766471
Lebanon,LBN,"Middle East, North Africa, Afghanistan & Pakistan",1972,2509729.0,2514577.2097340147
Lebanon,LBN,"Middle East, North Africa, Afghanistan & Pakistan",1973,2572935.0,2578136.2473309645
Lebanon,LBN,"Middle East, North Africa, Afghanistan & Pakistan",1974,2635185.0,2641532.7163311774
Lebanon,LBN,"Middle East, North Africa, Afghanistan & Pakistan",1975,2693191.0,2704248.95500877
Lebanon,LBN,"Middle East, North Africa, Afghanistan & Pakistan",1976,2726469.0,2761745.3771353494
Lebanon,LBN,"Middle East, North Africa, Afghanistan & Pakistan",1977,2762155.0,2760158.1955677443
Lebanon,LBN,"Middle East, North Africa, Afghanistan & Pakistan",1978,2822682.0,2798308.0837152814
Lebanon,LBN,"Middle East, North Africa, Afghanistan & Pakistan",1979,2882635.0,2883741.4457641775
Lebanon,LBN,"Middle East, North Africa, Afghanistan & Pakistan",1980,2944763.0,2943823.0717186187
Lebanon,LBN,"Middle East, North Africa, Afghanistan & Pakistan",1981,3008981.0,3004225.554067775
Lebanon,LBN,"Middle East, North Africa, Afghanistan & Pakistan",1982,3054931.0,3059376.6284783916
Lebanon,LBN,"Middle East, North Africa, Afghanistan & Pakistan",1983,3094996.0,3112786.024750892
Lebanon,LBN,"Middle East, North Africa, Afghanistan & Pakistan",1984,3152744.0,3162990.6006556395
Lebanon,LBN,"Middle East, North Africa, Afghanistan & Pakistan",1985,3217376.0,3218701.2377068247
Lebanon,LBN,"Middle East, North Africa, Afghanistan & Pakistan",1986,3300365.0,3281949.9101590565
Lebanon,LBN,"Middle East, North Africa, Afghanistan & Pakistan",1987,3385555.0,3351731.1645453656
Lebanon,LBN,"Middle East, North Africa, Afghanistan & Pakistan",1988,3454649.0,3472943.949805416
Lebanon,LBN,"Middle East, North Africa, Afghanistan & Pakistan",1989,3525285.0,3525153.103707385
Lebanon,LBN,"Middle East, North Africa, Afghanistan & Pakistan",1990,3595175.0,3596478.0383027517
Lebanon,LBN,"Middle East, North Africa, Afghanistan & Pakistan",1991,3668912.0,3666984.007206371
Lebanon,LBN,"Middle East, North Africa, Afghanistan & Pakistan",1992,3747371.0,3751238.703476258
Lebanon,LBN,"Middle East, North Africa, Afghanistan & Pakistan",1993,3820647.0,3827862.3466405524
Lebanon,LBN,"Middle East, North Africa, Afghanistan & Pakistan",1994,3889799.0,3903138.242556702
Lebanon,LBN,"Middle East, North Africa, Afghanistan & Pakistan",1995,3960735.0,3986036.023914831
Lebanon,LBN,"Middle East, North Africa, Afghanistan & Pakistan",1996,4034781.0,4053500.9672409743
Lebanon,LBN,"Middle East, North Africa, Afghanistan & Pakistan",1997,4108405.0,4114222.1346754893
Lebanon,LBN,"Middle East, North Africa, Afghanistan & Pakistan",1998,4181281.0,4188312.4163896767
Lebanon,LBN,"Middle East, North Africa, Afghanistan & Pakistan",1999,4255277.0,4261322.163299827
Lebanon,LBN,"Middle East, North Africa, Afghanistan & Pakistan",2000,4329340.0,4335752.125183167
Lebanon,LBN,"Middle East, North Africa, Afghanistan & Pakistan",2001,4401918.0,4416136.446909776
Lebanon,LBN,"Middle East, North Africa, Afghanistan & Pakistan",2002,4463504.0,4482095.495270061
Lebanon,LBN,"Middle East, North Africa, Afghanistan & Pakistan",2003,4525508.0,4525951.632961286
Lebanon,LBN,"Middle East, North Africa, Afghanistan & Pakistan",2004,4599279.0,4589062.347595398
Lebanon,LBN,"Middle East, North Africa, Afghanistan & Pakistan",2005,4671102.0,4676301.9434562735
Lebanon,LBN,"Middle East, North Africa, Afghanistan & Pakistan",2006,4751136.0,4747717.783490464
Lebanon,LBN,"Middle East, North Africa, Afghanistan & Pakistan",2007,4844118.0,4828463.18513467
Lebanon,LBN,"Middle East, North Africa, Afghanistan & Pakistan",2008,4925354.0,4908251.458805777
Lebanon,LBN,"Middle East, North Africa, Afghanistan & Pakistan",2009,4992287.0,5006029.74771445
Lebanon,LBN,"Middle East, North Africa, Afghanistan & Pakistan",2010,5041288.0,5072010.181797997
Lebanon,LBN,"Middle East, North Africa, Afghanistan & Pakistan",2011,5096020.0,5143730.176298356
Lebanon,LBN,"Middle East, North Africa, Afghanistan & Pakistan",2012,5235742.0,5151346.21107934
Lebanon,LBN,"Middle East, North Africa, Afghanistan & Pakistan",2013,5743436.0,5299283.174856978
Lebanon,LBN,"Middle East, North Africa, Afghanistan & Pakistan",2014,6346990.0,5556306.467502276
Lebanon,LBN,"Middle East, North Africa, Afghanistan & Pakistan",2015,6472469.0,7013969.004989211
Lebanon,LBN,"Middle East, North Africa, Afghanistan & Pakistan",2016,6323060.0,6698678.647840409
Lebanon,LBN,"Middle East, North Africa, Afghanistan & Pakistan",2017,6160128.0,6513050.797548341
Lebanon,LBN,"Middle East, North Africa, Afghanistan & Pakistan",2018,5984119.0,6001394.412954413
Lebanon,LBN,"Middle East, North Africa, Afghanistan & Pakistan",2019,5794594.0,5813138.9817399075
Lebanon,LBN,"Middle East, North Africa, Afghanistan & Pakistan",2020,5702398.0,5611071.509137748
Lebanon,LBN,"Middle East, North Africa, Afghanistan & Pakistan",2021,5718122.0,5774078.428337235
Lebanon,LBN,"Middle East, North Africa, Afghanistan & Pakistan",2022,5744489.0,5774394.463838973
Lebanon,LBN,"Middle East, North Africa, Afghanistan & Pakistan",2023,5773493.0,5671077.516621938
Lebanon,LBN,"Middle East, North Africa, Afghanistan & Pakistan",2024,5805962.0,5713060.344564623
Liberia,LBR,Sub-Saharan Africa ,1970,1466676.0,1466037.4816572038
Liberia,LBR,Sub-Saharan Africa ,1971,1504077.0,1504258.1501988084
Liberia,LBR,Sub-Saharan Africa ,1972,1542670.0,1542730.5207667004
Liberia,LBR,Sub-Saharan Africa ,1973,1583588.0,1582563.585729931
Liberia,LBR,Sub-Saharan Africa ,1974,1626362.0,1623819.2673731297
Liberia,LBR,Sub-Saharan Africa ,1975,1670913.0,1670286.2938383275
Liberia,LBR,Sub-Saharan Africa ,1976,1717060.0,1716663.1114380197
Liberia,LBR,Sub-Saharan Africa ,1977,1766019.0,1764437.0223931132
Liberia,LBR,Sub-Saharan Africa ,1978,1818247.0,1815952.633393073
Liberia,LBR,Sub-Saharan Africa ,1979,1872713.0,1872019.5835376566
Liberia,LBR,Sub-Saharan Africa ,1980,1929253.0,1924239.5020425655
Liberia,LBR,Sub-Saharan Africa ,1981,1986867.0,1983344.0316289295
Liberia,LBR,Sub-Saharan Africa ,1982,2045073.0,2043510.19786882
Liberia,LBR,Sub-Saharan Africa ,1983,2107113.0,2104015.4096442442
Liberia,LBR,Sub-Saharan Africa ,1984,2173312.0,2168614.9806105695
Liberia,LBR,Sub-Saharan Africa ,1985,2240539.0,2234030.9694521674
Liberia,LBR,Sub-Saharan Africa ,1986,2308511.0,2304386.5409738263
Liberia,LBR,Sub-Saharan Africa ,1987,2377229.0,2378253.1381388763
Liberia,LBR,Sub-Saharan Africa ,1988,2446941.0,2449105.6539932266
Liberia,LBR,Sub-Saharan Africa ,1989,2517858.0,2522726.502821583
Liberia,LBR,Sub-Saharan Africa ,1990,2223667.0,2590837.712839878
Liberia,LBR,Sub-Saharan Africa ,1991,1956518.0,2514856.9669863614
Liberia,LBR,Sub-Saharan Africa ,1992,2072461.0,1721463.9944951283
Liberia,LBR,Sub-Saharan Africa ,1993,2155126.0,2068646.112061679
Liberia,LBR,Sub-Saharan Africa ,1994,2149928.0,2123491.3875856097
Liberia,LBR,Sub-Saharan Africa ,1995,2169162.0,2071325.6690488856
Liberia,LBR,Sub-Saharan Africa ,1996,2232289.0,2045661.5890572646
Liberia,LBR,Sub-Saharan Africa ,1997,2412989.0,2064431.733091868
Liberia,LBR,Sub-Saharan Africa ,1998,2670124.0,2409245.7516531665
Liberia,LBR,Sub-Saharan Africa ,1999,2821684.0,2393444.726146127
Liberia,LBR,Sub-Saharan Africa ,2000,2928117.0,2702490.8123336188
Liberia,LBR,Sub-Saharan Africa ,2001,3015338.0,3038564.6184246615
Liberia,LBR,Sub-Saharan Africa ,2002,3094782.0,3143629.399553427
Liberia,LBR,Sub-Saharan Africa ,2003,3119532.0,3307434.46299352
Liberia,LBR,Sub-Saharan Africa ,2004,3156892.0,3251264.307833374
Liberia,LBR,Sub-Saharan Africa ,2005,3301015.0,3194699.427744263
Liberia,LBR,Sub-Saharan Africa ,2006,3490787.0,3447660.7664235434
Liberia,LBR,Sub-Saharan Africa ,2007,3669050.0,3597203.8906633495
Liberia,LBR,Sub-Saharan Africa ,2008,3821003.0,3800926.7588882865
Liberia,LBR,Sub-Saharan Africa ,2009,3943028.0,3979249.10554637
Liberia,LBR,Sub-Saharan Africa ,2010,4058890.0,4075585.3201781134
Liberia,LBR,Sub-Saharan Africa ,2011,4221178.0,4195166.564335644
Liberia,LBR,Sub-Saharan Africa ,2012,4373043.0,4390156.586113617
Liberia,LBR,Sub-Saharan Africa ,2013,4470239.0,4586672.772764447
Liberia,LBR,Sub-Saharan Africa ,2014,4564293.0,4646397.95276863
Liberia,LBR,Sub-Saharan Africa ,2015,4659431.0,4825899.876218491
Liberia,LBR,Sub-Saharan Africa ,2016,4755608.0,4897640.171610685
Liberia,LBR,Sub-Saharan Africa ,2017,4848925.0,4894665.061743012
Liberia,LBR,Sub-Saharan Africa ,2018,4944726.0,4978997.6083018575
Liberia,LBR,Sub-Saharan Africa ,2019,5043721.0,5070675.519764397
Liberia,LBR,Sub-Saharan Africa ,2020,5149463.0,5200484.397293893
Liberia,LBR,Sub-Saharan Africa ,2021,5259323.0,5274135.234083843
Liberia,LBR,Sub-Saharan Africa ,2022,5373294.0,5365316.68150443
Liberia,LBR,Sub-Saharan Africa ,2023,5493031.0,5489717.969385411
Liberia,LBR,Sub-Saharan Africa ,2024,5612817.0,5615394.721691949
Libya,LBY,"Middle East, North Africa, Afghanistan & Pakistan",1970,2082589.0,2082464.5576643727
Libya,LBY,"Middle East, North Africa, Afghanistan & Pakistan",1971,2153534.0,2151190.6941323676
Libya,LBY,"Middle East, North Africa, Afghanistan & Pakistan",1972,2226091.0,2212745.4547509686
Libya,LBY,"Middle East, North Africa, Afghanistan & Pakistan",1973,2314193.0,2295223.5643038955
Libya,LBY,"Middle East, North Africa, Afghanistan & Pakistan",1974,2432211.0,2405781.81209171
Libya,LBY,"Middle East, North Africa, Afghanistan & Pakistan",1975,2571556.0,2514311.8971520374
Libya,LBY,"Middle East, North Africa, Afghanistan & Pakistan",1976,2721237.0,2718884.282838775
Libya,LBY,"Middle East, North Africa, Afghanistan & Pakistan",1977,2881533.0,2879630.3913045214
Libya,LBY,"Middle East, North Africa, Afghanistan & Pakistan",1978,3052526.0,3051271.326220701
Libya,LBY,"Middle East, North Africa, Afghanistan & Pakistan",1979,3233846.0,3196826.0920622977
Libya,LBY,"Middle East, North Africa, Afghanistan & Pakistan",1980,3424378.0,3395896.284010616
Libya,LBY,"Middle East, North Africa, Afghanistan & Pakistan",1981,3621486.0,3572352.22181388
Libya,LBY,"Middle East, North Africa, Afghanistan & Pakistan",1982,3724765.0,3810963.749730212
Libya,LBY,"Middle East, North Africa, Afghanistan & Pakistan",1983,3718961.0,4006850.0098770615
Libya,LBY,"Middle East, North Africa, Afghanistan & Pakistan",1984,3773633.0,3713166.047289433
Libya,LBY,"Middle East, North Africa, Afghanistan & Pakistan",1985,3898745.0,3829108.7220619563
Libya,LBY,"Middle East, North Africa, Afghanistan & Pakistan",1986,4017403.0,4057660.1316539356
Libya,LBY,"Middle East, North Africa, Afghanistan & Pakistan",1987,4129739.0,4168513.0968615487
Libya,LBY,"Middle East, North Africa, Afghanistan & Pakistan",1988,4237755.0,4270782.303870769
Libya,LBY,"Middle East, North Africa, Afghanistan & Pakistan",1989,4342920.0,4363615.643260453
Libya,LBY,"Middle East, North Africa, Afghanistan & Pakistan",1990,4445239.0,4435331.864306202
Libya,LBY,"Middle East, North Africa, Afghanistan & Pakistan",1991,4544400.0,4530409.449466995
Libya,LBY,"Middle East, North Africa, Afghanistan & Pakistan",1992,4640352.0,4657070.708015783
Libya,LBY,"Middle East, North Africa, Afghanistan & Pakistan",1993,4733045.0,4790701.227158688
Libya,LBY,"Middle East, North Africa, Afghanistan & Pakistan",1994,4822037.0,4853687.932978796
Libya,LBY,"Middle East, North Africa, Afghanistan & Pakistan",1995,4906843.0,4937268.269646901
Libya,LBY,"Middle East, North Africa, Afghanistan & Pakistan",1996,4987393.0,5017086.112929642
Libya,LBY,"Middle East, North Africa, Afghanistan & Pakistan",1997,5064639.0,5093055.659123115
Libya,LBY,"Middle East, North Africa, Afghanistan & Pakistan",1998,5140704.0,5165934.609700088
Libya,LBY,"Middle East, North Africa, Afghanistan & Pakistan",1999,5218038.0,5237926.984677271
Libya,LBY,"Middle East, North Africa, Afghanistan & Pakistan",2000,5305021.0,5311805.697369298
Libya,LBY,"Middle East, North Africa, Afghanistan & Pakistan",2001,5403639.0,5397031.867165638
Libya,LBY,"Middle East, North Africa, Afghanistan & Pakistan",2002,5508410.0,5492411.094446485
Libya,LBY,"Middle East, North Africa, Afghanistan & Pakistan",2003,5619398.0,5601970.8179211905
Libya,LBY,"Middle East, North Africa, Afghanistan & Pakistan",2004,5736693.0,5732622.277884427
Libya,LBY,"Middle East, North Africa, Afghanistan & Pakistan",2005,5858798.0,5856436.325665157
Libya,LBY,"Middle East, North Africa, Afghanistan & Pakistan",2006,5980211.0,5964572.185672696
Libya,LBY,"Middle East, North Africa, Afghanistan & Pakistan",2007,6104380.0,6091646.313778348
Libya,LBY,"Middle East, North Africa, Afghanistan & Pakistan",2008,6235430.0,6222036.075353996
Libya,LBY,"Middle East, North Africa, Afghanistan & Pakistan",2009,6366686.0,6348569.187655052
Libya,LBY,"Middle East, North Africa, Afghanistan & Pakistan",2010,6497839.0,6490676.722474363
Libya,LBY,"Middle East, North Africa, Afghanistan & Pakistan",2011,6343203.0,6631331.834612063
Libya,LBY,"Middle East, North Africa, Afghanistan & Pakistan",2012,6179328.0,6652567.6171112275
Libya,LBY,"Middle East, North Africa, Afghanistan & Pakistan",2013,6304628.0,6019686.664582939
Libya,LBY,"Middle East, North Africa, Afghanistan & Pakistan",2014,6427252.0,6371105.151373006
Libya,LBY,"Middle East, North Africa, Afghanistan & Pakistan",2015,6531819.0,6493724.622795558
Libya,LBY,"Middle East, North Africa, Afghanistan & Pakistan",2016,6632126.0,6529201.912921212
Libya,LBY,"Middle East, North Africa, Afghanistan & Pakistan",2017,6738770.0,6576371.17852452
Libya,LBY,"Middle East, North Africa, Afghanistan & Pakistan",2018,6849055.0,6797145.815729741
Libya,LBY,"Middle East, North Africa, Afghanistan & Pakistan",2019,6951033.0,6904858.664320417
Libya,LBY,"Middle East, North Africa, Afghanistan & Pakistan",2020,7045399.0,6933046.1080523
Libya,LBY,"Middle East, North Africa, Afghanistan & Pakistan",2021,7135175.0,7129362.419790528
Libya,LBY,"Middle East, North Africa, Afghanistan & Pakistan",2022,7223805.0,7250120.498642775
Libya,LBY,"Middle East, North Africa, Afghanistan & Pakistan",2023,7305659.0,7334436.468711863
Libya,LBY,"Middle East, North Africa, Afghanistan & Pakistan",2024,7381023.0,7388440.5000689
St. Lucia,LCA,Latin America & Caribbean ,1970,103165.0,102966.94841739578
St. Lucia,LCA,Latin America & Caribbean ,1971,104564.0,104466.32079608372
St. Lucia,LCA,Latin America & Caribbean ,1972,106002.0,105975.17501683236
St. Lucia,LCA,Latin America & Caribbean ,1973,107498.0,107459.77586989917
St. Lucia,LCA,Latin America & Caribbean ,1974,109076.0,108794.25769884877
St. Lucia,LCA,Latin America & Caribbean ,1975,110725.0,110445.10829423202
St. Lucia,LCA,Latin America & Caribbean ,1976,112425.0,112178.41492990073
St. Lucia,LCA,Latin America & Caribbean ,1977,114135.0,113959.56258813417
St. Lucia,LCA,Latin America & Caribbean ,1978,115834.0,115736.84117252499
St. Lucia,LCA,Latin America & Caribbean ,1979,117528.0,117497.82232765495
St. Lucia,LCA,Latin America & Caribbean ,1980,119290.0,119242.58575858126
St. Lucia,LCA,Latin America & Caribbean ,1981,121166.0,121036.17999034596
St. Lucia,LCA,Latin America & Caribbean ,1982,123087.0,122925.06691162456
St. Lucia,LCA,Latin America & Caribbean ,1983,125044.0,124857.18090590386
St. Lucia,LCA,Latin America & Caribbean ,1984,127067.0,127032.11948208995
St. Lucia,LCA,Latin America & Caribbean ,1985,129159.0,129122.22618094459
St. Lucia,LCA,Latin America & Caribbean ,1986,131239.0,131277.77749864123
St. Lucia,LCA,Latin America & Caribbean ,1987,133227.0,133290.80746728764
St. Lucia,LCA,Latin America & Caribbean ,1988,135000.0,135319.54856516328
St. Lucia,LCA,Latin America & Caribbean ,1989,136512.0,136796.5952939137
St. Lucia,LCA,Latin America & Caribbean ,1990,137857.0,138040.9344091199
St. Lucia,LCA,Latin America & Caribbean ,1991,139520.0,139215.25176939036
St. Lucia,LCA,Latin America & Caribbean ,1992,141617.0,141203.06112646018
St. Lucia,LCA,Latin America & Caribbean ,1993,143726.0,143587.9911539948
St. Lucia,LCA,Latin America & Caribbean ,1994,145890.0,145705.80153467492
St. Lucia,LCA,Latin America & Caribbean ,1995,148208.0,147877.87900920399
St. Lucia,LCA,Latin America & Caribbean ,1996,150436.0,150562.82996263058
St. Lucia,LCA,Latin America & Caribbean ,1997,152569.0,152697.49336829924
St. Lucia,LCA,Latin America & Caribbean ,1998,154677.0,154657.10473264693
St. Lucia,LCA,Latin America & Caribbean ,1999,156702.0,156855.7587104209
St. Lucia,LCA,Latin America & Caribbean ,2000,158616.0,159235.25644080827
St. Lucia,LCA,Latin America & Caribbean ,2001,160237.0,160579.4875614893
St. Lucia,LCA,Latin America & Caribbean ,2002,161641.0,161874.56606478896
St. Lucia,LCA,Latin America & Caribbean ,2003,162976.0,163057.30188357606
St. Lucia,LCA,Latin America & Caribbean ,2004,164239.0,164993.7402551736
St. Lucia,LCA,Latin America & Caribbean ,2005,165450.0,166123.8433752716
St. Lucia,LCA,Latin America & Caribbean ,2006,166639.0,167207.97391642528
St. Lucia,LCA,Latin America & Caribbean ,2007,167758.0,168280.359397392
St. Lucia,LCA,Latin America & Caribbean ,2008,168808.0,169278.08606566305
St. Lucia,LCA,Latin America & Caribbean ,2009,169869.0,170209.56741134397
St. Lucia,LCA,Latin America & Caribbean ,2010,170906.0,171179.0316557667
St. Lucia,LCA,Latin America & Caribbean ,2011,171801.0,172135.33797973418
St. Lucia,LCA,Latin America & Caribbean ,2012,172587.0,172969.94787924815
St. Lucia,LCA,Latin America & Caribbean ,2013,173369.0,173690.89143718022
St. Lucia,LCA,Latin America & Caribbean ,2014,174138.0,174415.55970885654
St. Lucia,LCA,Latin America & Caribbean ,2015,174905.0,175132.12684753304
St. Lucia,LCA,Latin America & Caribbean ,2016,175646.0,175849.20749700235
St. Lucia,LCA,Latin America & Caribbean ,2017,176342.0,176545.77867166948
St. Lucia,LCA,Latin America & Caribbean ,2018,177017.0,177200.3436099815
St. Lucia,LCA,Latin America & Caribbean ,2019,177661.0,178011.01017244026
St. Lucia,LCA,Latin America & Caribbean ,2020,178250.0,178431.22556566802
St. Lucia,LCA,Latin America & Caribbean ,2021,178522.0,178872.54096588146
St. Lucia,LCA,Latin America & Caribbean ,2022,178781.0,178905.83723602383
St. Lucia,LCA,Latin America & Caribbean ,2023,179285.0,179076.68013576203
St. Lucia,LCA,Latin America & Caribbean ,2024,179744.0,179866.1978941034
Liechtenstein,LIE,Europe & Central Asia,1970,21140.0,21975.64111402875
Liechtenstein,LIE,Europe & Central Asia,1971,21600.0,21675.67924089888
Liechtenstein,LIE,Europe & Central Asia,1972,22132.0,22119.152059042353
Liechtenstein,LIE,Europe & Central Asia,1973,22785.0,22751.54923928346
Liechtenstein,LIE,Europe & Central Asia,1974,23451.0,23165.690889148507
Liechtenstein,LIE,Europe & Central Asia,1975,23846.0,23722.84336440483
Liechtenstein,LIE,Europe & Central Asia,1976,24058.0,24244.122170889637
Liechtenstein,LIE,Europe & Central Asia,1977,24442.0,24647.877439492448
Liechtenstein,LIE,Europe & Central Asia,1978,25028.0,25066.371116801572
Liechtenstein,LIE,Europe & Central Asia,1979,25575.0,25625.004722949692
Liechtenstein,LIE,Europe & Central Asia,1980,25512.0,26121.95692740901
Liechtenstein,LIE,Europe & Central Asia,1981,25673.0,26410.268454093522
Liechtenstein,LIE,Europe & Central Asia,1982,26255.0,26522.337606688743
Liechtenstein,LIE,Europe & Central Asia,1983,26446.0,26740.014427072732
Liechtenstein,LIE,Europe & Central Asia,1984,26596.0,26939.602067055133
Liechtenstein,LIE,Europe & Central Asia,1985,26878.0,27141.120283534692
Liechtenstein,LIE,Europe & Central Asia,1986,27238.0,27351.91772765212
Liechtenstein,LIE,Europe & Central Asia,1987,27557.0,27556.03612042762
Liechtenstein,LIE,Europe & Central Asia,1988,27948.0,27778.066822065204
Liechtenstein,LIE,Europe & Central Asia,1989,28317.0,28113.284659185036
Liechtenstein,LIE,Europe & Central Asia,1990,28742.0,28557.717389942263
Liechtenstein,LIE,Europe & Central Asia,1991,29209.0,28964.901920752884
Liechtenstein,LIE,Europe & Central Asia,1992,29627.0,29557.094151508856
Liechtenstein,LIE,Europe & Central Asia,1993,30089.0,29898.729893914006
Liechtenstein,LIE,Europe & Central Asia,1994,30470.0,30496.78344106172
Liechtenstein,LIE,Europe & Central Asia,1995,30776.0,30897.689033137158
Liechtenstein,LIE,Europe & Central Asia,1996,31033.0,31306.558815454613
Liechtenstein,LIE,Europe & Central Asia,1997,31232.0,31292.14612149089
Liechtenstein,LIE,Europe & Central Asia,1998,31668.0,31432.3991049218
Liechtenstein,LIE,Europe & Central Asia,1999,32221.0,32064.01917868368
Liechtenstein,LIE,Europe & Central Asia,2000,32645.0,32547.36239061546
Liechtenstein,LIE,Europe & Central Asia,2001,33194.0,32927.70045947968
Liechtenstein,LIE,Europe & Central Asia,2002,33694.0,33615.946721983055
Liechtenstein,LIE,Europe & Central Asia,2003,34079.0,34120.30901513365
Liechtenstein,LIE,Europe & Central Asia,2004,34447.0,34505.518639777416
Liechtenstein,LIE,Europe & Central Asia,2005,34753.0,34948.80394876544
Liechtenstein,LIE,Europe & Central Asia,2006,35037.0,35399.25114902799
Liechtenstein,LIE,Europe & Central Asia,2007,35262.0,35331.85779800966
Liechtenstein,LIE,Europe & Central Asia,2008,35473.0,35685.707031848135
Liechtenstein,LIE,Europe & Central Asia,2009,35742.0,35854.014910687234
Liechtenstein,LIE,Europe & Central Asia,2010,36022.0,36103.72816445803
Liechtenstein,LIE,Europe & Central Asia,2011,36312.0,36350.733416444375
Liechtenstein,LIE,Europe & Central Asia,2012,36657.0,36615.1642507242
Liechtenstein,LIE,Europe & Central Asia,2013,36984.0,36899.68681155425
Liechtenstein,LIE,Europe & Central Asia,2014,37248.0,37313.917016244515
Liechtenstein,LIE,Europe & Central Asia,2015,37494.0,37536.16399197179
Liechtenstein,LIE,Europe & Central Asia,2016,37716.0,37800.12588228976
Liechtenstein,LIE,Europe & Central Asia,2017,37962.0,38082.49889455045
Liechtenstein,LIE,Europe & Central Asia,2018,38246.0,38209.6045165686
Liechtenstein,LIE,Europe & Central Asia,2019,38563.0,38534.83296549899
Liechtenstein,LIE,Europe & Central Asia,2020,38901.0,38856.23645516042
Liechtenstein,LIE,Europe & Central Asia,2021,39182.0,39141.36213906632
Liechtenstein,LIE,Europe & Central Asia,2022,39493.0,39473.09016122516
Liechtenstein,LIE,Europe & Central Asia,2023,39846.0,39781.948407153206
Liechtenstein,LIE,Europe & Central Asia,2024,40450.0,40145.33442221418
Sri Lanka,LKA,South Asia,1970,12287110.0,12298314.775834208
Sri Lanka,LKA,South Asia,1971,12551910.0,12566707.567911094
Sri Lanka,LKA,South Asia,1972,12809205.0,12822686.982577926
Sri Lanka,LKA,South Asia,1973,13060916.0,13071774.155226707
Sri Lanka,LKA,South Asia,1974,13305693.0,13317573.320340505
Sri Lanka,LKA,South Asia,1975,13548984.0,13555057.41060742
Sri Lanka,LKA,South Asia,1976,13796770.0,13840853.9004966
Sri Lanka,LKA,South Asia,1977,14049371.0,14084572.70355626
Sri Lanka,LKA,South Asia,1978,14310128.0,14333158.183986707
Sri Lanka,LKA,South Asia,1979,14579614.0,14590927.049081622
Sri Lanka,LKA,South Asia,1980,14847974.0,14871245.148543702
Sri Lanka,LKA,South Asia,1981,15099414.0,15132341.864201669
Sri Lanka,LKA,South Asia,1982,15286567.0,15394658.957709912
Sri Lanka,LKA,South Asia,1983,15388794.0,15476039.711686045
Sri Lanka,LKA,South Asia,1984,15441860.0,15491704.633126413
Sri Lanka,LKA,South Asia,1985,15544154.0,15495108.991248146
Sri Lanka,LKA,South Asia,1986,15731256.0,15647125.639655942
Sri Lanka,LKA,South Asia,1987,15916576.0,15930142.96130385
Sri Lanka,LKA,South Asia,1988,16078621.0,16105871.529361429
Sri Lanka,LKA,South Asia,1989,16248557.0,16242170.080604497
Sri Lanka,LKA,South Asia,1990,16352458.0,16364179.882650105
Sri Lanka,LKA,South Asia,1991,16475354.0,16497953.60062182
Sri Lanka,LKA,South Asia,1992,16739284.0,16635336.462091787
Sri Lanka,LKA,South Asia,1993,17025918.0,16845453.292500574
Sri Lanka,LKA,South Asia,1994,17275773.0,17101174.284127235
Sri Lanka,LKA,South Asia,1995,17564068.0,17529294.61921024
Sri Lanka,LKA,South Asia,1996,17905018.0,17854179.120507658
Sri Lanka,LKA,South Asia,1997,18248200.0,18140753.75421785
Sri Lanka,LKA,South Asia,1998,18596003.0,18506655.737439036
Sri Lanka,LKA,South Asia,1999,18944731.0,18757926.47352872
Sri Lanka,LKA,South Asia,2000,19293054.0,19185014.7851345
Sri Lanka,LKA,South Asia,2001,19600362.0,19634427.540290456
Sri Lanka,LKA,South Asia,2002,19805752.0,19962939.897018913
Sri Lanka,LKA,South Asia,2003,19951521.0,20013294.262916964
Sri Lanka,LKA,South Asia,2004,20087605.0,20098362.851183202
Sri Lanka,LKA,South Asia,2005,20216524.0,20224617.192197826
Sri Lanka,LKA,South Asia,2006,20352411.0,20346270.381492987
Sri Lanka,LKA,South Asia,2007,20492545.0,20600704.090109617
Sri Lanka,LKA,South Asia,2008,20629378.0,20714866.963860095
Sri Lanka,LKA,South Asia,2009,20756435.0,20914187.297050655
Sri Lanka,LKA,South Asia,2010,20879089.0,20971236.601086732
Sri Lanka,LKA,South Asia,2011,21009048.0,21051836.655185107
Sri Lanka,LKA,South Asia,2012,21169458.0,21147213.31033057
Sri Lanka,LKA,South Asia,2013,20585000.0,21299928.226342622
Sri Lanka,LKA,South Asia,2014,20778000.0,21146596.340352632
Sri Lanka,LKA,South Asia,2015,20970000.0,21067169.61988061
Sri Lanka,LKA,South Asia,2016,21209000.0,21053868.70531975
Sri Lanka,LKA,South Asia,2017,21453000.0,21122318.203934487
Sri Lanka,LKA,South Asia,2018,21670000.0,21268538.33185996
Sri Lanka,LKA,South Asia,2019,21803000.0,21474714.32016318
Sri Lanka,LKA,South Asia,2020,21919000.0,21700350.724243347
Sri Lanka,LKA,South Asia,2021,22156000.0,21937462.15259897
Sri Lanka,LKA,South Asia,2022,22181000.0,22237524.35568223
Sri Lanka,LKA,South Asia,2023,22037000.0,22378881.682252023
Sri Lanka,LKA,South Asia,2024,21916000.0,21893934.858492106
Lesotho,LSO,Sub-Saharan Africa ,1970,1019273.0,1019598.2225913496
Lesotho,LSO,Sub-Saharan Africa ,1971,1056246.0,1053243.6886645034
Lesotho,LSO,Sub-Saharan Africa ,1972,1094063.0,1092156.6833802296
Lesotho,LSO,Sub-Saharan Africa ,1973,1132697.0,1131944.80834308
Lesotho,LSO,Sub-Saharan Africa ,1974,1172420.0,1172599.1698868275
Lesotho,LSO,Sub-Saharan Africa ,1975,1213643.0,1216278.5837167045
Lesotho,LSO,Sub-Saharan Africa ,1976,1253214.0,1256306.4819316864
Lesotho,LSO,Sub-Saharan Africa ,1977,1289967.0,1297967.8484294221
Lesotho,LSO,Sub-Saharan Africa ,1978,1327240.0,1327797.8551661829
Lesotho,LSO,Sub-Saharan Africa ,1979,1366169.0,1365592.8005700165
Lesotho,LSO,Sub-Saharan Africa ,1980,1406521.0,1406239.8183553398
Lesotho,LSO,Sub-Saharan Africa ,1981,1448069.0,1451998.5867424451
Lesotho,LSO,Sub-Saharan Africa ,1982,1490732.0,1493885.7739644223
Lesotho,LSO,Sub-Saharan Africa ,1983,1534413.0,1536936.8934238218
Lesotho,LSO,Sub-Saharan Africa ,1984,1578986.0,1582641.4776845404
Lesotho,LSO,Sub-Saharan Africa ,1985,1624379.0,1626507.7369011308
Lesotho,LSO,Sub-Saharan Africa ,1986,1666138.0,1671082.2843492397
Lesotho,LSO,Sub-Saharan Africa ,1987,1703390.0,1709043.808707636
Lesotho,LSO,Sub-Saharan Africa ,1988,1739841.0,1741474.891273271
Lesotho,LSO,Sub-Saharan Africa ,1989,1775436.0,1777072.0183049617
Lesotho,LSO,Sub-Saharan Africa ,1990,1809696.0,1811759.2298271514
Lesotho,LSO,Sub-Saharan Africa ,1991,1842379.0,1844617.103932705
Lesotho,LSO,Sub-Saharan Africa ,1992,1873274.0,1886248.489735992
Lesotho,LSO,Sub-Saharan Africa ,1993,1901793.0,1915270.3433544685
Lesotho,LSO,Sub-Saharan Africa ,1994,1927707.0,1941508.7369919005
Lesotho,LSO,Sub-Saharan Africa ,1995,1951437.0,1964728.4745144232
Lesotho,LSO,Sub-Saharan Africa ,1996,1972418.0,1986010.9406968153
Lesotho,LSO,Sub-Saharan Africa ,1997,1988130.0,2004818.4506224708
Lesotho,LSO,Sub-Saharan Africa ,1998,1998049.0,2017818.141650322
Lesotho,LSO,Sub-Saharan Africa ,1999,2003234.0,2024446.2733826877
Lesotho,LSO,Sub-Saharan Africa ,2000,2003913.0,2025977.299966926
Lesotho,LSO,Sub-Saharan Africa ,2001,2000853.0,2022713.6376695686
Lesotho,LSO,Sub-Saharan Africa ,2002,1994679.0,2015554.2822936634
Lesotho,LSO,Sub-Saharan Africa ,2003,1985059.0,2005275.7267497536
Lesotho,LSO,Sub-Saharan Africa ,2004,1971129.0,1991535.8353529498
Lesotho,LSO,Sub-Saharan Africa ,2005,1953076.0,1973329.2107869594
Lesotho,LSO,Sub-Saharan Africa ,2006,1945063.0,1950938.613304678
Lesotho,LSO,Sub-Saharan Africa ,2007,1953268.0,1940335.726648984
Lesotho,LSO,Sub-Saharan Africa ,2008,1966541.0,1942191.053756143
Lesotho,LSO,Sub-Saharan Africa ,2009,1980883.0,1979904.1937498802
Lesotho,LSO,Sub-Saharan Africa ,2010,1996251.0,1995329.5963583507
Lesotho,LSO,Sub-Saharan Africa ,2011,2014009.0,2011738.2273198909
Lesotho,LSO,Sub-Saharan Africa ,2012,2034354.0,2016168.3060178591
Lesotho,LSO,Sub-Saharan Africa ,2013,2056504.0,2039906.2500288156
Lesotho,LSO,Sub-Saharan Africa ,2014,2080089.0,2048205.1438940521
Lesotho,LSO,Sub-Saharan Africa ,2015,2104611.0,2081834.4190675986
Lesotho,LSO,Sub-Saharan Africa ,2016,2130422.0,2123120.2395828157
Lesotho,LSO,Sub-Saharan Africa ,2017,2157110.0,2151071.738207905
Lesotho,LSO,Sub-Saharan Africa ,2018,2183603.0,2179392.481233298
Lesotho,LSO,Sub-Saharan Africa ,2019,2209405.0,2207358.424123601
Lesotho,LSO,Sub-Saharan Africa ,2020,2235727.0,2234398.909052112
Lesotho,LSO,Sub-Saharan Africa ,2021,2261542.0,2260871.1557328356
Lesotho,LSO,Sub-Saharan Africa ,2022,2286110.0,2289016.480603491
Lesotho,LSO,Sub-Saharan Africa ,2023,2311472.0,2310964.2952964813
Lesotho,LSO,Sub-Saharan Africa ,2024,2337423.0,2337099.728216245
Lithuania,LTU,Europe & Central Asia,1970,3139689.0,3156829.962529859
Lithuania,LTU,Europe & Central Asia,1971,3179041.0,3176931.5853420324
Lithuania,LTU,Europe & Central Asia,1972,3213622.0,3216183.6216433006
Lithuania,LTU,Europe & Central Asia,1973,3244438.0,3250638.436022121
Lithuania,LTU,Europe & Central Asia,1974,3273894.0,3284822.605324547
Lithuania,LTU,Europe & Central Asia,1975,3301652.0,3315447.653494111
Lithuania,LTU,Europe & Central Asia,1976,3328664.0,3344250.407462471
Lithuania,LTU,Europe & Central Asia,1977,3355036.0,3361875.176430458
Lithuania,LTU,Europe & Central Asia,1978,3379514.0,3381624.881520868
Lithuania,LTU,Europe & Central Asia,1979,3397842.0,3411228.9959071763
Lithuania,LTU,Europe & Central Asia,1980,3413202.0,3427861.230051109
Lithuania,LTU,Europe & Central Asia,1981,3432947.0,3440320.1442444134
Lithuania,LTU,Europe & Central Asia,1982,3457179.0,3458222.516570279
Lithuania,LTU,Europe & Central Asia,1983,3485192.0,3481658.250384346
Lithuania,LTU,Europe & Central Asia,1984,3514205.0,3509475.247299676
Lithuania,LTU,Europe & Central Asia,1985,3544543.0,3538596.1146242255
Lithuania,LTU,Europe & Central Asia,1986,3578914.0,3575137.5184773807
Lithuania,LTU,Europe & Central Asia,1987,3616367.0,3613618.2912298283
Lithuania,LTU,Europe & Central Asia,1988,3655049.0,3643687.4617012064
Lithuania,LTU,Europe & Central Asia,1989,3684255.0,3684759.972088714
Lithuania,LTU,Europe & Central Asia,1990,3697838.0,3715823.2997944984
Lithuania,LTU,Europe & Central Asia,1991,3704134.0,3741794.965108054
Lithuania,LTU,Europe & Central Asia,1992,3700114.0,3710440.7197651356
Lithuania,LTU,Europe & Central Asia,1993,3682613.0,3696098.3631526437
Lithuania,LTU,Europe & Central Asia,1994,3657144.0,3665194.7776262425
Lithuania,LTU,Europe & Central Asia,1995,3629102.0,3631851.1440985748
Lithuania,LTU,Europe & Central Asia,1996,3601613.0,3634721.668393728
Lithuania,LTU,Europe & Central Asia,1997,3575137.0,3599977.340605326
Lithuania,LTU,Europe & Central Asia,1998,3549331.0,3566366.4165743245
Lithuania,LTU,Europe & Central Asia,1999,3524238.0,3534647.8016805174
Lithuania,LTU,Europe & Central Asia,2000,3499536.0,3515078.66779144
Lithuania,LTU,Europe & Central Asia,2001,3470818.0,3480159.782641535
Lithuania,LTU,Europe & Central Asia,2002,3443067.0,3448432.8853933597
Lithuania,LTU,Europe & Central Asia,2003,3415213.0,3419848.8878001655
Lithuania,LTU,Europe & Central Asia,2004,3377075.0,3387649.503428622
Lithuania,LTU,Europe & Central Asia,2005,3322528.0,3343000.4492114545
Lithuania,LTU,Europe & Central Asia,2006,3269909.0,3268862.0515585197
Lithuania,LTU,Europe & Central Asia,2007,3231294.0,3218123.328779371
Lithuania,LTU,Europe & Central Asia,2008,3198231.0,3197764.4381742533
Lithuania,LTU,Europe & Central Asia,2009,3162916.0,3163922.461322615
Lithuania,LTU,Europe & Central Asia,2010,3097282.0,3127577.780679278
Lithuania,LTU,Europe & Central Asia,2011,3028115.0,3074194.1454028646
Lithuania,LTU,Europe & Central Asia,2012,2989139.0,3012541.5064231628
Lithuania,LTU,Europe & Central Asia,2013,2961250.0,2957391.251391881
Lithuania,LTU,Europe & Central Asia,2014,2937253.0,2913430.982834791
Lithuania,LTU,Europe & Central Asia,2015,2911109.0,2879575.5540203406
Lithuania,LTU,Europe & Central Asia,2016,2877325.0,2885197.7035488063
Lithuania,LTU,Europe & Central Asia,2017,2842639.0,2843933.070364956
Lithuania,LTU,Europe & Central Asia,2018,2819200.0,2805664.4939757627
Lithuania,LTU,Europe & Central Asia,2019,2811089.0,2771749.1704441574
Lithuania,LTU,Europe & Central Asia,2020,2810369.0,2763162.051161889
Lithuania,LTU,Europe & Central Asia,2021,2808380.0,2809649.1843088204
Lithuania,LTU,Europe & Central Asia,2022,2831639.0,2806392.4078538567
Lithuania,LTU,Europe & Central Asia,2023,2871585.0,2855090.629849532
Lithuania,LTU,Europe & Central Asia,2024,2888278.0,2912094.5188288405
Luxembourg,LUX,Europe & Central Asia,1970,339171.0,339158.1062580567
Luxembourg,LUX,Europe & Central Asia,1971,342421.0,341746.81090253533
Luxembourg,LUX,Europe & Central Asia,1972,346600.0,344917.30740933615
Luxembourg,LUX,Europe & Central Asia,1973,350450.0,347378.46157965815
Luxembourg,LUX,Europe & Central Asia,1974,355050.0,354342.7654665231
Luxembourg,LUX,Europe & Central Asia,1975,358950.0,359710.37947418407
Luxembourg,LUX,Europe & Central Asia,1976,360731.0,361847.450220755
Luxembourg,LUX,Europe & Central Asia,1977,361358.0,363717.49253805744
Luxembourg,LUX,Europe & Central Asia,1978,362007.0,366893.236996537
Luxembourg,LUX,Europe & Central Asia,1979,362856.0,362657.16558755573
Luxembourg,LUX,Europe & Central Asia,1980,364150.0,363706.9911158816
Luxembourg,LUX,Europe & Central Asia,1981,365225.0,366647.8909331149
Luxembourg,LUX,Europe & Central Asia,1982,365525.0,367355.26249195327
Luxembourg,LUX,Europe & Central Asia,1983,365622.0,368716.2857190979
Luxembourg,LUX,Europe & Central Asia,1984,365998.0,367953.8717183827
Luxembourg,LUX,Europe & Central Asia,1985,366706.0,367579.46671393106
Luxembourg,LUX,Europe & Central Asia,1986,368355.0,367411.7243480972
Luxembourg,LUX,Europe & Central Asia,1987,370750.0,368672.4994655276
Luxembourg,LUX,Europe & Central Asia,1988,373450.0,373160.5719834878
Luxembourg,LUX,Europe & Central Asia,1989,377100.0,376169.6628437237
Luxembourg,LUX,Europe & Central Asia,1990,381850.0,380785.674082046
Luxembourg,LUX,Europe & Central Asia,1991,387000.0,386659.8315756396
Luxembourg,LUX,Europe & Central Asia,1992,392175.0,389462.6719638481
Luxembourg,LUX,Europe & Central Asia,1993,397475.0,395241.8917677665
Luxembourg,LUX,Europe & Central Asia,1994,402925.0,401135.4559466386
Luxembourg,LUX,Europe & Central Asia,1995,408625.0,407164.16846961464
Luxembourg,LUX,Europe & Central Asia,1996,414225.0,413358.3393688629
Luxembourg,LUX,Europe & Central Asia,1997,419450.0,418497.93044000404
Luxembourg,LUX,Europe & Central Asia,1998,424700.0,424869.7509722846
Luxembourg,LUX,Europe & Central Asia,1999,430475.0,430771.64828409336
Luxembourg,LUX,Europe & Central Asia,2000,436300.0,436245.91635667987
Luxembourg,LUX,Europe & Central Asia,2001,441525.0,442151.3559252349
Luxembourg,LUX,Europe & Central Asia,2002,446175.0,447851.4317984236
Luxembourg,LUX,Europe & Central Asia,2003,451630.0,453031.9393892641
Luxembourg,LUX,Europe & Central Asia,2004,458095.0,457393.78124409175
Luxembourg,LUX,Europe & Central Asia,2005,465158.0,463797.409766784
Luxembourg,LUX,Europe & Central Asia,2006,472637.0,472329.89873308054
Luxembourg,LUX,Europe & Central Asia,2007,479993.0,480236.2504055124
Luxembourg,LUX,Europe & Central Asia,2008,488650.0,487463.486896815
Luxembourg,LUX,Europe & Central Asia,2009,497783.0,497463.1348212324
Luxembourg,LUX,Europe & Central Asia,2010,506953.0,505128.80169407977
Luxembourg,LUX,Europe & Central Asia,2011,518347.0,514794.64570226317
Luxembourg,LUX,Europe & Central Asia,2012,530946.0,527053.8512388099
Luxembourg,LUX,Europe & Central Asia,2013,543360.0,543851.2326880347
Luxembourg,LUX,Europe & Central Asia,2014,556319.0,553763.2286549502
Luxembourg,LUX,Europe & Central Asia,2015,569604.0,567492.4213078532
Luxembourg,LUX,Europe & Central Asia,2016,582014.0,581537.3912752563
Luxembourg,LUX,Europe & Central Asia,2017,596336.0,594611.2364930913
Luxembourg,LUX,Europe & Central Asia,2018,607950.0,608610.0432533761
Luxembourg,LUX,Europe & Central Asia,2019,620001.0,622984.5893930771
Luxembourg,LUX,Europe & Central Asia,2020,630419.0,634034.7365588654
Luxembourg,LUX,Europe & Central Asia,2021,640064.0,641682.3276424459
Luxembourg,LUX,Europe & Central Asia,2022,653103.0,650114.5131612825
Luxembourg,LUX,Europe & Central Asia,2023,666430.0,666590.9548667462
Luxembourg,LUX,Europe & Central Asia,2024,677012.0,679936.3325846439
Latvia,LVA,Europe & Central Asia,1970,2359164.0,2369256.7362335003
Latvia,LVA,Europe & Central Asia,1971,2376389.0,2383335.33591085
Latvia,LVA,Europe & Central Asia,1972,2395674.0,2399080.9925701832
Latvia,LVA,Europe & Central Asia,1973,2415819.0,2421466.106821972
Latvia,LVA,Europe & Central Asia,1974,2437186.0,2437099.3874430573
Latvia,LVA,Europe & Central Asia,1975,2456130.0,2455708.591243794
Latvia,LVA,Europe & Central Asia,1976,2470989.0,2475659.1017234307
Latvia,LVA,Europe & Central Asia,1977,2485073.0,2493443.834876373
Latvia,LVA,Europe & Central Asia,1978,2497921.0,2499237.2751427027
Latvia,LVA,Europe & Central Asia,1979,2505953.0,2510835.4250984085
Latvia,LVA,Europe & Central Asia,1980,2511701.0,2514010.826886092
Latvia,LVA,Europe & Central Asia,1981,2519421.0,2517462.184437314
Latvia,LVA,Europe & Central Asia,1982,2531080.0,2533561.134362022
Latvia,LVA,Europe & Central Asia,1983,2546011.0,2544221.9075440033
Latvia,LVA,Europe & Central Asia,1984,2562047.0,2557907.423003556
Latvia,LVA,Europe & Central Asia,1985,2578873.0,2574055.1787381433
Latvia,LVA,Europe & Central Asia,1986,2599892.0,2595809.503139062
Latvia,LVA,Europe & Central Asia,1987,2626583.0,2621082.3143349965
Latvia,LVA,Europe & Central Asia,1988,2653434.0,2641286.238571502
Latvia,LVA,Europe & Central Asia,1989,2666955.0,2670355.6577509097
Latvia,LVA,Europe & Central Asia,1990,2663151.0,2684816.2237253664
Latvia,LVA,Europe & Central Asia,1991,2650581.0,2695973.1574676298
Latvia,LVA,Europe & Central Asia,1992,2614338.0,2638070.330190471
Latvia,LVA,Europe & Central Asia,1993,2563290.0,2578590.5734133795
Latvia,LVA,Europe & Central Asia,1994,2520742.0,2513238.7720957557
Latvia,LVA,Europe & Central Asia,1995,2485056.0,2478900.2528600856
Latvia,LVA,Europe & Central Asia,1996,2457222.0,2472613.702848871
Latvia,LVA,Europe & Central Asia,1997,2432851.0,2439091.4266392924
Latvia,LVA,Europe & Central Asia,1998,2410019.0,2413983.882965625
Latvia,LVA,Europe & Central Asia,1999,2390482.0,2373273.2691778643
Latvia,LVA,Europe & Central Asia,2000,2367550.0,2361963.7034538444
Latvia,LVA,Europe & Central Asia,2001,2337170.0,2338029.8714969624
Latvia,LVA,Europe & Central Asia,2002,2310173.0,2308246.967264298
Latvia,LVA,Europe & Central Asia,2003,2287955.0,2285039.933977632
Latvia,LVA,Europe & Central Asia,2004,2263122.0,2264936.8207665607
Latvia,LVA,Europe & Central Asia,2005,2238799.0,2239729.5820412748
Latvia,LVA,Europe & Central Asia,2006,2218357.0,2215766.4898142004
Latvia,LVA,Europe & Central Asia,2007,2200325.0,2193997.1769781727
Latvia,LVA,Europe & Central Asia,2008,2177322.0,2172527.771772316
Latvia,LVA,Europe & Central Asia,2009,2141669.0,2154843.5573299252
Latvia,LVA,Europe & Central Asia,2010,2097555.0,2125840.874259185
Latvia,LVA,Europe & Central Asia,2011,2059709.0,2054349.6583635749
Latvia,LVA,Europe & Central Asia,2012,2034319.0,2022545.8516772503
Latvia,LVA,Europe & Central Asia,2013,2012647.0,2007933.0488285942
Latvia,LVA,Europe & Central Asia,2014,1993782.0,1986586.6055025305
Latvia,LVA,Europe & Central Asia,2015,1977527.0,1968273.7681832807
Latvia,LVA,Europe & Central Asia,2016,1959537.0,1961404.5244611045
Latvia,LVA,Europe & Central Asia,2017,1942248.0,1941710.6591227113
Latvia,LVA,Europe & Central Asia,2018,1927174.0,1917748.1544374898
Latvia,LVA,Europe & Central Asia,2019,1913822.0,1894232.6154606577
Latvia,LVA,Europe & Central Asia,2020,1900449.0,1886979.492167007
Latvia,LVA,Europe & Central Asia,2021,1884490.0,1878065.471724524
Latvia,LVA,Europe & Central Asia,2022,1879383.0,1868544.645990448
Latvia,LVA,Europe & Central Asia,2023,1883710.0,1857110.5073690799
Latvia,LVA,Europe & Central Asia,2024,1866124.0,1888046.962012084
"Macao SAR, China",MAC,East Asia & Pacific,1970,257396.0,266534.01991952606
"Macao SAR, China",MAC,East Asia & Pacific,1971,247400.0,268958.0955890858
"Macao SAR, China",MAC,East Asia & Pacific,1972,245050.0,256647.98421781563
"Macao SAR, China",MAC,East Asia & Pacific,1973,242800.0,270918.3800754554
"Macao SAR, China",MAC,East Asia & Pacific,1974,240550.0,249654.7160097918
"Macao SAR, China",MAC,East Asia & Pacific,1975,238200.0,238076.72628276094
"Macao SAR, China",MAC,East Asia & Pacific,1976,235600.0,235193.48269755882
"Macao SAR, China",MAC,East Asia & Pacific,1977,232950.0,232381.72109503127
"Macao SAR, China",MAC,East Asia & Pacific,1978,232400.0,229662.63000085996
"Macao SAR, China",MAC,East Asia & Pacific,1979,235200.0,227862.00753303294
"Macao SAR, China",MAC,East Asia & Pacific,1980,239650.0,228123.7951601966
"Macao SAR, China",MAC,East Asia & Pacific,1981,244800.0,244184.1942810307
"Macao SAR, China",MAC,East Asia & Pacific,1982,254650.0,250060.67181012075
"Macao SAR, China",MAC,East Asia & Pacific,1983,269300.0,264896.33353641187
"Macao SAR, China",MAC,East Asia & Pacific,1984,282850.0,284792.813533088
"Macao SAR, China",MAC,East Asia & Pacific,1985,289700.0,288301.21511917067
"Macao SAR, China",MAC,East Asia & Pacific,1986,296050.0,296430.73718261236
"Macao SAR, China",MAC,East Asia & Pacific,1987,306850.0,304040.8871137295
"Macao SAR, China",MAC,East Asia & Pacific,1988,316000.0,317497.5402334529
"Macao SAR, China",MAC,East Asia & Pacific,1989,325100.0,329868.3511187486
"Macao SAR, China",MAC,East Asia & Pacific,1990,334950.0,336304.35272352153
"Macao SAR, China",MAC,East Asia & Pacific,1991,351650.0,346824.54206957604
"Macao SAR, China",MAC,East Asia & Pacific,1992,370900.0,361082.4101756969
"Macao SAR, China",MAC,East Asia & Pacific,1993,384000.0,375121.14717353915
"Macao SAR, China",MAC,East Asia & Pacific,1994,396800.0,397268.38904542354
"Macao SAR, China",MAC,East Asia & Pacific,1995,409300.0,410915.0196972105
"Macao SAR, China",MAC,East Asia & Pacific,1996,415100.0,424299.72853467916
"Macao SAR, China",MAC,East Asia & Pacific,1997,417300.0,438452.7338653783
"Macao SAR, China",MAC,East Asia & Pacific,1998,422300.0,419511.6598998295
"Macao SAR, China",MAC,East Asia & Pacific,1999,427400.0,427359.9087559085
"Macao SAR, China",MAC,East Asia & Pacific,2000,430600.0,439133.056427218
"Macao SAR, China",MAC,East Asia & Pacific,2001,433900.0,440400.4030695784
"Macao SAR, China",MAC,East Asia & Pacific,2002,438400.0,441529.7381676898
"Macao SAR, China",MAC,East Asia & Pacific,2003,443600.0,448506.88540950563
"Macao SAR, China",MAC,East Asia & Pacific,2004,454700.0,449607.6940893367
"Macao SAR, China",MAC,East Asia & Pacific,2005,473500.0,454793.31456319394
"Macao SAR, China",MAC,East Asia & Pacific,2006,498900.0,493077.3034634313
"Macao SAR, China",MAC,East Asia & Pacific,2007,520900.0,525662.5341667867
"Macao SAR, China",MAC,East Asia & Pacific,2008,540700.0,543870.1346118711
"Macao SAR, China",MAC,East Asia & Pacific,2009,535000.0,555013.0959619466
"Macao SAR, China",MAC,East Asia & Pacific,2010,537000.0,556794.6334867488
"Macao SAR, China",MAC,East Asia & Pacific,2011,549600.0,549871.6078191743
"Macao SAR, China",MAC,East Asia & Pacific,2012,567900.0,563578.6780809374
"Macao SAR, China",MAC,East Asia & Pacific,2013,591900.0,583703.1006804602
"Macao SAR, China",MAC,East Asia & Pacific,2014,621700.0,609499.173764061
"Macao SAR, China",MAC,East Asia & Pacific,2015,642900.0,622255.0890187436
"Macao SAR, China",MAC,East Asia & Pacific,2016,652500.0,661271.9307837838
"Macao SAR, China",MAC,East Asia & Pacific,2017,648400.0,669036.8542934734
"Macao SAR, China",MAC,East Asia & Pacific,2018,658900.0,678210.3222686639
"Macao SAR, China",MAC,East Asia & Pacific,2019,672000.0,674327.9430034901
"Macao SAR, China",MAC,East Asia & Pacific,2020,685400.0,685360.4493510143
"Macao SAR, China",MAC,East Asia & Pacific,2021,682500.0,702424.0824383304
"Macao SAR, China",MAC,East Asia & Pacific,2022,677300.0,712056.7795750715
"Macao SAR, China",MAC,East Asia & Pacific,2023,678800.0,704537.354260167
"Macao SAR, China",MAC,East Asia & Pacific,2024,687000.0,697222.8103428002
St. Martin (French part),MAF,Latin America & Caribbean ,1970,6047.0,6082.146869833942
St. Martin (French part),MAF,Latin America & Caribbean ,1971,6228.0,6266.669334312227
St. Martin (French part),MAF,Latin America & Caribbean ,1972,6409.0,6414.417727936376
St. Martin (French part),MAF,Latin America & Caribbean ,1973,6596.0,6595.260276366652
St. Martin (French part),MAF,Latin America & Caribbean ,1974,6801.0,6788.456233302233
St. Martin (French part),MAF,Latin America & Caribbean ,1975,7038.0,7038.111456289878
St. Martin (French part),MAF,Latin America & Caribbean ,1976,7303.0,7280.571231950163
St. Martin (French part),MAF,Latin America & Caribbean ,1977,7569.0,7494.008487409186
St. Martin (French part),MAF,Latin America & Caribbean ,1978,7822.0,7844.688621846737
St. Martin (French part),MAF,Latin America & Caribbean ,1979,8063.0,8075.828322854001
St. Martin (French part),MAF,Latin America & Caribbean ,1980,8288.0,8324.932756794145
St. Martin (French part),MAF,Latin America & Caribbean ,1981,8498.0,8592.648507437658
St. Martin (French part),MAF,Latin America & Caribbean ,1982,9494.0,8713.3209465536
St. Martin (French part),MAF,Latin America & Caribbean ,1983,11485.0,9404.178291809527
St. Martin (French part),MAF,Latin America & Caribbean ,1984,13733.0,13893.535359128447
St. Martin (French part),MAF,Latin America & Caribbean ,1985,16095.0,16421.009083286775
St. Martin (French part),MAF,Latin America & Caribbean ,1986,18558.0,18863.250942063554
St. Martin (French part),MAF,Latin America & Caribbean ,1987,21108.0,20502.561980160735
St. Martin (French part),MAF,Latin America & Caribbean ,1988,23749.0,23569.50943209556
St. Martin (French part),MAF,Latin America & Caribbean ,1989,26453.0,26792.43469721167
St. Martin (French part),MAF,Latin America & Caribbean ,1990,28224.0,31507.208842002336
St. Martin (French part),MAF,Latin America & Caribbean ,1991,28800.0,30113.566605404987
St. Martin (French part),MAF,Latin America & Caribbean ,1992,29081.0,32579.29902567269
St. Martin (French part),MAF,Latin America & Caribbean ,1993,29282.0,32243.35749570844
St. Martin (French part),MAF,Latin America & Caribbean ,1994,29413.0,31852.09409091787
St. Martin (French part),MAF,Latin America & Caribbean ,1995,29470.0,31450.93638586653
St. Martin (French part),MAF,Latin America & Caribbean ,1996,29443.0,31023.9207637452
St. Martin (French part),MAF,Latin America & Caribbean ,1997,29323.0,30552.130308942884
St. Martin (French part),MAF,Latin America & Caribbean ,1998,29107.0,31168.114173463942
St. Martin (French part),MAF,Latin America & Caribbean ,1999,29284.0,30105.681124096252
St. Martin (French part),MAF,Latin America & Caribbean ,2000,29996.0,29404.21025206699
St. Martin (French part),MAF,Latin America & Caribbean ,2001,30803.0,29687.036438214906
St. Martin (French part),MAF,Latin America & Caribbean ,2002,31604.0,31631.71119972063
St. Martin (French part),MAF,Latin America & Caribbean ,2003,32395.0,32425.82917497382
St. Martin (French part),MAF,Latin America & Caribbean ,2004,33171.0,33205.79752660791
St. Martin (French part),MAF,Latin America & Caribbean ,2005,33928.0,33609.9042776873
St. Martin (French part),MAF,Latin America & Caribbean ,2006,34658.0,34466.72766585116
St. Martin (French part),MAF,Latin America & Caribbean ,2007,35337.0,35198.53448666513
St. Martin (French part),MAF,Latin America & Caribbean ,2008,35958.0,36259.19902499172
St. Martin (French part),MAF,Latin America & Caribbean ,2009,36502.0,36589.913237631015
St. Martin (French part),MAF,Latin America & Caribbean ,2010,36856.0,37306.90739059859
St. Martin (French part),MAF,Latin America & Caribbean ,2011,37069.0,37213.433134541476
St. Martin (French part),MAF,Latin America & Caribbean ,2012,37276.0,37283.23098353159
St. Martin (French part),MAF,Latin America & Caribbean ,2013,37419.0,37484.155923589286
St. Martin (French part),MAF,Latin America & Caribbean ,2014,37450.0,37923.37828874681
St. Martin (French part),MAF,Latin America & Caribbean ,2015,37369.0,37863.23938086084
St. Martin (French part),MAF,Latin America & Caribbean ,2016,37175.0,37683.019019896754
St. Martin (French part),MAF,Latin America & Caribbean ,2017,36837.0,37385.03417009814
St. Martin (French part),MAF,Latin America & Caribbean ,2018,36012.0,36935.98305737822
St. Martin (French part),MAF,Latin America & Caribbean ,2019,34267.0,35205.47668669277
St. Martin (French part),MAF,Latin America & Caribbean ,2020,31786.0,32606.555875312977
St. Martin (French part),MAF,Latin America & Caribbean ,2021,29961.0,29484.62943194296
St. Martin (French part),MAF,Latin America & Caribbean ,2022,28870.0,28240.78273503802
St. Martin (French part),MAF,Latin America & Caribbean ,2023,27515.0,28049.869834538673
St. Martin (French part),MAF,Latin America & Caribbean ,2024,26129.0,26588.499211579583
Morocco,MAR,"Middle East, North Africa, Afghanistan & Pakistan",1970,15129449.0,15127432.076532112
Morocco,MAR,"Middle East, North Africa, Afghanistan & Pakistan",1971,15527225.0,15533996.711394167
Morocco,MAR,"Middle East, North Africa, Afghanistan & Pakistan",1972,15924692.0,15941248.554536123
Morocco,MAR,"Middle East, North Africa, Afghanistan & Pakistan",1973,16326269.0,16366005.451576974
Morocco,MAR,"Middle East, North Africa, Afghanistan & Pakistan",1974,16733842.0,16738010.489452593
Morocco,MAR,"Middle East, North Africa, Afghanistan & Pakistan",1975,17150786.0,17153201.748784024
Morocco,MAR,"Middle East, North Africa, Afghanistan & Pakistan",1976,17574182.0,17599117.664605472
Morocco,MAR,"Middle East, North Africa, Afghanistan & Pakistan",1977,18014756.0,18028483.32568734
Morocco,MAR,"Middle East, North Africa, Afghanistan & Pakistan",1978,18477385.0,18476154.47119539
Morocco,MAR,"Middle East, North Africa, Afghanistan & Pakistan",1979,18955589.0,18951608.59239679
Morocco,MAR,"Middle East, North Africa, Afghanistan & Pakistan",1980,19459943.0,19424360.027813323
Morocco,MAR,"Middle East, North Africa, Afghanistan & Pakistan",1981,19985401.0,19977524.919832602
Morocco,MAR,"Middle East, North Africa, Afghanistan & Pakistan",1982,20520318.0,20524700.73053048
Morocco,MAR,"Middle East, North Africa, Afghanistan & Pakistan",1983,21060696.0,21069436.535896998
Morocco,MAR,"Middle East, North Africa, Afghanistan & Pakistan",1984,21593778.0,21605748.87660783
Morocco,MAR,"Middle East, North Africa, Afghanistan & Pakistan",1985,22113953.0,22153708.406701993
Morocco,MAR,"Middle East, North Africa, Afghanistan & Pakistan",1986,22600803.0,22646658.556230012
Morocco,MAR,"Middle East, North Africa, Afghanistan & Pakistan",1987,23054392.0,23098936.658469062
Morocco,MAR,"Middle East, North Africa, Afghanistan & Pakistan",1988,23500524.0,23517084.349564686
Morocco,MAR,"Middle East, North Africa, Afghanistan & Pakistan",1989,23939414.0,23955289.225423288
Morocco,MAR,"Middle East, North Africa, Afghanistan & Pakistan",1990,24375551.0,24496880.340663992
Morocco,MAR,"Middle East, North Africa, Afghanistan & Pakistan",1991,24799014.0,24919342.901321296
Morocco,MAR,"Middle East, North Africa, Afghanistan & Pakistan",1992,25212468.0,25326397.4822398
Morocco,MAR,"Middle East, North Africa, Afghanistan & Pakistan",1993,25614586.0,25722006.175855223
Morocco,MAR,"Middle East, North Africa, Afghanistan & Pakistan",1994,26000822.0,26105215.19851637
Morocco,MAR,"Middle East, North Africa, Afghanistan & Pakistan",1995,26399429.0,26473217.884026825
Morocco,MAR,"Middle East, North Africa, Afghanistan & Pakistan",1996,26808107.0,26859089.555220757
Morocco,MAR,"Middle East, North Africa, Afghanistan & Pakistan",1997,27213337.0,27261391.532731
Morocco,MAR,"Middle East, North Africa, Afghanistan & Pakistan",1998,27621648.0,27660439.259436756
Morocco,MAR,"Middle East, North Africa, Afghanistan & Pakistan",1999,28027179.0,28064982.50529263
Morocco,MAR,"Middle East, North Africa, Afghanistan & Pakistan",2000,28423435.0,28499141.679071143
Morocco,MAR,"Middle East, North Africa, Afghanistan & Pakistan",2001,28814643.0,28895283.110397555
Morocco,MAR,"Middle East, North Africa, Afghanistan & Pakistan",2002,29198142.0,29219279.89869474
Morocco,MAR,"Middle East, North Africa, Afghanistan & Pakistan",2003,29571415.0,29588274.723360296
Morocco,MAR,"Middle East, North Africa, Afghanistan & Pakistan",2004,29953018.0,29958608.82196697
Morocco,MAR,"Middle East, North Africa, Afghanistan & Pakistan",2005,30358144.0,30376458.06473876
Morocco,MAR,"Middle East, North Africa, Afghanistan & Pakistan",2006,30771178.0,30780585.13060105
Morocco,MAR,"Middle East, North Africa, Afghanistan & Pakistan",2007,31186468.0,31194160.637803465
Morocco,MAR,"Middle East, North Africa, Afghanistan & Pakistan",2008,31606767.0,31610428.350370012
Morocco,MAR,"Middle East, North Africa, Afghanistan & Pakistan",2009,32030778.0,32023157.64860412
Morocco,MAR,"Middle East, North Africa, Afghanistan & Pakistan",2010,32467016.0,32458834.8424487
Morocco,MAR,"Middle East, North Africa, Afghanistan & Pakistan",2011,32912588.0,32900350.82992382
Morocco,MAR,"Middle East, North Africa, Afghanistan & Pakistan",2012,33355241.0,33341721.607311536
Morocco,MAR,"Middle East, North Africa, Afghanistan & Pakistan",2013,33787571.0,33801399.662426464
Morocco,MAR,"Middle East, North Africa, Afghanistan & Pakistan",2014,34204780.0,34255928.910943516
Morocco,MAR,"Middle East, North Africa, Afghanistan & Pakistan",2015,34607588.0,34627373.395365424
Morocco,MAR,"Middle East, North Africa, Afghanistan & Pakistan",2016,35023457.0,35015331.82906785
Morocco,MAR,"Middle East, North Africa, Afghanistan & Pakistan",2017,35446392.0,35441395.76155091
Morocco,MAR,"Middle East, North Africa, Afghanistan & Pakistan",2018,35839760.0,35873785.24504649
Morocco,MAR,"Middle East, North Africa, Afghanistan & Pakistan",2019,36210898.0,36290277.750750646
Morocco,MAR,"Middle East, North Africa, Afghanistan & Pakistan",2020,36584208.0,36653003.64512773
Morocco,MAR,"Middle East, North Africa, Afghanistan & Pakistan",2021,36954442.0,37016925.22614391
Morocco,MAR,"Middle East, North Africa, Afghanistan & Pakistan",2022,37329064.0,37377834.97605425
Morocco,MAR,"Middle East, North Africa, Afghanistan & Pakistan",2023,37712505.0,37744981.79185357
Morocco,MAR,"Middle East, North Africa, Afghanistan & Pakistan",2024,38081173.0,38123928.54476151
Monaco,MCO,Europe & Central Asia,1970,24229.0,24007.595557962046
Monaco,MCO,Europe & Central Asia,1971,24576.0,24356.425243594804
Monaco,MCO,Europe & Central Asia,1972,24862.0,24928.324692535552
Monaco,MCO,Europe & Central Asia,1973,25072.0,25151.328289861744
Monaco,MCO,Europe & Central Asia,1974,25235.0,25352.117128309786
Monaco,MCO,Europe & Central Asia,1975,25500.0,25629.59614170048
Monaco,MCO,Europe & Central Asia,1976,25895.0,25777.696648652927
Monaco,MCO,Europe & Central Asia,1977,26273.0,26209.373057180866
Monaco,MCO,Europe & Central Asia,1978,26605.0,26608.55019464026
Monaco,MCO,Europe & Central Asia,1979,26892.0,26842.71812091998
Monaco,MCO,Europe & Central Asia,1980,27122.0,27205.424531894307
Monaco,MCO,Europe & Central Asia,1981,27293.0,27420.937548850976
Monaco,MCO,Europe & Central Asia,1982,27561.0,27577.35880685918
Monaco,MCO,Europe & Central Asia,1983,27960.0,27852.45056575583
Monaco,MCO,Europe & Central Asia,1984,28356.0,28280.387521258635
Monaco,MCO,Europe & Central Asia,1985,28731.0,28613.237686699937
Monaco,MCO,Europe & Central Asia,1986,29093.0,29064.653236910828
Monaco,MCO,Europe & Central Asia,1987,29446.0,29459.561066850252
Monaco,MCO,Europe & Central Asia,1988,29781.0,29779.82675484529
Monaco,MCO,Europe & Central Asia,1989,30084.0,30120.577271508515
Monaco,MCO,Europe & Central Asia,1990,30358.0,30498.11810178869
Monaco,MCO,Europe & Central Asia,1991,30625.0,30634.49554670856
Monaco,MCO,Europe & Central Asia,1992,30887.0,30985.81305010887
Monaco,MCO,Europe & Central Asia,1993,31136.0,31230.9559507537
Monaco,MCO,Europe & Central Asia,1994,31375.0,31461.600151306444
Monaco,MCO,Europe & Central Asia,1995,31609.0,31683.4090060114
Monaco,MCO,Europe & Central Asia,1996,31837.0,31901.657506580566
Monaco,MCO,Europe & Central Asia,1997,32063.0,32115.663297336327
Monaco,MCO,Europe & Central Asia,1998,32267.0,32327.282035551863
Monaco,MCO,Europe & Central Asia,1999,32410.0,32519.36787088069
Monaco,MCO,Europe & Central Asia,2000,32455.0,32646.878666540415
Monaco,MCO,Europe & Central Asia,2001,32447.0,32500.062484194492
Monaco,MCO,Europe & Central Asia,2002,32422.0,32439.00197286389
Monaco,MCO,Europe & Central Asia,2003,32374.0,32397.019262151876
Monaco,MCO,Europe & Central Asia,2004,32307.0,32326.071063633215
Monaco,MCO,Europe & Central Asia,2005,32210.0,32385.500622890944
Monaco,MCO,Europe & Central Asia,2006,32057.0,32251.56468109186
Monaco,MCO,Europe & Central Asia,2007,31837.0,32056.305508060894
Monaco,MCO,Europe & Central Asia,2008,31836.0,31789.589712446217
Monaco,MCO,Europe & Central Asia,2009,32364.0,31769.035778448844
Monaco,MCO,Europe & Central Asia,2010,33163.0,31928.732911585976
Monaco,MCO,Europe & Central Asia,2011,33946.0,33981.72564824381
Monaco,MCO,Europe & Central Asia,2012,34711.0,34747.48714502619
Monaco,MCO,Europe & Central Asia,2013,35447.0,35493.23988209814
Monaco,MCO,Europe & Central Asia,2014,36128.0,35814.208551142285
Monaco,MCO,Europe & Central Asia,2015,36757.0,36591.74807545709
Monaco,MCO,Europe & Central Asia,2016,37276.0,37191.21085003295
Monaco,MCO,Europe & Central Asia,2017,37678.0,38149.554061653784
Monaco,MCO,Europe & Central Asia,2018,38154.0,38084.33534017972
Monaco,MCO,Europe & Central Asia,2019,38109.0,38858.14454821386
Monaco,MCO,Europe & Central Asia,2020,38050.0,38702.20782913146
Monaco,MCO,Europe & Central Asia,2021,38527.0,38535.58805784909
Monaco,MCO,Europe & Central Asia,2022,38931.0,38976.09334657414
Monaco,MCO,Europe & Central Asia,2023,38956.0,39338.66025603637
Monaco,MCO,Europe & Central Asia,2024,38631.0,39488.62691063101
Moldova,MDA,Europe & Central Asia,1970,2437590.0,2450948.788401732
Moldova,MDA,Europe & Central Asia,1971,2460611.0,2477873.2512726067
Moldova,MDA,Europe & Central Asia,1972,2484742.0,2498130.360631949
Moldova,MDA,Europe & Central Asia,1973,2510584.0,2519988.349752523
Moldova,MDA,Europe & Central Asia,1974,2538164.0,2544115.418190615
Moldova,MDA,Europe & Central Asia,1975,2566998.0,2570444.135599361
Moldova,MDA,Europe & Central Asia,1976,2596491.0,2598286.859313169
Moldova,MDA,Europe & Central Asia,1977,2626298.0,2627731.7801355706
Moldova,MDA,Europe & Central Asia,1978,2656211.0,2653671.3996736896
Moldova,MDA,Europe & Central Asia,1979,2683035.0,2685256.768642975
Moldova,MDA,Europe & Central Asia,1980,2708675.0,2711743.416811101
Moldova,MDA,Europe & Central Asia,1981,2735987.0,2741358.836954599
Moldova,MDA,Europe & Central Asia,1982,2763101.0,2763545.259350748
Moldova,MDA,Europe & Central Asia,1983,2791207.0,2790530.5575583815
Moldova,MDA,Europe & Central Asia,1984,2820518.0,2820841.9265523525
Moldova,MDA,Europe & Central Asia,1985,2850787.0,2850187.989262932
Moldova,MDA,Europe & Central Asia,1986,2883057.0,2879459.8319673464
Moldova,MDA,Europe & Central Asia,1987,2916306.0,2909537.2966726716
Moldova,MDA,Europe & Central Asia,1988,2948891.0,2949709.065790009
Moldova,MDA,Europe & Central Asia,1989,2970039.0,2980002.4320204994
Moldova,MDA,Europe & Central Asia,1990,2977912.0,3006132.35380179
Moldova,MDA,Europe & Central Asia,1991,2981566.0,2985805.8702270845
Moldova,MDA,Europe & Central Asia,1992,2980965.0,2985224.4835726456
Moldova,MDA,Europe & Central Asia,1993,2975966.0,2980364.1212718613
Moldova,MDA,Europe & Central Asia,1994,2966745.0,2970975.3833246054
Moldova,MDA,Europe & Central Asia,1995,2953200.0,2979916.9059850057
Moldova,MDA,Europe & Central Asia,1996,2947293.0,2961098.227775068
Moldova,MDA,Europe & Central Asia,1997,2936413.0,2950753.9388702423
Moldova,MDA,Europe & Central Asia,1998,2935227.0,2935024.8715555114
Moldova,MDA,Europe & Central Asia,1999,2930622.0,2933646.604645063
Moldova,MDA,Europe & Central Asia,2000,2924668.0,2922976.718848308
Moldova,MDA,Europe & Central Asia,2001,2918135.0,2914646.231397712
Moldova,MDA,Europe & Central Asia,2002,2911385.0,2911216.218846622
Moldova,MDA,Europe & Central Asia,2003,2903198.0,2902988.0638427567
Moldova,MDA,Europe & Central Asia,2004,2896023.0,2897842.204626729
Moldova,MDA,Europe & Central Asia,2005,2888985.0,2892224.770421155
Moldova,MDA,Europe & Central Asia,2006,2880967.0,2884929.7835246706
Moldova,MDA,Europe & Central Asia,2007,2874299.0,2877134.6667563417
Moldova,MDA,Europe & Central Asia,2008,2868833.0,2868226.6171604637
Moldova,MDA,Europe & Central Asia,2009,2865213.0,2860936.3988305707
Moldova,MDA,Europe & Central Asia,2010,2862354.0,2861575.9764140355
Moldova,MDA,Europe & Central Asia,2011,2860699.0,2859495.435089951
Moldova,MDA,Europe & Central Asia,2012,2860324.0,2858647.82944348
Moldova,MDA,Europe & Central Asia,2013,2859558.0,2859565.09978261
Moldova,MDA,Europe & Central Asia,2014,2857815.0,2855534.75764923
Moldova,MDA,Europe & Central Asia,2015,2835978.0,2854365.459006738
Moldova,MDA,Europe & Central Asia,2016,2803186.0,2843196.207010318
Moldova,MDA,Europe & Central Asia,2017,2755189.0,2770773.1693123826
Moldova,MDA,Europe & Central Asia,2018,2707203.0,2708013.819699123
Moldova,MDA,Europe & Central Asia,2019,2664224.0,2660052.7523488053
Moldova,MDA,Europe & Central Asia,2020,2635130.0,2643074.0473347986
Moldova,MDA,Europe & Central Asia,2021,2595809.0,2611191.3105871896
Moldova,MDA,Europe & Central Asia,2022,2528654.0,2567971.68514497
Moldova,MDA,Europe & Central Asia,2023,2457783.0,2519697.2098430907
Moldova,MDA,Europe & Central Asia,2024,2402306.0,2450852.684240024
Madagascar,MDG,Sub-Saharan Africa ,1970,6672003.0,6667939.258478213
Madagascar,MDG,Sub-Saharan Africa ,1971,6868868.0,6863853.010378843
Madagascar,MDG,Sub-Saharan Africa ,1972,7074398.0,7071541.724511811
Madagascar,MDG,Sub-Saharan Africa ,1973,7288048.0,7271384.984245807
Madagascar,MDG,Sub-Saharan Africa ,1974,7509726.0,7494223.440823067
Madagascar,MDG,Sub-Saharan Africa ,1975,7739336.0,7725587.87178068
Madagascar,MDG,Sub-Saharan Africa ,1976,7976831.0,7965112.18962331
Madagascar,MDG,Sub-Saharan Africa ,1977,8222240.0,8212682.668558168
Madagascar,MDG,Sub-Saharan Africa ,1978,8475864.0,8468154.573447164
Madagascar,MDG,Sub-Saharan Africa ,1979,8737581.0,8731569.452896642
Madagascar,MDG,Sub-Saharan Africa ,1980,9006032.0,9003289.361908548
Madagascar,MDG,Sub-Saharan Africa ,1981,9279011.0,9281169.324914638
Madagascar,MDG,Sub-Saharan Africa ,1982,9557671.0,9564141.73219822
Madagascar,MDG,Sub-Saharan Africa ,1983,9843044.0,9844720.413751766
Madagascar,MDG,Sub-Saharan Africa ,1984,10134550.0,10136949.501606874
Madagascar,MDG,Sub-Saharan Africa ,1985,10433142.0,10434980.892607043
Madagascar,MDG,Sub-Saharan Africa ,1986,10736857.0,10741492.815920413
Madagascar,MDG,Sub-Saharan Africa ,1987,11047291.0,11060012.891807158
Madagascar,MDG,Sub-Saharan Africa ,1988,11369462.0,11377414.589006394
Madagascar,MDG,Sub-Saharan Africa ,1989,11704998.0,11707018.853779096
Madagascar,MDG,Sub-Saharan Africa ,1990,12055639.0,12050911.969540315
Madagascar,MDG,Sub-Saharan Africa ,1991,12421412.0,12408055.610905236
Madagascar,MDG,Sub-Saharan Africa ,1992,12800870.0,12798238.292174637
Madagascar,MDG,Sub-Saharan Africa ,1993,13197345.0,13191904.23041104
Madagascar,MDG,Sub-Saharan Africa ,1994,13613850.0,13605703.101624997
Madagascar,MDG,Sub-Saharan Africa ,1995,14051275.0,14038370.02601761
Madagascar,MDG,Sub-Saharan Africa ,1996,14510711.0,14477514.740918782
Madagascar,MDG,Sub-Saharan Africa ,1997,14990814.0,14957117.369423786
Madagascar,MDG,Sub-Saharan Africa ,1998,15489364.0,15458523.930100858
Madagascar,MDG,Sub-Saharan Africa ,1999,16000506.0,15978950.324129682
Madagascar,MDG,Sub-Saharan Africa ,2000,16516338.0,16511711.448821181
Madagascar,MDG,Sub-Saharan Africa ,2001,17032939.0,17047596.44677875
Madagascar,MDG,Sub-Saharan Africa ,2002,17549913.0,17594377.411291126
Madagascar,MDG,Sub-Saharan Africa ,2003,18071854.0,18082577.89895659
Madagascar,MDG,Sub-Saharan Africa ,2004,18606608.0,18609317.72149527
Madagascar,MDG,Sub-Saharan Africa ,2005,19159707.0,19157185.60280857
Madagascar,MDG,Sub-Saharan Africa ,2006,19730909.0,19760745.14756304
Madagascar,MDG,Sub-Saharan Africa ,2007,20318583.0,20342636.724364635
Madagascar,MDG,Sub-Saharan Africa ,2008,20923840.0,20940664.93850356
Madagascar,MDG,Sub-Saharan Africa ,2009,21547280.0,21570448.026104093
Madagascar,MDG,Sub-Saharan Africa ,2010,22183340.0,22197040.52297964
Madagascar,MDG,Sub-Saharan Africa ,2011,22822300.0,22847679.021395937
Madagascar,MDG,Sub-Saharan Africa ,2012,23462438.0,23479878.759730656
Madagascar,MDG,Sub-Saharan Africa ,2013,24109290.0,24120714.74507237
Madagascar,MDG,Sub-Saharan Africa ,2014,24764348.0,24774495.803827412
Madagascar,MDG,Sub-Saharan Africa ,2015,25426702.0,25439101.559322856
Madagascar,MDG,Sub-Saharan Africa ,2016,26099952.0,26106771.5009091
Madagascar,MDG,Sub-Saharan Africa ,2017,26788375.0,26836233.86629851
Madagascar,MDG,Sub-Saharan Africa ,2018,27494926.0,27534172.303195342
Madagascar,MDG,Sub-Saharan Africa ,2019,28219554.0,28249889.820857253
Madagascar,MDG,Sub-Saharan Africa ,2020,28953556.0,28984899.08329366
Madagascar,MDG,Sub-Saharan Africa ,2021,29691083.0,29729387.012372587
Madagascar,MDG,Sub-Saharan Africa ,2022,30437261.0,30478223.869218346
Madagascar,MDG,Sub-Saharan Africa ,2023,31195932.0,31235951.830781832
Madagascar,MDG,Sub-Saharan Africa ,2024,31964956.0,31976715.373626772
Maldives,MDV,South Asia,1970,123219.0,123217.8270238418
Maldives,MDV,South Asia,1971,127035.0,127064.45012378343
Maldives,MDV,South Asia,1972,130968.0,131585.43047931697
Maldives,MDV,South Asia,1973,134952.0,135222.40252956952
Maldives,MDV,South Asia,1974,138978.0,139420.07024259563
Maldives,MDV,South Asia,1975,143158.0,143953.18153637197
Maldives,MDV,South Asia,1976,147525.0,147836.39568552506
Maldives,MDV,South Asia,1977,151930.0,152101.16739783567
Maldives,MDV,South Asia,1978,156159.0,156543.200410292
Maldives,MDV,South Asia,1979,160360.0,160863.4692642137
Maldives,MDV,South Asia,1980,164835.0,164728.56911979118
Maldives,MDV,South Asia,1981,169532.0,169676.6228752667
Maldives,MDV,South Asia,1982,174333.0,174464.40272907118
Maldives,MDV,South Asia,1983,179128.0,179364.37850164497
Maldives,MDV,South Asia,1984,184198.0,184252.13578969808
Maldives,MDV,South Asia,1985,190169.0,189471.94100400206
Maldives,MDV,South Asia,1986,196935.0,194989.3488619987
Maldives,MDV,South Asia,1987,203944.0,203939.40296979222
Maldives,MDV,South Asia,1988,210885.0,211202.4532859827
Maldives,MDV,South Asia,1989,217738.0,218062.228984416
Maldives,MDV,South Asia,1990,224762.0,224577.5947561728
Maldives,MDV,South Asia,1991,231802.0,231915.98548625447
Maldives,MDV,South Asia,1992,238543.0,239548.21770786343
Maldives,MDV,South Asia,1993,244884.0,247364.62815123433
Maldives,MDV,South Asia,1994,250822.0,251393.55780959068
Maldives,MDV,South Asia,1995,256649.0,256903.98592036444
Maldives,MDV,South Asia,1996,262347.0,264313.41370063263
Maldives,MDV,South Asia,1997,267707.0,269791.20323237055
Maldives,MDV,South Asia,1998,272723.0,274898.515778551
Maldives,MDV,South Asia,1999,277412.0,279632.11275768536
Maldives,MDV,South Asia,2000,282019.0,283975.62071106955
Maldives,MDV,South Asia,2001,286767.0,288231.02076599
Maldives,MDV,South Asia,2002,291616.0,292692.8237650704
Maldives,MDV,South Asia,2003,296491.0,297330.651498613
Maldives,MDV,South Asia,2004,301413.0,302055.6177420598
Maldives,MDV,South Asia,2005,306429.0,307472.7443613674
Maldives,MDV,South Asia,2006,313851.0,312077.30799818976
Maldives,MDV,South Asia,2007,324479.0,317896.9408240985
Maldives,MDV,South Asia,2008,336170.0,335466.89801386854
Maldives,MDV,South Asia,2009,348275.0,348282.22752536146
Maldives,MDV,South Asia,2010,360792.0,360815.883716265
Maldives,MDV,South Asia,2011,373674.0,370115.91496443434
Maldives,MDV,South Asia,2012,386818.0,384111.663469065
Maldives,MDV,South Asia,2013,400070.0,398418.47894401726
Maldives,MDV,South Asia,2014,413617.0,411497.2894725728
Maldives,MDV,South Asia,2015,428154.0,427936.6289792662
Maldives,MDV,South Asia,2016,443308.0,443186.47108982014
Maldives,MDV,South Asia,2017,458287.0,458947.2697003899
Maldives,MDV,South Asia,2018,473099.0,474791.8257457524
Maldives,MDV,South Asia,2019,487731.0,490499.564026695
Maldives,MDV,South Asia,2020,502118.0,503081.91359914845
Maldives,MDV,South Asia,2021,516154.0,516929.38512125623
Maldives,MDV,South Asia,2022,524106.0,530582.3565942007
Maldives,MDV,South Asia,2023,525994.0,532180.5108178231
Maldives,MDV,South Asia,2024,527799.0,527888.8013684014
Mexico,MEX,Latin America & Caribbean ,1970,50814953.0,50865778.73338009
Mexico,MEX,Latin America & Caribbean ,1971,52412558.0,52447933.38220845
Mexico,MEX,Latin America & Caribbean ,1972,54030168.0,54060752.0366629
Mexico,MEX,Latin America & Caribbean ,1973,55667284.0,55699400.80177017
Mexico,MEX,Latin America & Caribbean ,1974,57320149.0,57354004.67358352
Mexico,MEX,Latin America & Caribbean ,1975,58982400.0,59153833.01268523
Mexico,MEX,Latin America & Caribbean ,1976,60645512.0,60838499.44205545
Mexico,MEX,Latin America & Caribbean ,1977,62308493.0,62517388.89366661
Mexico,MEX,Latin America & Caribbean ,1978,63979046.0,64191451.247820795
Mexico,MEX,Latin America & Caribbean ,1979,65648865.0,65868841.73650652
Mexico,MEX,Latin America & Caribbean ,1980,67300334.0,67543999.29997377
Mexico,MEX,Latin America & Caribbean ,1981,68892108.0,69196150.52133204
Mexico,MEX,Latin America & Caribbean ,1982,70433260.0,70778806.90953316
Mexico,MEX,Latin America & Caribbean ,1983,71971240.0,72298572.72697239
Mexico,MEX,Latin America & Caribbean ,1984,73506846.0,73814513.12291908
Mexico,MEX,Latin America & Caribbean ,1985,75043414.0,75326899.26783729
Mexico,MEX,Latin America & Caribbean ,1986,76585637.0,76840580.71425095
Mexico,MEX,Latin America & Caribbean ,1987,78136651.0,78362468.0942822
Mexico,MEX,Latin America & Caribbean ,1988,79695531.0,79892378.4394983
Mexico,MEX,Latin America & Caribbean ,1989,81247182.0,81431069.67839612
Mexico,MEX,Latin America & Caribbean ,1990,82820170.0,82965923.02508223
Mexico,MEX,Latin America & Caribbean ,1991,84430572.0,84532539.59990743
Mexico,MEX,Latin America & Caribbean ,1992,86044809.0,86148634.56967117
Mexico,MEX,Latin America & Caribbean ,1993,87653807.0,87769771.6835253
Mexico,MEX,Latin America & Caribbean ,1994,89259205.0,89385416.24419348
Mexico,MEX,Latin America & Caribbean ,1995,90862455.0,90996908.43231615
Mexico,MEX,Latin America & Caribbean ,1996,92452702.0,92605261.35342832
Mexico,MEX,Latin America & Caribbean ,1997,94021207.0,94197832.73446207
Mexico,MEX,Latin America & Caribbean ,1998,95575245.0,95641466.03143746
Mexico,MEX,Latin America & Caribbean ,1999,97115707.0,97316507.11032532
Mexico,MEX,Latin America & Caribbean ,2000,98625552.0,98849189.077184
Mexico,MEX,Latin America & Caribbean ,2001,100099099.0,100344193.08054844
Mexico,MEX,Latin America & Caribbean ,2002,101548624.0,101797013.83636878
Mexico,MEX,Latin America & Caribbean ,2003,102978515.0,103222507.5612079
Mexico,MEX,Latin America & Caribbean ,2004,104394131.0,104627510.41067228
Mexico,MEX,Latin America & Caribbean ,2005,105811504.0,106016911.99959174
Mexico,MEX,Latin America & Caribbean ,2006,107253666.0,107410188.05868374
Mexico,MEX,Latin America & Caribbean ,2007,108774360.0,108834963.46842657
Mexico,MEX,Latin America & Caribbean ,2008,110374288.0,110349205.71245795
Mexico,MEX,Latin America & Caribbean ,2009,111999721.0,111942219.54617658
Mexico,MEX,Latin America & Caribbean ,2010,113623895.0,113504965.96766146
Mexico,MEX,Latin America & Caribbean ,2011,115243504.0,115272021.47559382
Mexico,MEX,Latin America & Caribbean ,2012,116818208.0,116886500.75903763
Mexico,MEX,Latin America & Caribbean ,2013,118343573.0,118466774.22310892
Mexico,MEX,Latin America & Caribbean ,2014,119784261.0,119889591.38677609
Mexico,MEX,Latin America & Caribbean ,2015,121072306.0,121243711.86665736
Mexico,MEX,Latin America & Caribbean ,2016,122251351.0,122374201.40603834
Mexico,MEX,Latin America & Caribbean ,2017,123400057.0,123441877.96079038
Mexico,MEX,Latin America & Caribbean ,2018,124573711.0,124559556.54515421
Mexico,MEX,Latin America & Caribbean ,2019,125762982.0,126055208.61632872
Mexico,MEX,Latin America & Caribbean ,2020,126799054.0,127190427.94394964
Mexico,MEX,Latin America & Caribbean ,2021,127648148.0,128153960.81573136
Mexico,MEX,Latin America & Caribbean ,2022,128613117.0,128911823.5746728
Mexico,MEX,Latin America & Caribbean ,2023,129739759.0,129808840.4626076
Mexico,MEX,Latin America & Caribbean ,2024,130861007.0,130895814.50974557
Marshall Islands,MHL,East Asia & Pacific,1970,22530.0,22852.835817332398
Marshall Islands,MHL,East Asia & Pacific,1971,23366.0,23825.435361610555
Marshall Islands,MHL,East Asia & Pacific,1972,23992.0,24411.96820523735
Marshall Islands,MHL,East Asia & Pacific,1973,24581.0,25044.579706873545
Marshall Islands,MHL,East Asia & Pacific,1974,25296.0,25184.45986032942
Marshall Islands,MHL,East Asia & Pacific,1975,26154.0,26031.797561236504
Marshall Islands,MHL,East Asia & Pacific,1976,27021.0,27041.10198852907
Marshall Islands,MHL,East Asia & Pacific,1977,27906.0,28156.580453033963
Marshall Islands,MHL,East Asia & Pacific,1978,28809.0,29149.687997977046
Marshall Islands,MHL,East Asia & Pacific,1979,29738.0,29750.031433609118
Marshall Islands,MHL,East Asia & Pacific,1980,30774.0,30669.255418367375
Marshall Islands,MHL,East Asia & Pacific,1981,32017.0,31730.217241779326
Marshall Islands,MHL,East Asia & Pacific,1982,33397.0,32828.446029308514
Marshall Islands,MHL,East Asia & Pacific,1983,34811.0,34836.48089949729
Marshall Islands,MHL,East Asia & Pacific,1984,36264.0,36284.86753560581
Marshall Islands,MHL,East Asia & Pacific,1985,37761.0,37777.6477555797
Marshall Islands,MHL,East Asia & Pacific,1986,39286.0,39191.56488724952
Marshall Islands,MHL,East Asia & Pacific,1987,40828.0,40807.730398561456
Marshall Islands,MHL,East Asia & Pacific,1988,42321.0,42444.98128544431
Marshall Islands,MHL,East Asia & Pacific,1989,43586.0,44198.89214435498
Marshall Islands,MHL,East Asia & Pacific,1990,44629.0,44890.23552098589
Marshall Islands,MHL,East Asia & Pacific,1991,45568.0,45696.95868684965
Marshall Islands,MHL,East Asia & Pacific,1992,46388.0,46526.75668472778
Marshall Islands,MHL,East Asia & Pacific,1993,47093.0,47222.75597341769
Marshall Islands,MHL,East Asia & Pacific,1994,47712.0,48480.301070279915
Marshall Islands,MHL,East Asia & Pacific,1995,48266.0,48968.267572997305
Marshall Islands,MHL,East Asia & Pacific,1996,48775.0,49382.721900666096
Marshall Islands,MHL,East Asia & Pacific,1997,49259.0,49748.4326616282
Marshall Islands,MHL,East Asia & Pacific,1998,49717.0,50096.92929866113
Marshall Islands,MHL,East Asia & Pacific,1999,50202.0,50449.374913849395
Marshall Islands,MHL,East Asia & Pacific,2000,50706.0,50862.67873420623
Marshall Islands,MHL,East Asia & Pacific,2001,51123.0,51311.50719187711
Marshall Islands,MHL,East Asia & Pacific,2002,51425.0,51830.56193730371
Marshall Islands,MHL,East Asia & Pacific,2003,51639.0,52145.45807130052
Marshall Islands,MHL,East Asia & Pacific,2004,51791.0,51853.890541870445
Marshall Islands,MHL,East Asia & Pacific,2005,51906.0,51943.44741524965
Marshall Islands,MHL,East Asia & Pacific,2006,51992.0,52021.25535398317
Marshall Islands,MHL,East Asia & Pacific,2007,52035.0,52304.926074494026
Marshall Islands,MHL,East Asia & Pacific,2008,52030.0,52299.0467920898
Marshall Islands,MHL,East Asia & Pacific,2009,52019.0,52237.16521735831
Marshall Islands,MHL,East Asia & Pacific,2010,52044.0,52167.684884403214
Marshall Islands,MHL,East Asia & Pacific,2011,51907.0,52147.66160388614
Marshall Islands,MHL,East Asia & Pacific,2012,51419.0,51961.78699890124
Marshall Islands,MHL,East Asia & Pacific,2013,50681.0,50935.58791072738
Marshall Islands,MHL,East Asia & Pacific,2014,49796.0,49953.59227745981
Marshall Islands,MHL,East Asia & Pacific,2015,48800.0,48926.45401955585
Marshall Islands,MHL,East Asia & Pacific,2016,47709.0,47823.921603409435
Marshall Islands,MHL,East Asia & Pacific,2017,46529.0,46642.39100731617
Marshall Islands,MHL,East Asia & Pacific,2018,45285.0,45954.86314194109
Marshall Islands,MHL,East Asia & Pacific,2019,44007.0,44592.788317659106
Marshall Islands,MHL,East Asia & Pacific,2020,42706.0,43194.398921128115
Marshall Islands,MHL,East Asia & Pacific,2021,41367.0,41790.12452566067
Marshall Islands,MHL,East Asia & Pacific,2022,40077.0,40379.171149799484
Marshall Islands,MHL,East Asia & Pacific,2023,38827.0,39045.17976201045
Marshall Islands,MHL,East Asia & Pacific,2024,37548.0,37768.27043382036
North Macedonia,MKD,Europe & Central Asia,1970,1664208.0,1660390.8180727134
North Macedonia,MKD,Europe & Central Asia,1971,1691216.0,1689214.9673335534
North Macedonia,MKD,Europe & Central Asia,1972,1717395.0,1714761.0158362219
North Macedonia,MKD,Europe & Central Asia,1973,1743816.0,1744883.3158588505
North Macedonia,MKD,Europe & Central Asia,1974,1770545.0,1773541.2843452028
North Macedonia,MKD,Europe & Central Asia,1975,1797972.0,1797684.2276722249
North Macedonia,MKD,Europe & Central Asia,1976,1825830.0,1825819.014736832
North Macedonia,MKD,Europe & Central Asia,1977,1853138.0,1855083.733482173
North Macedonia,MKD,Europe & Central Asia,1978,1879847.0,1882471.8699640387
North Macedonia,MKD,Europe & Central Asia,1979,1906523.0,1911301.9736362158
North Macedonia,MKD,Europe & Central Asia,1980,1933038.0,1935546.6438841126
North Macedonia,MKD,Europe & Central Asia,1981,1959065.0,1960028.6922625275
North Macedonia,MKD,Europe & Central Asia,1982,1978956.0,1985683.9652650214
North Macedonia,MKD,Europe & Central Asia,1983,1991901.0,1999048.9598269414
North Macedonia,MKD,Europe & Central Asia,1984,2003399.0,2004930.6777123245
North Macedonia,MKD,Europe & Central Asia,1985,2014331.0,2014963.3707317268
North Macedonia,MKD,Europe & Central Asia,1986,2024732.0,2025322.6529371976
North Macedonia,MKD,Europe & Central Asia,1987,2035157.0,2044752.997394839
North Macedonia,MKD,Europe & Central Asia,1988,2045737.0,2053187.050614129
North Macedonia,MKD,Europe & Central Asia,1989,2055649.0,2061819.219340001
North Macedonia,MKD,Europe & Central Asia,1990,2063689.0,2075287.3714891179
North Macedonia,MKD,Europe & Central Asia,1991,2055994.0,2079816.8158286833
North Macedonia,MKD,Europe & Central Asia,1992,2032523.0,2079577.8940279812
North Macedonia,MKD,Europe & Central Asia,1993,2006854.0,2009319.9428058697
North Macedonia,MKD,Europe & Central Asia,1994,1992666.0,1981509.1770534553
North Macedonia,MKD,Europe & Central Asia,1995,1998534.0,1978578.3053907792
North Macedonia,MKD,Europe & Central Asia,1996,2012553.0,1995644.081219404
North Macedonia,MKD,Europe & Central Asia,1997,1996869.0,2010056.9735056062
North Macedonia,MKD,Europe & Central Asia,1998,2007523.0,1983650.4829203412
North Macedonia,MKD,Europe & Central Asia,1999,2017142.0,2002245.326992642
North Macedonia,MKD,Europe & Central Asia,2000,2026350.0,2012035.3447536295
North Macedonia,MKD,Europe & Central Asia,2001,2034882.0,2003280.3718392956
North Macedonia,MKD,Europe & Central Asia,2002,2020157.0,2022238.411428892
North Macedonia,MKD,Europe & Central Asia,2003,2022725.0,2030629.8963440831
North Macedonia,MKD,Europe & Central Asia,2004,2016186.0,2034046.408672541
North Macedonia,MKD,Europe & Central Asia,2005,2005330.0,2029896.9296766117
North Macedonia,MKD,Europe & Central Asia,2006,1994287.0,2021378.8330663207
North Macedonia,MKD,Europe & Central Asia,2007,1982933.0,1994000.306665992
North Macedonia,MKD,Europe & Central Asia,2008,1971493.0,1980219.338407283
North Macedonia,MKD,Europe & Central Asia,2009,1958782.0,1976889.277920289
North Macedonia,MKD,Europe & Central Asia,2010,1946298.0,1959067.5838420687
North Macedonia,MKD,Europe & Central Asia,2011,1937398.0,1936714.9290956338
North Macedonia,MKD,Europe & Central Asia,2012,1929821.0,1930046.6475293625
North Macedonia,MKD,Europe & Central Asia,2013,1922716.0,1917147.5281894545
North Macedonia,MKD,Europe & Central Asia,2014,1917557.0,1915637.1443659894
North Macedonia,MKD,Europe & Central Asia,2015,1912430.0,1912411.8424650084
North Macedonia,MKD,Europe & Central Asia,2016,1906313.0,1907316.7081620255
North Macedonia,MKD,Europe & Central Asia,2017,1898657.0,1897984.3684591118
North Macedonia,MKD,Europe & Central Asia,2018,1889051.0,1890733.1348493125
North Macedonia,MKD,Europe & Central Asia,2019,1876262.0,1883090.961667586
North Macedonia,MKD,Europe & Central Asia,2020,1856124.0,1863559.5824886963
North Macedonia,MKD,Europe & Central Asia,2021,1837114.0,1836202.142293235
North Macedonia,MKD,Europe & Central Asia,2022,1831712.0,1818298.695949208
North Macedonia,MKD,Europe & Central Asia,2023,1827816.0,1821843.1679656361
North Macedonia,MKD,Europe & Central Asia,2024,1824359.0,1813955.36340396
Mali,MLI,Sub-Saharan Africa ,1970,6276472.0,6273601.328797676
Mali,MLI,Sub-Saharan Africa ,1971,6377944.0,6376481.081476963
Mali,MLI,Sub-Saharan Africa ,1972,6483726.0,6480669.397517709
Mali,MLI,Sub-Saharan Africa ,1973,6597106.0,6590039.850466646
Mali,MLI,Sub-Saharan Africa ,1974,6715436.0,6709351.779722467
Mali,MLI,Sub-Saharan Africa ,1975,6837261.0,6832938.398670728
Mali,MLI,Sub-Saharan Africa ,1976,6960979.0,6949901.81119521
Mali,MLI,Sub-Saharan Africa ,1977,7090979.0,7078028.621049064
Mali,MLI,Sub-Saharan Africa ,1978,7229651.0,7212768.554417284
Mali,MLI,Sub-Saharan Africa ,1979,7375266.0,7357007.491738655
Mali,MLI,Sub-Saharan Africa ,1980,7530515.0,7508584.015666716
Mali,MLI,Sub-Saharan Africa ,1981,7692766.0,7670709.287478796
Mali,MLI,Sub-Saharan Africa ,1982,7860194.0,7858512.828173976
Mali,MLI,Sub-Saharan Africa ,1983,8034400.0,8014687.161379385
Mali,MLI,Sub-Saharan Africa ,1984,8208599.0,8196088.593719794
Mali,MLI,Sub-Saharan Africa ,1985,8374663.0,8376984.3849549815
Mali,MLI,Sub-Saharan Africa ,1986,8531277.0,8548701.897741377
Mali,MLI,Sub-Saharan Africa ,1987,8681164.0,8725255.737419622
Mali,MLI,Sub-Saharan Africa ,1988,8833996.0,8833765.541174984
Mali,MLI,Sub-Saharan Africa ,1989,8999938.0,8989518.609094381
Mali,MLI,Sub-Saharan Africa ,1990,9178830.0,9179946.9830674
Mali,MLI,Sub-Saharan Africa ,1991,9362888.0,9360724.51349716
Mali,MLI,Sub-Saharan Africa ,1992,9553540.0,9543346.806861354
Mali,MLI,Sub-Saharan Africa ,1993,9754786.0,9722104.01297904
Mali,MLI,Sub-Saharan Africa ,1994,9967031.0,9960183.802792639
Mali,MLI,Sub-Saharan Africa ,1995,10185365.0,10182316.921906231
Mali,MLI,Sub-Saharan Africa ,1996,10407278.0,10387905.368401911
Mali,MLI,Sub-Saharan Africa ,1997,10646495.0,10619046.848563196
Mali,MLI,Sub-Saharan Africa ,1998,10919573.0,10869459.480421895
Mali,MLI,Sub-Saharan Africa ,1999,11227415.0,11156686.129434094
Mali,MLI,Sub-Saharan Africa ,2000,11559290.0,11543935.607478432
Mali,MLI,Sub-Saharan Africa ,2001,11912158.0,11900975.006365214
Mali,MLI,Sub-Saharan Africa ,2002,12288050.0,12275797.926500421
Mali,MLI,Sub-Saharan Africa ,2003,12684955.0,12675803.393296167
Mali,MLI,Sub-Saharan Africa ,2004,13102409.0,13029412.4519144
Mali,MLI,Sub-Saharan Africa ,2005,13538647.0,13474227.597331908
Mali,MLI,Sub-Saharan Africa ,2006,13990139.0,13940153.87143164
Mali,MLI,Sub-Saharan Africa ,2007,14457775.0,14421171.318396345
Mali,MLI,Sub-Saharan Africa ,2008,14940782.0,14915653.68238244
Mali,MLI,Sub-Saharan Africa ,2009,15435539.0,15422635.038691634
Mali,MLI,Sub-Saharan Africa ,2010,15945198.0,15924818.501853418
Mali,MLI,Sub-Saharan Africa ,2011,16469049.0,16466904.062705498
Mali,MLI,Sub-Saharan Africa ,2012,16957033.0,17019011.377128527
Mali,MLI,Sub-Saharan Africa ,2013,17459615.0,17560973.314079523
Mali,MLI,Sub-Saharan Africa ,2014,18020267.0,17977092.80473313
Mali,MLI,Sub-Saharan Africa ,2015,18593022.0,18602009.306067627
Mali,MLI,Sub-Saharan Africa ,2016,19191289.0,19190033.248029247
Mali,MLI,Sub-Saharan Africa ,2017,19813011.0,19804787.07326071
Mali,MLI,Sub-Saharan Africa ,2018,20442030.0,20425305.76698514
Mali,MLI,Sub-Saharan Africa ,2019,21068405.0,21068287.663921986
Mali,MLI,Sub-Saharan Africa ,2020,21713836.0,21728394.3506338
Mali,MLI,Sub-Saharan Africa ,2021,22388630.0,22408998.500062533
Mali,MLI,Sub-Saharan Africa ,2022,23072640.0,23117352.865361854
Mali,MLI,Sub-Saharan Africa ,2023,23769127.0,23798559.02171202
Mali,MLI,Sub-Saharan Africa ,2024,24478595.0,24511896.691362225
Malta,MLT,"Middle East, North Africa, Afghanistan & Pakistan",1970,302650.0,301923.3112162158
Malta,MLT,"Middle East, North Africa, Afghanistan & Pakistan",1971,302700.0,300236.9144274628
Malta,MLT,"Middle East, North Africa, Afghanistan & Pakistan",1972,302450.0,298289.2591520518
Malta,MLT,"Middle East, North Africa, Afghanistan & Pakistan",1973,302200.0,302200.20651367947
Malta,MLT,"Middle East, North Africa, Afghanistan & Pakistan",1974,301996.0,301950.20664127526
Malta,MLT,"Middle East, North Africa, Afghanistan & Pakistan",1975,304222.0,300184.43942330696
Malta,MLT,"Middle East, North Africa, Afghanistan & Pakistan",1976,305774.0,303026.0718647264
Malta,MLT,"Middle East, North Africa, Afghanistan & Pakistan",1977,306970.0,305138.8691148614
Malta,MLT,"Middle East, North Africa, Afghanistan & Pakistan",1978,310182.0,306866.82742344186
Malta,MLT,"Middle East, North Africa, Afghanistan & Pakistan",1979,313342.0,310842.5314761359
Malta,MLT,"Middle East, North Africa, Afghanistan & Pakistan",1980,316645.0,314553.0749666417
Malta,MLT,"Middle East, North Africa, Afghanistan & Pakistan",1981,318982.0,318233.5696582646
Malta,MLT,"Middle East, North Africa, Afghanistan & Pakistan",1982,325898.0,320873.78699350223
Malta,MLT,"Middle East, North Africa, Afghanistan & Pakistan",1983,330524.0,324777.59108078404
Malta,MLT,"Middle East, North Africa, Afghanistan & Pakistan",1984,330593.0,333855.66849118937
Malta,MLT,"Middle East, North Africa, Afghanistan & Pakistan",1985,336452.0,334448.9903135593
Malta,MLT,"Middle East, North Africa, Afghanistan & Pakistan",1986,342121.0,339366.7068049208
Malta,MLT,"Middle East, North Africa, Afghanistan & Pakistan",1987,344485.0,344813.6316082804
Malta,MLT,"Middle East, North Africa, Afghanistan & Pakistan",1988,347325.0,349056.6168493539
Malta,MLT,"Middle East, North Africa, Afghanistan & Pakistan",1989,350722.0,352772.6674682859
Malta,MLT,"Middle East, North Africa, Afghanistan & Pakistan",1990,354170.0,356197.4113016439
Malta,MLT,"Middle East, North Africa, Afghanistan & Pakistan",1991,363845.0,359364.5575855917
Malta,MLT,"Middle East, North Africa, Afghanistan & Pakistan",1992,367618.0,364486.72677634674
Malta,MLT,"Middle East, North Africa, Afghanistan & Pakistan",1993,371308.0,370064.3596635159
Malta,MLT,"Middle East, North Africa, Afghanistan & Pakistan",1994,374797.0,375629.858352064
Malta,MLT,"Middle East, North Africa, Afghanistan & Pakistan",1995,377419.0,379766.91897583747
Malta,MLT,"Middle East, North Africa, Afghanistan & Pakistan",1996,379905.0,383611.53967414534
Malta,MLT,"Middle East, North Africa, Afghanistan & Pakistan",1997,382791.0,387276.4032081793
Malta,MLT,"Middle East, North Africa, Afghanistan & Pakistan",1998,385287.0,386955.927142564
Malta,MLT,"Middle East, North Africa, Afghanistan & Pakistan",1999,387578.0,389331.96216467133
Malta,MLT,"Middle East, North Africa, Afghanistan & Pakistan",2000,390087.0,393406.5692538231
Malta,MLT,"Middle East, North Africa, Afghanistan & Pakistan",2001,393028.0,393116.7855612932
Malta,MLT,"Middle East, North Africa, Afghanistan & Pakistan",2002,395969.0,396234.04607154534
Malta,MLT,"Middle East, North Africa, Afghanistan & Pakistan",2003,398582.0,398640.3827193665
Malta,MLT,"Middle East, North Africa, Afghanistan & Pakistan",2004,401268.0,401198.0480383872
Malta,MLT,"Middle East, North Africa, Afghanistan & Pakistan",2005,403834.0,403955.93235200224
Malta,MLT,"Middle East, North Africa, Afghanistan & Pakistan",2006,405308.0,406675.48201232683
Malta,MLT,"Middle East, North Africa, Afghanistan & Pakistan",2007,406724.0,408880.71960317914
Malta,MLT,"Middle East, North Africa, Afghanistan & Pakistan",2008,409379.0,408140.5588926884
Malta,MLT,"Middle East, North Africa, Afghanistan & Pakistan",2009,412477.0,411874.81953520066
Malta,MLT,"Middle East, North Africa, Afghanistan & Pakistan",2010,414508.0,415039.5285852452
Malta,MLT,"Middle East, North Africa, Afghanistan & Pakistan",2011,416268.0,416949.75738203834
Malta,MLT,"Middle East, North Africa, Afghanistan & Pakistan",2012,420028.0,418845.4010936927
Malta,MLT,"Middle East, North Africa, Afghanistan & Pakistan",2013,424810.0,421489.56130024465
Malta,MLT,"Middle East, North Africa, Afghanistan & Pakistan",2014,433481.0,425147.99983045727
Malta,MLT,"Middle East, North Africa, Afghanistan & Pakistan",2015,444220.0,442328.98776601994
Malta,MLT,"Middle East, North Africa, Afghanistan & Pakistan",2016,454505.0,455225.04651529115
Malta,MLT,"Middle East, North Africa, Afghanistan & Pakistan",2017,467106.0,465028.12807336455
Malta,MLT,"Middle East, North Africa, Afghanistan & Pakistan",2018,483903.0,480056.35842811
Malta,MLT,"Middle East, North Africa, Afghanistan & Pakistan",2019,503912.0,492566.4554941986
Malta,MLT,"Middle East, North Africa, Afghanistan & Pakistan",2020,515490.0,514966.9488641124
Malta,MLT,"Middle East, North Africa, Afghanistan & Pakistan",2021,518150.0,527881.6953624865
Malta,MLT,"Middle East, North Africa, Afghanistan & Pakistan",2022,531113.0,536590.361388228
Malta,MLT,"Middle East, North Africa, Afghanistan & Pakistan",2023,552747.0,550565.0429634912
Malta,MLT,"Middle East, North Africa, Afghanistan & Pakistan",2024,568847.0,566796.4229414733
Myanmar,MMR,East Asia & Pacific,1970,27193016.0,27187447.908592086
Myanmar,MMR,East Asia & Pacific,1971,27807219.0,27811446.936572425
Myanmar,MMR,East Asia & Pacific,1972,28428324.0,28444208.893489577
Myanmar,MMR,East Asia & Pacific,1973,29026388.0,29063548.39516034
Myanmar,MMR,East Asia & Pacific,1974,29598167.0,29637561.566142984
Myanmar,MMR,East Asia & Pacific,1975,30176565.0,30181209.242937434
Myanmar,MMR,East Asia & Pacific,1976,30758811.0,30766265.870034654
Myanmar,MMR,East Asia & Pacific,1977,31355966.0,31358100.595596936
Myanmar,MMR,East Asia & Pacific,1978,31972976.0,32016800.201770887
Myanmar,MMR,East Asia & Pacific,1979,32596550.0,32635319.08063378
Myanmar,MMR,East Asia & Pacific,1980,33227204.0,33259752.502972826
Myanmar,MMR,East Asia & Pacific,1981,33858783.0,33914350.1970522
Myanmar,MMR,East Asia & Pacific,1982,34482965.0,34541076.93817746
Myanmar,MMR,East Asia & Pacific,1983,35162715.0,35122553.74511422
Myanmar,MMR,East Asia & Pacific,1984,35899313.0,35852033.54306002
Myanmar,MMR,East Asia & Pacific,1985,36622827.0,36560892.43011232
Myanmar,MMR,East Asia & Pacific,1986,37314878.0,37339677.912691794
Myanmar,MMR,East Asia & Pacific,1987,37971594.0,38043390.27277958
Myanmar,MMR,East Asia & Pacific,1988,38600927.0,38749622.41387012
Myanmar,MMR,East Asia & Pacific,1989,39214618.0,39240690.43027813
Myanmar,MMR,East Asia & Pacific,1990,39817251.0,39838065.6741353
Myanmar,MMR,East Asia & Pacific,1991,40394154.0,40429144.99940668
Myanmar,MMR,East Asia & Pacific,1992,40950342.0,41110505.55389345
Myanmar,MMR,East Asia & Pacific,1993,41502429.0,41649615.78170272
Myanmar,MMR,East Asia & Pacific,1994,42055143.0,42177186.69353352
Myanmar,MMR,East Asia & Pacific,1995,42605338.0,42706843.95903879
Myanmar,MMR,East Asia & Pacific,1996,43154860.0,43237984.09086445
Myanmar,MMR,East Asia & Pacific,1997,43708798.0,43773087.43155793
Myanmar,MMR,East Asia & Pacific,1998,44257793.0,44316722.54985555
Myanmar,MMR,East Asia & Pacific,1999,44787724.0,44860864.096062124
Myanmar,MMR,East Asia & Pacific,2000,45290841.0,45378475.12461425
Myanmar,MMR,East Asia & Pacific,2001,45771139.0,45870682.173401214
Myanmar,MMR,East Asia & Pacific,2002,46232653.0,46272203.28289516
Myanmar,MMR,East Asia & Pacific,2003,46667192.0,46698820.48266149
Myanmar,MMR,East Asia & Pacific,2004,47068772.0,47105815.21709491
Myanmar,MMR,East Asia & Pacific,2005,47438365.0,47593319.567738466
Myanmar,MMR,East Asia & Pacific,2006,47785135.0,47940458.700003356
Myanmar,MMR,East Asia & Pacific,2007,48125043.0,48260918.10183645
Myanmar,MMR,East Asia & Pacific,2008,48390793.0,48575593.26071411
Myanmar,MMR,East Asia & Pacific,2009,48660459.0,48808616.791426554
Myanmar,MMR,East Asia & Pacific,2010,49024382.0,49050580.64998735
Myanmar,MMR,East Asia & Pacific,2011,49419820.0,49399814.54424055
Myanmar,MMR,East Asia & Pacific,2012,49837446.0,49786985.97865087
Myanmar,MMR,East Asia & Pacific,2013,50262658.0,50128568.6107969
Myanmar,MMR,East Asia & Pacific,2014,50681634.0,50691497.899594985
Myanmar,MMR,East Asia & Pacific,2015,51089056.0,51104102.47176766
Myanmar,MMR,East Asia & Pacific,2016,51495696.0,51469824.4072157
Myanmar,MMR,East Asia & Pacific,2017,51894938.0,51845033.500480406
Myanmar,MMR,East Asia & Pacific,2018,52272247.0,52307519.85718151
Myanmar,MMR,East Asia & Pacific,2019,52640713.0,52657157.5587353
Myanmar,MMR,East Asia & Pacific,2020,53016522.0,53011828.283989795
Myanmar,MMR,East Asia & Pacific,2021,53387102.0,53432164.869015574
Myanmar,MMR,East Asia & Pacific,2022,53756787.0,53796973.82049162
Myanmar,MMR,East Asia & Pacific,2023,54133798.0,54159864.257314205
Myanmar,MMR,East Asia & Pacific,2024,54500091.0,54531683.2403127
Montenegro,MNE,Europe & Central Asia,1970,512407.0,517115.24150869454
Montenegro,MNE,Europe & Central Asia,1971,515449.0,514826.129387974
Montenegro,MNE,Europe & Central Asia,1972,521785.0,517015.5222520437
Montenegro,MNE,Europe & Central Asia,1973,530220.0,516346.87345613434
Montenegro,MNE,Europe & Central Asia,1974,538902.0,538791.3573184119
Montenegro,MNE,Europe & Central Asia,1975,546487.0,547726.1620041904
Montenegro,MNE,Europe & Central Asia,1976,552562.0,548763.479361893
Montenegro,MNE,Europe & Central Asia,1977,557576.0,555972.2444568598
Montenegro,MNE,Europe & Central Asia,1978,562065.0,560513.7495745459
Montenegro,MNE,Europe & Central Asia,1979,566888.0,569922.9235876878
Montenegro,MNE,Europe & Central Asia,1980,572608.0,573288.2809048151
Montenegro,MNE,Europe & Central Asia,1981,579445.0,578385.7157756905
Montenegro,MNE,Europe & Central Asia,1982,587001.0,586232.8243211798
Montenegro,MNE,Europe & Central Asia,1983,594506.0,592531.84512214
Montenegro,MNE,Europe & Central Asia,1984,600884.0,601028.0865449248
Montenegro,MNE,Europe & Central Asia,1985,605398.0,607330.4247349285
Montenegro,MNE,Europe & Central Asia,1986,607711.0,611581.4414574336
Montenegro,MNE,Europe & Central Asia,1987,608144.0,610032.837181599
Montenegro,MNE,Europe & Central Asia,1988,607413.0,608577.308567792
Montenegro,MNE,Europe & Central Asia,1989,606571.0,606682.8786990173
Montenegro,MNE,Europe & Central Asia,1990,606372.0,605730.1671737911
Montenegro,MNE,Europe & Central Asia,1991,607105.0,609440.0826646936
Montenegro,MNE,Europe & Central Asia,1992,608516.0,609380.8512114914
Montenegro,MNE,Europe & Central Asia,1993,610170.0,610969.9641224098
Montenegro,MNE,Europe & Central Asia,1994,611389.0,610040.4444852233
Montenegro,MNE,Europe & Central Asia,1995,611712.0,612054.4417877179
Montenegro,MNE,Europe & Central Asia,1996,611003.0,612035.1706761882
Montenegro,MNE,Europe & Central Asia,1997,609520.0,611327.5600674499
Montenegro,MNE,Europe & Central Asia,1998,607662.0,608040.599492563
Montenegro,MNE,Europe & Central Asia,1999,606001.0,605809.6637473621
Montenegro,MNE,Europe & Central Asia,2000,604950.0,604344.5402088767
Montenegro,MNE,Europe & Central Asia,2001,607389.0,604711.7368553054
Montenegro,MNE,Europe & Central Asia,2002,609828.0,605920.2055885207
Montenegro,MNE,Europe & Central Asia,2003,612267.0,612276.7109445429
Montenegro,MNE,Europe & Central Asia,2004,613353.0,614715.7547524498
Montenegro,MNE,Europe & Central Asia,2005,614261.0,614440.9263380758
Montenegro,MNE,Europe & Central Asia,2006,615025.0,614623.6214007462
Montenegro,MNE,Europe & Central Asia,2007,615875.0,615268.9558152773
Montenegro,MNE,Europe & Central Asia,2008,616969.0,617480.8329380437
Montenegro,MNE,Europe & Central Asia,2009,618294.0,619222.7375664947
Montenegro,MNE,Europe & Central Asia,2010,619428.0,619796.2257571503
Montenegro,MNE,Europe & Central Asia,2011,620345.0,620948.2406153333
Montenegro,MNE,Europe & Central Asia,2012,621418.0,621535.3650121985
Montenegro,MNE,Europe & Central Asia,2013,622587.0,622442.8641846287
Montenegro,MNE,Europe & Central Asia,2014,623744.0,623500.1422172523
Montenegro,MNE,Europe & Central Asia,2015,624651.0,624723.0987471573
Montenegro,MNE,Europe & Central Asia,2016,625353.0,625858.1636960964
Montenegro,MNE,Europe & Central Asia,2017,625982.0,626783.7364763921
Montenegro,MNE,Europe & Central Asia,2018,626438.0,626993.4674620304
Montenegro,MNE,Europe & Central Asia,2019,626753.0,626942.9175522608
Montenegro,MNE,Europe & Central Asia,2020,626590.0,627069.4384610148
Montenegro,MNE,Europe & Central Asia,2021,625053.0,626632.6373660906
Montenegro,MNE,Europe & Central Asia,2022,623591.0,623519.7702531324
Montenegro,MNE,Europe & Central Asia,2023,623529.0,622361.3168379827
Montenegro,MNE,Europe & Central Asia,2024,623525.0,623504.8640886553
Mongolia,MNG,East Asia & Pacific,1970,1295272.0,1301906.1653989803
Mongolia,MNG,East Asia & Pacific,1971,1330071.0,1334904.1126687531
Mongolia,MNG,East Asia & Pacific,1972,1366821.0,1366722.9881586428
Mongolia,MNG,East Asia & Pacific,1973,1405502.0,1404586.4062886604
Mongolia,MNG,East Asia & Pacific,1974,1446050.0,1444261.7854707015
Mongolia,MNG,East Asia & Pacific,1975,1488296.0,1486040.1745055423
Mongolia,MNG,East Asia & Pacific,1976,1531945.0,1531776.2066308095
Mongolia,MNG,East Asia & Pacific,1977,1576245.0,1576874.3156097864
Mongolia,MNG,East Asia & Pacific,1978,1619468.0,1620292.2978515264
Mongolia,MNG,East Asia & Pacific,1979,1660659.0,1664945.6526317224
Mongolia,MNG,East Asia & Pacific,1980,1701335.0,1711271.464334493
Mongolia,MNG,East Asia & Pacific,1981,1742857.0,1743007.3135184904
Mongolia,MNG,East Asia & Pacific,1982,1785364.0,1785392.3668290821
Mongolia,MNG,East Asia & Pacific,1983,1829092.0,1828907.714456303
Mongolia,MNG,East Asia & Pacific,1984,1874349.0,1877478.751745296
Mongolia,MNG,East Asia & Pacific,1985,1921514.0,1922999.8197035613
Mongolia,MNG,East Asia & Pacific,1986,1970965.0,1971875.845521484
Mongolia,MNG,East Asia & Pacific,1987,2022800.0,2019053.8859263638
Mongolia,MNG,East Asia & Pacific,1988,2076322.0,2075986.7949599226
Mongolia,MNG,East Asia & Pacific,1989,2124185.0,2131229.4778209026
Mongolia,MNG,East Asia & Pacific,1990,2098710.0,2178042.0365642947
Mongolia,MNG,East Asia & Pacific,1991,2165342.0,2200644.7941614534
Mongolia,MNG,East Asia & Pacific,1992,2167790.0,2234491.901086334
Mongolia,MNG,East Asia & Pacific,1993,2165130.0,2251695.2887092168
Mongolia,MNG,East Asia & Pacific,1994,2189395.0,2253251.789005728
Mongolia,MNG,East Asia & Pacific,1995,2224945.0,2254206.2257883097
Mongolia,MNG,East Asia & Pacific,1996,2259507.0,2261286.890983692
Mongolia,MNG,East Asia & Pacific,1997,2291750.0,2275579.1684567276
Mongolia,MNG,East Asia & Pacific,1998,2323809.0,2297935.5211706203
Mongolia,MNG,East Asia & Pacific,1999,2356813.0,2330279.1892870893
Mongolia,MNG,East Asia & Pacific,2000,2388299.0,2373067.177816381
Mongolia,MNG,East Asia & Pacific,2001,2417751.0,2404950.2022868204
Mongolia,MNG,East Asia & Pacific,2002,2449027.0,2448564.379604665
Mongolia,MNG,East Asia & Pacific,2003,2480374.0,2488282.1979304836
Mongolia,MNG,East Asia & Pacific,2004,2508412.0,2515016.059456866
Mongolia,MNG,East Asia & Pacific,2005,2536407.0,2542337.969828295
Mongolia,MNG,East Asia & Pacific,2006,2567168.0,2569219.143454276
Mongolia,MNG,East Asia & Pacific,2007,2601850.0,2599750.295162244
Mongolia,MNG,East Asia & Pacific,2008,2643201.0,2634601.129111742
Mongolia,MNG,East Asia & Pacific,2009,2691115.0,2685172.7692018445
Mongolia,MNG,East Asia & Pacific,2010,2738622.0,2739897.549511813
Mongolia,MNG,East Asia & Pacific,2011,2786317.0,2786967.6544055794
Mongolia,MNG,East Asia & Pacific,2012,2839705.0,2834842.6414876445
Mongolia,MNG,East Asia & Pacific,2013,2899011.0,2882722.219303107
Mongolia,MNG,East Asia & Pacific,2014,2963113.0,2946002.798179214
Mongolia,MNG,East Asia & Pacific,2015,3026864.0,3014747.317865822
Mongolia,MNG,East Asia & Pacific,2016,3088856.0,3082763.7726491555
Mongolia,MNG,East Asia & Pacific,2017,3148917.0,3148306.473278724
Mongolia,MNG,East Asia & Pacific,2018,3208189.0,3210775.3616028577
Mongolia,MNG,East Asia & Pacific,2019,3267673.0,3274120.0779964565
Mongolia,MNG,East Asia & Pacific,2020,3327204.0,3340189.55283067
Mongolia,MNG,East Asia & Pacific,2021,3383741.0,3387824.7485290724
Mongolia,MNG,East Asia & Pacific,2022,3433748.0,3442945.4071244854
Mongolia,MNG,East Asia & Pacific,2023,3481145.0,3499018.238580708
Mongolia,MNG,East Asia & Pacific,2024,3524788.0,3544018.7093281792
Northern Mariana Islands,MNP,East Asia & Pacific,1970,10170.0,9531.918325593064
Northern Mariana Islands,MNP,East Asia & Pacific,1971,11271.0,10309.684444658595
Northern Mariana Islands,MNP,East Asia & Pacific,1972,12636.0,11017.348380275904
Northern Mariana Islands,MNP,East Asia & Pacific,1973,13880.0,14166.311429293737
Northern Mariana Islands,MNP,East Asia & Pacific,1974,14655.0,15246.47041856073
Northern Mariana Islands,MNP,East Asia & Pacific,1975,15065.0,15473.272717185228
Northern Mariana Islands,MNP,East Asia & Pacific,1976,15438.0,15663.085699718918
Northern Mariana Islands,MNP,East Asia & Pacific,1977,15787.0,16429.24027299419
Northern Mariana Islands,MNP,East Asia & Pacific,1978,16130.0,17546.884219779822
Northern Mariana Islands,MNP,East Asia & Pacific,1979,16488.0,16480.452270973496
Northern Mariana Islands,MNP,East Asia & Pacific,1980,17625.0,17397.398557165845
Northern Mariana Islands,MNP,East Asia & Pacific,1981,19826.0,18597.32013253716
Northern Mariana Islands,MNP,East Asia & Pacific,1982,22350.0,19454.319039998445
Northern Mariana Islands,MNP,East Asia & Pacific,1983,24936.0,25195.324338313083
Northern Mariana Islands,MNP,East Asia & Pacific,1984,27575.0,27821.212362754508
Northern Mariana Islands,MNP,East Asia & Pacific,1985,30258.0,29490.853387307576
Northern Mariana Islands,MNP,East Asia & Pacific,1986,32980.0,32607.112902240886
Northern Mariana Islands,MNP,East Asia & Pacific,1987,35736.0,35397.80814028853
Northern Mariana Islands,MNP,East Asia & Pacific,1988,38519.0,39776.10542808524
Northern Mariana Islands,MNP,East Asia & Pacific,1989,41303.0,42327.26651064571
Northern Mariana Islands,MNP,East Asia & Pacific,1990,43342.0,45402.13843648942
Northern Mariana Islands,MNP,East Asia & Pacific,1991,44393.0,47277.056402683746
Northern Mariana Islands,MNP,East Asia & Pacific,1992,45181.0,47910.41639298238
Northern Mariana Islands,MNP,East Asia & Pacific,1993,45952.0,45982.987426933694
Northern Mariana Islands,MNP,East Asia & Pacific,1994,46730.0,48634.887842306256
Northern Mariana Islands,MNP,East Asia & Pacific,1995,48176.0,49042.06714951716
Northern Mariana Islands,MNP,East Asia & Pacific,1996,51706.0,50247.85767764246
Northern Mariana Islands,MNP,East Asia & Pacific,1997,56596.0,53058.322872636025
Northern Mariana Islands,MNP,East Asia & Pacific,1998,61337.0,61948.46275300046
Northern Mariana Islands,MNP,East Asia & Pacific,1999,65916.0,66475.14968849419
Northern Mariana Islands,MNP,East Asia & Pacific,2000,68356.0,70836.83677060273
Northern Mariana Islands,MNP,East Asia & Pacific,2001,67984.0,71714.29928336928
Northern Mariana Islands,MNP,East Asia & Pacific,2002,66778.0,74329.99106538328
Northern Mariana Islands,MNP,East Asia & Pacific,2003,65421.0,65593.39379416208
Northern Mariana Islands,MNP,East Asia & Pacific,2004,63938.0,64091.575679266
Northern Mariana Islands,MNP,East Asia & Pacific,2005,62354.0,62488.61748181956
Northern Mariana Islands,MNP,East Asia & Pacific,2006,60682.0,63664.92703284638
Northern Mariana Islands,MNP,East Asia & Pacific,2007,58941.0,61153.83239369766
Northern Mariana Islands,MNP,East Asia & Pacific,2008,57150.0,60764.32388223001
Northern Mariana Islands,MNP,East Asia & Pacific,2009,55325.0,57362.70325799993
Northern Mariana Islands,MNP,East Asia & Pacific,2010,54091.0,54039.99324252732
Northern Mariana Islands,MNP,East Asia & Pacific,2011,53608.0,52734.324043879096
Northern Mariana Islands,MNP,East Asia & Pacific,2012,53234.0,51654.03318308153
Northern Mariana Islands,MNP,East Asia & Pacific,2013,52758.0,52862.609243478495
Northern Mariana Islands,MNP,East Asia & Pacific,2014,52178.0,52286.25623338706
Northern Mariana Islands,MNP,East Asia & Pacific,2015,51514.0,51604.37628742339
Northern Mariana Islands,MNP,East Asia & Pacific,2016,50773.0,50584.96149912435
Northern Mariana Islands,MNP,East Asia & Pacific,2017,49959.0,49938.38965493563
Northern Mariana Islands,MNP,East Asia & Pacific,2018,49077.0,49360.34228455512
Northern Mariana Islands,MNP,East Asia & Pacific,2019,48129.0,48824.2767118794
Northern Mariana Islands,MNP,East Asia & Pacific,2020,47528.0,47508.51802944754
Northern Mariana Islands,MNP,East Asia & Pacific,2021,46979.0,46896.48687061879
Northern Mariana Islands,MNP,East Asia & Pacific,2022,46078.0,46277.77037905313
Northern Mariana Islands,MNP,East Asia & Pacific,2023,45143.0,45443.420629285334
Northern Mariana Islands,MNP,East Asia & Pacific,2024,44278.0,44580.62577845601
Mozambique,MOZ,Sub-Saharan Africa ,1970,8250506.0,8232061.386437089
Mozambique,MOZ,Sub-Saharan Africa ,1971,8456317.0,8424807.779374165
Mozambique,MOZ,Sub-Saharan Africa ,1972,8692935.0,8667262.007729027
Mozambique,MOZ,Sub-Saharan Africa ,1973,8954242.0,8936173.857560402
Mozambique,MOZ,Sub-Saharan Africa ,1974,9236093.0,9223403.809053913
Mozambique,MOZ,Sub-Saharan Africa ,1975,9540817.0,9526815.770890966
Mozambique,MOZ,Sub-Saharan Africa ,1976,9867209.0,9855594.678764863
Mozambique,MOZ,Sub-Saharan Africa ,1977,10224975.0,10139295.631135132
Mozambique,MOZ,Sub-Saharan Africa ,1978,10618250.0,10523391.990946868
Mozambique,MOZ,Sub-Saharan Africa ,1979,11028809.0,10947459.251280366
Mozambique,MOZ,Sub-Saharan Africa ,1980,11336221.0,11390268.216785619
Mozambique,MOZ,Sub-Saharan Africa ,1981,11568127.0,11710872.341199981
Mozambique,MOZ,Sub-Saharan Africa ,1982,11824370.0,11804777.12199001
Mozambique,MOZ,Sub-Saharan Africa ,1983,12073822.0,12086288.979317721
Mozambique,MOZ,Sub-Saharan Africa ,1984,12315954.0,12328536.5476563
Mozambique,MOZ,Sub-Saharan Africa ,1985,12548949.0,12562941.78717461
Mozambique,MOZ,Sub-Saharan Africa ,1986,12770578.0,12888690.442627233
Mozambique,MOZ,Sub-Saharan Africa ,1987,12822574.0,13089954.547338832
Mozambique,MOZ,Sub-Saharan Africa ,1988,12800558.0,13311854.835762704
Mozambique,MOZ,Sub-Saharan Africa ,1989,12906842.0,12778579.801597524
Mozambique,MOZ,Sub-Saharan Africa ,1990,13094537.0,13014008.477148937
Mozambique,MOZ,Sub-Saharan Africa ,1991,13352090.0,13276112.532570466
Mozambique,MOZ,Sub-Saharan Africa ,1992,13613316.0,13533585.386747895
Mozambique,MOZ,Sub-Saharan Africa ,1993,14051192.0,13796056.017933244
Mozambique,MOZ,Sub-Saharan Africa ,1994,15033853.0,14503152.392271634
Mozambique,MOZ,Sub-Saharan Africa ,1995,15960530.0,16085235.736858878
Mozambique,MOZ,Sub-Saharan Africa ,1996,16492480.0,16944326.787414316
Mozambique,MOZ,Sub-Saharan Africa ,1997,16949982.0,16960222.30027865
Mozambique,MOZ,Sub-Saharan Africa ,1998,17340464.0,17487113.530557185
Mozambique,MOZ,Sub-Saharan Africa ,1999,17734506.0,18108205.15744728
Mozambique,MOZ,Sub-Saharan Africa ,2000,18129653.0,18342377.511324856
Mozambique,MOZ,Sub-Saharan Africa ,2001,18537729.0,18756400.7974237
Mozambique,MOZ,Sub-Saharan Africa ,2002,18958338.0,19184730.54758361
Mozambique,MOZ,Sub-Saharan Africa ,2003,19392475.0,19934703.652078673
Mozambique,MOZ,Sub-Saharan Africa ,2004,19840313.0,20088931.298488263
Mozambique,MOZ,Sub-Saharan Africa ,2005,20304569.0,20359426.478371296
Mozambique,MOZ,Sub-Saharan Africa ,2006,20787087.0,20772975.56082554
Mozambique,MOZ,Sub-Saharan Africa ,2007,21287635.0,21280989.037326824
Mozambique,MOZ,Sub-Saharan Africa ,2008,21819036.0,21799017.756474726
Mozambique,MOZ,Sub-Saharan Africa ,2009,22391745.0,22351743.808652516
Mozambique,MOZ,Sub-Saharan Africa ,2010,22999235.0,22979486.54208993
Mozambique,MOZ,Sub-Saharan Africa ,2011,23649039.0,23623206.25635882
Mozambique,MOZ,Sub-Saharan Africa ,2012,24337846.0,24317202.098389555
Mozambique,MOZ,Sub-Saharan Africa ,2013,25051611.0,25046715.34039485
Mozambique,MOZ,Sub-Saharan Africa ,2014,25788475.0,25709309.08364692
Mozambique,MOZ,Sub-Saharan Africa ,2015,26547572.0,26482715.931352712
Mozambique,MOZ,Sub-Saharan Africa ,2016,27337105.0,27278992.91099506
Mozambique,MOZ,Sub-Saharan Africa ,2017,28166393.0,28107304.572645526
Mozambique,MOZ,Sub-Saharan Africa ,2018,29018644.0,28974791.909112826
Mozambique,MOZ,Sub-Saharan Africa ,2019,29884380.0,29821714.642230943
Mozambique,MOZ,Sub-Saharan Africa ,2020,30783688.0,30766129.763078257
Mozambique,MOZ,Sub-Saharan Africa ,2021,31707800.0,31698809.50014941
Mozambique,MOZ,Sub-Saharan Africa ,2022,32656246.0,32653569.37681681
Mozambique,MOZ,Sub-Saharan Africa ,2023,33635160.0,33630220.96407422
Mozambique,MOZ,Sub-Saharan Africa ,2024,34631766.0,34645514.177690744
Mauritania,MRT,Sub-Saharan Africa ,1970,1099806.0,1097748.3825131652
Mauritania,MRT,Sub-Saharan Africa ,1971,1133702.0,1132307.804491942
Mauritania,MRT,Sub-Saharan Africa ,1972,1168355.0,1167664.6106533117
Mauritania,MRT,Sub-Saharan Africa ,1973,1203838.0,1203692.127034757
Mauritania,MRT,Sub-Saharan Africa ,1974,1240188.0,1240516.938973255
Mauritania,MRT,Sub-Saharan Africa ,1975,1277330.0,1278769.4687139755
Mauritania,MRT,Sub-Saharan Africa ,1976,1315336.0,1315587.970131131
Mauritania,MRT,Sub-Saharan Africa ,1977,1353768.0,1354538.5284786497
Mauritania,MRT,Sub-Saharan Africa ,1978,1392713.0,1393764.1157062277
Mauritania,MRT,Sub-Saharan Africa ,1979,1432758.0,1434600.0549587014
Mauritania,MRT,Sub-Saharan Africa ,1980,1474043.0,1475492.417032538
Mauritania,MRT,Sub-Saharan Africa ,1981,1516877.0,1517678.1595901377
Mauritania,MRT,Sub-Saharan Africa ,1982,1561176.0,1561522.7129179258
Mauritania,MRT,Sub-Saharan Africa ,1983,1606746.0,1606921.0182706949
Mauritania,MRT,Sub-Saharan Africa ,1984,1653693.0,1653579.5573919415
Mauritania,MRT,Sub-Saharan Africa ,1985,1702107.0,1701320.0186890974
Mauritania,MRT,Sub-Saharan Africa ,1986,1751835.0,1751937.141516394
Mauritania,MRT,Sub-Saharan Africa ,1987,1803014.0,1802734.0403261487
Mauritania,MRT,Sub-Saharan Africa ,1988,1855859.0,1855490.0973082252
Mauritania,MRT,Sub-Saharan Africa ,1989,1903048.0,1909726.1829148573
Mauritania,MRT,Sub-Saharan Africa ,1990,1951878.0,1962891.6354529252
Mauritania,MRT,Sub-Saharan Africa ,1991,2009738.0,2002143.2774376452
Mauritania,MRT,Sub-Saharan Africa ,1992,2088135.0,2066922.0967045522
Mauritania,MRT,Sub-Saharan Africa ,1993,2174328.0,2135304.630146601
Mauritania,MRT,Sub-Saharan Africa ,1994,2249454.0,2264078.831953321
Mauritania,MRT,Sub-Saharan Africa ,1995,2312017.0,2327175.7065844582
Mauritania,MRT,Sub-Saharan Africa ,1996,2358188.0,2384403.063386101
Mauritania,MRT,Sub-Saharan Africa ,1997,2411306.0,2405281.035868945
Mauritania,MRT,Sub-Saharan Africa ,1998,2474651.0,2465620.4782324876
Mauritania,MRT,Sub-Saharan Africa ,1999,2541698.0,2539660.0726031656
Mauritania,MRT,Sub-Saharan Africa ,2000,2613441.0,2610561.5391117004
Mauritania,MRT,Sub-Saharan Africa ,2001,2678760.0,2690837.6802574294
Mauritania,MRT,Sub-Saharan Africa ,2002,2738655.0,2756710.9887188855
Mauritania,MRT,Sub-Saharan Africa ,2003,2802046.0,2813265.322602633
Mauritania,MRT,Sub-Saharan Africa ,2004,2868664.0,2876411.165856391
Mauritania,MRT,Sub-Saharan Africa ,2005,2939059.0,2945567.7858247557
Mauritania,MRT,Sub-Saharan Africa ,2006,3013660.0,3011864.210289741
Mauritania,MRT,Sub-Saharan Africa ,2007,3093059.0,3089260.3682920095
Mauritania,MRT,Sub-Saharan Africa ,2008,3183269.0,3166233.097937168
Mauritania,MRT,Sub-Saharan Africa ,2009,3284448.0,3263809.979924422
Mauritania,MRT,Sub-Saharan Africa ,2010,3390965.0,3388842.93596272
Mauritania,MRT,Sub-Saharan Africa ,2011,3502811.0,3500936.4226009157
Mauritania,MRT,Sub-Saharan Africa ,2012,3619034.0,3599914.5280943266
Mauritania,MRT,Sub-Saharan Africa ,2013,3734318.0,3723394.38810431
Mauritania,MRT,Sub-Saharan Africa ,2014,3848514.0,3845359.6963634947
Mauritania,MRT,Sub-Saharan Africa ,2015,3965959.0,3965549.078035764
Mauritania,MRT,Sub-Saharan Africa ,2016,4086657.0,4092258.7804130027
Mauritania,MRT,Sub-Saharan Africa ,2017,4210600.0,4215151.568935531
Mauritania,MRT,Sub-Saharan Africa ,2018,4337685.0,4338302.030255854
Mauritania,MRT,Sub-Saharan Africa ,2019,4467708.0,4473858.656982895
Mauritania,MRT,Sub-Saharan Africa ,2020,4600131.0,4606745.255545411
Mauritania,MRT,Sub-Saharan Africa ,2021,4734874.0,4747915.34045599
Mauritania,MRT,Sub-Saharan Africa ,2022,4875637.0,4884555.653326359
Mauritania,MRT,Sub-Saharan Africa ,2023,5022441.0,5022280.434704008
Mauritania,MRT,Sub-Saharan Africa ,2024,5169395.0,5173225.247070629
Mauritius,MUS,Sub-Saharan Africa ,1970,826000.0,833745.3531132119
Mauritius,MUS,Sub-Saharan Africa ,1971,839230.0,843940.9044546218
Mauritius,MUS,Sub-Saharan Africa ,1972,852053.0,856269.4175134011
Mauritius,MUS,Sub-Saharan Africa ,1973,864819.0,868299.1411056296
Mauritius,MUS,Sub-Saharan Africa ,1974,878042.0,880418.7432840603
Mauritius,MUS,Sub-Saharan Africa ,1975,892000.0,893166.0697239711
Mauritius,MUS,Sub-Saharan Africa ,1976,906507.0,906851.0399230099
Mauritius,MUS,Sub-Saharan Africa ,1977,921379.0,921674.0961923946
Mauritius,MUS,Sub-Saharan Africa ,1978,933499.0,935635.4437935349
Mauritius,MUS,Sub-Saharan Africa ,1979,949888.0,949183.2289075244
Mauritius,MUS,Sub-Saharan Africa ,1980,966039.0,964057.8854061752
Mauritius,MUS,Sub-Saharan Africa ,1981,980462.0,979896.9473125582
Mauritius,MUS,Sub-Saharan Africa ,1982,992521.0,995721.96279739
Mauritius,MUS,Sub-Saharan Africa ,1983,1001691.0,1010350.3807191242
Mauritius,MUS,Sub-Saharan Africa ,1984,1012221.0,1011149.1782890245
Mauritius,MUS,Sub-Saharan Africa ,1985,1020528.0,1022748.6428736652
Mauritius,MUS,Sub-Saharan Africa ,1986,1028360.0,1029347.58789087
Mauritius,MUS,Sub-Saharan Africa ,1987,1036082.0,1036252.1063498202
Mauritius,MUS,Sub-Saharan Africa ,1988,1043239.0,1048154.413015653
Mauritius,MUS,Sub-Saharan Africa ,1989,1051260.0,1054165.0878419147
Mauritius,MUS,Sub-Saharan Africa ,1990,1058775.0,1061437.400385734
Mauritius,MUS,Sub-Saharan Africa ,1991,1070266.0,1067853.7503661716
Mauritius,MUS,Sub-Saharan Africa ,1992,1084441.0,1077941.558590074
Mauritius,MUS,Sub-Saharan Africa ,1993,1097374.0,1098803.7389033367
Mauritius,MUS,Sub-Saharan Africa ,1994,1112846.0,1110461.2385445486
Mauritius,MUS,Sub-Saharan Africa ,1995,1122457.0,1128335.6454926874
Mauritius,MUS,Sub-Saharan Africa ,1996,1133996.0,1133438.24185956
Mauritius,MUS,Sub-Saharan Africa ,1997,1148284.0,1145431.1799072158
Mauritius,MUS,Sub-Saharan Africa ,1998,1160421.0,1159830.7931691713
Mauritius,MUS,Sub-Saharan Africa ,1999,1175267.0,1174154.591890265
Mauritius,MUS,Sub-Saharan Africa ,2000,1186873.0,1188702.8992806782
Mauritius,MUS,Sub-Saharan Africa ,2001,1196287.0,1201501.7645378618
Mauritius,MUS,Sub-Saharan Africa ,2002,1204621.0,1212526.819873355
Mauritius,MUS,Sub-Saharan Africa ,2003,1213370.0,1222263.5502765516
Mauritius,MUS,Sub-Saharan Africa ,2004,1221003.0,1222061.9675887178
Mauritius,MUS,Sub-Saharan Africa ,2005,1228254.0,1229094.7535019135
Mauritius,MUS,Sub-Saharan Africa ,2006,1233996.0,1239216.6749990992
Mauritius,MUS,Sub-Saharan Africa ,2007,1239630.0,1243908.3527198345
Mauritius,MUS,Sub-Saharan Africa ,2008,1244121.0,1249187.2131955423
Mauritius,MUS,Sub-Saharan Africa ,2009,1247429.0,1252032.3088040866
Mauritius,MUS,Sub-Saharan Africa ,2010,1250400.0,1254345.4809003766
Mauritius,MUS,Sub-Saharan Africa ,2011,1252404.0,1256561.6786731202
Mauritius,MUS,Sub-Saharan Africa ,2012,1255882.0,1257845.4289828462
Mauritius,MUS,Sub-Saharan Africa ,2013,1258927.0,1260696.5274821625
Mauritius,MUS,Sub-Saharan Africa ,2014,1261208.0,1263220.6146122052
Mauritius,MUS,Sub-Saharan Africa ,2015,1262879.0,1264930.0551904733
Mauritius,MUS,Sub-Saharan Africa ,2016,1263747.0,1267866.0383089604
Mauritius,MUS,Sub-Saharan Africa ,2017,1264887.0,1268613.770472669
Mauritius,MUS,Sub-Saharan Africa ,2018,1265577.0,1267221.68051946
Mauritius,MUS,Sub-Saharan Africa ,2019,1265985.0,1266389.9357145303
Mauritius,MUS,Sub-Saharan Africa ,2020,1266014.0,1266410.2443732948
Mauritius,MUS,Sub-Saharan Africa ,2021,1266334.0,1267542.5304770821
Mauritius,MUS,Sub-Saharan Africa ,2022,1262523.0,1267504.36038291
Mauritius,MUS,Sub-Saharan Africa ,2023,1248647.0,1266855.3849730254
Mauritius,MUS,Sub-Saharan Africa ,2024,1245779.0,1234923.5072100095
Malawi,MWI,Sub-Saharan Africa ,1970,4633944.0,4631157.854335861
Malawi,MWI,Sub-Saharan Africa ,1971,4751434.0,4749030.415212859
Malawi,MWI,Sub-Saharan Africa ,1972,4874475.0,4869968.068126363
Malawi,MWI,Sub-Saharan Africa ,1973,5003938.0,5000672.351131655
Malawi,MWI,Sub-Saharan Africa ,1974,5141337.0,5136051.452866825
Malawi,MWI,Sub-Saharan Africa ,1975,5287367.0,5281646.7057392085
Malawi,MWI,Sub-Saharan Africa ,1976,5443384.0,5437544.707126734
Malawi,MWI,Sub-Saharan Africa ,1977,5614983.0,5604004.6719738
Malawi,MWI,Sub-Saharan Africa ,1978,5810132.0,5791991.542032477
Malawi,MWI,Sub-Saharan Africa ,1979,6028749.0,6012063.412069004
Malawi,MWI,Sub-Saharan Africa ,1980,6265529.0,6255591.869890661
Malawi,MWI,Sub-Saharan Africa ,1981,6516454.0,6511608.56898782
Malawi,MWI,Sub-Saharan Africa ,1982,6778879.0,6730085.917920123
Malawi,MWI,Sub-Saharan Africa ,1983,7051709.0,7011443.400031917
Malawi,MWI,Sub-Saharan Africa ,1984,7332810.0,7303665.253335756
Malawi,MWI,Sub-Saharan Africa ,1985,7620508.0,7604168.732646777
Malawi,MWI,Sub-Saharan Africa ,1986,7906480.0,7893996.718944585
Malawi,MWI,Sub-Saharan Africa ,1987,8293174.0,8220524.114131537
Malawi,MWI,Sub-Saharan Africa ,1988,8753262.0,8581946.46509194
Malawi,MWI,Sub-Saharan Africa ,1989,9176220.0,9238874.721754976
Malawi,MWI,Sub-Saharan Africa ,1990,9545852.0,9619615.352750562
Malawi,MWI,Sub-Saharan Africa ,1991,9844227.0,9959494.397232268
Malawi,MWI,Sub-Saharan Africa ,1992,10135079.0,10336192.7024893
Malawi,MWI,Sub-Saharan Africa ,1993,10284024.0,10434524.349197954
Malawi,MWI,Sub-Saharan Africa ,1994,10164894.0,10435157.900461027
Malawi,MWI,Sub-Saharan Africa ,1995,10150117.0,10047144.009978255
Malawi,MWI,Sub-Saharan Africa ,1996,10352228.0,10135361.473168556
Malawi,MWI,Sub-Saharan Africa ,1997,10562035.0,10610487.988148449
Malawi,MWI,Sub-Saharan Africa ,1998,10792876.0,10784792.64535857
Malawi,MWI,Sub-Saharan Africa ,1999,11047804.0,10935646.206271544
Malawi,MWI,Sub-Saharan Africa ,2000,11315942.0,11055789.196301924
Malawi,MWI,Sub-Saharan Africa ,2001,11593058.0,11492484.706314353
Malawi,MWI,Sub-Saharan Africa ,2002,11880440.0,11767485.263747158
Malawi,MWI,Sub-Saharan Africa ,2003,12181574.0,11925927.794858148
Malawi,MWI,Sub-Saharan Africa ,2004,12500737.0,12352926.342760758
Malawi,MWI,Sub-Saharan Africa ,2005,12840031.0,12793272.908016382
Malawi,MWI,Sub-Saharan Africa ,2006,13198701.0,13150816.998736782
Malawi,MWI,Sub-Saharan Africa ,2007,13576343.0,13529610.035857739
Malawi,MWI,Sub-Saharan Africa ,2008,13976417.0,13926713.547535736
Malawi,MWI,Sub-Saharan Africa ,2009,14395788.0,14346385.648090407
Malawi,MWI,Sub-Saharan Africa ,2010,14826463.0,14785822.976792112
Malawi,MWI,Sub-Saharan Africa ,2011,15265022.0,15237319.957140751
Malawi,MWI,Sub-Saharan Africa ,2012,15709577.0,15696174.198968267
Malawi,MWI,Sub-Saharan Africa ,2013,16161816.0,16159847.965445116
Malawi,MWI,Sub-Saharan Africa ,2014,16621538.0,16629192.215686042
Malawi,MWI,Sub-Saharan Africa ,2015,17085587.0,17121153.88043428
Malawi,MWI,Sub-Saharan Africa ,2016,17557739.0,17562697.472333323
Malawi,MWI,Sub-Saharan Africa ,2017,18039715.0,18043913.537636764
Malawi,MWI,Sub-Saharan Africa ,2018,18528081.0,18558687.91645963
Malawi,MWI,Sub-Saharan Africa ,2019,19025752.0,19055066.085702464
Malawi,MWI,Sub-Saharan Africa ,2020,19533888.0,19560421.16651389
Malawi,MWI,Sub-Saharan Africa ,2021,20047258.0,20076588.86950718
Malawi,MWI,Sub-Saharan Africa ,2022,20568728.0,20597905.31773671
Malawi,MWI,Sub-Saharan Africa ,2023,21104482.0,21127352.278927077
Malawi,MWI,Sub-Saharan Africa ,2024,21655286.0,21672002.68505456
Malaysia,MYS,East Asia & Pacific,1970,10178802.0,10175002.283041203
Malaysia,MYS,East Asia & Pacific,1971,10423453.0,10431284.48329725
Malaysia,MYS,East Asia & Pacific,1972,10676835.0,10679257.056864655
Malaysia,MYS,East Asia & Pacific,1973,10935621.0,10936245.176561952
Malaysia,MYS,East Asia & Pacific,1974,11200906.0,11193385.908461086
Malaysia,MYS,East Asia & Pacific,1975,11471914.0,11468515.842988152
Malaysia,MYS,East Asia & Pacific,1976,11750097.0,11749490.950312864
Malaysia,MYS,East Asia & Pacific,1977,12035713.0,12029902.862451203
Malaysia,MYS,East Asia & Pacific,1978,12328157.0,12318998.667323317
Malaysia,MYS,East Asia & Pacific,1979,12627862.0,12623335.313444747
Malaysia,MYS,East Asia & Pacific,1980,12983363.0,12932923.355958233
Malaysia,MYS,East Asia & Pacific,1981,13399203.0,13267702.52307459
Malaysia,MYS,East Asia & Pacific,1982,13832798.0,13828113.821946042
Malaysia,MYS,East Asia & Pacific,1983,14285907.0,14280424.030950984
Malaysia,MYS,East Asia & Pacific,1984,14759009.0,14753858.099433184
Malaysia,MYS,East Asia & Pacific,1985,15252258.0,15178019.962666921
Malaysia,MYS,East Asia & Pacific,1986,15760419.0,15700815.801059207
Malaysia,MYS,East Asia & Pacific,1987,16276737.0,16239720.531772876
Malaysia,MYS,East Asia & Pacific,1988,16796605.0,16748880.640402885
Malaysia,MYS,East Asia & Pacific,1989,17314997.0,17337049.752257463
Malaysia,MYS,East Asia & Pacific,1990,17833171.0,17849596.94256598
Malaysia,MYS,East Asia & Pacific,1991,18342464.0,18367008.426934697
Malaysia,MYS,East Asia & Pacific,1992,18834572.0,18866301.770264108
Malaysia,MYS,East Asia & Pacific,1993,19322664.0,19339882.71384116
Malaysia,MYS,East Asia & Pacific,1994,19820446.0,19823404.750710454
Malaysia,MYS,East Asia & Pacific,1995,20330599.0,20405883.336120594
Malaysia,MYS,East Asia & Pacific,1996,20850087.0,20914000.22552413
Malaysia,MYS,East Asia & Pacific,1997,21375218.0,21431927.30487353
Malaysia,MYS,East Asia & Pacific,1998,21906713.0,21955648.083547004
Malaysia,MYS,East Asia & Pacific,1999,22435531.0,22535478.314655464
Malaysia,MYS,East Asia & Pacific,2000,22967816.0,23061536.51904523
Malaysia,MYS,East Asia & Pacific,2001,23526538.0,23549104.50894075
Malaysia,MYS,East Asia & Pacific,2002,24102477.0,24115321.24397165
Malaysia,MYS,East Asia & Pacific,2003,24679602.0,24701791.211528573
Malaysia,MYS,East Asia & Pacific,2004,25256772.0,25288327.779881205
Malaysia,MYS,East Asia & Pacific,2005,25836071.0,25899924.684399392
Malaysia,MYS,East Asia & Pacific,2006,26417909.0,26494351.738322027
Malaysia,MYS,East Asia & Pacific,2007,26998389.0,27047188.345491108
Malaysia,MYS,East Asia & Pacific,2008,27570059.0,27595177.644734435
Malaysia,MYS,East Asia & Pacific,2009,28124778.0,28156344.511395767
Malaysia,MYS,East Asia & Pacific,2010,28655776.0,28690658.13666141
Malaysia,MYS,East Asia & Pacific,2011,29162039.0,29291144.234178018
Malaysia,MYS,East Asia & Pacific,2012,29662831.0,29677246.174292915
Malaysia,MYS,East Asia & Pacific,2013,30174265.0,30275180.83886167
Malaysia,MYS,East Asia & Pacific,2014,30696137.0,30776564.509938322
Malaysia,MYS,East Asia & Pacific,2015,31232798.0,31289970.007506326
Malaysia,MYS,East Asia & Pacific,2016,31789685.0,31819419.015846964
Malaysia,MYS,East Asia & Pacific,2017,32355644.0,32405474.448627874
Malaysia,MYS,East Asia & Pacific,2018,32910967.0,32938759.9096098
Malaysia,MYS,East Asia & Pacific,2019,33440596.0,33491743.150384266
Malaysia,MYS,East Asia & Pacific,2020,33889558.0,34050365.927834876
Malaysia,MYS,East Asia & Pacific,2021,34282399.0,34344547.61369353
Malaysia,MYS,East Asia & Pacific,2022,34695493.0,34679793.73600352
Malaysia,MYS,East Asia & Pacific,2023,35126298.0,35113564.6737037
Malaysia,MYS,East Asia & Pacific,2024,35557673.0,35656418.97517208
Namibia,NAM,Sub-Saharan Africa ,1970,757868.0,754233.8686983106
Namibia,NAM,Sub-Saharan Africa ,1971,780584.0,777353.1530333515
Namibia,NAM,Sub-Saharan Africa ,1972,804399.0,801427.9357311745
Namibia,NAM,Sub-Saharan Africa ,1973,828928.0,826598.7815717647
Namibia,NAM,Sub-Saharan Africa ,1974,854320.0,852429.3391810729
Namibia,NAM,Sub-Saharan Africa ,1975,881032.0,879069.2857515573
Namibia,NAM,Sub-Saharan Africa ,1976,906566.0,907095.9350196029
Namibia,NAM,Sub-Saharan Africa ,1977,931104.0,933343.6086030997
Namibia,NAM,Sub-Saharan Africa ,1978,947269.0,961010.394556005
Namibia,NAM,Sub-Saharan Africa ,1979,962825.0,963714.6427434174
Namibia,NAM,Sub-Saharan Africa ,1980,981434.0,978636.4596879146
Namibia,NAM,Sub-Saharan Africa ,1981,992500.0,1000402.6653024484
Namibia,NAM,Sub-Saharan Africa ,1982,1010308.0,1015945.4694183283
Namibia,NAM,Sub-Saharan Africa ,1983,1037511.0,1032766.969551269
Namibia,NAM,Sub-Saharan Africa ,1984,1065989.0,1060414.1915619567
Namibia,NAM,Sub-Saharan Africa ,1985,1096890.0,1080276.8965616897
Namibia,NAM,Sub-Saharan Africa ,1986,1131081.0,1128588.741511285
Namibia,NAM,Sub-Saharan Africa ,1987,1167889.0,1166142.4595997778
Namibia,NAM,Sub-Saharan Africa ,1988,1209696.0,1195376.4777704075
Namibia,NAM,Sub-Saharan Africa ,1989,1288947.0,1240767.9521991236
Namibia,NAM,Sub-Saharan Africa ,1990,1369303.0,1286159.28598752
Namibia,NAM,Sub-Saharan Africa ,1991,1415684.0,1454668.5836183182
Namibia,NAM,Sub-Saharan Africa ,1992,1461322.0,1469756.864875391
Namibia,NAM,Sub-Saharan Africa ,1993,1508697.0,1518007.9737075246
Namibia,NAM,Sub-Saharan Africa ,1994,1556304.0,1583619.8437281945
Namibia,NAM,Sub-Saharan Africa ,1995,1602170.0,1617989.5750349776
Namibia,NAM,Sub-Saharan Africa ,1996,1646103.0,1665368.1555180466
Namibia,NAM,Sub-Saharan Africa ,1997,1689264.0,1710088.986816423
Namibia,NAM,Sub-Saharan Africa ,1998,1732745.0,1781168.927816851
Namibia,NAM,Sub-Saharan Africa ,1999,1776368.0,1808291.5070604214
Namibia,NAM,Sub-Saharan Africa ,2000,1818647.0,1828487.9013809492
Namibia,NAM,Sub-Saharan Africa ,2001,1857048.0,1869971.7181529338
Namibia,NAM,Sub-Saharan Africa ,2002,1889970.0,1907155.8257052728
Namibia,NAM,Sub-Saharan Africa ,2003,1917464.0,1937882.5427868809
Namibia,NAM,Sub-Saharan Africa ,2004,1942082.0,1945357.964215556
Namibia,NAM,Sub-Saharan Africa ,2005,1966582.0,1967016.0664462165
Namibia,NAM,Sub-Saharan Africa ,2006,1991888.0,2005838.4492823158
Namibia,NAM,Sub-Saharan Africa ,2007,2018600.0,2028695.3946848055
Namibia,NAM,Sub-Saharan Africa ,2008,2047056.0,2053140.4875398905
Namibia,NAM,Sub-Saharan Africa ,2009,2077394.0,2079571.4383599253
Namibia,NAM,Sub-Saharan Africa ,2010,2109811.0,2108974.324099277
Namibia,NAM,Sub-Saharan Africa ,2011,2146325.0,2135611.4931587363
Namibia,NAM,Sub-Saharan Africa ,2012,2194654.0,2183425.8686888735
Namibia,NAM,Sub-Saharan Africa ,2013,2252508.0,2244071.228139366
Namibia,NAM,Sub-Saharan Africa ,2014,2312139.0,2311887.1082180175
Namibia,NAM,Sub-Saharan Africa ,2015,2374300.0,2373348.6210010727
Namibia,NAM,Sub-Saharan Africa ,2016,2439213.0,2421085.4103445224
Namibia,NAM,Sub-Saharan Africa ,2017,2506853.0,2491053.177198669
Namibia,NAM,Sub-Saharan Africa ,2018,2577327.0,2563932.279464791
Namibia,NAM,Sub-Saharan Africa ,2019,2650494.0,2639825.0713165826
Namibia,NAM,Sub-Saharan Africa ,2020,2728762.0,2708836.357449768
Namibia,NAM,Sub-Saharan Africa ,2021,2810548.0,2794282.834844142
Namibia,NAM,Sub-Saharan Africa ,2022,2889662.0,2888864.0621700766
Namibia,NAM,Sub-Saharan Africa ,2023,2963095.0,2970756.317867932
Namibia,NAM,Sub-Saharan Africa ,2024,3030131.0,3050335.911039014
New Caledonia,NCL,East Asia & Pacific,1970,109338.0,107962.43958232924
New Caledonia,NCL,East Asia & Pacific,1971,114514.0,114019.19179064759
New Caledonia,NCL,East Asia & Pacific,1972,119931.0,119935.02894873204
New Caledonia,NCL,East Asia & Pacific,1973,125585.0,125604.2471833117
New Caledonia,NCL,East Asia & Pacific,1974,131452.0,131505.55090093575
New Caledonia,NCL,East Asia & Pacific,1975,137462.0,136578.71499987988
New Caledonia,NCL,East Asia & Pacific,1976,142091.0,143085.85919966205
New Caledonia,NCL,East Asia & Pacific,1977,144599.0,148601.75995883578
New Caledonia,NCL,East Asia & Pacific,1978,146392.0,147151.26793388394
New Caledonia,NCL,East Asia & Pacific,1979,148132.0,148207.23285753568
New Caledonia,NCL,East Asia & Pacific,1980,149817.0,149892.68144985105
New Caledonia,NCL,East Asia & Pacific,1981,151441.0,154357.60145074019
New Caledonia,NCL,East Asia & Pacific,1982,153001.0,155417.6572096437
New Caledonia,NCL,East Asia & Pacific,1983,155003.0,156394.9655748508
New Caledonia,NCL,East Asia & Pacific,1984,157583.0,159338.12282724044
New Caledonia,NCL,East Asia & Pacific,1985,160234.0,159913.4277809764
New Caledonia,NCL,East Asia & Pacific,1986,162898.0,161536.8693833963
New Caledonia,NCL,East Asia & Pacific,1987,165650.0,165606.29082653715
New Caledonia,NCL,East Asia & Pacific,1988,168502.0,168448.49230559648
New Caledonia,NCL,East Asia & Pacific,1989,172029.0,170931.76803499358
New Caledonia,NCL,East Asia & Pacific,1990,176456.0,174691.8793473516
New Caledonia,NCL,East Asia & Pacific,1991,181238.0,177829.46255096977
New Caledonia,NCL,East Asia & Pacific,1992,186072.0,186149.5933509912
New Caledonia,NCL,East Asia & Pacific,1993,190857.0,191034.93299049904
New Caledonia,NCL,East Asia & Pacific,1994,195614.0,194963.08792136496
New Caledonia,NCL,East Asia & Pacific,1995,200379.0,199998.7050870003
New Caledonia,NCL,East Asia & Pacific,1996,205034.0,205043.05375908266
New Caledonia,NCL,East Asia & Pacific,1997,209560.0,210193.08560041734
New Caledonia,NCL,East Asia & Pacific,1998,214047.0,214699.47546331698
New Caledonia,NCL,East Asia & Pacific,1999,218527.0,218661.1976640283
New Caledonia,NCL,East Asia & Pacific,2000,223098.0,223780.74870247807
New Caledonia,NCL,East Asia & Pacific,2001,227707.0,228309.0899958936
New Caledonia,NCL,East Asia & Pacific,2002,232236.0,232873.67789264
New Caledonia,NCL,East Asia & Pacific,2003,236678.0,237354.80518083056
New Caledonia,NCL,East Asia & Pacific,2004,240852.0,241745.1991532308
New Caledonia,NCL,East Asia & Pacific,2005,244381.0,245826.00427825982
New Caledonia,NCL,East Asia & Pacific,2006,247547.0,247961.7074698816
New Caledonia,NCL,East Asia & Pacific,2007,250725.0,250754.01610969807
New Caledonia,NCL,East Asia & Pacific,2008,253825.0,253943.79905132062
New Caledonia,NCL,East Asia & Pacific,2009,257250.0,258083.3638298761
New Caledonia,NCL,East Asia & Pacific,2010,261582.0,261352.41178658005
New Caledonia,NCL,East Asia & Pacific,2011,266543.0,265633.20834676694
New Caledonia,NCL,East Asia & Pacific,2012,271633.0,269640.2281771789
New Caledonia,NCL,East Asia & Pacific,2013,276822.0,276820.20045873406
New Caledonia,NCL,East Asia & Pacific,2014,281224.0,282110.12536814186
New Caledonia,NCL,East Asia & Pacific,2015,283168.0,285646.2561730391
New Caledonia,NCL,East Asia & Pacific,2016,283423.0,288993.45090479095
New Caledonia,NCL,East Asia & Pacific,2017,283546.0,283678.2296723729
New Caledonia,NCL,East Asia & Pacific,2018,283541.0,283669.05336017546
New Caledonia,NCL,East Asia & Pacific,2019,283606.0,283536.00009192247
New Caledonia,NCL,East Asia & Pacific,2020,284176.0,286164.8248387809
New Caledonia,NCL,East Asia & Pacific,2021,285214.0,286205.8534254554
New Caledonia,NCL,East Asia & Pacific,2022,287123.0,287961.9269259867
New Caledonia,NCL,East Asia & Pacific,2023,289870.0,287428.91261652036
New Caledonia,NCL,East Asia & Pacific,2024,292639.0,292643.2814267015
Niger,NER,Sub-Saharan Africa ,1970,4650275.0,4651900.100640266
Niger,NER,Sub-Saharan Africa ,1971,4776225.0,4783266.47203042
Niger,NER,Sub-Saharan Africa ,1972,4904845.0,4911552.396606701
Niger,NER,Sub-Saharan Africa ,1973,5037865.0,5042445.0227970425
Niger,NER,Sub-Saharan Africa ,1974,5174953.0,5177979.490830615
Niger,NER,Sub-Saharan Africa ,1975,5317019.0,5317882.043661357
Niger,NER,Sub-Saharan Africa ,1976,5464962.0,5463179.706852019
Niger,NER,Sub-Saharan Africa ,1977,5619716.0,5612917.282527136
Niger,NER,Sub-Saharan Africa ,1978,5782932.0,5778820.949326461
Niger,NER,Sub-Saharan Africa ,1979,5955556.0,5950839.475855809
Niger,NER,Sub-Saharan Africa ,1980,6135971.0,6132336.729530922
Niger,NER,Sub-Saharan Africa ,1981,6322006.0,6320863.650547707
Niger,NER,Sub-Saharan Africa ,1982,6512732.0,6502779.836713064
Niger,NER,Sub-Saharan Africa ,1983,6708644.0,6701183.996776563
Niger,NER,Sub-Saharan Africa ,1984,6909971.0,6904920.527355314
Niger,NER,Sub-Saharan Africa ,1985,7118457.0,7114114.734157401
Niger,NER,Sub-Saharan Africa ,1986,7335811.0,7327997.609617159
Niger,NER,Sub-Saharan Africa ,1987,7561150.0,7553759.155583419
Niger,NER,Sub-Saharan Africa ,1988,7793748.0,7785861.910355476
Niger,NER,Sub-Saharan Africa ,1989,8034780.0,8033503.263174859
Niger,NER,Sub-Saharan Africa ,1990,8286059.0,8283248.361502685
Niger,NER,Sub-Saharan Africa ,1991,8546900.0,8544102.673992183
Niger,NER,Sub-Saharan Africa ,1992,8817633.0,8808926.650090877
Niger,NER,Sub-Saharan Africa ,1993,9100789.0,9089522.181046952
Niger,NER,Sub-Saharan Africa ,1994,9398258.0,9383525.057221346
Niger,NER,Sub-Saharan Africa ,1995,9714529.0,9702176.171931114
Niger,NER,Sub-Saharan Africa ,1996,10044852.0,10037006.1376313
Niger,NER,Sub-Saharan Africa ,1997,10383969.0,10382516.668199213
Niger,NER,Sub-Saharan Africa ,1998,10741413.0,10720299.784996439
Niger,NER,Sub-Saharan Africa ,1999,11117411.0,11093564.80406579
Niger,NER,Sub-Saharan Africa ,2000,11509630.0,11486517.150699038
Niger,NER,Sub-Saharan Africa ,2001,11920647.0,11896607.631592693
Niger,NER,Sub-Saharan Africa ,2002,12349144.0,12326682.711993827
Niger,NER,Sub-Saharan Africa ,2003,12796984.0,12775049.505233366
Niger,NER,Sub-Saharan Africa ,2004,13265836.0,13243424.358489
Niger,NER,Sub-Saharan Africa ,2005,13756192.0,13733031.76314552
Niger,NER,Sub-Saharan Africa ,2006,14268581.0,14245188.12994076
Niger,NER,Sub-Saharan Africa ,2007,14803610.0,14781324.570157375
Niger,NER,Sub-Saharan Africa ,2008,15361915.0,15340643.107732937
Niger,NER,Sub-Saharan Africa ,2009,15943675.0,15923834.505507257
Niger,NER,Sub-Saharan Africa ,2010,16548835.0,16531474.898329014
Niger,NER,Sub-Saharan Africa ,2011,17176283.0,17163090.126183033
Niger,NER,Sub-Saharan Africa ,2012,17836769.0,17817610.626654893
Niger,NER,Sub-Saharan Africa ,2013,18519898.0,18507065.195714854
Niger,NER,Sub-Saharan Africa ,2014,19215909.0,19219318.153921846
Niger,NER,Sub-Saharan Africa ,2015,19939498.0,19943446.859027795
Niger,NER,Sub-Saharan Africa ,2016,20685753.0,20699493.351133443
Niger,NER,Sub-Saharan Africa ,2017,21435446.0,21469269.691411655
Niger,NER,Sub-Saharan Africa ,2018,22188069.0,22212665.979439396
Niger,NER,Sub-Saharan Africa ,2019,22947757.0,22968665.33114092
Niger,NER,Sub-Saharan Africa ,2020,23717613.0,23736193.06991047
Niger,NER,Sub-Saharan Africa ,2021,24502140.0,24525731.209029377
Niger,NER,Sub-Saharan Africa ,2022,25311973.0,25382288.04670896
Niger,NER,Sub-Saharan Africa ,2023,26159867.0,26206031.783447262
Niger,NER,Sub-Saharan Africa ,2024,27032412.0,27072231.411274742
Nigeria,NGA,Sub-Saharan Africa ,1970,55893838.0,55773926.08280488
Nigeria,NGA,Sub-Saharan Africa ,1971,57214684.0,57047205.32103008
Nigeria,NGA,Sub-Saharan Africa ,1972,58601748.0,58556414.45096452
Nigeria,NGA,Sub-Saharan Africa ,1973,60082139.0,60014222.01938682
Nigeria,NGA,Sub-Saharan Africa ,1974,61679144.0,61599927.47463798
Nigeria,NGA,Sub-Saharan Africa ,1975,63410815.0,63289407.751161866
Nigeria,NGA,Sub-Saharan Africa ,1976,65258009.0,65191103.475425094
Nigeria,NGA,Sub-Saharan Africa ,1977,67234590.0,66883975.19562459
Nigeria,NGA,Sub-Saharan Africa ,1978,69326532.0,68973208.60944118
Nigeria,NGA,Sub-Saharan Africa ,1979,71498242.0,71185989.02775522
Nigeria,NGA,Sub-Saharan Africa ,1980,73764641.0,73481299.10233188
Nigeria,NGA,Sub-Saharan Africa ,1981,76068103.0,75876637.67489718
Nigeria,NGA,Sub-Saharan Africa ,1982,78378701.0,78304626.93915202
Nigeria,NGA,Sub-Saharan Africa ,1983,80438260.0,80728342.60623303
Nigeria,NGA,Sub-Saharan Africa ,1984,82526443.0,83077130.32398872
Nigeria,NGA,Sub-Saharan Africa ,1985,84897973.0,84667618.88419715
Nigeria,NGA,Sub-Saharan Africa ,1986,87235953.0,87332281.20091094
Nigeria,NGA,Sub-Saharan Africa ,1987,89591716.0,89797173.66612817
Nigeria,NGA,Sub-Saharan Africa ,1988,92020090.0,92181951.44656844
Nigeria,NGA,Sub-Saharan Africa ,1989,94531014.0,94812131.51144248
Nigeria,NGA,Sub-Saharan Africa ,1990,97120925.0,97248622.90198557
Nigeria,NGA,Sub-Saharan Africa ,1991,99720162.0,99799177.16109724
Nigeria,NGA,Sub-Saharan Africa ,1992,102372770.0,102460164.06701869
Nigeria,NGA,Sub-Saharan Africa ,1993,105122069.0,105237492.43485706
Nigeria,NGA,Sub-Saharan Africa ,1994,107935714.0,108059059.40637316
Nigeria,NGA,Sub-Saharan Africa ,1995,110819428.0,110854541.939624
Nigeria,NGA,Sub-Saharan Africa ,1996,113754779.0,113805469.18885553
Nigeria,NGA,Sub-Saharan Africa ,1997,116754792.0,116813478.89409335
Nigeria,NGA,Sub-Saharan Africa ,1998,119846254.0,119948429.78369178
Nigeria,NGA,Sub-Saharan Africa ,1999,123047320.0,123097516.34212257
Nigeria,NGA,Sub-Saharan Africa ,2000,126382494.0,126325105.12295908
Nigeria,NGA,Sub-Saharan Africa ,2001,129862595.0,129807461.62028636
Nigeria,NGA,Sub-Saharan Africa ,2002,133471989.0,133437935.50739665
Nigeria,NGA,Sub-Saharan Africa ,2003,137202644.0,137181469.63400352
Nigeria,NGA,Sub-Saharan Africa ,2004,141057045.0,141036734.79017323
Nigeria,NGA,Sub-Saharan Africa ,2005,145017253.0,144888815.62064743
Nigeria,NGA,Sub-Saharan Africa ,2006,149077334.0,148982360.206574
Nigeria,NGA,Sub-Saharan Africa ,2007,153267261.0,153180590.83969122
Nigeria,NGA,Sub-Saharan Africa ,2008,157595014.0,157509859.75028312
Nigeria,NGA,Sub-Saharan Africa ,2009,162049464.0,161919441.80155504
Nigeria,NGA,Sub-Saharan Africa ,2010,166642886.0,166531489.11988032
Nigeria,NGA,Sub-Saharan Africa ,2011,171379598.0,171324665.41738296
Nigeria,NGA,Sub-Saharan Africa ,2012,176200625.0,176243801.05264312
Nigeria,NGA,Sub-Saharan Africa ,2013,181049443.0,181167067.29893315
Nigeria,NGA,Sub-Saharan Africa ,2014,185896915.0,186220706.67116416
Nigeria,NGA,Sub-Saharan Africa ,2015,190671878.0,190875694.82365495
Nigeria,NGA,Sub-Saharan Africa ,2016,195443700.0,195571895.13271618
Nigeria,NGA,Sub-Saharan Africa ,2017,200254579.0,200334943.31127965
Nigeria,NGA,Sub-Saharan Africa ,2018,204938755.0,205183878.58397114
Nigeria,NGA,Sub-Saharan Africa ,2019,209485641.0,209732499.06531906
Nigeria,NGA,Sub-Saharan Africa ,2020,213996181.0,214883294.5437567
Nigeria,NGA,Sub-Saharan Africa ,2021,218529286.0,219345914.65463805
Nigeria,NGA,Sub-Saharan Africa ,2022,223150896.0,223819970.70553252
Nigeria,NGA,Sub-Saharan Africa ,2023,227882945.0,228398020.72474474
Nigeria,NGA,Sub-Saharan Africa ,2024,232679478.0,233098011.94607776
Nicaragua,NIC,Latin America & Caribbean ,1970,2423065.0,2421465.5014466187
Nicaragua,NIC,Latin America & Caribbean ,1971,2499825.0,2498850.3120375085
Nicaragua,NIC,Latin America & Caribbean ,1972,2573578.0,2578363.8046820797
Nicaragua,NIC,Latin America & Caribbean ,1973,2649278.0,2657516.234423234
Nicaragua,NIC,Latin America & Caribbean ,1974,2732075.0,2727180.697767807
Nicaragua,NIC,Latin America & Caribbean ,1975,2816943.0,2817223.3567433893
Nicaragua,NIC,Latin America & Caribbean ,1976,2903851.0,2904624.2052570246
Nicaragua,NIC,Latin America & Caribbean ,1977,2992534.0,2993968.5341534945
Nicaragua,NIC,Latin America & Caribbean ,1978,3080314.0,3085156.1860359306
Nicaragua,NIC,Latin America & Caribbean ,1979,3164525.0,3176949.5709288125
Nicaragua,NIC,Latin America & Caribbean ,1980,3252403.0,3268135.2245907723
Nicaragua,NIC,Latin America & Caribbean ,1981,3345674.0,3342669.0850463784
Nicaragua,NIC,Latin America & Caribbean ,1982,3438745.0,3441619.7850955864
Nicaragua,NIC,Latin America & Caribbean ,1983,3530282.0,3539857.6442362107
Nicaragua,NIC,Latin America & Caribbean ,1984,3619104.0,3632268.510133575
Nicaragua,NIC,Latin America & Caribbean ,1985,3706479.0,3721281.5557221835
Nicaragua,NIC,Latin America & Caribbean ,1986,3794157.0,3808420.912961329
Nicaragua,NIC,Latin America & Caribbean ,1987,3882164.0,3883909.0524301855
Nicaragua,NIC,Latin America & Caribbean ,1988,3972320.0,3972256.841131782
Nicaragua,NIC,Latin America & Caribbean ,1989,4066476.0,4073942.338607338
Nicaragua,NIC,Latin America & Caribbean ,1990,4162559.0,4168693.2936526216
Nicaragua,NIC,Latin America & Caribbean ,1991,4259637.0,4264988.6063391315
Nicaragua,NIC,Latin America & Caribbean ,1992,4357026.0,4365750.521656347
Nicaragua,NIC,Latin America & Caribbean ,1993,4453732.0,4463183.103849717
Nicaragua,NIC,Latin America & Caribbean ,1994,4549316.0,4562824.081559472
Nicaragua,NIC,Latin America & Caribbean ,1995,4642931.0,4647557.141075632
Nicaragua,NIC,Latin America & Caribbean ,1996,4729974.0,4738735.329795506
Nicaragua,NIC,Latin America & Caribbean ,1997,4809573.0,4818648.83242563
Nicaragua,NIC,Latin America & Caribbean ,1998,4883655.0,4890511.542697639
Nicaragua,NIC,Latin America & Caribbean ,1999,4954018.0,4958878.087483197
Nicaragua,NIC,Latin America & Caribbean ,2000,5022633.0,5025394.780115874
Nicaragua,NIC,Latin America & Caribbean ,2001,5087825.0,5115434.233463669
Nicaragua,NIC,Latin America & Caribbean ,2002,5149909.0,5176236.852589731
Nicaragua,NIC,Latin America & Caribbean ,2003,5210963.0,5233689.504334388
Nicaragua,NIC,Latin America & Caribbean ,2004,5272912.0,5290193.268365671
Nicaragua,NIC,Latin America & Caribbean ,2005,5342105.0,5347985.606168503
Nicaragua,NIC,Latin America & Caribbean ,2006,5418855.0,5414836.703722803
Nicaragua,NIC,Latin America & Caribbean ,2007,5497243.0,5488936.851376016
Nicaragua,NIC,Latin America & Caribbean ,2008,5576593.0,5569971.293175454
Nicaragua,NIC,Latin America & Caribbean ,2009,5656601.0,5657094.3120303145
Nicaragua,NIC,Latin America & Caribbean ,2010,5737450.0,5737756.883693967
Nicaragua,NIC,Latin America & Caribbean ,2011,5819051.0,5814545.253821564
Nicaragua,NIC,Latin America & Caribbean ,2012,5901287.0,5898558.061505372
Nicaragua,NIC,Latin America & Caribbean ,2013,5983845.0,5982094.410877593
Nicaragua,NIC,Latin America & Caribbean ,2014,6066492.0,6070323.173699484
Nicaragua,NIC,Latin America & Caribbean ,2015,6149417.0,6150467.674328469
Nicaragua,NIC,Latin America & Caribbean ,2016,6232666.0,6234229.726795038
Nicaragua,NIC,Latin America & Caribbean ,2017,6316231.0,6320242.607164476
Nicaragua,NIC,Latin America & Caribbean ,2018,6400080.0,6404261.520529257
Nicaragua,NIC,Latin America & Caribbean ,2019,6483657.0,6488517.050663059
Nicaragua,NIC,Latin America & Caribbean ,2020,6565267.0,6572362.415626131
Nicaragua,NIC,Latin America & Caribbean ,2021,6644741.0,6653905.949350419
Nicaragua,NIC,Latin America & Caribbean ,2022,6730654.0,6727516.840803125
Nicaragua,NIC,Latin America & Caribbean ,2023,6823613.0,6819191.175666219
Nicaragua,NIC,Latin America & Caribbean ,2024,6916140.0,6913339.65375681
Netherlands,NLD,Europe & Central Asia,1970,13038526.0,13025409.735133106
Netherlands,NLD,Europe & Central Asia,1971,13194497.0,13204107.474725872
Netherlands,NLD,Europe & Central Asia,1972,13328593.0,13358592.004135069
Netherlands,NLD,Europe & Central Asia,1973,13439322.0,13510337.70959474
Netherlands,NLD,Europe & Central Asia,1974,13545056.0,13635056.759505436
Netherlands,NLD,Europe & Central Asia,1975,13666335.0,13691807.110203229
Netherlands,NLD,Europe & Central Asia,1976,13774037.0,13788699.90068823
Netherlands,NLD,Europe & Central Asia,1977,13856185.0,13882698.776056172
Netherlands,NLD,Europe & Central Asia,1978,13941700.0,13987592.912015716
Netherlands,NLD,Europe & Central Asia,1979,14038270.0,14065362.735822504
Netherlands,NLD,Europe & Central Asia,1980,14149800.0,14153968.906062502
Netherlands,NLD,Europe & Central Asia,1981,14247208.0,14259626.318842864
Netherlands,NLD,Europe & Central Asia,1982,14312690.0,14353143.451897489
Netherlands,NLD,Europe & Central Asia,1983,14367070.0,14440747.983424613
Netherlands,NLD,Europe & Central Asia,1984,14424211.0,14506002.535624884
Netherlands,NLD,Europe & Central Asia,1985,14491632.0,14510958.288132347
Netherlands,NLD,Europe & Central Asia,1986,14572278.0,14559368.135800533
Netherlands,NLD,Europe & Central Asia,1987,14665037.0,14654094.787979517
Netherlands,NLD,Europe & Central Asia,1988,14760094.0,14747682.305926446
Netherlands,NLD,Europe & Central Asia,1989,14848907.0,14817855.539819902
Netherlands,NLD,Europe & Central Asia,1990,14951510.0,14928634.309513927
Netherlands,NLD,Europe & Central Asia,1991,15069798.0,15031765.90580328
Netherlands,NLD,Europe & Central Asia,1992,15184166.0,15156355.010962486
Netherlands,NLD,Europe & Central Asia,1993,15290368.0,15277672.048700783
Netherlands,NLD,Europe & Central Asia,1994,15382838.0,15389735.766862499
Netherlands,NLD,Europe & Central Asia,1995,15459006.0,15485245.103808539
Netherlands,NLD,Europe & Central Asia,1996,15530498.0,15535551.145785443
Netherlands,NLD,Europe & Central Asia,1997,15610650.0,15602313.468779124
Netherlands,NLD,Europe & Central Asia,1998,15707209.0,15691064.25996838
Netherlands,NLD,Europe & Central Asia,1999,15812088.0,15805489.935176255
Netherlands,NLD,Europe & Central Asia,2000,15925513.0,15910601.362254381
Netherlands,NLD,Europe & Central Asia,2001,16046180.0,16000963.439321836
Netherlands,NLD,Europe & Central Asia,2002,16148929.0,16167761.289050931
Netherlands,NLD,Europe & Central Asia,2003,16225302.0,16252650.097821353
Netherlands,NLD,Europe & Central Asia,2004,16281779.0,16321809.412534755
Netherlands,NLD,Europe & Central Asia,2005,16319868.0,16417738.729108358
Netherlands,NLD,Europe & Central Asia,2006,16346101.0,16358046.104546739
Netherlands,NLD,Europe & Central Asia,2007,16381696.0,16372376.167895176
Netherlands,NLD,Europe & Central Asia,2008,16445593.0,16417368.510488661
Netherlands,NLD,Europe & Central Asia,2009,16530388.0,16517543.563034406
Netherlands,NLD,Europe & Central Asia,2010,16615394.0,16594786.420147521
Netherlands,NLD,Europe & Central Asia,2011,16693074.0,16643508.309858246
Netherlands,NLD,Europe & Central Asia,2012,16754962.0,16771174.940032708
Netherlands,NLD,Europe & Central Asia,2013,16804432.0,16817079.444540456
Netherlands,NLD,Europe & Central Asia,2014,16865008.0,16863530.328384724
Netherlands,NLD,Europe & Central Asia,2015,16939923.0,16938625.831750058
Netherlands,NLD,Europe & Central Asia,2016,17030314.0,17016622.632903174
Netherlands,NLD,Europe & Central Asia,2017,17131296.0,17121029.540652737
Netherlands,NLD,Europe & Central Asia,2018,17231624.0,17232876.777008437
Netherlands,NLD,Europe & Central Asia,2019,17344874.0,17332539.56273666
Netherlands,NLD,Europe & Central Asia,2020,17441500.0,17458868.30318394
Netherlands,NLD,Europe & Central Asia,2021,17533044.0,17526702.56267034
Netherlands,NLD,Europe & Central Asia,2022,17700982.0,17621702.884494174
Netherlands,NLD,Europe & Central Asia,2023,17877117.0,17751189.297709495
Netherlands,NLD,Europe & Central Asia,2024,17993485.0,17992938.241934743
Norway,NOR,Europe & Central Asia,1970,3875763.0,3879199.386355864
Norway,NOR,Europe & Central Asia,1971,3903039.0,3906511.9500985057
Norway,NOR,Europe & Central Asia,1972,3933004.0,3930505.0931342915
Norway,NOR,Europe & Central Asia,1973,3960612.0,3963156.1734682396
Norway,NOR,Europe & Central Asia,1974,3985258.0,3988775.0371095506
Norway,NOR,Europe & Central Asia,1975,4007313.0,4015524.2914385474
Norway,NOR,Europe & Central Asia,1976,4026152.0,4036648.8619825174
Norway,NOR,Europe & Central Asia,1977,4043205.0,4053929.8839733102
Norway,NOR,Europe & Central Asia,1978,4058671.0,4060330.229003235
Norway,NOR,Europe & Central Asia,1979,4072517.0,4074196.16033028
Norway,NOR,Europe & Central Asia,1980,4085620.0,4095029.0725788493
Norway,NOR,Europe & Central Asia,1981,4099702.0,4106426.764345274
Norway,NOR,Europe & Central Asia,1982,4114787.0,4118675.287214523
Norway,NOR,Europe & Central Asia,1983,4128432.0,4132291.1066888324
Norway,NOR,Europe & Central Asia,1984,4140099.0,4147867.266116109
Norway,NOR,Europe & Central Asia,1985,4152516.0,4158435.332684881
Norway,NOR,Europe & Central Asia,1986,4167354.0,4169564.7298887256
Norway,NOR,Europe & Central Asia,1987,4186905.0,4181997.3892953186
Norway,NOR,Europe & Central Asia,1988,4209488.0,4197409.651736655
Norway,NOR,Europe & Central Asia,1989,4226901.0,4232171.482823974
Norway,NOR,Europe & Central Asia,1990,4241473.0,4245048.7608089885
Norway,NOR,Europe & Central Asia,1991,4261732.0,4257533.025334558
Norway,NOR,Europe & Central Asia,1992,4286401.0,4278360.618914971
Norway,NOR,Europe & Central Asia,1993,4311991.0,4298189.923427233
Norway,NOR,Europe & Central Asia,1994,4336613.0,4323932.757614169
Norway,NOR,Europe & Central Asia,1995,4359184.0,4357547.277556577
Norway,NOR,Europe & Central Asia,1996,4381336.0,4381032.258263506
Norway,NOR,Europe & Central Asia,1997,4405157.0,4403487.794157577
Norway,NOR,Europe & Central Asia,1998,4431464.0,4425933.845853348
Norway,NOR,Europe & Central Asia,1999,4461913.0,4453160.73406293
Norway,NOR,Europe & Central Asia,2000,4490967.0,4482410.1184182195
Norway,NOR,Europe & Central Asia,2001,4513751.0,4520253.957621885
Norway,NOR,Europe & Central Asia,2002,4538159.0,4539761.598513788
Norway,NOR,Europe & Central Asia,2003,4564855.0,4564016.74260961
Norway,NOR,Europe & Central Asia,2004,4591910.0,4591875.033753576
Norway,NOR,Europe & Central Asia,2005,4623291.0,4619580.061692284
Norway,NOR,Europe & Central Asia,2006,4660677.0,4648824.062509593
Norway,NOR,Europe & Central Asia,2007,4709153.0,4698298.118487866
Norway,NOR,Europe & Central Asia,2008,4768212.0,4758133.201581279
Norway,NOR,Europe & Central Asia,2009,4828726.0,4828011.677592633
Norway,NOR,Europe & Central Asia,2010,4889252.0,4890007.991183479
Norway,NOR,Europe & Central Asia,2011,4953088.0,4932855.404381812
Norway,NOR,Europe & Central Asia,2012,5018573.0,5001474.646076506
Norway,NOR,Europe & Central Asia,2013,5079623.0,5071681.688885357
Norway,NOR,Europe & Central Asia,2014,5137232.0,5136915.644641112
Norway,NOR,Europe & Central Asia,2015,5188607.0,5198457.307731044
Norway,NOR,Europe & Central Asia,2016,5234519.0,5262936.167234709
Norway,NOR,Europe & Central Asia,2017,5276968.0,5280837.257903165
Norway,NOR,Europe & Central Asia,2018,5311916.0,5319761.237558383
Norway,NOR,Europe & Central Asia,2019,5347896.0,5347095.451897642
Norway,NOR,Europe & Central Asia,2020,5379475.0,5401438.086835231
Norway,NOR,Europe & Central Asia,2021,5408320.0,5429068.223215099
Norway,NOR,Europe & Central Asia,2022,5457127.0,5453528.289082475
Norway,NOR,Europe & Central Asia,2023,5519601.0,5500368.62108355
Norway,NOR,Europe & Central Asia,2024,5572279.0,5547248.376978344
Nepal,NPL,South Asia,1970,12436190.0,12418068.55623328
Nepal,NPL,South Asia,1971,12710061.0,12696770.021294003
Nepal,NPL,South Asia,1972,12989099.0,12979761.481850091
Nepal,NPL,South Asia,1973,13275239.0,13267799.236243246
Nepal,NPL,South Asia,1974,13568435.0,13562808.420264455
Nepal,NPL,South Asia,1975,13870695.0,13859580.417021494
Nepal,NPL,South Asia,1976,14177649.0,14170521.93045137
Nepal,NPL,South Asia,1977,14499175.0,14486941.87326015
Nepal,NPL,South Asia,1978,14839695.0,14823290.129784286
Nepal,NPL,South Asia,1979,15190590.0,15188071.550137857
Nepal,NPL,South Asia,1980,15553105.0,15548975.539404219
Nepal,NPL,South Asia,1981,15922423.0,15922470.0682372
Nepal,NPL,South Asia,1982,16297987.0,16286691.895416627
Nepal,NPL,South Asia,1983,16689119.0,16673700.688171268
Nepal,NPL,South Asia,1984,17085242.0,17077378.80543309
Nepal,NPL,South Asia,1985,17477692.0,17476507.384162273
Nepal,NPL,South Asia,1986,17868124.0,17895223.53141895
Nepal,NPL,South Asia,1987,18250505.0,18267380.550992496
Nepal,NPL,South Asia,1988,18638661.0,18641267.962625507
Nepal,NPL,South Asia,1989,19057807.0,19035072.39225276
Nepal,NPL,South Asia,1990,19524573.0,19493019.534090735
Nepal,NPL,South Asia,1991,20036500.0,19971885.162976466
Nepal,NPL,South Asia,1992,20609707.0,20561849.533481527
Nepal,NPL,South Asia,1993,21180159.0,21199312.38451664
Nepal,NPL,South Asia,1994,21717479.0,21766400.429610755
Nepal,NPL,South Asia,1995,22245439.0,22247957.841902025
Nepal,NPL,South Asia,1996,22741862.0,22793680.414940316
Nepal,NPL,South Asia,1997,23219463.0,23359924.080433726
Nepal,NPL,South Asia,1998,23680357.0,23707094.08155431
Nepal,NPL,South Asia,1999,24125199.0,24150399.501701955
Nepal,NPL,South Asia,2000,24546509.0,24578397.479690712
Nepal,NPL,South Asia,2001,24946748.0,25106499.400192328
Nepal,NPL,South Asia,2002,25328981.0,25481778.0583915
Nepal,NPL,South Asia,2003,25688758.0,25837386.89571784
Nepal,NPL,South Asia,2004,26016656.0,26172602.064214155
Nepal,NPL,South Asia,2005,26309458.0,26473209.992297567
Nepal,NPL,South Asia,2006,26565425.0,26738873.82918653
Nepal,NPL,South Asia,2007,26788492.0,26965762.78652278
Nepal,NPL,South Asia,2008,26990037.0,27158088.24894558
Nepal,NPL,South Asia,2009,27173035.0,27328641.476938866
Nepal,NPL,South Asia,2010,27341952.0,27481660.655004542
Nepal,NPL,South Asia,2011,27464494.0,27621801.30636133
Nepal,NPL,South Asia,2012,27534915.0,27712640.724633835
Nepal,NPL,South Asia,2013,27589996.0,27748094.333679065
Nepal,NPL,South Asia,2014,27672370.0,27770536.586169787
Nepal,NPL,South Asia,2015,27823629.0,27828005.1388137
Nepal,NPL,South Asia,2016,27955462.0,27967044.2594671
Nepal,NPL,South Asia,2017,28011258.0,28088163.876042496
Nepal,NPL,South Asia,2018,28079689.0,28152638.80588796
Nepal,NPL,South Asia,2019,28414064.0,28210322.424415436
Nepal,NPL,South Asia,2020,28966574.0,28378633.87981168
Nepal,NPL,South Asia,2021,29475010.0,29529827.52261838
Nepal,NPL,South Asia,2022,29715436.0,29992370.332381457
Nepal,NPL,South Asia,2023,29694614.0,29961480.533104885
Nepal,NPL,South Asia,2024,29651054.0,29928236.96679828
Nauru,NRU,East Asia & Pacific,1970,6710.0,6846.9960475121425
Nauru,NRU,East Asia & Pacific,1971,6762.0,6968.658483054562
Nauru,NRU,East Asia & Pacific,1972,6812.0,6995.930123153612
Nauru,NRU,East Asia & Pacific,1973,6866.0,7015.588048827091
Nauru,NRU,East Asia & Pacific,1974,6923.0,7230.380233005184
Nauru,NRU,East Asia & Pacific,1975,6987.0,7056.177893731709
Nauru,NRU,East Asia & Pacific,1976,7064.0,7051.591650762796
Nauru,NRU,East Asia & Pacific,1977,7163.0,7175.541889990894
Nauru,NRU,East Asia & Pacific,1978,7298.0,7259.390452680569
Nauru,NRU,East Asia & Pacific,1979,7468.0,7314.550042776784
Nauru,NRU,East Asia & Pacific,1980,7649.0,7641.959988091538
Nauru,NRU,East Asia & Pacific,1981,7839.0,7834.38685074835
Nauru,NRU,East Asia & Pacific,1982,8040.0,7962.269784756767
Nauru,NRU,East Asia & Pacific,1983,8216.0,8182.254183562561
Nauru,NRU,East Asia & Pacific,1984,8377.0,8373.81439133076
Nauru,NRU,East Asia & Pacific,1985,8551.0,8537.328085328936
Nauru,NRU,East Asia & Pacific,1986,8742.0,8754.59946997206
Nauru,NRU,East Asia & Pacific,1987,8946.0,8937.67552248674
Nauru,NRU,East Asia & Pacific,1988,9165.0,9150.693986783037
Nauru,NRU,East Asia & Pacific,1989,9390.0,9375.829619824393
Nauru,NRU,East Asia & Pacific,1990,9622.0,9606.328474922406
Nauru,NRU,East Asia & Pacific,1991,9850.0,9843.619670949716
Nauru,NRU,East Asia & Pacific,1992,10021.0,10074.701939114295
Nauru,NRU,East Asia & Pacific,1993,10102.0,10276.258729483841
Nauru,NRU,East Asia & Pacific,1994,10137.0,10183.654728305792
Nauru,NRU,East Asia & Pacific,1995,10165.0,10172.12126381566
Nauru,NRU,East Asia & Pacific,1996,10183.0,10193.077340057698
Nauru,NRU,East Asia & Pacific,1997,10197.0,10201.031874422304
Nauru,NRU,East Asia & Pacific,1998,10198.0,10318.612348025063
Nauru,NRU,East Asia & Pacific,1999,10187.0,10291.964324984343
Nauru,NRU,East Asia & Pacific,2000,10168.0,10360.920748003467
Nauru,NRU,East Asia & Pacific,2001,10130.0,10279.434491343904
Nauru,NRU,East Asia & Pacific,2002,10082.0,10142.184872861684
Nauru,NRU,East Asia & Pacific,2003,10059.0,10079.769453782104
Nauru,NRU,East Asia & Pacific,2004,10060.0,10050.37033237276
Nauru,NRU,East Asia & Pacific,2005,10049.0,10048.065872452715
Nauru,NRU,East Asia & Pacific,2006,10034.0,10024.496399445752
Nauru,NRU,East Asia & Pacific,2007,10020.0,9999.638396598568
Nauru,NRU,East Asia & Pacific,2008,10009.0,10000.370584209382
Nauru,NRU,East Asia & Pacific,2009,10016.0,9989.4151314832
Nauru,NRU,East Asia & Pacific,2010,10043.0,9976.072731902808
Nauru,NRU,East Asia & Pacific,2011,10098.0,9996.045959716954
Nauru,NRU,East Asia & Pacific,2012,10267.0,10153.301203863755
Nauru,NRU,East Asia & Pacific,2013,10517.0,10438.828377091997
Nauru,NRU,East Asia & Pacific,2014,10742.0,10773.087462887368
Nauru,NRU,East Asia & Pacific,2015,10954.0,10971.813637704194
Nauru,NRU,East Asia & Pacific,2016,11150.0,11061.293666259251
Nauru,NRU,East Asia & Pacific,2017,11324.0,11283.172173153915
Nauru,NRU,East Asia & Pacific,2018,11477.0,11480.38465520506
Nauru,NRU,East Asia & Pacific,2019,11587.0,11678.35088376361
Nauru,NRU,East Asia & Pacific,2020,11643.0,11885.900451894358
Nauru,NRU,East Asia & Pacific,2021,11709.0,11699.270649930604
Nauru,NRU,East Asia & Pacific,2022,11801.0,11881.23556235088
Nauru,NRU,East Asia & Pacific,2023,11875.0,11953.011968073786
Nauru,NRU,East Asia & Pacific,2024,11947.0,12008.045740127374
New Zealand,NZL,East Asia & Pacific,1970,2810700.0,2797723.140225032
New Zealand,NZL,East Asia & Pacific,1971,2853000.0,2857870.850715722
New Zealand,NZL,East Asia & Pacific,1972,2903900.0,2897503.6445234483
New Zealand,NZL,East Asia & Pacific,1973,2961300.0,2945117.068469829
New Zealand,NZL,East Asia & Pacific,1974,3023700.0,3006302.267889546
New Zealand,NZL,East Asia & Pacific,1975,3083100.0,3087414.8818879025
New Zealand,NZL,East Asia & Pacific,1976,3110500.0,3143666.9017347903
New Zealand,NZL,East Asia & Pacific,1977,3120200.0,3156685.08717149
New Zealand,NZL,East Asia & Pacific,1978,3121200.0,3201818.6615729285
New Zealand,NZL,East Asia & Pacific,1979,3109000.0,3122200.320615352
New Zealand,NZL,East Asia & Pacific,1980,3112900.0,3096847.6872447766
New Zealand,NZL,East Asia & Pacific,1981,3124900.0,3143201.380340154
New Zealand,NZL,East Asia & Pacific,1982,3156100.0,3150471.0711902617
New Zealand,NZL,East Asia & Pacific,1983,3199300.0,3180768.6607412007
New Zealand,NZL,East Asia & Pacific,1984,3227100.0,3187676.4812980704
New Zealand,NZL,East Asia & Pacific,1985,3247100.0,3255141.5662392564
New Zealand,NZL,East Asia & Pacific,1986,3246300.0,3262643.3469690843
New Zealand,NZL,East Asia & Pacific,1987,3274400.0,3260625.1220790986
New Zealand,NZL,East Asia & Pacific,1988,3283400.0,3295041.835006865
New Zealand,NZL,East Asia & Pacific,1989,3299200.0,3320059.0198862487
New Zealand,NZL,East Asia & Pacific,1990,3329800.0,3320576.388471725
New Zealand,NZL,East Asia & Pacific,1991,3495100.0,3354056.6267525265
New Zealand,NZL,East Asia & Pacific,1992,3531700.0,3425427.831433977
New Zealand,NZL,East Asia & Pacific,1993,3572200.0,3570702.5588445333
New Zealand,NZL,East Asia & Pacific,1994,3620000.0,3612753.7301093056
New Zealand,NZL,East Asia & Pacific,1995,3673400.0,3647555.3042200976
New Zealand,NZL,East Asia & Pacific,1996,3732000.0,3725735.3940860466
New Zealand,NZL,East Asia & Pacific,1997,3781300.0,3798190.5569436844
New Zealand,NZL,East Asia & Pacific,1998,3815000.0,3865219.2238935456
New Zealand,NZL,East Asia & Pacific,1999,3835100.0,3912623.45320321
New Zealand,NZL,East Asia & Pacific,2000,3857700.0,3934447.9687914657
New Zealand,NZL,East Asia & Pacific,2001,3880500.0,3880433.1800434594
New Zealand,NZL,East Asia & Pacific,2002,3948500.0,3903434.753901992
New Zealand,NZL,East Asia & Pacific,2003,4027200.0,3992699.135433413
New Zealand,NZL,East Asia & Pacific,2004,4087500.0,4041154.9286308815
New Zealand,NZL,East Asia & Pacific,2005,4133900.0,4148702.8839462674
New Zealand,NZL,East Asia & Pacific,2006,4184600.0,4180826.7184072677
New Zealand,NZL,East Asia & Pacific,2007,4223800.0,4231986.393812719
New Zealand,NZL,East Asia & Pacific,2008,4259800.0,4279062.169198139
New Zealand,NZL,East Asia & Pacific,2009,4302600.0,4335443.967927649
New Zealand,NZL,East Asia & Pacific,2010,4350700.0,4355097.940597158
New Zealand,NZL,East Asia & Pacific,2011,4384000.0,4406340.9190065265
New Zealand,NZL,East Asia & Pacific,2012,4408100.0,4452694.385445444
New Zealand,NZL,East Asia & Pacific,2013,4442100.0,4474018.533676453
New Zealand,NZL,East Asia & Pacific,2014,4516500.0,4483385.670365005
New Zealand,NZL,East Asia & Pacific,2015,4609400.0,4544360.894186839
New Zealand,NZL,East Asia & Pacific,2016,4714100.0,4704210.862230538
New Zealand,NZL,East Asia & Pacific,2017,4813600.0,4821178.203053685
New Zealand,NZL,East Asia & Pacific,2018,4900600.0,4915200.1362623805
New Zealand,NZL,East Asia & Pacific,2019,4970300.0,4971976.456362768
New Zealand,NZL,East Asia & Pacific,2020,5072400.0,5044375.793153969
New Zealand,NZL,East Asia & Pacific,2021,5084600.0,5144546.425708326
New Zealand,NZL,East Asia & Pacific,2022,5081700.0,5228330.981860739
New Zealand,NZL,East Asia & Pacific,2023,5200000.0,5079963.628964601
New Zealand,NZL,East Asia & Pacific,2024,5287500.0,5282061.938833932
Oman,OMN,"Middle East, North Africa, Afghanistan & Pakistan",1970,662680.0,659452.6832990687
Oman,OMN,"Middle East, North Africa, Afghanistan & Pakistan",1971,681119.0,677946.1538996835
Oman,OMN,"Middle East, North Africa, Afghanistan & Pakistan",1972,700593.0,697502.3716983096
Oman,OMN,"Middle East, North Africa, Afghanistan & Pakistan",1973,721179.0,718129.4159470199
Oman,OMN,"Middle East, North Africa, Afghanistan & Pakistan",1974,746988.0,739906.9158814411
Oman,OMN,"Middle East, North Africa, Afghanistan & Pakistan",1975,778864.0,767519.7327454177
Oman,OMN,"Middle East, North Africa, Afghanistan & Pakistan",1976,814701.0,812100.235040434
Oman,OMN,"Middle East, North Africa, Afghanistan & Pakistan",1977,855314.0,852186.9278483236
Oman,OMN,"Middle East, North Africa, Afghanistan & Pakistan",1978,900304.0,897951.5656800137
Oman,OMN,"Middle East, North Africa, Afghanistan & Pakistan",1979,949116.0,947660.4993785188
Oman,OMN,"Middle East, North Africa, Afghanistan & Pakistan",1980,1001248.0,987766.6230934528
Oman,OMN,"Middle East, North Africa, Afghanistan & Pakistan",1981,1057320.0,1045039.3078662371
Oman,OMN,"Middle East, North Africa, Afghanistan & Pakistan",1982,1117678.0,1106793.2987690417
Oman,OMN,"Middle East, North Africa, Afghanistan & Pakistan",1983,1181459.0,1173430.8979962345
Oman,OMN,"Middle East, North Africa, Afghanistan & Pakistan",1984,1247716.0,1243201.2386309837
Oman,OMN,"Middle East, North Africa, Afghanistan & Pakistan",1985,1325480.0,1314785.581126762
Oman,OMN,"Middle East, North Africa, Afghanistan & Pakistan",1986,1413419.0,1390339.8691926855
Oman,OMN,"Middle East, North Africa, Afghanistan & Pakistan",1987,1500996.0,1494543.503645181
Oman,OMN,"Middle East, North Africa, Afghanistan & Pakistan",1988,1588568.0,1588711.8244890552
Oman,OMN,"Middle East, North Africa, Afghanistan & Pakistan",1989,1676228.0,1682129.158699036
Oman,OMN,"Middle East, North Africa, Afghanistan & Pakistan",1990,1763954.0,1775002.5307052557
Oman,OMN,"Middle East, North Africa, Afghanistan & Pakistan",1991,1851473.0,1856271.1721514293
Oman,OMN,"Middle East, North Africa, Afghanistan & Pakistan",1992,1938238.0,1943334.2762836437
Oman,OMN,"Middle East, North Africa, Afghanistan & Pakistan",1993,2021675.0,2029069.0412121068
Oman,OMN,"Middle East, North Africa, Afghanistan & Pakistan",1994,2081834.0,2133043.6206921907
Oman,OMN,"Middle East, North Africa, Afghanistan & Pakistan",1995,2120528.0,2188930.4584279396
Oman,OMN,"Middle East, North Africa, Afghanistan & Pakistan",1996,2156926.0,2159941.186529376
Oman,OMN,"Middle East, North Africa, Afghanistan & Pakistan",1997,2190720.0,2193948.756635323
Oman,OMN,"Middle East, North Africa, Afghanistan & Pakistan",1998,2222489.0,2270365.794961306
Oman,OMN,"Middle East, North Africa, Afghanistan & Pakistan",1999,2252909.0,2293250.2249689973
Oman,OMN,"Middle East, North Africa, Afghanistan & Pakistan",2000,2282131.0,2314994.2176104737
Oman,OMN,"Middle East, North Africa, Afghanistan & Pakistan",2001,2310217.0,2335780.5170016093
Oman,OMN,"Middle East, North Africa, Afghanistan & Pakistan",2002,2337140.0,2379792.927268893
Oman,OMN,"Middle East, North Africa, Afghanistan & Pakistan",2003,2363796.0,2389962.3673797566
Oman,OMN,"Middle East, North Africa, Afghanistan & Pakistan",2004,2404821.0,2397399.2363158
Oman,OMN,"Middle East, North Africa, Afghanistan & Pakistan",2005,2459802.0,2436712.638933557
Oman,OMN,"Middle East, North Africa, Afghanistan & Pakistan",2006,2514795.0,2516040.0205556275
Oman,OMN,"Middle East, North Africa, Afghanistan & Pakistan",2007,2570174.0,2571017.4610288497
Oman,OMN,"Middle East, North Africa, Afghanistan & Pakistan",2008,2626529.0,2626772.516377745
Oman,OMN,"Middle East, North Africa, Afghanistan & Pakistan",2009,2684659.0,2671692.5661091916
Oman,OMN,"Middle East, North Africa, Afghanistan & Pakistan",2010,2757446.0,2733555.2659804276
Oman,OMN,"Middle East, North Africa, Afghanistan & Pakistan",2011,3076763.0,2812201.104421792
Oman,OMN,"Middle East, North Africa, Afghanistan & Pakistan",2012,3547106.0,2969777.1859473684
Oman,OMN,"Middle East, North Africa, Afghanistan & Pakistan",2013,3833913.0,4089350.0644613705
Oman,OMN,"Middle East, North Africa, Afghanistan & Pakistan",2014,4002439.0,4037837.698349894
Oman,OMN,"Middle East, North Africa, Afghanistan & Pakistan",2015,4184895.0,4224899.062530081
Oman,OMN,"Middle East, North Africa, Afghanistan & Pakistan",2016,4390877.0,4428539.543315443
Oman,OMN,"Middle East, North Africa, Afghanistan & Pakistan",2017,4537396.0,4796761.797599993
Oman,OMN,"Middle East, North Africa, Afghanistan & Pakistan",2018,4597877.0,4821555.617261812
Oman,OMN,"Middle East, North Africa, Afghanistan & Pakistan",2019,4591241.0,4659164.181579095
Oman,OMN,"Middle East, North Africa, Afghanistan & Pakistan",2020,4522497.0,4858840.588319495
Oman,OMN,"Middle East, North Africa, Afghanistan & Pakistan",2021,4500424.0,5106416.454978209
Oman,OMN,"Middle East, North Africa, Afghanistan & Pakistan",2022,4730226.0,4621043.860198871
Oman,OMN,"Middle East, North Africa, Afghanistan & Pakistan",2023,5049269.0,4841942.521941729
Oman,OMN,"Middle East, North Africa, Afghanistan & Pakistan",2024,5281538.0,4986145.6513771275
Pakistan,PAK,"Middle East, North Africa, Afghanistan & Pakistan",1970,60166719.0,60081288.929809205
Pakistan,PAK,"Middle East, North Africa, Afghanistan & Pakistan",1971,61847899.0,61851831.784560956
Pakistan,PAK,"Middle East, North Africa, Afghanistan & Pakistan",1972,63583194.0,63591734.642760076
Pakistan,PAK,"Middle East, North Africa, Afghanistan & Pakistan",1973,65461912.0,65400348.22956329
Pakistan,PAK,"Middle East, North Africa, Afghanistan & Pakistan",1974,67415487.0,67310984.11236405
Pakistan,PAK,"Middle East, North Africa, Afghanistan & Pakistan",1975,69461175.0,69295006.31730951
Pakistan,PAK,"Middle East, North Africa, Afghanistan & Pakistan",1976,71620254.0,71568530.7960415
Pakistan,PAK,"Middle East, North Africa, Afghanistan & Pakistan",1977,73901827.0,73844539.11534055
Pakistan,PAK,"Middle East, North Africa, Afghanistan & Pakistan",1978,76307379.0,76256083.00430274
Pakistan,PAK,"Middle East, North Africa, Afghanistan & Pakistan",1979,78997039.0,78789905.99369974
Pakistan,PAK,"Middle East, North Africa, Afghanistan & Pakistan",1980,82291010.0,81421755.2273578
Pakistan,PAK,"Middle East, North Africa, Afghanistan & Pakistan",1981,85802049.0,85722331.00032015
Pakistan,PAK,"Middle East, North Africa, Afghanistan & Pakistan",1982,89089246.0,89462890.45393746
Pakistan,PAK,"Middle East, North Africa, Afghanistan & Pakistan",1983,92227711.0,92192589.72283545
Pakistan,PAK,"Middle East, North Africa, Afghanistan & Pakistan",1984,95164936.0,95495706.4510332
Pakistan,PAK,"Middle East, North Africa, Afghanistan & Pakistan",1985,98229285.0,98552972.45991133
Pakistan,PAK,"Middle East, North Africa, Afghanistan & Pakistan",1986,101606764.0,101738328.21778011
Pakistan,PAK,"Middle East, North Africa, Afghanistan & Pakistan",1987,105130717.0,105100372.96544704
Pakistan,PAK,"Middle East, North Africa, Afghanistan & Pakistan",1988,108724739.0,108776888.68370418
Pakistan,PAK,"Middle East, North Africa, Afghanistan & Pakistan",1989,112336629.0,112652673.15588288
Pakistan,PAK,"Middle East, North Africa, Afghanistan & Pakistan",1990,116155576.0,116457146.65055437
Pakistan,PAK,"Middle East, North Africa, Afghanistan & Pakistan",1991,120060406.0,120123600.59703921
Pakistan,PAK,"Middle East, North Africa, Afghanistan & Pakistan",1992,123546848.0,124077129.11576079
Pakistan,PAK,"Middle East, North Africa, Afghanistan & Pakistan",1993,127020117.0,128042578.63862763
Pakistan,PAK,"Middle East, North Africa, Afghanistan & Pakistan",1994,130748083.0,130591029.90855616
Pakistan,PAK,"Middle East, North Africa, Afghanistan & Pakistan",1995,134582253.0,134585462.60847053
Pakistan,PAK,"Middle East, North Africa, Afghanistan & Pakistan",1996,138557092.0,138851155.13420996
Pakistan,PAK,"Middle East, North Africa, Afghanistan & Pakistan",1997,142531804.0,142874217.8451232
Pakistan,PAK,"Middle East, North Africa, Afghanistan & Pakistan",1998,146522356.0,146885928.06005868
Pakistan,PAK,"Middle East, North Africa, Afghanistan & Pakistan",1999,150565377.0,151220195.56517574
Pakistan,PAK,"Middle East, North Africa, Afghanistan & Pakistan",2000,154879127.0,155240115.3347252
Pakistan,PAK,"Middle East, North Africa, Afghanistan & Pakistan",2001,159270907.0,159323947.2591559
Pakistan,PAK,"Middle East, North Africa, Afghanistan & Pakistan",2002,163222549.0,163829944.2384605
Pakistan,PAK,"Middle East, North Africa, Afghanistan & Pakistan",2003,167110248.0,168338462.66680196
Pakistan,PAK,"Middle East, North Africa, Afghanistan & Pakistan",2004,171286000.0,171210529.70990375
Pakistan,PAK,"Middle East, North Africa, Afghanistan & Pakistan",2005,175453212.0,175939550.45598292
Pakistan,PAK,"Middle East, North Africa, Afghanistan & Pakistan",2006,179682690.0,180116637.92471188
Pakistan,PAK,"Middle East, North Africa, Afghanistan & Pakistan",2007,184493231.0,184368819.53948048
Pakistan,PAK,"Middle East, North Africa, Afghanistan & Pakistan",2008,189499113.0,189276954.470564
Pakistan,PAK,"Middle East, North Africa, Afghanistan & Pakistan",2009,194376534.0,194124105.98014763
Pakistan,PAK,"Middle East, North Africa, Afghanistan & Pakistan",2010,199239047.0,198986756.93293452
Pakistan,PAK,"Middle East, North Africa, Afghanistan & Pakistan",2011,203746065.0,204258031.35234928
Pakistan,PAK,"Middle East, North Africa, Afghanistan & Pakistan",2012,207667125.0,209160165.901692
Pakistan,PAK,"Middle East, North Africa, Afghanistan & Pakistan",2013,211073978.0,211663645.1881321
Pakistan,PAK,"Middle East, North Africa, Afghanistan & Pakistan",2014,214264647.0,214536721.65060002
Pakistan,PAK,"Middle East, North Africa, Afghanistan & Pakistan",2015,217290883.0,217503547.28582516
Pakistan,PAK,"Middle East, North Africa, Afghanistan & Pakistan",2016,220138869.0,220359861.02780592
Pakistan,PAK,"Middle East, North Africa, Afghanistan & Pakistan",2017,223273967.0,224502282.03543797
Pakistan,PAK,"Middle East, North Africa, Afghanistan & Pakistan",2018,226928892.0,227380192.78879997
Pakistan,PAK,"Middle East, North Africa, Afghanistan & Pakistan",2019,230800899.0,230866784.95969498
Pakistan,PAK,"Middle East, North Africa, Afghanistan & Pakistan",2020,235001746.0,234553790.40291843
Pakistan,PAK,"Middle East, North Africa, Afghanistan & Pakistan",2021,239477801.0,238003702.65213034
Pakistan,PAK,"Middle East, North Africa, Afghanistan & Pakistan",2022,243700667.0,244039110.97164136
Pakistan,PAK,"Middle East, North Africa, Afghanistan & Pakistan",2023,247504495.0,248047682.81391728
Pakistan,PAK,"Middle East, North Africa, Afghanistan & Pakistan",2024,251269164.0,251503498.79503804
Panama,PAN,Latin America & Caribbean ,1970,1513070.0,1513532.0145428376
Panama,PAN,Latin America & Caribbean ,1971,1556081.0,1556606.6635680015
Panama,PAN,Latin America & Caribbean ,1972,1599723.0,1602372.066776369
Panama,PAN,Latin America & Caribbean ,1973,1643690.0,1646822.0177209824
Panama,PAN,Latin America & Caribbean ,1974,1687926.0,1691480.4486090553
Panama,PAN,Latin America & Caribbean ,1975,1732389.0,1736326.3622482307
Panama,PAN,Latin America & Caribbean ,1976,1776935.0,1781318.9288440193
Panama,PAN,Latin America & Caribbean ,1977,1821543.0,1826290.3459399557
Panama,PAN,Latin America & Caribbean ,1978,1866311.0,1871268.909878142
Panama,PAN,Latin America & Caribbean ,1979,1911552.0,1916364.654196116
Panama,PAN,Latin America & Caribbean ,1980,1957534.0,1961854.9680524792
Panama,PAN,Latin America & Caribbean ,1981,2004418.0,2008112.8188234416
Panama,PAN,Latin America & Caribbean ,1982,2052271.0,2055292.681751948
Panama,PAN,Latin America & Caribbean ,1983,2101106.0,2103533.9177446193
Panama,PAN,Latin America & Caribbean ,1984,2150782.0,2152859.0055348766
Panama,PAN,Latin America & Caribbean ,1985,2200915.0,2203210.323376401
Panama,PAN,Latin America & Caribbean ,1986,2251325.0,2253995.577202471
Panama,PAN,Latin America & Caribbean ,1987,2301970.0,2304953.9557800693
Panama,PAN,Latin America & Caribbean ,1988,2352848.0,2354229.1127281985
Panama,PAN,Latin America & Caribbean ,1989,2403820.0,2405195.811121019
Panama,PAN,Latin America & Caribbean ,1990,2455583.0,2456496.6385285757
Panama,PAN,Latin America & Caribbean ,1991,2508265.0,2511618.388570222
Panama,PAN,Latin America & Caribbean ,1992,2561336.0,2564825.263355932
Panama,PAN,Latin America & Caribbean ,1993,2615099.0,2618342.363820219
Panama,PAN,Latin America & Caribbean ,1994,2669546.0,2672529.572474068
Panama,PAN,Latin America & Caribbean ,1995,2724557.0,2727432.8077167245
Panama,PAN,Latin America & Caribbean ,1996,2780227.0,2782940.9650756465
Panama,PAN,Latin America & Caribbean ,1997,2836695.0,2839166.1289718854
Panama,PAN,Latin America & Caribbean ,1998,2893914.0,2896265.819654532
Panama,PAN,Latin America & Caribbean ,1999,2951822.0,2954205.8886433155
Panama,PAN,Latin America & Caribbean ,2000,3010369.0,3012820.4337421185
Panama,PAN,Latin America & Caribbean ,2001,3069537.0,3072035.6626406685
Panama,PAN,Latin America & Caribbean ,2002,3129344.0,3131903.0644653486
Panama,PAN,Latin America & Caribbean ,2003,3189807.0,3192401.5716426554
Panama,PAN,Latin America & Caribbean ,2004,3251155.0,3253551.6858900846
Panama,PAN,Latin America & Caribbean ,2005,3313026.0,3315628.074342742
Panama,PAN,Latin America & Caribbean ,2006,3375024.0,3378210.6275246474
Panama,PAN,Latin America & Caribbean ,2007,3437490.0,3440832.0194157064
Panama,PAN,Latin America & Caribbean ,2008,3500648.0,3503881.2751559354
Panama,PAN,Latin America & Caribbean ,2009,3564381.0,3567621.441391813
Panama,PAN,Latin America & Caribbean ,2010,3628535.0,3631928.6642246544
Panama,PAN,Latin America & Caribbean ,2011,3693505.0,3696631.1662676167
Panama,PAN,Latin America & Caribbean ,2012,3759256.0,3762170.849338385
Panama,PAN,Latin America & Caribbean ,2013,3825329.0,3828508.0289829606
Panama,PAN,Latin America & Caribbean ,2014,3892101.0,3895095.1389331943
Panama,PAN,Latin America & Caribbean ,2015,3960035.0,3962402.9071119283
Panama,PAN,Latin America & Caribbean ,2016,4029086.0,4031007.11193638
Panama,PAN,Latin America & Caribbean ,2017,4098707.0,4100813.833272907
Panama,PAN,Latin America & Caribbean ,2018,4167860.0,4171177.1361760744
Panama,PAN,Latin America & Caribbean ,2019,4234700.0,4240941.116860214
Panama,PAN,Latin America & Caribbean ,2020,4293261.0,4304422.049671261
Panama,PAN,Latin America & Caribbean ,2021,4345405.0,4352631.831224918
Panama,PAN,Latin America & Caribbean ,2022,4400773.0,4398182.317547324
Panama,PAN,Latin America & Caribbean ,2023,4458759.0,4456851.842246215
Panama,PAN,Latin America & Caribbean ,2024,4515577.0,4526601.592378378
Peru,PER,Latin America & Caribbean ,1970,13501237.0,13541993.163367188
Peru,PER,Latin America & Caribbean ,1971,13838067.0,13860439.78588064
Peru,PER,Latin America & Caribbean ,1972,14210147.0,14187080.294065466
Peru,PER,Latin America & Caribbean ,1973,14582867.0,14605248.666381234
Peru,PER,Latin America & Caribbean ,1974,14956552.0,14983354.85658223
Peru,PER,Latin America & Caribbean ,1975,15333957.0,15361463.251773685
Peru,PER,Latin America & Caribbean ,1976,15716809.0,15770476.23898726
Peru,PER,Latin America & Caribbean ,1977,16109806.0,16153569.901584594
Peru,PER,Latin America & Caribbean ,1978,16516059.0,16545986.233332355
Peru,PER,Latin America & Caribbean ,1979,16933139.0,16937272.973822363
Peru,PER,Latin America & Caribbean ,1980,17360949.0,17364707.41268095
Peru,PER,Latin America & Caribbean ,1981,17798805.0,17810499.25019678
Peru,PER,Latin America & Caribbean ,1982,18246503.0,18250477.599680733
Peru,PER,Latin America & Caribbean ,1983,18705957.0,18705660.029351905
Peru,PER,Latin America & Caribbean ,1984,19174716.0,19176712.2823589
Peru,PER,Latin America & Caribbean ,1985,19648204.0,19658534.300261818
Peru,PER,Latin America & Caribbean ,1986,20117122.0,20133480.41643682
Peru,PER,Latin America & Caribbean ,1987,20582320.0,20597444.58873373
Peru,PER,Latin America & Caribbean ,1988,21054702.0,21058421.15923155
Peru,PER,Latin America & Caribbean ,1989,21532589.0,21538123.83583894
Peru,PER,Latin America & Caribbean ,1990,22014771.0,22024123.19093434
Peru,PER,Latin America & Caribbean ,1991,22483775.0,22541120.61568887
Peru,PER,Latin America & Caribbean ,1992,22946340.0,23011548.995058037
Peru,PER,Latin America & Caribbean ,1993,23413783.0,23473493.786905654
Peru,PER,Latin America & Caribbean ,1994,23881493.0,23939436.670702633
Peru,PER,Latin America & Caribbean ,1995,24348919.0,24404891.16504323
Peru,PER,Latin America & Caribbean ,1996,24811171.0,24871171.904158164
Peru,PER,Latin America & Caribbean ,1997,25274147.0,25331937.10035219
Peru,PER,Latin America & Caribbean ,1998,25738095.0,25792557.433240335
Peru,PER,Latin America & Caribbean ,1999,26186504.0,26253589.78962226
Peru,PER,Latin America & Caribbean ,2000,26598331.0,26696309.458000418
Peru,PER,Latin America & Caribbean ,2001,26964601.0,27016634.676726043
Peru,PER,Latin America & Caribbean ,2002,27288217.0,27335914.69080502
Peru,PER,Latin America & Caribbean ,2003,27580490.0,27615716.882880356
Peru,PER,Latin America & Caribbean ,2004,27852190.0,27875893.41816324
Peru,PER,Latin America & Caribbean ,2005,28101180.0,28126566.562481035
Peru,PER,Latin America & Caribbean ,2006,28324491.0,28492669.618879084
Peru,PER,Latin America & Caribbean ,2007,28530699.0,28685373.703478217
Peru,PER,Latin America & Caribbean ,2008,28719041.0,28859104.208870012
Peru,PER,Latin America & Caribbean ,2009,28896811.0,29015174.165130656
Peru,PER,Latin America & Caribbean ,2010,29086019.0,29164260.20954647
Peru,PER,Latin America & Caribbean ,2011,29304086.0,29332045.720825516
Peru,PER,Latin America & Caribbean ,2012,29550366.0,29537070.03959731
Peru,PER,Latin America & Caribbean ,2013,29817919.0,29770099.399677612
Peru,PER,Latin America & Caribbean ,2014,30115826.0,29987533.910183214
Peru,PER,Latin America & Caribbean ,2015,30457600.0,30416709.349615116
Peru,PER,Latin America & Caribbean ,2016,30866494.0,30803252.672435664
Peru,PER,Latin America & Caribbean ,2017,31324637.0,31280877.409374386
Peru,PER,Latin America & Caribbean ,2018,31897584.0,31789580.091293745
Peru,PER,Latin America & Caribbean ,2019,32449303.0,32481010.55102346
Peru,PER,Latin America & Caribbean ,2020,32838579.0,32846227.147336725
Peru,PER,Latin America & Caribbean ,2021,33155882.0,33256719.39136328
Peru,PER,Latin America & Caribbean ,2022,33475438.0,33582719.01436355
Peru,PER,Latin America & Caribbean ,2023,33845617.0,33908556.50813339
Peru,PER,Latin America & Caribbean ,2024,34217848.0,34219889.52133458
Philippines,PHL,East Asia & Pacific,1970,37622204.0,37712590.090437494
Philippines,PHL,East Asia & Pacific,1971,38518659.0,38757862.69645776
Philippines,PHL,East Asia & Pacific,1972,39408560.0,39436474.56858956
Philippines,PHL,East Asia & Pacific,1973,40294130.0,40319020.484816365
Philippines,PHL,East Asia & Pacific,1974,41174341.0,41199600.099181265
Philippines,PHL,East Asia & Pacific,1975,42120826.0,42252936.1704773
Philippines,PHL,East Asia & Pacific,1976,43201488.0,43189420.83222319
Philippines,PHL,East Asia & Pacific,1977,44367962.0,44277487.041931026
Philippines,PHL,East Asia & Pacific,1978,45575281.0,45346938.05712598
Philippines,PHL,East Asia & Pacific,1979,46807103.0,46815452.966950856
Philippines,PHL,East Asia & Pacific,1980,48043740.0,48072219.04516123
Philippines,PHL,East Asia & Pacific,1981,49311727.0,49237892.415105455
Philippines,PHL,East Asia & Pacific,1982,50695707.0,50555214.287647285
Philippines,PHL,East Asia & Pacific,1983,52194620.0,51896982.493416436
Philippines,PHL,East Asia & Pacific,1984,53726181.0,53442566.1952026
Philippines,PHL,East Asia & Pacific,1985,55213006.0,55198745.00104875
Philippines,PHL,East Asia & Pacific,1986,56645077.0,56738711.21470963
Philippines,PHL,East Asia & Pacific,1987,58157496.0,58204176.11166915
Philippines,PHL,East Asia & Pacific,1988,59739052.0,59754628.434999645
Philippines,PHL,East Asia & Pacific,1989,61265260.0,61380463.796518594
Philippines,PHL,East Asia & Pacific,1990,62854666.0,62830459.431524396
Philippines,PHL,East Asia & Pacific,1991,64382249.0,64572896.22876749
Philippines,PHL,East Asia & Pacific,1992,65926125.0,66115650.00847688
Philippines,PHL,East Asia & Pacific,1993,67530621.0,67868193.35997522
Philippines,PHL,East Asia & Pacific,1994,69019291.0,69268937.21540707
Philippines,PHL,East Asia & Pacific,1995,70546246.0,70594786.55584095
Philippines,PHL,East Asia & Pacific,1996,72190242.0,72288557.52011728
Philippines,PHL,East Asia & Pacific,1997,73908810.0,73945277.19618244
Philippines,PHL,East Asia & Pacific,1998,75791024.0,75677529.04445398
Philippines,PHL,East Asia & Pacific,1999,77753257.0,77516086.5179593
Philippines,PHL,East Asia & Pacific,2000,79625397.0,79766420.05648775
Philippines,PHL,East Asia & Pacific,2001,81401488.0,81544951.0155135
Philippines,PHL,East Asia & Pacific,2002,83068889.0,83332122.96577589
Philippines,PHL,East Asia & Pacific,2003,84731835.0,85233475.02824274
Philippines,PHL,East Asia & Pacific,2004,86394504.0,86428071.31346855
Philippines,PHL,East Asia & Pacific,2005,88015962.0,88089799.0877339
Philippines,PHL,East Asia & Pacific,2006,89508986.0,89667851.63823561
Philippines,PHL,East Asia & Pacific,2007,91075184.0,91433929.22013415
Philippines,PHL,East Asia & Pacific,2008,92699095.0,92953467.25429186
Philippines,PHL,East Asia & Pacific,2009,94384250.0,94528538.83175026
Philippines,PHL,East Asia & Pacific,2010,96337125.0,96186209.56698085
Philippines,PHL,East Asia & Pacific,2011,98248614.0,98072845.12720588
Philippines,PHL,East Asia & Pacific,2012,100175512.0,100097329.72936021
Philippines,PHL,East Asia & Pacific,2013,102076336.0,102143245.77589895
Philippines,PHL,East Asia & Pacific,2014,103767130.0,103985585.30436903
Philippines,PHL,East Asia & Pacific,2015,105312992.0,105790436.49114588
Philippines,PHL,East Asia & Pacific,2016,106735719.0,106881883.3518285
Philippines,PHL,East Asia & Pacific,2017,108119693.0,108178996.55760068
Philippines,PHL,East Asia & Pacific,2018,109465287.0,109521652.1008415
Philippines,PHL,East Asia & Pacific,2019,110804683.0,111283173.58001374
Philippines,PHL,East Asia & Pacific,2020,112081264.0,112540437.6447865
Philippines,PHL,East Asia & Pacific,2021,113100950.0,113733777.77930489
Philippines,PHL,East Asia & Pacific,2022,113964338.0,114650646.22332534
Philippines,PHL,East Asia & Pacific,2023,114891199.0,115370544.33492506
Philippines,PHL,East Asia & Pacific,2024,115843670.0,116198464.52790882
Palau,PLW,East Asia & Pacific,1970,11368.0,11238.563266351355
Palau,PLW,East Asia & Pacific,1971,11759.0,11589.581912017655
Palau,PLW,East Asia & Pacific,1972,12194.0,12000.480694401116
Palau,PLW,East Asia & Pacific,1973,12552.0,12645.091931043295
Palau,PLW,East Asia & Pacific,1974,12687.0,12920.510419709004
Palau,PLW,East Asia & Pacific,1975,12655.0,12823.451968890207
Palau,PLW,East Asia & Pacific,1976,12598.0,12623.08071657167
Palau,PLW,East Asia & Pacific,1977,12525.0,12541.256735111689
Palau,PLW,East Asia & Pacific,1978,12440.0,12452.42300400436
Palau,PLW,East Asia & Pacific,1979,12337.0,12355.576846619895
Palau,PLW,East Asia & Pacific,1980,12271.0,12449.642151991893
Palau,PLW,East Asia & Pacific,1981,12402.0,12329.247560599091
Palau,PLW,East Asia & Pacific,1982,12694.0,12381.013301448642
Palau,PLW,East Asia & Pacific,1983,13006.0,12992.87501590343
Palau,PLW,East Asia & Pacific,1984,13337.0,13325.668506716394
Palau,PLW,East Asia & Pacific,1985,13688.0,13676.42388097164
Palau,PLW,East Asia & Pacific,1986,14024.0,13814.789506136403
Palau,PLW,East Asia & Pacific,1987,14334.0,14201.257614680391
Palau,PLW,East Asia & Pacific,1988,14645.0,14561.494623310404
Palau,PLW,East Asia & Pacific,1989,14945.0,14886.269785960832
Palau,PLW,East Asia & Pacific,1990,15259.0,15326.977216027906
Palau,PLW,East Asia & Pacific,1991,15614.0,15579.597255973433
Palau,PLW,East Asia & Pacific,1992,15989.0,15977.293994914486
Palau,PLW,East Asia & Pacific,1993,16372.0,16360.08889176013
Palau,PLW,East Asia & Pacific,1994,16770.0,16719.337358619654
Palau,PLW,East Asia & Pacific,1995,17195.0,17176.803970556542
Palau,PLW,East Asia & Pacific,1996,17654.0,17628.132528635837
Palau,PLW,East Asia & Pacific,1997,18108.0,18067.11708235936
Palau,PLW,East Asia & Pacific,1998,18524.0,18539.984147200776
Palau,PLW,East Asia & Pacific,1999,18901.0,18962.588579908163
Palau,PLW,East Asia & Pacific,2000,19178.0,19419.27240210315
Palau,PLW,East Asia & Pacific,2001,19352.0,19459.059524786506
Palau,PLW,East Asia & Pacific,2002,19503.0,19527.578687095564
Palau,PLW,East Asia & Pacific,2003,19659.0,19655.17822396371
Palau,PLW,East Asia & Pacific,2004,19820.0,19816.247807485393
Palau,PLW,East Asia & Pacific,2005,19819.0,20135.358276984487
Palau,PLW,East Asia & Pacific,2006,19593.0,20075.38111926143
Palau,PLW,East Asia & Pacific,2007,19302.0,19765.340969424884
Palau,PLW,East Asia & Pacific,2008,19009.0,19390.43588297212
Palau,PLW,East Asia & Pacific,2009,18709.0,18720.447673119565
Palau,PLW,East Asia & Pacific,2010,18396.0,18657.60146671668
Palau,PLW,East Asia & Pacific,2011,18078.0,18292.736479531057
Palau,PLW,East Asia & Pacific,2012,17765.0,17926.237772995286
Palau,PLW,East Asia & Pacific,2013,17648.0,17727.725868351252
Palau,PLW,East Asia & Pacific,2014,17715.0,17368.28800315322
Palau,PLW,East Asia & Pacific,2015,17770.0,17782.25435771284
Palau,PLW,East Asia & Pacific,2016,17797.0,17825.1707625545
Palau,PLW,East Asia & Pacific,2017,17812.0,17824.041025275266
Palau,PLW,East Asia & Pacific,2018,17814.0,17683.742315258492
Palau,PLW,East Asia & Pacific,2019,17798.0,17717.237162326594
Palau,PLW,East Asia & Pacific,2020,17792.0,17645.546016683806
Palau,PLW,East Asia & Pacific,2021,17783.0,17759.237284961342
Palau,PLW,East Asia & Pacific,2022,17759.0,17827.210329362188
Palau,PLW,East Asia & Pacific,2023,17727.0,17771.36608701019
Palau,PLW,East Asia & Pacific,2024,17695.0,17730.81195717504
Papua New Guinea,PNG,East Asia & Pacific,1970,2505628.0,2501432.92165395
Papua New Guinea,PNG,East Asia & Pacific,1971,2566421.0,2565726.183344198
Papua New Guinea,PNG,East Asia & Pacific,1972,2628432.0,2628685.078112446
Papua New Guinea,PNG,East Asia & Pacific,1973,2690629.0,2688955.9324341333
Papua New Guinea,PNG,East Asia & Pacific,1974,2752671.0,2753115.720529964
Papua New Guinea,PNG,East Asia & Pacific,1975,2814820.0,2817024.157021641
Papua New Guinea,PNG,East Asia & Pacific,1976,2877327.0,2883320.7799035297
Papua New Guinea,PNG,East Asia & Pacific,1977,2940327.0,2941231.1976387533
Papua New Guinea,PNG,East Asia & Pacific,1978,3003714.0,3004714.697497512
Papua New Guinea,PNG,East Asia & Pacific,1979,3067341.0,3069186.938645862
Papua New Guinea,PNG,East Asia & Pacific,1980,3131512.0,3137082.0267834677
Papua New Guinea,PNG,East Asia & Pacific,1981,3197019.0,3201546.9613253684
Papua New Guinea,PNG,East Asia & Pacific,1982,3264291.0,3267361.683747965
Papua New Guinea,PNG,East Asia & Pacific,1983,3333633.0,3335156.673589047
Papua New Guinea,PNG,East Asia & Pacific,1984,3405198.0,3405324.799967032
Papua New Guinea,PNG,East Asia & Pacific,1985,3478936.0,3478232.1760240193
Papua New Guinea,PNG,East Asia & Pacific,1986,3554793.0,3551542.50038984
Papua New Guinea,PNG,East Asia & Pacific,1987,3632543.0,3632299.322653334
Papua New Guinea,PNG,East Asia & Pacific,1988,3711880.0,3711971.517534823
Papua New Guinea,PNG,East Asia & Pacific,1989,3796078.0,3791373.5964262118
Papua New Guinea,PNG,East Asia & Pacific,1990,3896481.0,3878104.840848329
Papua New Guinea,PNG,East Asia & Pacific,1991,4021837.0,3967691.765981046
Papua New Guinea,PNG,East Asia & Pacific,1992,4166699.0,4151225.9013799587
Papua New Guinea,PNG,East Asia & Pacific,1993,4320872.0,4316778.764318849
Papua New Guinea,PNG,East Asia & Pacific,1994,4480208.0,4480749.591133905
Papua New Guinea,PNG,East Asia & Pacific,1995,4644278.0,4645432.937725355
Papua New Guinea,PNG,East Asia & Pacific,1996,4813361.0,4784302.610779696
Papua New Guinea,PNG,East Asia & Pacific,1997,4987883.0,4966270.8134413455
Papua New Guinea,PNG,East Asia & Pacific,1998,5166390.0,5131738.225061607
Papua New Guinea,PNG,East Asia & Pacific,1999,5349333.0,5340486.872902536
Papua New Guinea,PNG,East Asia & Pacific,2000,5537064.0,5545587.854382987
Papua New Guinea,PNG,East Asia & Pacific,2001,5728435.0,5731399.125108879
Papua New Guinea,PNG,East Asia & Pacific,2002,5924003.0,5934710.611975714
Papua New Guinea,PNG,East Asia & Pacific,2003,6123997.0,6135439.737280551
Papua New Guinea,PNG,East Asia & Pacific,2004,6328041.0,6340451.139162
Papua New Guinea,PNG,East Asia & Pacific,2005,6535905.0,6549334.630311112
Papua New Guinea,PNG,East Asia & Pacific,2006,6747720.0,6761880.704052648
Papua New Guinea,PNG,East Asia & Pacific,2007,6963345.0,6978122.794282786
Papua New Guinea,PNG,East Asia & Pacific,2008,7183002.0,7198217.613456955
Papua New Guinea,PNG,East Asia & Pacific,2009,7406438.0,7422197.240759802
Papua New Guinea,PNG,East Asia & Pacific,2010,7633523.0,7649792.037741624
Papua New Guinea,PNG,East Asia & Pacific,2011,7859346.0,7881029.810581679
Papua New Guinea,PNG,East Asia & Pacific,2012,8081390.0,8110122.313903393
Papua New Guinea,PNG,East Asia & Pacific,2013,8302698.0,8334303.5754985465
Papua New Guinea,PNG,East Asia & Pacific,2014,8523441.0,8530066.496045318
Papua New Guinea,PNG,East Asia & Pacific,2015,8743246.0,8750052.872221923
Papua New Guinea,PNG,East Asia & Pacific,2016,8961718.0,8998571.681593979
Papua New Guinea,PNG,East Asia & Pacific,2017,9178714.0,9216482.331685366
Papua New Guinea,PNG,East Asia & Pacific,2018,9394513.0,9432201.378245091
Papua New Guinea,PNG,East Asia & Pacific,2019,9609010.0,9646028.211360795
Papua New Guinea,PNG,East Asia & Pacific,2020,9815746.0,9858045.43551038
Papua New Guinea,PNG,East Asia & Pacific,2021,10012896.0,10061200.3895609
Papua New Guinea,PNG,East Asia & Pacific,2022,10203169.0,10254187.605800435
Papua New Guinea,PNG,East Asia & Pacific,2023,10389635.0,10439506.655824004
Papua New Guinea,PNG,East Asia & Pacific,2024,10576502.0,10620710.570319286
Poland,POL,Europe & Central Asia,1970,32664300.0,32888880.289774623
Poland,POL,Europe & Central Asia,1971,32783500.0,32978909.39353706
Poland,POL,Europe & Central Asia,1972,33055650.0,33070596.01242647
Poland,POL,Europe & Central Asia,1973,33357200.0,33325910.674023785
Poland,POL,Europe & Central Asia,1974,33678899.0,33612907.43972415
Poland,POL,Europe & Central Asia,1975,34015199.0,33936711.36739713
Poland,POL,Europe & Central Asia,1976,34356300.0,34284945.55028229
Poland,POL,Europe & Central Asia,1977,34689050.0,34700821.526686735
Poland,POL,Europe & Central Asia,1978,34965600.0,34965904.77987457
Poland,POL,Europe & Central Asia,1979,35247217.0,35201481.026156396
Poland,POL,Europe & Central Asia,1980,35574150.0,35577964.20799451
Poland,POL,Europe & Central Asia,1981,35898587.0,35898516.132399045
Poland,POL,Europe & Central Asia,1982,36230481.0,36229211.48072101
Poland,POL,Europe & Central Asia,1983,36571808.0,36564624.04666542
Poland,POL,Europe & Central Asia,1984,36904134.0,36894512.64125766
Poland,POL,Europe & Central Asia,1985,37201885.0,37221341.95618493
Poland,POL,Europe & Central Asia,1986,37456119.0,37542322.73986178
Poland,POL,Europe & Central Asia,1987,37668045.0,37843923.1683237
Poland,POL,Europe & Central Asia,1988,37824487.0,37881170.07451447
Poland,POL,Europe & Central Asia,1989,37961529.0,37981578.73295586
Poland,POL,Europe & Central Asia,1990,38110782.0,38099067.517285936
Poland,POL,Europe & Central Asia,1991,38246193.0,38364809.17618799
Poland,POL,Europe & Central Asia,1992,38363667.0,38476993.0375297
Poland,POL,Europe & Central Asia,1993,38461408.0,38568099.025780536
Poland,POL,Europe & Central Asia,1994,38542652.0,38638798.54202912
Poland,POL,Europe & Central Asia,1995,38594998.0,38698142.59096567
Poland,POL,Europe & Central Asia,1996,38624370.0,38724026.95769971
Poland,POL,Europe & Central Asia,1997,38649660.0,38653764.35360743
Poland,POL,Europe & Central Asia,1998,38663481.0,38674966.558921695
Poland,POL,Europe & Central Asia,1999,38660271.0,38742272.29807233
Poland,POL,Europe & Central Asia,2000,38258629.0,38721761.355710045
Poland,POL,Europe & Central Asia,2001,38248076.0,38624322.35017441
Poland,POL,Europe & Central Asia,2002,38230364.0,38235333.74622299
Poland,POL,Europe & Central Asia,2003,38204570.0,38302544.18930765
Poland,POL,Europe & Central Asia,2004,38182222.0,38179172.72298258
Poland,POL,Europe & Central Asia,2005,38165445.0,38085552.049785435
Poland,POL,Europe & Central Asia,2006,38141267.0,38024083.985570975
Poland,POL,Europe & Central Asia,2007,38120560.0,37987858.869100645
Poland,POL,Europe & Central Asia,2008,38125759.0,37982251.41457797
Poland,POL,Europe & Central Asia,2009,38151603.0,38017253.37447956
Poland,POL,Europe & Central Asia,2010,38042794.0,38177279.658662684
Poland,POL,Europe & Central Asia,2011,38063255.0,38061273.86818695
Poland,POL,Europe & Central Asia,2012,38063164.0,38045215.69935975
Poland,POL,Europe & Central Asia,2013,38040196.0,38036712.013874605
Poland,POL,Europe & Central Asia,2014,38011735.0,38023296.71027237
Poland,POL,Europe & Central Asia,2015,37986412.0,38003502.19479492
Poland,POL,Europe & Central Asia,2016,37970087.0,37980473.45742264
Poland,POL,Europe & Central Asia,2017,37974826.0,37956416.33825621
Poland,POL,Europe & Central Asia,2018,37974750.0,37940150.81342011
Poland,POL,Europe & Central Asia,2019,37965475.0,37934926.64462781
Poland,POL,Europe & Central Asia,2020,37515748.0,37942888.724366724
Poland,POL,Europe & Central Asia,2021,36981559.0,37753758.434027664
Poland,POL,Europe & Central Asia,2022,36821749.0,36454976.34702293
Poland,POL,Europe & Central Asia,2023,36687353.0,36688869.75291308
Poland,POL,Europe & Central Asia,2024,36559233.0,36543077.467479534
Puerto Rico (US),PRI,Latin America & Caribbean ,1970,2718000.0,2706419.237722554
Puerto Rico (US),PRI,Latin America & Caribbean ,1971,2762190.0,2755873.5268893745
Puerto Rico (US),PRI,Latin America & Caribbean ,1972,2817256.0,2799204.9948710245
Puerto Rico (US),PRI,Latin America & Caribbean ,1973,2878786.0,2830104.4330441975
Puerto Rico (US),PRI,Latin America & Caribbean ,1974,2939299.0,2941659.8397699096
Puerto Rico (US),PRI,Latin America & Caribbean ,1975,2994000.0,3001084.002753694
Puerto Rico (US),PRI,Latin America & Caribbean ,1976,3043854.0,3038077.3813550146
Puerto Rico (US),PRI,Latin America & Caribbean ,1977,3088690.0,3091641.24597254
Puerto Rico (US),PRI,Latin America & Caribbean ,1978,3129421.0,3145841.8250785894
Puerto Rico (US),PRI,Latin America & Caribbean ,1979,3168088.0,3183244.8440162037
Puerto Rico (US),PRI,Latin America & Caribbean ,1980,3206000.0,3207232.7679416332
Puerto Rico (US),PRI,Latin America & Caribbean ,1981,3242552.0,3259518.9642956327
Puerto Rico (US),PRI,Latin America & Caribbean ,1982,3277453.0,3293604.6097540124
Puerto Rico (US),PRI,Latin America & Caribbean ,1983,3311138.0,3325025.260158337
Puerto Rico (US),PRI,Latin America & Caribbean ,1984,3344190.0,3355299.643012604
Puerto Rico (US),PRI,Latin America & Caribbean ,1985,3377000.0,3385757.1499560303
Puerto Rico (US),PRI,Latin America & Caribbean ,1986,3409554.0,3416226.415671316
Puerto Rico (US),PRI,Latin America & Caribbean ,1987,3441850.0,3447225.4103987953
Puerto Rico (US),PRI,Latin America & Caribbean ,1988,3473898.0,3478454.7831151593
Puerto Rico (US),PRI,Latin America & Caribbean ,1989,3505650.0,3509664.9517267873
Puerto Rico (US),PRI,Latin America & Caribbean ,1990,3537000.0,3540706.450141119
Puerto Rico (US),PRI,Latin America & Caribbean ,1991,3562110.0,3571337.268157749
Puerto Rico (US),PRI,Latin America & Caribbean ,1992,3585176.0,3595268.553847575
Puerto Rico (US),PRI,Latin America & Caribbean ,1993,3615497.0,3608391.3610140514
Puerto Rico (US),PRI,Latin America & Caribbean ,1994,3649237.0,3646969.4188839262
Puerto Rico (US),PRI,Latin America & Caribbean ,1995,3683103.0,3680793.3164887247
Puerto Rico (US),PRI,Latin America & Caribbean ,1996,3724655.0,3711960.6901815045
Puerto Rico (US),PRI,Latin America & Caribbean ,1997,3759430.0,3766675.7806626023
Puerto Rico (US),PRI,Latin America & Caribbean ,1998,3781101.0,3795914.7437583217
Puerto Rico (US),PRI,Latin America & Caribbean ,1999,3800081.0,3813066.6164592863
Puerto Rico (US),PRI,Latin America & Caribbean ,2000,3810605.0,3843779.4515237845
Puerto Rico (US),PRI,Latin America & Caribbean ,2001,3818774.0,3821158.14566053
Puerto Rico (US),PRI,Latin America & Caribbean ,2002,3823701.0,3826960.5123059987
Puerto Rico (US),PRI,Latin America & Caribbean ,2003,3826095.0,3828634.3569485764
Puerto Rico (US),PRI,Latin America & Caribbean ,2004,3826878.0,3846267.528067236
Puerto Rico (US),PRI,Latin America & Caribbean ,2005,3821362.0,3843163.7650874793
Puerto Rico (US),PRI,Latin America & Caribbean ,2006,3805214.0,3832261.073238599
Puerto Rico (US),PRI,Latin America & Caribbean ,2007,3782995.0,3810340.303145012
Puerto Rico (US),PRI,Latin America & Caribbean ,2008,3760866.0,3783205.7848650482
Puerto Rico (US),PRI,Latin America & Caribbean ,2009,3740410.0,3738866.4456656463
Puerto Rico (US),PRI,Latin America & Caribbean ,2010,3724465.0,3732690.3594724075
Puerto Rico (US),PRI,Latin America & Caribbean ,2011,3693464.0,3714135.181723068
Puerto Rico (US),PRI,Latin America & Caribbean ,2012,3661045.0,3679265.902731229
Puerto Rico (US),PRI,Latin America & Caribbean ,2013,3631427.0,3661011.978731354
Puerto Rico (US),PRI,Latin America & Caribbean ,2014,3585017.0,3624752.9095596415
Puerto Rico (US),PRI,Latin America & Caribbean ,2015,3535167.0,3546225.4752324433
Puerto Rico (US),PRI,Latin America & Caribbean ,2016,3480432.0,3486010.174904233
Puerto Rico (US),PRI,Latin America & Caribbean ,2017,3410837.0,3426544.4691371555
Puerto Rico (US),PRI,Latin America & Caribbean ,2018,3290690.0,3374013.870399899
Puerto Rico (US),PRI,Latin America & Caribbean ,2019,3302691.0,3174775.1894740686
Puerto Rico (US),PRI,Latin America & Caribbean ,2020,3281590.0,3258707.709252576
Puerto Rico (US),PRI,Latin America & Caribbean ,2021,3262711.0,3211538.749359009
Puerto Rico (US),PRI,Latin America & Caribbean ,2022,3220137.0,3177416.9024003707
Puerto Rico (US),PRI,Latin America & Caribbean ,2023,3203792.0,3145745.365009428
Puerto Rico (US),PRI,Latin America & Caribbean ,2024,3203295.0,3127984.6893632542
"Korea, Dem. People's Rep.",PRK,East Asia & Pacific,1970,15172775.0,15151367.486676143
"Korea, Dem. People's Rep.",PRK,East Asia & Pacific,1971,15572457.0,15574767.832494069
"Korea, Dem. People's Rep.",PRK,East Asia & Pacific,1972,15975069.0,15991468.302001618
"Korea, Dem. People's Rep.",PRK,East Asia & Pacific,1973,16350367.0,16430347.36620782
"Korea, Dem. People's Rep.",PRK,East Asia & Pacific,1974,16673121.0,16734481.776594203
"Korea, Dem. People's Rep.",PRK,East Asia & Pacific,1975,16971055.0,17002246.12186055
"Korea, Dem. People's Rep.",PRK,East Asia & Pacific,1976,17243450.0,17274312.81887183
"Korea, Dem. People's Rep.",PRK,East Asia & Pacific,1977,17492798.0,17520217.09423096
"Korea, Dem. People's Rep.",PRK,East Asia & Pacific,1978,17735995.0,17745751.68438312
"Korea, Dem. People's Rep.",PRK,East Asia & Pacific,1979,17983470.0,18100639.103219446
"Korea, Dem. People's Rep.",PRK,East Asia & Pacific,1980,18236786.0,18326284.86262466
"Korea, Dem. People's Rep.",PRK,East Asia & Pacific,1981,18501295.0,18559639.640490513
"Korea, Dem. People's Rep.",PRK,East Asia & Pacific,1982,18776357.0,18805573.106325153
"Korea, Dem. People's Rep.",PRK,East Asia & Pacific,1983,19054034.0,19090684.723964352
"Korea, Dem. People's Rep.",PRK,East Asia & Pacific,1984,19335043.0,19337897.07303495
"Korea, Dem. People's Rep.",PRK,East Asia & Pacific,1985,19620388.0,19605272.439671434
"Korea, Dem. People's Rep.",PRK,East Asia & Pacific,1986,19910855.0,19909936.993817285
"Korea, Dem. People's Rep.",PRK,East Asia & Pacific,1987,20205483.0,20199338.41969408
"Korea, Dem. People's Rep.",PRK,East Asia & Pacific,1988,20503161.0,20494166.83601462
"Korea, Dem. People's Rep.",PRK,East Asia & Pacific,1989,20804367.0,20802431.585065726
"Korea, Dem. People's Rep.",PRK,East Asia & Pacific,1990,21112137.0,21112443.97768539
"Korea, Dem. People's Rep.",PRK,East Asia & Pacific,1991,21428638.0,21424722.63517598
"Korea, Dem. People's Rep.",PRK,East Asia & Pacific,1992,21750911.0,21742306.6336514
"Korea, Dem. People's Rep.",PRK,East Asia & Pacific,1993,22073352.0,22078036.074010633
"Korea, Dem. People's Rep.",PRK,East Asia & Pacific,1994,22393975.0,22400890.007424444
"Korea, Dem. People's Rep.",PRK,East Asia & Pacific,1995,22669304.0,22728177.399788436
"Korea, Dem. People's Rep.",PRK,East Asia & Pacific,1996,22895746.0,23041576.56825156
"Korea, Dem. People's Rep.",PRK,East Asia & Pacific,1997,23110830.0,23124449.913979016
"Korea, Dem. People's Rep.",PRK,East Asia & Pacific,1998,23311564.0,23327934.511713013
"Korea, Dem. People's Rep.",PRK,East Asia & Pacific,1999,23497599.0,23514041.51812717
"Korea, Dem. People's Rep.",PRK,East Asia & Pacific,2000,23665910.0,23685118.629376054
"Korea, Dem. People's Rep.",PRK,East Asia & Pacific,2001,23815358.0,23928456.41724548
"Korea, Dem. People's Rep.",PRK,East Asia & Pacific,2002,23943973.0,24056526.42304143
"Korea, Dem. People's Rep.",PRK,East Asia & Pacific,2003,24090380.0,24161778.671258308
"Korea, Dem. People's Rep.",PRK,East Asia & Pacific,2004,24254943.0,24286632.43690188
"Korea, Dem. People's Rep.",PRK,East Asia & Pacific,2005,24396433.0,24437893.094814595
"Korea, Dem. People's Rep.",PRK,East Asia & Pacific,2006,24524507.0,24569273.853682738
"Korea, Dem. People's Rep.",PRK,East Asia & Pacific,2007,24646383.0,24723309.14130442
"Korea, Dem. People's Rep.",PRK,East Asia & Pacific,2008,24764618.0,24835997.20694292
"Korea, Dem. People's Rep.",PRK,East Asia & Pacific,2009,24878332.0,24909677.05986038
"Korea, Dem. People's Rep.",PRK,East Asia & Pacific,2010,24987258.0,24994144.97823852
"Korea, Dem. People's Rep.",PRK,East Asia & Pacific,2011,25097874.0,25096715.631123554
"Korea, Dem. People's Rep.",PRK,East Asia & Pacific,2012,25211728.0,25229572.009519078
"Korea, Dem. People's Rep.",PRK,East Asia & Pacific,2013,25329451.0,25363335.352540426
"Korea, Dem. People's Rep.",PRK,East Asia & Pacific,2014,25451262.0,25461624.671573278
"Korea, Dem. People's Rep.",PRK,East Asia & Pacific,2015,25575350.0,25570278.067634135
"Korea, Dem. People's Rep.",PRK,East Asia & Pacific,2016,25698326.0,25686762.933361646
"Korea, Dem. People's Rep.",PRK,East Asia & Pacific,2017,25817709.0,25821927.748047907
"Korea, Dem. People's Rep.",PRK,East Asia & Pacific,2018,25931147.0,25937448.59798055
"Korea, Dem. People's Rep.",PRK,East Asia & Pacific,2019,26037632.0,26053973.367856834
"Korea, Dem. People's Rep.",PRK,East Asia & Pacific,2020,26136312.0,26144634.392592184
"Korea, Dem. People's Rep.",PRK,East Asia & Pacific,2021,26232534.0,26235453.136385236
"Korea, Dem. People's Rep.",PRK,East Asia & Pacific,2022,26328845.0,26329237.35786883
"Korea, Dem. People's Rep.",PRK,East Asia & Pacific,2023,26418204.0,26427219.006381057
"Korea, Dem. People's Rep.",PRK,East Asia & Pacific,2024,26498823.0,26527985.356154703
Portugal,PRT,Europe & Central Asia,1970,8680431.0,8746662.514596764
Portugal,PRT,Europe & Central Asia,1971,8643756.0,8653208.844682053
Portugal,PRT,Europe & Central Asia,1972,8630430.0,8628734.823539129
Portugal,PRT,Europe & Central Asia,1973,8633100.0,8561877.1437919
Portugal,PRT,Europe & Central Asia,1974,8754365.0,8635770.825650383
Portugal,PRT,Europe & Central Asia,1975,9093470.0,8877333.345914105
Portugal,PRT,Europe & Central Asia,1976,9355810.0,9445710.404898968
Portugal,PRT,Europe & Central Asia,1977,9455675.0,9625718.325886123
Portugal,PRT,Europe & Central Asia,1978,9558250.0,9527078.470485592
Portugal,PRT,Europe & Central Asia,1979,9661265.0,9651599.018343441
Portugal,PRT,Europe & Central Asia,1980,9766312.0,9791396.381972972
Portugal,PRT,Europe & Central Asia,1981,9851362.0,9991841.49487563
Portugal,PRT,Europe & Central Asia,1982,9911771.0,9997263.887799941
Portugal,PRT,Europe & Central Asia,1983,9957865.0,10065056.03500025
Portugal,PRT,Europe & Central Asia,1984,9996232.0,10230120.895817613
Portugal,PRT,Europe & Central Asia,1985,10023613.0,10194475.699079482
Portugal,PRT,Europe & Central Asia,1986,10032734.0,10051069.00055607
Portugal,PRT,Europe & Central Asia,1987,10030031.0,10098987.260324975
Portugal,PRT,Europe & Central Asia,1988,10019610.0,10083867.924295234
Portugal,PRT,Europe & Central Asia,1989,10005000.0,10060237.63878336
Portugal,PRT,Europe & Central Asia,1990,9983218.0,10031874.849482175
Portugal,PRT,Europe & Central Asia,1991,9960235.0,9997984.701875245
Portugal,PRT,Europe & Central Asia,1992,9952494.0,9965647.809387142
Portugal,PRT,Europe & Central Asia,1993,9964675.0,9951913.162116699
Portugal,PRT,Europe & Central Asia,1994,9991525.0,9953486.446676476
Portugal,PRT,Europe & Central Asia,1995,10026176.0,10018447.347460002
Portugal,PRT,Europe & Central Asia,1996,10063945.0,10060947.170898244
Portugal,PRT,Europe & Central Asia,1997,10108977.0,10101856.277292572
Portugal,PRT,Europe & Central Asia,1998,10160196.0,10118958.714725211
Portugal,PRT,Europe & Central Asia,1999,10217828.0,10177631.480913637
Portugal,PRT,Europe & Central Asia,2000,10289898.0,10244090.125654243
Portugal,PRT,Europe & Central Asia,2001,10362722.0,10327191.237992631
Portugal,PRT,Europe & Central Asia,2002,10419631.0,10409331.264591662
Portugal,PRT,Europe & Central Asia,2003,10458821.0,10471461.604105534
Portugal,PRT,Europe & Central Asia,2004,10483861.0,10512173.31828893
Portugal,PRT,Europe & Central Asia,2005,10503330.0,10508960.949919261
Portugal,PRT,Europe & Central Asia,2006,10522288.0,10522835.154844476
Portugal,PRT,Europe & Central Asia,2007,10542964.0,10541280.218208604
Portugal,PRT,Europe & Central Asia,2008,10558177.0,10586368.431372318
Portugal,PRT,Europe & Central Asia,2009,10568247.0,10596792.201571062
Portugal,PRT,Europe & Central Asia,2010,10573100.0,10599636.549604971
Portugal,PRT,Europe & Central Asia,2011,10557560.0,10620876.263210889
Portugal,PRT,Europe & Central Asia,2012,10514844.0,10573154.520932283
Portugal,PRT,Europe & Central Asia,2013,10457295.0,10472300.830298342
Portugal,PRT,Europe & Central Asia,2014,10401062.0,10400060.972832838
Portugal,PRT,Europe & Central Asia,2015,10358076.0,10345131.386755988
Portugal,PRT,Europe & Central Asia,2016,10325452.0,10339989.052986534
Portugal,PRT,Europe & Central Asia,2017,10300300.0,10301589.51445545
Portugal,PRT,Europe & Central Asia,2018,10283822.0,10271995.994025735
Portugal,PRT,Europe & Central Asia,2019,10286263.0,10230122.371392416
Portugal,PRT,Europe & Central Asia,2020,10297081.0,10288704.578686278
Portugal,PRT,Europe & Central Asia,2021,10361831.0,10307910.37713192
Portugal,PRT,Europe & Central Asia,2022,10434332.0,10426988.157985868
Portugal,PRT,Europe & Central Asia,2023,10578174.0,10507340.28486491
Portugal,PRT,Europe & Central Asia,2024,10694681.0,10723998.924113352
Paraguay,PRY,Latin America & Caribbean ,1970,2388028.0,2388805.266111643
Paraguay,PRY,Latin America & Caribbean ,1971,2442537.0,2442275.2109850496
Paraguay,PRY,Latin America & Caribbean ,1972,2499881.0,2498332.6123870322
Paraguay,PRY,Latin America & Caribbean ,1973,2561102.0,2559526.231693584
Paraguay,PRY,Latin America & Caribbean ,1974,2625621.0,2621385.6534918086
Paraguay,PRY,Latin America & Caribbean ,1975,2691648.0,2688020.534200378
Paraguay,PRY,Latin America & Caribbean ,1976,2758836.0,2759346.5297836103
Paraguay,PRY,Latin America & Caribbean ,1977,2827874.0,2827733.5218818006
Paraguay,PRY,Latin America & Caribbean ,1978,2899269.0,2896004.79149484
Paraguay,PRY,Latin America & Caribbean ,1979,2973968.0,2969826.4319387604
Paraguay,PRY,Latin America & Caribbean ,1980,3053235.0,3043700.862118014
Paraguay,PRY,Latin America & Caribbean ,1981,3137604.0,3124859.828989225
Paraguay,PRY,Latin America & Caribbean ,1982,3226189.0,3224304.3396671494
Paraguay,PRY,Latin America & Caribbean ,1983,3318068.0,3317275.0492404173
Paraguay,PRY,Latin America & Caribbean ,1984,3412936.0,3412563.6323855217
Paraguay,PRY,Latin America & Caribbean ,1985,3510671.0,3504166.958962574
Paraguay,PRY,Latin America & Caribbean ,1986,3611474.0,3605948.3094070354
Paraguay,PRY,Latin America & Caribbean ,1987,3714889.0,3710945.68492666
Paraguay,PRY,Latin America & Caribbean ,1988,3820546.0,3814291.613061272
Paraguay,PRY,Latin America & Caribbean ,1989,3927802.0,3926693.0415534517
Paraguay,PRY,Latin America & Caribbean ,1990,4035747.0,4040237.3460204657
Paraguay,PRY,Latin America & Caribbean ,1991,4144364.0,4146687.0771134407
Paraguay,PRY,Latin America & Caribbean ,1992,4253600.0,4255927.629731409
Paraguay,PRY,Latin America & Caribbean ,1993,4362696.0,4366113.543224348
Paraguay,PRY,Latin America & Caribbean ,1994,4471417.0,4475512.605554069
Paraguay,PRY,Latin America & Caribbean ,1995,4579806.0,4582847.3926023925
Paraguay,PRY,Latin America & Caribbean ,1996,4687543.0,4702349.540599873
Paraguay,PRY,Latin America & Caribbean ,1997,4794412.0,4810309.220235602
Paraguay,PRY,Latin America & Caribbean ,1998,4900025.0,4916972.168018325
Paraguay,PRY,Latin America & Caribbean ,1999,5003135.0,5021995.568096055
Paraguay,PRY,Latin America & Caribbean ,2000,5100868.0,5124098.427812296
Paraguay,PRY,Latin America & Caribbean ,2001,5187689.0,5220028.28650986
Paraguay,PRY,Latin America & Caribbean ,2002,5261328.0,5303379.534194334
Paraguay,PRY,Latin America & Caribbean ,2003,5326436.0,5336012.3025896475
Paraguay,PRY,Latin America & Caribbean ,2004,5388175.0,5392349.7001513485
Paraguay,PRY,Latin America & Caribbean ,2005,5448097.0,5450629.620041058
Paraguay,PRY,Latin America & Caribbean ,2006,5505148.0,5539879.7213276
Paraguay,PRY,Latin America & Caribbean ,2007,5559386.0,5590355.173303669
Paraguay,PRY,Latin America & Caribbean ,2008,5613574.0,5637919.695146318
Paraguay,PRY,Latin America & Caribbean ,2009,5671236.0,5685865.135280308
Paraguay,PRY,Latin America & Caribbean ,2010,5737971.0,5738423.102503326
Paraguay,PRY,Latin America & Caribbean ,2011,5814626.0,5805153.047733935
Paraguay,PRY,Latin America & Caribbean ,2012,5897008.0,5867293.2915058425
Paraguay,PRY,Latin America & Caribbean ,2013,5982445.0,5980557.193470117
Paraguay,PRY,Latin America & Caribbean ,2014,6069811.0,6069118.032910734
Paraguay,PRY,Latin America & Caribbean ,2015,6159103.0,6157907.488082971
Paraguay,PRY,Latin America & Caribbean ,2016,6249126.0,6236394.315672778
Paraguay,PRY,Latin America & Caribbean ,2017,6338660.0,6330822.684747732
Paraguay,PRY,Latin America & Caribbean ,2018,6427382.0,6416274.213996554
Paraguay,PRY,Latin America & Caribbean ,2019,6515058.0,6516462.905888218
Paraguay,PRY,Latin America & Caribbean ,2020,6603739.0,6612400.974318881
Paraguay,PRY,Latin America & Caribbean ,2021,6684182.0,6693618.498022426
Paraguay,PRY,Latin America & Caribbean ,2022,6760464.0,6768259.319901343
Paraguay,PRY,Latin America & Caribbean ,2023,6844146.0,6839389.104808084
Paraguay,PRY,Latin America & Caribbean ,2024,6929153.0,6936063.076061405
West Bank and Gaza,PSE,"Middle East, North Africa, Afghanistan & Pakistan",2000,2922153.0,2922153.9538871623
West Bank and Gaza,PSE,"Middle East, North Africa, Afghanistan & Pakistan",2001,2997784.0,2997783.044563519
West Bank and Gaza,PSE,"Middle East, North Africa, Afghanistan & Pakistan",2002,3075373.0,3108396.828399867
West Bank and Gaza,PSE,"Middle East, North Africa, Afghanistan & Pakistan",2003,3154969.0,3182043.9434139403
West Bank and Gaza,PSE,"Middle East, North Africa, Afghanistan & Pakistan",2004,3236626.0,3257434.676275972
West Bank and Gaza,PSE,"Middle East, North Africa, Afghanistan & Pakistan",2005,3320396.0,3354651.924424516
West Bank and Gaza,PSE,"Middle East, North Africa, Afghanistan & Pakistan",2006,3406334.0,3419508.3321207715
West Bank and Gaza,PSE,"Middle East, North Africa, Afghanistan & Pakistan",2007,3494496.0,3494496.415655709
West Bank and Gaza,PSE,"Middle East, North Africa, Afghanistan & Pakistan",2008,3591977.0,3584940.4593108585
West Bank and Gaza,PSE,"Middle East, North Africa, Afghanistan & Pakistan",2009,3689099.0,3680611.32812336
West Bank and Gaza,PSE,"Middle East, North Africa, Afghanistan & Pakistan",2010,3786161.0,3785862.648013884
West Bank and Gaza,PSE,"Middle East, North Africa, Afghanistan & Pakistan",2011,3882986.0,3885667.3630834366
West Bank and Gaza,PSE,"Middle East, North Africa, Afghanistan & Pakistan",2012,3979998.0,3984919.0057145217
West Bank and Gaza,PSE,"Middle East, North Africa, Afghanistan & Pakistan",2013,4076708.0,4089074.2323425342
West Bank and Gaza,PSE,"Middle East, North Africa, Afghanistan & Pakistan",2014,4173398.0,4175797.89328342
West Bank and Gaza,PSE,"Middle East, North Africa, Afghanistan & Pakistan",2015,4270092.0,4272516.93052112
West Bank and Gaza,PSE,"Middle East, North Africa, Afghanistan & Pakistan",2016,4367088.0,4369106.780528935
West Bank and Gaza,PSE,"Middle East, North Africa, Afghanistan & Pakistan",2017,4454805.0,4476600.481171315
West Bank and Gaza,PSE,"Middle East, North Africa, Afghanistan & Pakistan",2018,4569087.0,4562742.359193435
West Bank and Gaza,PSE,"Middle East, North Africa, Afghanistan & Pakistan",2019,4685306.0,4678251.074660726
West Bank and Gaza,PSE,"Middle East, North Africa, Afghanistan & Pakistan",2020,4803269.0,4792190.656897343
West Bank and Gaza,PSE,"Middle East, North Africa, Afghanistan & Pakistan",2021,4922749.0,4906839.39160232
West Bank and Gaza,PSE,"Middle East, North Africa, Afghanistan & Pakistan",2022,5043612.0,5040377.563865382
West Bank and Gaza,PSE,"Middle East, North Africa, Afghanistan & Pakistan",2023,5165775.0,5164287.672844816
West Bank and Gaza,PSE,"Middle East, North Africa, Afghanistan & Pakistan",2024,5289152.0,5289676.617681414
French Polynesia,PYF,East Asia & Pacific,1970,114010.0,113522.34245763051
French Polynesia,PYF,East Asia & Pacific,1971,117945.0,117314.35928628533
French Polynesia,PYF,East Asia & Pacific,1972,121886.0,121841.92550570708
French Polynesia,PYF,East Asia & Pacific,1973,125897.0,126204.23215818215
French Polynesia,PYF,East Asia & Pacific,1974,129960.0,130040.26789019354
French Polynesia,PYF,East Asia & Pacific,1975,134045.0,134154.1228173929
French Polynesia,PYF,East Asia & Pacific,1976,138114.0,138258.40278153945
French Polynesia,PYF,East Asia & Pacific,1977,142313.0,142379.69087039298
French Polynesia,PYF,East Asia & Pacific,1978,146821.0,146994.00001057543
French Polynesia,PYF,East Asia & Pacific,1979,151569.0,151591.02460243148
French Polynesia,PYF,East Asia & Pacific,1980,156471.0,156440.98491971876
French Polynesia,PYF,East Asia & Pacific,1981,161506.0,161369.04619682414
French Polynesia,PYF,East Asia & Pacific,1982,166646.0,166636.0913652749
French Polynesia,PYF,East Asia & Pacific,1983,171750.0,171950.32785132565
French Polynesia,PYF,East Asia & Pacific,1984,176469.0,177154.75830909703
French Polynesia,PYF,East Asia & Pacific,1985,180988.0,181317.6591832604
French Polynesia,PYF,East Asia & Pacific,1986,185669.0,185622.72209379345
French Polynesia,PYF,East Asia & Pacific,1987,190449.0,190471.06747232497
French Polynesia,PYF,East Asia & Pacific,1988,195193.0,195352.05985556246
French Polynesia,PYF,East Asia & Pacific,1989,199643.0,200756.4696656259
French Polynesia,PYF,East Asia & Pacific,1990,203776.0,205121.90543595134
French Polynesia,PYF,East Asia & Pacific,1991,207744.0,209108.28304779873
French Polynesia,PYF,East Asia & Pacific,1992,211559.0,212895.08834948816
French Polynesia,PYF,East Asia & Pacific,1993,215219.0,215444.0584679828
French Polynesia,PYF,East Asia & Pacific,1994,218738.0,218942.31851357452
French Polynesia,PYF,East Asia & Pacific,1995,222118.0,223391.0864472828
French Polynesia,PYF,East Asia & Pacific,1996,225489.0,226585.4035852521
French Polynesia,PYF,East Asia & Pacific,1997,229121.0,229760.36863968908
French Polynesia,PYF,East Asia & Pacific,1998,232891.0,233239.15431108538
French Polynesia,PYF,East Asia & Pacific,1999,236595.0,236911.8883344271
French Polynesia,PYF,East Asia & Pacific,2000,240337.0,240789.79768647644
French Polynesia,PYF,East Asia & Pacific,2001,244097.0,244352.9016024889
French Polynesia,PYF,East Asia & Pacific,2002,247775.0,248055.5175411176
French Polynesia,PYF,East Asia & Pacific,2003,251637.0,251835.43591558278
French Polynesia,PYF,East Asia & Pacific,2004,255654.0,255585.34423184153
French Polynesia,PYF,East Asia & Pacific,2005,259507.0,259679.1447381524
French Polynesia,PYF,East Asia & Pacific,2006,263223.0,263591.2404600562
French Polynesia,PYF,East Asia & Pacific,2007,266438.0,267620.6366751551
French Polynesia,PYF,East Asia & Pacific,2008,268379.0,269692.2679621866
French Polynesia,PYF,East Asia & Pacific,2009,269481.0,270334.1402295735
French Polynesia,PYF,East Asia & Pacific,2010,270580.0,270587.5249776584
French Polynesia,PYF,East Asia & Pacific,2011,271727.0,271683.4819398869
French Polynesia,PYF,East Asia & Pacific,2012,273084.0,274527.34093560575
French Polynesia,PYF,East Asia & Pacific,2013,274728.0,275577.09237435245
French Polynesia,PYF,East Asia & Pacific,2014,276387.0,276933.3003902457
French Polynesia,PYF,East Asia & Pacific,2015,277866.0,278720.8554169434
French Polynesia,PYF,East Asia & Pacific,2016,279178.0,279457.2008030422
French Polynesia,PYF,East Asia & Pacific,2017,280087.0,280506.97746932216
French Polynesia,PYF,East Asia & Pacific,2018,279815.0,281732.86484625447
French Polynesia,PYF,East Asia & Pacific,2019,279034.0,279543.26419318013
French Polynesia,PYF,East Asia & Pacific,2020,279209.0,278255.1798775907
French Polynesia,PYF,East Asia & Pacific,2021,279792.0,279384.1097033191
French Polynesia,PYF,East Asia & Pacific,2022,280378.0,280547.45601783914
French Polynesia,PYF,East Asia & Pacific,2023,281118.0,281011.4440690357
French Polynesia,PYF,East Asia & Pacific,2024,281807.0,281285.8836041342
Qatar,QAT,"Middle East, North Africa, Afghanistan & Pakistan",1970,116350.0,115902.81833772262
Qatar,QAT,"Middle East, North Africa, Afghanistan & Pakistan",1971,131346.0,131191.44611659783
Qatar,QAT,"Middle East, North Africa, Afghanistan & Pakistan",1972,146506.0,147928.99912862616
Qatar,QAT,"Middle East, North Africa, Afghanistan & Pakistan",1973,161841.0,166009.8111166395
Qatar,QAT,"Middle East, North Africa, Afghanistan & Pakistan",1974,177362.0,178781.13720703806
Qatar,QAT,"Middle East, North Africa, Afghanistan & Pakistan",1975,193087.0,194371.50691523193
Qatar,QAT,"Middle East, North Africa, Afghanistan & Pakistan",1976,209052.0,210206.18608057595
Qatar,QAT,"Middle East, North Africa, Afghanistan & Pakistan",1977,225285.0,226337.03310134157
Qatar,QAT,"Middle East, North Africa, Afghanistan & Pakistan",1978,241808.0,242778.50119303577
Qatar,QAT,"Middle East, North Africa, Afghanistan & Pakistan",1979,258670.0,265852.3148072982
Qatar,QAT,"Middle East, North Africa, Afghanistan & Pakistan",1980,275913.0,282682.7763746327
Qatar,QAT,"Middle East, North Africa, Afghanistan & Pakistan",1981,293553.0,299632.83527005295
Qatar,QAT,"Middle East, North Africa, Afghanistan & Pakistan",1982,311537.0,317119.75792329846
Qatar,QAT,"Middle East, North Africa, Afghanistan & Pakistan",1983,329709.0,335051.80898981914
Qatar,QAT,"Middle East, North Africa, Afghanistan & Pakistan",1984,347878.0,353223.59708862373
Qatar,QAT,"Middle East, North Africa, Afghanistan & Pakistan",1985,365940.0,371394.24731625593
Qatar,QAT,"Middle East, North Africa, Afghanistan & Pakistan",1986,382422.0,389427.9876801611
Qatar,QAT,"Middle East, North Africa, Afghanistan & Pakistan",1987,397005.0,405580.78459874756
Qatar,QAT,"Middle East, North Africa, Afghanistan & Pakistan",1988,411264.0,419489.4068028401
Qatar,QAT,"Middle East, North Africa, Afghanistan & Pakistan",1989,425646.0,433007.7192055552
Qatar,QAT,"Middle East, North Africa, Afghanistan & Pakistan",1990,440175.0,446650.82808483153
Qatar,QAT,"Middle East, North Africa, Afghanistan & Pakistan",1991,454853.0,460441.1464639137
Qatar,QAT,"Middle East, North Africa, Afghanistan & Pakistan",1992,469657.0,474387.7213821828
Qatar,QAT,"Middle East, North Africa, Afghanistan & Pakistan",1993,484545.0,488487.0067212119
Qatar,QAT,"Middle East, North Africa, Afghanistan & Pakistan",1994,499459.0,506751.5575695621
Qatar,QAT,"Middle East, North Africa, Afghanistan & Pakistan",1995,514325.0,520035.28391400125
Qatar,QAT,"Middle East, North Africa, Afghanistan & Pakistan",1996,529019.0,531543.4612618441
Qatar,QAT,"Middle East, North Africa, Afghanistan & Pakistan",1997,550500.0,546165.301056401
Qatar,QAT,"Middle East, North Africa, Afghanistan & Pakistan",1998,580540.0,566733.1194888222
Qatar,QAT,"Middle East, North Africa, Afghanistan & Pakistan",1999,612500.0,612219.2397050044
Qatar,QAT,"Middle East, North Africa, Afghanistan & Pakistan",2000,644989.0,646219.4681965486
Qatar,QAT,"Middle East, North Africa, Afghanistan & Pakistan",2001,677925.0,679201.32270904
Qatar,QAT,"Middle East, North Africa, Afghanistan & Pakistan",2002,711205.0,706143.3253316436
Qatar,QAT,"Middle East, North Africa, Afghanistan & Pakistan",2003,744682.0,742185.8170416771
Qatar,QAT,"Middle East, North Africa, Afghanistan & Pakistan",2004,773332.0,775260.7496412972
Qatar,QAT,"Middle East, North Africa, Afghanistan & Pakistan",2005,825408.0,816125.6355468851
Qatar,QAT,"Middle East, North Africa, Afghanistan & Pakistan",2006,972831.0,863225.0680898943
Qatar,QAT,"Middle East, North Africa, Afghanistan & Pakistan",2007,1208595.0,951928.3875935103
Qatar,QAT,"Middle East, North Africa, Afghanistan & Pakistan",2008,1426938.0,1501496.01805871
Qatar,QAT,"Middle East, North Africa, Afghanistan & Pakistan",2009,1608903.0,1684726.5312846645
Qatar,QAT,"Middle East, North Africa, Afghanistan & Pakistan",2010,1616832.0,1780895.6727169666
Qatar,QAT,"Middle East, North Africa, Afghanistan & Pakistan",2011,1624761.0,1780768.5559346427
Qatar,QAT,"Middle East, North Africa, Afghanistan & Pakistan",2012,1722438.0,1632728.8812912905
Qatar,QAT,"Middle East, North Africa, Afghanistan & Pakistan",2013,1916426.0,1825987.1185663915
Qatar,QAT,"Middle East, North Africa, Afghanistan & Pakistan",2014,2151745.0,2132261.7176737213
Qatar,QAT,"Middle East, North Africa, Afghanistan & Pakistan",2015,2344557.0,2393462.344009913
Qatar,QAT,"Middle East, North Africa, Afghanistan & Pakistan",2016,2477113.0,2539004.4596467195
Qatar,QAT,"Middle East, North Africa, Afghanistan & Pakistan",2017,2545820.0,2635732.399299542
Qatar,QAT,"Middle East, North Africa, Afghanistan & Pakistan",2018,2580734.0,2754002.84217741
Qatar,QAT,"Middle East, North Africa, Afghanistan & Pakistan",2019,2638657.0,2877793.762800354
Qatar,QAT,"Middle East, North Africa, Afghanistan & Pakistan",2020,2794148.0,2697880.0448068934
Qatar,QAT,"Middle East, North Africa, Afghanistan & Pakistan",2021,2504910.0,2958801.7823706963
Qatar,QAT,"Middle East, North Africa, Afghanistan & Pakistan",2022,2657333.0,2611344.228782837
Qatar,QAT,"Middle East, North Africa, Afghanistan & Pakistan",2023,2656032.0,2900032.8068405166
Qatar,QAT,"Middle East, North Africa, Afghanistan & Pakistan",2024,2857822.0,2807011.0541719347
Romania,ROU,Europe & Central Asia,1970,20250398.0,20195503.831233703
Romania,ROU,Europe & Central Asia,1971,20461567.0,20448127.533031233
Romania,ROU,Europe & Central Asia,1972,20657957.0,20670148.024187688
Romania,ROU,Europe & Central Asia,1973,20835681.0,20903621.08064582
Romania,ROU,Europe & Central Asia,1974,21029429.0,21141793.18067088
Romania,ROU,Europe & Central Asia,1975,21293583.0,21264209.355926722
Romania,ROU,Europe & Central Asia,1976,21551634.0,21554951.60583813
Romania,ROU,Europe & Central Asia,1977,21756096.0,21757126.283384826
Romania,ROU,Europe & Central Asia,1978,21951464.0,21972420.067678355
Romania,ROU,Europe & Central Asia,1979,22090488.0,22189843.806103773
Romania,ROU,Europe & Central Asia,1980,22207282.0,22374723.896684162
Romania,ROU,Europe & Central Asia,1981,22353070.0,22324693.498448573
Romania,ROU,Europe & Central Asia,1982,22475741.0,22499815.07817026
Romania,ROU,Europe & Central Asia,1983,22560478.0,22599085.205424517
Romania,ROU,Europe & Central Asia,1984,22640547.0,22737773.533504944
Romania,ROU,Europe & Central Asia,1985,22732999.0,22797407.788590267
Romania,ROU,Europe & Central Asia,1986,22836841.0,22868197.1765161
Romania,ROU,Europe & Central Asia,1987,22949430.0,22963109.86532249
Romania,ROU,Europe & Central Asia,1988,23057662.0,23063064.233976535
Romania,ROU,Europe & Central Asia,1989,23161458.0,23167706.748898894
Romania,ROU,Europe & Central Asia,1990,23201835.0,23263026.3400973
Romania,ROU,Europe & Central Asia,1991,23001155.0,23333438.62956694
Romania,ROU,Europe & Central Asia,1992,22794284.0,22802210.75440757
Romania,ROU,Europe & Central Asia,1993,22763280.0,22589273.582130466
Romania,ROU,Europe & Central Asia,1994,22730211.0,22776957.908861723
Romania,ROU,Europe & Central Asia,1995,22684270.0,22729901.022412714
Romania,ROU,Europe & Central Asia,1996,22619004.0,22667380.572080348
Romania,ROU,Europe & Central Asia,1997,22553978.0,22588685.725257043
Romania,ROU,Europe & Central Asia,1998,22507344.0,22467125.792872984
Romania,ROU,Europe & Central Asia,1999,22472040.0,22382148.758604553
Romania,ROU,Europe & Central Asia,2000,22442971.0,22346005.34123229
Romania,ROU,Europe & Central Asia,2001,22131970.0,22353601.84685094
Romania,ROU,Europe & Central Asia,2002,21730496.0,22234471.626934044
Romania,ROU,Europe & Central Asia,2003,21574326.0,21336304.739650764
Romania,ROU,Europe & Central Asia,2004,21451748.0,21449619.91132638
Romania,ROU,Europe & Central Asia,2005,21319685.0,21319003.067911588
Romania,ROU,Europe & Central Asia,2006,21193760.0,21180003.98519828
Romania,ROU,Europe & Central Asia,2007,20882982.0,20996011.043071203
Romania,ROU,Europe & Central Asia,2008,20537875.0,20742498.87319879
Romania,ROU,Europe & Central Asia,2009,20367487.0,20449242.484171685
Romania,ROU,Europe & Central Asia,2010,20246871.0,20207751.240584183
Romania,ROU,Europe & Central Asia,2011,20147528.0,20045765.81721793
Romania,ROU,Europe & Central Asia,2012,20058035.0,19909340.622299068
Romania,ROU,Europe & Central Asia,2013,19983693.0,19896246.93245797
Romania,ROU,Europe & Central Asia,2014,19908979.0,19909626.536589514
Romania,ROU,Europe & Central Asia,2015,19815616.0,19834544.33709418
Romania,ROU,Europe & Central Asia,2016,19702267.0,19668130.589038115
Romania,ROU,Europe & Central Asia,2017,19588715.0,19545909.76081073
Romania,ROU,Europe & Central Asia,2018,19473970.0,19503046.798636843
Romania,ROU,Europe & Central Asia,2019,19371648.0,19359925.83258728
Romania,ROU,Europe & Central Asia,2020,19265250.0,19269681.07164907
Romania,ROU,Europe & Central Asia,2021,19122059.0,19169686.752504874
Romania,ROU,Europe & Central Asia,2022,19048502.0,19058616.56824331
Romania,ROU,Europe & Central Asia,2023,19061062.0,18941509.12606421
Romania,ROU,Europe & Central Asia,2024,19051804.0,18876357.15493012
Russian Federation,RUS,Europe & Central Asia,1970,130404000.0,130797161.8473135
Russian Federation,RUS,Europe & Central Asia,1971,131155000.0,131464033.3147859
Russian Federation,RUS,Europe & Central Asia,1972,131909000.0,132143736.6753227
Russian Federation,RUS,Europe & Central Asia,1973,132669000.0,133040387.93726079
Russian Federation,RUS,Europe & Central Asia,1974,133432000.0,133565187.13430832
Russian Federation,RUS,Europe & Central Asia,1975,134200000.0,134197284.33102615
Russian Federation,RUS,Europe & Central Asia,1976,135147000.0,134970660.29729065
Russian Federation,RUS,Europe & Central Asia,1977,136100000.0,135813534.40582567
Russian Federation,RUS,Europe & Central Asia,1978,137060000.0,137054989.1921223
Russian Federation,RUS,Europe & Central Asia,1979,138027000.0,138021395.30476525
Russian Federation,RUS,Europe & Central Asia,1980,139010000.0,138900530.25285432
Russian Federation,RUS,Europe & Central Asia,1981,139941000.0,139910878.02885982
Russian Federation,RUS,Europe & Central Asia,1982,140823000.0,140863082.42491546
Russian Federation,RUS,Europe & Central Asia,1983,141668000.0,141795602.86463687
Russian Federation,RUS,Europe & Central Asia,1984,142745000.0,142750486.38944843
Russian Federation,RUS,Europe & Central Asia,1985,143858000.0,143738158.85319436
Russian Federation,RUS,Europe & Central Asia,1986,144894000.0,144752836.53977582
Russian Federation,RUS,Europe & Central Asia,1987,145908000.0,145905347.55281496
Russian Federation,RUS,Europe & Central Asia,1988,146857000.0,146925687.52736607
Russian Federation,RUS,Europe & Central Asia,1989,147721000.0,147872654.88134235
Russian Federation,RUS,Europe & Central Asia,1990,147969406.0,148852033.7958897
Russian Federation,RUS,Europe & Central Asia,1991,148394216.0,148218229.74315387
Russian Federation,RUS,Europe & Central Asia,1992,148538197.0,148806550.53916705
Russian Federation,RUS,Europe & Central Asia,1993,148458777.0,148732486.14624882
Russian Federation,RUS,Europe & Central Asia,1994,148407912.0,149107540.4383504
Russian Federation,RUS,Europe & Central Asia,1995,148375787.0,148922134.16276047
Russian Federation,RUS,Europe & Central Asia,1996,148160129.0,148767943.4681658
Russian Federation,RUS,Europe & Central Asia,1997,147915361.0,148412874.1268094
Russian Federation,RUS,Europe & Central Asia,1998,147670784.0,148033413.57102725
Russian Federation,RUS,Europe & Central Asia,1999,147214776.0,147665204.08411196
Russian Federation,RUS,Europe & Central Asia,2000,146596869.0,147580066.7993535
Russian Federation,RUS,Europe & Central Asia,2001,145976482.0,146400612.5909057
Russian Federation,RUS,Europe & Central Asia,2002,145306497.0,145395721.75579625
Russian Federation,RUS,Europe & Central Asia,2003,144648618.0,144960404.41952252
Russian Federation,RUS,Europe & Central Asia,2004,144067316.0,144236837.8808037
Russian Federation,RUS,Europe & Central Asia,2005,143518814.0,143596464.26350892
Russian Federation,RUS,Europe & Central Asia,2006,143049637.0,143012289.48647222
Russian Federation,RUS,Europe & Central Asia,2007,142805114.0,142450114.1109494
Russian Federation,RUS,Europe & Central Asia,2008,142742366.0,142543844.5834774
Russian Federation,RUS,Europe & Central Asia,2009,142785348.0,142679645.566438
Russian Federation,RUS,Europe & Central Asia,2010,142849468.0,142828342.94054112
Russian Federation,RUS,Europe & Central Asia,2011,143018195.0,142913616.7947235
Russian Federation,RUS,Europe & Central Asia,2012,143378447.0,142766518.97649416
Russian Federation,RUS,Europe & Central Asia,2013,143805638.0,143237886.69130495
Russian Federation,RUS,Europe & Central Asia,2014,144237223.0,143776437.50790194
Russian Federation,RUS,Europe & Central Asia,2015,144640716.0,144315657.10567343
Russian Federation,RUS,Europe & Central Asia,2016,145015460.0,144818572.37074757
Russian Federation,RUS,Europe & Central Asia,2017,145293260.0,145263159.51234287
Russian Federation,RUS,Europe & Central Asia,2018,145398106.0,145579669.21440512
Russian Federation,RUS,Europe & Central Asia,2019,145453291.0,145877840.57246774
Russian Federation,RUS,Europe & Central Asia,2020,145245148.0,145508496.94478217
Russian Federation,RUS,Europe & Central Asia,2021,144746762.0,145037302.86269587
Russian Federation,RUS,Europe & Central Asia,2022,144236933.0,144250086.14261732
Russian Federation,RUS,Europe & Central Asia,2023,143826130.0,143728899.72288102
Russian Federation,RUS,Europe & Central Asia,2024,143533851.0,143780418.80022958
Rwanda,RWA,Sub-Saharan Africa ,1970,3980669.0,3982204.570971753
Rwanda,RWA,Sub-Saharan Africa ,1971,4100044.0,4091819.815711992
Rwanda,RWA,Sub-Saharan Africa ,1972,4220335.0,4216568.226644335
Rwanda,RWA,Sub-Saharan Africa ,1973,4345047.0,4340317.902154957
Rwanda,RWA,Sub-Saharan Africa ,1974,4474228.0,4478963.577263179
Rwanda,RWA,Sub-Saharan Africa ,1975,4607728.0,4609353.913521797
Rwanda,RWA,Sub-Saharan Africa ,1976,4745954.0,4747439.044888902
Rwanda,RWA,Sub-Saharan Africa ,1977,4888240.0,4889502.124710666
Rwanda,RWA,Sub-Saharan Africa ,1978,5035171.0,5035425.524204845
Rwanda,RWA,Sub-Saharan Africa ,1979,5189541.0,5184132.781924449
Rwanda,RWA,Sub-Saharan Africa ,1980,5353259.0,5348598.957647443
Rwanda,RWA,Sub-Saharan Africa ,1981,5527230.0,5519203.23956222
Rwanda,RWA,Sub-Saharan Africa ,1982,5711549.0,5705899.160110227
Rwanda,RWA,Sub-Saharan Africa ,1983,5905311.0,5902014.567631478
Rwanda,RWA,Sub-Saharan Africa ,1984,6107627.0,6105646.297751767
Rwanda,RWA,Sub-Saharan Africa ,1985,6317228.0,6314681.029350396
Rwanda,RWA,Sub-Saharan Africa ,1986,6531881.0,6521189.159970036
Rwanda,RWA,Sub-Saharan Africa ,1987,6749493.0,6745686.18325517
Rwanda,RWA,Sub-Saharan Africa ,1988,6968071.0,6972860.936914408
Rwanda,RWA,Sub-Saharan Africa ,1989,7184706.0,7205122.770608135
Rwanda,RWA,Sub-Saharan Africa ,1990,7375307.0,7408076.11010828
Rwanda,RWA,Sub-Saharan Africa ,1991,7526966.0,7570964.40049349
Rwanda,RWA,Sub-Saharan Africa ,1992,7683266.0,7681743.577070729
Rwanda,RWA,Sub-Saharan Africa ,1993,7981132.0,7842811.621721968
Rwanda,RWA,Sub-Saharan Africa ,1994,6792352.0,8221947.742890271
Rwanda,RWA,Sub-Saharan Africa ,1995,5674118.0,7828947.624585932
Rwanda,RWA,Sub-Saharan Africa ,1996,6708764.0,4739980.3498213105
Rwanda,RWA,Sub-Saharan Africa ,1997,7755238.0,6689550.127527902
Rwanda,RWA,Sub-Saharan Africa ,1998,8081681.0,6878315.284640473
Rwanda,RWA,Sub-Saharan Africa ,1999,8147912.0,7184504.709117582
Rwanda,RWA,Sub-Saharan Africa ,2000,8213931.0,8238605.688476674
Rwanda,RWA,Sub-Saharan Africa ,2001,8287094.0,8294030.2405440835
Rwanda,RWA,Sub-Saharan Africa ,2002,8400180.0,8270280.865374402
Rwanda,RWA,Sub-Saharan Africa ,2003,8586875.0,8722315.100271424
Rwanda,RWA,Sub-Saharan Africa ,2004,8816844.0,9319419.05997432
Rwanda,RWA,Sub-Saharan Africa ,2005,9054528.0,9592646.806788705
Rwanda,RWA,Sub-Saharan Africa ,2006,9299246.0,9347943.033271816
Rwanda,RWA,Sub-Saharan Africa ,2007,9549933.0,9488752.980894424
Rwanda,RWA,Sub-Saharan Africa ,2008,9804269.0,9728720.50852767
Rwanda,RWA,Sub-Saharan Africa ,2009,10060432.0,10007949.341209305
Rwanda,RWA,Sub-Saharan Africa ,2010,10317553.0,10236556.799633907
Rwanda,RWA,Sub-Saharan Africa ,2011,10573733.0,10562454.24513125
Rwanda,RWA,Sub-Saharan Africa ,2012,10829901.0,10865192.052794915
Rwanda,RWA,Sub-Saharan Africa ,2013,11093340.0,11092976.696319917
Rwanda,RWA,Sub-Saharan Africa ,2014,11364757.0,11363187.19386197
Rwanda,RWA,Sub-Saharan Africa ,2015,11640022.0,11655432.516582362
Rwanda,RWA,Sub-Saharan Africa ,2016,11919183.0,11934108.461659048
Rwanda,RWA,Sub-Saharan Africa ,2017,12202060.0,12216374.584041333
Rwanda,RWA,Sub-Saharan Africa ,2018,12487996.0,12516068.66635218
Rwanda,RWA,Sub-Saharan Africa ,2019,12776103.0,12805445.946091997
Rwanda,RWA,Sub-Saharan Africa ,2020,13065837.0,13073853.922693208
Rwanda,RWA,Sub-Saharan Africa ,2021,13355260.0,13363057.795796147
Rwanda,RWA,Sub-Saharan Africa ,2022,13651030.0,13655029.6939098
Rwanda,RWA,Sub-Saharan Africa ,2023,13954471.0,13969452.444915416
Rwanda,RWA,Sub-Saharan Africa ,2024,14256567.0,14276475.879800025
Saudi Arabia,SAU,"Middle East, North Africa, Afghanistan & Pakistan",1970,3562470.0,3557019.819467093
Saudi Arabia,SAU,"Middle East, North Africa, Afghanistan & Pakistan",1971,3724031.0,3714009.102491177
Saudi Arabia,SAU,"Middle East, North Africa, Afghanistan & Pakistan",1972,3905722.0,3892918.926364783
Saudi Arabia,SAU,"Middle East, North Africa, Afghanistan & Pakistan",1973,4106344.0,4096277.485245804
Saudi Arabia,SAU,"Middle East, North Africa, Afghanistan & Pakistan",1974,4323632.0,4317271.184511039
Saudi Arabia,SAU,"Middle East, North Africa, Afghanistan & Pakistan",1975,4556287.0,4552417.83710216
Saudi Arabia,SAU,"Middle East, North Africa, Afghanistan & Pakistan",1976,4807933.0,4765837.748764848
Saudi Arabia,SAU,"Middle East, North Africa, Afghanistan & Pakistan",1977,5083048.0,5037939.068710291
Saudi Arabia,SAU,"Middle East, North Africa, Afghanistan & Pakistan",1978,5381902.0,5336091.556066828
Saudi Arabia,SAU,"Middle East, North Africa, Afghanistan & Pakistan",1979,5703698.0,5660507.563468159
Saudi Arabia,SAU,"Middle East, North Africa, Afghanistan & Pakistan",1980,6047997.0,6009913.505431171
Saudi Arabia,SAU,"Middle East, North Africa, Afghanistan & Pakistan",1981,6420551.0,6382802.02763909
Saudi Arabia,SAU,"Middle East, North Africa, Afghanistan & Pakistan",1982,6824486.0,6785143.946952859
Saudi Arabia,SAU,"Middle East, North Africa, Afghanistan & Pakistan",1983,7252941.0,7220779.890816703
Saudi Arabia,SAU,"Middle East, North Africa, Afghanistan & Pakistan",1984,7697307.0,7682045.417241593
Saudi Arabia,SAU,"Middle East, North Africa, Afghanistan & Pakistan",1985,8151779.0,8159091.901101962
Saudi Arabia,SAU,"Middle East, North Africa, Afghanistan & Pakistan",1986,8628639.0,8644621.836646294
Saudi Arabia,SAU,"Middle East, North Africa, Afghanistan & Pakistan",1987,9130194.0,9173622.81522023
Saudi Arabia,SAU,"Middle East, North Africa, Afghanistan & Pakistan",1988,9629165.0,9660913.103692083
Saudi Arabia,SAU,"Middle East, North Africa, Afghanistan & Pakistan",1989,10128394.0,10155405.088914912
Saudi Arabia,SAU,"Middle East, North Africa, Afghanistan & Pakistan",1990,10640691.0,10653505.784397628
Saudi Arabia,SAU,"Middle East, North Africa, Afghanistan & Pakistan",1991,11160744.0,11255047.52888913
Saudi Arabia,SAU,"Middle East, North Africa, Afghanistan & Pakistan",1992,11686676.0,11787699.474182395
Saudi Arabia,SAU,"Middle East, North Africa, Afghanistan & Pakistan",1993,12215862.0,12322835.52021999
Saudi Arabia,SAU,"Middle East, North Africa, Afghanistan & Pakistan",1994,12750040.0,12859123.616998872
Saudi Arabia,SAU,"Middle East, North Africa, Afghanistan & Pakistan",1995,13289245.0,13399725.242459798
Saudi Arabia,SAU,"Middle East, North Africa, Afghanistan & Pakistan",1996,13831009.0,13942481.720272064
Saudi Arabia,SAU,"Middle East, North Africa, Afghanistan & Pakistan",1997,14374943.0,14484229.6043376
Saudi Arabia,SAU,"Middle East, North Africa, Afghanistan & Pakistan",1998,14922185.0,15029391.804943142
Saudi Arabia,SAU,"Middle East, North Africa, Afghanistan & Pakistan",1999,15472075.0,15578710.591218948
Saudi Arabia,SAU,"Middle East, North Africa, Afghanistan & Pakistan",2000,16177722.0,16129201.309598245
Saudi Arabia,SAU,"Middle East, North Africa, Afghanistan & Pakistan",2001,17041397.0,16858980.23698168
Saudi Arabia,SAU,"Middle East, North Africa, Afghanistan & Pakistan",2002,17910910.0,17611543.83357521
Saudi Arabia,SAU,"Middle East, North Africa, Afghanistan & Pakistan",2003,18786767.0,18824788.665843457
Saudi Arabia,SAU,"Middle East, North Africa, Afghanistan & Pakistan",2004,19669480.0,19705454.068630762
Saudi Arabia,SAU,"Middle East, North Africa, Afghanistan & Pakistan",2005,20559890.0,20545384.56995592
Saudi Arabia,SAU,"Middle East, North Africa, Afghanistan & Pakistan",2006,21459144.0,21485746.39198724
Saudi Arabia,SAU,"Middle East, North Africa, Afghanistan & Pakistan",2007,22368313.0,22487417.788114026
Saudi Arabia,SAU,"Middle East, North Africa, Afghanistan & Pakistan",2008,23287877.0,23552292.704799388
Saudi Arabia,SAU,"Middle East, North Africa, Afghanistan & Pakistan",2009,24217654.0,24245522.25153191
Saudi Arabia,SAU,"Middle East, North Africa, Afghanistan & Pakistan",2010,23978487.0,25327969.07996672
Saudi Arabia,SAU,"Middle East, North Africa, Afghanistan & Pakistan",2011,25091867.0,25976347.284377113
Saudi Arabia,SAU,"Middle East, North Africa, Afghanistan & Pakistan",2012,26168861.0,26563488.902831744
Saudi Arabia,SAU,"Middle East, North Africa, Afghanistan & Pakistan",2013,27624004.0,27280702.705219295
Saudi Arabia,SAU,"Middle East, North Africa, Afghanistan & Pakistan",2014,28309273.0,28273096.63548739
Saudi Arabia,SAU,"Middle East, North Africa, Afghanistan & Pakistan",2015,29816382.0,29194873.65708901
Saudi Arabia,SAU,"Middle East, North Africa, Afghanistan & Pakistan",2016,30954198.0,30397239.198341876
Saudi Arabia,SAU,"Middle East, North Africa, Afghanistan & Pakistan",2017,30977355.0,31700286.022861823
Saudi Arabia,SAU,"Middle East, North Africa, Afghanistan & Pakistan",2018,30196281.0,32634540.308412377
Saudi Arabia,SAU,"Middle East, North Africa, Afghanistan & Pakistan",2019,30063799.0,32883936.391477656
Saudi Arabia,SAU,"Middle East, North Africa, Afghanistan & Pakistan",2020,31552510.0,29844711.10935182
Saudi Arabia,SAU,"Middle East, North Africa, Afghanistan & Pakistan",2021,30784383.0,32366043.361924343
Saudi Arabia,SAU,"Middle East, North Africa, Afghanistan & Pakistan",2022,32175224.0,32419888.641291413
Saudi Arabia,SAU,"Middle East, North Africa, Afghanistan & Pakistan",2023,33702731.0,32438194.212173004
Saudi Arabia,SAU,"Middle East, North Africa, Afghanistan & Pakistan",2024,35300280.0,33085958.509101205
Sudan,SDN,Sub-Saharan Africa ,1970,11695771.0,11682793.333711738
Sudan,SDN,Sub-Saharan Africa ,1971,12105539.0,12096520.273122896
Sudan,SDN,Sub-Saharan Africa ,1972,12527856.0,12523447.431958165
Sudan,SDN,Sub-Saharan Africa ,1973,13049315.0,12962252.265810026
Sudan,SDN,Sub-Saharan Africa ,1974,13580723.0,13447563.259663489
Sudan,SDN,Sub-Saharan Africa ,1975,14064798.0,14128927.830863174
Sudan,SDN,Sub-Saharan Africa ,1976,14569716.0,14576412.743911652
Sudan,SDN,Sub-Saharan Africa ,1977,15086614.0,15101706.4823385
Sudan,SDN,Sub-Saharan Africa ,1978,15695003.0,15657212.570833795
Sudan,SDN,Sub-Saharan Africa ,1979,16355352.0,16265364.521353675
Sudan,SDN,Sub-Saharan Africa ,1980,17058905.0,16922140.19817169
Sudan,SDN,Sub-Saharan Africa ,1981,17780572.0,17629556.57626984
Sudan,SDN,Sub-Saharan Africa ,1982,18486645.0,18532768.701220877
Sudan,SDN,Sub-Saharan Africa ,1983,19109770.0,19221404.89275431
Sudan,SDN,Sub-Saharan Africa ,1984,19546528.0,19848932.056393106
Sudan,SDN,Sub-Saharan Africa ,1985,19905872.0,19993268.20794088
Sudan,SDN,Sub-Saharan Africa ,1986,20288238.0,20271822.192446355
Sudan,SDN,Sub-Saharan Africa ,1987,20704904.0,20677948.753155753
Sudan,SDN,Sub-Saharan Africa ,1988,21138431.0,21352129.41330207
Sudan,SDN,Sub-Saharan Africa ,1989,21578022.0,21749633.93682686
Sudan,SDN,Sub-Saharan Africa ,1990,22021481.0,22148875.257849183
Sudan,SDN,Sub-Saharan Africa ,1991,22470676.0,22644311.16178912
Sudan,SDN,Sub-Saharan Africa ,1992,22927355.0,22980358.91728927
Sudan,SDN,Sub-Saharan Africa ,1993,23445592.0,23388219.07135806
Sudan,SDN,Sub-Saharan Africa ,1994,24043948.0,23884801.224434037
Sudan,SDN,Sub-Saharan Africa ,1995,24672143.0,24452361.320979357
Sudan,SDN,Sub-Saharan Africa ,1996,25231528.0,25316750.81905089
Sudan,SDN,Sub-Saharan Africa ,1997,25799821.0,25792047.723599378
Sudan,SDN,Sub-Saharan Africa ,1998,26458999.0,26377435.61240935
Sudan,SDN,Sub-Saharan Africa ,1999,27130613.0,27065004.217114914
Sudan,SDN,Sub-Saharan Africa ,2000,27816745.0,27708668.54793795
Sudan,SDN,Sub-Saharan Africa ,2001,28516770.0,28439225.318911176
Sudan,SDN,Sub-Saharan Africa ,2002,29228727.0,29181822.757179644
Sudan,SDN,Sub-Saharan Africa ,2003,29896035.0,29924181.20214132
Sudan,SDN,Sub-Saharan Africa ,2004,30556637.0,30648521.284253955
Sudan,SDN,Sub-Saharan Africa ,2005,31262444.0,31367433.750189383
Sudan,SDN,Sub-Saharan Africa ,2006,31992435.0,31979208.449947663
Sudan,SDN,Sub-Saharan Africa ,2007,32764135.0,32766211.57033105
Sudan,SDN,Sub-Saharan Africa ,2008,33623980.0,33551538.106699422
Sudan,SDN,Sub-Saharan Africa ,2009,34569113.0,34376229.57081576
Sudan,SDN,Sub-Saharan Africa ,2010,35414399.0,35540812.644624844
Sudan,SDN,Sub-Saharan Africa ,2011,36140806.0,36277105.28720669
Sudan,SDN,Sub-Saharan Africa ,2012,36923178.0,37004014.29201753
Sudan,SDN,Sub-Saharan Africa ,2013,37785849.0,37920771.00352086
Sudan,SDN,Sub-Saharan Africa ,2014,38823318.0,38687960.681613036
Sudan,SDN,Sub-Saharan Africa ,2015,40024431.0,39769014.70182822
Sudan,SDN,Sub-Saharan Africa ,2016,41259892.0,41262703.94320205
Sudan,SDN,Sub-Saharan Africa ,2017,42714306.0,42533488.80694048
Sudan,SDN,Sub-Saharan Africa ,2018,44230596.0,44219988.18401604
Sudan,SDN,Sub-Saharan Africa ,2019,45548175.0,45800711.8883754
Sudan,SDN,Sub-Saharan Africa ,2020,46789231.0,46839735.70441852
Sudan,SDN,Sub-Saharan Africa ,2021,48066924.0,48151166.059563115
Sudan,SDN,Sub-Saharan Africa ,2022,49383346.0,49688863.5447683
Sudan,SDN,Sub-Saharan Africa ,2023,50042791.0,50735821.20939066
Sudan,SDN,Sub-Saharan Africa ,2024,50448963.0,50711041.989992164
Senegal,SEN,Sub-Saharan Africa ,1970,4466328.0,4462247.545073355
Senegal,SEN,Sub-Saharan Africa ,1971,4601864.0,4598318.921940958
Senegal,SEN,Sub-Saharan Africa ,1972,4741631.0,4738753.022870748
Senegal,SEN,Sub-Saharan Africa ,1973,4885181.0,4880529.439247408
Senegal,SEN,Sub-Saharan Africa ,1974,5029437.0,5030891.751450352
Senegal,SEN,Sub-Saharan Africa ,1975,5170810.0,5183386.93946759
Senegal,SEN,Sub-Saharan Africa ,1976,5308564.0,5316248.0035910765
Senegal,SEN,Sub-Saharan Africa ,1977,5439549.0,5449987.863278101
Senegal,SEN,Sub-Saharan Africa ,1978,5568096.0,5573765.961059667
Senegal,SEN,Sub-Saharan Africa ,1979,5702895.0,5699680.812828588
Senegal,SEN,Sub-Saharan Africa ,1980,5845638.0,5840957.372091313
Senegal,SEN,Sub-Saharan Africa ,1981,5997160.0,6003107.927862857
Senegal,SEN,Sub-Saharan Africa ,1982,6156961.0,6155753.031732426
Senegal,SEN,Sub-Saharan Africa ,1983,6324504.0,6314674.300541491
Senegal,SEN,Sub-Saharan Africa ,1984,6499364.0,6472960.542301287
Senegal,SEN,Sub-Saharan Africa ,1985,6683287.0,6679044.746703404
Senegal,SEN,Sub-Saharan Africa ,1986,6878192.0,6870435.470238647
Senegal,SEN,Sub-Saharan Africa ,1987,7081530.0,7059887.5094600255
Senegal,SEN,Sub-Saharan Africa ,1988,7289618.0,7273179.821116682
Senegal,SEN,Sub-Saharan Africa ,1989,7502207.0,7491180.395701542
Senegal,SEN,Sub-Saharan Africa ,1990,7720523.0,7713062.222094447
Senegal,SEN,Sub-Saharan Africa ,1991,7943085.0,7940260.232761255
Senegal,SEN,Sub-Saharan Africa ,1992,8168395.0,8168011.178519694
Senegal,SEN,Sub-Saharan Africa ,1993,8396288.0,8408329.517058862
Senegal,SEN,Sub-Saharan Africa ,1994,8624078.0,8630578.7860118
Senegal,SEN,Sub-Saharan Africa ,1995,8848101.0,8858624.63625713
Senegal,SEN,Sub-Saharan Africa ,1996,9067014.0,9077943.324406339
Senegal,SEN,Sub-Saharan Africa ,1997,9283495.0,9291343.179654792
Senegal,SEN,Sub-Saharan Africa ,1998,9502952.0,9505144.628290344
Senegal,SEN,Sub-Saharan Africa ,1999,9730887.0,9755860.753410246
Senegal,SEN,Sub-Saharan Africa ,2000,9968260.0,9984353.306828558
Senegal,SEN,Sub-Saharan Africa ,2001,10212942.0,10222996.766104963
Senegal,SEN,Sub-Saharan Africa ,2002,10466214.0,10469617.735629693
Senegal,SEN,Sub-Saharan Africa ,2003,10721176.0,10725585.933162719
Senegal,SEN,Sub-Saharan Africa ,2004,10975704.0,10979477.464752294
Senegal,SEN,Sub-Saharan Africa ,2005,11235472.0,11241685.26912231
Senegal,SEN,Sub-Saharan Africa ,2006,11500094.0,11506410.8432072
Senegal,SEN,Sub-Saharan Africa ,2007,11770344.0,11770963.339856233
Senegal,SEN,Sub-Saharan Africa ,2008,12048959.0,12046947.651290962
Senegal,SEN,Sub-Saharan Africa ,2009,12337389.0,12338463.12525016
Senegal,SEN,Sub-Saharan Africa ,2010,12635413.0,12633175.601014538
Senegal,SEN,Sub-Saharan Africa ,2011,12958897.0,12935083.14345176
Senegal,SEN,Sub-Saharan Africa ,2012,13310495.0,13290396.129348785
Senegal,SEN,Sub-Saharan Africa ,2013,13710849.0,13671632.48052193
Senegal,SEN,Sub-Saharan Africa ,2014,14152102.0,14123244.874131793
Senegal,SEN,Sub-Saharan Africa ,2015,14593331.0,14607555.739887279
Senegal,SEN,Sub-Saharan Africa ,2016,15034521.0,15048316.475624166
Senegal,SEN,Sub-Saharan Africa ,2017,15475002.0,15449017.642630072
Senegal,SEN,Sub-Saharan Africa ,2018,15914498.0,15911312.121535767
Senegal,SEN,Sub-Saharan Africa ,2019,16352922.0,16365841.14618932
Senegal,SEN,Sub-Saharan Africa ,2020,16789219.0,16866375.516942352
Senegal,SEN,Sub-Saharan Africa ,2021,17220867.0,17237156.432174016
Senegal,SEN,Sub-Saharan Africa ,2022,17651103.0,17666832.518227182
Senegal,SEN,Sub-Saharan Africa ,2023,18077573.0,18153552.038101215
Senegal,SEN,Sub-Saharan Africa ,2024,18501984.0,18576063.634316705
Singapore,SGP,East Asia & Pacific,1970,2074507.0,2092016.1346681656
Singapore,SGP,East Asia & Pacific,1971,2112900.0,2107015.565635756
Singapore,SGP,East Asia & Pacific,1972,2152400.0,2157579.7544500777
Singapore,SGP,East Asia & Pacific,1973,2193000.0,2196266.402036938
Singapore,SGP,East Asia & Pacific,1974,2229800.0,2235954.715332372
Singapore,SGP,East Asia & Pacific,1975,2262600.0,2272859.014754824
Singapore,SGP,East Asia & Pacific,1976,2293300.0,2306045.4027596866
Singapore,SGP,East Asia & Pacific,1977,2325300.0,2324416.5518009616
Singapore,SGP,East Asia & Pacific,1978,2353600.0,2357746.518038401
Singapore,SGP,East Asia & Pacific,1979,2383500.0,2382244.4245762904
Singapore,SGP,East Asia & Pacific,1980,2413945.0,2420553.365078242
Singapore,SGP,East Asia & Pacific,1981,2532835.0,2449960.135748138
Singapore,SGP,East Asia & Pacific,1982,2646466.0,2521012.8381788866
Singapore,SGP,East Asia & Pacific,1983,2681061.0,2767193.01746728
Singapore,SGP,East Asia & Pacific,1984,2732221.0,2736529.3949584537
Singapore,SGP,East Asia & Pacific,1985,2735957.0,2790080.371307496
Singapore,SGP,East Asia & Pacific,1986,2733373.0,2835868.47801609
Singapore,SGP,East Asia & Pacific,1987,2774789.0,2782922.20299232
Singapore,SGP,East Asia & Pacific,1988,2846108.0,2826012.6814051312
Singapore,SGP,East Asia & Pacific,1989,2930901.0,2902758.9206162435
Singapore,SGP,East Asia & Pacific,1990,3047132.0,2968895.6694873204
Singapore,SGP,East Asia & Pacific,1991,3135083.0,3025100.495020748
Singapore,SGP,East Asia & Pacific,1992,3230698.0,3225572.57869716
Singapore,SGP,East Asia & Pacific,1993,3313471.0,3329229.1032932983
Singapore,SGP,East Asia & Pacific,1994,3419048.0,3385249.2543290067
Singapore,SGP,East Asia & Pacific,1995,3524506.0,3487413.665261926
Singapore,SGP,East Asia & Pacific,1996,3670704.0,3623327.383210322
Singapore,SGP,East Asia & Pacific,1997,3796038.0,3761285.306378882
Singapore,SGP,East Asia & Pacific,1998,3927213.0,3895962.067637728
Singapore,SGP,East Asia & Pacific,1999,3958723.0,4056961.1676052934
Singapore,SGP,East Asia & Pacific,2000,4027887.0,4131720.054100756
Singapore,SGP,East Asia & Pacific,2001,4138012.0,4141611.053512222
Singapore,SGP,East Asia & Pacific,2002,4175950.0,4253394.608137195
Singapore,SGP,East Asia & Pacific,2003,4114826.0,4284684.539652408
Singapore,SGP,East Asia & Pacific,2004,4166664.0,4200392.425202195
Singapore,SGP,East Asia & Pacific,2005,4265762.0,4244877.457467193
Singapore,SGP,East Asia & Pacific,2006,4401365.0,4358661.061743075
Singapore,SGP,East Asia & Pacific,2007,4588599.0,4411174.062519716
Singapore,SGP,East Asia & Pacific,2008,4839396.0,4668643.189748608
Singapore,SGP,East Asia & Pacific,2009,4987573.0,5103900.697432036
Singapore,SGP,East Asia & Pacific,2010,5076732.0,5140287.023473818
Singapore,SGP,East Asia & Pacific,2011,5183688.0,5193378.470341875
Singapore,SGP,East Asia & Pacific,2012,5312437.0,5343873.393881346
Singapore,SGP,East Asia & Pacific,2013,5399162.0,5545896.073303663
Singapore,SGP,East Asia & Pacific,2014,5469724.0,5487302.779254419
Singapore,SGP,East Asia & Pacific,2015,5535002.0,5622920.292173172
Singapore,SGP,East Asia & Pacific,2016,5607283.0,5677755.766978496
Singapore,SGP,East Asia & Pacific,2017,5612253.0,5816300.243026963
Singapore,SGP,East Asia & Pacific,2018,5638676.0,5705409.444124647
Singapore,SGP,East Asia & Pacific,2019,5703569.0,5662334.280685749
Singapore,SGP,East Asia & Pacific,2020,5685807.0,5777829.826977158
Singapore,SGP,East Asia & Pacific,2021,5453566.0,5821444.426512632
Singapore,SGP,East Asia & Pacific,2022,5637022.0,5702263.936339428
Singapore,SGP,East Asia & Pacific,2023,5917648.0,5677897.510313611
Singapore,SGP,East Asia & Pacific,2024,6036860.0,5766634.492778196
Solomon Islands,SLB,East Asia & Pacific,1970,176579.0,176743.76741564405
Solomon Islands,SLB,East Asia & Pacific,1971,180637.0,180778.60167650357
Solomon Islands,SLB,East Asia & Pacific,1972,184994.0,184933.24856869018
Solomon Islands,SLB,East Asia & Pacific,1973,189774.0,189463.83008528376
Solomon Islands,SLB,East Asia & Pacific,1974,195041.0,194169.16041928314
Solomon Islands,SLB,East Asia & Pacific,1975,200744.0,200454.18065055364
Solomon Islands,SLB,East Asia & Pacific,1976,207194.0,206613.75574631736
Solomon Islands,SLB,East Asia & Pacific,1977,214418.0,213851.2415391857
Solomon Islands,SLB,East Asia & Pacific,1978,222029.0,221893.8710603663
Solomon Islands,SLB,East Asia & Pacific,1979,229953.0,229910.16072159336
Solomon Islands,SLB,East Asia & Pacific,1980,238135.0,236800.9968532274
Solomon Islands,SLB,East Asia & Pacific,1981,246555.0,245560.43740274274
Solomon Islands,SLB,East Asia & Pacific,1982,255200.0,254551.69353827482
Solomon Islands,SLB,East Asia & Pacific,1983,264068.0,263738.9170182274
Solomon Islands,SLB,East Asia & Pacific,1984,273163.0,272918.38628458476
Solomon Islands,SLB,East Asia & Pacific,1985,282455.0,282866.2277480138
Solomon Islands,SLB,East Asia & Pacific,1986,291842.0,292064.4535905273
Solomon Islands,SLB,East Asia & Pacific,1987,301414.0,301614.4441130327
Solomon Islands,SLB,East Asia & Pacific,1988,311265.0,311417.46959790174
Solomon Islands,SLB,East Asia & Pacific,1989,321282.0,321916.77339738276
Solomon Islands,SLB,East Asia & Pacific,1990,331435.0,332155.3723951591
Solomon Islands,SLB,East Asia & Pacific,1991,341738.0,342510.9262906645
Solomon Islands,SLB,East Asia & Pacific,1992,352205.0,353010.37852685404
Solomon Islands,SLB,East Asia & Pacific,1993,362839.0,363658.09778944775
Solomon Islands,SLB,East Asia & Pacific,1994,373675.0,374466.2672078741
Solomon Islands,SLB,East Asia & Pacific,1995,384733.0,385480.64337744913
Solomon Islands,SLB,East Asia & Pacific,1996,396009.0,396732.0868700025
Solomon Islands,SLB,East Asia & Pacific,1997,407474.0,408205.8946749253
Solomon Islands,SLB,East Asia & Pacific,1998,419071.0,419855.03436622134
Solomon Islands,SLB,East Asia & Pacific,1999,430500.0,431631.4837342287
Solomon Islands,SLB,East Asia & Pacific,2000,440469.0,443197.5152289326
Solomon Islands,SLB,East Asia & Pacific,2001,449125.0,450837.38882636843
Solomon Islands,SLB,East Asia & Pacific,2002,457671.0,457951.1058528018
Solomon Islands,SLB,East Asia & Pacific,2003,466154.0,466379.61421879835
Solomon Islands,SLB,East Asia & Pacific,2004,474611.0,474794.23367160966
Solomon Islands,SLB,East Asia & Pacific,2005,483080.0,485812.544986997
Solomon Islands,SLB,East Asia & Pacific,2006,491594.0,493866.42130902916
Solomon Islands,SLB,East Asia & Pacific,2007,500156.0,501952.7676899946
Solomon Islands,SLB,East Asia & Pacific,2008,508790.0,511807.0930449506
Solomon Islands,SLB,East Asia & Pacific,2009,518141.0,519383.4571492117
Solomon Islands,SLB,East Asia & Pacific,2010,532968.0,527567.5241886639
Solomon Islands,SLB,East Asia & Pacific,2011,552945.0,539217.09068436
Solomon Islands,SLB,East Asia & Pacific,2012,573606.0,573670.7887776663
Solomon Islands,SLB,East Asia & Pacific,2013,594945.0,595039.006193639
Solomon Islands,SLB,East Asia & Pacific,2014,616908.0,617077.8426775592
Solomon Islands,SLB,East Asia & Pacific,2015,639415.0,633899.7099042233
Solomon Islands,SLB,East Asia & Pacific,2016,662379.0,658368.551963594
Solomon Islands,SLB,East Asia & Pacific,2017,685672.0,683379.9459213116
Solomon Islands,SLB,East Asia & Pacific,2018,709101.0,707753.0259419063
Solomon Islands,SLB,East Asia & Pacific,2019,728147.0,735875.9964782335
Solomon Islands,SLB,East Asia & Pacific,2020,744498.0,747704.5636228444
Solomon Islands,SLB,East Asia & Pacific,2021,762591.0,761216.1720805018
Solomon Islands,SLB,East Asia & Pacific,2022,781066.0,781123.7010668226
Solomon Islands,SLB,East Asia & Pacific,2023,800005.0,805048.9286662283
Solomon Islands,SLB,East Asia & Pacific,2024,819198.0,823443.9887152273
Sierra Leone,SLE,Sub-Saharan Africa ,1970,2712286.0,2709020.8585094837
Sierra Leone,SLE,Sub-Saharan Africa ,1971,2763222.0,2761860.115439707
Sierra Leone,SLE,Sub-Saharan Africa ,1972,2814388.0,2814419.465530987
Sierra Leone,SLE,Sub-Saharan Africa ,1973,2866955.0,2867186.5259019723
Sierra Leone,SLE,Sub-Saharan Africa ,1974,2920459.0,2921913.939510007
Sierra Leone,SLE,Sub-Saharan Africa ,1975,2974657.0,2974964.3494735546
Sierra Leone,SLE,Sub-Saharan Africa ,1976,3028820.0,3030709.8326131366
Sierra Leone,SLE,Sub-Saharan Africa ,1977,3085354.0,3085635.175689426
Sierra Leone,SLE,Sub-Saharan Africa ,1978,3145517.0,3143044.328433357
Sierra Leone,SLE,Sub-Saharan Africa ,1979,3207499.0,3202828.272241962
Sierra Leone,SLE,Sub-Saharan Africa ,1980,3272089.0,3270705.509487243
Sierra Leone,SLE,Sub-Saharan Africa ,1981,3338940.0,3337816.5882536215
Sierra Leone,SLE,Sub-Saharan Africa ,1982,3408183.0,3407001.2397390367
Sierra Leone,SLE,Sub-Saharan Africa ,1983,3481646.0,3478367.3850138644
Sierra Leone,SLE,Sub-Saharan Africa ,1984,3558758.0,3550276.1728907325
Sierra Leone,SLE,Sub-Saharan Africa ,1985,3638438.0,3630324.8782831826
Sierra Leone,SLE,Sub-Saharan Africa ,1986,3728380.0,3713302.261692709
Sierra Leone,SLE,Sub-Saharan Africa ,1987,3829718.0,3820545.3612331236
Sierra Leone,SLE,Sub-Saharan Africa ,1988,3934517.0,3933810.3837187407
Sierra Leone,SLE,Sub-Saharan Africa ,1989,4034037.0,4042183.7910044095
Sierra Leone,SLE,Sub-Saharan Africa ,1990,4196828.0,4128972.909185447
Sierra Leone,SLE,Sub-Saharan Africa ,1991,4246267.0,4304842.160910515
Sierra Leone,SLE,Sub-Saharan Africa ,1992,4166366.0,4362186.239324316
Sierra Leone,SLE,Sub-Saharan Africa ,1993,4157130.0,4399850.441464274
Sierra Leone,SLE,Sub-Saharan Africa ,1994,4173105.0,4140526.1729194056
Sierra Leone,SLE,Sub-Saharan Africa ,1995,4179179.0,4237164.195854773
Sierra Leone,SLE,Sub-Saharan Africa ,1996,4199210.0,4232518.242302873
Sierra Leone,SLE,Sub-Saharan Africa ,1997,4253716.0,4242405.096821935
Sierra Leone,SLE,Sub-Saharan Africa ,1998,4295785.0,4280540.9510778645
Sierra Leone,SLE,Sub-Saharan Africa ,1999,4318043.0,4276738.011128681
Sierra Leone,SLE,Sub-Saharan Africa ,2000,4423611.0,4331657.7587977
Sierra Leone,SLE,Sub-Saharan Africa ,2001,4692716.0,4361547.932964347
Sierra Leone,SLE,Sub-Saharan Africa ,2002,4971435.0,4978191.669323557
Sierra Leone,SLE,Sub-Saharan Africa ,2003,5177687.0,5266708.229004081
Sierra Leone,SLE,Sub-Saharan Africa ,2004,5355717.0,5303273.59110068
Sierra Leone,SLE,Sub-Saharan Africa ,2005,5501712.0,5505376.757439986
Sierra Leone,SLE,Sub-Saharan Africa ,2006,5624466.0,5669365.998479692
Sierra Leone,SLE,Sub-Saharan Africa ,2007,5749352.0,5877001.634439989
Sierra Leone,SLE,Sub-Saharan Africa ,2008,5894722.0,6086798.1445941385
Sierra Leone,SLE,Sub-Saharan Africa ,2009,6055646.0,6043767.619821369
Sierra Leone,SLE,Sub-Saharan Africa ,2010,6222714.0,6270673.776232331
Sierra Leone,SLE,Sub-Saharan Africa ,2011,6387251.0,6461230.1488547195
Sierra Leone,SLE,Sub-Saharan Africa ,2012,6551080.0,6571220.739098964
Sierra Leone,SLE,Sub-Saharan Africa ,2013,6714051.0,6716181.323849924
Sierra Leone,SLE,Sub-Saharan Africa ,2014,6876385.0,6884811.9248118205
Sierra Leone,SLE,Sub-Saharan Africa ,2015,7037655.0,7056947.271939316
Sierra Leone,SLE,Sub-Saharan Africa ,2016,7205328.0,7236470.396127289
Sierra Leone,SLE,Sub-Saharan Africa ,2017,7379299.0,7376995.829746045
Sierra Leone,SLE,Sub-Saharan Africa ,2018,7554563.0,7565825.109929136
Sierra Leone,SLE,Sub-Saharan Africa ,2019,7731991.0,7742710.209892633
Sierra Leone,SLE,Sub-Saharan Africa ,2020,7912558.0,7930063.111018529
Sierra Leone,SLE,Sub-Saharan Africa ,2021,8094602.0,8110138.327699435
Sierra Leone,SLE,Sub-Saharan Africa ,2022,8276807.0,8294644.584144266
Sierra Leone,SLE,Sub-Saharan Africa ,2023,8460512.0,8465429.993023688
Sierra Leone,SLE,Sub-Saharan Africa ,2024,8642022.0,8648313.649966586
El Salvador,SLV,Latin America & Caribbean ,1970,3668796.0,3674861.708586515
El Salvador,SLV,Latin America & Caribbean ,1971,3757523.0,3763489.5967577724
El Salvador,SLV,Latin America & Caribbean ,1972,3846830.0,3848395.7942019114
El Salvador,SLV,Latin America & Caribbean ,1973,3938068.0,3938256.7440669904
El Salvador,SLV,Latin America & Caribbean ,1974,4029671.0,4031776.0424034945
El Salvador,SLV,Latin America & Caribbean ,1975,4120449.0,4134292.773637611
El Salvador,SLV,Latin America & Caribbean ,1976,4210310.0,4224659.691274942
El Salvador,SLV,Latin America & Caribbean ,1977,4301256.0,4313598.978005554
El Salvador,SLV,Latin America & Caribbean ,1978,4394114.0,4403608.180527965
El Salvador,SLV,Latin America & Caribbean ,1979,4480388.0,4495823.556511227
El Salvador,SLV,Latin America & Caribbean ,1980,4540382.0,4580985.99021109
El Salvador,SLV,Latin America & Caribbean ,1981,4570599.0,4601179.342279334
El Salvador,SLV,Latin America & Caribbean ,1982,4622477.0,4601017.100128663
El Salvador,SLV,Latin America & Caribbean ,1983,4707367.0,4674943.833173945
El Salvador,SLV,Latin America & Caribbean ,1984,4798003.0,4789376.6773446
El Salvador,SLV,Latin America & Caribbean ,1985,4894706.0,4879847.656347246
El Salvador,SLV,Latin America & Caribbean ,1986,4992769.0,4953275.013849558
El Salvador,SLV,Latin America & Caribbean ,1987,5092441.0,5076153.975859449
El Salvador,SLV,Latin America & Caribbean ,1988,5195833.0,5194102.77914249
El Salvador,SLV,Latin America & Caribbean ,1989,5298979.0,5282068.427657069
El Salvador,SLV,Latin America & Caribbean ,1990,5399726.0,5370646.737472546
El Salvador,SLV,Latin America & Caribbean ,1991,5495077.0,5497590.456261627
El Salvador,SLV,Latin America & Caribbean ,1992,5585609.0,5611675.482800928
El Salvador,SLV,Latin America & Caribbean ,1993,5659957.0,5677652.731629298
El Salvador,SLV,Latin America & Caribbean ,1994,5714129.0,5735294.619755665
El Salvador,SLV,Latin America & Caribbean ,1995,5762131.0,5768819.48617639
El Salvador,SLV,Latin America & Caribbean ,1996,5805286.0,5810536.244640927
El Salvador,SLV,Latin America & Caribbean ,1997,5844578.0,5848764.205911888
El Salvador,SLV,Latin America & Caribbean ,1998,5880781.0,5921486.019829854
El Salvador,SLV,Latin America & Caribbean ,1999,5913900.0,5949246.7451964
El Salvador,SLV,Latin America & Caribbean ,2000,5943366.0,5973971.042531976
El Salvador,SLV,Latin America & Caribbean ,2001,5968060.0,5995381.7099027885
El Salvador,SLV,Latin America & Caribbean ,2002,5986631.0,6014495.8358109845
El Salvador,SLV,Latin America & Caribbean ,2003,5998599.0,6024164.105517526
El Salvador,SLV,Latin America & Caribbean ,2004,6004671.0,6031070.477414129
El Salvador,SLV,Latin America & Caribbean ,2005,6005578.0,6032223.869403445
El Salvador,SLV,Latin America & Caribbean ,2006,6002319.0,6028242.652480202
El Salvador,SLV,Latin America & Caribbean ,2007,6009824.0,6020093.715668037
El Salvador,SLV,Latin America & Caribbean ,2008,6029297.0,6024363.0251239715
El Salvador,SLV,Latin America & Caribbean ,2009,6048279.0,6042198.730689572
El Salvador,SLV,Latin America & Caribbean ,2010,6068249.0,6049850.944344916
El Salvador,SLV,Latin America & Caribbean ,2011,6090127.0,6088284.93621059
El Salvador,SLV,Latin America & Caribbean ,2012,6113975.0,6112083.877196202
El Salvador,SLV,Latin America & Caribbean ,2013,6138839.0,6126874.930461602
El Salvador,SLV,Latin America & Caribbean ,2014,6162955.0,6153884.973417541
El Salvador,SLV,Latin America & Caribbean ,2015,6183676.0,6170628.998052462
El Salvador,SLV,Latin America & Caribbean ,2016,6200800.0,6201175.177662737
El Salvador,SLV,Latin America & Caribbean ,2017,6213533.0,6225733.53390003
El Salvador,SLV,Latin America & Caribbean ,2018,6219807.0,6226340.518333772
El Salvador,SLV,Latin America & Caribbean ,2019,6222318.0,6226162.458098398
El Salvador,SLV,Latin America & Caribbean ,2020,6234673.0,6224830.01378836
El Salvador,SLV,Latin America & Caribbean ,2021,6255782.0,6250961.096375412
El Salvador,SLV,Latin America & Caribbean ,2022,6280319.0,6271697.524789569
El Salvador,SLV,Latin America & Caribbean ,2023,6309624.0,6286576.793745788
El Salvador,SLV,Latin America & Caribbean ,2024,6338193.0,6339065.741783949
San Marino,SMR,Europe & Central Asia,1970,18168.0,18192.726534368037
San Marino,SMR,Europe & Central Asia,1971,18419.0,18452.23862687965
San Marino,SMR,Europe & Central Asia,1972,18787.0,18685.781567053265
San Marino,SMR,Europe & Central Asia,1973,18992.0,18965.116097592152
San Marino,SMR,Europe & Central Asia,1974,19030.0,19154.113271820148
San Marino,SMR,Europe & Central Asia,1975,19046.0,19306.866865461358
San Marino,SMR,Europe & Central Asia,1976,19110.0,19062.013450915772
San Marino,SMR,Europe & Central Asia,1977,20017.0,19174.21505579387
San Marino,SMR,Europe & Central Asia,1978,21026.0,19880.498030814168
San Marino,SMR,Europe & Central Asia,1979,21320.0,22085.8608296889
San Marino,SMR,Europe & Central Asia,1980,21585.0,21702.37326047798
San Marino,SMR,Europe & Central Asia,1981,21840.0,21968.784572420962
San Marino,SMR,Europe & Central Asia,1982,22055.0,22208.495637488144
San Marino,SMR,Europe & Central Asia,1983,22229.0,22743.19392541835
San Marino,SMR,Europe & Central Asia,1984,22346.0,22616.104782431637
San Marino,SMR,Europe & Central Asia,1985,22485.0,22746.28447812833
San Marino,SMR,Europe & Central Asia,1986,22636.0,23330.69981957928
San Marino,SMR,Europe & Central Asia,1987,22686.0,23169.09811532697
San Marino,SMR,Europe & Central Asia,1988,22843.0,22878.35173981186
San Marino,SMR,Europe & Central Asia,1989,23154.0,23018.846532679618
San Marino,SMR,Europe & Central Asia,1990,23475.0,23253.809177191248
San Marino,SMR,Europe & Central Asia,1991,23797.0,23800.450248266447
San Marino,SMR,Europe & Central Asia,1992,24125.0,24123.416784057154
San Marino,SMR,Europe & Central Asia,1993,24472.0,24345.406505261035
San Marino,SMR,Europe & Central Asia,1994,24823.0,24720.370851942003
San Marino,SMR,Europe & Central Asia,1995,25158.0,25097.343337494374
San Marino,SMR,Europe & Central Asia,1996,25482.0,25388.357183204876
San Marino,SMR,Europe & Central Asia,1997,25800.0,25815.78034464805
San Marino,SMR,Europe & Central Asia,1998,26125.0,26122.043472062323
San Marino,SMR,Europe & Central Asia,1999,26459.0,26453.99658958069
San Marino,SMR,Europe & Central Asia,2000,26799.0,26796.877421580157
San Marino,SMR,Europe & Central Asia,2001,27143.0,27155.16509930017
San Marino,SMR,Europe & Central Asia,2002,27491.0,27500.856696157596
San Marino,SMR,Europe & Central Asia,2003,27843.0,27852.51541509493
San Marino,SMR,Europe & Central Asia,2004,29457.0,28198.069367264463
San Marino,SMR,Europe & Central Asia,2005,29836.0,29058.59208771016
San Marino,SMR,Europe & Central Asia,2006,30184.0,29864.035328593614
San Marino,SMR,Europe & Central Asia,2007,31211.0,30590.12075674671
San Marino,SMR,Europe & Central Asia,2008,31662.0,31503.65944027545
San Marino,SMR,Europe & Central Asia,2009,33066.0,32327.23461720159
San Marino,SMR,Europe & Central Asia,2010,33270.0,33436.514130157186
San Marino,SMR,Europe & Central Asia,2011,32620.0,34274.21997721974
San Marino,SMR,Europe & Central Asia,2012,33469.0,34474.87162812609
San Marino,SMR,Europe & Central Asia,2013,33041.0,34725.79866702044
San Marino,SMR,Europe & Central Asia,2014,32655.0,34462.1596795995
San Marino,SMR,Europe & Central Asia,2015,32897.0,33007.35827600296
San Marino,SMR,Europe & Central Asia,2016,33101.0,33850.41164609612
San Marino,SMR,Europe & Central Asia,2017,33825.0,33507.87545981024
San Marino,SMR,Europe & Central Asia,2018,34522.0,33549.9066010106
San Marino,SMR,Europe & Central Asia,2019,34663.0,33815.77886260527
San Marino,SMR,Europe & Central Asia,2020,34770.0,34337.92173335723
San Marino,SMR,Europe & Central Asia,2021,34252.0,35017.472257891764
San Marino,SMR,Europe & Central Asia,2022,33755.0,34888.390491853315
San Marino,SMR,Europe & Central Asia,2023,33860.0,33251.29310658751
San Marino,SMR,Europe & Central Asia,2024,33977.0,33996.60321113609
"Somalia, Fed. Rep.",SOM,Sub-Saharan Africa ,1970,3738448.0,3737619.791718823
"Somalia, Fed. Rep.",SOM,Sub-Saharan Africa ,1971,3837691.0,3837171.7726700185
"Somalia, Fed. Rep.",SOM,Sub-Saharan Africa ,1972,3939436.0,3939621.956431591
"Somalia, Fed. Rep.",SOM,Sub-Saharan Africa ,1973,4045592.0,4044536.8343214616
"Somalia, Fed. Rep.",SOM,Sub-Saharan Africa ,1974,4151842.0,4152711.1984003107
"Somalia, Fed. Rep.",SOM,Sub-Saharan Africa ,1975,4257535.0,4263008.231288397
"Somalia, Fed. Rep.",SOM,Sub-Saharan Africa ,1976,4365812.0,4374299.913838629
"Somalia, Fed. Rep.",SOM,Sub-Saharan Africa ,1977,4484050.0,4476879.702471151
"Somalia, Fed. Rep.",SOM,Sub-Saharan Africa ,1978,4814892.0,4602422.903341906
"Somalia, Fed. Rep.",SOM,Sub-Saharan Africa ,1979,5449117.0,4809817.804148144
"Somalia, Fed. Rep.",SOM,Sub-Saharan Africa ,1980,5936154.0,6166883.084730683
"Somalia, Fed. Rep.",SOM,Sub-Saharan Africa ,1981,5982849.0,6466721.929328877
"Somalia, Fed. Rep.",SOM,Sub-Saharan Africa ,1982,6003840.0,6267174.83049604
"Somalia, Fed. Rep.",SOM,Sub-Saharan Africa ,1983,6198430.0,6494648.192511456
"Somalia, Fed. Rep.",SOM,Sub-Saharan Africa ,1984,6428389.0,6480665.032972389
"Somalia, Fed. Rep.",SOM,Sub-Saharan Africa ,1985,6693289.0,6729530.764149912
"Somalia, Fed. Rep.",SOM,Sub-Saharan Africa ,1986,6974788.0,7018737.0286620585
"Somalia, Fed. Rep.",SOM,Sub-Saharan Africa ,1987,7228302.0,7325695.362431602
"Somalia, Fed. Rep.",SOM,Sub-Saharan Africa ,1988,7235360.0,7548422.731629429
"Somalia, Fed. Rep.",SOM,Sub-Saharan Africa ,1989,7114817.0,7560862.621904903
"Somalia, Fed. Rep.",SOM,Sub-Saharan Africa ,1990,7082811.0,6996282.280013952
"Somalia, Fed. Rep.",SOM,Sub-Saharan Africa ,1991,6813760.0,7050948.973229582
"Somalia, Fed. Rep.",SOM,Sub-Saharan Africa ,1992,6495107.0,6554929.309439766
"Somalia, Fed. Rep.",SOM,Sub-Saharan Africa ,1993,6681399.0,6191356.158307418
"Somalia, Fed. Rep.",SOM,Sub-Saharan Africa ,1994,7026797.0,6710119.421871011
"Somalia, Fed. Rep.",SOM,Sub-Saharan Africa ,1995,7285007.0,6797226.566241552
"Somalia, Fed. Rep.",SOM,Sub-Saharan Africa ,1996,7554474.0,7320316.490147879
"Somalia, Fed. Rep.",SOM,Sub-Saharan Africa ,1997,7824525.0,7833908.382504531
"Somalia, Fed. Rep.",SOM,Sub-Saharan Africa ,1998,8155417.0,7892880.296841578
"Somalia, Fed. Rep.",SOM,Sub-Saharan Africa ,1999,8492059.0,8280049.859860382
"Somalia, Fed. Rep.",SOM,Sub-Saharan Africa ,2000,8838713.0,8422146.522511745
"Somalia, Fed. Rep.",SOM,Sub-Saharan Africa ,2001,9198493.0,9006261.322089018
"Somalia, Fed. Rep.",SOM,Sub-Saharan Africa ,2002,9550063.0,9543189.646180134
"Somalia, Fed. Rep.",SOM,Sub-Saharan Africa ,2003,9909157.0,9934214.8680951
"Somalia, Fed. Rep.",SOM,Sub-Saharan Africa ,2004,10280998.0,10306190.35622003
"Somalia, Fed. Rep.",SOM,Sub-Saharan Africa ,2005,10644228.0,10712213.427803075
"Somalia, Fed. Rep.",SOM,Sub-Saharan Africa ,2006,10975502.0,11057765.786093507
"Somalia, Fed. Rep.",SOM,Sub-Saharan Africa ,2007,11322582.0,11317086.046083752
"Somalia, Fed. Rep.",SOM,Sub-Saharan Africa ,2008,11663084.0,11742991.003608558
"Somalia, Fed. Rep.",SOM,Sub-Saharan Africa ,2009,11961201.0,12081602.88937829
"Somalia, Fed. Rep.",SOM,Sub-Saharan Africa ,2010,12261756.0,12370099.786372526
"Somalia, Fed. Rep.",SOM,Sub-Saharan Africa ,2011,12348830.0,12659697.610987699
"Somalia, Fed. Rep.",SOM,Sub-Saharan Africa ,2012,12461160.0,12444763.600760147
"Somalia, Fed. Rep.",SOM,Sub-Saharan Africa ,2013,12869594.0,12567408.905590229
"Somalia, Fed. Rep.",SOM,Sub-Saharan Africa ,2014,13339491.0,13194758.953079047
"Somalia, Fed. Rep.",SOM,Sub-Saharan Africa ,2015,13806963.0,13582243.102051044
"Somalia, Fed. Rep.",SOM,Sub-Saharan Africa ,2016,14348740.0,14163579.623592693
"Somalia, Fed. Rep.",SOM,Sub-Saharan Africa ,2017,14916629.0,14911776.003602102
"Somalia, Fed. Rep.",SOM,Sub-Saharan Africa ,2018,15452487.0,15506993.696576575
"Somalia, Fed. Rep.",SOM,Sub-Saharan Africa ,2019,16030971.0,15898515.079171633
"Somalia, Fed. Rep.",SOM,Sub-Saharan Africa ,2020,16651191.0,16344793.701573985
"Somalia, Fed. Rep.",SOM,Sub-Saharan Africa ,2021,17271431.0,17135759.71196887
"Somalia, Fed. Rep.",SOM,Sub-Saharan Africa ,2022,17801897.0,17895772.572963204
"Somalia, Fed. Rep.",SOM,Sub-Saharan Africa ,2023,18358615.0,18542958.806910522
"Somalia, Fed. Rep.",SOM,Sub-Saharan Africa ,2024,19009151.0,18932743.217102356
Serbia,SRB,Europe & Central Asia,1970,7164993.0,7135610.18087888
Serbia,SRB,Europe & Central Asia,1971,7211716.0,7199387.666869141
Serbia,SRB,Europe & Central Asia,1972,7252012.0,7260269.497628471
Serbia,SRB,Europe & Central Asia,1973,7283902.0,7315775.435996032
Serbia,SRB,Europe & Central Asia,1974,7326043.0,7363202.54458634
Serbia,SRB,Europe & Central Asia,1975,7368717.0,7405947.208331853
Serbia,SRB,Europe & Central Asia,1976,7418973.0,7444310.26003299
Serbia,SRB,Europe & Central Asia,1977,7462783.0,7483582.3891104655
Serbia,SRB,Europe & Central Asia,1978,7504017.0,7517582.077815347
Serbia,SRB,Europe & Central Asia,1979,7541997.0,7545611.031961658
Serbia,SRB,Europe & Central Asia,1980,7709544.0,7587513.287779642
Serbia,SRB,Europe & Central Asia,1981,7736787.0,7679827.101428136
Serbia,SRB,Europe & Central Asia,1982,7763335.0,7759640.268972139
Serbia,SRB,Europe & Central Asia,1983,7788100.0,7825625.661685753
Serbia,SRB,Europe & Central Asia,1984,7813549.0,7876129.32600353
Serbia,SRB,Europe & Central Asia,1985,7835902.0,7913752.134618222
Serbia,SRB,Europe & Central Asia,1986,7853824.0,7939256.475516116
Serbia,SRB,Europe & Central Asia,1987,7868027.0,7899403.031493038
Serbia,SRB,Europe & Central Asia,1988,7884218.0,7956242.360455444
Serbia,SRB,Europe & Central Asia,1989,7893787.0,7948922.592454052
Serbia,SRB,Europe & Central Asia,1990,7897937.0,7914586.448509204
Serbia,SRB,Europe & Central Asia,1991,7595636.0,7916121.226021565
Serbia,SRB,Europe & Central Asia,1992,7604063.0,7811892.343266561
Serbia,SRB,Europe & Central Asia,1993,7614328.0,7710613.913226291
Serbia,SRB,Europe & Central Asia,1994,7622711.0,7631765.373017407
Serbia,SRB,Europe & Central Asia,1995,7628264.0,7575001.500840282
Serbia,SRB,Europe & Central Asia,1996,7622185.0,7538976.618939242
Serbia,SRB,Europe & Central Asia,1997,7598538.0,7518733.3605076065
Serbia,SRB,Europe & Central Asia,1998,7567745.0,7507828.042323714
Serbia,SRB,Europe & Central Asia,1999,7540401.0,7506319.019367627
Serbia,SRB,Europe & Central Asia,2000,7516346.0,7516857.331969922
Serbia,SRB,Europe & Central Asia,2001,7503433.0,7507579.379075271
Serbia,SRB,Europe & Central Asia,2002,7500031.0,7492331.686966929
Serbia,SRB,Europe & Central Asia,2003,7480591.0,7481691.323848739
Serbia,SRB,Europe & Central Asia,2004,7463157.0,7457010.772352922
Serbia,SRB,Europe & Central Asia,2005,7440769.0,7445027.369728628
Serbia,SRB,Europe & Central Asia,2006,7411569.0,7420895.26994132
Serbia,SRB,Europe & Central Asia,2007,7381579.0,7400495.3885760605
Serbia,SRB,Europe & Central Asia,2008,7350222.0,7361231.955841003
Serbia,SRB,Europe & Central Asia,2009,7320807.0,7319125.59195806
Serbia,SRB,Europe & Central Asia,2010,7291436.0,7299396.937712982
Serbia,SRB,Europe & Central Asia,2011,7236519.0,7269183.314207378
Serbia,SRB,Europe & Central Asia,2012,7201497.0,7231694.959850541
Serbia,SRB,Europe & Central Asia,2013,7166553.0,7171255.628988117
Serbia,SRB,Europe & Central Asia,2014,7131787.0,7134594.044081795
Serbia,SRB,Europe & Central Asia,2015,7095383.0,7102732.531788959
Serbia,SRB,Europe & Central Asia,2016,7058322.0,7063066.5729005635
Serbia,SRB,Europe & Central Asia,2017,7020858.0,7023797.7943734415
Serbia,SRB,Europe & Central Asia,2018,6982604.0,6985066.311193119
Serbia,SRB,Europe & Central Asia,2019,6945235.0,6946684.000900196
Serbia,SRB,Europe & Central Asia,2020,6899126.0,6909927.694787593
Serbia,SRB,Europe & Central Asia,2021,6834326.0,6862672.579954912
Serbia,SRB,Europe & Central Asia,2022,6664449.0,6770134.634324797
Serbia,SRB,Europe & Central Asia,2023,6623183.0,6498794.541408047
Serbia,SRB,Europe & Central Asia,2024,6586476.0,6568966.532469124
South Sudan,SSD,Sub-Saharan Africa ,1970,3409614.0,3410120.996802317
South Sudan,SSD,Sub-Saharan Africa ,1971,3468646.0,3454272.363114399
South Sudan,SSD,Sub-Saharan Africa ,1972,3542497.0,3521845.9793238426
South Sudan,SSD,Sub-Saharan Africa ,1973,3627383.0,3580685.109702441
South Sudan,SSD,Sub-Saharan Africa ,1974,3723259.0,3714303.0545735518
South Sudan,SSD,Sub-Saharan Africa ,1975,3821494.0,3821669.11520735
South Sudan,SSD,Sub-Saharan Africa ,1976,3921910.0,3922320.8464922686
South Sudan,SSD,Sub-Saharan Africa ,1977,4024032.0,4000894.521139593
South Sudan,SSD,Sub-Saharan Africa ,1978,4127657.0,4110736.0607736195
South Sudan,SSD,Sub-Saharan Africa ,1979,4232605.0,4202596.279398399
South Sudan,SSD,Sub-Saharan Africa ,1980,4339030.0,4328463.292232688
South Sudan,SSD,Sub-Saharan Africa ,1981,4447272.0,4449556.267078699
South Sudan,SSD,Sub-Saharan Africa ,1982,4557686.0,4566568.115193879
South Sudan,SSD,Sub-Saharan Africa ,1983,4661574.0,4674800.079685205
South Sudan,SSD,Sub-Saharan Africa ,1984,4750627.0,4779513.3518851325
South Sudan,SSD,Sub-Saharan Africa ,1985,4834296.0,4841381.236489635
South Sudan,SSD,Sub-Saharan Africa ,1986,4921240.0,4919438.595344837
South Sudan,SSD,Sub-Saharan Africa ,1987,4962395.0,5009747.67301695
South Sudan,SSD,Sub-Saharan Africa ,1988,4848029.0,5003894.170293265
South Sudan,SSD,Sub-Saharan Africa ,1989,4713229.0,4736298.745819902
South Sudan,SSD,Sub-Saharan Africa ,1990,4737633.0,4582177.128233947
South Sudan,SSD,Sub-Saharan Africa ,1991,4836677.0,4771043.556009609
South Sudan,SSD,Sub-Saharan Africa ,1992,4909749.0,4868711.479685424
South Sudan,SSD,Sub-Saharan Africa ,1993,4956002.0,4938126.383886816
South Sudan,SSD,Sub-Saharan Africa ,1994,5071184.0,4979362.5944042085
South Sudan,SSD,Sub-Saharan Africa ,1995,5225836.0,5098212.121809414
South Sudan,SSD,Sub-Saharan Africa ,1996,5356925.0,5260823.3953549815
South Sudan,SSD,Sub-Saharan Africa ,1997,5509136.0,5402653.802879259
South Sudan,SSD,Sub-Saharan Africa ,1998,5620068.0,5479716.038115252
South Sudan,SSD,Sub-Saharan Africa ,1999,5771628.0,5731037.680767614
South Sudan,SSD,Sub-Saharan Africa ,2000,6032267.0,5899628.344106413
South Sudan,SSD,Sub-Saharan Africa ,2001,6308391.0,6078191.804567405
South Sudan,SSD,Sub-Saharan Africa ,2002,6596806.0,6347281.411489372
South Sudan,SSD,Sub-Saharan Africa ,2003,6903127.0,6898411.735159506
South Sudan,SSD,Sub-Saharan Africa ,2004,7233041.0,7223671.9370911345
South Sudan,SSD,Sub-Saharan Africa ,2005,7590143.0,7499044.775297
South Sudan,SSD,Sub-Saharan Africa ,2006,7976526.0,7889779.924753948
South Sudan,SSD,Sub-Saharan Africa ,2007,8388788.0,8217434.34762483
South Sudan,SSD,Sub-Saharan Africa ,2008,8817647.0,8703252.973210935
South Sudan,SSD,Sub-Saharan Africa ,2009,9243556.0,9242796.51332291
South Sudan,SSD,Sub-Saharan Africa ,2010,9745953.0,9692464.297762224
South Sudan,SSD,Sub-Saharan Africa ,2011,10288109.0,10187617.707715893
South Sudan,SSD,Sub-Saharan Africa ,2012,10756240.0,10750416.492787637
South Sudan,SSD,Sub-Saharan Africa ,2013,11166275.0,11311597.996910958
South Sudan,SSD,Sub-Saharan Africa ,2014,11235073.0,11836279.096064769
South Sudan,SSD,Sub-Saharan Africa ,2015,11107561.0,11304294.894980714
South Sudan,SSD,Sub-Saharan Africa ,2016,10830102.0,10981496.195713604
South Sudan,SSD,Sub-Saharan Africa ,2017,10259154.0,10559573.732929114
South Sudan,SSD,Sub-Saharan Africa ,2018,10122977.0,9718305.59949881
South Sudan,SSD,Sub-Saharan Africa ,2019,10423384.0,10225717.868845776
South Sudan,SSD,Sub-Saharan Africa ,2020,10698467.0,10501526.140565252
South Sudan,SSD,Sub-Saharan Africa ,2021,10865780.0,10450765.724513622
South Sudan,SSD,Sub-Saharan Africa ,2022,11021177.0,10878019.721781153
South Sudan,SSD,Sub-Saharan Africa ,2023,11483374.0,11178796.409776758
South Sudan,SSD,Sub-Saharan Africa ,2024,11943408.0,11511299.441039767
Sao Tome and Principe,STP,Sub-Saharan Africa ,1970,77626.0,77424.2344507659
Sao Tome and Principe,STP,Sub-Saharan Africa ,1971,79330.0,79200.29277832099
Sao Tome and Principe,STP,Sub-Saharan Africa ,1972,81041.0,81071.40519650254
Sao Tome and Principe,STP,Sub-Saharan Africa ,1973,82798.0,82355.96501547976
Sao Tome and Principe,STP,Sub-Saharan Africa ,1974,84672.0,84242.18625632569
Sao Tome and Principe,STP,Sub-Saharan Africa ,1975,86708.0,86253.73387205934
Sao Tome and Principe,STP,Sub-Saharan Africa ,1976,88922.0,88439.0533996213
Sao Tome and Principe,STP,Sub-Saharan Africa ,1977,91301.0,90810.66799393845
Sao Tome and Principe,STP,Sub-Saharan Africa ,1978,93794.0,93350.58521498487
Sao Tome and Principe,STP,Sub-Saharan Africa ,1979,96252.0,96354.10976600401
Sao Tome and Principe,STP,Sub-Saharan Africa ,1980,98544.0,98579.87087005084
Sao Tome and Principe,STP,Sub-Saharan Africa ,1981,100615.0,100948.0842854868
Sao Tome and Principe,STP,Sub-Saharan Africa ,1982,102508.0,103345.05845531264
Sao Tome and Principe,STP,Sub-Saharan Africa ,1983,104380.0,104436.61546077409
Sao Tome and Principe,STP,Sub-Saharan Africa ,1984,106394.0,106286.07823904105
Sao Tome and Principe,STP,Sub-Saharan Africa ,1985,108658.0,108446.85989074073
Sao Tome and Principe,STP,Sub-Saharan Africa ,1986,111150.0,111104.65365159695
Sao Tome and Principe,STP,Sub-Saharan Africa ,1987,113919.0,113606.23206045522
Sao Tome and Principe,STP,Sub-Saharan Africa ,1988,116939.0,115969.96106118716
Sao Tome and Principe,STP,Sub-Saharan Africa ,1989,119979.0,120039.0603888852
Sao Tome and Principe,STP,Sub-Saharan Africa ,1990,122980.0,123098.02924307676
Sao Tome and Principe,STP,Sub-Saharan Africa ,1991,125697.0,125753.68735359554
Sao Tome and Principe,STP,Sub-Saharan Africa ,1992,128110.0,128577.56132110301
Sao Tome and Principe,STP,Sub-Saharan Africa ,1993,130467.0,131508.02940191072
Sao Tome and Principe,STP,Sub-Saharan Africa ,1994,132732.0,132867.36467783042
Sao Tome and Principe,STP,Sub-Saharan Africa ,1995,134895.0,135036.3220170382
Sao Tome and Principe,STP,Sub-Saharan Africa ,1996,136962.0,137098.99898179944
Sao Tome and Principe,STP,Sub-Saharan Africa ,1997,138922.0,139794.28307014168
Sao Tome and Principe,STP,Sub-Saharan Africa ,1998,140751.0,141606.5786309386
Sao Tome and Principe,STP,Sub-Saharan Africa ,1999,142442.0,143270.43496141868
Sao Tome and Principe,STP,Sub-Saharan Africa ,2000,144018.0,144786.46780762888
Sao Tome and Principe,STP,Sub-Saharan Africa ,2001,146375.0,146211.70994501852
Sao Tome and Principe,STP,Sub-Saharan Africa ,2002,149922.0,148558.77655396165
Sao Tome and Principe,STP,Sub-Saharan Africa ,2003,153814.0,151224.89849297644
Sao Tome and Principe,STP,Sub-Saharan Africa ,2004,157705.0,157807.03697212777
Sao Tome and Principe,STP,Sub-Saharan Africa ,2005,161639.0,161694.4298070642
Sao Tome and Principe,STP,Sub-Saharan Africa ,2006,165638.0,165671.13484764972
Sao Tome and Principe,STP,Sub-Saharan Africa ,2007,169700.0,168906.99669949658
Sao Tome and Principe,STP,Sub-Saharan Africa ,2008,173793.0,173263.6409762267
Sao Tome and Principe,STP,Sub-Saharan Africa ,2009,177853.0,177287.70004539506
Sao Tome and Principe,STP,Sub-Saharan Africa ,2010,181802.0,182241.63955418376
Sao Tome and Principe,STP,Sub-Saharan Africa ,2011,185649.0,185841.1605942916
Sao Tome and Principe,STP,Sub-Saharan Africa ,2012,189439.0,189577.40399991313
Sao Tome and Principe,STP,Sub-Saharan Africa ,2013,193148.0,193306.37235657396
Sao Tome and Principe,STP,Sub-Saharan Africa ,2014,196767.0,196929.61800347813
Sao Tome and Principe,STP,Sub-Saharan Africa ,2015,200291.0,201113.3407830751
Sao Tome and Principe,STP,Sub-Saharan Africa ,2016,203689.0,204562.96335717317
Sao Tome and Principe,STP,Sub-Saharan Africa ,2017,206970.0,207863.05778991207
Sao Tome and Principe,STP,Sub-Saharan Africa ,2018,210187.0,211027.12424494393
Sao Tome and Principe,STP,Sub-Saharan Africa ,2019,213392.0,214127.74098083866
Sao Tome and Principe,STP,Sub-Saharan Africa ,2020,217435.0,217227.4518772852
Sao Tome and Principe,STP,Sub-Saharan Africa ,2021,221961.0,221285.55192589242
Sao Tome and Principe,STP,Sub-Saharan Africa ,2022,226305.0,225301.49292528705
Sao Tome and Principe,STP,Sub-Saharan Africa ,2023,230871.0,230734.01646771724
Sao Tome and Principe,STP,Sub-Saharan Africa ,2024,235536.0,235529.1250242681
Suriname,SUR,Latin America & Caribbean ,1970,379442.0,379621.93707271153
Suriname,SUR,Latin America & Caribbean ,1971,391932.0,393612.9036714569
Suriname,SUR,Latin America & Caribbean ,1972,397413.0,407818.5987531617
Suriname,SUR,Latin America & Caribbean ,1973,395772.0,417035.80658138887
Suriname,SUR,Latin America & Caribbean ,1974,393676.0,394137.77623540035
Suriname,SUR,Latin America & Caribbean ,1975,391170.0,391591.10028626164
Suriname,SUR,Latin America & Caribbean ,1976,388289.0,388679.9523077012
Suriname,SUR,Latin America & Caribbean ,1977,385067.0,393717.60124478355
Suriname,SUR,Latin America & Caribbean ,1978,381502.0,388607.93549885607
Suriname,SUR,Latin America & Caribbean ,1979,377602.0,383159.2067914183
Suriname,SUR,Latin America & Caribbean ,1980,375377.0,382302.6900875581
Suriname,SUR,Latin America & Caribbean ,1981,375459.0,374960.1190509347
Suriname,SUR,Latin America & Caribbean ,1982,376555.0,371232.53145065054
Suriname,SUR,Latin America & Caribbean ,1983,378746.0,377654.19931565534
Suriname,SUR,Latin America & Caribbean ,1984,382193.0,380949.74838536663
Suriname,SUR,Latin America & Caribbean ,1985,386972.0,385671.3714046027
Suriname,SUR,Latin America & Caribbean ,1986,392330.0,391810.75731039786
Suriname,SUR,Latin America & Caribbean ,1987,396911.0,393145.41184397915
Suriname,SUR,Latin America & Caribbean ,1988,402227.0,398661.08083375666
Suriname,SUR,Latin America & Caribbean ,1989,408409.0,405060.38080447004
Suriname,SUR,Latin America & Caribbean ,1990,412493.0,412254.154262203
Suriname,SUR,Latin America & Caribbean ,1991,415013.0,415806.0797705727
Suriname,SUR,Latin America & Caribbean ,1992,417589.0,421232.303934624
Suriname,SUR,Latin America & Caribbean ,1993,419352.0,420180.98929482355
Suriname,SUR,Latin America & Caribbean ,1994,422375.0,421122.44316727755
Suriname,SUR,Latin America & Caribbean ,1995,429606.0,426503.4003613301
Suriname,SUR,Latin America & Caribbean ,1996,438830.0,433960.64379015524
Suriname,SUR,Latin America & Caribbean ,1997,448067.0,448252.04697176296
Suriname,SUR,Latin America & Caribbean ,1998,457406.0,457498.43106778635
Suriname,SUR,Latin America & Caribbean ,1999,466916.0,466939.65151774744
Suriname,SUR,Latin America & Caribbean ,2000,476643.0,473389.9123543876
Suriname,SUR,Latin America & Caribbean ,2001,486560.0,484032.4762236586
Suriname,SUR,Latin America & Caribbean ,2002,496551.0,492297.22085553146
Suriname,SUR,Latin America & Caribbean ,2003,506414.0,505189.8647286503
Suriname,SUR,Latin America & Caribbean ,2004,513923.0,517068.92468079115
Suriname,SUR,Latin America & Caribbean ,2005,519313.0,526716.4760983953
Suriname,SUR,Latin America & Caribbean ,2006,524997.0,524759.5301256742
Suriname,SUR,Latin America & Caribbean ,2007,531016.0,530743.2126402075
Suriname,SUR,Latin America & Caribbean ,2008,537245.0,537104.0067875114
Suriname,SUR,Latin America & Caribbean ,2009,543568.0,545685.9623870945
Suriname,SUR,Latin America & Caribbean ,2010,549923.0,551561.5107989254
Suriname,SUR,Latin America & Caribbean ,2011,556269.0,559061.4395267187
Suriname,SUR,Latin America & Caribbean ,2012,562633.0,563836.4792028441
Suriname,SUR,Latin America & Caribbean ,2013,569020.0,569242.0519777033
Suriname,SUR,Latin America & Caribbean ,2014,575373.0,575520.0662555436
Suriname,SUR,Latin America & Caribbean ,2015,581627.0,582213.915472595
Suriname,SUR,Latin America & Caribbean ,2016,587757.0,587951.0236456905
Suriname,SUR,Latin America & Caribbean ,2017,593713.0,594035.0316566775
Suriname,SUR,Latin America & Caribbean ,2018,599513.0,599871.6488594273
Suriname,SUR,Latin America & Caribbean ,2019,605768.0,605492.2396033847
Suriname,SUR,Latin America & Caribbean ,2020,612317.0,612314.0257493672
Suriname,SUR,Latin America & Caribbean ,2021,617896.0,618882.6696861014
Suriname,SUR,Latin America & Caribbean ,2022,623164.0,625025.4747158804
Suriname,SUR,Latin America & Caribbean ,2023,628886.0,630595.3597486024
Suriname,SUR,Latin America & Caribbean ,2024,634431.0,635133.3050412111
Slovak Republic,SVK,Europe & Central Asia,1970,4538223.0,4593856.425012721
Slovak Republic,SVK,Europe & Central Asia,1971,4557449.0,4557924.156897982
Slovak Republic,SVK,Europe & Central Asia,1972,4596622.0,4576756.449970196
Slovak Republic,SVK,Europe & Central Asia,1973,4641445.0,4632950.87305597
Slovak Republic,SVK,Europe & Central Asia,1974,4689623.0,4673679.828232377
Slovak Republic,SVK,Europe & Central Asia,1975,4739105.0,4710217.793073186
Slovak Republic,SVK,Europe & Central Asia,1976,4789507.0,4789109.10345309
Slovak Republic,SVK,Europe & Central Asia,1977,4840501.0,4840445.042475696
Slovak Republic,SVK,Europe & Central Asia,1978,4890125.0,4881836.071904916
Slovak Republic,SVK,Europe & Central Asia,1979,4938973.0,4933220.7803516155
Slovak Republic,SVK,Europe & Central Asia,1980,4979815.0,4981850.485913602
Slovak Republic,SVK,Europe & Central Asia,1981,5016105.0,5036548.271922824
Slovak Republic,SVK,Europe & Central Asia,1982,5055099.0,5052659.460538599
Slovak Republic,SVK,Europe & Central Asia,1983,5091971.0,5094396.129841492
Slovak Republic,SVK,Europe & Central Asia,1984,5127097.0,5130266.5673812805
Slovak Republic,SVK,Europe & Central Asia,1985,5161768.0,5172169.343029545
Slovak Republic,SVK,Europe & Central Asia,1986,5193838.0,5204914.529193072
Slovak Republic,SVK,Europe & Central Asia,1987,5222840.0,5234695.866473482
Slovak Republic,SVK,Europe & Central Asia,1988,5250596.0,5272899.382214137
Slovak Republic,SVK,Europe & Central Asia,1989,5275942.0,5286452.320554417
Slovak Republic,SVK,Europe & Central Asia,1990,5299187.0,5302754.24475256
Slovak Republic,SVK,Europe & Central Asia,1991,5303294.0,5331655.2386028925
Slovak Republic,SVK,Europe & Central Asia,1992,5305016.0,5307404.18385187
Slovak Republic,SVK,Europe & Central Asia,1993,5325305.0,5306738.55896042
Slovak Republic,SVK,Europe & Central Asia,1994,5346331.0,5347800.494267257
Slovak Republic,SVK,Europe & Central Asia,1995,5361999.0,5367237.797196994
Slovak Republic,SVK,Europe & Central Asia,1996,5373361.0,5381029.679909713
Slovak Republic,SVK,Europe & Central Asia,1997,5383291.0,5392491.10241487
Slovak Republic,SVK,Europe & Central Asia,1998,5390516.0,5400847.097468687
Slovak Republic,SVK,Europe & Central Asia,1999,5396020.0,5408850.342287921
Slovak Republic,SVK,Europe & Central Asia,2000,5388720.0,5416534.524254179
Slovak Republic,SVK,Europe & Central Asia,2001,5378867.0,5382527.562378054
Slovak Republic,SVK,Europe & Central Asia,2002,5376912.0,5387135.858949484
Slovak Republic,SVK,Europe & Central Asia,2003,5373374.0,5382677.628405951
Slovak Republic,SVK,Europe & Central Asia,2004,5372280.0,5376384.783949433
Slovak Republic,SVK,Europe & Central Asia,2005,5372807.0,5373429.44865729
Slovak Republic,SVK,Europe & Central Asia,2006,5373054.0,5372781.185930044
Slovak Republic,SVK,Europe & Central Asia,2007,5374622.0,5367835.574145134
Slovak Republic,SVK,Europe & Central Asia,2008,5379233.0,5372836.312445067
Slovak Republic,SVK,Europe & Central Asia,2009,5386406.0,5377337.954698592
Slovak Republic,SVK,Europe & Central Asia,2010,5391428.0,5385384.274727405
Slovak Republic,SVK,Europe & Central Asia,2011,5398384.0,5392807.019665683
Slovak Republic,SVK,Europe & Central Asia,2012,5407579.0,5400752.881095116
Slovak Republic,SVK,Europe & Central Asia,2013,5413393.0,5411365.6343861995
Slovak Republic,SVK,Europe & Central Asia,2014,5418649.0,5417975.754913537
Slovak Republic,SVK,Europe & Central Asia,2015,5423801.0,5422346.816935352
Slovak Republic,SVK,Europe & Central Asia,2016,5430798.0,5430265.506242324
Slovak Republic,SVK,Europe & Central Asia,2017,5439232.0,5437642.129548485
Slovak Republic,SVK,Europe & Central Asia,2018,5446771.0,5444951.9141088035
Slovak Republic,SVK,Europe & Central Asia,2019,5454147.0,5452195.585619945
Slovak Republic,SVK,Europe & Central Asia,2020,5458827.0,5459802.975008928
Slovak Republic,SVK,Europe & Central Asia,2021,5447247.0,5466100.192428636
Slovak Republic,SVK,Europe & Central Asia,2022,5431752.0,5465110.171563057
Slovak Republic,SVK,Europe & Central Asia,2023,5426740.0,5416291.808295483
Slovak Republic,SVK,Europe & Central Asia,2024,5422069.0,5419849.106992289
Slovenia,SVN,Europe & Central Asia,1970,1724891.0,1732042.2429510457
Slovenia,SVN,Europe & Central Asia,1971,1738335.0,1740071.9175786737
Slovenia,SVN,Europe & Central Asia,1972,1752233.0,1751883.7840098613
Slovenia,SVN,Europe & Central Asia,1973,1766697.0,1766245.0617039395
Slovenia,SVN,Europe & Central Asia,1974,1776132.0,1782321.5757927175
Slovenia,SVN,Europe & Central Asia,1975,1793581.0,1794726.6860767556
Slovenia,SVN,Europe & Central Asia,1976,1820249.0,1806046.1722334775
Slovenia,SVN,Europe & Central Asia,1977,1842377.0,1824070.4451129576
Slovenia,SVN,Europe & Central Asia,1978,1862548.0,1858363.9770282486
Slovenia,SVN,Europe & Central Asia,1979,1882599.0,1879850.9619954415
Slovenia,SVN,Europe & Central Asia,1980,1901315.0,1900980.834280657
Slovenia,SVN,Europe & Central Asia,1981,1906531.0,1920344.8189785564
Slovenia,SVN,Europe & Central Asia,1982,1910334.0,1935621.7983282276
Slovenia,SVN,Europe & Central Asia,1983,1922321.0,1914144.5857889864
Slovenia,SVN,Europe & Central Asia,1984,1932154.0,1939289.5165990053
Slovenia,SVN,Europe & Central Asia,1985,1941641.0,1948197.266120226
Slovenia,SVN,Europe & Central Asia,1986,1965964.0,1955618.2905717648
Slovenia,SVN,Europe & Central Asia,1987,1989776.0,1973690.9861376856
Slovenia,SVN,Europe & Central Asia,1988,1995196.0,1989602.4361811476
Slovenia,SVN,Europe & Central Asia,1989,1996351.0,2008152.487306636
Slovenia,SVN,Europe & Central Asia,1990,1998161.0,2013950.4708093305
Slovenia,SVN,Europe & Central Asia,1991,1999429.0,2022934.5522280247
Slovenia,SVN,Europe & Central Asia,1992,1996498.0,2000697.8046859647
Slovenia,SVN,Europe & Central Asia,1993,1991746.0,1993571.2967863816
Slovenia,SVN,Europe & Central Asia,1994,1989443.0,1998479.7508619532
Slovenia,SVN,Europe & Central Asia,1995,1989872.0,1994826.4433345355
Slovenia,SVN,Europe & Central Asia,1996,1988628.0,1997832.0577518702
Slovenia,SVN,Europe & Central Asia,1997,1985956.0,1990029.189137698
Slovenia,SVN,Europe & Central Asia,1998,1981629.0,1986019.8842997293
Slovenia,SVN,Europe & Central Asia,1999,1983045.0,1981980.6408621462
Slovenia,SVN,Europe & Central Asia,2000,1988925.0,1979719.7696969954
Slovenia,SVN,Europe & Central Asia,2001,1992060.0,1981168.2142127124
Slovenia,SVN,Europe & Central Asia,2002,1994530.0,1991567.5622573653
Slovenia,SVN,Europe & Central Asia,2003,1995733.0,1994828.9416284508
Slovenia,SVN,Europe & Central Asia,2004,1997012.0,1996455.7903619297
Slovenia,SVN,Europe & Central Asia,2005,2000474.0,1997806.8636704744
Slovenia,SVN,Europe & Central Asia,2006,2006868.0,2000551.6743056027
Slovenia,SVN,Europe & Central Asia,2007,2018122.0,2006416.8356848795
Slovenia,SVN,Europe & Central Asia,2008,2021316.0,2029439.109366151
Slovenia,SVN,Europe & Central Asia,2009,2039669.0,2025615.775354617
Slovenia,SVN,Europe & Central Asia,2010,2048583.0,2049423.3489504692
Slovenia,SVN,Europe & Central Asia,2011,2052843.0,2054949.1150811298
Slovenia,SVN,Europe & Central Asia,2012,2057159.0,2057116.2942901563
Slovenia,SVN,Europe & Central Asia,2013,2059953.0,2066953.6902376493
Slovenia,SVN,Europe & Central Asia,2014,2061980.0,2073983.8714652907
Slovenia,SVN,Europe & Central Asia,2015,2063531.0,2068958.059464892
Slovenia,SVN,Europe & Central Asia,2016,2065042.0,2070066.5523847884
Slovenia,SVN,Europe & Central Asia,2017,2066388.0,2070344.1623714638
Slovenia,SVN,Europe & Central Asia,2018,2073894.0,2076727.7414304933
Slovenia,SVN,Europe & Central Asia,2019,2088385.0,2076126.8892929752
Slovenia,SVN,Europe & Central Asia,2020,2102419.0,2102904.0266376445
Slovenia,SVN,Europe & Central Asia,2021,2108079.0,2116547.3089651875
Slovenia,SVN,Europe & Central Asia,2022,2112076.0,2113817.7450900082
Slovenia,SVN,Europe & Central Asia,2023,2120461.0,2117947.8223190936
Slovenia,SVN,Europe & Central Asia,2024,2127400.0,2127054.5911108106
Sweden,SWE,Europe & Central Asia,1970,8042801.0,8026895.953634473
Sweden,SWE,Europe & Central Asia,1971,8098334.0,8099010.648658519
Sweden,SWE,Europe & Central Asia,1972,8122300.0,8165457.531545957
Sweden,SWE,Europe & Central Asia,1973,8136312.0,8213606.127123201
Sweden,SWE,Europe & Central Asia,1974,8159955.0,8191080.137451593
Sweden,SWE,Europe & Central Asia,1975,8192437.0,8208715.765878943
Sweden,SWE,Europe & Central Asia,1976,8222286.0,8236316.388469601
Sweden,SWE,Europe & Central Asia,1977,8251540.0,8262619.870697958
Sweden,SWE,Europe & Central Asia,1978,8275599.0,8290161.457817101
Sweden,SWE,Europe & Central Asia,1979,8293678.0,8317891.324937169
Sweden,SWE,Europe & Central Asia,1980,8310531.0,8328392.280737881
Sweden,SWE,Europe & Central Asia,1981,8320503.0,8334487.851340194
Sweden,SWE,Europe & Central Asia,1982,8325263.0,8330583.407434088
Sweden,SWE,Europe & Central Asia,1983,8329033.0,8330070.739404665
Sweden,SWE,Europe & Central Asia,1984,8336605.0,8348109.438392198
Sweden,SWE,Europe & Central Asia,1985,8350386.0,8352818.27981592
Sweden,SWE,Europe & Central Asia,1986,8369829.0,8364739.744875095
Sweden,SWE,Europe & Central Asia,1987,8397804.0,8378594.17385443
Sweden,SWE,Europe & Central Asia,1988,8436489.0,8425872.50228607
Sweden,SWE,Europe & Central Asia,1989,8492964.0,8475234.172648223
Sweden,SWE,Europe & Central Asia,1990,8558835.0,8549817.050665965
Sweden,SWE,Europe & Central Asia,1991,8617375.0,8625216.892010707
Sweden,SWE,Europe & Central Asia,1992,8668067.0,8650462.184852181
Sweden,SWE,Europe & Central Asia,1993,8718561.0,8706571.414623812
Sweden,SWE,Europe & Central Asia,1994,8780745.0,8762044.455908567
Sweden,SWE,Europe & Central Asia,1995,8826939.0,8817811.952673933
Sweden,SWE,Europe & Central Asia,1996,8840998.0,8883229.569063371
Sweden,SWE,Europe & Central Asia,1997,8846062.0,8927369.647272026
Sweden,SWE,Europe & Central Asia,1998,8850974.0,8851128.900509385
Sweden,SWE,Europe & Central Asia,1999,8857874.0,8855888.727384921
Sweden,SWE,Europe & Central Asia,2000,8872109.0,8891736.141593896
Sweden,SWE,Europe & Central Asia,2001,8895960.0,8900867.849896522
Sweden,SWE,Europe & Central Asia,2002,8924958.0,8921642.499805937
Sweden,SWE,Europe & Central Asia,2003,8958229.0,8940189.042574687
Sweden,SWE,Europe & Central Asia,2004,8993531.0,8953871.625019621
Sweden,SWE,Europe & Central Asia,2005,9029572.0,9028972.115778334
Sweden,SWE,Europe & Central Asia,2006,9080505.0,9050770.832010318
Sweden,SWE,Europe & Central Asia,2007,9148092.0,9106934.661046635
Sweden,SWE,Europe & Central Asia,2008,9219637.0,9181714.401349999
Sweden,SWE,Europe & Central Asia,2009,9298515.0,9260580.050179575
Sweden,SWE,Europe & Central Asia,2010,9378126.0,9378067.835305372
Sweden,SWE,Europe & Central Asia,2011,9449213.0,9433303.474409474
Sweden,SWE,Europe & Central Asia,2012,9519374.0,9509283.867750494
Sweden,SWE,Europe & Central Asia,2013,9600379.0,9583837.052564358
Sweden,SWE,Europe & Central Asia,2014,9696110.0,9660535.583049392
Sweden,SWE,Europe & Central Asia,2015,9799186.0,9756995.081246994
Sweden,SWE,Europe & Central Asia,2016,9923085.0,9903028.114506405
Sweden,SWE,Europe & Central Asia,2017,10057698.0,10048550.554038081
Sweden,SWE,Europe & Central Asia,2018,10175214.0,10194137.111401182
Sweden,SWE,Europe & Central Asia,2019,10278887.0,10298512.119148627
Sweden,SWE,Europe & Central Asia,2020,10353442.0,10384166.00296995
Sweden,SWE,Europe & Central Asia,2021,10415811.0,10482188.044022528
Sweden,SWE,Europe & Central Asia,2022,10486941.0,10478555.710162768
Sweden,SWE,Europe & Central Asia,2023,10536632.0,10558556.749114145
Sweden,SWE,Europe & Central Asia,2024,10569709.0,10586558.455422174
Eswatini,SWZ,Sub-Saharan Africa ,1970,441216.0,440462.3206946845
Eswatini,SWZ,Sub-Saharan Africa ,1971,453183.0,451640.57331448287
Eswatini,SWZ,Sub-Saharan Africa ,1972,465788.0,463993.58866503503
Eswatini,SWZ,Sub-Saharan Africa ,1973,479038.0,476882.27472961135
Eswatini,SWZ,Sub-Saharan Africa ,1974,492988.0,492664.9150257101
Eswatini,SWZ,Sub-Saharan Africa ,1975,507673.0,507344.2360295092
Eswatini,SWZ,Sub-Saharan Africa ,1976,523330.0,522568.568326654
Eswatini,SWZ,Sub-Saharan Africa ,1977,540348.0,537848.9382016558
Eswatini,SWZ,Sub-Saharan Africa ,1978,558446.0,555814.5040074597
Eswatini,SWZ,Sub-Saharan Africa ,1979,577199.0,574921.4888575791
Eswatini,SWZ,Sub-Saharan Africa ,1980,596644.0,594689.3968547102
Eswatini,SWZ,Sub-Saharan Africa ,1981,616808.0,615157.8512823953
Eswatini,SWZ,Sub-Saharan Africa ,1982,637652.0,636357.3795718028
Eswatini,SWZ,Sub-Saharan Africa ,1983,658957.0,658224.354641802
Eswatini,SWZ,Sub-Saharan Africa ,1984,680783.0,679724.622355318
Eswatini,SWZ,Sub-Saharan Africa ,1985,706196.0,703277.5836516778
Eswatini,SWZ,Sub-Saharan Africa ,1986,734732.0,728353.6629188613
Eswatini,SWZ,Sub-Saharan Africa ,1987,763811.0,764421.0839273627
Eswatini,SWZ,Sub-Saharan Africa ,1988,799798.0,794040.879895783
Eswatini,SWZ,Sub-Saharan Africa ,1989,837800.0,836904.2685130433
Eswatini,SWZ,Sub-Saharan Africa ,1990,872428.0,877607.646010112
Eswatini,SWZ,Sub-Saharan Africa ,1991,908189.0,906693.8321875945
Eswatini,SWZ,Sub-Saharan Africa ,1992,943416.0,944587.2302911023
Eswatini,SWZ,Sub-Saharan Africa ,1993,971318.0,983057.6728701843
Eswatini,SWZ,Sub-Saharan Africa ,1994,971212.0,1000045.215970414
Eswatini,SWZ,Sub-Saharan Africa ,1995,970433.0,971106.0127089226
Eswatini,SWZ,Sub-Saharan Africa ,1996,989841.0,969654.6244358984
Eswatini,SWZ,Sub-Saharan Africa ,1997,1006635.0,1018765.593455189
Eswatini,SWZ,Sub-Saharan Africa ,1998,1019653.0,1032692.7096614233
Eswatini,SWZ,Sub-Saharan Africa ,1999,1030782.0,1042153.0968227221
Eswatini,SWZ,Sub-Saharan Africa ,2000,1041414.0,1058032.252374327
Eswatini,SWZ,Sub-Saharan Africa ,2001,1051064.0,1060202.8124768164
Eswatini,SWZ,Sub-Saharan Africa ,2002,1059441.0,1065141.7059631406
Eswatini,SWZ,Sub-Saharan Africa ,2003,1066700.0,1073939.7076352795
Eswatini,SWZ,Sub-Saharan Africa ,2004,1073159.0,1085796.6170737257
Eswatini,SWZ,Sub-Saharan Africa ,2005,1079022.0,1085224.1763125784
Eswatini,SWZ,Sub-Saharan Africa ,2006,1084436.0,1089414.6019166696
Eswatini,SWZ,Sub-Saharan Africa ,2007,1090705.0,1093445.6501686664
Eswatini,SWZ,Sub-Saharan Africa ,2008,1098091.0,1098900.102735299
Eswatini,SWZ,Sub-Saharan Africa ,2009,1105153.0,1105836.002933572
Eswatini,SWZ,Sub-Saharan Africa ,2010,1111650.0,1112701.8253819402
Eswatini,SWZ,Sub-Saharan Africa ,2011,1117833.0,1118398.8234802196
Eswatini,SWZ,Sub-Saharan Africa ,2012,1123863.0,1124492.0933916466
Eswatini,SWZ,Sub-Saharan Africa ,2013,1129990.0,1130802.7824883454
Eswatini,SWZ,Sub-Saharan Africa ,2014,1136299.0,1136489.550506338
Eswatini,SWZ,Sub-Saharan Africa ,2015,1142813.0,1142849.523655628
Eswatini,SWZ,Sub-Saharan Africa ,2016,1149507.0,1149491.038876486
Eswatini,SWZ,Sub-Saharan Africa ,2017,1158195.0,1156311.4798812452
Eswatini,SWZ,Sub-Saharan Africa ,2018,1168929.0,1163368.8516149186
Eswatini,SWZ,Sub-Saharan Africa ,2019,1179874.0,1179762.4812504111
Eswatini,SWZ,Sub-Saharan Africa ,2020,1192729.0,1190877.4077639352
Eswatini,SWZ,Sub-Saharan Africa ,2021,1206593.0,1205724.0581168453
Eswatini,SWZ,Sub-Saharan Africa ,2022,1218917.0,1220618.1518475811
Eswatini,SWZ,Sub-Saharan Africa ,2023,1230506.0,1229223.4078616106
Eswatini,SWZ,Sub-Saharan Africa ,2024,1242822.0,1241444.540129922
Sint Maarten (Dutch part),SXM,Latin America & Caribbean ,1970,6414.0,6432.491636963171
Sint Maarten (Dutch part),SXM,Latin America & Caribbean ,1971,6888.0,6986.850520762355
Sint Maarten (Dutch part),SXM,Latin America & Caribbean ,1972,7380.0,7483.956302125389
Sint Maarten (Dutch part),SXM,Latin America & Caribbean ,1973,7917.0,7996.696612238959
Sint Maarten (Dutch part),SXM,Latin America & Caribbean ,1974,8492.0,8559.638503380158
Sint Maarten (Dutch part),SXM,Latin America & Caribbean ,1975,9094.0,9163.267178121534
Sint Maarten (Dutch part),SXM,Latin America & Caribbean ,1976,9716.0,9794.375938746009
Sint Maarten (Dutch part),SXM,Latin America & Caribbean ,1977,10364.0,10443.94565098838
Sint Maarten (Dutch part),SXM,Latin America & Caribbean ,1978,11039.0,11119.909661659758
Sint Maarten (Dutch part),SXM,Latin America & Caribbean ,1979,11723.0,11824.140855374451
Sint Maarten (Dutch part),SXM,Latin America & Caribbean ,1980,12410.0,12449.382101212848
Sint Maarten (Dutch part),SXM,Latin America & Caribbean ,1981,13302.0,13137.260088286248
Sint Maarten (Dutch part),SXM,Latin America & Caribbean ,1982,14607.0,14201.881830606464
Sint Maarten (Dutch part),SXM,Latin America & Caribbean ,1983,16133.0,15318.141221830765
Sint Maarten (Dutch part),SXM,Latin America & Caribbean ,1984,17694.0,17818.421922811893
Sint Maarten (Dutch part),SXM,Latin America & Caribbean ,1985,19291.0,19406.03955402188
Sint Maarten (Dutch part),SXM,Latin America & Caribbean ,1986,20930.0,20818.57988124197
Sint Maarten (Dutch part),SXM,Latin America & Caribbean ,1987,22617.0,22630.020689837496
Sint Maarten (Dutch part),SXM,Latin America & Caribbean ,1988,24357.0,24493.265589355175
Sint Maarten (Dutch part),SXM,Latin America & Caribbean ,1989,26169.0,26774.57397242992
Sint Maarten (Dutch part),SXM,Latin America & Caribbean ,1990,28061.0,28115.800839084608
Sint Maarten (Dutch part),SXM,Latin America & Caribbean ,1991,30046.0,30487.641151486783
Sint Maarten (Dutch part),SXM,Latin America & Caribbean ,1992,31567.0,32552.88648607705
Sint Maarten (Dutch part),SXM,Latin America & Caribbean ,1993,32026.0,34011.37618448162
Sint Maarten (Dutch part),SXM,Latin America & Caribbean ,1994,31917.0,32491.67413160808
Sint Maarten (Dutch part),SXM,Latin America & Caribbean ,1995,31772.0,31808.370988639395
Sint Maarten (Dutch part),SXM,Latin America & Caribbean ,1996,31598.0,31627.658733063978
Sint Maarten (Dutch part),SXM,Latin America & Caribbean ,1997,31404.0,32794.095746518455
Sint Maarten (Dutch part),SXM,Latin America & Caribbean ,1998,31193.0,32303.335315876673
Sint Maarten (Dutch part),SXM,Latin America & Caribbean ,1999,30977.0,31807.65169597093
Sint Maarten (Dutch part),SXM,Latin America & Caribbean ,2000,30773.0,32173.511109014675
Sint Maarten (Dutch part),SXM,Latin America & Caribbean ,2001,30726.0,31215.119521852877
Sint Maarten (Dutch part),SXM,Latin America & Caribbean ,2002,30960.0,30634.741924980077
Sint Maarten (Dutch part),SXM,Latin America & Caribbean ,2003,31327.0,31195.78206346278
Sint Maarten (Dutch part),SXM,Latin America & Caribbean ,2004,31690.0,31698.35041825422
Sint Maarten (Dutch part),SXM,Latin America & Caribbean ,2005,32057.0,32057.206246197955
Sint Maarten (Dutch part),SXM,Latin America & Caribbean ,2006,32428.0,32428.250204994063
Sint Maarten (Dutch part),SXM,Latin America & Caribbean ,2007,32791.0,32543.819228929373
Sint Maarten (Dutch part),SXM,Latin America & Caribbean ,2008,33145.0,32973.53427324638
Sint Maarten (Dutch part),SXM,Latin America & Caribbean ,2009,33491.0,33232.3719483986
Sint Maarten (Dutch part),SXM,Latin America & Caribbean ,2010,33794.0,33780.55017728444
Sint Maarten (Dutch part),SXM,Latin America & Caribbean ,2011,34267.0,34220.71529756296
Sint Maarten (Dutch part),SXM,Latin America & Caribbean ,2012,35023.0,34629.47068440821
Sint Maarten (Dutch part),SXM,Latin America & Caribbean ,2013,35854.0,35795.678893833814
Sint Maarten (Dutch part),SXM,Latin America & Caribbean ,2014,36672.0,36704.717358827445
Sint Maarten (Dutch part),SXM,Latin America & Caribbean ,2015,37471.0,37508.66246684419
Sint Maarten (Dutch part),SXM,Latin America & Caribbean ,2016,38249.0,38287.4084054428
Sint Maarten (Dutch part),SXM,Latin America & Caribbean ,2017,38996.0,38908.95593811283
Sint Maarten (Dutch part),SXM,Latin America & Caribbean ,2018,39712.0,39706.785721829336
Sint Maarten (Dutch part),SXM,Latin America & Caribbean ,2019,40385.0,40525.408214586525
Sint Maarten (Dutch part),SXM,Latin America & Caribbean ,2020,41008.0,41399.59316865627
Sint Maarten (Dutch part),SXM,Latin America & Caribbean ,2021,41571.0,41640.61072372586
Sint Maarten (Dutch part),SXM,Latin America & Caribbean ,2022,42139.0,42370.27861985161
Sint Maarten (Dutch part),SXM,Latin America & Caribbean ,2023,42749.0,42902.06569883522
Sint Maarten (Dutch part),SXM,Latin America & Caribbean ,2024,43350.0,43483.56616418639
Seychelles,SYC,Sub-Saharan Africa ,1970,53600.0,53813.29746463389
Seychelles,SYC,Sub-Saharan Africa ,1971,54695.0,54944.667309881
Seychelles,SYC,Sub-Saharan Africa ,1972,56029.0,55812.36987670848
Seychelles,SYC,Sub-Saharan Africa ,1973,56892.0,57385.4360870247
Seychelles,SYC,Sub-Saharan Africa ,1974,57937.0,58615.18400613093
Seychelles,SYC,Sub-Saharan Africa ,1975,59292.0,59231.03849826085
Seychelles,SYC,Sub-Saharan Africa ,1976,60504.0,60600.14757936164
Seychelles,SYC,Sub-Saharan Africa ,1977,61786.0,61909.45158686639
Seychelles,SYC,Sub-Saharan Africa ,1978,62150.0,63097.961526475854
Seychelles,SYC,Sub-Saharan Africa ,1979,62686.0,63960.71685934599
Seychelles,SYC,Sub-Saharan Africa ,1980,63261.0,63786.23515391691
Seychelles,SYC,Sub-Saharan Africa ,1981,64035.0,64292.01560313254
Seychelles,SYC,Sub-Saharan Africa ,1982,64413.0,64992.36811886707
Seychelles,SYC,Sub-Saharan Africa ,1983,64335.0,65307.77564266485
Seychelles,SYC,Sub-Saharan Africa ,1984,64717.0,65088.144553102415
Seychelles,SYC,Sub-Saharan Africa ,1985,65244.0,65963.55809318957
Seychelles,SYC,Sub-Saharan Africa ,1986,65652.0,66031.5793117037
Seychelles,SYC,Sub-Saharan Africa ,1987,68499.0,66096.44368826128
Seychelles,SYC,Sub-Saharan Africa ,1988,68755.0,67521.38533573656
Seychelles,SYC,Sub-Saharan Africa ,1989,69167.0,68602.65858911113
Seychelles,SYC,Sub-Saharan Africa ,1990,69507.0,69558.29203496962
Seychelles,SYC,Sub-Saharan Africa ,1991,70439.0,70374.96257699617
Seychelles,SYC,Sub-Saharan Africa ,1992,70763.0,71365.33059039798
Seychelles,SYC,Sub-Saharan Africa ,1993,72253.0,72156.02417707109
Seychelles,SYC,Sub-Saharan Africa ,1994,74205.0,73083.10448902482
Seychelles,SYC,Sub-Saharan Africa ,1995,75304.0,74355.3126528034
Seychelles,SYC,Sub-Saharan Africa ,1996,76417.0,75568.94792477174
Seychelles,SYC,Sub-Saharan Africa ,1997,77319.0,77351.43926750212
Seychelles,SYC,Sub-Saharan Africa ,1998,78846.0,78197.84221380892
Seychelles,SYC,Sub-Saharan Africa ,1999,80410.0,79840.68140392867
Seychelles,SYC,Sub-Saharan Africa ,2000,81131.0,81544.41144008469
Seychelles,SYC,Sub-Saharan Africa ,2001,81202.0,82856.73397373305
Seychelles,SYC,Sub-Saharan Africa ,2002,83723.0,83652.30168395645
Seychelles,SYC,Sub-Saharan Africa ,2003,82781.0,84790.66372232225
Seychelles,SYC,Sub-Saharan Africa ,2004,82475.0,85073.64827104301
Seychelles,SYC,Sub-Saharan Africa ,2005,82858.0,85064.89696296173
Seychelles,SYC,Sub-Saharan Africa ,2006,84600.0,84948.13038515672
Seychelles,SYC,Sub-Saharan Africa ,2007,85033.0,85330.25155306184
Seychelles,SYC,Sub-Saharan Africa ,2008,86956.0,85575.9187017283
Seychelles,SYC,Sub-Saharan Africa ,2009,87298.0,86495.66713392822
Seychelles,SYC,Sub-Saharan Africa ,2010,89770.0,87450.24498413468
Seychelles,SYC,Sub-Saharan Africa ,2011,87441.0,89131.7755709909
Seychelles,SYC,Sub-Saharan Africa ,2012,88303.0,89312.10086955306
Seychelles,SYC,Sub-Saharan Africa ,2013,89949.0,90134.57671444873
Seychelles,SYC,Sub-Saharan Africa ,2014,91359.0,91039.28997844692
Seychelles,SYC,Sub-Saharan Africa ,2015,93419.0,91924.92653169642
Seychelles,SYC,Sub-Saharan Africa ,2016,94677.0,93128.76973872406
Seychelles,SYC,Sub-Saharan Africa ,2017,95843.0,94622.61832658488
Seychelles,SYC,Sub-Saharan Africa ,2018,96762.0,96020.6744187413
Seychelles,SYC,Sub-Saharan Africa ,2019,97625.0,97615.43759280573
Seychelles,SYC,Sub-Saharan Africa ,2020,98462.0,98986.53421479107
Seychelles,SYC,Sub-Saharan Africa ,2021,99258.0,99305.28539396556
Seychelles,SYC,Sub-Saharan Africa ,2022,119878.0,100556.20103645751
Seychelles,SYC,Sub-Saharan Africa ,2023,119773.0,109598.24716400333
Seychelles,SYC,Sub-Saharan Africa ,2024,121354.0,116522.53067374678
Syrian Arab Republic,SYR,"Middle East, North Africa, Afghanistan & Pakistan",1970,6380609.0,6369330.53328792
Syrian Arab Republic,SYR,"Middle East, North Africa, Afghanistan & Pakistan",1971,6598094.0,6583236.880501509
Syrian Arab Republic,SYR,"Middle East, North Africa, Afghanistan & Pakistan",1972,6826024.0,6810701.522683237
Syrian Arab Republic,SYR,"Middle East, North Africa, Afghanistan & Pakistan",1973,7060321.0,7049180.854657405
Syrian Arab Republic,SYR,"Middle East, North Africa, Afghanistan & Pakistan",1974,7302160.0,7293615.893637876
Syrian Arab Republic,SYR,"Middle East, North Africa, Afghanistan & Pakistan",1975,7554364.0,7545663.224180508
Syrian Arab Republic,SYR,"Middle East, North Africa, Afghanistan & Pakistan",1976,7817320.0,7808430.592459676
Syrian Arab Republic,SYR,"Middle East, North Africa, Afghanistan & Pakistan",1977,8090501.0,8082413.319787746
Syrian Arab Republic,SYR,"Middle East, North Africa, Afghanistan & Pakistan",1978,8372759.0,8358744.156164547
Syrian Arab Republic,SYR,"Middle East, North Africa, Afghanistan & Pakistan",1979,8661909.0,8654397.2387447
Syrian Arab Republic,SYR,"Middle East, North Africa, Afghanistan & Pakistan",1980,8957663.0,8961153.413841179
Syrian Arab Republic,SYR,"Middle East, North Africa, Afghanistan & Pakistan",1981,9260189.0,9263552.414007563
Syrian Arab Republic,SYR,"Middle East, North Africa, Afghanistan & Pakistan",1982,9572511.0,9572965.893589308
Syrian Arab Republic,SYR,"Middle East, North Africa, Afghanistan & Pakistan",1983,9904809.0,9895355.891845971
Syrian Arab Republic,SYR,"Middle East, North Africa, Afghanistan & Pakistan",1984,10258398.0,10246039.134644201
Syrian Arab Republic,SYR,"Middle East, North Africa, Afghanistan & Pakistan",1985,10625672.0,10605535.410312423
Syrian Arab Republic,SYR,"Middle East, North Africa, Afghanistan & Pakistan",1986,11002844.0,11006130.181003477
Syrian Arab Republic,SYR,"Middle East, North Africa, Afghanistan & Pakistan",1987,11388923.0,11393461.371350687
Syrian Arab Republic,SYR,"Middle East, North Africa, Afghanistan & Pakistan",1988,11782264.0,11788601.619337222
Syrian Arab Republic,SYR,"Middle East, North Africa, Afghanistan & Pakistan",1989,12179060.0,12192017.37704514
Syrian Arab Republic,SYR,"Middle East, North Africa, Afghanistan & Pakistan",1990,12579208.0,12614817.325476974
Syrian Arab Republic,SYR,"Middle East, North Africa, Afghanistan & Pakistan",1991,12980821.0,12992503.026582595
Syrian Arab Republic,SYR,"Middle East, North Africa, Afghanistan & Pakistan",1992,13385571.0,13395256.190915952
Syrian Arab Republic,SYR,"Middle East, North Africa, Afghanistan & Pakistan",1993,13795686.0,13808748.485994965
Syrian Arab Republic,SYR,"Middle East, North Africa, Afghanistan & Pakistan",1994,14208583.0,14257558.65593695
Syrian Arab Republic,SYR,"Middle East, North Africa, Afghanistan & Pakistan",1995,14616801.0,14674808.693120085
Syrian Arab Republic,SYR,"Middle East, North Africa, Afghanistan & Pakistan",1996,15018104.0,15085427.77384954
Syrian Arab Republic,SYR,"Middle East, North Africa, Afghanistan & Pakistan",1997,15417542.0,15487131.648772795
Syrian Arab Republic,SYR,"Middle East, North Africa, Afghanistan & Pakistan",1998,15820413.0,15885160.10090622
Syrian Arab Republic,SYR,"Middle East, North Africa, Afghanistan & Pakistan",1999,16228061.0,16286978.100410495
Syrian Arab Republic,SYR,"Middle East, North Africa, Afghanistan & Pakistan",2000,16637888.0,16693869.851595486
Syrian Arab Republic,SYR,"Middle East, North Africa, Afghanistan & Pakistan",2001,17051338.0,17103132.202396482
Syrian Arab Republic,SYR,"Middle East, North Africa, Afghanistan & Pakistan",2002,17468332.0,17516153.78686824
Syrian Arab Republic,SYR,"Middle East, North Africa, Afghanistan & Pakistan",2003,17889296.0,17932516.77049979
Syrian Arab Republic,SYR,"Middle East, North Africa, Afghanistan & Pakistan",2004,18336875.0,18353242.306776267
Syrian Arab Republic,SYR,"Middle East, North Africa, Afghanistan & Pakistan",2005,18814091.0,18804742.472374383
Syrian Arab Republic,SYR,"Middle East, North Africa, Afghanistan & Pakistan",2006,19637022.0,19291038.479290437
Syrian Arab Republic,SYR,"Middle East, North Africa, Afghanistan & Pakistan",2007,20884125.0,19908209.884159878
Syrian Arab Republic,SYR,"Middle East, North Africa, Afghanistan & Pakistan",2008,21636564.0,22210428.68725564
Syrian Arab Republic,SYR,"Middle East, North Africa, Afghanistan & Pakistan",2009,21976969.0,22339245.079672314
Syrian Arab Republic,SYR,"Middle East, North Africa, Afghanistan & Pakistan",2010,22482421.0,22667193.299190342
Syrian Arab Republic,SYR,"Middle East, North Africa, Afghanistan & Pakistan",2011,22878098.0,23439963.075693056
Syrian Arab Republic,SYR,"Middle East, North Africa, Afghanistan & Pakistan",2012,22759763.0,23574288.06654455
Syrian Arab Republic,SYR,"Middle East, North Africa, Afghanistan & Pakistan",2013,21666917.0,22642040.09876183
Syrian Arab Republic,SYR,"Middle East, North Africa, Afghanistan & Pakistan",2014,20273659.0,20626545.761940643
Syrian Arab Republic,SYR,"Middle East, North Africa, Afghanistan & Pakistan",2015,19424618.0,18969992.32958396
Syrian Arab Republic,SYR,"Middle East, North Africa, Afghanistan & Pakistan",2016,19193834.0,19401163.084862746
Syrian Arab Republic,SYR,"Middle East, North Africa, Afghanistan & Pakistan",2017,19224668.0,19014685.72075448
Syrian Arab Republic,SYR,"Middle East, North Africa, Afghanistan & Pakistan",2018,19577845.0,18973858.242936276
Syrian Arab Republic,SYR,"Middle East, North Africa, Afghanistan & Pakistan",2019,20353534.0,18558846.300870597
Syrian Arab Republic,SYR,"Middle East, North Africa, Afghanistan & Pakistan",2020,21049429.0,21159956.369517174
Syrian Arab Republic,SYR,"Middle East, North Africa, Afghanistan & Pakistan",2021,21628839.0,21769116.924172733
Syrian Arab Republic,SYR,"Middle East, North Africa, Afghanistan & Pakistan",2022,22462173.0,21506701.811177794
Syrian Arab Republic,SYR,"Middle East, North Africa, Afghanistan & Pakistan",2023,23594623.0,22552290.30922612
Syrian Arab Republic,SYR,"Middle East, North Africa, Afghanistan & Pakistan",2024,24672760.0,23995699.090530127
Turks and Caicos Islands,TCA,Latin America & Caribbean ,1970,5667.0,5658.409229206843
Turks and Caicos Islands,TCA,Latin America & Caribbean ,1971,5754.0,5669.233306778513
Turks and Caicos Islands,TCA,Latin America & Caribbean ,1972,5915.0,5702.899415271361
Turks and Caicos Islands,TCA,Latin America & Caribbean ,1973,6090.0,6080.504863960401
Turks and Caicos Islands,TCA,Latin America & Caribbean ,1974,6273.0,6270.17751551045
Turks and Caicos Islands,TCA,Latin America & Caribbean ,1975,6463.0,6461.499014798586
Turks and Caicos Islands,TCA,Latin America & Caribbean ,1976,6660.0,6559.750474746811
Turks and Caicos Islands,TCA,Latin America & Caribbean ,1977,6864.0,6781.88899972331
Turks and Caicos Islands,TCA,Latin America & Caribbean ,1978,7083.0,7013.231061683338
Turks and Caicos Islands,TCA,Latin America & Caribbean ,1979,7306.0,7206.206535614817
Turks and Caicos Islands,TCA,Latin America & Caribbean ,1980,7564.0,7489.073641504959
Turks and Caicos Islands,TCA,Latin America & Caribbean ,1981,7908.0,7796.391936016817
Turks and Caicos Islands,TCA,Latin America & Caribbean ,1982,8297.0,8267.644629315027
Turks and Caicos Islands,TCA,Latin America & Caribbean ,1983,8697.0,8705.135179453096
Turks and Caicos Islands,TCA,Latin America & Caribbean ,1984,9107.0,9116.284079445146
Turks and Caicos Islands,TCA,Latin America & Caribbean ,1985,9521.0,9460.723665531968
Turks and Caicos Islands,TCA,Latin America & Caribbean ,1986,9941.0,9906.675533391091
Turks and Caicos Islands,TCA,Latin America & Caribbean ,1987,10361.0,10358.636855338467
Turks and Caicos Islands,TCA,Latin America & Caribbean ,1988,10775.0,10819.60749362247
Turks and Caicos Islands,TCA,Latin America & Caribbean ,1989,11193.0,11321.746147789388
Turks and Caicos Islands,TCA,Latin America & Caribbean ,1990,11688.0,11627.215684655488
Turks and Caicos Islands,TCA,Latin America & Caribbean ,1991,12305.0,12206.548986653625
Turks and Caicos Islands,TCA,Latin America & Caribbean ,1992,12970.0,12794.69350107238
Turks and Caicos Islands,TCA,Latin America & Caribbean ,1993,13648.0,13670.938643764808
Turks and Caicos Islands,TCA,Latin America & Caribbean ,1994,14344.0,14361.442098480098
Turks and Caicos Islands,TCA,Latin America & Caribbean ,1995,15052.0,15075.493552610533
Turks and Caicos Islands,TCA,Latin America & Caribbean ,1996,15765.0,15762.040799741357
Turks and Caicos Islands,TCA,Latin America & Caribbean ,1997,16482.0,16517.669934489946
Turks and Caicos Islands,TCA,Latin America & Caribbean ,1998,17212.0,17354.000239063975
Turks and Caicos Islands,TCA,Latin America & Caribbean ,1999,17959.0,17974.33224166441
Turks and Caicos Islands,TCA,Latin America & Caribbean ,2000,18730.0,18836.882606783754
Turks and Caicos Islands,TCA,Latin America & Caribbean ,2001,19576.0,19625.04589329407
Turks and Caicos Islands,TCA,Latin America & Caribbean ,2002,20597.0,20492.221841797764
Turks and Caicos Islands,TCA,Latin America & Caribbean ,2003,21727.0,21501.113652513763
Turks and Caicos Islands,TCA,Latin America & Caribbean ,2004,22856.0,22918.99446485677
Turks and Caicos Islands,TCA,Latin America & Caribbean ,2005,23988.0,24043.666225630437
Turks and Caicos Islands,TCA,Latin America & Caribbean ,2006,25123.0,25133.304956270298
Turks and Caicos Islands,TCA,Latin America & Caribbean ,2007,26270.0,26327.672792247275
Turks and Caicos Islands,TCA,Latin America & Caribbean ,2008,27427.0,27597.8582229933
Turks and Caicos Islands,TCA,Latin America & Caribbean ,2009,28588.0,28748.189307845285
Turks and Caicos Islands,TCA,Latin America & Caribbean ,2010,29739.0,29798.145770268915
Turks and Caicos Islands,TCA,Latin America & Caribbean ,2011,30846.0,31153.324805969685
Turks and Caicos Islands,TCA,Latin America & Caribbean ,2012,32127.0,32261.694264436403
Turks and Caicos Islands,TCA,Latin America & Caribbean ,2013,33653.0,33554.02781074786
Turks and Caicos Islands,TCA,Latin America & Caribbean ,2014,35050.0,35131.27536640561
Turks and Caicos Islands,TCA,Latin America & Caribbean ,2015,36605.0,36539.93857889173
Turks and Caicos Islands,TCA,Latin America & Caribbean ,2016,38315.0,38065.39459526782
Turks and Caicos Islands,TCA,Latin America & Caribbean ,2017,39913.0,39955.03100110512
Turks and Caicos Islands,TCA,Latin America & Caribbean ,2018,41559.0,41612.170396743466
Turks and Caicos Islands,TCA,Latin America & Caribbean ,2019,43166.0,43342.51821991493
Turks and Caicos Islands,TCA,Latin America & Caribbean ,2020,44386.0,45187.142892902826
Turks and Caicos Islands,TCA,Latin America & Caribbean ,2021,45243.0,45803.89891232325
Turks and Caicos Islands,TCA,Latin America & Caribbean ,2022,45847.0,46116.54687273708
Turks and Caicos Islands,TCA,Latin America & Caribbean ,2023,46198.0,46459.06348555254
Turks and Caicos Islands,TCA,Latin America & Caribbean ,2024,46535.0,46551.68722819811
Chad,TCD,Sub-Saharan Africa ,1970,3727828.0,3724843.1745869312
Chad,TCD,Sub-Saharan Africa ,1971,3807316.0,3801315.23762341
Chad,TCD,Sub-Saharan Africa ,1972,3893252.0,3888493.1279528663
Chad,TCD,Sub-Saharan Africa ,1973,3985909.0,3981061.0062451987
Chad,TCD,Sub-Saharan Africa ,1974,4078356.0,4080771.179393918
Chad,TCD,Sub-Saharan Africa ,1975,4167234.0,4172608.618327725
Chad,TCD,Sub-Saharan Africa ,1976,4251297.0,4256862.258436535
Chad,TCD,Sub-Saharan Africa ,1977,4331667.0,4343011.979691873
Chad,TCD,Sub-Saharan Africa ,1978,4411366.0,4413556.380438287
Chad,TCD,Sub-Saharan Africa ,1979,4505384.0,4492531.394040067
Chad,TCD,Sub-Saharan Africa ,1980,4515453.0,4601405.774246222
Chad,TCD,Sub-Saharan Africa ,1981,4520959.0,4669504.998151313
Chad,TCD,Sub-Saharan Africa ,1982,4738483.0,4527395.343408713
Chad,TCD,Sub-Saharan Africa ,1983,4979130.0,4781484.144516681
Chad,TCD,Sub-Saharan Africa ,1984,5045145.0,4934390.811379777
Chad,TCD,Sub-Saharan Africa ,1985,5096269.0,5074683.2007092945
Chad,TCD,Sub-Saharan Africa ,1986,5251069.0,5196046.261639029
Chad,TCD,Sub-Saharan Africa ,1987,5438309.0,5340998.085868809
Chad,TCD,Sub-Saharan Africa ,1988,5625602.0,5517127.982950846
Chad,TCD,Sub-Saharan Africa ,1989,5819586.0,5717545.75868005
Chad,TCD,Sub-Saharan Africa ,1990,5982833.0,5942893.20563848
Chad,TCD,Sub-Saharan Africa ,1991,6205676.0,6143841.180404058
Chad,TCD,Sub-Saharan Africa ,1992,6474656.0,6327399.685741396
Chad,TCD,Sub-Saharan Africa ,1993,6629146.0,6571360.959914427
Chad,TCD,Sub-Saharan Africa ,1994,6783450.0,6837214.827853503
Chad,TCD,Sub-Saharan Africa ,1995,7089064.0,7068651.598366874
Chad,TCD,Sub-Saharan Africa ,1996,7410108.0,7312417.611220368
Chad,TCD,Sub-Saharan Africa ,1997,7670366.0,7592349.611135205
Chad,TCD,Sub-Saharan Africa ,1998,7938840.0,7884500.112080403
Chad,TCD,Sub-Saharan Africa ,1999,8222705.0,8186790.567551046
Chad,TCD,Sub-Saharan Africa ,2000,8512093.0,8501799.041652333
Chad,TCD,Sub-Saharan Africa ,2001,8804124.0,8812742.794577152
Chad,TCD,Sub-Saharan Africa ,2002,9116192.0,9132695.685230473
Chad,TCD,Sub-Saharan Africa ,2003,9487833.0,9482469.304814748
Chad,TCD,Sub-Saharan Africa ,2004,9920036.0,9840464.386053069
Chad,TCD,Sub-Saharan Africa ,2005,10328092.0,10212890.900208028
Chad,TCD,Sub-Saharan Africa ,2006,10706424.0,10752933.193786113
Chad,TCD,Sub-Saharan Africa ,2007,11081660.0,11110631.987049423
Chad,TCD,Sub-Saharan Africa ,2008,11476296.0,11500031.069789214
Chad,TCD,Sub-Saharan Africa ,2009,11893754.0,11909340.509331023
Chad,TCD,Sub-Saharan Africa ,2010,12312575.0,12344181.831057275
Chad,TCD,Sub-Saharan Africa ,2011,12754997.0,12746144.16439884
Chad,TCD,Sub-Saharan Africa ,2012,13210998.0,13239996.632336417
Chad,TCD,Sub-Saharan Africa ,2013,13691079.0,13734044.476823447
Chad,TCD,Sub-Saharan Africa ,2014,14188678.0,14191191.935469007
Chad,TCD,Sub-Saharan Africa ,2015,14647621.0,14688555.464325467
Chad,TCD,Sub-Saharan Africa ,2016,15114655.0,15197622.33863028
Chad,TCD,Sub-Saharan Africa ,2017,15622759.0,15596637.271541277
Chad,TCD,Sub-Saharan Africa ,2018,16156531.0,16167553.78052988
Chad,TCD,Sub-Saharan Africa ,2019,16685223.0,16715738.627624748
Chad,TCD,Sub-Saharan Africa ,2020,17224679.0,17258384.63548289
Chad,TCD,Sub-Saharan Africa ,2021,17828273.0,17809476.323075674
Chad,TCD,Sub-Saharan Africa ,2022,18455316.0,18424876.5904972
Chad,TCD,Sub-Saharan Africa ,2023,19319064.0,19041100.00287487
Chad,TCD,Sub-Saharan Africa ,2024,20299123.0,19787148.887168992
Togo,TGO,Sub-Saharan Africa ,1970,2244773.0,2227683.518675542
Togo,TGO,Sub-Saharan Africa ,1971,2317976.0,2314776.6354323337
Togo,TGO,Sub-Saharan Africa ,1972,2384994.0,2394112.558398181
Togo,TGO,Sub-Saharan Africa ,1973,2448749.0,2480176.455590499
Togo,TGO,Sub-Saharan Africa ,1974,2511760.0,2514208.2811315814
Togo,TGO,Sub-Saharan Africa ,1975,2574622.0,2576392.393697886
Togo,TGO,Sub-Saharan Africa ,1976,2637796.0,2660160.100726401
Togo,TGO,Sub-Saharan Africa ,1977,2701894.0,2720804.0604581162
Togo,TGO,Sub-Saharan Africa ,1978,2768148.0,2781543.370509126
Togo,TGO,Sub-Saharan Africa ,1979,2839854.0,2859182.7178338245
Togo,TGO,Sub-Saharan Africa ,1980,2920894.0,2920237.2419172996
Togo,TGO,Sub-Saharan Africa ,1981,3013043.0,2991014.842529873
Togo,TGO,Sub-Saharan Africa ,1982,3115042.0,3108099.136431913
Togo,TGO,Sub-Saharan Africa ,1983,3222899.0,3220467.215123594
Togo,TGO,Sub-Saharan Africa ,1984,3332837.0,3334490.502599874
Togo,TGO,Sub-Saharan Africa ,1985,3441091.0,3429807.0930823577
Togo,TGO,Sub-Saharan Africa ,1986,3547952.0,3544251.114772714
Togo,TGO,Sub-Saharan Africa ,1987,3657508.0,3656985.0668067047
Togo,TGO,Sub-Saharan Africa ,1988,3769742.0,3776063.824676114
Togo,TGO,Sub-Saharan Africa ,1989,3883411.0,3901057.138045029
Togo,TGO,Sub-Saharan Africa ,1990,3998761.0,4000507.4605178963
Togo,TGO,Sub-Saharan Africa ,1991,4115560.0,4126557.54500871
Togo,TGO,Sub-Saharan Africa ,1992,4233617.0,4244917.285420274
Togo,TGO,Sub-Saharan Africa ,1993,4207453.0,4364554.763397575
Togo,TGO,Sub-Saharan Africa ,1994,4222940.0,4435481.531124268
Togo,TGO,Sub-Saharan Africa ,1995,4410832.0,4224184.185516147
Togo,TGO,Sub-Saharan Africa ,1996,4577860.0,4535658.695782327
Togo,TGO,Sub-Saharan Africa ,1997,4725030.0,4639846.325043648
Togo,TGO,Sub-Saharan Africa ,1998,4860913.0,4764409.632284843
Togo,TGO,Sub-Saharan Africa ,1999,5000269.0,4983697.740921936
Togo,TGO,Sub-Saharan Africa ,2000,5140037.0,5125538.985118042
Togo,TGO,Sub-Saharan Africa ,2001,5277382.0,5268568.145034405
Togo,TGO,Sub-Saharan Africa ,2002,5413274.0,5412612.679367272
Togo,TGO,Sub-Saharan Africa ,2003,5552167.0,5609379.43135396
Togo,TGO,Sub-Saharan Africa ,2004,5696508.0,5767568.110227835
Togo,TGO,Sub-Saharan Africa ,2005,5844631.0,5887181.083288968
Togo,TGO,Sub-Saharan Africa ,2006,6010668.0,6005447.3692343775
Togo,TGO,Sub-Saharan Africa ,2007,6188344.0,6173514.226966898
Togo,TGO,Sub-Saharan Africa ,2008,6368812.0,6339819.261060355
Togo,TGO,Sub-Saharan Africa ,2009,6551865.0,6554617.230007042
Togo,TGO,Sub-Saharan Africa ,2010,6732590.0,6740452.565993674
Togo,TGO,Sub-Saharan Africa ,2011,6916474.0,6917253.931942281
Togo,TGO,Sub-Saharan Africa ,2012,7100736.0,7107404.050152387
Togo,TGO,Sub-Saharan Africa ,2013,7285442.0,7308462.458604329
Togo,TGO,Sub-Saharan Africa ,2014,7472450.0,7476183.533812168
Togo,TGO,Sub-Saharan Africa ,2015,7663195.0,7664987.66362733
Togo,TGO,Sub-Saharan Africa ,2016,7858289.0,7872826.344878794
Togo,TGO,Sub-Saharan Africa ,2017,8057140.0,8069728.815070124
Togo,TGO,Sub-Saharan Africa ,2018,8258778.0,8270468.196798305
Togo,TGO,Sub-Saharan Africa ,2019,8463068.0,8474033.69560959
Togo,TGO,Sub-Saharan Africa ,2020,8669720.0,8681361.22593168
Togo,TGO,Sub-Saharan Africa ,2021,8878379.0,8890156.559365006
Togo,TGO,Sub-Saharan Africa ,2022,9089738.0,9101587.300879864
Togo,TGO,Sub-Saharan Africa ,2023,9304337.0,9308345.561505798
Togo,TGO,Sub-Saharan Africa ,2024,9515236.0,9533842.682860458
Thailand,THA,East Asia & Pacific,1970,35954408.0,35973000.7474937
Thailand,THA,East Asia & Pacific,1971,36937387.0,36963574.247780986
Thailand,THA,East Asia & Pacific,1972,37933929.0,37954089.477120206
Thailand,THA,East Asia & Pacific,1973,38947787.0,38957356.92903855
Thailand,THA,East Asia & Pacific,1974,39952891.0,40059593.444996074
Thailand,THA,East Asia & Pacific,1975,40940005.0,41073267.65789394
Thailand,THA,East Asia & Pacific,1976,41896504.0,42063636.16528775
Thailand,THA,East Asia & Pacific,1977,42843974.0,43017070.01303778
Thailand,THA,East Asia & Pacific,1978,43788976.0,43958500.6794758
Thailand,THA,East Asia & Pacific,1979,44718434.0,44896308.811678395
Thailand,THA,East Asia & Pacific,1980,45650022.0,45815423.067794845
Thailand,THA,East Asia & Pacific,1981,46575855.0,46736958.51898661
Thailand,THA,East Asia & Pacific,1982,47494577.0,47650233.843498886
Thailand,THA,East Asia & Pacific,1983,48423309.0,48553155.83251416
Thailand,THA,East Asia & Pacific,1984,49351708.0,49468881.42683431
Thailand,THA,East Asia & Pacific,1985,50270753.0,50387515.3972537
Thailand,THA,East Asia & Pacific,1986,51177834.0,51299387.13084635
Thailand,THA,East Asia & Pacific,1987,52074105.0,52199063.99474144
Thailand,THA,East Asia & Pacific,1988,52969595.0,53086452.69041578
Thailand,THA,East Asia & Pacific,1989,53848956.0,53976100.41727668
Thailand,THA,East Asia & Pacific,1990,54738329.0,54846893.609786876
Thailand,THA,East Asia & Pacific,1991,55637434.0,55729754.50380835
Thailand,THA,East Asia & Pacific,1992,56528834.0,56624546.40245428
Thailand,THA,East Asia & Pacific,1993,57408198.0,57509691.29228453
Thailand,THA,East Asia & Pacific,1994,58260854.0,58381288.580534466
Thailand,THA,East Asia & Pacific,1995,59098232.0,59224091.04736467
Thailand,THA,East Asia & Pacific,1996,59920064.0,60051222.349978775
Thailand,THA,East Asia & Pacific,1997,60724584.0,60862307.41085771
Thailand,THA,East Asia & Pacific,1998,61522630.0,61539905.93243905
Thailand,THA,East Asia & Pacific,1999,62299043.0,62440086.586500056
Thailand,THA,East Asia & Pacific,2000,63007815.0,63201670.46530048
Thailand,THA,East Asia & Pacific,2001,63651141.0,63884754.84015648
Thailand,THA,East Asia & Pacific,2002,64266437.0,64495711.087677956
Thailand,THA,East Asia & Pacific,2003,64868166.0,64887680.87760301
Thailand,THA,East Asia & Pacific,2004,65452047.0,65647936.48684885
Thailand,THA,East Asia & Pacific,2005,66017420.0,66199678.56624444
Thailand,THA,East Asia & Pacific,2006,66567687.0,66732787.92727172
Thailand,THA,East Asia & Pacific,2007,67102394.0,67251267.17368858
Thailand,THA,East Asia & Pacific,2008,67619830.0,67755818.74004579
Thailand,THA,East Asia & Pacific,2009,68121080.0,68241073.59661257
Thailand,THA,East Asia & Pacific,2010,68579447.0,68714676.37797628
Thailand,THA,East Asia & Pacific,2011,69007208.0,69150626.20241739
Thailand,THA,East Asia & Pacific,2012,69436098.0,69555679.37160061
Thailand,THA,East Asia & Pacific,2013,69845114.0,69963100.80864006
Thailand,THA,East Asia & Pacific,2014,70216367.0,70351549.50962141
Thailand,THA,East Asia & Pacific,2015,70540795.0,70699639.39969459
Thailand,THA,East Asia & Pacific,2016,70859841.0,70997284.15057777
Thailand,THA,East Asia & Pacific,2017,71160187.0,71290647.11925672
Thailand,THA,East Asia & Pacific,2018,71376079.0,71565321.00653383
Thailand,THA,East Asia & Pacific,2019,71522271.0,71747138.48891339
Thailand,THA,East Asia & Pacific,2020,71641484.0,71668762.43132894
Thailand,THA,East Asia & Pacific,2021,71727332.0,71940319.8227322
Thailand,THA,East Asia & Pacific,2022,71735329.0,71986537.53283419
Thailand,THA,East Asia & Pacific,2023,71702435.0,71949507.32411684
Thailand,THA,East Asia & Pacific,2024,71668011.0,71870476.09635223
Tajikistan,TJK,Europe & Central Asia,1970,2936779.0,2942543.485461115
Tajikistan,TJK,Europe & Central Asia,1971,3028837.0,3031266.817380405
Tajikistan,TJK,Europe & Central Asia,1972,3123691.0,3124072.010059156
Tajikistan,TJK,Europe & Central Asia,1973,3222290.0,3221515.539918065
Tajikistan,TJK,Europe & Central Asia,1974,3324499.0,3327776.229681495
Tajikistan,TJK,Europe & Central Asia,1975,3430425.0,3432551.425019368
Tajikistan,TJK,Europe & Central Asia,1976,3540076.0,3541186.200502318
Tajikistan,TJK,Europe & Central Asia,1977,3653265.0,3654352.0521246796
Tajikistan,TJK,Europe & Central Asia,1978,3768508.0,3768645.0808401336
Tajikistan,TJK,Europe & Central Asia,1979,3882691.0,3888039.155081691
Tajikistan,TJK,Europe & Central Asia,1980,3995256.0,4008664.1236390457
Tajikistan,TJK,Europe & Central Asia,1981,4109022.0,4111138.4905066704
Tajikistan,TJK,Europe & Central Asia,1982,4227171.0,4226027.517771869
Tajikistan,TJK,Europe & Central Asia,1983,4350874.0,4348651.028157684
Tajikistan,TJK,Europe & Central Asia,1984,4480026.0,4482930.491199864
Tajikistan,TJK,Europe & Central Asia,1985,4619003.0,4614901.4231793545
Tajikistan,TJK,Europe & Central Asia,1986,4772139.0,4754516.665258311
Tajikistan,TJK,Europe & Central Asia,1987,4939059.0,4930351.990171568
Tajikistan,TJK,Europe & Central Asia,1988,5114989.0,5111817.5317835035
Tajikistan,TJK,Europe & Central Asia,1989,5267249.0,5297185.652182613
Tajikistan,TJK,Europe & Central Asia,1990,5398768.0,5431522.576240582
Tajikistan,TJK,Europe & Central Asia,1991,5541205.0,5587368.628266516
Tajikistan,TJK,Europe & Central Asia,1992,5649400.0,5687399.949024627
Tajikistan,TJK,Europe & Central Asia,1993,5724993.0,5759707.567256634
Tajikistan,TJK,Europe & Central Asia,1994,5825368.0,5801597.489225846
Tajikistan,TJK,Europe & Central Asia,1995,5948584.0,5977513.916165352
Tajikistan,TJK,Europe & Central Asia,1996,6066523.0,6096028.4044437725
Tajikistan,TJK,Europe & Central Asia,1997,6139829.0,6206707.200594765
Tajikistan,TJK,Europe & Central Asia,1998,6176397.0,6312395.17140002
Tajikistan,TJK,Europe & Central Asia,1999,6208370.0,6363792.0473597655
Tajikistan,TJK,Europe & Central Asia,2000,6284735.0,6305512.083277619
Tajikistan,TJK,Europe & Central Asia,2001,6407377.0,6373277.514572086
Tajikistan,TJK,Europe & Central Asia,2002,6531669.0,6532412.267409358
Tajikistan,TJK,Europe & Central Asia,2003,6658575.0,6628041.017871448
Tajikistan,TJK,Europe & Central Asia,2004,6790547.0,6758217.678756929
Tajikistan,TJK,Europe & Central Asia,2005,6924720.0,6925134.665966863
Tajikistan,TJK,Europe & Central Asia,2006,7057566.0,7027274.598522411
Tajikistan,TJK,Europe & Central Asia,2007,7194477.0,7167653.822527776
Tajikistan,TJK,Europe & Central Asia,2008,7338403.0,7297652.666067738
Tajikistan,TJK,Europe & Central Asia,2009,7490230.0,7469592.325903912
Tajikistan,TJK,Europe & Central Asia,2010,7652141.0,7630627.777904188
Tajikistan,TJK,Europe & Central Asia,2011,7824785.0,7817471.602658951
Tajikistan,TJK,Europe & Central Asia,2012,8014084.0,8001324.112365662
Tajikistan,TJK,Europe & Central Asia,2013,8216724.0,8207962.564513414
Tajikistan,TJK,Europe & Central Asia,2014,8425552.0,8421895.625658937
Tajikistan,TJK,Europe & Central Asia,2015,8643840.0,8611224.521939367
Tajikistan,TJK,Europe & Central Asia,2016,8865631.0,8840793.690893935
Tajikistan,TJK,Europe & Central Asia,2017,9085946.0,9073699.828185905
Tajikistan,TJK,Europe & Central Asia,2018,9307333.0,9304200.391747227
Tajikistan,TJK,Europe & Central Asia,2019,9529966.0,9531096.302553091
Tajikistan,TJK,Europe & Central Asia,2020,9749310.0,9775595.179691765
Tajikistan,TJK,Europe & Central Asia,2021,9966908.0,9973812.977973385
Tajikistan,TJK,Europe & Central Asia,2022,10182222.0,10189362.640246715
Tajikistan,TJK,Europe & Central Asia,2023,10389799.0,10405784.141676292
Tajikistan,TJK,Europe & Central Asia,2024,10590927.0,10634718.523170842
Turkmenistan,TKM,Europe & Central Asia,1970,2195616.0,2196482.0525114904
Turkmenistan,TKM,Europe & Central Asia,1971,2253119.0,2259633.1949262386
Turkmenistan,TKM,Europe & Central Asia,1972,2311430.0,2317393.954166164
Turkmenistan,TKM,Europe & Central Asia,1973,2370919.0,2375953.170761677
Turkmenistan,TKM,Europe & Central Asia,1974,2432028.0,2435725.4998537004
Turkmenistan,TKM,Europe & Central Asia,1975,2494570.0,2497358.3512731805
Turkmenistan,TKM,Europe & Central Asia,1976,2558521.0,2560709.8701212932
Turkmenistan,TKM,Europe & Central Asia,1977,2623948.0,2625625.420304301
Turkmenistan,TKM,Europe & Central Asia,1978,2691088.0,2692194.089110896
Turkmenistan,TKM,Europe & Central Asia,1979,2760358.0,2761678.3888123855
Turkmenistan,TKM,Europe & Central Asia,1980,2832203.0,2831853.444849906
Turkmenistan,TKM,Europe & Central Asia,1981,2907187.0,2904510.2334200135
Turkmenistan,TKM,Europe & Central Asia,1982,2985557.0,2984140.7787687574
Turkmenistan,TKM,Europe & Central Asia,1983,3067534.0,3066024.6235807547
Turkmenistan,TKM,Europe & Central Asia,1984,3154079.0,3151585.211985625
Turkmenistan,TKM,Europe & Central Asia,1985,3247534.0,3242465.7915674173
Turkmenistan,TKM,Europe & Central Asia,1986,3347809.0,3342933.2901392966
Turkmenistan,TKM,Europe & Central Asia,1987,3452731.0,3451180.218622597
Turkmenistan,TKM,Europe & Central Asia,1988,3559363.0,3560941.30768412
Turkmenistan,TKM,Europe & Central Asia,1989,3662459.0,3661336.978003155
Turkmenistan,TKM,Europe & Central Asia,1990,3760562.0,3768582.523440035
Turkmenistan,TKM,Europe & Central Asia,1991,3855894.0,3875076.5249993205
Turkmenistan,TKM,Europe & Central Asia,1992,3944689.0,3953642.7107693898
Turkmenistan,TKM,Europe & Central Asia,1993,4032407.0,4035528.8055049456
Turkmenistan,TKM,Europe & Central Asia,1994,4116662.0,4122075.584073223
Turkmenistan,TKM,Europe & Central Asia,1995,4191203.0,4226576.253307792
Turkmenistan,TKM,Europe & Central Asia,1996,4263819.0,4297151.801542761
Turkmenistan,TKM,Europe & Central Asia,1997,4336730.0,4364962.699996343
Turkmenistan,TKM,Europe & Central Asia,1998,4410507.0,4432968.190341138
Turkmenistan,TKM,Europe & Central Asia,1999,4492170.0,4502516.087202445
Turkmenistan,TKM,Europe & Central Asia,2000,4582677.0,4581802.511007887
Turkmenistan,TKM,Europe & Central Asia,2001,4675409.0,4671415.387516616
Turkmenistan,TKM,Europe & Central Asia,2002,4769465.0,4755685.130368311
Turkmenistan,TKM,Europe & Central Asia,2003,4863865.0,4859254.596450779
Turkmenistan,TKM,Europe & Central Asia,2004,4958093.0,4960246.04931875
Turkmenistan,TKM,Europe & Central Asia,2005,5052257.0,5051534.384688205
Turkmenistan,TKM,Europe & Central Asia,2006,5147105.0,5147051.766011641
Turkmenistan,TKM,Europe & Central Asia,2007,5244046.0,5250368.777029721
Turkmenistan,TKM,Europe & Central Asia,2008,5345029.0,5345904.603008296
Turkmenistan,TKM,Europe & Central Asia,2009,5451592.0,5449274.788067832
Turkmenistan,TKM,Europe & Central Asia,2010,5564356.0,5557766.752679412
Turkmenistan,TKM,Europe & Central Asia,2011,5683417.0,5665990.593799754
Turkmenistan,TKM,Europe & Central Asia,2012,5808546.0,5804985.900462127
Turkmenistan,TKM,Europe & Central Asia,2013,5939341.0,5936230.130030654
Turkmenistan,TKM,Europe & Central Asia,2014,6075283.0,6073081.200325632
Turkmenistan,TKM,Europe & Central Asia,2015,6215770.0,6201038.11235841
Turkmenistan,TKM,Europe & Central Asia,2016,6360041.0,6347380.876537491
Turkmenistan,TKM,Europe & Central Asia,2017,6507061.0,6497814.703220326
Turkmenistan,TKM,Europe & Central Asia,2018,6655524.0,6650829.68043498
Turkmenistan,TKM,Europe & Central Asia,2019,6803944.0,6804681.964380431
Turkmenistan,TKM,Europe & Central Asia,2020,6949912.0,6958164.212470897
Turkmenistan,TKM,Europe & Central Asia,2021,7092043.0,7115712.843259356
Turkmenistan,TKM,Europe & Central Asia,2022,7230193.0,7237157.662261849
Turkmenistan,TKM,Europe & Central Asia,2023,7364438.0,7371034.103813136
Turkmenistan,TKM,Europe & Central Asia,2024,7494498.0,7501175.564365299
Timor-Leste,TLS,East Asia & Pacific,1970,553069.0,552426.3586296798
Timor-Leste,TLS,East Asia & Pacific,1971,562966.0,562458.88757345
Timor-Leste,TLS,East Asia & Pacific,1972,572962.0,572659.1236321022
Timor-Leste,TLS,East Asia & Pacific,1973,582855.0,582931.3650079997
Timor-Leste,TLS,East Asia & Pacific,1974,590827.0,593015.3010281303
Timor-Leste,TLS,East Asia & Pacific,1975,598158.0,602688.0449492126
Timor-Leste,TLS,East Asia & Pacific,1976,607620.0,605579.9632806226
Timor-Leste,TLS,East Asia & Pacific,1977,618315.0,617613.6976270312
Timor-Leste,TLS,East Asia & Pacific,1978,628775.0,628481.3374100665
Timor-Leste,TLS,East Asia & Pacific,1979,638719.0,639056.4554257577
Timor-Leste,TLS,East Asia & Pacific,1980,649871.0,648406.703686006
Timor-Leste,TLS,East Asia & Pacific,1981,660493.0,658866.2537629192
Timor-Leste,TLS,East Asia & Pacific,1982,669149.0,671007.0862006971
Timor-Leste,TLS,East Asia & Pacific,1983,677707.0,680407.1616497131
Timor-Leste,TLS,East Asia & Pacific,1984,686777.0,690693.5915158566
Timor-Leste,TLS,East Asia & Pacific,1985,696665.0,695921.3464202944
Timor-Leste,TLS,East Asia & Pacific,1986,707185.0,707334.2672358983
Timor-Leste,TLS,East Asia & Pacific,1987,718476.0,717815.3950717424
Timor-Leste,TLS,East Asia & Pacific,1988,730745.0,729196.8046773081
Timor-Leste,TLS,East Asia & Pacific,1989,744856.0,739618.14773577
Timor-Leste,TLS,East Asia & Pacific,1990,760345.0,759239.4894123304
Timor-Leste,TLS,East Asia & Pacific,1991,778278.0,776156.0878965849
Timor-Leste,TLS,East Asia & Pacific,1992,799318.0,796633.9559321171
Timor-Leste,TLS,East Asia & Pacific,1993,821437.0,820926.7961498667
Timor-Leste,TLS,East Asia & Pacific,1994,844493.0,844168.0845221507
Timor-Leste,TLS,East Asia & Pacific,1995,868146.0,862743.781070493
Timor-Leste,TLS,East Asia & Pacific,1996,892282.0,888154.0348335278
Timor-Leste,TLS,East Asia & Pacific,1997,917184.0,914021.8125311532
Timor-Leste,TLS,East Asia & Pacific,1998,942530.0,940635.907644735
Timor-Leste,TLS,East Asia & Pacific,1999,834697.0,965942.034683491
Timor-Leste,TLS,East Asia & Pacific,2000,745088.0,937238.614424392
Timor-Leste,TLS,East Asia & Pacific,2001,812249.0,665090.4232983572
Timor-Leste,TLS,East Asia & Pacific,2002,879159.0,836853.2656227
Timor-Leste,TLS,East Asia & Pacific,2003,916878.0,837124.8958070204
Timor-Leste,TLS,East Asia & Pacific,2004,929074.0,852377.9265392984
Timor-Leste,TLS,East Asia & Pacific,2005,948311.0,936102.4533351659
Timor-Leste,TLS,East Asia & Pacific,2006,976597.0,954749.6921365961
Timor-Leste,TLS,East Asia & Pacific,2007,1004889.0,983431.5845677544
Timor-Leste,TLS,East Asia & Pacific,2008,1032429.0,1000569.2327037104
Timor-Leste,TLS,East Asia & Pacific,2009,1058782.0,1073688.9278743507
Timor-Leste,TLS,East Asia & Pacific,2010,1084679.0,1119897.8437022918
Timor-Leste,TLS,East Asia & Pacific,2011,1110207.0,1126254.5673872223
Timor-Leste,TLS,East Asia & Pacific,2012,1134885.0,1140909.82982064
Timor-Leste,TLS,East Asia & Pacific,2013,1158695.0,1166307.4901394427
Timor-Leste,TLS,East Asia & Pacific,2014,1181903.0,1187481.289276144
Timor-Leste,TLS,East Asia & Pacific,2015,1205131.0,1211174.4233776592
Timor-Leste,TLS,East Asia & Pacific,2016,1228312.0,1233618.7346091573
Timor-Leste,TLS,East Asia & Pacific,2017,1251703.0,1256021.045129239
Timor-Leste,TLS,East Asia & Pacific,2018,1275959.0,1278778.4484207598
Timor-Leste,TLS,East Asia & Pacific,2019,1300945.0,1302687.706862723
Timor-Leste,TLS,East Asia & Pacific,2020,1326053.0,1327553.2725276814
Timor-Leste,TLS,East Asia & Pacific,2021,1350139.0,1353541.8416653129
Timor-Leste,TLS,East Asia & Pacific,2022,1369295.0,1377961.6166451173
Timor-Leste,TLS,East Asia & Pacific,2023,1384286.0,1400653.2507592249
Timor-Leste,TLS,East Asia & Pacific,2024,1400638.0,1399441.1211305077
Tonga,TON,East Asia & Pacific,1970,84401.0,84445.84987327004
Tonga,TON,East Asia & Pacific,1971,85896.0,85944.72825145924
Tonga,TON,East Asia & Pacific,1972,87356.0,87879.84969434961
Tonga,TON,East Asia & Pacific,1973,88805.0,89268.61311543424
Tonga,TON,East Asia & Pacific,1974,90683.0,90639.39896511177
Tonga,TON,East Asia & Pacific,1975,93017.0,92585.1177421915
Tonga,TON,East Asia & Pacific,1976,95325.0,94348.72994884737
Tonga,TON,East Asia & Pacific,1977,96725.0,97690.2676497197
Tonga,TON,East Asia & Pacific,1978,97204.0,98602.89797069588
Tonga,TON,East Asia & Pacific,1979,97544.0,97685.37212379038
Tonga,TON,East Asia & Pacific,1980,97769.0,97885.18924374762
Tonga,TON,East Asia & Pacific,1981,97909.0,97994.51899964345
Tonga,TON,East Asia & Pacific,1982,97980.0,98049.20047463411
Tonga,TON,East Asia & Pacific,1983,97998.0,99056.24865480058
Tonga,TON,East Asia & Pacific,1984,97990.0,98846.36214429415
Tonga,TON,East Asia & Pacific,1985,97984.0,99391.27508902784
Tonga,TON,East Asia & Pacific,1986,98010.0,98725.86823336112
Tonga,TON,East Asia & Pacific,1987,98376.0,98153.76943720489
Tonga,TON,East Asia & Pacific,1988,98969.0,98382.45713300964
Tonga,TON,East Asia & Pacific,1989,99403.0,99565.57453551586
Tonga,TON,East Asia & Pacific,1990,99700.0,99838.90319249316
Tonga,TON,East Asia & Pacific,1991,99895.0,99901.10171206928
Tonga,TON,East Asia & Pacific,1992,100022.0,100110.29373870144
Tonga,TON,East Asia & Pacific,1993,100103.0,100250.15362832972
Tonga,TON,East Asia & Pacific,1994,100166.0,100624.80530179215
Tonga,TON,East Asia & Pacific,1995,100225.0,100229.03964928091
Tonga,TON,East Asia & Pacific,1996,100275.0,100473.86643219354
Tonga,TON,East Asia & Pacific,1997,100674.0,100488.24274646425
Tonga,TON,East Asia & Pacific,1998,101388.0,100778.61094936832
Tonga,TON,East Asia & Pacific,1999,102046.0,102107.06382093858
Tonga,TON,East Asia & Pacific,2000,102677.0,102708.27037478721
Tonga,TON,East Asia & Pacific,2001,103288.0,103311.90178007452
Tonga,TON,East Asia & Pacific,2002,103874.0,103657.4489886472
Tonga,TON,East Asia & Pacific,2003,104464.0,104301.37639414187
Tonga,TON,East Asia & Pacific,2004,105071.0,104797.51703336026
Tonga,TON,East Asia & Pacific,2005,105671.0,105607.8136504167
Tonga,TON,East Asia & Pacific,2006,106253.0,106344.24834186172
Tonga,TON,East Asia & Pacific,2007,106726.0,106958.01805819504
Tonga,TON,East Asia & Pacific,2008,107020.0,107465.14772271102
Tonga,TON,East Asia & Pacific,2009,107203.0,107314.80989343142
Tonga,TON,East Asia & Pacific,2010,107400.0,107386.3129251171
Tonga,TON,East Asia & Pacific,2011,107570.0,107597.36201183828
Tonga,TON,East Asia & Pacific,2012,107460.0,107759.37377930808
Tonga,TON,East Asia & Pacific,2013,107078.0,107798.16079283903
Tonga,TON,East Asia & Pacific,2014,106609.0,107303.17217100465
Tonga,TON,East Asia & Pacific,2015,106095.0,106713.76980939563
Tonga,TON,East Asia & Pacific,2016,105524.0,106077.49776739563
Tonga,TON,East Asia & Pacific,2017,105356.0,105391.31425186475
Tonga,TON,East Asia & Pacific,2018,105567.0,105172.78909748631
Tonga,TON,East Asia & Pacific,2019,105669.0,105129.42898908559
Tonga,TON,East Asia & Pacific,2020,105704.0,105478.24369071207
Tonga,TON,East Asia & Pacific,2021,105490.0,105739.01159417258
Tonga,TON,East Asia & Pacific,2022,105042.0,105273.5538120397
Tonga,TON,East Asia & Pacific,2023,104597.0,104818.28307466285
Tonga,TON,East Asia & Pacific,2024,104175.0,104749.34948545053
Trinidad and Tobago,TTO,Latin America & Caribbean ,1970,991471.0,997074.290642811
Trinidad and Tobago,TTO,Latin America & Caribbean ,1971,1002585.0,1006857.6851136525
Trinidad and Tobago,TTO,Latin America & Caribbean ,1972,1014921.0,1017192.4508455297
Trinidad and Tobago,TTO,Latin America & Caribbean ,1973,1027851.0,1028976.1885715075
Trinidad and Tobago,TTO,Latin America & Caribbean ,1974,1040761.0,1041477.910834618
Trinidad and Tobago,TTO,Latin America & Caribbean ,1975,1053469.0,1054239.4468165531
Trinidad and Tobago,TTO,Latin America & Caribbean ,1976,1066311.0,1066097.7518650242
Trinidad and Tobago,TTO,Latin America & Caribbean ,1977,1079554.0,1079274.7888474653
Trinidad and Tobago,TTO,Latin America & Caribbean ,1978,1093380.0,1092588.5628420718
Trinidad and Tobago,TTO,Latin America & Caribbean ,1979,1107639.0,1106043.6346562002
Trinidad and Tobago,TTO,Latin America & Caribbean ,1980,1121744.0,1120633.5076467858
Trinidad and Tobago,TTO,Latin America & Caribbean ,1981,1135132.0,1135827.9608183622
Trinidad and Tobago,TTO,Latin America & Caribbean ,1982,1147927.0,1149479.40066953
Trinidad and Tobago,TTO,Latin America & Caribbean ,1983,1160534.0,1160873.1762986446
Trinidad and Tobago,TTO,Latin America & Caribbean ,1984,1172984.0,1173280.6820906939
Trinidad and Tobago,TTO,Latin America & Caribbean ,1985,1187366.0,1185570.309966247
Trinidad and Tobago,TTO,Latin America & Caribbean ,1986,1203124.0,1201635.9711244479
Trinidad and Tobago,TTO,Latin America & Caribbean ,1987,1217364.0,1217690.7912859572
Trinidad and Tobago,TTO,Latin America & Caribbean ,1988,1230069.0,1231121.885130508
Trinidad and Tobago,TTO,Latin America & Caribbean ,1989,1241600.0,1244875.339340458
Trinidad and Tobago,TTO,Latin America & Caribbean ,1990,1252208.0,1257944.7707399116
Trinidad and Tobago,TTO,Latin America & Caribbean ,1991,1262171.0,1262906.6328101766
Trinidad and Tobago,TTO,Latin America & Caribbean ,1992,1271674.0,1272213.269091844
Trinidad and Tobago,TTO,Latin America & Caribbean ,1993,1280466.0,1281248.5489625516
Trinidad and Tobago,TTO,Latin America & Caribbean ,1994,1288341.0,1292997.56500421
Trinidad and Tobago,TTO,Latin America & Caribbean ,1995,1295169.0,1300077.260538976
Trinidad and Tobago,TTO,Latin America & Caribbean ,1996,1300928.0,1305821.284535851
Trinidad and Tobago,TTO,Latin America & Caribbean ,1997,1305836.0,1310560.2673591778
Trinidad and Tobago,TTO,Latin America & Caribbean ,1998,1310225.0,1314537.739325918
Trinidad and Tobago,TTO,Latin America & Caribbean ,1999,1314708.0,1318097.2735788492
Trinidad and Tobago,TTO,Latin America & Caribbean ,2000,1319774.0,1321854.6706498733
Trinidad and Tobago,TTO,Latin America & Caribbean ,2001,1325567.0,1326340.5274632636
Trinidad and Tobago,TTO,Latin America & Caribbean ,2002,1332011.0,1331694.9986271923
Trinidad and Tobago,TTO,Latin America & Caribbean ,2003,1338709.0,1337340.4296703648
Trinidad and Tobago,TTO,Latin America & Caribbean ,2004,1345380.0,1344419.177752814
Trinidad and Tobago,TTO,Latin America & Caribbean ,2005,1294494.0,1352086.3058805384
Trinidad and Tobago,TTO,Latin America & Caribbean ,2006,1297944.0,1332604.8106961644
Trinidad and Tobago,TTO,Latin America & Caribbean ,2007,1303188.0,1319415.7580135204
Trinidad and Tobago,TTO,Latin America & Caribbean ,2008,1308587.0,1309980.3518692013
Trinidad and Tobago,TTO,Latin America & Caribbean ,2009,1310106.0,1304106.2576087648
Trinidad and Tobago,TTO,Latin America & Caribbean ,2010,1317714.0,1300147.737011551
Trinidad and Tobago,TTO,Latin America & Caribbean ,2011,1328019.0,1300845.4272188125
Trinidad and Tobago,TTO,Latin America & Caribbean ,2012,1335194.0,1307265.9662343012
Trinidad and Tobago,TTO,Latin America & Caribbean ,2013,1340557.0,1318096.2890988141
Trinidad and Tobago,TTO,Latin America & Caribbean ,2014,1345343.0,1332723.377683059
Trinidad and Tobago,TTO,Latin America & Caribbean ,2015,1349667.0,1351109.889242012
Trinidad and Tobago,TTO,Latin America & Caribbean ,2016,1353895.0,1357464.0686000236
Trinidad and Tobago,TTO,Latin America & Caribbean ,2017,1356633.0,1362737.5234536713
Trinidad and Tobago,TTO,Latin America & Caribbean ,2018,1359193.0,1362095.4127152283
Trinidad and Tobago,TTO,Latin America & Caribbean ,2019,1363985.0,1364774.4240228953
Trinidad and Tobago,TTO,Latin America & Caribbean ,2020,1366725.0,1371455.8347573983
Trinidad and Tobago,TTO,Latin America & Caribbean ,2021,1367558.0,1372788.254936869
Trinidad and Tobago,TTO,Latin America & Caribbean ,2022,1365805.0,1373964.5424478245
Trinidad and Tobago,TTO,Latin America & Caribbean ,2023,1367510.0,1368663.676858878
Trinidad and Tobago,TTO,Latin America & Caribbean ,2024,1368333.0,1369990.4880434242
Tunisia,TUN,"Middle East, North Africa, Afghanistan & Pakistan",1970,5131396.0,5094124.404055927
Tunisia,TUN,"Middle East, North Africa, Afghanistan & Pakistan",1971,5261658.0,5230977.809368559
Tunisia,TUN,"Middle East, North Africa, Afghanistan & Pakistan",1972,5396557.0,5371459.282039017
Tunisia,TUN,"Middle East, North Africa, Afghanistan & Pakistan",1973,5537242.0,5516602.597432995
Tunisia,TUN,"Middle East, North Africa, Afghanistan & Pakistan",1974,5684674.0,5649560.884445967
Tunisia,TUN,"Middle East, North Africa, Afghanistan & Pakistan",1975,5839262.0,5813066.547805697
Tunisia,TUN,"Middle East, North Africa, Afghanistan & Pakistan",1976,5996994.0,5976663.814341238
Tunisia,TUN,"Middle East, North Africa, Afghanistan & Pakistan",1977,6155931.0,6159579.794170201
Tunisia,TUN,"Middle East, North Africa, Afghanistan & Pakistan",1978,6309390.0,6316874.378759274
Tunisia,TUN,"Middle East, North Africa, Afghanistan & Pakistan",1979,6456419.0,6473946.180355217
Tunisia,TUN,"Middle East, North Africa, Afghanistan & Pakistan",1980,6606195.0,6606874.247045337
Tunisia,TUN,"Middle East, North Africa, Afghanistan & Pakistan",1981,6758284.0,6759403.298236845
Tunisia,TUN,"Middle East, North Africa, Afghanistan & Pakistan",1982,6908642.0,6913874.420136976
Tunisia,TUN,"Middle East, North Africa, Afghanistan & Pakistan",1983,7053800.0,7080605.296165453
Tunisia,TUN,"Middle East, North Africa, Afghanistan & Pakistan",1984,7220044.0,7224974.379150083
Tunisia,TUN,"Middle East, North Africa, Afghanistan & Pakistan",1985,7409903.0,7392344.125226163
Tunisia,TUN,"Middle East, North Africa, Afghanistan & Pakistan",1986,7600301.0,7574937.5177906165
Tunisia,TUN,"Middle East, North Africa, Afghanistan & Pakistan",1987,7789987.0,7780306.616682429
Tunisia,TUN,"Middle East, North Africa, Afghanistan & Pakistan",1988,7974440.0,7984407.125663851
Tunisia,TUN,"Middle East, North Africa, Afghanistan & Pakistan",1989,8151660.0,8163739.379414651
Tunisia,TUN,"Middle East, North Africa, Afghanistan & Pakistan",1990,8324509.0,8344355.791281325
Tunisia,TUN,"Middle East, North Africa, Afghanistan & Pakistan",1991,8501827.0,8519550.220919343
Tunisia,TUN,"Middle East, North Africa, Afghanistan & Pakistan",1992,8682512.0,8682922.000150258
Tunisia,TUN,"Middle East, North Africa, Afghanistan & Pakistan",1993,8857910.0,8867037.006329251
Tunisia,TUN,"Middle East, North Africa, Afghanistan & Pakistan",1994,9018448.0,9061551.835612833
Tunisia,TUN,"Middle East, North Africa, Afghanistan & Pakistan",1995,9161258.0,9217468.774344537
Tunisia,TUN,"Middle East, North Africa, Afghanistan & Pakistan",1996,9294432.0,9353394.88226296
Tunisia,TUN,"Middle East, North Africa, Afghanistan & Pakistan",1997,9421270.0,9429541.90403411
Tunisia,TUN,"Middle East, North Africa, Afghanistan & Pakistan",1998,9541667.0,9549838.915889693
Tunisia,TUN,"Middle East, North Africa, Afghanistan & Pakistan",1999,9655963.0,9663602.586613325
Tunisia,TUN,"Middle East, North Africa, Afghanistan & Pakistan",2000,9764935.0,9816467.946433209
Tunisia,TUN,"Middle East, North Africa, Afghanistan & Pakistan",2001,9869677.0,9916336.545318792
Tunisia,TUN,"Middle East, North Africa, Afghanistan & Pakistan",2002,9971515.0,10011235.528475542
Tunisia,TUN,"Middle East, North Africa, Afghanistan & Pakistan",2003,10071632.0,10103718.928649837
Tunisia,TUN,"Middle East, North Africa, Afghanistan & Pakistan",2004,10166163.0,10195994.44278007
Tunisia,TUN,"Middle East, North Africa, Afghanistan & Pakistan",2005,10255472.0,10284413.434329512
Tunisia,TUN,"Middle East, North Africa, Afghanistan & Pakistan",2006,10346410.0,10368316.936769607
Tunisia,TUN,"Middle East, North Africa, Afghanistan & Pakistan",2007,10441702.0,10454731.413607785
Tunisia,TUN,"Middle East, North Africa, Afghanistan & Pakistan",2008,10542635.0,10546843.363772247
Tunisia,TUN,"Middle East, North Africa, Afghanistan & Pakistan",2009,10650681.0,10646048.752054183
Tunisia,TUN,"Middle East, North Africa, Afghanistan & Pakistan",2010,10765980.0,10750050.580893165
Tunisia,TUN,"Middle East, North Africa, Afghanistan & Pakistan",2011,10886035.0,10882464.938251974
Tunisia,TUN,"Middle East, North Africa, Afghanistan & Pakistan",2012,11009647.0,11007406.570556061
Tunisia,TUN,"Middle East, North Africa, Afghanistan & Pakistan",2013,11141361.0,11134130.76071454
Tunisia,TUN,"Middle East, North Africa, Afghanistan & Pakistan",2014,11274288.0,11255333.63027937
Tunisia,TUN,"Middle East, North Africa, Afghanistan & Pakistan",2015,11402264.0,11393489.56322425
Tunisia,TUN,"Middle East, North Africa, Afghanistan & Pakistan",2016,11528674.0,11526021.255268613
Tunisia,TUN,"Middle East, North Africa, Afghanistan & Pakistan",2017,11650498.0,11656270.322888458
Tunisia,TUN,"Middle East, North Africa, Afghanistan & Pakistan",2018,11765514.0,11787253.817283092
Tunisia,TUN,"Middle East, North Africa, Afghanistan & Pakistan",2019,11875081.0,11881758.181490181
Tunisia,TUN,"Middle East, North Africa, Afghanistan & Pakistan",2020,11974057.0,11985727.449952891
Tunisia,TUN,"Middle East, North Africa, Afghanistan & Pakistan",2021,12048622.0,12075505.26755833
Tunisia,TUN,"Middle East, North Africa, Afghanistan & Pakistan",2022,12119334.0,12135498.831620695
Tunisia,TUN,"Middle East, North Africa, Afghanistan & Pakistan",2023,12200431.0,12190461.000545565
Tunisia,TUN,"Middle East, North Africa, Afghanistan & Pakistan",2024,12277109.0,12307896.493932927
Turkiye,TUR,Europe & Central Asia,1970,36638465.0,36729455.95385989
Turkiye,TUR,Europe & Central Asia,1971,37518611.0,37585986.87271684
Turkiye,TUR,Europe & Central Asia,1972,38430221.0,38474816.591103606
Turkiye,TUR,Europe & Central Asia,1973,39329533.0,39397585.693308346
Turkiye,TUR,Europe & Central Asia,1974,40210234.0,40260330.04198127
Turkiye,TUR,Europe & Central Asia,1975,41053126.0,41194958.52642684
Turkiye,TUR,Europe & Central Asia,1976,41899984.0,42036875.27655392
Turkiye,TUR,Europe & Central Asia,1977,42773298.0,42877525.6264275
Turkiye,TUR,Europe & Central Asia,1978,43645306.0,43748500.19706156
Turkiye,TUR,Europe & Central Asia,1979,44510429.0,44618985.63515979
Turkiye,TUR,Europe & Central Asia,1980,45408815.0,45483450.13580847
Turkiye,TUR,Europe & Central Asia,1981,46321190.0,46382420.958062604
Turkiye,TUR,Europe & Central Asia,1982,47322096.0,47357285.180581406
Turkiye,TUR,Europe & Central Asia,1983,48447410.0,48291796.25454247
Turkiye,TUR,Europe & Central Asia,1984,49574069.0,49599483.83387748
Turkiye,TUR,Europe & Central Asia,1985,50687115.0,50726928.794559635
Turkiye,TUR,Europe & Central Asia,1986,51777772.0,51828093.575293995
Turkiye,TUR,Europe & Central Asia,1987,52843670.0,52888627.41131661
Turkiye,TUR,Europe & Central Asia,1988,53909626.0,53978943.06643884
Turkiye,TUR,Europe & Central Asia,1989,54976723.0,55069943.54391841
Turkiye,TUR,Europe & Central Asia,1990,56015628.0,56064942.31383602
Turkiye,TUR,Europe & Central Asia,1991,57009887.0,57074809.52671273
Turkiye,TUR,Europe & Central Asia,1992,57990118.0,58201953.436558306
Turkiye,TUR,Europe & Central Asia,1993,58999167.0,59160244.64209027
Turkiye,TUR,Europe & Central Asia,1994,60033836.0,60151872.64618593
Turkiye,TUR,Europe & Central Asia,1995,61024503.0,61173394.830306634
Turkiye,TUR,Europe & Central Asia,1996,61951134.0,62149433.931015626
Turkiye,TUR,Europe & Central Asia,1997,62852966.0,63055385.654298715
Turkiye,TUR,Europe & Central Asia,1998,63734383.0,63934892.58684238
Turkiye,TUR,Europe & Central Asia,1999,64591923.0,64790588.448774695
Turkiye,TUR,Europe & Central Asia,2000,65425961.0,65461001.11944009
Turkiye,TUR,Europe & Central Asia,2001,66245128.0,66434453.26926752
Turkiye,TUR,Europe & Central Asia,2002,67048795.0,67232780.95399521
Turkiye,TUR,Europe & Central Asia,2003,67831730.0,68009088.54332173
Turkiye,TUR,Europe & Central Asia,2004,68592617.0,68759041.0668905
Turkiye,TUR,Europe & Central Asia,2005,69329557.0,69490055.20242235
Turkiye,TUR,Europe & Central Asia,2006,70045349.0,70202431.14601797
Turkiye,TUR,Europe & Central Asia,2007,70158112.0,70893672.1735507
Turkiye,TUR,Europe & Central Asia,2008,71051678.0,71513939.50939524
Turkiye,TUR,Europe & Central Asia,2009,72039206.0,72053976.32303786
Turkiye,TUR,Europe & Central Asia,2010,73142150.0,72731755.70346232
Turkiye,TUR,Europe & Central Asia,2011,74223629.0,73579774.37210631
Turkiye,TUR,Europe & Central Asia,2012,75175827.0,75064767.39426409
Turkiye,TUR,Europe & Central Asia,2013,76147624.0,76039422.53411219
Turkiye,TUR,Europe & Central Asia,2014,77181884.0,77036844.46919353
Turkiye,TUR,Europe & Central Asia,2015,78218479.0,77932111.79145147
Turkiye,TUR,Europe & Central Asia,2016,79277962.0,79162423.52876838
Turkiye,TUR,Europe & Central Asia,2017,80312698.0,80361936.09858438
Turkiye,TUR,Europe & Central Asia,2018,81407204.0,81413783.04895237
Turkiye,TUR,Europe & Central Asia,2019,82579440.0,82534575.55977635
Turkiye,TUR,Europe & Central Asia,2020,83384680.0,83632272.29750577
Turkiye,TUR,Europe & Central Asia,2021,84147318.0,84645475.61924651
Turkiye,TUR,Europe & Central Asia,2022,84979913.0,84919675.35821562
Turkiye,TUR,Europe & Central Asia,2023,85325965.0,85821097.17392522
Turkiye,TUR,Europe & Central Asia,2024,85518661.0,85849453.17476977
Tuvalu,TUV,East Asia & Pacific,1970,5663.0,5634.678580376182
Tuvalu,TUV,East Asia & Pacific,1971,5685.0,5638.689496557235
Tuvalu,TUV,East Asia & Pacific,1972,5692.0,5630.837828346784
Tuvalu,TUV,East Asia & Pacific,1973,5681.0,5699.008619695607
Tuvalu,TUV,East Asia & Pacific,1974,5822.0,5673.195726835548
Tuvalu,TUV,East Asia & Pacific,1975,6117.0,5729.3207073234435
Tuvalu,TUV,East Asia & Pacific,1976,6404.0,6426.94760788029
Tuvalu,TUV,East Asia & Pacific,1977,6686.0,6704.465591267179
Tuvalu,TUV,East Asia & Pacific,1978,6957.0,6980.417864323677
Tuvalu,TUV,East Asia & Pacific,1979,7184.0,7122.40228369613
Tuvalu,TUV,East Asia & Pacific,1980,7366.0,7376.431031691367
Tuvalu,TUV,East Asia & Pacific,1981,7526.0,7586.557231495642
Tuvalu,TUV,East Asia & Pacific,1982,7664.0,7901.134557800909
Tuvalu,TUV,East Asia & Pacific,1983,7789.0,7804.530428597441
Tuvalu,TUV,East Asia & Pacific,1984,7902.0,8045.021082710149
Tuvalu,TUV,East Asia & Pacific,1985,8046.0,8130.034887539625
Tuvalu,TUV,East Asia & Pacific,1986,8217.0,8252.667068280582
Tuvalu,TUV,East Asia & Pacific,1987,8371.0,8459.799820864688
Tuvalu,TUV,East Asia & Pacific,1988,8518.0,8558.61896648373
Tuvalu,TUV,East Asia & Pacific,1989,8662.0,8680.648298878583
Tuvalu,TUV,East Asia & Pacific,1990,8798.0,8820.231129655755
Tuvalu,TUV,East Asia & Pacific,1991,8928.0,8965.97601308518
Tuvalu,TUV,East Asia & Pacific,1992,9038.0,9080.845501023876
Tuvalu,TUV,East Asia & Pacific,1993,9126.0,9149.355287604996
Tuvalu,TUV,East Asia & Pacific,1994,9207.0,9214.85682745182
Tuvalu,TUV,East Asia & Pacific,1995,9280.0,9345.926803495036
Tuvalu,TUV,East Asia & Pacific,1996,9342.0,9406.292827021482
Tuvalu,TUV,East Asia & Pacific,1997,9400.0,9456.614726494632
Tuvalu,TUV,East Asia & Pacific,1998,9451.0,9503.47243207297
Tuvalu,TUV,East Asia & Pacific,1999,9496.0,9542.942751891063
Tuvalu,TUV,East Asia & Pacific,2000,9544.0,9576.900956254623
Tuvalu,TUV,East Asia & Pacific,2001,9586.0,9615.114209264204
Tuvalu,TUV,East Asia & Pacific,2002,9623.0,9648.904146998078
Tuvalu,TUV,East Asia & Pacific,2003,9695.0,9679.849518600431
Tuvalu,TUV,East Asia & Pacific,2004,9816.0,9748.766815625331
Tuvalu,TUV,East Asia & Pacific,2005,9940.0,9938.510158210749
Tuvalu,TUV,East Asia & Pacific,2006,10056.0,10065.56642284277
Tuvalu,TUV,East Asia & Pacific,2007,10182.0,10173.35372278919
Tuvalu,TUV,East Asia & Pacific,2008,10321.0,10266.635123812095
Tuvalu,TUV,East Asia & Pacific,2009,10461.0,10416.981573170258
Tuvalu,TUV,East Asia & Pacific,2010,10614.0,10568.188489299913
Tuvalu,TUV,East Asia & Pacific,2011,10780.0,10691.776171854059
Tuvalu,TUV,East Asia & Pacific,2012,10934.0,10877.126823036682
Tuvalu,TUV,East Asia & Pacific,2013,11001.0,11081.046748613393
Tuvalu,TUV,East Asia & Pacific,2014,10984.0,11186.52380372795
Tuvalu,TUV,East Asia & Pacific,2015,10963.0,10967.026272772528
Tuvalu,TUV,East Asia & Pacific,2016,10930.0,10942.040148239448
Tuvalu,TUV,East Asia & Pacific,2017,10869.0,10897.09933460062
Tuvalu,TUV,East Asia & Pacific,2018,10751.0,10808.340440228481
Tuvalu,TUV,East Asia & Pacific,2019,10581.0,10783.714256986965
Tuvalu,TUV,East Asia & Pacific,2020,10399.0,10577.33943116996
Tuvalu,TUV,East Asia & Pacific,2021,10194.0,10357.50653527399
Tuvalu,TUV,East Asia & Pacific,2022,9992.0,10114.933161272622
Tuvalu,TUV,East Asia & Pacific,2023,9816.0,9885.76373704044
Tuvalu,TUV,East Asia & Pacific,2024,9646.0,9694.143289108148
Tanzania,TZA,Sub-Saharan Africa ,1970,13492677.0,13441327.257267635
Tanzania,TZA,Sub-Saharan Africa ,1971,13971451.0,13964602.439768802
Tanzania,TZA,Sub-Saharan Africa ,1972,14479308.0,14423894.72328917
Tanzania,TZA,Sub-Saharan Africa ,1973,15010101.0,14958838.372675644
Tanzania,TZA,Sub-Saharan Africa ,1974,15561630.0,15517608.940654866
Tanzania,TZA,Sub-Saharan Africa ,1975,16138361.0,16098044.82168031
Tanzania,TZA,Sub-Saharan Africa ,1976,16736211.0,16704548.086294865
Tanzania,TZA,Sub-Saharan Africa ,1977,17352929.0,17333478.111782268
Tanzania,TZA,Sub-Saharan Africa ,1978,17976566.0,17980773.375729874
Tanzania,TZA,Sub-Saharan Africa ,1979,18592038.0,18629060.297161102
Tanzania,TZA,Sub-Saharan Africa ,1980,19189769.0,19302510.539492264
Tanzania,TZA,Sub-Saharan Africa ,1981,19784703.0,19806870.36331217
Tanzania,TZA,Sub-Saharan Africa ,1982,20398571.0,20398081.5405274
Tanzania,TZA,Sub-Saharan Africa ,1983,21079874.0,21031485.73090526
Tanzania,TZA,Sub-Saharan Africa ,1984,21779066.0,21802835.6347375
Tanzania,TZA,Sub-Saharan Africa ,1985,22501693.0,22516636.98429397
Tanzania,TZA,Sub-Saharan Africa ,1986,23258959.0,23259657.35834786
Tanzania,TZA,Sub-Saharan Africa ,1987,24030378.0,23999523.855883155
Tanzania,TZA,Sub-Saharan Africa ,1988,24769686.0,24817917.40291282
Tanzania,TZA,Sub-Saharan Africa ,1989,25438759.0,25585217.42125485
Tanzania,TZA,Sub-Saharan Africa ,1990,26110207.0,26125904.847691234
Tanzania,TZA,Sub-Saharan Africa ,1991,26780436.0,26799377.656909533
Tanzania,TZA,Sub-Saharan Africa ,1992,27457588.0,27467869.265316196
Tanzania,TZA,Sub-Saharan Africa ,1993,28332692.0,28151862.007863257
Tanzania,TZA,Sub-Saharan Africa ,1994,29442356.0,29173136.675748546
Tanzania,TZA,Sub-Saharan Africa ,1995,30383497.0,30116019.19493361
Tanzania,TZA,Sub-Saharan Africa ,1996,30945762.0,31299104.81122841
Tanzania,TZA,Sub-Saharan Africa ,1997,31578089.0,31910269.427481126
Tanzania,TZA,Sub-Saharan Africa ,1998,32420458.0,32710954.34532472
Tanzania,TZA,Sub-Saharan Africa ,1999,33300330.0,33305942.127938416
Tanzania,TZA,Sub-Saharan Africa ,2000,34260139.0,34212740.00942673
Tanzania,TZA,Sub-Saharan Africa ,2001,35198299.0,35210714.565865956
Tanzania,TZA,Sub-Saharan Africa ,2002,36121304.0,36170070.09693182
Tanzania,TZA,Sub-Saharan Africa ,2003,37089555.0,37035389.19530801
Tanzania,TZA,Sub-Saharan Africa ,2004,38109668.0,37947678.110550575
Tanzania,TZA,Sub-Saharan Africa ,2005,39182076.0,39004342.7680138
Tanzania,TZA,Sub-Saharan Africa ,2006,40294902.0,40181896.01472029
Tanzania,TZA,Sub-Saharan Africa ,2007,41435512.0,41359552.87064005
Tanzania,TZA,Sub-Saharan Africa ,2008,42570728.0,42580353.647878535
Tanzania,TZA,Sub-Saharan Africa ,2009,43633982.0,43748464.95864934
Tanzania,TZA,Sub-Saharan Africa ,2010,44758488.0,44886812.85238286
Tanzania,TZA,Sub-Saharan Africa ,2011,46029367.0,45911974.01846713
Tanzania,TZA,Sub-Saharan Africa ,2012,47374260.0,47285676.51149309
Tanzania,TZA,Sub-Saharan Africa ,2013,48824128.0,48633885.69263654
Tanzania,TZA,Sub-Saharan Africa ,2014,50351512.0,50318368.55806069
Tanzania,TZA,Sub-Saharan Africa ,2015,52020962.0,51926677.74143087
Tanzania,TZA,Sub-Saharan Africa ,2016,53824013.0,53745764.1234793
Tanzania,TZA,Sub-Saharan Africa ,2017,55652890.0,55689557.900026515
Tanzania,TZA,Sub-Saharan Africa ,2018,57437145.0,57335032.46402075
Tanzania,TZA,Sub-Saharan Africa ,2019,59174891.0,59218297.861874476
Tanzania,TZA,Sub-Saharan Africa ,2020,60972798.0,61040002.58319741
Tanzania,TZA,Sub-Saharan Africa ,2021,62830412.0,63037732.018363304
Tanzania,TZA,Sub-Saharan Africa ,2022,64711821.0,64744620.57789796
Tanzania,TZA,Sub-Saharan Africa ,2023,66617606.0,66650097.364030086
Tanzania,TZA,Sub-Saharan Africa ,2024,68560157.0,68722989.14695668
Uganda,UGA,Sub-Saharan Africa ,1970,10321603.0,10320433.421591116
Uganda,UGA,Sub-Saharan Africa ,1971,10618206.0,10638520.175240371
Uganda,UGA,Sub-Saharan Africa ,1972,10885796.0,10959096.277306797
Uganda,UGA,Sub-Saharan Africa ,1973,11144236.0,11160129.551885191
Uganda,UGA,Sub-Saharan Africa ,1974,11424846.0,11408811.631711395
Uganda,UGA,Sub-Saharan Africa ,1975,11725240.0,11712521.71191894
Uganda,UGA,Sub-Saharan Africa ,1976,12037294.0,12056793.937027257
Uganda,UGA,Sub-Saharan Africa ,1977,12359669.0,12371356.299653038
Uganda,UGA,Sub-Saharan Africa ,1978,12692113.0,12704065.764470197
Uganda,UGA,Sub-Saharan Africa ,1979,13002163.0,13017619.895662354
Uganda,UGA,Sub-Saharan Africa ,1980,13275741.0,13339890.720139649
Uganda,UGA,Sub-Saharan Africa ,1981,13556452.0,13555075.345452575
Uganda,UGA,Sub-Saharan Africa ,1982,13873631.0,13843098.537279269
Uganda,UGA,Sub-Saharan Africa ,1983,14221881.0,14198231.005095983
Uganda,UGA,Sub-Saharan Africa ,1984,14607677.0,14572194.645947479
Uganda,UGA,Sub-Saharan Africa ,1985,15023681.0,14968902.96164981
Uganda,UGA,Sub-Saharan Africa ,1986,15467579.0,15451532.14868674
Uganda,UGA,Sub-Saharan Africa ,1987,15954170.0,15924592.655743197
Uganda,UGA,Sub-Saharan Africa ,1988,16470483.0,16456068.552921075
Uganda,UGA,Sub-Saharan Africa ,1989,17010698.0,16908941.22850474
Uganda,UGA,Sub-Saharan Africa ,1990,17569897.0,17485768.681117244
Uganda,UGA,Sub-Saharan Africa ,1991,18155901.0,18083517.731020972
Uganda,UGA,Sub-Saharan Africa ,1992,18785032.0,18706519.64132591
Uganda,UGA,Sub-Saharan Africa ,1993,19445161.0,19374937.188090097
Uganda,UGA,Sub-Saharan Africa ,1994,20108801.0,20073121.977822103
Uganda,UGA,Sub-Saharan Africa ,1995,20665667.0,20770845.415080626
Uganda,UGA,Sub-Saharan Africa ,1996,21231550.0,21403103.637999654
Uganda,UGA,Sub-Saharan Africa ,1997,21856046.0,21812928.436650135
Uganda,UGA,Sub-Saharan Africa ,1998,22515806.0,22498910.664072927
Uganda,UGA,Sub-Saharan Africa ,1999,23257281.0,23228263.840119343
Uganda,UGA,Sub-Saharan Africa ,2000,24000150.0,23993245.931142174
Uganda,UGA,Sub-Saharan Africa ,2001,24745676.0,24730197.456336934
Uganda,UGA,Sub-Saharan Africa ,2002,25532870.0,25466184.435091536
Uganda,UGA,Sub-Saharan Africa ,2003,26352124.0,26317215.125439186
Uganda,UGA,Sub-Saharan Africa ,2004,27154515.0,27155662.73885966
Uganda,UGA,Sub-Saharan Africa ,2005,27963289.0,27984408.30671331
Uganda,UGA,Sub-Saharan Africa ,2006,28794003.0,28875479.045737855
Uganda,UGA,Sub-Saharan Africa ,2007,29653430.0,29689913.721219018
Uganda,UGA,Sub-Saharan Africa ,2008,30539553.0,30574883.137896653
Uganda,UGA,Sub-Saharan Africa ,2009,31451151.0,31478153.09720401
Uganda,UGA,Sub-Saharan Africa ,2010,32390802.0,32410436.966564164
Uganda,UGA,Sub-Saharan Africa ,2011,33354543.0,33399327.905115247
Uganda,UGA,Sub-Saharan Africa ,2012,34337438.0,34370840.97866004
Uganda,UGA,Sub-Saharan Africa ,2013,35337042.0,35372898.913751066
Uganda,UGA,Sub-Saharan Africa ,2014,36395539.0,36365885.69201895
Uganda,UGA,Sub-Saharan Africa ,2015,37531446.0,37477047.80717199
Uganda,UGA,Sub-Saharan Africa ,2016,38799152.0,38616834.14752433
Uganda,UGA,Sub-Saharan Africa ,2017,40177388.0,40109677.51626531
Uganda,UGA,Sub-Saharan Africa ,2018,41565831.0,41604582.14243015
Uganda,UGA,Sub-Saharan Africa ,2019,42999637.0,43003277.63684934
Uganda,UGA,Sub-Saharan Africa ,2020,44457152.0,44374801.280705184
Uganda,UGA,Sub-Saharan Africa ,2021,45910930.0,45899376.99760215
Uganda,UGA,Sub-Saharan Africa ,2022,47312719.0,47417152.969293445
Uganda,UGA,Sub-Saharan Africa ,2023,48656601.0,48991787.173380695
Uganda,UGA,Sub-Saharan Africa ,2024,50015092.0,50038654.95487331
Ukraine,UKR,Europe & Central Asia,1970,47261306.0,47461772.00191873
Ukraine,UKR,Europe & Central Asia,1971,47573287.0,47710698.5608258
Ukraine,UKR,Europe & Central Asia,1972,47946893.0,47994648.652089775
Ukraine,UKR,Europe & Central Asia,1973,48277121.0,48350618.779280715
Ukraine,UKR,Europe & Central Asia,1974,48576570.0,48661810.970369905
Ukraine,UKR,Europe & Central Asia,1975,48865229.0,48944854.982310295
Ukraine,UKR,Europe & Central Asia,1976,49120842.0,49293450.80558067
Ukraine,UKR,Europe & Central Asia,1977,49336481.0,49545887.46164725
Ukraine,UKR,Europe & Central Asia,1978,49521243.0,49579923.40579702
Ukraine,UKR,Europe & Central Asia,1979,49721381.0,49706970.148918405
Ukraine,UKR,Europe & Central Asia,1980,49955152.0,49922327.84808809
Ukraine,UKR,Europe & Central Asia,1981,50189281.0,50227189.72897194
Ukraine,UKR,Europe & Central Asia,1982,50402724.0,50444874.86439817
Ukraine,UKR,Europe & Central Asia,1983,50637029.0,50671085.42678585
Ukraine,UKR,Europe & Central Asia,1984,50887599.0,50867420.85190917
Ukraine,UKR,Europe & Central Asia,1985,51108770.0,51087078.14688065
Ukraine,UKR,Europe & Central Asia,1986,51318745.0,51334578.79338628
Ukraine,UKR,Europe & Central Asia,1987,51515732.0,51553513.47771986
Ukraine,UKR,Europe & Central Asia,1988,51724853.0,51778056.37984342
Ukraine,UKR,Europe & Central Asia,1989,51917817.0,51952475.21189692
Ukraine,UKR,Europe & Central Asia,1990,52054092.0,52140746.73810431
Ukraine,UKR,Europe & Central Asia,1991,52170961.0,52191505.247792594
Ukraine,UKR,Europe & Central Asia,1992,52323671.0,52307097.909062296
Ukraine,UKR,Europe & Central Asia,1993,52350126.0,52514683.034348324
Ukraine,UKR,Europe & Central Asia,1994,52075998.0,52443406.86933684
Ukraine,UKR,Europe & Central Asia,1995,51665539.0,51803305.46474873
Ukraine,UKR,Europe & Central Asia,1996,51226109.0,51258315.20788806
Ukraine,UKR,Europe & Central Asia,1997,50786885.0,50790416.47566054
Ukraine,UKR,Europe & Central Asia,1998,50379731.0,50351427.00350474
Ukraine,UKR,Europe & Central Asia,1999,49976446.0,50211669.9234601
Ukraine,UKR,Europe & Central Asia,2000,49556660.0,49750776.6128395
Ukraine,UKR,Europe & Central Asia,2001,49106855.0,49462601.021568544
Ukraine,UKR,Europe & Central Asia,2002,48677281.0,48862156.287537225
Ukraine,UKR,Europe & Central Asia,2003,48315136.0,48331134.60406032
Ukraine,UKR,Europe & Central Asia,2004,47979507.0,47899655.43451321
Ukraine,UKR,Europe & Central Asia,2005,47585556.0,47527062.21655194
Ukraine,UKR,Europe & Central Asia,2006,47278694.0,47197392.23918218
Ukraine,UKR,Europe & Central Asia,2007,47062798.0,46903786.3281855
Ukraine,UKR,Europe & Central Asia,2008,46819175.0,46845814.2270768
Ukraine,UKR,Europe & Central Asia,2009,46623731.0,46480917.55066005
Ukraine,UKR,Europe & Central Asia,2010,46456003.0,46308161.95025329
Ukraine,UKR,Europe & Central Asia,2011,46307853.0,46169862.35644278
Ukraine,UKR,Europe & Central Asia,2012,46210056.0,46051803.358141005
Ukraine,UKR,Europe & Central Asia,2013,46126770.0,45981238.23309111
Ukraine,UKR,Europe & Central Asia,2014,45972380.0,45922127.49348572
Ukraine,UKR,Europe & Central Asia,2015,45784896.0,45796432.422979124
Ukraine,UKR,Europe & Central Asia,2016,45616832.0,45622049.70351343
Ukraine,UKR,Europe & Central Asia,2017,45436041.0,45483509.57116143
Ukraine,UKR,Europe & Central Asia,2018,45208907.0,45285086.58390661
Ukraine,UKR,Europe & Central Asia,2019,44957458.0,44983549.02745942
Ukraine,UKR,Europe & Central Asia,2020,44680014.0,44708007.44421377
Ukraine,UKR,Europe & Central Asia,2021,44298640.0,44503203.352064565
Ukraine,UKR,Europe & Central Asia,2022,41048766.0,44092068.396630965
Ukraine,UKR,Europe & Central Asia,2023,37732836.0,42729380.232993625
Ukraine,UKR,Europe & Central Asia,2024,37860221.0,34684767.665848814
Uruguay,URY,Latin America & Caribbean ,1970,2790807.0,2802545.457499881
Uruguay,URY,Latin America & Caribbean ,1971,2806462.0,2817445.7929631537
Uruguay,URY,Latin America & Caribbean ,1972,2821644.0,2831196.2626425344
Uruguay,URY,Latin America & Caribbean ,1973,2837133.0,2844533.8403374376
Uruguay,URY,Latin America & Caribbean ,1974,2853944.0,2858344.6601060564
Uruguay,URY,Latin America & Caribbean ,1975,2872320.0,2873826.9124489687
Uruguay,URY,Latin America & Caribbean ,1976,2891392.0,2893258.40270302
Uruguay,URY,Latin America & Caribbean ,1977,2909461.0,2908303.051722119
Uruguay,URY,Latin America & Caribbean ,1978,2925715.0,2927191.6992391883
Uruguay,URY,Latin America & Caribbean ,1979,2939903.0,2942083.4164494635
Uruguay,URY,Latin America & Caribbean ,1980,2951953.0,2954182.6916709845
Uruguay,URY,Latin America & Caribbean ,1981,2963246.0,2964074.8164727134
Uruguay,URY,Latin America & Caribbean ,1982,2975492.0,2974583.423964505
Uruguay,URY,Latin America & Caribbean ,1983,2988778.0,2987656.973520197
Uruguay,URY,Latin America & Caribbean ,1984,3002488.0,3004156.227141796
Uruguay,URY,Latin America & Caribbean ,1985,3017037.0,3017312.5683258367
Uruguay,URY,Latin America & Caribbean ,1986,3032845.0,3031101.887697723
Uruguay,URY,Latin America & Caribbean ,1987,3049896.0,3044182.92914014
Uruguay,URY,Latin America & Caribbean ,1988,3067961.0,3067031.2571260124
Uruguay,URY,Latin America & Caribbean ,1989,3086255.0,3085504.1494928906
Uruguay,URY,Latin America & Caribbean ,1990,3104403.0,3101534.233363623
Uruguay,URY,Latin America & Caribbean ,1991,3122354.0,3120486.189783627
Uruguay,URY,Latin America & Caribbean ,1992,3139702.0,3139107.3721885984
Uruguay,URY,Latin America & Caribbean ,1993,3156345.0,3156935.2696389635
Uruguay,URY,Latin America & Caribbean ,1994,3172834.0,3174763.129004682
Uruguay,URY,Latin America & Caribbean ,1995,3189440.0,3189478.2335526957
Uruguay,URY,Latin America & Caribbean ,1996,3206324.0,3206131.176065135
Uruguay,URY,Latin America & Caribbean ,1997,3223345.0,3224197.1562579875
Uruguay,URY,Latin America & Caribbean ,1998,3239280.0,3241091.2466116473
Uruguay,URY,Latin America & Caribbean ,1999,3254015.0,3256751.581540406
Uruguay,URY,Latin America & Caribbean ,2000,3266206.0,3273456.3714905553
Uruguay,URY,Latin America & Caribbean ,2001,3274251.0,3279028.673443665
Uruguay,URY,Latin America & Caribbean ,2002,3278867.0,3282610.929076424
Uruguay,URY,Latin America & Caribbean ,2003,3281186.0,3283489.507673446
Uruguay,URY,Latin America & Caribbean ,2004,3283148.0,3283506.6401794003
Uruguay,URY,Latin America & Caribbean ,2005,3285771.0,3285111.1731684636
Uruguay,URY,Latin America & Caribbean ,2006,3289506.0,3294720.278787344
Uruguay,URY,Latin America & Caribbean ,2007,3295153.0,3296955.4582139915
Uruguay,URY,Latin America & Caribbean ,2008,3302177.0,3301426.3137606694
Uruguay,URY,Latin America & Caribbean ,2009,3310091.0,3305606.139815049
Uruguay,URY,Latin America & Caribbean ,2010,3318580.0,3314984.71356989
Uruguay,URY,Latin America & Caribbean ,2011,3326825.0,3327086.790856676
Uruguay,URY,Latin America & Caribbean ,2012,3335401.0,3332182.303414557
Uruguay,URY,Latin America & Caribbean ,2013,3345337.0,3341468.12901678
Uruguay,URY,Latin America & Caribbean ,2014,3356334.0,3352304.9729934894
Uruguay,URY,Latin America & Caribbean ,2015,3368017.0,3364106.335041976
Uruguay,URY,Latin America & Caribbean ,2016,3379283.0,3376840.907598774
Uruguay,URY,Latin America & Caribbean ,2017,3388438.0,3388753.4344026702
Uruguay,URY,Latin America & Caribbean ,2018,3394534.0,3398164.439217446
Uruguay,URY,Latin America & Caribbean ,2019,3397206.0,3406599.229039815
Uruguay,URY,Latin America & Caribbean ,2020,3398968.0,3399916.3356649014
Uruguay,URY,Latin America & Caribbean ,2021,3396695.0,3400730.913871166
Uruguay,URY,Latin America & Caribbean ,2022,3390913.0,3394423.520195337
Uruguay,URY,Latin America & Caribbean ,2023,3388081.0,3386998.5522848605
Uruguay,URY,Latin America & Caribbean ,2024,3386588.0,3391627.7923421827
United States,USA,North America,1970,205052000.0,205284821.83782512
United States,USA,North America,1971,207661000.0,207573834.25180262
United States,USA,North America,1972,209896000.0,210149802.03618932
United States,USA,North America,1973,211909000.0,212304173.0019064
United States,USA,North America,1974,213854000.0,214404021.6062878
United States,USA,North America,1975,215973000.0,216484839.83735535
United States,USA,North America,1976,218035000.0,218245955.75335747
United States,USA,North America,1977,220239000.0,220116686.9297195
United States,USA,North America,1978,222585000.0,222523861.52298963
United States,USA,North America,1979,225055000.0,224913962.7697372
United States,USA,North America,1980,227225000.0,227159976.85506058
United States,USA,North America,1981,229466000.0,229510253.42100206
United States,USA,North America,1982,231664000.0,231750259.45910117
United States,USA,North America,1983,233792000.0,234071823.3777639
United States,USA,North America,1984,235825000.0,236120045.0432106
United States,USA,North America,1985,237924000.0,237882724.27464476
United States,USA,North America,1986,240133000.0,240244053.22297475
United States,USA,North America,1987,242289000.0,242451887.27464107
United States,USA,North America,1988,244499000.0,244747751.34824783
United States,USA,North America,1989,246819000.0,246760711.80334175
United States,USA,North America,1990,249623000.0,249044337.05429834
United States,USA,North America,1991,252981000.0,252452308.42424977
United States,USA,North America,1992,256514000.0,256381770.09296215
United States,USA,North America,1993,259919000.0,260088468.08329135
United States,USA,North America,1994,263126000.0,263369198.42023808
United States,USA,North America,1995,266278000.0,266086663.0575569
United States,USA,North America,1996,269394000.0,269353259.75469637
United States,USA,North America,1997,272657000.0,272628540.4065641
United States,USA,North America,1998,275854000.0,276243538.87601
United States,USA,North America,1999,279040000.0,279285237.92667466
United States,USA,North America,2000,282162411.0,282516717.55884975
United States,USA,North America,2001,284968955.0,285964407.69608295
United States,USA,North America,2002,287625193.0,288865330.2605015
United States,USA,North America,2003,290107933.0,290306190.1920555
United States,USA,North America,2004,292805298.0,292612103.66689444
United States,USA,North America,2005,295516599.0,295527742.5435509
United States,USA,North America,2006,298379912.0,298571179.6640707
United States,USA,North America,2007,301231207.0,301384114.26455694
United States,USA,North America,2008,304093966.0,304293313.4155928
United States,USA,North America,2009,306771529.0,306963110.1451346
United States,USA,North America,2010,309378227.0,309678276.00607896
United States,USA,North America,2011,311839461.0,312428505.5110356
United States,USA,North America,2012,314339099.0,314331651.39926445
United States,USA,North America,2013,316726282.0,316849727.46465206
United States,USA,North America,2014,319257560.0,319166671.0821869
United States,USA,North America,2015,321815121.0,322011413.86489296
United States,USA,North America,2016,324353340.0,324530664.76220876
United States,USA,North America,2017,326608609.0,327187817.2603793
United States,USA,North America,2018,328529577.0,329494894.1150131
United States,USA,North America,2019,330226227.0,331644326.007969
United States,USA,North America,2020,331577720.0,331933443.8629512
United States,USA,North America,2021,332099760.0,332934744.170011
United States,USA,North America,2022,334017321.0,332622621.9381832
United States,USA,North America,2023,336806231.0,335995826.4865102
United States,USA,North America,2024,340110988.0,338810388.55315053
Uzbekistan,UZB,Europe & Central Asia,1970,11762638.0,11786621.011793688
Uzbekistan,UZB,Europe & Central Asia,1971,12111511.0,12133458.976592112
Uzbekistan,UZB,Europe & Central Asia,1972,12465106.0,12470731.370849079
Uzbekistan,UZB,Europe & Central Asia,1973,12831047.0,12892611.559922393
Uzbekistan,UZB,Europe & Central Asia,1974,13209011.0,13257881.987859799
Uzbekistan,UZB,Europe & Central Asia,1975,13598521.0,13635783.454819927
Uzbekistan,UZB,Europe & Central Asia,1976,13998620.0,14026565.940872792
Uzbekistan,UZB,Europe & Central Asia,1977,14408822.0,14457267.301710386
Uzbekistan,UZB,Europe & Central Asia,1978,14816349.0,14855832.68274526
Uzbekistan,UZB,Europe & Central Asia,1979,15215587.0,15268922.5573223
Uzbekistan,UZB,Europe & Central Asia,1980,15619936.0,15625812.231232101
Uzbekistan,UZB,Europe & Central Asia,1981,16035032.0,16035030.43578317
Uzbekistan,UZB,Europe & Central Asia,1982,16462736.0,16461159.075148413
Uzbekistan,UZB,Europe & Central Asia,1983,16908400.0,16924954.652069163
Uzbekistan,UZB,Europe & Central Asia,1984,17378846.0,17378685.80364805
Uzbekistan,UZB,Europe & Central Asia,1985,17875339.0,17858986.73113051
Uzbekistan,UZB,Europe & Central Asia,1986,18395621.0,18345973.90347232
Uzbekistan,UZB,Europe & Central Asia,1987,18930070.0,18930966.036271043
Uzbekistan,UZB,Europe & Central Asia,1988,19460630.0,19479882.469790358
Uzbekistan,UZB,Europe & Central Asia,1989,19977183.0,20000031.375431962
Uzbekistan,UZB,Europe & Central Asia,1990,20464956.0,20530996.999615874
Uzbekistan,UZB,Europe & Central Asia,1991,20962910.0,20964638.713664286
Uzbekistan,UZB,Europe & Central Asia,1992,21485090.0,21472980.232947398
Uzbekistan,UZB,Europe & Central Asia,1993,21987955.0,22020277.35156509
Uzbekistan,UZB,Europe & Central Asia,1994,22463291.0,22570251.828606427
Uzbekistan,UZB,Europe & Central Asia,1995,22917589.0,23041266.512177777
Uzbekistan,UZB,Europe & Central Asia,1996,23351981.0,23484204.10352432
Uzbekistan,UZB,Europe & Central Asia,1997,23758960.0,23902978.721933685
Uzbekistan,UZB,Europe & Central Asia,1998,24134929.0,24173031.842949923
Uzbekistan,UZB,Europe & Central Asia,1999,24476008.0,24516847.448840447
Uzbekistan,UZB,Europe & Central Asia,2000,24787054.0,24967624.559504576
Uzbekistan,UZB,Europe & Central Asia,2001,25090283.0,25252875.459555604
Uzbekistan,UZB,Europe & Central Asia,2002,25399980.0,25526480.08324567
Uzbekistan,UZB,Europe & Central Asia,2003,25711259.0,25810297.356260892
Uzbekistan,UZB,Europe & Central Asia,2004,26029350.0,26099972.66899746
Uzbekistan,UZB,Europe & Central Asia,2005,26356975.0,26400390.835373916
Uzbekistan,UZB,Europe & Central Asia,2006,26699043.0,26757304.05127245
Uzbekistan,UZB,Europe & Central Asia,2007,27076008.0,27053409.01491276
Uzbekistan,UZB,Europe & Central Asia,2008,27494774.0,27387956.35458273
Uzbekistan,UZB,Europe & Central Asia,2009,27939328.0,27920016.764616348
Uzbekistan,UZB,Europe & Central Asia,2010,28385506.0,28391069.847779084
Uzbekistan,UZB,Europe & Central Asia,2011,28823196.0,28836678.8813545
Uzbekistan,UZB,Europe & Central Asia,2012,29261903.0,29230958.734330334
Uzbekistan,UZB,Europe & Central Asia,2013,29724065.0,29685521.907069292
Uzbekistan,UZB,Europe & Central Asia,2014,30222994.0,30165559.180122167
Uzbekistan,UZB,Europe & Central Asia,2015,30749346.0,30648567.666272834
Uzbekistan,UZB,Europe & Central Asia,2016,31284568.0,31182757.001250573
Uzbekistan,UZB,Europe & Central Asia,2017,31819178.0,31830005.72651387
Uzbekistan,UZB,Europe & Central Asia,2018,32373490.0,32363075.02662118
Uzbekistan,UZB,Europe & Central Asia,2019,32964701.0,32907556.410210922
Uzbekistan,UZB,Europe & Central Asia,2020,33586372.0,33516829.402304236
Uzbekistan,UZB,Europe & Central Asia,2021,34243696.0,34161714.626265384
Uzbekistan,UZB,Europe & Central Asia,2022,34938955.0,34846798.87020373
Uzbekistan,UZB,Europe & Central Asia,2023,35652307.0,35648330.030308746
Uzbekistan,UZB,Europe & Central Asia,2024,36361859.0,36380223.576506674
St. Vincent and the Grenadines,VCT,Latin America & Caribbean ,1970,95964.0,96324.072339668
St. Vincent and the Grenadines,VCT,Latin America & Caribbean ,1971,96872.0,97156.42739923125
St. Vincent and the Grenadines,VCT,Latin America & Caribbean ,1972,97790.0,98006.3386673116
St. Vincent and the Grenadines,VCT,Latin America & Caribbean ,1973,98691.0,98877.77502787896
St. Vincent and the Grenadines,VCT,Latin America & Caribbean ,1974,99556.0,99738.6029220217
St. Vincent and the Grenadines,VCT,Latin America & Caribbean ,1975,100387.0,100564.7026382098
St. Vincent and the Grenadines,VCT,Latin America & Caribbean ,1976,101197.0,101368.56646622016
St. Vincent and the Grenadines,VCT,Latin America & Caribbean ,1977,101999.0,102136.73659205057
St. Vincent and the Grenadines,VCT,Latin America & Caribbean ,1978,102775.0,102914.36110836739
St. Vincent and the Grenadines,VCT,Latin America & Caribbean ,1979,103478.0,103670.80425372155
St. Vincent and the Grenadines,VCT,Latin America & Caribbean ,1980,104213.0,104349.23844122374
St. Vincent and the Grenadines,VCT,Latin America & Caribbean ,1981,105073.0,105062.79386666256
St. Vincent and the Grenadines,VCT,Latin America & Caribbean ,1982,105969.0,105914.78266612842
St. Vincent and the Grenadines,VCT,Latin America & Caribbean ,1983,106838.0,106765.86296827314
St. Vincent and the Grenadines,VCT,Latin America & Caribbean ,1984,107687.0,107679.07697023828
St. Vincent and the Grenadines,VCT,Latin America & Caribbean ,1985,108506.0,108542.98890285435
St. Vincent and the Grenadines,VCT,Latin America & Caribbean ,1986,109281.0,109350.11719355131
St. Vincent and the Grenadines,VCT,Latin America & Caribbean ,1987,110001.0,110121.88441755199
St. Vincent and the Grenadines,VCT,Latin America & Caribbean ,1988,110658.0,110835.26913686811
St. Vincent and the Grenadines,VCT,Latin America & Caribbean ,1989,111272.0,111319.6427651539
St. Vincent and the Grenadines,VCT,Latin America & Caribbean ,1990,111812.0,111916.64549172665
St. Vincent and the Grenadines,VCT,Latin America & Caribbean ,1991,112222.0,112586.94324096096
St. Vincent and the Grenadines,VCT,Latin America & Caribbean ,1992,112509.0,112940.71968069373
St. Vincent and the Grenadines,VCT,Latin America & Caribbean ,1993,112735.0,113159.23488436149
St. Vincent and the Grenadines,VCT,Latin America & Caribbean ,1994,112918.0,113312.03386608216
St. Vincent and the Grenadines,VCT,Latin America & Caribbean ,1995,113047.0,113418.85330209955
St. Vincent and the Grenadines,VCT,Latin America & Caribbean ,1996,113119.0,113474.80892591432
St. Vincent and the Grenadines,VCT,Latin America & Caribbean ,1997,113141.0,113472.1923208857
St. Vincent and the Grenadines,VCT,Latin America & Caribbean ,1998,113180.0,113420.29886138577
St. Vincent and the Grenadines,VCT,Latin America & Caribbean ,1999,113366.0,113393.99688731563
St. Vincent and the Grenadines,VCT,Latin America & Caribbean ,2000,113545.0,113538.16465957224
St. Vincent and the Grenadines,VCT,Latin America & Caribbean ,2001,113501.0,113675.86178593141
St. Vincent and the Grenadines,VCT,Latin America & Caribbean ,2002,113347.0,113682.62900105164
St. Vincent and the Grenadines,VCT,Latin America & Caribbean ,2003,113141.0,113619.21598470435
St. Vincent and the Grenadines,VCT,Latin America & Caribbean ,2004,112835.0,112935.37439084351
St. Vincent and the Grenadines,VCT,Latin America & Caribbean ,2005,112450.0,112537.11131571885
St. Vincent and the Grenadines,VCT,Latin America & Caribbean ,2006,112014.0,112066.31364588645
St. Vincent and the Grenadines,VCT,Latin America & Caribbean ,2007,111531.0,111610.44842016819
St. Vincent and the Grenadines,VCT,Latin America & Caribbean ,2008,111028.0,111349.30981818335
St. Vincent and the Grenadines,VCT,Latin America & Caribbean ,2009,110508.0,110771.2436720861
St. Vincent and the Grenadines,VCT,Latin America & Caribbean ,2010,109959.0,110176.45180302103
St. Vincent and the Grenadines,VCT,Latin America & Caribbean ,2011,109349.0,109573.06321157893
St. Vincent and the Grenadines,VCT,Latin America & Caribbean ,2012,108736.0,108914.37093226903
St. Vincent and the Grenadines,VCT,Latin America & Caribbean ,2013,108135.0,108257.89385614517
St. Vincent and the Grenadines,VCT,Latin America & Caribbean ,2014,107535.0,107625.42549428748
St. Vincent and the Grenadines,VCT,Latin America & Caribbean ,2015,106960.0,107002.61745306573
St. Vincent and the Grenadines,VCT,Latin America & Caribbean ,2016,106349.0,106412.80243757385
St. Vincent and the Grenadines,VCT,Latin America & Caribbean ,2017,105663.0,105839.57995611252
St. Vincent and the Grenadines,VCT,Latin America & Caribbean ,2018,104926.0,105175.67972240424
St. Vincent and the Grenadines,VCT,Latin America & Caribbean ,2019,104167.0,104324.12470031688
St. Vincent and the Grenadines,VCT,Latin America & Caribbean ,2020,103526.0,103414.29157522257
St. Vincent and the Grenadines,VCT,Latin America & Caribbean ,2021,102841.0,102898.48012152458
St. Vincent and the Grenadines,VCT,Latin America & Caribbean ,2022,102046.0,102206.2684235177
St. Vincent and the Grenadines,VCT,Latin America & Caribbean ,2023,101323.0,101391.66643466703
St. Vincent and the Grenadines,VCT,Latin America & Caribbean ,2024,100616.0,100748.19838666871
"Venezuela, RB",VEN,Latin America & Caribbean ,1970,11387790.0,11417517.441062443
"Venezuela, RB",VEN,Latin America & Caribbean ,1971,11741008.0,11770860.98147972
"Venezuela, RB",VEN,Latin America & Caribbean ,1972,12099180.0,12129868.797858182
"Venezuela, RB",VEN,Latin America & Caribbean ,1973,12463537.0,12493885.335115792
"Venezuela, RB",VEN,Latin America & Caribbean ,1974,12835351.0,12863775.597932572
"Venezuela, RB",VEN,Latin America & Caribbean ,1975,13215892.0,13241509.45556989
"Venezuela, RB",VEN,Latin America & Caribbean ,1976,13606284.0,13628086.348955134
"Venezuela, RB",VEN,Latin America & Caribbean ,1977,14006812.0,14024981.205637082
"Venezuela, RB",VEN,Latin America & Caribbean ,1978,14416684.0,14432693.181056298
"Venezuela, RB",VEN,Latin America & Caribbean ,1979,14834552.0,14850570.844447814
"Venezuela, RB",VEN,Latin America & Caribbean ,1980,15258218.0,15276910.935637752
"Venezuela, RB",VEN,Latin America & Caribbean ,1981,15687297.0,15709058.918509632
"Venezuela, RB",VEN,Latin America & Caribbean ,1982,16121874.0,16146675.021941226
"Venezuela, RB",VEN,Latin America & Caribbean ,1983,16562205.0,16571894.196990868
"Venezuela, RB",VEN,Latin America & Caribbean ,1984,17008841.0,17018847.200248595
"Venezuela, RB",VEN,Latin America & Caribbean ,1985,17461434.0,17492555.69949797
"Venezuela, RB",VEN,Latin America & Caribbean ,1986,17923536.0,17952331.43751487
"Venezuela, RB",VEN,Latin America & Caribbean ,1987,18394963.0,18421484.347913533
"Venezuela, RB",VEN,Latin America & Caribbean ,1988,18871020.0,18899944.81962196
"Venezuela, RB",VEN,Latin America & Caribbean ,1989,19348921.0,19382569.416343767
"Venezuela, RB",VEN,Latin America & Caribbean ,1990,19827010.0,19866492.81430593
"Venezuela, RB",VEN,Latin America & Caribbean ,1991,20304896.0,20349878.5333442
"Venezuela, RB",VEN,Latin America & Caribbean ,1992,20780948.0,20832263.406535625
"Venezuela, RB",VEN,Latin America & Caribbean ,1993,21254520.0,21268161.126621682
"Venezuela, RB",VEN,Latin America & Caribbean ,1994,21725188.0,21738884.118233345
"Venezuela, RB",VEN,Latin America & Caribbean ,1995,22193821.0,22259026.757934835
"Venezuela, RB",VEN,Latin America & Caribbean ,1996,22662113.0,22727107.786775332
"Venezuela, RB",VEN,Latin America & Caribbean ,1997,23131685.0,23193809.11618347
"Venezuela, RB",VEN,Latin America & Caribbean ,1998,23601337.0,23660875.50674618
"Venezuela, RB",VEN,Latin America & Caribbean ,1999,24066593.0,24128107.11757685
"Venezuela, RB",VEN,Latin America & Caribbean ,2000,24526708.0,24590628.074111447
"Venezuela, RB",VEN,Latin America & Caribbean ,2001,24979922.0,25047187.344192196
"Venezuela, RB",VEN,Latin America & Caribbean ,2002,25435671.0,25495980.307793256
"Venezuela, RB",VEN,Latin America & Caribbean ,2003,25892703.0,25948303.198656555
"Venezuela, RB",VEN,Latin America & Caribbean ,2004,26340838.0,26402748.63825441
"Venezuela, RB",VEN,Latin America & Caribbean ,2005,26785804.0,26847013.216441985
"Venezuela, RB",VEN,Latin America & Caribbean ,2006,27224686.0,27288249.112178836
"Venezuela, RB",VEN,Latin America & Caribbean ,2007,27649363.0,27722013.84208395
"Venezuela, RB",VEN,Latin America & Caribbean ,2008,28053696.0,28140277.959304124
"Venezuela, RB",VEN,Latin America & Caribbean ,2009,28438298.0,28535984.168285158
"Venezuela, RB",VEN,Latin America & Caribbean ,2010,28813101.0,28848403.04477804
"Venezuela, RB",VEN,Latin America & Caribbean ,2011,29185212.0,29273777.800136562
"Venezuela, RB",VEN,Latin America & Caribbean ,2012,29553826.0,29634903.911345147
"Venezuela, RB",VEN,Latin America & Caribbean ,2013,29912198.0,29991329.556589846
"Venezuela, RB",VEN,Latin America & Caribbean ,2014,30254079.0,30338072.676075127
"Venezuela, RB",VEN,Latin America & Caribbean ,2015,30573972.0,30666161.56794993
"Venezuela, RB",VEN,Latin America & Caribbean ,2016,30765720.0,30971028.66124742
"Venezuela, RB",VEN,Latin America & Caribbean ,2017,30565323.0,30958670.57400888
"Venezuela, RB",VEN,Latin America & Caribbean ,2018,29807592.0,30366231.33048655
"Venezuela, RB",VEN,Latin America & Caribbean ,2019,28938098.0,29068645.58266463
"Venezuela, RB",VEN,Latin America & Caribbean ,2020,28444077.0,28093967.328672603
"Venezuela, RB",VEN,Latin America & Caribbean ,2021,28237826.0,27958489.734871935
"Venezuela, RB",VEN,Latin America & Caribbean ,2022,28213017.0,28095270.98874313
"Venezuela, RB",VEN,Latin America & Caribbean ,2023,28300854.0,28030280.311836928
"Venezuela, RB",VEN,Latin America & Caribbean ,2024,28405543.0,27646125.071917094
British Virgin Islands,VGB,Latin America & Caribbean ,1970,9933.0,10097.56543851428
British Virgin Islands,VGB,Latin America & Caribbean ,1971,10095.0,10169.958552419424
British Virgin Islands,VGB,Latin America & Caribbean ,1972,10235.0,10349.275148985695
British Virgin Islands,VGB,Latin America & Caribbean ,1973,10367.0,10502.512579420812
British Virgin Islands,VGB,Latin America & Caribbean ,1974,10494.0,10645.283232321599
British Virgin Islands,VGB,Latin America & Caribbean ,1975,10606.0,10622.555802215695
British Virgin Islands,VGB,Latin America & Caribbean ,1976,10709.0,10719.195350369078
British Virgin Islands,VGB,Latin America & Caribbean ,1977,10800.0,10966.673258730327
British Virgin Islands,VGB,Latin America & Caribbean ,1978,10886.0,11198.746312221652
British Virgin Islands,VGB,Latin America & Caribbean ,1979,10965.0,11144.004009305245
British Virgin Islands,VGB,Latin America & Caribbean ,1980,11130.0,11086.104068928404
British Virgin Islands,VGB,Latin America & Caribbean ,1981,11479.0,11243.689456636215
British Virgin Islands,VGB,Latin America & Caribbean ,1982,11921.0,11838.943478997153
British Virgin Islands,VGB,Latin America & Caribbean ,1983,12370.0,12380.019251665964
British Virgin Islands,VGB,Latin America & Caribbean ,1984,12820.0,12835.911418613192
British Virgin Islands,VGB,Latin America & Caribbean ,1985,13269.0,13286.370251182716
British Virgin Islands,VGB,Latin America & Caribbean ,1986,13726.0,13588.810606872823
British Virgin Islands,VGB,Latin America & Caribbean ,1987,14194.0,14096.552209995049
British Virgin Islands,VGB,Latin America & Caribbean ,1988,14680.0,14541.722067378503
British Virgin Islands,VGB,Latin America & Caribbean ,1989,15180.0,15169.72670759924
British Virgin Islands,VGB,Latin America & Caribbean ,1990,15704.0,15712.667988370828
British Virgin Islands,VGB,Latin America & Caribbean ,1991,16187.0,16260.522826723807
British Virgin Islands,VGB,Latin America & Caribbean ,1992,16593.0,16802.20981271126
British Virgin Islands,VGB,Latin America & Caribbean ,1993,16989.0,17009.183236733137
British Virgin Islands,VGB,Latin America & Caribbean ,1994,17406.0,17394.450731728775
British Virgin Islands,VGB,Latin America & Caribbean ,1995,17840.0,17833.235386759112
British Virgin Islands,VGB,Latin America & Caribbean ,1996,18287.0,18367.284055603748
British Virgin Islands,VGB,Latin America & Caribbean ,1997,18756.0,18809.136947153813
British Virgin Islands,VGB,Latin America & Caribbean ,1998,19238.0,19273.64824995111
British Virgin Islands,VGB,Latin America & Caribbean ,1999,19730.0,19769.459731352374
British Virgin Islands,VGB,Latin America & Caribbean ,2000,20241.0,20223.184160338307
British Virgin Islands,VGB,Latin America & Caribbean ,2001,20796.0,20749.864404532404
British Virgin Islands,VGB,Latin America & Caribbean ,2002,21430.0,21324.085457592337
British Virgin Islands,VGB,Latin America & Caribbean ,2003,22134.0,22067.841229396516
British Virgin Islands,VGB,Latin America & Caribbean ,2004,22881.0,22861.127203526117
British Virgin Islands,VGB,Latin America & Caribbean ,2005,23665.0,23653.21049053696
British Virgin Islands,VGB,Latin America & Caribbean ,2006,24493.0,24475.863161346737
British Virgin Islands,VGB,Latin America & Caribbean ,2007,25366.0,25230.15705677542
British Virgin Islands,VGB,Latin America & Caribbean ,2008,26288.0,26157.4587912703
British Virgin Islands,VGB,Latin America & Caribbean ,2009,27218.0,27139.729441075444
British Virgin Islands,VGB,Latin America & Caribbean ,2010,27675.0,28122.658303676893
British Virgin Islands,VGB,Latin America & Caribbean ,2011,28710.0,28882.717477270056
British Virgin Islands,VGB,Latin America & Caribbean ,2012,30345.0,29794.728786840114
British Virgin Islands,VGB,Latin America & Caribbean ,2013,31703.0,31003.417497680137
British Virgin Islands,VGB,Latin America & Caribbean ,2014,32962.0,32355.39805034796
British Virgin Islands,VGB,Latin America & Caribbean ,2015,34498.0,34198.1979398341
British Virgin Islands,VGB,Latin America & Caribbean ,2016,33878.0,35836.19580104701
British Virgin Islands,VGB,Latin America & Caribbean ,2017,32699.0,36190.49049704138
British Virgin Islands,VGB,Latin America & Caribbean ,2018,34657.0,31561.030781380647
British Virgin Islands,VGB,Latin America & Caribbean ,2019,36395.0,35600.029669455194
British Virgin Islands,VGB,Latin America & Caribbean ,2020,37135.0,37338.25002590249
British Virgin Islands,VGB,Latin America & Caribbean ,2021,37809.0,37931.229250177246
British Virgin Islands,VGB,Latin America & Caribbean ,2022,38319.0,38432.89224771267
British Virgin Islands,VGB,Latin America & Caribbean ,2023,38985.0,39010.39582494201
British Virgin Islands,VGB,Latin America & Caribbean ,2024,39471.0,39716.09118515918
Virgin Islands (U.S.),VIR,Latin America & Caribbean ,1970,63476.0,62198.94574095203
Virgin Islands (U.S.),VIR,Latin America & Caribbean ,1971,70937.0,67585.09073035695
Virgin Islands (U.S.),VIR,Latin America & Caribbean ,1972,76319.0,74487.82651177808
Virgin Islands (U.S.),VIR,Latin America & Caribbean ,1973,84121.0,80969.88180875753
Virgin Islands (U.S.),VIR,Latin America & Caribbean ,1974,89941.0,89905.78607924825
Virgin Islands (U.S.),VIR,Latin America & Caribbean ,1975,94484.0,98192.49285464505
Virgin Islands (U.S.),VIR,Latin America & Caribbean ,1976,96166.0,105550.1720271833
Virgin Islands (U.S.),VIR,Latin America & Caribbean ,1977,93203.0,110261.33964335296
Virgin Islands (U.S.),VIR,Latin America & Caribbean ,1978,95929.0,91410.01624283881
Virgin Islands (U.S.),VIR,Latin America & Caribbean ,1979,96183.0,96202.14181209098
Virgin Islands (U.S.),VIR,Latin America & Caribbean ,1980,99636.0,100728.54063817461
Virgin Islands (U.S.),VIR,Latin America & Caribbean ,1981,99853.0,103468.96442361099
Virgin Islands (U.S.),VIR,Latin America & Caribbean ,1982,100068.0,105305.3334207512
Virgin Islands (U.S.),VIR,Latin America & Caribbean ,1983,100348.0,103385.61966414402
Virgin Islands (U.S.),VIR,Latin America & Caribbean ,1984,100600.0,102419.77119057512
Virgin Islands (U.S.),VIR,Latin America & Caribbean ,1985,100760.0,102184.4015063583
Virgin Islands (U.S.),VIR,Latin America & Caribbean ,1986,100842.0,102595.10373283205
Virgin Islands (U.S.),VIR,Latin America & Caribbean ,1987,100901.0,103084.71484197605
Virgin Islands (U.S.),VIR,Latin America & Caribbean ,1988,100952.0,102414.590592589
Virgin Islands (U.S.),VIR,Latin America & Caribbean ,1989,101041.0,102013.60179209805
Virgin Islands (U.S.),VIR,Latin America & Caribbean ,1990,103963.0,101121.10178780841
Virgin Islands (U.S.),VIR,Latin America & Caribbean ,1991,104807.0,102522.12953107353
Virgin Islands (U.S.),VIR,Latin America & Caribbean ,1992,105712.0,105347.21278017315
Virgin Islands (U.S.),VIR,Latin America & Caribbean ,1993,106578.0,106325.42503918063
Virgin Islands (U.S.),VIR,Latin America & Caribbean ,1994,107318.0,107263.75805183755
Virgin Islands (U.S.),VIR,Latin America & Caribbean ,1995,107818.0,107930.61007975896
Virgin Islands (U.S.),VIR,Latin America & Caribbean ,1996,108095.0,109098.43900270898
Virgin Islands (U.S.),VIR,Latin America & Caribbean ,1997,108357.0,109920.91953888956
Virgin Islands (U.S.),VIR,Latin America & Caribbean ,1998,108537.0,110361.27908482522
Virgin Islands (U.S.),VIR,Latin America & Caribbean ,1999,108599.0,110365.37174611352
Virgin Islands (U.S.),VIR,Latin America & Caribbean ,2000,108642.0,109126.74435198425
Virgin Islands (U.S.),VIR,Latin America & Caribbean ,2001,108549.0,109076.68242494071
Virgin Islands (U.S.),VIR,Latin America & Caribbean ,2002,108509.0,108869.08425988516
Virgin Islands (U.S.),VIR,Latin America & Caribbean ,2003,108505.0,108738.22222786126
Virgin Islands (U.S.),VIR,Latin America & Caribbean ,2004,108466.0,108637.69623449056
Virgin Islands (U.S.),VIR,Latin America & Caribbean ,2005,108453.0,108538.84845161601
Virgin Islands (U.S.),VIR,Latin America & Caribbean ,2006,108369.0,108586.73884883529
Virgin Islands (U.S.),VIR,Latin America & Caribbean ,2007,108337.0,108445.39889016433
Virgin Islands (U.S.),VIR,Latin America & Caribbean ,2008,108397.0,108343.04775219566
Virgin Islands (U.S.),VIR,Latin America & Caribbean ,2009,108404.0,108314.03078242663
Virgin Islands (U.S.),VIR,Latin America & Caribbean ,2010,108357.0,108313.63023880817
Virgin Islands (U.S.),VIR,Latin America & Caribbean ,2011,108290.0,108318.85305268798
Virgin Islands (U.S.),VIR,Latin America & Caribbean ,2012,108188.0,108291.51214198707
Virgin Islands (U.S.),VIR,Latin America & Caribbean ,2013,108041.0,108229.97530891876
Virgin Islands (U.S.),VIR,Latin America & Caribbean ,2014,107882.0,107901.98182644449
Virgin Islands (U.S.),VIR,Latin America & Caribbean ,2015,107712.0,107723.1971046907
Virgin Islands (U.S.),VIR,Latin America & Caribbean ,2016,107516.0,107548.84044844728
Virgin Islands (U.S.),VIR,Latin America & Caribbean ,2017,107281.0,107425.66304585677
Virgin Islands (U.S.),VIR,Latin America & Caribbean ,2018,107001.0,107158.25837793271
Virgin Islands (U.S.),VIR,Latin America & Caribbean ,2019,106669.0,106846.86952579052
Virgin Islands (U.S.),VIR,Latin America & Caribbean ,2020,106290.0,106483.81641843572
Virgin Islands (U.S.),VIR,Latin America & Caribbean ,2021,105870.0,106070.88254129703
Virgin Islands (U.S.),VIR,Latin America & Caribbean ,2022,105413.0,105485.6378936903
Virgin Islands (U.S.),VIR,Latin America & Caribbean ,2023,104917.0,105125.81027338833
Virgin Islands (U.S.),VIR,Latin America & Caribbean ,2024,104377.0,104593.46026502571
Viet Nam,VNM,East Asia & Pacific,1970,41475230.0,41447658.78381769
Viet Nam,VNM,East Asia & Pacific,1971,42449276.0,42483924.759607606
Viet Nam,VNM,East Asia & Pacific,1972,43429168.0,43468285.69931569
Viet Nam,VNM,East Asia & Pacific,1973,44409861.0,44475409.60731765
Viet Nam,VNM,East Asia & Pacific,1974,45413537.0,45420471.81308673
Viet Nam,VNM,East Asia & Pacific,1975,46482903.0,46415645.210845985
Viet Nam,VNM,East Asia & Pacific,1976,47684931.0,47531620.34699806
Viet Nam,VNM,East Asia & Pacific,1977,48954872.0,48640824.24514894
Viet Nam,VNM,East Asia & Pacific,1978,50249552.0,50103217.20656901
Viet Nam,VNM,East Asia & Pacific,1979,51378211.0,51578471.62279231
Viet Nam,VNM,East Asia & Pacific,1980,52490101.0,52615662.85511681
Viet Nam,VNM,East Asia & Pacific,1981,53738141.0,53743746.63781283
Viet Nam,VNM,East Asia & Pacific,1982,55011289.0,55025149.15547964
Viet Nam,VNM,East Asia & Pacific,1983,56337921.0,56335697.78082011
Viet Nam,VNM,East Asia & Pacific,1984,57706067.0,57703617.71028072
Viet Nam,VNM,East Asia & Pacific,1985,59060622.0,59124168.68580344
Viet Nam,VNM,East Asia & Pacific,1986,60347048.0,60471156.530331284
Viet Nam,VNM,East Asia & Pacific,1987,61584651.0,61815585.19085081
Viet Nam,VNM,East Asia & Pacific,1988,62843228.0,62848300.7366449
Viet Nam,VNM,East Asia & Pacific,1989,64147348.0,64127198.6034691
Viet Nam,VNM,East Asia & Pacific,1990,65504552.0,65475563.98413284
Viet Nam,VNM,East Asia & Pacific,1991,66891775.0,66961929.18171519
Viet Nam,VNM,East Asia & Pacific,1992,68260337.0,68360629.18759425
Viet Nam,VNM,East Asia & Pacific,1993,69586384.0,69805425.5681735
Viet Nam,VNM,East Asia & Pacific,1994,70854391.0,71143089.17388277
Viet Nam,VNM,East Asia & Pacific,1995,72049940.0,72473127.86227381
Viet Nam,VNM,East Asia & Pacific,1996,73156447.0,73265661.88706304
Viet Nam,VNM,East Asia & Pacific,1997,74226889.0,74279947.18545207
Viet Nam,VNM,East Asia & Pacific,1998,75299660.0,75312993.95488453
Viet Nam,VNM,East Asia & Pacific,1999,76287452.0,76652758.77469839
Viet Nam,VNM,East Asia & Pacific,2000,77154011.0,77589900.34801325
Viet Nam,VNM,East Asia & Pacific,2001,77969361.0,78386938.73547938
Viet Nam,VNM,East Asia & Pacific,2002,78772224.0,79129801.95142971
Viet Nam,VNM,East Asia & Pacific,2003,79563777.0,79865130.29669456
Viet Nam,VNM,East Asia & Pacific,2004,80338971.0,80595303.1711601
Viet Nam,VNM,East Asia & Pacific,2005,81088313.0,81316964.109792
Viet Nam,VNM,East Asia & Pacific,2006,82167897.0,82021908.18486051
Viet Nam,VNM,East Asia & Pacific,2007,83633375.0,83071670.96693306
Viet Nam,VNM,East Asia & Pacific,2008,85175788.0,85124990.0299798
Viet Nam,VNM,East Asia & Pacific,2009,86460018.0,86746647.03784555
Viet Nam,VNM,East Asia & Pacific,2010,87455152.0,87763610.87182148
Viet Nam,VNM,East Asia & Pacific,2011,88468314.0,88578341.5852024
Viet Nam,VNM,East Asia & Pacific,2012,89510356.0,89616805.36189799
Viet Nam,VNM,East Asia & Pacific,2013,90573104.0,90986495.3688649
Viet Nam,VNM,East Asia & Pacific,2014,91679578.0,91788275.79442444
Viet Nam,VNM,East Asia & Pacific,2015,92823254.0,92799569.08777587
Viet Nam,VNM,East Asia & Pacific,2016,94000117.0,94089374.76192279
Viet Nam,VNM,East Asia & Pacific,2017,95176977.0,95251488.07777707
Viet Nam,VNM,East Asia & Pacific,2018,96237319.0,96291002.88889602
Viet Nam,VNM,East Asia & Pacific,2019,97173776.0,97408375.84106456
Viet Nam,VNM,East Asia & Pacific,2020,98079191.0,98119345.39131796
Viet Nam,VNM,East Asia & Pacific,2021,98935098.0,98993042.18856785
Viet Nam,VNM,East Asia & Pacific,2022,99680655.0,99798474.23972075
Viet Nam,VNM,East Asia & Pacific,2023,100352192.0,100431830.38709985
Viet Nam,VNM,East Asia & Pacific,2024,100987686.0,101364882.43258901
Vanuatu,VUT,East Asia & Pacific,1970,86266.0,86231.76412224819
Vanuatu,VUT,East Asia & Pacific,1971,88862.0,88831.79345417727
Vanuatu,VUT,East Asia & Pacific,1972,91562.0,91494.38191564498
Vanuatu,VUT,East Asia & Pacific,1973,94362.0,94288.85369228804
Vanuatu,VUT,East Asia & Pacific,1974,97260.0,97172.45203004347
Vanuatu,VUT,East Asia & Pacific,1975,100269.0,100243.51849117332
Vanuatu,VUT,East Asia & Pacific,1976,103388.0,103370.81694107555
Vanuatu,VUT,East Asia & Pacific,1977,106618.0,106603.8728286328
Vanuatu,VUT,East Asia & Pacific,1978,109963.0,109876.03296393115
Vanuatu,VUT,East Asia & Pacific,1979,113040.0,113339.81782046928
Vanuatu,VUT,East Asia & Pacific,1980,115660.0,116662.32719203112
Vanuatu,VUT,East Asia & Pacific,1981,118249.0,118340.72542591025
Vanuatu,VUT,East Asia & Pacific,1982,121035.0,120895.95366166877
Vanuatu,VUT,East Asia & Pacific,1983,123998.0,123886.6394141005
Vanuatu,VUT,East Asia & Pacific,1984,127109.0,127389.81993402491
Vanuatu,VUT,East Asia & Pacific,1985,130356.0,130503.38884258778
Vanuatu,VUT,East Asia & Pacific,1986,133720.0,133915.19322002179
Vanuatu,VUT,East Asia & Pacific,1987,137187.0,136965.1048249999
Vanuatu,VUT,East Asia & Pacific,1988,140756.0,140599.53551532852
Vanuatu,VUT,East Asia & Pacific,1989,144393.0,144226.7458219968
Vanuatu,VUT,East Asia & Pacific,1990,148063.0,147988.8304812276
Vanuatu,VUT,East Asia & Pacific,1991,151793.0,151730.9169104746
Vanuatu,VUT,East Asia & Pacific,1992,155608.0,155701.98416995947
Vanuatu,VUT,East Asia & Pacific,1993,159463.0,159584.41978820655
Vanuatu,VUT,East Asia & Pacific,1994,163314.0,163414.31159053918
Vanuatu,VUT,East Asia & Pacific,1995,167137.0,167287.22176970643
Vanuatu,VUT,East Asia & Pacific,1996,170911.0,171112.07475849355
Vanuatu,VUT,East Asia & Pacific,1997,174626.0,174864.04515396935
Vanuatu,VUT,East Asia & Pacific,1998,178313.0,178422.64709966007
Vanuatu,VUT,East Asia & Pacific,1999,182048.0,182077.84619401136
Vanuatu,VUT,East Asia & Pacific,2000,186281.0,186278.07329873912
Vanuatu,VUT,East Asia & Pacific,2001,191031.0,190567.20781182678
Vanuatu,VUT,East Asia & Pacific,2002,195863.0,195113.2138175838
Vanuatu,VUT,East Asia & Pacific,2003,200746.0,200817.2221817209
Vanuatu,VUT,East Asia & Pacific,2004,205711.0,205750.73656851545
Vanuatu,VUT,East Asia & Pacific,2005,210760.0,210798.79808883718
Vanuatu,VUT,East Asia & Pacific,2006,215923.0,215724.51314070157
Vanuatu,VUT,East Asia & Pacific,2007,221276.0,220863.1819264609
Vanuatu,VUT,East Asia & Pacific,2008,226896.0,226610.35942994448
Vanuatu,VUT,East Asia & Pacific,2009,232731.0,232464.72864240012
Vanuatu,VUT,East Asia & Pacific,2010,238248.0,238380.5290786334
Vanuatu,VUT,East Asia & Pacific,2011,243474.0,244233.54901862564
Vanuatu,VUT,East Asia & Pacific,2012,248883.0,249977.67321024594
Vanuatu,VUT,East Asia & Pacific,2013,254482.0,254410.59929558492
Vanuatu,VUT,East Asia & Pacific,2014,260240.0,260205.3184763149
Vanuatu,VUT,East Asia & Pacific,2015,266101.0,266119.4994883872
Vanuatu,VUT,East Asia & Pacific,2016,272087.0,272351.3754705285
Vanuatu,VUT,East Asia & Pacific,2017,278507.0,278700.8237566673
Vanuatu,VUT,East Asia & Pacific,2018,285259.0,284793.66791407834
Vanuatu,VUT,East Asia & Pacific,2019,291985.0,291780.64604108845
Vanuatu,VUT,East Asia & Pacific,2020,298858.0,298657.6370614332
Vanuatu,VUT,East Asia & Pacific,2021,305868.0,305741.3204945649
Vanuatu,VUT,East Asia & Pacific,2022,313046.0,312955.28116151283
Vanuatu,VUT,East Asia & Pacific,2023,320409.0,320333.5549188726
Vanuatu,VUT,East Asia & Pacific,2024,327777.0,327885.7105088024
Samoa,WSM,East Asia & Pacific,1970,140400.0,140482.004767507
Samoa,WSM,East Asia & Pacific,1971,142503.0,142600.9708270988
Samoa,WSM,East Asia & Pacific,1972,144538.0,145440.42968864343
Samoa,WSM,East Asia & Pacific,1973,146516.0,147317.9678009363
Samoa,WSM,East Asia & Pacific,1974,149431.0,149138.53815641403
Samoa,WSM,East Asia & Pacific,1975,153344.0,152054.46227466644
Samoa,WSM,East Asia & Pacific,1976,157113.0,154786.87030629616
Samoa,WSM,East Asia & Pacific,1977,159753.0,160974.6372403968
Samoa,WSM,East Asia & Pacific,1978,161375.0,162633.25509082942
Samoa,WSM,East Asia & Pacific,1979,162882.0,164174.98790458424
Samoa,WSM,East Asia & Pacific,1980,164322.0,164403.07310526932
Samoa,WSM,East Asia & Pacific,1981,165678.0,165774.7306901356
Samoa,WSM,East Asia & Pacific,1982,166484.0,167045.18983772374
Samoa,WSM,East Asia & Pacific,1983,166714.0,168864.27075529806
Samoa,WSM,East Asia & Pacific,1984,166796.0,168753.7094445883
Samoa,WSM,East Asia & Pacific,1985,166849.0,168361.70390269003
Samoa,WSM,East Asia & Pacific,1986,167061.0,167967.35422099434
Samoa,WSM,East Asia & Pacific,1987,167661.0,167893.36134744165
Samoa,WSM,East Asia & Pacific,1988,168346.0,168374.37695919716
Samoa,WSM,East Asia & Pacific,1989,168768.0,168988.21691187372
Samoa,WSM,East Asia & Pacific,1990,169042.0,169067.73192635537
Samoa,WSM,East Asia & Pacific,1991,169368.0,169420.25230339795
Samoa,WSM,East Asia & Pacific,1992,170331.0,169691.512898496
Samoa,WSM,East Asia & Pacific,1993,171774.0,170346.63302736162
Samoa,WSM,East Asia & Pacific,1994,173159.0,171454.80408112993
Samoa,WSM,East Asia & Pacific,1995,174571.0,174555.16715439706
Samoa,WSM,East Asia & Pacific,1996,176071.0,175994.51394783022
Samoa,WSM,East Asia & Pacific,1997,177547.0,177583.88873546998
Samoa,WSM,East Asia & Pacific,1998,178905.0,178599.85403697935
Samoa,WSM,East Asia & Pacific,1999,180275.0,179643.71593229612
Samoa,WSM,East Asia & Pacific,2000,181685.0,181482.21642086675
Samoa,WSM,East Asia & Pacific,2001,183166.0,183184.49729093554
Samoa,WSM,East Asia & Pacific,2002,184471.0,184650.44031350754
Samoa,WSM,East Asia & Pacific,2003,185430.0,185939.32367430345
Samoa,WSM,East Asia & Pacific,2004,186249.0,186393.9855176171
Samoa,WSM,East Asia & Pacific,2005,186978.0,187128.25737199798
Samoa,WSM,East Asia & Pacific,2006,187709.0,187709.85339184088
Samoa,WSM,East Asia & Pacific,2007,188753.0,188442.8578803084
Samoa,WSM,East Asia & Pacific,2008,190107.0,189880.20806564722
Samoa,WSM,East Asia & Pacific,2009,191513.0,191231.8845308622
Samoa,WSM,East Asia & Pacific,2010,193023.0,192199.53176176507
Samoa,WSM,East Asia & Pacific,2011,194713.0,194544.90571561627
Samoa,WSM,East Asia & Pacific,2012,196498.0,196401.07890807764
Samoa,WSM,East Asia & Pacific,2013,198268.0,197768.32544377403
Samoa,WSM,East Asia & Pacific,2014,200037.0,199650.39287835863
Samoa,WSM,East Asia & Pacific,2015,201782.0,201543.1689266417
Samoa,WSM,East Asia & Pacific,2016,203499.0,203398.95984095102
Samoa,WSM,East Asia & Pacific,2017,205415.0,205206.9723491734
Samoa,WSM,East Asia & Pacific,2018,207582.0,207088.14281886723
Samoa,WSM,East Asia & Pacific,2019,209780.0,209169.03075715035
Samoa,WSM,East Asia & Pacific,2020,211944.0,212001.10426207577
Samoa,WSM,East Asia & Pacific,2021,213779.0,214131.2565025631
Samoa,WSM,East Asia & Pacific,2022,215261.0,215791.5104058489
Samoa,WSM,East Asia & Pacific,2023,216663.0,216754.89825010244
Samoa,WSM,East Asia & Pacific,2024,218019.0,218074.1312577591
Kosovo,XKX,Europe & Central Asia,1970,1249555.0,1274102.8486709753
Kosovo,XKX,Europe & Central Asia,1971,1273021.0,1267915.8866756829
Kosovo,XKX,Europe & Central Asia,1972,1301579.0,1296927.6791829462
Kosovo,XKX,Europe & Central Asia,1973,1331176.0,1331230.5538338576
Kosovo,XKX,Europe & Central Asia,1974,1363123.0,1361034.48321961
Kosovo,XKX,Europe & Central Asia,1975,1397686.0,1388648.8513420671
Kosovo,XKX,Europe & Central Asia,1976,1434880.0,1417570.9402675235
Kosovo,XKX,Europe & Central Asia,1977,1474457.0,1473063.7742153807
Kosovo,XKX,Europe & Central Asia,1978,1516249.0,1506617.8654318105
Kosovo,XKX,Europe & Central Asia,1979,1559787.0,1551706.7506308868
Kosovo,XKX,Europe & Central Asia,1980,1604818.0,1598696.1404458073
Kosovo,XKX,Europe & Central Asia,1981,1646565.0,1646654.1595632448
Kosovo,XKX,Europe & Central Asia,1982,1683166.0,1690077.2227654757
Kosovo,XKX,Europe & Central Asia,1983,1719245.0,1733400.1163623573
Kosovo,XKX,Europe & Central Asia,1984,1756818.0,1756097.3605484096
Kosovo,XKX,Europe & Central Asia,1985,1796018.0,1795212.1338329853
Kosovo,XKX,Europe & Central Asia,1986,1836972.0,1836092.6722512008
Kosovo,XKX,Europe & Central Asia,1987,1880590.0,1882393.4022556234
Kosovo,XKX,Europe & Central Asia,1988,1917882.0,1926134.2288082913
Kosovo,XKX,Europe & Central Asia,1989,1946339.0,1966645.3392753543
Kosovo,XKX,Europe & Central Asia,1990,1973790.0,2000375.427216441
Kosovo,XKX,Europe & Central Asia,1991,2005362.0,2001628.1664916
Kosovo,XKX,Europe & Central Asia,1992,2039723.0,2037439.0136061183
Kosovo,XKX,Europe & Central Asia,1993,2072664.0,2078831.7854350975
Kosovo,XKX,Europe & Central Asia,1994,2105256.0,2111090.647957403
Kosovo,XKX,Europe & Central Asia,1995,2137514.0,2148375.740133705
Kosovo,XKX,Europe & Central Asia,1996,2168753.0,2176623.7824524054
Kosovo,XKX,Europe & Central Asia,1997,2197284.0,2205701.0599428066
Kosovo,XKX,Europe & Central Asia,1998,2078964.0,2226190.3392947167
Kosovo,XKX,Europe & Central Asia,1999,1871524.0,2205897.3469576007
Kosovo,XKX,Europe & Central Asia,2000,1802493.0,1684782.4622248714
Kosovo,XKX,Europe & Central Asia,2001,1820009.0,1781258.7516719182
Kosovo,XKX,Europe & Central Asia,2002,1829462.0,1797106.4188586806
Kosovo,XKX,Europe & Central Asia,2003,1826434.0,1804265.9634521448
Kosovo,XKX,Europe & Central Asia,2004,1822773.0,1733930.4496262057
Kosovo,XKX,Europe & Central Asia,2005,1818354.0,1790796.85069395
Kosovo,XKX,Europe & Central Asia,2006,1813079.0,1783096.777934302
Kosovo,XKX,Europe & Central Asia,2007,1807094.0,1774770.592706574
Kosovo,XKX,Europe & Central Asia,2008,1800858.0,1761047.562201988
Kosovo,XKX,Europe & Central Asia,2009,1794681.0,1798911.782505937
Kosovo,XKX,Europe & Central Asia,2010,1788743.0,1801453.0875551656
Kosovo,XKX,Europe & Central Asia,2011,1791949.0,1788711.5348877094
Kosovo,XKX,Europe & Central Asia,2012,1807126.0,1782799.4366280918
Kosovo,XKX,Europe & Central Asia,2013,1818119.0,1822431.5419437683
Kosovo,XKX,Europe & Central Asia,2014,1812788.0,1829178.8723300493
Kosovo,XKX,Europe & Central Asia,2015,1788274.0,1812170.6022296534
Kosovo,XKX,Europe & Central Asia,2016,1777568.0,1800310.036616434
Kosovo,XKX,Europe & Central Asia,2017,1791019.0,1766926.0935663313
Kosovo,XKX,Europe & Central Asia,2018,1797086.0,1792474.1889279592
Kosovo,XKX,Europe & Central Asia,2019,1788891.0,1793492.3683521647
Kosovo,XKX,Europe & Central Asia,2020,1790151.0,1789838.1181176973
Kosovo,XKX,Europe & Central Asia,2021,1786079.0,1785490.258216048
Kosovo,XKX,Europe & Central Asia,2022,1768096.0,1780266.5949981974
Kosovo,XKX,Europe & Central Asia,2023,1682668.0,1772291.3984632269
Kosovo,XKX,Europe & Central Asia,2024,1594353.0,1601367.5744306166
"Yemen, Rep.",YEM,"Middle East, North Africa, Afghanistan & Pakistan",1970,7065279.0,7066327.986621114
"Yemen, Rep.",YEM,"Middle East, North Africa, Afghanistan & Pakistan",1971,7257462.0,7242233.924783189
"Yemen, Rep.",YEM,"Middle East, North Africa, Afghanistan & Pakistan",1972,7460068.0,7443040.610856222
"Yemen, Rep.",YEM,"Middle East, North Africa, Afghanistan & Pakistan",1973,7672796.0,7655489.784624008
"Yemen, Rep.",YEM,"Middle East, North Africa, Afghanistan & Pakistan",1974,7896783.0,7878302.520657682
"Yemen, Rep.",YEM,"Middle East, North Africa, Afghanistan & Pakistan",1975,8133598.0,8112484.754825231
"Yemen, Rep.",YEM,"Middle East, North Africa, Afghanistan & Pakistan",1976,8384113.0,8360116.1161447475
"Yemen, Rep.",YEM,"Middle East, North Africa, Afghanistan & Pakistan",1977,8648222.0,8642343.867388751
"Yemen, Rep.",YEM,"Middle East, North Africa, Afghanistan & Pakistan",1978,8926586.0,8920002.708670473
"Yemen, Rep.",YEM,"Middle East, North Africa, Afghanistan & Pakistan",1979,9224194.0,9189264.928600317
"Yemen, Rep.",YEM,"Middle East, North Africa, Afghanistan & Pakistan",1980,9543358.0,9501557.491617888
"Yemen, Rep.",YEM,"Middle East, North Africa, Afghanistan & Pakistan",1981,9882362.0,9838164.699942103
"Yemen, Rep.",YEM,"Middle East, North Africa, Afghanistan & Pakistan",1982,10241006.0,10196017.577205056
"Yemen, Rep.",YEM,"Middle East, North Africa, Afghanistan & Pakistan",1983,10621499.0,10574881.99851478
"Yemen, Rep.",YEM,"Middle East, North Africa, Afghanistan & Pakistan",1984,11025597.0,10977170.701592194
"Yemen, Rep.",YEM,"Middle East, North Africa, Afghanistan & Pakistan",1985,11453825.0,11404643.012146546
"Yemen, Rep.",YEM,"Middle East, North Africa, Afghanistan & Pakistan",1986,11901040.0,11857814.804758683
"Yemen, Rep.",YEM,"Middle East, North Africa, Afghanistan & Pakistan",1987,12369912.0,12330639.960344104
"Yemen, Rep.",YEM,"Middle East, North Africa, Afghanistan & Pakistan",1988,12859708.0,12826381.707212131
"Yemen, Rep.",YEM,"Middle East, North Africa, Afghanistan & Pakistan",1989,13364174.0,13343346.185177287
"Yemen, Rep.",YEM,"Middle East, North Africa, Afghanistan & Pakistan",1990,13887862.0,13873662.287855394
"Yemen, Rep.",YEM,"Middle East, North Africa, Afghanistan & Pakistan",1991,14430201.0,14422612.787140734
"Yemen, Rep.",YEM,"Middle East, North Africa, Afghanistan & Pakistan",1992,14989494.0,14984858.294053594
"Yemen, Rep.",YEM,"Middle East, North Africa, Afghanistan & Pakistan",1993,15563914.0,15578700.189517101
"Yemen, Rep.",YEM,"Middle East, North Africa, Afghanistan & Pakistan",1994,16149147.0,16160426.376895657
"Yemen, Rep.",YEM,"Middle East, North Africa, Afghanistan & Pakistan",1995,16740058.0,16756525.332390983
"Yemen, Rep.",YEM,"Middle East, North Africa, Afghanistan & Pakistan",1996,17313177.0,17356525.06161005
"Yemen, Rep.",YEM,"Middle East, North Africa, Afghanistan & Pakistan",1997,17873936.0,17908258.283173777
"Yemen, Rep.",YEM,"Middle East, North Africa, Afghanistan & Pakistan",1998,18446013.0,18452857.505401935
"Yemen, Rep.",YEM,"Middle East, North Africa, Afghanistan & Pakistan",1999,19029420.0,19036400.018034503
"Yemen, Rep.",YEM,"Middle East, North Africa, Afghanistan & Pakistan",2000,19624141.0,19707179.144806936
"Yemen, Rep.",YEM,"Middle East, North Africa, Afghanistan & Pakistan",2001,20226147.0,20306044.68595564
"Yemen, Rep.",YEM,"Middle East, North Africa, Afghanistan & Pakistan",2002,20835086.0,20910870.23466841
"Yemen, Rep.",YEM,"Middle East, North Africa, Afghanistan & Pakistan",2003,21456379.0,21521391.0414827
"Yemen, Rep.",YEM,"Middle East, North Africa, Afghanistan & Pakistan",2004,22095167.0,22150496.540941045
"Yemen, Rep.",YEM,"Middle East, North Africa, Afghanistan & Pakistan",2005,22790085.0,22788882.95433479
"Yemen, Rep.",YEM,"Middle East, North Africa, Afghanistan & Pakistan",2006,23543083.0,23496752.73773681
"Yemen, Rep.",YEM,"Middle East, North Africa, Afghanistan & Pakistan",2007,24318082.0,24237735.977670945
"Yemen, Rep.",YEM,"Middle East, North Africa, Afghanistan & Pakistan",2008,25111941.0,25118592.674350206
"Yemen, Rep.",YEM,"Middle East, North Africa, Afghanistan & Pakistan",2009,25927724.0,25931715.3710491
"Yemen, Rep.",YEM,"Middle East, North Africa, Afghanistan & Pakistan",2010,26754387.0,26770860.071278483
"Yemen, Rep.",YEM,"Middle East, North Africa, Afghanistan & Pakistan",2011,27582897.0,27598953.900176242
"Yemen, Rep.",YEM,"Middle East, North Africa, Afghanistan & Pakistan",2012,28433647.0,28468422.828751948
"Yemen, Rep.",YEM,"Middle East, North Africa, Afghanistan & Pakistan",2013,29312952.0,29384380.37079604
"Yemen, Rep.",YEM,"Middle East, North Africa, Afghanistan & Pakistan",2014,30226309.0,30219392.824383173
"Yemen, Rep.",YEM,"Middle East, North Africa, Afghanistan & Pakistan",2015,31159379.0,31189836.593998797
"Yemen, Rep.",YEM,"Middle East, North Africa, Afghanistan & Pakistan",2016,32109010.0,32145140.766778734
"Yemen, Rep.",YEM,"Middle East, North Africa, Afghanistan & Pakistan",2017,33090921.0,33116126.483080596
"Yemen, Rep.",YEM,"Middle East, North Africa, Afghanistan & Pakistan",2018,34085182.0,34146983.95148734
"Yemen, Rep.",YEM,"Middle East, North Africa, Afghanistan & Pakistan",2019,35111408.0,35168559.64764924
"Yemen, Rep.",YEM,"Middle East, North Africa, Afghanistan & Pakistan",2020,36134863.0,36167944.64168224
"Yemen, Rep.",YEM,"Middle East, North Africa, Afghanistan & Pakistan",2021,37140230.0,37197573.91147472
"Yemen, Rep.",YEM,"Middle East, North Africa, Afghanistan & Pakistan",2022,38222876.0,38187995.27449916
"Yemen, Rep.",YEM,"Middle East, North Africa, Afghanistan & Pakistan",2023,39390799.0,39366971.20097979
"Yemen, Rep.",YEM,"Middle East, North Africa, Afghanistan & Pakistan",2024,40583164.0,40566896.85041101
South Africa,ZAF,Sub-Saharan Africa ,1970,22279984.0,22261124.46495959
South Africa,ZAF,Sub-Saharan Africa ,1971,22942143.0,22974792.417742677
South Africa,ZAF,Sub-Saharan Africa ,1972,23609456.0,23624279.435516577
South Africa,ZAF,Sub-Saharan Africa ,1973,24294263.0,24296280.989709336
South Africa,ZAF,Sub-Saharan Africa ,1974,24989108.0,24998667.866853386
South Africa,ZAF,Sub-Saharan Africa ,1975,25690940.0,25703826.399092928
South Africa,ZAF,Sub-Saharan Africa ,1976,26395450.0,26461893.080700837
South Africa,ZAF,Sub-Saharan Africa ,1977,27118952.0,27175047.054489955
South Africa,ZAF,Sub-Saharan Africa ,1978,27869507.0,27906772.268817823
South Africa,ZAF,Sub-Saharan Africa ,1979,28634162.0,28667905.91362726
South Africa,ZAF,Sub-Saharan Africa ,1980,29518857.0,29443798.32228892
South Africa,ZAF,Sub-Saharan Africa ,1981,30541044.0,30313847.651798084
South Africa,ZAF,Sub-Saharan Africa ,1982,31615339.0,31598627.565626625
South Africa,ZAF,Sub-Saharan Africa ,1983,32739304.0,32727422.812236432
South Africa,ZAF,Sub-Saharan Africa ,1984,33892788.0,33903227.366800174
South Africa,ZAF,Sub-Saharan Africa ,1985,35042093.0,34952399.307622895
South Africa,ZAF,Sub-Saharan Africa ,1986,36180515.0,36162921.68546691
South Africa,ZAF,Sub-Saharan Africa ,1987,37326190.0,37358382.57295456
South Africa,ZAF,Sub-Saharan Africa ,1988,38480649.0,38628117.59665449
South Africa,ZAF,Sub-Saharan Africa ,1989,39628575.0,39674090.22997099
South Africa,ZAF,Sub-Saharan Africa ,1990,40746268.0,40810745.07315891
South Africa,ZAF,Sub-Saharan Africa ,1991,41687898.0,41895484.66021859
South Africa,ZAF,Sub-Saharan Africa ,1992,42443509.0,42988883.72051323
South Africa,ZAF,Sub-Saharan Africa ,1993,43297156.0,43212815.77912655
South Africa,ZAF,Sub-Saharan Africa ,1994,44004139.0,44167972.00694521
South Africa,ZAF,Sub-Saharan Africa ,1995,44541554.0,45131815.26425002
South Africa,ZAF,Sub-Saharan Africa ,1996,45123018.0,45582448.751480035
South Africa,ZAF,Sub-Saharan Africa ,1997,45666838.0,46084190.62094042
South Africa,ZAF,Sub-Saharan Africa ,1998,46223880.0,46543924.44826256
South Africa,ZAF,Sub-Saharan Africa ,1999,46730335.0,47021350.39378691
South Africa,ZAF,Sub-Saharan Africa ,2000,47159719.0,47447267.1510707
South Africa,ZAF,Sub-Saharan Africa ,2001,47566800.0,47810392.90806971
South Africa,ZAF,Sub-Saharan Africa ,2002,48019415.0,48442282.4071064
South Africa,ZAF,Sub-Saharan Africa ,2003,48500348.0,48574829.97617146
South Africa,ZAF,Sub-Saharan Africa ,2004,48991421.0,49027470.29537907
South Africa,ZAF,Sub-Saharan Africa ,2005,49490033.0,49512692.73039424
South Africa,ZAF,Sub-Saharan Africa ,2006,49998277.0,50009973.19548853
South Africa,ZAF,Sub-Saharan Africa ,2007,50528584.0,50474162.346989214
South Africa,ZAF,Sub-Saharan Africa ,2008,51114599.0,51030584.1004769
South Africa,ZAF,Sub-Saharan Africa ,2009,51728516.0,51626027.56383667
South Africa,ZAF,Sub-Saharan Africa ,2010,52344051.0,52262295.72991579
South Africa,ZAF,Sub-Saharan Africa ,2011,52995205.0,52903312.662878156
South Africa,ZAF,Sub-Saharan Africa ,2012,53782567.0,53637714.90379157
South Africa,ZAF,Sub-Saharan Africa ,2013,54678791.0,54581627.013691954
South Africa,ZAF,Sub-Saharan Africa ,2014,55594838.0,55577369.97938079
South Africa,ZAF,Sub-Saharan Africa ,2015,56723537.0,56526231.75805041
South Africa,ZAF,Sub-Saharan Africa ,2016,57259551.0,57875151.093945205
South Africa,ZAF,Sub-Saharan Africa ,2017,57635162.0,58081841.12991866
South Africa,ZAF,Sub-Saharan Africa ,2018,58613001.0,58773016.16248031
South Africa,ZAF,Sub-Saharan Africa ,2019,59587885.0,59600324.771150604
South Africa,ZAF,Sub-Saharan Africa ,2020,60562381.0,60478233.549886055
South Africa,ZAF,Sub-Saharan Africa ,2021,61502603.0,61381755.562915154
South Africa,ZAF,Sub-Saharan Africa ,2022,62378410.0,62283827.70657499
South Africa,ZAF,Sub-Saharan Africa ,2023,63212384.0,63178003.76420706
South Africa,ZAF,Sub-Saharan Africa ,2024,64007187.0,64072699.77646709
Zambia,ZMB,Sub-Saharan Africa ,1970,4321718.0,4332541.35845497
Zambia,ZMB,Sub-Saharan Africa ,1971,4442525.0,4467353.720401231
Zambia,ZMB,Sub-Saharan Africa ,1972,4569309.0,4566708.9746143995
Zambia,ZMB,Sub-Saharan Africa ,1973,4702693.0,4699711.253493295
Zambia,ZMB,Sub-Saharan Africa ,1974,4842746.0,4839239.75526498
Zambia,ZMB,Sub-Saharan Africa ,1975,4990086.0,4990961.600770762
Zambia,ZMB,Sub-Saharan Africa ,1976,5143842.0,5141649.115601755
Zambia,ZMB,Sub-Saharan Africa ,1977,5302480.0,5293803.752855385
Zambia,ZMB,Sub-Saharan Africa ,1978,5465374.0,5461270.811229888
Zambia,ZMB,Sub-Saharan Africa ,1979,5631728.0,5633282.915705725
Zambia,ZMB,Sub-Saharan Africa ,1980,5802833.0,5799852.705161306
Zambia,ZMB,Sub-Saharan Africa ,1981,5983289.0,5974672.362713714
Zambia,ZMB,Sub-Saharan Africa ,1982,6178637.0,6162331.410331344
Zambia,ZMB,Sub-Saharan Africa ,1983,6381038.0,6359094.141878415
Zambia,ZMB,Sub-Saharan Africa ,1984,6580490.0,6589987.30650906
Zambia,ZMB,Sub-Saharan Africa ,1985,6780953.0,6785912.206754122
Zambia,ZMB,Sub-Saharan Africa ,1986,6986471.0,6992398.350860404
Zambia,ZMB,Sub-Saharan Africa ,1987,7191282.0,7203915.599113453
Zambia,ZMB,Sub-Saharan Africa ,1988,7391440.0,7402097.111064611
Zambia,ZMB,Sub-Saharan Africa ,1989,7589216.0,7597169.082833056
Zambia,ZMB,Sub-Saharan Africa ,1990,7786169.0,7792283.979321517
Zambia,ZMB,Sub-Saharan Africa ,1991,7981650.0,8017380.614649428
Zambia,ZMB,Sub-Saharan Africa ,1992,8176680.0,8211987.799406119
Zambia,ZMB,Sub-Saharan Africa ,1993,8373921.0,8405074.219692748
Zambia,ZMB,Sub-Saharan Africa ,1994,8576269.0,8601198.257509777
Zambia,ZMB,Sub-Saharan Africa ,1995,8785763.0,8803041.006978557
Zambia,ZMB,Sub-Saharan Africa ,1996,9004053.0,9012663.1306678
Zambia,ZMB,Sub-Saharan Africa ,1997,9237063.0,9231904.546921158
Zambia,ZMB,Sub-Saharan Africa ,1998,9482408.0,9463732.22294345
Zambia,ZMB,Sub-Saharan Africa ,1999,9740005.0,9734269.59165907
Zambia,ZMB,Sub-Saharan Africa ,2000,10017631.0,10004545.013910662
Zambia,ZMB,Sub-Saharan Africa ,2001,10325185.0,10303170.362561647
Zambia,ZMB,Sub-Saharan Africa ,2002,10647949.0,10642181.297765987
Zambia,ZMB,Sub-Saharan Africa ,2003,10983595.0,10980802.56261367
Zambia,ZMB,Sub-Saharan Africa ,2004,11338198.0,11289723.21115383
Zambia,ZMB,Sub-Saharan Africa ,2005,11718819.0,11664113.021828808
Zambia,ZMB,Sub-Saharan Africa ,2006,12129553.0,12067020.07681505
Zambia,ZMB,Sub-Saharan Africa ,2007,12565085.0,12502289.216209272
Zambia,ZMB,Sub-Saharan Africa ,2008,13021324.0,12964258.846109603
Zambia,ZMB,Sub-Saharan Africa ,2009,13490389.0,13448240.96541743
Zambia,ZMB,Sub-Saharan Africa ,2010,13965594.0,13944007.687631672
Zambia,ZMB,Sub-Saharan Africa ,2011,14437796.0,14442180.066599987
Zambia,ZMB,Sub-Saharan Africa ,2012,14913629.0,14934634.498209296
Zambia,ZMB,Sub-Saharan Africa ,2013,15398997.0,15458656.696008384
Zambia,ZMB,Sub-Saharan Africa ,2014,15895315.0,15900161.430012697
Zambia,ZMB,Sub-Saharan Africa ,2015,16399089.0,16407742.019044748
Zambia,ZMB,Sub-Saharan Africa ,2016,16914423.0,16958111.14088281
Zambia,ZMB,Sub-Saharan Africa ,2017,17441320.0,17482388.132112104
Zambia,ZMB,Sub-Saharan Africa ,2018,17973569.0,18017127.637288675
Zambia,ZMB,Sub-Saharan Africa ,2019,18513839.0,18556735.56528992
Zambia,ZMB,Sub-Saharan Africa ,2020,19059395.0,19103114.458576094
Zambia,ZMB,Sub-Saharan Africa ,2021,19603607.0,19656662.900652446
Zambia,ZMB,Sub-Saharan Africa ,2022,20152938.0,20208571.023618743
Zambia,ZMB,Sub-Saharan Africa ,2023,20723965.0,20764485.41504358
Zambia,ZMB,Sub-Saharan Africa ,2024,21314956.0,21344032.172599524
Zimbabwe,ZWE,Sub-Saharan Africa ,1970,5215918.0,5219341.83870079
Zimbabwe,ZWE,Sub-Saharan Africa ,1971,5374712.0,5385308.969267958
Zimbabwe,ZWE,Sub-Saharan Africa ,1972,5542445.0,5538374.196364266
Zimbabwe,ZWE,Sub-Saharan Africa ,1973,5720404.0,5714692.51106474
Zimbabwe,ZWE,Sub-Saharan Africa ,1974,5908328.0,5901668.235896226
Zimbabwe,ZWE,Sub-Saharan Africa ,1975,6098658.0,6091261.527591022
Zimbabwe,ZWE,Sub-Saharan Africa ,1976,6287105.0,6295199.463667539
Zimbabwe,ZWE,Sub-Saharan Africa ,1977,6449512.0,6486286.442495364
Zimbabwe,ZWE,Sub-Saharan Africa ,1978,6543575.0,6675512.804786765
Zimbabwe,ZWE,Sub-Saharan Africa ,1979,6647556.0,6639009.865953118
Zimbabwe,ZWE,Sub-Saharan Africa ,1980,7041303.0,6753189.313690956
Zimbabwe,ZWE,Sub-Saharan Africa ,1981,7498635.0,7175010.34295555
Zimbabwe,ZWE,Sub-Saharan Africa ,1982,7796496.0,7985670.675540806
Zimbabwe,ZWE,Sub-Saharan Africa ,1983,8098404.0,8069393.177839395
Zimbabwe,ZWE,Sub-Saharan Africa ,1984,8391488.0,8387150.290485219
Zimbabwe,ZWE,Sub-Saharan Africa ,1985,8686813.0,8694397.264606442
Zimbabwe,ZWE,Sub-Saharan Africa ,1986,8982578.0,9021333.637058169
Zimbabwe,ZWE,Sub-Saharan Africa ,1987,9284644.0,9420587.184517955
Zimbabwe,ZWE,Sub-Saharan Africa ,1988,9583094.0,9800695.33732697
Zimbabwe,ZWE,Sub-Saharan Africa ,1989,9864798.0,9980563.182402099
Zimbabwe,ZWE,Sub-Saharan Africa ,1990,10137281.0,10343668.546548743
Zimbabwe,ZWE,Sub-Saharan Africa ,1991,10404816.0,10482630.791322479
Zimbabwe,ZWE,Sub-Saharan Africa ,1992,10702700.0,10743864.10976178
Zimbabwe,ZWE,Sub-Saharan Africa ,1993,10860288.0,11039461.382621627
Zimbabwe,ZWE,Sub-Saharan Africa ,1994,10873148.0,11175991.09879932
Zimbabwe,ZWE,Sub-Saharan Africa ,1995,10974599.0,10886023.23224975
Zimbabwe,ZWE,Sub-Saharan Africa ,1996,11158360.0,11076996.573858846
Zimbabwe,ZWE,Sub-Saharan Africa ,1997,11369827.0,11388615.505583245
Zimbabwe,ZWE,Sub-Saharan Africa ,1998,11594297.0,11587870.445176678
Zimbabwe,ZWE,Sub-Saharan Africa ,1999,11783458.0,11804282.4458944
Zimbabwe,ZWE,Sub-Saharan Africa ,2000,11892055.0,11930930.518344998
Zimbabwe,ZWE,Sub-Saharan Africa ,2001,11971901.0,12061760.43119913
Zimbabwe,ZWE,Sub-Saharan Africa ,2002,12087653.0,12121904.741355022
Zimbabwe,ZWE,Sub-Saharan Africa ,2003,12232323.0,12327795.855596974
Zimbabwe,ZWE,Sub-Saharan Africa ,2004,12365896.0,12378724.469311312
Zimbabwe,ZWE,Sub-Saharan Africa ,2005,12483432.0,12530985.998233639
Zimbabwe,ZWE,Sub-Saharan Africa ,2006,12636445.0,12640049.469020074
Zimbabwe,ZWE,Sub-Saharan Africa ,2007,12804058.0,12781232.019770166
Zimbabwe,ZWE,Sub-Saharan Africa ,2008,12959149.0,12904417.121567603
Zimbabwe,ZWE,Sub-Saharan Africa ,2009,13142790.0,13096721.834386636
Zimbabwe,ZWE,Sub-Saharan Africa ,2010,13356548.0,13242895.946193688
Zimbabwe,ZWE,Sub-Saharan Africa ,2011,13595424.0,13519964.105823675
Zimbabwe,ZWE,Sub-Saharan Africa ,2012,13817887.0,13838572.191878641
Zimbabwe,ZWE,Sub-Saharan Africa ,2013,14013808.0,14006298.132366844
Zimbabwe,ZWE,Sub-Saharan Africa ,2014,14207359.0,14209983.744023982
Zimbabwe,ZWE,Sub-Saharan Africa ,2015,14399013.0,14413065.825062037
Zimbabwe,ZWE,Sub-Saharan Africa ,2016,14600294.0,14609539.713480834
Zimbabwe,ZWE,Sub-Saharan Africa ,2017,14812482.0,14815008.174156835
Zimbabwe,ZWE,Sub-Saharan Africa ,2018,15034452.0,15027753.755954398
Zimbabwe,ZWE,Sub-Saharan Africa ,2019,15271368.0,15260766.690978743
Zimbabwe,ZWE,Sub-Saharan Africa ,2020,15526888.0,15486182.952959104
Zimbabwe,ZWE,Sub-Saharan Africa ,2021,15797210.0,15786683.351285312
Zimbabwe,ZWE,Sub-Saharan Africa ,2022,16069056.0,16072238.286270041
Zimbabwe,ZWE,Sub-Saharan Africa ,2023,16340822.0,16315115.300550822
Zimbabwe,ZWE,Sub-Saharan Africa ,2024,16634373.0,16596736.37234802
